0 0.000000 0.000000 0.000000 0.000000 0.000000 0.000000 0.000000 0.000000 0.000000 0.000000 0.000000 0.000000 0.000000 1.000000 1.000000 0.500000 0.000000 0.000000 0 
1 0.000000 0.000000 0.000000 0.000000 0.000000 0.000000 0.000000 0.000000 0.000000 0.000000 0.000000 0.000000 0.000000 1.000000 1.000000 0.500000 0.000000 0.000000 0 
2 0.000000 0.000000 0.000000 0.000000 0.000000 0.000000 0.000000 0.000000 0.000000 0.000000 0.000000 0.000000 0.000000 1.000000 1.000000 0.500000 0.000000 0.000000 0 
3 0.000000 0.000000 0.000000 0.000000 0.000000 0.000000 0.000000 0.000000 0.000000 0.000000 0.000000 0.000000 0.000000 1.000000 1.000000 0.500000 0.000000 0.000000 0 
4 0.000000 0.000000 0.000000 0.000000 0.000000 0.000000 0.000000 0.000000 0.000000 0.000000 0.000000 0.000000 0.000000 1.000000 1.000000 0.500000 0.000000 0.000000 0 
5 0.000000 0.000000 0.000000 0.000000 0.000000 0.000000 0.000000 0.000000 0.000000 0.000000 0.000000 0.000000 0.000000 1.000000 1.000000 0.500000 0.000000 0.000000 0 
6 0.000000 0.000000 0.000000 0.000000 0.000000 0.000000 0.000000 0.000000 0.000000 0.000000 0.000000 0.000000 0.000000 1.000000 1.000000 0.500000 0.000000 0.000000 0 
7 0.000000 0.000000 0.000000 0.000000 0.000000 0.000000 0.000000 0.000000 0.000000 0.000000 0.000000 0.000000 0.000000 1.000000 1.000000 0.500000 0.000000 0.000000 0 
8 0.000000 0.000000 0.000000 0.000000 0.000000 0.000000 0.000000 0.000000 0.000000 0.000000 0.000000 0.000000 0.000000 1.000000 1.000000 0.500000 0.000000 0.000000 0 
9 0.000000 0.000000 0.000000 0.000000 0.000000 0.000000 0.000000 0.000000 0.000000 0.000000 0.000000 0.000000 0.000000 1.000000 1.000000 0.500000 0.000000 0.000000 0 
10 0.000000 0.000000 0.000000 0.000000 0.000000 0.000000 0.000000 0.000000 0.000000 0.000000 0.000000 0.000000 0.000000 1.000000 1.000000 0.500000 0.000000 0.000000 0 
11 0.000000 0.000000 0.000000 0.000000 0.000000 0.000000 0.000000 0.000000 0.000000 0.000000 0.000000 0.000000 0.000000 1.000000 1.000000 0.500000 0.000000 0.000000 0 
12 0.000000 0.000000 0.000000 0.000000 0.000000 0.000000 0.000000 0.000000 0.000000 0.000000 0.000000 0.000000 0.000000 1.000000 1.000000 0.500000 0.000000 0.000000 0 
13 0.000000 0.000000 0.000000 0.000000 0.000000 0.000000 0.000000 0.000000 0.000000 0.000000 0.000000 0.000000 0.000000 1.000000 1.000000 0.500000 0.000000 0.000000 0 
14 0.000000 0.000000 0.000000 0.000000 0.000000 0.000000 0.000000 0.000000 0.000000 0.000000 0.000000 0.000000 0.000000 1.000000 1.000000 0.500000 0.000000 0.000000 0 
15 0.000000 0.000000 0.000000 0.000000 0.000000 0.000000 0.000000 0.000000 0.000000 0.000000 0.000000 0.000000 0.000000 1.000000 1.000000 0.500000 0.000000 0.000000 0 
16 0.000000 0.000000 0.000000 0.000000 0.000000 0.000000 0.000000 0.000000 0.000000 0.000000 0.000000 0.000000 0.000000 1.000000 1.000000 0.500000 0.000000 0.000000 0 
17 0.000000 0.000000 0.000000 0.000000 0.000000 0.000000 0.000000 0.000000 0.000000 0.000000 0.000000 0.000000 0.000000 1.000000 1.000000 0.500000 0.000000 0.000000 0 
18 0.000000 0.000000 0.000000 0.000000 0.000000 0.000000 0.000000 0.000000 0.000000 0.000000 0.000000 0.000000 0.000000 1.000000 1.000000 0.500000 0.000000 0.000000 0 
19 0.000000 0.000000 0.000000 0.000000 0.000000 0.000000 0.000000 0.000000 0.000000 0.000000 0.000000 0.000000 0.000000 1.000000 1.000000 0.500000 0.000000 0.000000 0 
20 0.000000 0.000000 0.000000 0.000000 0.000000 0.000000 0.000000 0.000000 0.000000 0.000000 0.000000 0.000000 0.000000 1.000000 1.000000 0.500000 0.000000 0.000000 0 
21 0.000000 0.000000 0.000000 0.000000 0.000000 0.000000 0.000000 0.000000 0.000000 0.000000 0.000000 0.000000 0.000000 1.000000 1.000000 0.500000 0.000000 0.000000 0 
22 0.000000 0.000000 0.000000 0.000000 0.000000 0.000000 0.000000 0.000000 0.000000 0.000000 0.000000 0.000000 0.000000 1.000000 1.000000 0.500000 0.000000 0.000000 0 
23 0.000000 0.000000 0.000000 0.000000 0.000000 0.000000 0.000000 0.000000 0.000000 0.000000 0.000000 0.000000 0.000000 1.000000 1.000000 0.500000 0.000000 0.000000 0 
24 0.000000 0.000000 0.000000 0.000000 0.000000 0.000000 0.000000 0.000000 0.000000 0.000000 0.000000 0.000000 0.000000 1.000000 1.000000 0.500000 0.000000 0.000000 0 
25 0.000000 0.000000 0.000000 0.000000 0.000000 0.000000 0.000000 0.000000 0.000000 0.000000 0.000000 0.000000 0.000000 1.000000 1.000000 0.500000 0.000000 0.000000 0 
26 0.000000 0.000000 0.000000 0.000000 0.000000 0.000000 0.000000 0.000000 0.000000 0.000000 0.000000 0.000000 0.000000 1.000000 1.000000 0.500000 0.000000 0.000000 0 
27 0.000000 0.000000 0.000000 0.000000 0.000000 0.000000 0.000000 0.000000 0.000000 0.000000 0.000000 0.000000 0.000000 1.000000 1.000000 0.500000 0.000000 0.000000 0 
28 0.000000 0.000000 0.000000 0.000000 0.000000 0.000000 0.000000 0.000000 0.000000 0.000000 0.000000 0.000000 0.000000 1.000000 1.000000 0.500000 0.000000 0.000000 0 
29 0.000000 0.000000 0.000000 0.000000 0.000000 0.000000 0.000000 0.000000 0.000000 0.000000 0.000000 0.000000 0.000000 1.000000 1.000000 0.500000 0.000000 0.000000 0 
30 0.000000 0.000000 0.000000 0.000000 0.000000 0.000000 0.000000 0.000000 0.000000 0.000000 0.000000 0.000000 0.000000 1.000000 1.000000 0.500000 0.000000 0.000000 0 
31 0.000000 0.000000 0.000000 0.000000 0.000000 0.000000 0.000000 0.000000 0.000000 0.000000 0.000000 0.000000 0.000000 1.000000 1.000000 0.500000 0.000000 0.000000 0 
32 0.000000 0.000000 0.000000 0.000000 0.000000 0.000000 0.000000 0.000000 0.000000 0.000000 0.000000 0.000000 0.000000 1.000000 1.000000 0.500000 0.000000 0.000000 0 
33 0.000000 0.000000 0.000000 0.000000 0.000000 0.000000 0.000000 0.000000 0.000000 0.000000 0.000000 0.000000 0.000000 1.000000 1.000000 0.500000 0.000000 0.000000 0 
34 0.000000 0.000000 0.000000 0.000000 0.000000 0.000000 0.000000 0.000000 0.000000 0.000000 0.000000 0.000000 0.000000 1.000000 1.000000 0.500000 0.000000 0.000000 0 
35 0.000000 0.000000 0.000000 0.000000 0.000000 0.000000 0.000000 0.000000 0.000000 0.000000 0.000000 0.000000 0.000000 1.000000 1.000000 0.500000 0.000000 0.000000 0 
36 0.000000 0.000000 0.000000 0.000000 0.000000 0.000000 0.000000 0.000000 0.000000 0.000000 0.000000 0.000000 0.000000 1.000000 1.000000 0.500000 0.000000 0.000000 0 
37 0.000000 0.000000 0.000000 0.000000 0.000000 0.000000 0.000000 0.000000 0.000000 0.000000 0.000000 0.000000 0.000000 1.000000 1.000000 0.500000 0.000000 0.000000 0 
38 0.000000 0.000000 0.000000 0.000000 0.000000 0.000000 0.000000 0.000000 0.000000 0.000000 0.000000 0.000000 0.000000 1.000000 1.000000 0.500000 0.000000 0.000000 0 
39 0.000000 0.000000 0.000000 0.000000 0.000000 0.000000 0.000000 0.000000 0.000000 0.000000 0.000000 0.000000 0.000000 1.000000 1.000000 0.500000 0.000000 0.000000 0 
40 0.000000 0.000000 0.000000 0.000000 0.000000 0.000000 0.000000 0.000000 0.000000 0.000000 0.000000 0.000000 0.000000 1.000000 1.000000 0.500000 0.000000 0.000000 0 
41 0.000000 0.000000 0.000000 0.000000 0.000000 0.000000 0.000000 0.000000 0.000000 0.000000 0.000000 0.000000 0.000000 1.000000 1.000000 0.500000 0.000000 0.000000 0 
42 0.000000 0.000000 0.000000 0.000000 0.000000 0.000000 0.000000 0.000000 0.000000 0.000000 0.000000 0.000000 0.000000 1.000000 1.000000 0.500000 0.000000 0.000000 0 
43 0.000000 0.000000 0.000000 0.000000 0.000000 0.000000 0.000000 0.000000 0.000000 0.000000 0.000000 0.000000 0.000000 1.000000 1.000000 0.500000 0.000000 0.000000 0 
44 0.000000 0.000000 0.000000 0.000000 0.000000 0.000000 0.000000 0.000000 0.000000 0.000000 0.000000 0.000000 0.000000 1.000000 1.000000 0.500000 0.000000 0.000000 0 
45 0.000000 0.000000 0.000000 0.000000 0.000000 0.000000 0.000000 0.000000 0.000000 0.000000 0.000000 0.000000 0.000000 1.000000 1.000000 0.500000 0.000000 0.000000 0 
46 0.000000 0.000000 0.000000 0.000000 0.000000 0.000000 0.000000 0.000000 0.000000 0.000000 0.000000 0.000000 0.000000 1.000000 1.000000 0.500000 0.000000 0.000000 0 
47 0.000000 0.000000 0.000000 0.000000 0.000000 0.000000 0.000000 0.000000 0.000000 0.000000 0.000000 0.000000 0.000000 1.000000 1.000000 0.500000 0.000000 0.000000 0 
48 0.000000 0.000000 0.000000 0.000000 0.000000 0.000000 0.000000 0.000000 0.000000 0.000000 0.000000 0.000000 0.000000 1.000000 1.000000 0.500000 0.000000 0.000000 0 
49 0.000000 0.000000 0.000000 0.000000 0.000000 0.000000 0.000000 0.000000 0.000000 0.000000 0.000000 0.000000 0.000000 1.000000 1.000000 0.500000 0.000000 0.000000 0 
50 0.000000 0.000000 0.000000 0.000000 0.000000 0.000000 0.000000 0.000000 0.000000 0.000000 0.000000 0.000000 0.000000 1.000000 1.000000 0.500000 0.000000 0.000000 0 
51 0.000000 0.000000 0.000000 0.000000 0.000000 0.000000 0.000000 0.000000 0.000000 0.000000 0.000000 0.000000 0.000000 1.000000 1.000000 0.500000 0.000000 0.000000 0 
52 0.000000 0.000000 0.000000 0.000000 0.000000 0.000000 0.000000 0.000000 0.000000 0.000000 0.000000 0.000000 0.000000 1.000000 1.000000 0.500000 0.000000 0.000000 0 
53 0.000000 0.000000 0.000000 0.000000 0.000000 0.000000 0.000000 0.000000 0.000000 0.000000 0.000000 0.000000 0.000000 1.000000 1.000000 0.500000 0.000000 0.000000 0 
54 0.000000 0.000000 0.000000 0.000000 0.000000 0.000000 0.000000 0.000000 0.000000 0.000000 0.000000 0.000000 0.000000 1.000000 1.000000 0.500000 0.000000 0.000000 0 
55 0.000000 0.000000 0.000000 0.000000 0.000000 0.000000 0.000000 0.000000 0.000000 0.000000 0.000000 0.000000 0.000000 1.000000 1.000000 0.500000 0.000000 0.000000 0 
56 0.000000 0.000000 0.000000 0.000000 0.000000 0.000000 0.000000 0.000000 0.000000 0.000000 0.000000 0.000000 0.000000 1.000000 1.000000 0.500000 0.000000 0.000000 0 
57 0.000000 0.000000 0.000000 0.000000 0.000000 0.000000 0.000000 0.000000 0.000000 0.000000 0.000000 0.000000 0.000000 1.000000 1.000000 0.500000 0.000000 0.000000 0 
58 0.000000 0.000000 0.000000 0.000000 0.000000 0.000000 0.000000 0.000000 0.000000 0.000000 0.000000 0.000000 0.000000 1.000000 1.000000 0.500000 0.000000 0.000000 0 
59 0.000000 0.000000 0.000000 0.000000 0.000000 0.000000 0.000000 0.000000 0.000000 0.000000 0.000000 0.000000 0.000000 1.000000 1.000000 0.500000 0.000000 0.000000 0 
60 0.000000 0.000000 0.000000 0.000000 0.000000 0.000000 0.000000 0.000000 0.000000 0.000000 0.000000 0.000000 0.000000 1.000000 1.000000 0.500000 0.000000 0.000000 0 
61 0.000000 0.000000 0.000000 0.000000 0.000000 0.000000 0.000000 0.000000 0.000000 0.000000 0.000000 0.000000 0.000000 1.000000 1.000000 0.500000 0.000000 0.000000 0 
62 0.000000 0.000000 0.000000 0.000000 0.000000 0.000000 0.000000 0.000000 0.000000 0.000000 0.000000 0.000000 0.000000 1.000000 1.000000 0.500000 0.000000 0.000000 0 
63 0.000000 0.000000 0.000000 0.000000 0.000000 0.000000 0.000000 0.000000 0.000000 0.000000 0.000000 0.000000 0.000000 1.000000 1.000000 0.500000 0.000000 0.000000 0 
64 0.000000 0.000000 0.000000 0.000000 0.000000 0.000000 0.000000 0.000000 0.000000 0.000000 0.000000 0.000000 0.000000 1.000000 1.000000 0.500000 0.000000 0.000000 0 
65 0.000000 0.000000 0.000000 0.000000 0.000000 0.000000 0.000000 0.000000 0.000000 0.000000 0.000000 0.000000 0.000000 1.000000 1.000000 0.500000 0.000000 0.000000 0 
66 0.000000 0.000000 0.000000 0.000000 0.000000 0.000000 0.000000 0.000000 0.000000 0.000000 0.000000 0.000000 0.000000 1.000000 1.000000 0.500000 0.000000 0.000000 0 
67 0.000000 0.000000 0.000000 0.000000 0.000000 0.000000 0.000000 0.000000 0.000000 0.000000 0.000000 0.000000 0.000000 1.000000 1.000000 0.500000 0.000000 0.000000 0 
68 0.000000 0.000000 0.000000 0.000000 0.000000 0.000000 0.000000 0.000000 0.000000 0.000000 0.000000 0.000000 0.000000 1.000000 1.000000 0.500000 0.000000 0.000000 0 
69 0.000000 0.000000 0.000000 0.000000 0.000000 0.000000 0.000000 0.000000 0.000000 0.000000 0.000000 0.000000 0.000000 1.000000 1.000000 0.500000 0.000000 0.000000 0 
70 0.000000 0.000000 0.000000 0.000000 0.000000 0.000000 0.000000 0.000000 0.000000 0.000000 0.000000 0.000000 0.000000 1.000000 1.000000 0.500000 0.000000 0.000000 0 
71 0.000000 0.000000 0.000000 0.000000 0.000000 0.000000 0.000000 0.000000 0.000000 0.000000 0.000000 0.000000 0.000000 1.000000 1.000000 0.500000 0.000000 0.000000 0 
72 0.000000 0.000000 0.000000 0.000000 0.000000 0.000000 0.000000 0.000000 0.000000 0.000000 0.000000 0.000000 0.000000 1.000000 1.000000 0.500000 0.000000 0.000000 0 
73 0.000000 0.000000 0.000000 0.000000 0.000000 0.000000 0.000000 0.000000 0.000000 0.000000 0.000000 0.000000 0.000000 1.000000 1.000000 0.500000 0.000000 0.000000 0 
74 0.000000 0.000000 0.000000 0.000000 0.000000 0.000000 0.000000 0.000000 0.000000 0.000000 0.000000 0.000000 0.000000 1.000000 1.000000 0.500000 0.000000 0.000000 0 
75 0.000000 0.000000 0.000000 0.000000 0.000000 0.000000 0.000000 0.000000 0.000000 0.000000 0.000000 0.000000 0.000000 1.000000 1.000000 0.500000 0.000000 0.000000 0 
76 0.000000 0.000000 0.000000 0.000000 0.000000 0.000000 0.000000 0.000000 0.000000 0.000000 0.000000 0.000000 0.000000 1.000000 1.000000 0.500000 0.000000 0.000000 0 
77 0.000000 0.000000 0.000000 0.000000 0.000000 0.000000 0.000000 0.000000 0.000000 0.000000 0.000000 0.000000 0.000000 1.000000 1.000000 0.500000 0.000000 0.000000 0 
78 0.000000 0.000000 0.000000 0.000000 0.000000 0.000000 0.000000 0.000000 0.000000 0.000000 0.000000 0.000000 0.000000 1.000000 1.000000 0.500000 0.000000 0.000000 0 
79 0.000000 0.000000 0.000000 0.000000 0.000000 0.000000 0.000000 0.000000 0.000000 0.000000 0.000000 0.000000 0.000000 1.000000 1.000000 0.500000 0.000000 0.000000 0 
80 0.000000 0.000000 0.000000 0.000000 0.000000 0.000000 0.000000 0.000000 0.000000 0.000000 0.000000 0.000000 0.000000 1.000000 1.000000 0.500000 0.000000 0.000000 0 
81 0.000000 0.000000 0.000000 0.000000 0.000000 0.000000 0.000000 0.000000 0.000000 0.000000 0.000000 0.000000 0.000000 1.000000 1.000000 0.500000 0.000000 0.000000 0 
82 0.000000 0.000000 0.000000 0.000000 0.000000 0.000000 0.000000 0.000000 0.000000 0.000000 0.000000 0.000000 0.000000 1.000000 1.000000 0.500000 0.000000 0.000000 0 
83 0.000000 0.000000 0.000000 0.000000 0.000000 0.000000 0.000000 0.000000 0.000000 0.000000 0.000000 0.000000 0.000000 1.000000 1.000000 0.500000 0.000000 0.000000 0 
84 0.000000 0.000000 0.000000 0.000000 0.000000 0.000000 0.000000 0.000000 0.000000 0.000000 0.000000 0.000000 0.000000 1.000000 1.000000 0.500000 0.000000 0.000000 0 
85 0.000000 0.000000 0.000000 0.000000 0.000000 0.000000 0.000000 0.000000 0.000000 0.000000 0.000000 0.000000 0.000000 1.000000 1.000000 0.500000 0.000000 0.000000 0 
86 0.000000 0.000000 0.000000 0.000000 0.000000 0.000000 0.000000 0.000000 0.000000 0.000000 0.000000 0.000000 0.000000 1.000000 1.000000 0.500000 0.000000 0.000000 0 
87 0.000000 0.000000 0.000000 0.000000 0.000000 0.000000 0.000000 0.000000 0.000000 0.000000 0.000000 0.000000 0.000000 1.000000 1.000000 0.500000 0.000000 0.000000 0 
88 0.000000 0.000000 0.000000 0.000000 0.000000 0.000000 0.000000 0.000000 0.000000 0.000000 0.000000 0.000000 0.000000 1.000000 1.000000 0.500000 0.000000 0.000000 0 
89 0.000000 0.000000 0.000000 0.000000 0.000000 0.000000 0.000000 0.000000 0.000000 0.000000 0.000000 0.000000 0.000000 1.000000 1.000000 0.500000 0.000000 0.000000 0 
90 0.000000 0.000000 0.000000 0.000000 0.000000 0.000000 0.000000 0.000000 0.000000 0.000000 0.000000 0.000000 0.000000 1.000000 1.000000 0.500000 0.000000 0.000000 0 
91 0.000000 0.000000 0.000000 0.000000 0.000000 0.000000 0.000000 0.000000 0.000000 0.000000 0.000000 0.000000 0.000000 1.000000 1.000000 0.500000 0.000000 0.000000 0 
92 0.000000 0.000000 0.000000 0.000000 0.000000 0.000000 0.000000 0.000000 0.000000 0.000000 0.000000 0.000000 0.000000 1.000000 1.000000 0.500000 0.000000 0.000000 0 
93 0.000000 0.000000 0.000000 0.000000 0.000000 0.000000 0.000000 0.000000 0.000000 0.000000 0.000000 0.000000 0.000000 1.000000 1.000000 0.500000 0.000000 0.000000 0 
94 0.000000 0.000000 0.000000 0.000000 0.000000 0.000000 0.000000 0.000000 0.000000 0.000000 0.000000 0.000000 0.000000 1.000000 1.000000 0.500000 0.000000 0.000000 0 
95 0.000000 0.000000 0.000000 0.000000 0.000000 0.000000 0.000000 0.000000 0.000000 0.000000 0.000000 0.000000 0.000000 1.000000 1.000000 0.500000 0.000000 0.000000 0 
96 0.000000 0.000000 0.000000 0.000000 0.000000 0.000000 0.000000 0.000000 0.000000 0.000000 0.000000 0.000000 0.000000 1.000000 1.000000 0.500000 0.000000 0.000000 0 
97 0.000000 0.000000 0.000000 0.000000 0.000000 0.000000 0.000000 0.000000 0.000000 0.000000 0.000000 0.000000 0.000000 1.000000 1.000000 0.500000 0.000000 0.000000 0 
98 0.000000 0.000000 0.000000 0.000000 0.000000 0.000000 0.000000 0.000000 0.000000 0.000000 0.000000 0.000000 0.000000 1.000000 1.000000 0.500000 0.000000 0.000000 0 
99 0.000000 0.000000 0.000000 0.000000 0.000000 0.000000 0.000000 0.000000 0.000000 0.000000 0.000000 0.000000 0.000000 1.000000 1.000000 0.500000 0.000000 0.000000 0 
100 0.000000 0.000000 0.000000 0.000000 0.000000 0.000000 0.000000 0.000000 0.000000 0.000000 0.000000 0.000000 0.000000 1.000000 1.000000 0.500000 0.000000 0.000000 0 
101 0.000000 0.000000 0.000000 0.000000 0.000000 0.000000 0.000000 0.000000 0.000000 0.000000 0.000000 0.000000 0.000000 1.000000 1.000000 0.500000 0.000000 0.000000 0 
102 0.000000 0.000000 0.000000 0.000000 0.000000 0.000000 0.000000 0.000000 0.000000 0.000000 0.000000 0.000000 0.000000 1.000000 1.000000 0.500000 0.000000 0.000000 0 
103 0.000000 0.000000 0.000000 0.000000 0.000000 0.000000 0.000000 0.000000 0.000000 0.000000 0.000000 0.000000 0.000000 1.000000 1.000000 0.500000 0.000000 0.000000 0 
104 0.000000 0.000000 0.000000 0.000000 0.000000 0.000000 0.000000 0.000000 0.000000 0.000000 0.000000 0.000000 0.000000 1.000000 1.000000 0.500000 0.000000 0.000000 0 
105 0.000000 0.000000 0.000000 0.000000 0.000000 0.000000 0.000000 0.000000 0.000000 0.000000 0.000000 0.000000 0.000000 1.000000 1.000000 0.500000 0.000000 0.000000 0 
106 0.000000 0.000000 0.000000 0.000000 0.000000 0.000000 0.000000 0.000000 0.000000 0.000000 0.000000 0.000000 0.000000 1.000000 1.000000 0.500000 0.000000 0.000000 0 
107 0.000000 0.000000 0.000000 0.000000 0.000000 0.000000 0.000000 0.000000 0.000000 0.000000 0.000000 0.000000 0.000000 1.000000 1.000000 0.500000 0.000000 0.000000 0 
108 0.000000 0.000000 0.000000 0.000000 0.000000 0.000000 0.000000 0.000000 0.000000 0.000000 0.000000 0.000000 0.000000 1.000000 1.000000 0.500000 0.000000 0.000000 0 
109 0.000000 0.000000 0.000000 0.000000 0.000000 0.000000 0.000000 0.000000 0.000000 0.000000 0.000000 0.000000 0.000000 1.000000 1.000000 0.500000 0.000000 0.000000 0 
110 0.000000 0.000000 0.000000 0.000000 0.000000 0.000000 0.000000 0.000000 0.000000 0.000000 0.000000 0.000000 0.000000 1.000000 1.000000 0.500000 0.000000 0.000000 0 
111 0.000000 0.000000 0.000000 0.000000 0.000000 0.000000 0.000000 0.000000 0.000000 0.000000 0.000000 0.000000 0.000000 1.000000 1.000000 0.500000 0.000000 0.000000 0 
112 0.000000 0.000000 0.000000 0.000000 0.000000 0.000000 0.000000 0.000000 0.000000 0.000000 0.000000 0.000000 0.000000 1.000000 1.000000 0.500000 0.000000 0.000000 0 
113 0.000000 0.000000 0.000000 0.000000 0.000000 0.000000 0.000000 0.000000 0.000000 0.000000 0.000000 0.000000 0.000000 1.000000 1.000000 0.500000 0.000000 0.000000 0 
114 0.000000 0.000000 0.000000 0.000000 0.000000 0.000000 0.000000 0.000000 0.000000 0.000000 0.000000 0.000000 0.000000 1.000000 1.000000 0.500000 0.000000 0.000000 0 
115 0.000000 0.000000 0.000000 0.000000 0.000000 0.000000 0.000000 0.000000 0.000000 0.000000 0.000000 0.000000 0.000000 1.000000 1.000000 0.500000 0.000000 0.000000 0 
116 0.000000 0.000000 0.000000 0.000000 0.000000 0.000000 0.000000 0.000000 0.000000 0.000000 0.000000 0.000000 0.000000 1.000000 1.000000 0.500000 0.000000 0.000000 0 
117 0.000000 0.000000 0.000000 0.000000 0.000000 0.000000 0.000000 0.000000 0.000000 0.000000 0.000000 0.000000 0.000000 1.000000 1.000000 0.500000 0.000000 0.000000 0 
118 0.000000 0.000000 0.000000 0.000000 0.000000 0.000000 0.000000 0.000000 0.000000 0.000000 0.000000 0.000000 0.000000 1.000000 1.000000 0.500000 0.000000 0.000000 0 
119 0.000000 0.000000 0.000000 0.000000 0.000000 0.000000 0.000000 0.000000 0.000000 0.000000 0.000000 0.000000 0.000000 1.000000 1.000000 0.500000 0.000000 0.000000 0 
120 0.000000 0.000000 0.000000 0.000000 0.000000 0.000000 0.000000 0.000000 0.000000 0.000000 0.000000 0.000000 0.000000 1.000000 1.000000 0.500000 0.000000 0.000000 0 
121 0.000000 0.000000 0.000000 0.000000 0.000000 0.000000 0.000000 0.000000 0.000000 0.000000 0.000000 0.000000 0.000000 1.000000 1.000000 0.500000 0.000000 0.000000 0 
122 0.000000 0.000000 0.000000 0.000000 0.000000 0.000000 0.000000 0.000000 0.000000 0.000000 0.000000 0.000000 0.000000 1.000000 1.000000 0.500000 0.000000 0.000000 0 
123 0.000000 0.000000 0.000000 0.000000 0.000000 0.000000 0.000000 0.000000 0.000000 0.000000 0.000000 0.000000 0.000000 1.000000 1.000000 0.500000 0.000000 0.000000 0 
124 0.000000 0.000000 0.000000 0.000000 0.000000 0.000000 0.000000 0.000000 0.000000 0.000000 0.000000 0.000000 0.000000 1.000000 1.000000 0.500000 0.000000 0.000000 0 
125 0.000000 0.000000 0.000000 0.000000 0.000000 0.000000 0.000000 0.000000 0.000000 0.000000 0.000000 0.000000 0.000000 1.000000 1.000000 0.500000 0.000000 0.000000 0 
126 0.000000 0.000000 0.000000 0.000000 0.000000 0.000000 0.000000 0.000000 0.000000 0.000000 0.000000 0.000000 0.000000 1.000000 1.000000 0.500000 0.000000 0.000000 0 
127 0.000000 0.000000 0.000000 0.000000 0.000000 0.000000 0.000000 0.000000 0.000000 0.000000 0.000000 0.000000 0.000000 1.000000 1.000000 0.500000 0.000000 0.000000 0 
128 0.000000 0.000000 0.000000 0.000000 0.000000 0.000000 0.000000 0.000000 0.000000 0.000000 0.000000 0.000000 0.000000 1.000000 1.000000 0.500000 0.000000 0.000000 0 
129 0.000000 0.000000 0.000000 0.000000 0.000000 0.000000 0.000000 0.000000 0.000000 0.000000 0.000000 0.000000 0.000000 1.000000 1.000000 0.500000 0.000000 0.000000 0 
130 0.000000 0.000000 0.000000 0.000000 0.000000 0.000000 0.000000 0.000000 0.000000 0.000000 0.000000 0.000000 0.000000 1.000000 1.000000 0.500000 0.000000 0.000000 0 
131 0.000000 0.000000 0.000000 0.000000 0.000000 0.000000 0.000000 0.000000 0.000000 0.000000 0.000000 0.000000 0.000000 1.000000 1.000000 0.500000 0.000000 0.000000 0 
132 0.000000 0.000000 0.000000 0.000000 0.000000 0.000000 0.000000 0.000000 0.000000 0.000000 0.000000 0.000000 0.000000 1.000000 1.000000 0.500000 0.000000 0.000000 0 
133 0.000000 0.000000 0.000000 0.000000 0.000000 0.000000 0.000000 0.000000 0.000000 0.000000 0.000000 0.000000 0.000000 1.000000 1.000000 0.500000 0.000000 0.000000 0 
134 0.000000 0.000000 0.000000 0.000000 0.000000 0.000000 0.000000 0.000000 0.000000 0.000000 0.000000 0.000000 0.000000 1.000000 1.000000 0.500000 0.000000 0.000000 0 
135 0.000000 0.000000 0.000000 0.000000 0.000000 0.000000 0.000000 0.000000 0.000000 0.000000 0.000000 0.000000 0.000000 1.000000 1.000000 0.500000 0.000000 0.000000 0 
136 0.000000 0.000000 0.000000 0.000000 0.000000 0.000000 0.000000 0.000000 0.000000 0.000000 0.000000 0.000000 0.000000 1.000000 1.000000 0.500000 0.000000 0.000000 0 
137 0.000000 0.000000 0.000000 0.000000 0.000000 0.000000 0.000000 0.000000 0.000000 0.000000 0.000000 0.000000 0.000000 1.000000 1.000000 0.500000 0.000000 0.000000 0 
138 0.000000 0.000000 0.000000 0.000000 0.000000 0.000000 0.000000 0.000000 0.000000 0.000000 0.000000 0.000000 0.000000 1.000000 1.000000 0.500000 0.000000 0.000000 0 
139 0.000000 0.000000 0.000000 0.000000 0.000000 0.000000 0.000000 0.000000 0.000000 0.000000 0.000000 0.000000 0.000000 1.000000 1.000000 0.500000 0.000000 0.000000 0 
140 0.000000 0.000000 0.000000 0.000000 0.000000 0.000000 0.000000 0.000000 0.000000 0.000000 0.000000 0.000000 0.000000 1.000000 1.000000 0.500000 0.000000 0.000000 0 
141 0.000000 0.000000 0.000000 0.000000 0.000000 0.000000 0.000000 0.000000 0.000000 0.000000 0.000000 0.000000 0.000000 1.000000 1.000000 0.500000 0.000000 0.000000 0 
142 0.000000 0.000000 0.000000 0.000000 0.000000 0.000000 0.000000 0.000000 0.000000 0.000000 0.000000 0.000000 0.000000 1.000000 1.000000 0.500000 0.000000 0.000000 0 
143 0.000000 0.000000 0.000000 0.000000 0.000000 0.000000 0.000000 0.000000 0.000000 0.000000 0.000000 0.000000 0.000000 1.000000 1.000000 0.500000 0.000000 0.000000 0 
144 0.000000 0.000000 0.000000 0.000000 0.000000 0.000000 0.000000 0.000000 0.000000 0.000000 0.000000 0.000000 0.000000 1.000000 1.000000 0.500000 0.000000 0.000000 0 
145 0.000000 0.000000 0.000000 0.000000 0.000000 0.000000 0.000000 0.000000 0.000000 0.000000 0.000000 0.000000 0.000000 1.000000 1.000000 0.500000 0.000000 0.000000 0 
146 0.000000 0.000000 0.000000 0.000000 0.000000 0.000000 0.000000 0.000000 0.000000 0.000000 0.000000 0.000000 0.000000 1.000000 1.000000 0.500000 0.000000 0.000000 0 
147 0.000000 0.000000 0.000000 0.000000 0.000000 0.000000 0.000000 0.000000 0.000000 0.000000 0.000000 0.000000 0.000000 1.000000 1.000000 0.500000 0.000000 0.000000 0 
148 0.000000 0.000000 0.000000 0.000000 0.000000 0.000000 0.000000 0.000000 0.000000 0.000000 0.000000 0.000000 0.000000 1.000000 1.000000 0.500000 0.000000 0.000000 0 
149 0.000000 0.000000 0.000000 0.000000 0.000000 0.000000 0.000000 0.000000 0.000000 0.000000 0.000000 0.000000 0.000000 1.000000 1.000000 0.500000 0.000000 0.000000 0 
150 0.000000 0.000000 0.000000 0.000000 0.000000 0.000000 0.000000 0.000000 0.000000 0.000000 0.000000 0.000000 0.000000 1.000000 1.000000 0.500000 0.000000 0.000000 0 
151 0.000000 0.000000 0.000000 0.000000 0.000000 0.000000 0.000000 0.000000 0.000000 0.000000 0.000000 0.000000 0.000000 1.000000 1.000000 0.500000 0.000000 0.000000 0 
152 0.000000 0.000000 0.000000 0.000000 0.000000 0.000000 0.000000 0.000000 0.000000 0.000000 0.000000 0.000000 0.000000 1.000000 1.000000 0.500000 0.000000 0.000000 0 
153 0.000000 0.000000 0.000000 0.000000 0.000000 0.000000 0.000000 0.000000 0.000000 0.000000 0.000000 0.000000 0.000000 1.000000 1.000000 0.500000 0.000000 0.000000 0 
154 0.000000 0.000000 0.000000 0.000000 0.000000 0.000000 0.000000 0.000000 0.000000 0.000000 0.000000 0.000000 0.000000 1.000000 1.000000 0.500000 0.000000 0.000000 0 
155 0.000000 0.000000 0.000000 0.000000 0.000000 0.000000 0.000000 0.000000 0.000000 0.000000 0.000000 0.000000 0.000000 1.000000 1.000000 0.500000 0.000000 0.000000 0 
156 0.000000 0.000000 0.000000 0.000000 0.000000 0.000000 0.000000 0.000000 0.000000 0.000000 0.000000 0.000000 0.000000 1.000000 1.000000 0.500000 0.000000 0.000000 0 
157 0.000000 0.000000 0.000000 0.000000 0.000000 0.000000 0.000000 0.000000 0.000000 0.000000 0.000000 0.000000 0.000000 1.000000 1.000000 0.500000 0.000000 0.000000 0 
158 0.000000 0.000000 0.000000 0.000000 0.000000 0.000000 0.000000 0.000000 0.000000 0.000000 0.000000 0.000000 0.000000 1.000000 1.000000 0.500000 0.000000 0.000000 0 
159 0.000000 0.000000 0.000000 0.000000 0.000000 0.000000 0.000000 0.000000 0.000000 0.000000 0.000000 0.000000 0.000000 1.000000 1.000000 0.500000 0.000000 0.000000 0 
160 0.000000 0.000000 0.000000 0.000000 0.000000 0.000000 0.000000 0.000000 0.000000 0.000000 0.000000 0.000000 0.000000 1.000000 1.000000 0.500000 0.000000 0.000000 0 
161 0.000000 0.000000 0.000000 0.000000 0.000000 0.000000 0.000000 0.000000 0.000000 0.000000 0.000000 0.000000 0.000000 1.000000 1.000000 0.500000 0.000000 0.000000 0 
162 0.000000 0.000000 0.000000 0.000000 0.000000 0.000000 0.000000 0.000000 0.000000 0.000000 0.000000 0.000000 0.000000 1.000000 1.000000 0.500000 0.000000 0.000000 0 
163 0.000000 0.000000 0.000000 0.000000 0.000000 0.000000 0.000000 0.000000 0.000000 0.000000 0.000000 0.000000 0.000000 1.000000 1.000000 0.500000 0.000000 0.000000 0 
164 0.000000 0.000000 0.000000 0.000000 0.000000 0.000000 0.000000 0.000000 0.000000 0.000000 0.000000 0.000000 0.000000 1.000000 1.000000 0.500000 0.000000 0.000000 0 
165 0.000000 0.000000 0.000000 0.000000 0.000000 0.000000 0.000000 0.000000 0.000000 0.000000 0.000000 0.000000 0.000000 1.000000 1.000000 0.500000 0.000000 0.000000 0 
166 0.000000 0.000000 0.000000 0.000000 0.000000 0.000000 0.000000 0.000000 0.000000 0.000000 0.000000 0.000000 0.000000 1.000000 1.000000 0.500000 0.000000 0.000000 0 
167 0.000000 0.000000 0.000000 0.000000 0.000000 0.000000 0.000000 0.000000 0.000000 0.000000 0.000000 0.000000 0.000000 1.000000 1.000000 0.500000 0.000000 0.000000 0 
168 0.000000 0.000000 0.000000 0.000000 0.000000 0.000000 0.000000 0.000000 0.000000 0.000000 0.000000 0.000000 0.000000 1.000000 1.000000 0.500000 0.000000 0.000000 0 
169 0.000000 0.000000 0.000000 0.000000 0.000000 0.000000 0.000000 0.000000 0.000000 0.000000 0.000000 0.000000 0.000000 1.000000 1.000000 0.500000 0.000000 0.000000 0 
170 0.000000 0.000000 0.000000 0.000000 0.000000 0.000000 0.000000 0.000000 0.000000 0.000000 0.000000 0.000000 0.000000 1.000000 1.000000 0.500000 0.000000 0.000000 0 
171 0.000000 0.000000 0.000000 0.000000 0.000000 0.000000 0.000000 0.000000 0.000000 0.000000 0.000000 0.000000 0.000000 1.000000 1.000000 0.500000 0.000000 0.000000 0 
172 0.000000 0.000000 0.000000 0.000000 0.000000 0.000000 0.000000 0.000000 0.000000 0.000000 0.000000 0.000000 0.000000 1.000000 1.000000 0.500000 0.000000 0.000000 0 
173 0.000000 0.000000 0.000000 0.000000 0.000000 0.000000 0.000000 0.000000 0.000000 0.000000 0.000000 0.000000 0.000000 1.000000 1.000000 0.500000 0.000000 0.000000 0 
174 0.000000 0.000000 0.000000 0.000000 0.000000 0.000000 0.000000 0.000000 0.000000 0.000000 0.000000 0.000000 0.000000 1.000000 1.000000 0.500000 0.000000 0.000000 0 
175 0.000000 0.000000 0.000000 0.000000 0.000000 0.000000 0.000000 0.000000 0.000000 0.000000 0.000000 0.000000 0.000000 1.000000 1.000000 0.500000 0.000000 0.000000 0 
176 0.000000 0.000000 0.000000 0.000000 0.000000 0.000000 0.000000 0.000000 0.000000 0.000000 0.000000 0.000000 0.000000 1.000000 1.000000 0.500000 0.000000 0.000000 0 
177 0.000000 0.000000 0.000000 0.000000 0.000000 0.000000 0.000000 0.000000 0.000000 0.000000 0.000000 0.000000 0.000000 1.000000 1.000000 0.500000 0.000000 0.000000 0 
178 0.000000 0.000000 0.000000 0.000000 0.000000 0.000000 0.000000 0.000000 0.000000 0.000000 0.000000 0.000000 0.000000 1.000000 1.000000 0.500000 0.000000 0.000000 0 
179 0.000000 0.000000 0.000000 0.000000 0.000000 0.000000 0.000000 0.000000 0.000000 0.000000 0.000000 0.000000 0.000000 1.000000 1.000000 0.500000 0.000000 0.000000 0 
180 0.000000 0.000000 0.000000 0.000000 0.000000 0.000000 0.000000 0.000000 0.000000 0.000000 0.000000 0.000000 0.000000 1.000000 1.000000 0.500000 0.000000 0.000000 0 
181 0.000000 0.000000 0.000000 0.000000 0.000000 0.000000 0.000000 0.000000 0.000000 0.000000 0.000000 0.000000 0.000000 1.000000 1.000000 0.500000 0.000000 0.000000 0 
182 0.000000 0.000000 0.000000 0.000000 0.000000 0.000000 0.000000 0.000000 0.000000 0.000000 0.000000 0.000000 0.000000 1.000000 1.000000 0.500000 0.000000 0.000000 0 
183 0.000000 0.000000 0.000000 0.000000 0.000000 0.000000 0.000000 0.000000 0.000000 0.000000 0.000000 0.000000 0.000000 1.000000 1.000000 0.500000 0.000000 0.000000 0 
184 0.000000 0.000000 0.000000 0.000000 0.000000 0.000000 0.000000 0.000000 0.000000 0.000000 0.000000 0.000000 0.000000 1.000000 1.000000 0.500000 0.000000 0.000000 0 
185 0.000000 0.000000 0.000000 0.000000 0.000000 0.000000 0.000000 0.000000 0.000000 0.000000 0.000000 0.000000 0.000000 1.000000 1.000000 0.500000 0.000000 0.000000 0 
186 0.000000 0.000000 0.000000 0.000000 0.000000 0.000000 0.000000 0.000000 0.000000 0.000000 0.000000 0.000000 0.000000 1.000000 1.000000 0.500000 0.000000 0.000000 0 
187 0.000000 0.000000 0.000000 0.000000 0.000000 0.000000 0.000000 0.000000 0.000000 0.000000 0.000000 0.000000 0.000000 1.000000 1.000000 0.500000 0.000000 0.000000 0 
188 0.000000 0.000000 0.000000 0.000000 0.000000 0.000000 0.000000 0.000000 0.000000 0.000000 0.000000 0.000000 0.000000 1.000000 1.000000 0.500000 0.000000 0.000000 0 
189 0.000000 0.000000 0.000000 0.000000 0.000000 0.000000 0.000000 0.000000 0.000000 0.000000 0.000000 0.000000 0.000000 1.000000 1.000000 0.500000 0.000000 0.000000 0 
190 0.000000 0.000000 0.000000 0.000000 0.000000 0.000000 0.000000 0.000000 0.000000 0.000000 0.000000 0.000000 0.000000 1.000000 1.000000 0.500000 0.000000 0.000000 0 
191 0.000000 0.000000 0.000000 0.000000 0.000000 0.000000 0.000000 0.000000 0.000000 0.000000 0.000000 0.000000 0.000000 1.000000 1.000000 0.500000 0.000000 0.000000 0 
192 0.000000 0.000000 0.000000 0.000000 0.000000 0.000000 0.000000 0.000000 0.000000 0.000000 0.000000 0.000000 0.000000 1.000000 1.000000 0.500000 0.000000 0.000000 0 
193 0.000000 0.000000 0.000000 0.000000 0.000000 0.000000 0.000000 0.000000 0.000000 0.000000 0.000000 0.000000 0.000000 1.000000 1.000000 0.500000 0.000000 0.000000 0 
194 0.000000 0.000000 0.000000 0.000000 0.000000 0.000000 0.000000 0.000000 0.000000 0.000000 0.000000 0.000000 0.000000 1.000000 1.000000 0.500000 0.000000 0.000000 0 
195 0.000000 0.000000 0.000000 0.000000 0.000000 0.000000 0.000000 0.000000 0.000000 0.000000 0.000000 0.000000 0.000000 1.000000 1.000000 0.500000 0.000000 0.000000 0 
196 0.000000 0.000000 0.000000 0.000000 0.000000 0.000000 0.000000 0.000000 0.000000 0.000000 0.000000 0.000000 0.000000 1.000000 1.000000 0.500000 0.000000 0.000000 0 
197 0.000000 0.000000 0.000000 0.000000 0.000000 0.000000 0.000000 0.000000 0.000000 0.000000 0.000000 0.000000 0.000000 1.000000 1.000000 0.500000 0.000000 0.000000 0 
198 0.000000 0.000000 0.000000 0.000000 0.000000 0.000000 0.000000 0.000000 0.000000 0.000000 0.000000 0.000000 0.000000 1.000000 1.000000 0.500000 0.000000 0.000000 0 
199 0.000000 0.000000 0.000000 0.000000 0.000000 0.000000 0.000000 0.000000 0.000000 0.000000 0.000000 0.000000 0.000000 1.000000 1.000000 0.500000 0.000000 0.000000 0 
200 0.000000 0.000000 0.000000 0.000000 0.000000 0.000000 0.000000 0.000000 0.000000 0.000000 0.000000 0.000000 0.000000 1.000000 1.000000 0.500000 0.000000 0.000000 0 
201 0.000000 0.000000 0.000000 0.000000 0.000000 0.000000 0.000000 0.000000 0.000000 0.000000 0.000000 0.000000 0.000000 1.000000 1.000000 0.500000 0.000000 0.000000 0 
202 0.000000 0.000000 0.000000 0.000000 0.000000 0.000000 0.000000 0.000000 0.000000 0.000000 0.000000 0.000000 0.000000 1.000000 1.000000 0.500000 0.000000 0.000000 0 
203 0.000000 0.000000 0.000000 0.000000 0.000000 0.000000 0.000000 0.000000 0.000000 0.000000 0.000000 0.000000 0.000000 1.000000 1.000000 0.500000 0.000000 0.000000 0 
204 0.000000 0.000000 0.000000 0.000000 0.000000 0.000000 0.000000 0.000000 0.000000 0.000000 0.000000 0.000000 0.000000 1.000000 1.000000 0.500000 0.000000 0.000000 0 
205 0.000000 0.000000 0.000000 0.000000 0.000000 0.000000 0.000000 0.000000 0.000000 0.000000 0.000000 0.000000 0.000000 1.000000 1.000000 0.500000 0.000000 0.000000 0 
206 0.000000 0.000000 0.000000 0.000000 0.000000 0.000000 0.000000 0.000000 0.000000 0.000000 0.000000 0.000000 0.000000 1.000000 1.000000 0.500000 0.000000 0.000000 0 
207 0.000000 0.000000 0.000000 0.000000 0.000000 0.000000 0.000000 0.000000 0.000000 0.000000 0.000000 0.000000 0.000000 1.000000 1.000000 0.500000 0.000000 0.000000 0 
208 0.000000 0.000000 0.000000 0.000000 0.000000 0.000000 0.000000 0.000000 0.000000 0.000000 0.000000 0.000000 0.000000 1.000000 1.000000 0.500000 0.000000 0.000000 0 
209 0.000000 0.000000 0.000000 0.000000 0.000000 0.000000 0.000000 0.000000 0.000000 0.000000 0.000000 0.000000 0.000000 1.000000 1.000000 0.500000 0.000000 0.000000 0 
210 0.000000 0.000000 0.000000 0.000000 0.000000 0.000000 0.000000 0.000000 0.000000 0.000000 0.000000 0.000000 0.000000 1.000000 1.000000 0.500000 0.000000 0.000000 0 
211 0.000000 0.000000 0.000000 0.000000 0.000000 0.000000 0.000000 0.000000 0.000000 0.000000 0.000000 0.000000 0.000000 1.000000 1.000000 0.500000 0.000000 0.000000 0 
212 0.000000 0.000000 0.000000 0.000000 0.000000 0.000000 0.000000 0.000000 0.000000 0.000000 0.000000 0.000000 0.000000 1.000000 1.000000 0.500000 0.000000 0.000000 0 
213 0.000000 0.000000 0.000000 0.000000 0.000000 0.000000 0.000000 0.000000 0.000000 0.000000 0.000000 0.000000 0.000000 1.000000 1.000000 0.500000 0.000000 0.000000 0 
214 0.000000 0.000000 0.000000 0.000000 0.000000 0.000000 0.000000 0.000000 0.000000 0.000000 0.000000 0.000000 0.000000 1.000000 1.000000 0.500000 0.000000 0.000000 0 
215 0.000000 0.000000 0.000000 0.000000 0.000000 0.000000 0.000000 0.000000 0.000000 0.000000 0.000000 0.000000 0.000000 1.000000 1.000000 0.500000 0.000000 0.000000 0 
216 0.000000 0.000000 0.000000 0.000000 0.000000 0.000000 0.000000 0.000000 0.000000 0.000000 0.000000 0.000000 0.000000 1.000000 1.000000 0.500000 0.000000 0.000000 0 
217 0.000000 0.000000 0.000000 0.000000 0.000000 0.000000 0.000000 0.000000 0.000000 0.000000 0.000000 0.000000 0.000000 1.000000 1.000000 0.500000 0.000000 0.000000 0 
218 0.000000 0.000000 0.000000 0.000000 0.000000 0.000000 0.000000 0.000000 0.000000 0.000000 0.000000 0.000000 0.000000 1.000000 1.000000 0.500000 0.000000 0.000000 0 
219 0.000000 0.000000 0.000000 0.000000 0.000000 0.000000 0.000000 0.000000 0.000000 0.000000 0.000000 0.000000 0.000000 1.000000 1.000000 0.500000 0.000000 0.000000 0 
220 0.000000 0.000000 0.000000 0.000000 0.000000 0.000000 0.000000 0.000000 0.000000 0.000000 0.000000 0.000000 0.000000 1.000000 1.000000 0.500000 0.000000 0.000000 0 
221 0.000000 0.000000 0.000000 0.000000 0.000000 0.000000 0.000000 0.000000 0.000000 0.000000 0.000000 0.000000 0.000000 1.000000 1.000000 0.500000 0.000000 0.000000 0 
222 0.000000 0.000000 0.000000 0.000000 0.000000 0.000000 0.000000 0.000000 0.000000 0.000000 0.000000 0.000000 0.000000 1.000000 1.000000 0.500000 0.000000 0.000000 0 
223 0.000000 0.000000 0.000000 0.000000 0.000000 0.000000 0.000000 0.000000 0.000000 0.000000 0.000000 0.000000 0.000000 1.000000 1.000000 0.500000 0.000000 0.000000 0 
224 0.000000 0.000000 0.000000 0.000000 0.000000 0.000000 0.000000 0.000000 0.000000 0.000000 0.000000 0.000000 0.000000 1.000000 1.000000 0.500000 0.000000 0.000000 0 
225 0.000000 0.000000 0.000000 0.000000 0.000000 0.000000 0.000000 0.000000 0.000000 0.000000 0.000000 0.000000 0.000000 1.000000 1.000000 0.500000 0.000000 0.000000 0 
226 0.000000 0.000000 0.000000 0.000000 0.000000 0.000000 0.000000 0.000000 0.000000 0.000000 0.000000 0.000000 0.000000 1.000000 1.000000 0.500000 0.000000 0.000000 0 
227 0.000000 0.000000 0.000000 0.000000 0.000000 0.000000 0.000000 0.000000 0.000000 0.000000 0.000000 0.000000 0.000000 1.000000 1.000000 0.500000 0.000000 0.000000 0 
228 0.000000 0.000000 0.000000 0.000000 0.000000 0.000000 0.000000 0.000000 0.000000 0.000000 0.000000 0.000000 0.000000 1.000000 1.000000 0.500000 0.000000 0.000000 0 
229 0.000000 0.000000 0.000000 0.000000 0.000000 0.000000 0.000000 0.000000 0.000000 0.000000 0.000000 0.000000 0.000000 1.000000 1.000000 0.500000 0.000000 0.000000 0 
230 0.000000 0.000000 0.000000 0.000000 0.000000 0.000000 0.000000 0.000000 0.000000 0.000000 0.000000 0.000000 0.000000 1.000000 1.000000 0.500000 0.000000 0.000000 0 
231 0.000000 0.000000 0.000000 0.000000 0.000000 0.000000 0.000000 0.000000 0.000000 0.000000 0.000000 0.000000 0.000000 1.000000 1.000000 0.500000 0.000000 0.000000 0 
232 0.000000 0.000000 0.000000 0.000000 0.000000 0.000000 0.000000 0.000000 0.000000 0.000000 0.000000 0.000000 0.000000 1.000000 1.000000 0.500000 0.000000 0.000000 0 
233 0.000000 0.000000 0.000000 0.000000 0.000000 0.000000 0.000000 0.000000 0.000000 0.000000 0.000000 0.000000 0.000000 1.000000 1.000000 0.500000 0.000000 0.000000 0 
234 0.000000 0.000000 0.000000 0.000000 0.000000 0.000000 0.000000 0.000000 0.000000 0.000000 0.000000 0.000000 0.000000 1.000000 1.000000 0.500000 0.000000 0.000000 0 
235 0.000000 0.000000 0.000000 0.000000 0.000000 0.000000 0.000000 0.000000 0.000000 0.000000 0.000000 0.000000 0.000000 1.000000 1.000000 0.500000 0.000000 0.000000 0 
236 0.000000 0.000000 0.000000 0.000000 0.000000 0.000000 0.000000 0.000000 0.000000 0.000000 0.000000 0.000000 0.000000 1.000000 1.000000 0.500000 0.000000 0.000000 0 
237 0.000000 0.000000 0.000000 0.000000 0.000000 0.000000 0.000000 0.000000 0.000000 0.000000 0.000000 0.000000 0.000000 1.000000 1.000000 0.500000 0.000000 0.000000 0 
238 0.000000 0.000000 0.000000 0.000000 0.000000 0.000000 0.000000 0.000000 0.000000 0.000000 0.000000 0.000000 0.000000 1.000000 1.000000 0.500000 0.000000 0.000000 0 
239 0.000000 0.000000 0.000000 0.000000 0.000000 0.000000 0.000000 0.000000 0.000000 0.000000 0.000000 0.000000 0.000000 1.000000 1.000000 0.500000 0.000000 0.000000 0 
240 0.000000 0.000000 0.000000 0.000000 0.000000 0.000000 0.000000 0.000000 0.000000 0.000000 0.000000 0.000000 0.000000 1.000000 1.000000 0.500000 0.000000 0.000000 0 
241 0.000000 0.000000 0.000000 0.000000 0.000000 0.000000 0.000000 0.000000 0.000000 0.000000 0.000000 0.000000 0.000000 1.000000 1.000000 0.500000 0.000000 0.000000 0 
242 0.000000 0.000000 0.000000 0.000000 0.000000 0.000000 0.000000 0.000000 0.000000 0.000000 0.000000 0.000000 0.000000 1.000000 1.000000 0.500000 0.000000 0.000000 0 
243 0.000000 0.000000 0.000000 0.000000 0.000000 0.000000 0.000000 0.000000 0.000000 0.000000 0.000000 0.000000 0.000000 1.000000 1.000000 0.500000 0.000000 0.000000 0 
244 0.000000 0.000000 0.000000 0.000000 0.000000 0.000000 0.000000 0.000000 0.000000 0.000000 0.000000 0.000000 0.000000 1.000000 1.000000 0.500000 0.000000 0.000000 0 
245 0.000000 0.000000 0.000000 0.000000 0.000000 0.000000 0.000000 0.000000 0.000000 0.000000 0.000000 0.000000 0.000000 1.000000 1.000000 0.500000 0.000000 0.000000 0 
246 0.000000 0.000000 0.000000 0.000000 0.000000 0.000000 0.000000 0.000000 0.000000 0.000000 0.000000 0.000000 0.000000 1.000000 1.000000 0.500000 0.000000 0.000000 0 
247 0.000000 0.000000 0.000000 0.000000 0.000000 0.000000 0.000000 0.000000 0.000000 0.000000 0.000000 0.000000 0.000000 1.000000 1.000000 0.500000 0.000000 0.000000 0 
248 0.000000 0.000000 0.000000 0.000000 0.000000 0.000000 0.000000 0.000000 0.000000 0.000000 0.000000 0.000000 0.000000 1.000000 1.000000 0.500000 0.000000 0.000000 0 
249 0.000000 0.000000 0.000000 0.000000 0.000000 0.000000 0.000000 0.000000 0.000000 0.000000 0.000000 0.000000 0.000000 1.000000 1.000000 0.500000 0.000000 0.000000 0 
250 0.000000 0.000000 0.000000 0.000000 0.000000 0.000000 0.000000 0.000000 0.000000 0.000000 0.000000 0.000000 0.000000 1.000000 1.000000 0.500000 0.000000 0.000000 0 
251 0.000000 0.000000 0.000000 0.000000 0.000000 0.000000 0.000000 0.000000 0.000000 0.000000 0.000000 0.000000 0.000000 1.000000 1.000000 0.500000 0.000000 0.000000 0 
252 0.000000 0.000000 0.000000 0.000000 0.000000 0.000000 0.000000 0.000000 0.000000 0.000000 0.000000 0.000000 0.000000 1.000000 1.000000 0.500000 0.000000 0.000000 0 
253 0.000000 0.000000 0.000000 0.000000 0.000000 0.000000 0.000000 0.000000 0.000000 0.000000 0.000000 0.000000 0.000000 1.000000 1.000000 0.500000 0.000000 0.000000 0 
254 0.000000 0.000000 0.000000 0.000000 0.000000 0.000000 0.000000 0.000000 0.000000 0.000000 0.000000 0.000000 0.000000 1.000000 1.000000 0.500000 0.000000 0.000000 0 
255 0.000000 0.000000 0.000000 0.000000 0.000000 0.000000 0.000000 0.000000 0.000000 0.000000 0.000000 0.000000 0.000000 1.000000 1.000000 0.500000 0.000000 0.000000 0 
256 0.000000 0.000000 0.000000 0.000000 0.000000 0.000000 0.000000 0.000000 0.000000 0.000000 0.000000 0.000000 0.000000 1.000000 1.000000 0.500000 0.000000 0.000000 0 
257 0.000000 0.000000 0.000000 0.000000 0.000000 0.000000 0.000000 0.000000 0.000000 0.000000 0.000000 0.000000 0.000000 1.000000 1.000000 0.500000 0.000000 0.000000 0 
258 0.000000 0.000000 0.000000 0.000000 0.000000 0.000000 0.000000 0.000000 0.000000 0.000000 0.000000 0.000000 0.000000 1.000000 1.000000 0.500000 0.000000 0.000000 0 
259 0.000000 0.000000 0.000000 0.000000 0.000000 0.000000 0.000000 0.000000 0.000000 0.000000 0.000000 0.000000 0.000000 1.000000 1.000000 0.500000 0.000000 0.000000 0 
260 0.000000 0.000000 0.000000 0.000000 0.000000 0.000000 0.000000 0.000000 0.000000 0.000000 0.000000 0.000000 0.000000 1.000000 1.000000 0.500000 0.000000 0.000000 0 
261 0.000000 0.000000 0.000000 0.000000 0.000000 0.000000 0.000000 0.000000 0.000000 0.000000 0.000000 0.000000 0.000000 1.000000 1.000000 0.500000 0.000000 0.000000 0 
262 0.000000 0.000000 0.000000 0.000000 0.000000 0.000000 0.000000 0.000000 0.000000 0.000000 0.000000 0.000000 0.000000 1.000000 1.000000 0.500000 0.000000 0.000000 0 
263 0.000000 0.000000 0.000000 0.000000 0.000000 0.000000 0.000000 0.000000 0.000000 0.000000 0.000000 0.000000 0.000000 1.000000 1.000000 0.500000 0.000000 0.000000 0 
264 0.000000 0.000000 0.000000 0.000000 0.000000 0.000000 0.000000 0.000000 0.000000 0.000000 0.000000 0.000000 0.000000 1.000000 1.000000 0.500000 0.000000 0.000000 0 
265 0.000000 0.000000 0.000000 0.000000 0.000000 0.000000 0.000000 0.000000 0.000000 0.000000 0.000000 0.000000 0.000000 1.000000 1.000000 0.500000 0.000000 0.000000 0 
266 0.000000 0.000000 0.000000 0.000000 0.000000 0.000000 0.000000 0.000000 0.000000 0.000000 0.000000 0.000000 0.000000 1.000000 1.000000 0.500000 0.000000 0.000000 0 
267 0.000000 0.000000 0.000000 0.000000 0.000000 0.000000 0.000000 0.000000 0.000000 0.000000 0.000000 0.000000 0.000000 1.000000 1.000000 0.500000 0.000000 0.000000 0 
268 0.000000 0.000000 0.000000 0.000000 0.000000 0.000000 0.000000 0.000000 0.000000 0.000000 0.000000 0.000000 0.000000 1.000000 1.000000 0.500000 0.000000 0.000000 0 
269 0.000000 0.000000 0.000000 0.000000 0.000000 0.000000 0.000000 0.000000 0.000000 0.000000 0.000000 0.000000 0.000000 1.000000 1.000000 0.500000 0.000000 0.000000 0 
270 0.000000 0.000000 0.000000 0.000000 0.000000 0.000000 0.000000 0.000000 0.000000 0.000000 0.000000 0.000000 0.000000 1.000000 1.000000 0.500000 0.000000 0.000000 0 
271 0.000000 0.000000 0.000000 0.000000 0.000000 0.000000 0.000000 0.000000 0.000000 0.000000 0.000000 0.000000 0.000000 1.000000 1.000000 0.500000 0.000000 0.000000 0 
272 0.000000 0.000000 0.000000 0.000000 0.000000 0.000000 0.000000 0.000000 0.000000 0.000000 0.000000 0.000000 0.000000 1.000000 1.000000 0.500000 0.000000 0.000000 0 
273 0.000000 0.000000 0.000000 0.000000 0.000000 0.000000 0.000000 0.000000 0.000000 0.000000 0.000000 0.000000 0.000000 1.000000 1.000000 0.500000 0.000000 0.000000 0 
274 0.000000 0.000000 0.000000 0.000000 0.000000 0.000000 0.000000 0.000000 0.000000 0.000000 0.000000 0.000000 0.000000 1.000000 1.000000 0.500000 0.000000 0.000000 0 
275 0.000000 0.000000 0.000000 0.000000 0.000000 0.000000 0.000000 0.000000 0.000000 0.000000 0.000000 0.000000 0.000000 1.000000 1.000000 0.500000 0.000000 0.000000 0 
276 0.000000 0.000000 0.000000 0.000000 0.000000 0.000000 0.000000 0.000000 0.000000 0.000000 0.000000 0.000000 0.000000 1.000000 1.000000 0.500000 0.000000 0.000000 0 
277 0.000000 0.000000 0.000000 0.000000 0.000000 0.000000 0.000000 0.000000 0.000000 0.000000 0.000000 0.000000 0.000000 1.000000 1.000000 0.500000 0.000000 0.000000 0 
278 0.000000 0.000000 0.000000 0.000000 0.000000 0.000000 0.000000 0.000000 0.000000 0.000000 0.000000 0.000000 0.000000 1.000000 1.000000 0.500000 0.000000 0.000000 0 
279 0.000000 0.000000 0.000000 0.000000 0.000000 0.000000 0.000000 0.000000 0.000000 0.000000 0.000000 0.000000 0.000000 1.000000 1.000000 0.500000 0.000000 0.000000 0 
280 0.000000 0.000000 0.000000 0.000000 0.000000 0.000000 0.000000 0.000000 0.000000 0.000000 0.000000 0.000000 0.000000 1.000000 1.000000 0.500000 0.000000 0.000000 0 
281 0.000000 0.000000 0.000000 0.000000 0.000000 0.000000 0.000000 0.000000 0.000000 0.000000 0.000000 0.000000 0.000000 1.000000 1.000000 0.500000 0.000000 0.000000 0 
282 0.000000 0.000000 0.000000 0.000000 0.000000 0.000000 0.000000 0.000000 0.000000 0.000000 0.000000 0.000000 0.000000 1.000000 1.000000 0.500000 0.000000 0.000000 0 
283 0.000000 0.000000 0.000000 0.000000 0.000000 0.000000 0.000000 0.000000 0.000000 0.000000 0.000000 0.000000 0.000000 1.000000 1.000000 0.500000 0.000000 0.000000 0 
284 0.000000 0.000000 0.000000 0.000000 0.000000 0.000000 0.000000 0.000000 0.000000 0.000000 0.000000 0.000000 0.000000 1.000000 1.000000 0.500000 0.000000 0.000000 0 
285 0.000000 0.000000 0.000000 0.000000 0.000000 0.000000 0.000000 0.000000 0.000000 0.000000 0.000000 0.000000 0.000000 1.000000 1.000000 0.500000 0.000000 0.000000 0 
286 0.000000 0.000000 0.000000 0.000000 0.000000 0.000000 0.000000 0.000000 0.000000 0.000000 0.000000 0.000000 0.000000 1.000000 1.000000 0.500000 0.000000 0.000000 0 
287 0.000000 0.000000 0.000000 0.000000 0.000000 0.000000 0.000000 0.000000 0.000000 0.000000 0.000000 0.000000 0.000000 1.000000 1.000000 0.500000 0.000000 0.000000 0 
288 0.000000 0.000000 0.000000 0.000000 0.000000 0.000000 0.000000 0.000000 0.000000 0.000000 0.000000 0.000000 0.000000 1.000000 1.000000 0.500000 0.000000 0.000000 0 
289 0.000000 0.000000 0.000000 0.000000 0.000000 0.000000 0.000000 0.000000 0.000000 0.000000 0.000000 0.000000 0.000000 1.000000 1.000000 0.500000 0.000000 0.000000 0 
290 0.000000 0.000000 0.000000 0.000000 0.000000 0.000000 0.000000 0.000000 0.000000 0.000000 0.000000 0.000000 0.000000 1.000000 1.000000 0.500000 0.000000 0.000000 0 
291 0.000000 0.000000 0.000000 0.000000 0.000000 0.000000 0.000000 0.000000 0.000000 0.000000 0.000000 0.000000 0.000000 1.000000 1.000000 0.500000 0.000000 0.000000 0 
292 0.000000 0.000000 0.000000 0.000000 0.000000 0.000000 0.000000 0.000000 0.000000 0.000000 0.000000 0.000000 0.000000 1.000000 1.000000 0.500000 0.000000 0.000000 0 
293 0.000000 0.000000 0.000000 0.000000 0.000000 0.000000 0.000000 0.000000 0.000000 0.000000 0.000000 0.000000 0.000000 1.000000 1.000000 0.500000 0.000000 0.000000 0 
294 0.000000 0.000000 0.000000 0.000000 0.000000 0.000000 0.000000 0.000000 0.000000 0.000000 0.000000 0.000000 0.000000 1.000000 1.000000 0.500000 0.000000 0.000000 0 
295 0.000000 0.000000 0.000000 0.000000 0.000000 0.000000 0.000000 0.000000 0.000000 0.000000 0.000000 0.000000 0.000000 1.000000 1.000000 0.500000 0.000000 0.000000 0 
296 0.000000 0.000000 0.000000 0.000000 0.000000 0.000000 0.000000 0.000000 0.000000 0.000000 0.000000 0.000000 0.000000 1.000000 1.000000 0.500000 0.000000 0.000000 0 
297 0.000000 0.000000 0.000000 0.000000 0.000000 0.000000 0.000000 0.000000 0.000000 0.000000 0.000000 0.000000 0.000000 1.000000 1.000000 0.500000 0.000000 0.000000 0 
298 0.000000 0.000000 0.000000 0.000000 0.000000 0.000000 0.000000 0.000000 0.000000 0.000000 0.000000 0.000000 0.000000 1.000000 1.000000 0.500000 0.000000 0.000000 0 
299 0.000000 0.000000 0.000000 0.000000 0.000000 0.000000 0.000000 0.000000 0.000000 0.000000 0.000000 0.000000 0.000000 1.000000 1.000000 0.500000 0.000000 0.000000 0 
300 0.000000 0.000000 0.000000 0.000000 0.000000 0.000000 0.000000 0.000000 0.000000 0.000000 0.000000 0.000000 0.000000 1.000000 1.000000 0.500000 0.000000 0.000000 0 
301 0.000000 0.000000 0.000000 0.000000 0.000000 0.000000 0.000000 0.000000 0.000000 0.000000 0.000000 0.000000 0.000000 1.000000 1.000000 0.500000 0.000000 0.000000 0 
302 0.000000 0.000000 0.000000 0.000000 0.000000 0.000000 0.000000 0.000000 0.000000 0.000000 0.000000 0.000000 0.000000 1.000000 1.000000 0.500000 0.000000 0.000000 0 
303 0.000000 0.000000 0.000000 0.000000 0.000000 0.000000 0.000000 0.000000 0.000000 0.000000 0.000000 0.000000 0.000000 1.000000 1.000000 0.500000 0.000000 0.000000 0 
304 0.000000 0.000000 0.000000 0.000000 0.000000 0.000000 0.000000 0.000000 0.000000 0.000000 0.000000 0.000000 0.000000 1.000000 1.000000 0.500000 0.000000 0.000000 0 
305 0.000000 0.000000 0.000000 0.000000 0.000000 0.000000 0.000000 0.000000 0.000000 0.000000 0.000000 0.000000 0.000000 1.000000 1.000000 0.500000 0.000000 0.000000 0 
306 0.000000 0.000000 0.000000 0.000000 0.000000 0.000000 0.000000 0.000000 0.000000 0.000000 0.000000 0.000000 0.000000 1.000000 1.000000 0.500000 0.000000 0.000000 0 
307 0.000000 0.000000 0.000000 0.000000 0.000000 0.000000 0.000000 0.000000 0.000000 0.000000 0.000000 0.000000 0.000000 1.000000 1.000000 0.500000 0.000000 0.000000 0 
308 0.000000 0.000000 0.000000 0.000000 0.000000 0.000000 0.000000 0.000000 0.000000 0.000000 0.000000 0.000000 0.000000 1.000000 1.000000 0.500000 0.000000 0.000000 0 
309 0.000000 0.000000 0.000000 0.000000 0.000000 0.000000 0.000000 0.000000 0.000000 0.000000 0.000000 0.000000 0.000000 1.000000 1.000000 0.500000 0.000000 0.000000 0 
310 0.000000 0.000000 0.000000 0.000000 0.000000 0.000000 0.000000 0.000000 0.000000 0.000000 0.000000 0.000000 0.000000 1.000000 1.000000 0.500000 0.000000 0.000000 0 
311 0.000000 0.000000 0.000000 0.000000 0.000000 0.000000 0.000000 0.000000 0.000000 0.000000 0.000000 0.000000 0.000000 1.000000 1.000000 0.500000 0.000000 0.000000 0 
312 0.000000 0.000000 0.000000 0.000000 0.000000 0.000000 0.000000 0.000000 0.000000 0.000000 0.000000 0.000000 0.000000 1.000000 1.000000 0.500000 0.000000 0.000000 0 
313 0.000000 0.000000 0.000000 0.000000 0.000000 0.000000 0.000000 0.000000 0.000000 0.000000 0.000000 0.000000 0.000000 1.000000 1.000000 0.500000 0.000000 0.000000 0 
314 0.000000 0.000000 0.000000 0.000000 0.000000 0.000000 0.000000 0.000000 0.000000 0.000000 0.000000 0.000000 0.000000 1.000000 1.000000 0.500000 0.000000 0.000000 0 
315 0.000000 0.000000 0.000000 0.000000 0.000000 0.000000 0.000000 0.000000 0.000000 0.000000 0.000000 0.000000 0.000000 1.000000 1.000000 0.500000 0.000000 0.000000 0 
316 0.000000 0.000000 0.000000 0.000000 0.000000 0.000000 0.000000 0.000000 0.000000 0.000000 0.000000 0.000000 0.000000 1.000000 1.000000 0.500000 0.000000 0.000000 0 
317 0.000000 0.000000 0.000000 0.000000 0.000000 0.000000 0.000000 0.000000 0.000000 0.000000 0.000000 0.000000 0.000000 1.000000 1.000000 0.500000 0.000000 0.000000 0 
318 0.000000 0.000000 0.000000 0.000000 0.000000 0.000000 0.000000 0.000000 0.000000 0.000000 0.000000 0.000000 0.000000 1.000000 1.000000 0.500000 0.000000 0.000000 0 
319 0.000000 0.000000 0.000000 0.000000 0.000000 0.000000 0.000000 0.000000 0.000000 0.000000 0.000000 0.000000 0.000000 1.000000 1.000000 0.500000 0.000000 0.000000 0 
320 0.000000 0.000000 0.000000 0.000000 0.000000 0.000000 0.000000 0.000000 0.000000 0.000000 0.000000 0.000000 0.000000 1.000000 1.000000 0.500000 0.000000 0.000000 0 
321 0.000000 0.000000 0.000000 0.000000 0.000000 0.000000 0.000000 0.000000 0.000000 0.000000 0.000000 0.000000 0.000000 1.000000 1.000000 0.500000 0.000000 0.000000 0 
322 0.000000 0.000000 0.000000 0.000000 0.000000 0.000000 0.000000 0.000000 0.000000 0.000000 0.000000 0.000000 0.000000 1.000000 1.000000 0.500000 0.000000 0.000000 0 
323 0.000000 0.000000 0.000000 0.000000 0.000000 0.000000 0.000000 0.000000 0.000000 0.000000 0.000000 0.000000 0.000000 1.000000 1.000000 0.500000 0.000000 0.000000 0 
324 0.000000 0.000000 0.000000 0.000000 0.000000 0.000000 0.000000 0.000000 0.000000 0.000000 0.000000 0.000000 0.000000 1.000000 1.000000 0.500000 0.000000 0.000000 0 
325 0.000000 0.000000 0.000000 0.000000 0.000000 0.000000 0.000000 0.000000 0.000000 0.000000 0.000000 0.000000 0.000000 1.000000 1.000000 0.500000 0.000000 0.000000 0 
326 0.000000 0.000000 0.000000 0.000000 0.000000 0.000000 0.000000 0.000000 0.000000 0.000000 0.000000 0.000000 0.000000 1.000000 1.000000 0.500000 0.000000 0.000000 0 
327 0.000000 0.000000 0.000000 0.000000 0.000000 0.000000 0.000000 0.000000 0.000000 0.000000 0.000000 0.000000 0.000000 1.000000 1.000000 0.500000 0.000000 0.000000 0 
328 0.000000 0.000000 0.000000 0.000000 0.000000 0.000000 0.000000 0.000000 0.000000 0.000000 0.000000 0.000000 0.000000 1.000000 1.000000 0.500000 0.000000 0.000000 0 
329 0.000000 0.000000 0.000000 0.000000 0.000000 0.000000 0.000000 0.000000 0.000000 0.000000 0.000000 0.000000 0.000000 1.000000 1.000000 0.500000 0.000000 0.000000 0 
330 0.000000 0.000000 0.000000 0.000000 0.000000 0.000000 0.000000 0.000000 0.000000 0.000000 0.000000 0.000000 0.000000 1.000000 1.000000 0.500000 0.000000 0.000000 0 
331 0.000000 0.000000 0.000000 0.000000 0.000000 0.000000 0.000000 0.000000 0.000000 0.000000 0.000000 0.000000 0.000000 1.000000 1.000000 0.500000 0.000000 0.000000 0 
332 0.000000 0.000000 0.000000 0.000000 0.000000 0.000000 0.000000 0.000000 0.000000 0.000000 0.000000 0.000000 0.000000 1.000000 1.000000 0.500000 0.000000 0.000000 0 
333 0.000000 0.000000 0.000000 0.000000 0.000000 0.000000 0.000000 0.000000 0.000000 0.000000 0.000000 0.000000 0.000000 1.000000 1.000000 0.500000 0.000000 0.000000 0 
334 0.000000 0.000000 0.000000 0.000000 0.000000 0.000000 0.000000 0.000000 0.000000 0.000000 0.000000 0.000000 0.000000 1.000000 1.000000 0.500000 0.000000 0.000000 0 
335 0.000000 0.000000 0.000000 0.000000 0.000000 0.000000 0.000000 0.000000 0.000000 0.000000 0.000000 0.000000 0.000000 1.000000 1.000000 0.500000 0.000000 0.000000 0 
336 0.000000 0.000000 0.000000 0.000000 0.000000 0.000000 0.000000 0.000000 0.000000 0.000000 0.000000 0.000000 0.000000 1.000000 1.000000 0.500000 0.000000 0.000000 0 
337 0.000000 0.000000 0.000000 0.000000 0.000000 0.000000 0.000000 0.000000 0.000000 0.000000 0.000000 0.000000 0.000000 1.000000 1.000000 0.500000 0.000000 0.000000 0 
338 0.000000 0.000000 0.000000 0.000000 0.000000 0.000000 0.000000 0.000000 0.000000 0.000000 0.000000 0.000000 0.000000 1.000000 1.000000 0.500000 0.000000 0.000000 0 
339 0.000000 0.000000 0.000000 0.000000 0.000000 0.000000 0.000000 0.000000 0.000000 0.000000 0.000000 0.000000 0.000000 1.000000 1.000000 0.500000 0.000000 0.000000 0 
340 0.000000 0.000000 0.000000 0.000000 0.000000 0.000000 0.000000 0.000000 0.000000 0.000000 0.000000 0.000000 0.000000 1.000000 1.000000 0.500000 0.000000 0.000000 0 
341 0.000000 0.000000 0.000000 0.000000 0.000000 0.000000 0.000000 0.000000 0.000000 0.000000 0.000000 0.000000 0.000000 1.000000 1.000000 0.500000 0.000000 0.000000 0 
342 0.000000 0.000000 0.000000 0.000000 0.000000 0.000000 0.000000 0.000000 0.000000 0.000000 0.000000 0.000000 0.000000 1.000000 1.000000 0.500000 0.000000 0.000000 0 
343 0.000000 0.000000 0.000000 0.000000 0.000000 0.000000 0.000000 0.000000 0.000000 0.000000 0.000000 0.000000 0.000000 1.000000 1.000000 0.500000 0.000000 0.000000 0 
344 0.000000 0.000000 0.000000 0.000000 0.000000 0.000000 0.000000 0.000000 0.000000 0.000000 0.000000 0.000000 0.000000 1.000000 1.000000 0.500000 0.000000 0.000000 0 
345 0.000000 0.000000 0.000000 0.000000 0.000000 0.000000 0.000000 0.000000 0.000000 0.000000 0.000000 0.000000 0.000000 1.000000 1.000000 0.500000 0.000000 0.000000 0 
346 0.000000 0.000000 0.000000 0.000000 0.000000 0.000000 0.000000 0.000000 0.000000 0.000000 0.000000 0.000000 0.000000 1.000000 1.000000 0.500000 0.000000 0.000000 0 
347 0.000000 0.000000 0.000000 0.000000 0.000000 0.000000 0.000000 0.000000 0.000000 0.000000 0.000000 0.000000 0.000000 1.000000 1.000000 0.500000 0.000000 0.000000 0 
348 0.000000 0.000000 0.000000 0.000000 0.000000 0.000000 0.000000 0.000000 0.000000 0.000000 0.000000 0.000000 0.000000 1.000000 1.000000 0.500000 0.000000 0.000000 0 
349 0.000000 0.000000 0.000000 0.000000 0.000000 0.000000 0.000000 0.000000 0.000000 0.000000 0.000000 0.000000 0.000000 1.000000 1.000000 0.500000 0.000000 0.000000 0 
350 0.000000 0.000000 0.000000 0.000000 0.000000 0.000000 0.000000 0.000000 0.000000 0.000000 0.000000 0.000000 0.000000 1.000000 1.000000 0.500000 0.000000 0.000000 0 
351 0.000000 0.000000 0.000000 0.000000 0.000000 0.000000 0.000000 0.000000 0.000000 0.000000 0.000000 0.000000 0.000000 1.000000 1.000000 0.500000 0.000000 0.000000 0 
352 0.000000 0.000000 0.000000 0.000000 0.000000 0.000000 0.000000 0.000000 0.000000 0.000000 0.000000 0.000000 0.000000 1.000000 1.000000 0.500000 0.000000 0.000000 0 
353 0.000000 0.000000 0.000000 0.000000 0.000000 0.000000 0.000000 0.000000 0.000000 0.000000 0.000000 0.000000 0.000000 1.000000 1.000000 0.500000 0.000000 0.000000 0 
354 0.000000 0.000000 0.000000 0.000000 0.000000 0.000000 0.000000 0.000000 0.000000 0.000000 0.000000 0.000000 0.000000 1.000000 1.000000 0.500000 0.000000 0.000000 0 
355 0.000000 0.000000 0.000000 0.000000 0.000000 0.000000 0.000000 0.000000 0.000000 0.000000 0.000000 0.000000 0.000000 1.000000 1.000000 0.500000 0.000000 0.000000 0 
356 0.000000 0.000000 0.000000 0.000000 0.000000 0.000000 0.000000 0.000000 0.000000 0.000000 0.000000 0.000000 0.000000 1.000000 1.000000 0.500000 0.000000 0.000000 0 
357 0.000000 0.000000 0.000000 0.000000 0.000000 0.000000 0.000000 0.000000 0.000000 0.000000 0.000000 0.000000 0.000000 1.000000 1.000000 0.500000 0.000000 0.000000 0 
358 0.000000 0.000000 0.000000 0.000000 0.000000 0.000000 0.000000 0.000000 0.000000 0.000000 0.000000 0.000000 0.000000 1.000000 1.000000 0.500000 0.000000 0.000000 0 
359 0.000000 0.000000 0.000000 0.000000 0.000000 0.000000 0.000000 0.000000 0.000000 0.000000 0.000000 0.000000 0.000000 1.000000 1.000000 0.500000 0.000000 0.000000 0 
360 0.000000 0.000000 0.000000 0.000000 0.000000 0.000000 0.000000 0.000000 0.000000 0.000000 0.000000 0.000000 0.000000 1.000000 1.000000 0.500000 0.000000 0.000000 0 
361 0.000000 0.000000 0.000000 0.000000 0.000000 0.000000 0.000000 0.000000 0.000000 0.000000 0.000000 0.000000 0.000000 1.000000 1.000000 0.500000 0.000000 0.000000 0 
362 0.000000 0.000000 0.000000 0.000000 0.000000 0.000000 0.000000 0.000000 0.000000 0.000000 0.000000 0.000000 0.000000 1.000000 1.000000 0.500000 0.000000 0.000000 0 
363 0.000000 0.000000 0.000000 0.000000 0.000000 0.000000 0.000000 0.000000 0.000000 0.000000 0.000000 0.000000 0.000000 1.000000 1.000000 0.500000 0.000000 0.000000 0 
364 0.000000 0.000000 0.000000 0.000000 0.000000 0.000000 0.000000 0.000000 0.000000 0.000000 0.000000 0.000000 0.000000 1.000000 1.000000 0.500000 0.000000 0.000000 0 
365 0.000000 0.000000 0.000000 0.000000 0.000000 0.000000 0.000000 0.000000 0.000000 0.000000 0.000000 0.000000 0.000000 1.000000 1.000000 0.500000 0.000000 0.000000 0 
366 0.000000 0.000000 0.000000 0.000000 0.000000 0.000000 0.000000 0.000000 0.000000 0.000000 0.000000 0.000000 0.000000 1.000000 1.000000 0.500000 0.000000 0.000000 0 
367 0.000000 0.000000 0.000000 0.000000 0.000000 0.000000 0.000000 0.000000 0.000000 0.000000 0.000000 0.000000 0.000000 1.000000 1.000000 0.500000 0.000000 0.000000 0 
368 0.000000 0.000000 0.000000 0.000000 0.000000 0.000000 0.000000 0.000000 0.000000 0.000000 0.000000 0.000000 0.000000 1.000000 1.000000 0.500000 0.000000 0.000000 0 
369 0.000000 0.000000 0.000000 0.000000 0.000000 0.000000 0.000000 0.000000 0.000000 0.000000 0.000000 0.000000 0.000000 1.000000 1.000000 0.500000 0.000000 0.000000 0 
370 0.000000 0.000000 0.000000 0.000000 0.000000 0.000000 0.000000 0.000000 0.000000 0.000000 0.000000 0.000000 0.000000 1.000000 1.000000 0.500000 0.000000 0.000000 0 
371 0.000000 0.000000 0.000000 0.000000 0.000000 0.000000 0.000000 0.000000 0.000000 0.000000 0.000000 0.000000 0.000000 1.000000 1.000000 0.500000 0.000000 0.000000 0 
372 0.000000 0.000000 0.000000 0.000000 0.000000 0.000000 0.000000 0.000000 0.000000 0.000000 0.000000 0.000000 0.000000 1.000000 1.000000 0.500000 0.000000 0.000000 0 
373 0.000000 0.000000 0.000000 0.000000 0.000000 0.000000 0.000000 0.000000 0.000000 0.000000 0.000000 0.000000 0.000000 1.000000 1.000000 0.500000 0.000000 0.000000 0 
374 0.000000 0.000000 0.000000 0.000000 0.000000 0.000000 0.000000 0.000000 0.000000 0.000000 0.000000 0.000000 0.000000 1.000000 1.000000 0.500000 0.000000 0.000000 0 
375 0.000000 0.000000 0.000000 0.000000 0.000000 0.000000 0.000000 0.000000 0.000000 0.000000 0.000000 0.000000 0.000000 1.000000 1.000000 0.500000 0.000000 0.000000 0 
376 0.000000 0.000000 0.000000 0.000000 0.000000 0.000000 0.000000 0.000000 0.000000 0.000000 0.000000 0.000000 0.000000 1.000000 1.000000 0.500000 0.000000 0.000000 0 
377 0.000000 0.000000 0.000000 0.000000 0.000000 0.000000 0.000000 0.000000 0.000000 0.000000 0.000000 0.000000 0.000000 1.000000 1.000000 0.500000 0.000000 0.000000 0 
378 0.000000 0.000000 0.000000 0.000000 0.000000 0.000000 0.000000 0.000000 0.000000 0.000000 0.000000 0.000000 0.000000 1.000000 1.000000 0.500000 0.000000 0.000000 0 
379 0.000000 0.000000 0.000000 0.000000 0.000000 0.000000 0.000000 0.000000 0.000000 0.000000 0.000000 0.000000 0.000000 1.000000 1.000000 0.500000 0.000000 0.000000 0 
380 0.000000 0.000000 0.000000 0.000000 0.000000 0.000000 0.000000 0.000000 0.000000 0.000000 0.000000 0.000000 0.000000 1.000000 1.000000 0.500000 0.000000 0.000000 0 
381 0.000000 0.000000 0.000000 0.000000 0.000000 0.000000 0.000000 0.000000 0.000000 0.000000 0.000000 0.000000 0.000000 1.000000 1.000000 0.500000 0.000000 0.000000 0 
382 0.000000 0.000000 0.000000 0.000000 0.000000 0.000000 0.000000 0.000000 0.000000 0.000000 0.000000 0.000000 0.000000 1.000000 1.000000 0.500000 0.000000 0.000000 0 
383 0.000000 0.000000 0.000000 0.000000 0.000000 0.000000 0.000000 0.000000 0.000000 0.000000 0.000000 0.000000 0.000000 1.000000 1.000000 0.500000 0.000000 0.000000 0 
384 0.000000 0.000000 0.000000 0.000000 0.000000 0.000000 0.000000 0.000000 0.000000 0.000000 0.000000 0.000000 0.000000 1.000000 1.000000 0.500000 0.000000 0.000000 0 
385 0.000000 0.000000 0.000000 0.000000 0.000000 0.000000 0.000000 0.000000 0.000000 0.000000 0.000000 0.000000 0.000000 1.000000 1.000000 0.500000 0.000000 0.000000 0 
386 0.000000 0.000000 0.000000 0.000000 0.000000 0.000000 0.000000 0.000000 0.000000 0.000000 0.000000 0.000000 0.000000 1.000000 1.000000 0.500000 0.000000 0.000000 0 
387 0.000000 0.000000 0.000000 0.000000 0.000000 0.000000 0.000000 0.000000 0.000000 0.000000 0.000000 0.000000 0.000000 1.000000 1.000000 0.500000 0.000000 0.000000 0 
388 0.000000 0.000000 0.000000 0.000000 0.000000 0.000000 0.000000 0.000000 0.000000 0.000000 0.000000 0.000000 0.000000 1.000000 1.000000 0.500000 0.000000 0.000000 0 
389 0.000000 0.000000 0.000000 0.000000 0.000000 0.000000 0.000000 0.000000 0.000000 0.000000 0.000000 0.000000 0.000000 1.000000 1.000000 0.500000 0.000000 0.000000 0 
390 0.000000 0.000000 0.000000 0.000000 0.000000 0.000000 0.000000 0.000000 0.000000 0.000000 0.000000 0.000000 0.000000 1.000000 1.000000 0.500000 0.000000 0.000000 0 
391 0.000000 0.000000 0.000000 0.000000 0.000000 0.000000 0.000000 0.000000 0.000000 0.000000 0.000000 0.000000 0.000000 1.000000 1.000000 0.500000 0.000000 0.000000 0 
392 0.000000 0.000000 0.000000 0.000000 0.000000 0.000000 0.000000 0.000000 0.000000 0.000000 0.000000 0.000000 0.000000 1.000000 1.000000 0.500000 0.000000 0.000000 0 
393 0.000000 0.000000 0.000000 0.000000 0.000000 0.000000 0.000000 0.000000 0.000000 0.000000 0.000000 0.000000 0.000000 1.000000 1.000000 0.500000 0.000000 0.000000 0 
394 0.000000 0.000000 0.000000 0.000000 0.000000 0.000000 0.000000 0.000000 0.000000 0.000000 0.000000 0.000000 0.000000 1.000000 1.000000 0.500000 0.000000 0.000000 0 
395 0.000000 0.000000 0.000000 0.000000 0.000000 0.000000 0.000000 0.000000 0.000000 0.000000 0.000000 0.000000 0.000000 1.000000 1.000000 0.500000 0.000000 0.000000 0 
396 0.000000 0.000000 0.000000 0.000000 0.000000 0.000000 0.000000 0.000000 0.000000 0.000000 0.000000 0.000000 0.000000 1.000000 1.000000 0.500000 0.000000 0.000000 0 
397 0.000000 0.000000 0.000000 0.000000 0.000000 0.000000 0.000000 0.000000 0.000000 0.000000 0.000000 0.000000 0.000000 1.000000 1.000000 0.500000 0.000000 0.000000 0 
398 0.000000 0.000000 0.000000 0.000000 0.000000 0.000000 0.000000 0.000000 0.000000 0.000000 0.000000 0.000000 0.000000 1.000000 1.000000 0.500000 0.000000 0.000000 0 
399 0.000000 0.000000 0.000000 0.000000 0.000000 0.000000 0.000000 0.000000 0.000000 0.000000 0.000000 0.000000 0.000000 1.000000 1.000000 0.500000 0.000000 0.000000 0 
400 0.000000 0.000000 0.000000 0.000000 0.000000 0.000000 0.000000 0.000000 0.000000 0.000000 0.000000 0.000000 0.000000 1.000000 1.000000 0.500000 0.000000 0.000000 0 
401 0.000000 0.000000 0.000000 0.000000 0.000000 0.000000 0.000000 0.000000 0.000000 0.000000 0.000000 0.000000 0.000000 1.000000 1.000000 0.500000 0.000000 0.000000 0 
402 0.000000 0.000000 0.000000 0.000000 0.000000 0.000000 0.000000 0.000000 0.000000 0.000000 0.000000 0.000000 0.000000 1.000000 1.000000 0.500000 0.000000 0.000000 0 
403 0.000000 0.000000 0.000000 0.000000 0.000000 0.000000 0.000000 0.000000 0.000000 0.000000 0.000000 0.000000 0.000000 1.000000 1.000000 0.500000 0.000000 0.000000 0 
404 0.000000 0.000000 0.000000 0.000000 0.000000 0.000000 0.000000 0.000000 0.000000 0.000000 0.000000 0.000000 0.000000 1.000000 1.000000 0.500000 0.000000 0.000000 0 
405 0.000000 0.000000 0.000000 0.000000 0.000000 0.000000 0.000000 0.000000 0.000000 0.000000 0.000000 0.000000 0.000000 1.000000 1.000000 0.500000 0.000000 0.000000 0 
406 0.000000 0.000000 0.000000 0.000000 0.000000 0.000000 0.000000 0.000000 0.000000 0.000000 0.000000 0.000000 0.000000 1.000000 1.000000 0.500000 0.000000 0.000000 0 
407 0.000000 0.000000 0.000000 0.000000 0.000000 0.000000 0.000000 0.000000 0.000000 0.000000 0.000000 0.000000 0.000000 1.000000 1.000000 0.500000 0.000000 0.000000 0 
408 0.000000 0.000000 0.000000 0.000000 0.000000 0.000000 0.000000 0.000000 0.000000 0.000000 0.000000 0.000000 0.000000 1.000000 1.000000 0.500000 0.000000 0.000000 0 
409 0.000000 0.000000 0.000000 0.000000 0.000000 0.000000 0.000000 0.000000 0.000000 0.000000 0.000000 0.000000 0.000000 1.000000 1.000000 0.500000 0.000000 0.000000 0 
410 0.000000 0.000000 0.000000 0.000000 0.000000 0.000000 0.000000 0.000000 0.000000 0.000000 0.000000 0.000000 0.000000 1.000000 1.000000 0.500000 0.000000 0.000000 0 
411 0.000000 0.000000 0.000000 0.000000 0.000000 0.000000 0.000000 0.000000 0.000000 0.000000 0.000000 0.000000 0.000000 1.000000 1.000000 0.500000 0.000000 0.000000 0 
412 0.000000 0.000000 0.000000 0.000000 0.000000 0.000000 0.000000 0.000000 0.000000 0.000000 0.000000 0.000000 0.000000 1.000000 1.000000 0.500000 0.000000 0.000000 0 
413 0.000000 0.000000 0.000000 0.000000 0.000000 0.000000 0.000000 0.000000 0.000000 0.000000 0.000000 0.000000 0.000000 1.000000 1.000000 0.500000 0.000000 0.000000 0 
414 0.000000 0.000000 0.000000 0.000000 0.000000 0.000000 0.000000 0.000000 0.000000 0.000000 0.000000 0.000000 0.000000 1.000000 1.000000 0.500000 0.000000 0.000000 0 
415 0.000000 0.000000 0.000000 0.000000 0.000000 0.000000 0.000000 0.000000 0.000000 0.000000 0.000000 0.000000 0.000000 1.000000 1.000000 0.500000 0.000000 0.000000 0 
416 0.000000 0.000000 0.000000 0.000000 0.000000 0.000000 0.000000 0.000000 0.000000 0.000000 0.000000 0.000000 0.000000 1.000000 1.000000 0.500000 0.000000 0.000000 0 
417 0.000000 0.000000 0.000000 0.000000 0.000000 0.000000 0.000000 0.000000 0.000000 0.000000 0.000000 0.000000 0.000000 1.000000 1.000000 0.500000 0.000000 0.000000 0 
418 0.000000 0.000000 0.000000 0.000000 0.000000 0.000000 0.000000 0.000000 0.000000 0.000000 0.000000 0.000000 0.000000 1.000000 1.000000 0.500000 0.000000 0.000000 0 
419 0.000000 0.000000 0.000000 0.000000 0.000000 0.000000 0.000000 0.000000 0.000000 0.000000 0.000000 0.000000 0.000000 1.000000 1.000000 0.500000 0.000000 0.000000 0 
420 0.000000 0.000000 0.000000 0.000000 0.000000 0.000000 0.000000 0.000000 0.000000 0.000000 0.000000 0.000000 0.000000 1.000000 1.000000 0.500000 0.000000 0.000000 0 
421 0.000000 0.000000 0.000000 0.000000 0.000000 0.000000 0.000000 0.000000 0.000000 0.000000 0.000000 0.000000 0.000000 1.000000 1.000000 0.500000 0.000000 0.000000 0 
422 0.000000 0.000000 0.000000 0.000000 0.000000 0.000000 0.000000 0.000000 0.000000 0.000000 0.000000 0.000000 0.000000 1.000000 1.000000 0.500000 0.000000 0.000000 0 
423 0.000000 0.000000 0.000000 0.000000 0.000000 0.000000 0.000000 0.000000 0.000000 0.000000 0.000000 0.000000 0.000000 1.000000 1.000000 0.500000 0.000000 0.000000 0 
424 0.000000 0.000000 0.000000 0.000000 0.000000 0.000000 0.000000 0.000000 0.000000 0.000000 0.000000 0.000000 0.000000 1.000000 1.000000 0.500000 0.000000 0.000000 0 
425 0.000000 0.000000 0.000000 0.000000 0.000000 0.000000 0.000000 0.000000 0.000000 0.000000 0.000000 0.000000 0.000000 1.000000 1.000000 0.500000 0.000000 0.000000 0 
426 0.000000 0.000000 0.000000 0.000000 0.000000 0.000000 0.000000 0.000000 0.000000 0.000000 0.000000 0.000000 0.000000 1.000000 1.000000 0.500000 0.000000 0.000000 0 
427 0.000000 0.000000 0.000000 0.000000 0.000000 0.000000 0.000000 0.000000 0.000000 0.000000 0.000000 0.000000 0.000000 1.000000 1.000000 0.500000 0.000000 0.000000 0 
428 0.000000 0.000000 0.000000 0.000000 0.000000 0.000000 0.000000 0.000000 0.000000 0.000000 0.000000 0.000000 0.000000 1.000000 1.000000 0.500000 0.000000 0.000000 0 
429 0.000000 0.000000 0.000000 0.000000 0.000000 0.000000 0.000000 0.000000 0.000000 0.000000 0.000000 0.000000 0.000000 1.000000 1.000000 0.500000 0.000000 0.000000 0 
430 0.000000 0.000000 0.000000 0.000000 0.000000 0.000000 0.000000 0.000000 0.000000 0.000000 0.000000 0.000000 0.000000 1.000000 1.000000 0.500000 0.000000 0.000000 0 
431 0.000000 0.000000 0.000000 0.000000 0.000000 0.000000 0.000000 0.000000 0.000000 0.000000 0.000000 0.000000 0.000000 1.000000 1.000000 0.500000 0.000000 0.000000 0 
432 0.000000 0.000000 0.000000 0.000000 0.000000 0.000000 0.000000 0.000000 0.000000 0.000000 0.000000 0.000000 0.000000 1.000000 1.000000 0.500000 0.000000 0.000000 0 
433 0.000000 0.000000 0.000000 0.000000 0.000000 0.000000 0.000000 0.000000 0.000000 0.000000 0.000000 0.000000 0.000000 1.000000 1.000000 0.500000 0.000000 0.000000 0 
434 0.000000 0.000000 0.000000 0.000000 0.000000 0.000000 0.000000 0.000000 0.000000 0.000000 0.000000 0.000000 0.000000 1.000000 1.000000 0.500000 0.000000 0.000000 0 
435 0.000000 0.000000 0.000000 0.000000 0.000000 0.000000 0.000000 0.000000 0.000000 0.000000 0.000000 0.000000 0.000000 1.000000 1.000000 0.500000 0.000000 0.000000 0 
436 0.000000 0.000000 0.000000 0.000000 0.000000 0.000000 0.000000 0.000000 0.000000 0.000000 0.000000 0.000000 0.000000 1.000000 1.000000 0.500000 0.000000 0.000000 0 
437 0.000000 0.000000 0.000000 0.000000 0.000000 0.000000 0.000000 0.000000 0.000000 0.000000 0.000000 0.000000 0.000000 1.000000 1.000000 0.500000 0.000000 0.000000 0 
438 0.000000 0.000000 0.000000 0.000000 0.000000 0.000000 0.000000 0.000000 0.000000 0.000000 0.000000 0.000000 0.000000 1.000000 1.000000 0.500000 0.000000 0.000000 0 
439 0.000000 0.000000 0.000000 0.000000 0.000000 0.000000 0.000000 0.000000 0.000000 0.000000 0.000000 0.000000 0.000000 1.000000 1.000000 0.500000 0.000000 0.000000 0 
440 0.000000 0.000000 0.000000 0.000000 0.000000 0.000000 0.000000 0.000000 0.000000 0.000000 0.000000 0.000000 0.000000 1.000000 1.000000 0.500000 0.000000 0.000000 0 
441 0.000000 0.000000 0.000000 0.000000 0.000000 0.000000 0.000000 0.000000 0.000000 0.000000 0.000000 0.000000 0.000000 1.000000 1.000000 0.500000 0.000000 0.000000 0 
442 0.000000 0.000000 0.000000 0.000000 0.000000 0.000000 0.000000 0.000000 0.000000 0.000000 0.000000 0.000000 0.000000 1.000000 1.000000 0.500000 0.000000 0.000000 0 
443 0.000000 0.000000 0.000000 0.000000 0.000000 0.000000 0.000000 0.000000 0.000000 0.000000 0.000000 0.000000 0.000000 1.000000 1.000000 0.500000 0.000000 0.000000 0 
444 0.000000 0.000000 0.000000 0.000000 0.000000 0.000000 0.000000 0.000000 0.000000 0.000000 0.000000 0.000000 0.000000 1.000000 1.000000 0.500000 0.000000 0.000000 0 
445 0.000000 0.000000 0.000000 0.000000 0.000000 0.000000 0.000000 0.000000 0.000000 0.000000 0.000000 0.000000 0.000000 1.000000 1.000000 0.500000 0.000000 0.000000 0 
446 0.000000 0.000000 0.000000 0.000000 0.000000 0.000000 0.000000 0.000000 0.000000 0.000000 0.000000 0.000000 0.000000 1.000000 1.000000 0.500000 0.000000 0.000000 0 
447 0.000000 0.000000 0.000000 0.000000 0.000000 0.000000 0.000000 0.000000 0.000000 0.000000 0.000000 0.000000 0.000000 1.000000 1.000000 0.500000 0.000000 0.000000 0 
448 0.000000 0.000000 0.000000 0.000000 0.000000 0.000000 0.000000 0.000000 0.000000 0.000000 0.000000 0.000000 0.000000 1.000000 1.000000 0.500000 0.000000 0.000000 0 
449 0.000000 0.000000 0.000000 0.000000 0.000000 0.000000 0.000000 0.000000 0.000000 0.000000 0.000000 0.000000 0.000000 1.000000 1.000000 0.500000 0.000000 0.000000 0 
450 0.000000 0.000000 0.000000 0.000000 0.000000 0.000000 0.000000 0.000000 0.000000 0.000000 0.000000 0.000000 0.000000 1.000000 1.000000 0.500000 0.000000 0.000000 0 
451 0.000000 0.000000 0.000000 0.000000 0.000000 0.000000 0.000000 0.000000 0.000000 0.000000 0.000000 0.000000 0.000000 1.000000 1.000000 0.500000 0.000000 0.000000 0 
452 0.000000 0.000000 0.000000 0.000000 0.000000 0.000000 0.000000 0.000000 0.000000 0.000000 0.000000 0.000000 0.000000 1.000000 1.000000 0.500000 0.000000 0.000000 0 
453 0.000000 0.000000 0.000000 0.000000 0.000000 0.000000 0.000000 0.000000 0.000000 0.000000 0.000000 0.000000 0.000000 1.000000 1.000000 0.500000 0.000000 0.000000 0 
454 0.000000 0.000000 0.000000 0.000000 0.000000 0.000000 0.000000 0.000000 0.000000 0.000000 0.000000 0.000000 0.000000 1.000000 1.000000 0.500000 0.000000 0.000000 0 
455 0.000000 0.000000 0.000000 0.000000 0.000000 0.000000 0.000000 0.000000 0.000000 0.000000 0.000000 0.000000 0.000000 1.000000 1.000000 0.500000 0.000000 0.000000 0 
456 0.000000 0.000000 0.000000 0.000000 0.000000 0.000000 0.000000 0.000000 0.000000 0.000000 0.000000 0.000000 0.000000 1.000000 1.000000 0.500000 0.000000 0.000000 0 
457 0.000000 0.000000 0.000000 0.000000 0.000000 0.000000 0.000000 0.000000 0.000000 0.000000 0.000000 0.000000 0.000000 1.000000 1.000000 0.500000 0.000000 0.000000 0 
458 0.000000 0.000000 0.000000 0.000000 0.000000 0.000000 0.000000 0.000000 0.000000 0.000000 0.000000 0.000000 0.000000 1.000000 1.000000 0.500000 0.000000 0.000000 0 
459 0.000000 0.000000 0.000000 0.000000 0.000000 0.000000 0.000000 0.000000 0.000000 0.000000 0.000000 0.000000 0.000000 1.000000 1.000000 0.500000 0.000000 0.000000 0 
460 0.000000 0.000000 0.000000 0.000000 0.000000 0.000000 0.000000 0.000000 0.000000 0.000000 0.000000 0.000000 0.000000 1.000000 1.000000 0.500000 0.000000 0.000000 0 
461 0.000000 0.000000 0.000000 0.000000 0.000000 0.000000 0.000000 0.000000 0.000000 0.000000 0.000000 0.000000 0.000000 1.000000 1.000000 0.500000 0.000000 0.000000 0 
462 0.000000 0.000000 0.000000 0.000000 0.000000 0.000000 0.000000 0.000000 0.000000 0.000000 0.000000 0.000000 0.000000 1.000000 1.000000 0.500000 0.000000 0.000000 0 
463 0.000000 0.000000 0.000000 0.000000 0.000000 0.000000 0.000000 0.000000 0.000000 0.000000 0.000000 0.000000 0.000000 1.000000 1.000000 0.500000 0.000000 0.000000 0 
464 0.000000 0.000000 0.000000 0.000000 0.000000 0.000000 0.000000 0.000000 0.000000 0.000000 0.000000 0.000000 0.000000 1.000000 1.000000 0.500000 0.000000 0.000000 0 
465 0.000000 0.000000 0.000000 0.000000 0.000000 0.000000 0.000000 0.000000 0.000000 0.000000 0.000000 0.000000 0.000000 1.000000 1.000000 0.500000 0.000000 0.000000 0 
466 0.000000 0.000000 0.000000 0.000000 0.000000 0.000000 0.000000 0.000000 0.000000 0.000000 0.000000 0.000000 0.000000 1.000000 1.000000 0.500000 0.000000 0.000000 0 
467 0.000000 0.000000 0.000000 0.000000 0.000000 0.000000 0.000000 0.000000 0.000000 0.000000 0.000000 0.000000 0.000000 1.000000 1.000000 0.500000 0.000000 0.000000 0 
468 0.000000 0.000000 0.000000 0.000000 0.000000 0.000000 0.000000 0.000000 0.000000 0.000000 0.000000 0.000000 0.000000 1.000000 1.000000 0.500000 0.000000 0.000000 0 
469 0.000000 0.000000 0.000000 0.000000 0.000000 0.000000 0.000000 0.000000 0.000000 0.000000 0.000000 0.000000 0.000000 1.000000 1.000000 0.500000 0.000000 0.000000 0 
470 0.000000 0.000000 0.000000 0.000000 0.000000 0.000000 0.000000 0.000000 0.000000 0.000000 0.000000 0.000000 0.000000 1.000000 1.000000 0.500000 0.000000 0.000000 0 
471 0.000000 0.000000 0.000000 0.000000 0.000000 0.000000 0.000000 0.000000 0.000000 0.000000 0.000000 0.000000 0.000000 1.000000 1.000000 0.500000 0.000000 0.000000 0 
472 0.000000 0.000000 0.000000 0.000000 0.000000 0.000000 0.000000 0.000000 0.000000 0.000000 0.000000 0.000000 0.000000 1.000000 1.000000 0.500000 0.000000 0.000000 0 
473 0.000000 0.000000 0.000000 0.000000 0.000000 0.000000 0.000000 0.000000 0.000000 0.000000 0.000000 0.000000 0.000000 1.000000 1.000000 0.500000 0.000000 0.000000 0 
474 0.000000 0.000000 0.000000 0.000000 0.000000 0.000000 0.000000 0.000000 0.000000 0.000000 0.000000 0.000000 0.000000 1.000000 1.000000 0.500000 0.000000 0.000000 0 
475 0.000000 0.000000 0.000000 0.000000 0.000000 0.000000 0.000000 0.000000 0.000000 0.000000 0.000000 0.000000 0.000000 1.000000 1.000000 0.500000 0.000000 0.000000 0 
476 0.000000 0.000000 0.000000 0.000000 0.000000 0.000000 0.000000 0.000000 0.000000 0.000000 0.000000 0.000000 0.000000 1.000000 1.000000 0.500000 0.000000 0.000000 0 
477 0.000000 0.000000 0.000000 0.000000 0.000000 0.000000 0.000000 0.000000 0.000000 0.000000 0.000000 0.000000 0.000000 1.000000 1.000000 0.500000 0.000000 0.000000 0 
478 0.000000 0.000000 0.000000 0.000000 0.000000 0.000000 0.000000 0.000000 0.000000 0.000000 0.000000 0.000000 0.000000 1.000000 1.000000 0.500000 0.000000 0.000000 0 
479 0.000000 0.000000 0.000000 0.000000 0.000000 0.000000 0.000000 0.000000 0.000000 0.000000 0.000000 0.000000 0.000000 1.000000 1.000000 0.500000 0.000000 0.000000 0 
480 0.000000 0.000000 0.000000 0.000000 0.000000 0.000000 0.000000 0.000000 0.000000 0.000000 0.000000 0.000000 0.000000 1.000000 1.000000 0.500000 0.000000 0.000000 0 
481 0.000000 0.000000 0.000000 0.000000 0.000000 0.000000 0.000000 0.000000 0.000000 0.000000 0.000000 0.000000 0.000000 1.000000 1.000000 0.500000 0.000000 0.000000 0 
482 0.000000 0.000000 0.000000 0.000000 0.000000 0.000000 0.000000 0.000000 0.000000 0.000000 0.000000 0.000000 0.000000 1.000000 1.000000 0.500000 0.000000 0.000000 0 
483 0.000000 0.000000 0.000000 0.000000 0.000000 0.000000 0.000000 0.000000 0.000000 0.000000 0.000000 0.000000 0.000000 1.000000 1.000000 0.500000 0.000000 0.000000 0 
484 0.000000 0.000000 0.000000 0.000000 0.000000 0.000000 0.000000 0.000000 0.000000 0.000000 0.000000 0.000000 0.000000 1.000000 1.000000 0.500000 0.000000 0.000000 0 
485 0.000000 0.000000 0.000000 0.000000 0.000000 0.000000 0.000000 0.000000 0.000000 0.000000 0.000000 0.000000 0.000000 1.000000 1.000000 0.500000 0.000000 0.000000 0 
486 0.000000 0.000000 0.000000 0.000000 0.000000 0.000000 0.000000 0.000000 0.000000 0.000000 0.000000 0.000000 0.000000 1.000000 1.000000 0.500000 0.000000 0.000000 0 
487 0.000000 0.000000 0.000000 0.000000 0.000000 0.000000 0.000000 0.000000 0.000000 0.000000 0.000000 0.000000 0.000000 1.000000 1.000000 0.500000 0.000000 0.000000 0 
488 0.000000 0.000000 0.000000 0.000000 0.000000 0.000000 0.000000 0.000000 0.000000 0.000000 0.000000 0.000000 0.000000 1.000000 1.000000 0.500000 0.000000 0.000000 0 
489 0.000000 0.000000 0.000000 0.000000 0.000000 0.000000 0.000000 0.000000 0.000000 0.000000 0.000000 0.000000 0.000000 1.000000 1.000000 0.500000 0.000000 0.000000 0 
490 0.000000 0.000000 0.000000 0.000000 0.000000 0.000000 0.000000 0.000000 0.000000 0.000000 0.000000 0.000000 0.000000 1.000000 1.000000 0.500000 0.000000 0.000000 0 
491 0.000000 0.000000 0.000000 0.000000 0.000000 0.000000 0.000000 0.000000 0.000000 0.000000 0.000000 0.000000 0.000000 1.000000 1.000000 0.500000 0.000000 0.000000 0 
492 0.000000 0.000000 0.000000 0.000000 0.000000 0.000000 0.000000 0.000000 0.000000 0.000000 0.000000 0.000000 0.000000 1.000000 1.000000 0.500000 0.000000 0.000000 0 
493 0.000000 0.000000 0.000000 0.000000 0.000000 0.000000 0.000000 0.000000 0.000000 0.000000 0.000000 0.000000 0.000000 1.000000 1.000000 0.500000 0.000000 0.000000 0 
494 0.000000 0.000000 0.000000 0.000000 0.000000 0.000000 0.000000 0.000000 0.000000 0.000000 0.000000 0.000000 0.000000 1.000000 1.000000 0.500000 0.000000 0.000000 0 
495 0.000000 0.000000 0.000000 0.000000 0.000000 0.000000 0.000000 0.000000 0.000000 0.000000 0.000000 0.000000 0.000000 1.000000 1.000000 0.500000 0.000000 0.000000 0 
496 0.000000 0.000000 0.000000 0.000000 0.000000 0.000000 0.000000 0.000000 0.000000 0.000000 0.000000 0.000000 0.000000 1.000000 1.000000 0.500000 0.000000 0.000000 0 
497 0.000000 0.000000 0.000000 0.000000 0.000000 0.000000 0.000000 0.000000 0.000000 0.000000 0.000000 0.000000 0.000000 1.000000 1.000000 0.500000 0.000000 0.000000 0 
498 0.000000 0.000000 0.000000 0.000000 0.000000 0.000000 0.000000 0.000000 0.000000 0.000000 0.000000 0.000000 0.000000 1.000000 1.000000 0.500000 0.000000 0.000000 0 
499 0.000000 0.000000 0.000000 0.000000 0.000000 0.000000 0.000000 0.000000 0.000000 0.000000 0.000000 0.000000 0.000000 1.000000 1.000000 0.500000 0.000000 0.000000 0 
500 0.000000 0.000000 0.000000 0.000000 0.000000 0.000000 0.000000 0.000000 0.000000 0.000000 0.000000 0.000000 0.000000 1.000000 1.000000 0.500000 0.000000 0.000000 0 
501 0.000000 0.000000 0.000000 0.000000 0.000000 0.000000 0.000000 0.000000 0.000000 0.000000 0.000000 0.000000 0.000000 1.000000 1.000000 0.500000 0.000000 0.000000 0 
502 0.000000 0.000000 0.000000 0.000000 0.000000 0.000000 0.000000 0.000000 0.000000 0.000000 0.000000 0.000000 0.000000 1.000000 1.000000 0.500000 0.000000 0.000000 0 
503 0.000000 0.000000 0.000000 0.000000 0.000000 0.000000 0.000000 0.000000 0.000000 0.000000 0.000000 0.000000 0.000000 1.000000 1.000000 0.500000 0.000000 0.000000 0 
504 0.000000 0.000000 0.000000 0.000000 0.000000 0.000000 0.000000 0.000000 0.000000 0.000000 0.000000 0.000000 0.000000 1.000000 1.000000 0.500000 0.000000 0.000000 0 
505 0.000000 0.000000 0.000000 0.000000 0.000000 0.000000 0.000000 0.000000 0.000000 0.000000 0.000000 0.000000 0.000000 1.000000 1.000000 0.500000 0.000000 0.000000 0 
506 0.000000 0.000000 0.000000 0.000000 0.000000 0.000000 0.000000 0.000000 0.000000 0.000000 0.000000 0.000000 0.000000 1.000000 1.000000 0.500000 0.000000 0.000000 0 
507 0.000000 0.000000 0.000000 0.000000 0.000000 0.000000 0.000000 0.000000 0.000000 0.000000 0.000000 0.000000 0.000000 1.000000 1.000000 0.500000 0.000000 0.000000 0 
508 0.000000 0.000000 0.000000 0.000000 0.000000 0.000000 0.000000 0.000000 0.000000 0.000000 0.000000 0.000000 0.000000 1.000000 1.000000 0.500000 0.000000 0.000000 0 
509 0.000000 0.000000 0.000000 0.000000 0.000000 0.000000 0.000000 0.000000 0.000000 0.000000 0.000000 0.000000 0.000000 1.000000 1.000000 0.500000 0.000000 0.000000 0 
510 0.000000 0.000000 0.000000 0.000000 0.000000 0.000000 0.000000 0.000000 0.000000 0.000000 0.000000 0.000000 0.000000 1.000000 1.000000 0.500000 0.000000 0.000000 0 
511 0.000000 0.000000 0.000000 0.000000 0.000000 0.000000 0.000000 0.000000 0.000000 0.000000 0.000000 0.000000 0.000000 1.000000 1.000000 0.500000 0.000000 0.000000 0 
512 0.000000 0.000000 0.000000 0.000000 0.000000 0.000000 0.000000 0.000000 0.000000 0.000000 0.000000 0.000000 0.000000 1.000000 1.000000 0.500000 0.000000 0.000000 0 
513 0.000000 0.000000 0.000000 0.000000 0.000000 0.000000 0.000000 0.000000 0.000000 0.000000 0.000000 0.000000 0.000000 1.000000 1.000000 0.500000 0.000000 0.000000 0 
514 0.000000 0.000000 0.000000 0.000000 0.000000 0.000000 0.000000 0.000000 0.000000 0.000000 0.000000 0.000000 0.000000 1.000000 1.000000 0.500000 0.000000 0.000000 0 
515 0.000000 0.000000 0.000000 0.000000 0.000000 0.000000 0.000000 0.000000 0.000000 0.000000 0.000000 0.000000 0.000000 1.000000 1.000000 0.500000 0.000000 0.000000 0 
516 0.000000 0.000000 0.000000 0.000000 0.000000 0.000000 0.000000 0.000000 0.000000 0.000000 0.000000 0.000000 0.000000 1.000000 1.000000 0.500000 0.000000 0.000000 0 
517 0.000000 0.000000 0.000000 0.000000 0.000000 0.000000 0.000000 0.000000 0.000000 0.000000 0.000000 0.000000 0.000000 1.000000 1.000000 0.500000 0.000000 0.000000 0 
518 0.000000 0.000000 0.000000 0.000000 0.000000 0.000000 0.000000 0.000000 0.000000 0.000000 0.000000 0.000000 0.000000 1.000000 1.000000 0.500000 0.000000 0.000000 0 
519 0.000000 0.000000 0.000000 0.000000 0.000000 0.000000 0.000000 0.000000 0.000000 0.000000 0.000000 0.000000 0.000000 1.000000 1.000000 0.500000 0.000000 0.000000 0 
520 0.000000 0.000000 0.000000 0.000000 0.000000 0.000000 0.000000 0.000000 0.000000 0.000000 0.000000 0.000000 0.000000 1.000000 1.000000 0.500000 0.000000 0.000000 0 
521 0.000000 0.000000 0.000000 0.000000 0.000000 0.000000 0.000000 0.000000 0.000000 0.000000 0.000000 0.000000 0.000000 1.000000 1.000000 0.500000 0.000000 0.000000 0 
522 0.000000 0.000000 0.000000 0.000000 0.000000 0.000000 0.000000 0.000000 0.000000 0.000000 0.000000 0.000000 0.000000 1.000000 1.000000 0.500000 0.000000 0.000000 0 
523 0.000000 0.000000 0.000000 0.000000 0.000000 0.000000 0.000000 0.000000 0.000000 0.000000 0.000000 0.000000 0.000000 1.000000 1.000000 0.500000 0.000000 0.000000 0 
524 0.000000 0.000000 0.000000 0.000000 0.000000 0.000000 0.000000 0.000000 0.000000 0.000000 0.000000 0.000000 0.000000 1.000000 1.000000 0.500000 0.000000 0.000000 0 
525 0.000000 0.000000 0.000000 0.000000 0.000000 0.000000 0.000000 0.000000 0.000000 0.000000 0.000000 0.000000 0.000000 1.000000 1.000000 0.500000 0.000000 0.000000 0 
526 0.000000 0.000000 0.000000 0.000000 0.000000 0.000000 0.000000 0.000000 0.000000 0.000000 0.000000 0.000000 0.000000 1.000000 1.000000 0.500000 0.000000 0.000000 0 
527 0.000000 0.000000 0.000000 0.000000 0.000000 0.000000 0.000000 0.000000 0.000000 0.000000 0.000000 0.000000 0.000000 1.000000 1.000000 0.500000 0.000000 0.000000 0 
528 0.000000 0.000000 0.000000 0.000000 0.000000 0.000000 0.000000 0.000000 0.000000 0.000000 0.000000 0.000000 0.000000 1.000000 1.000000 0.500000 0.000000 0.000000 0 
529 0.000000 0.000000 0.000000 0.000000 0.000000 0.000000 0.000000 0.000000 0.000000 0.000000 0.000000 0.000000 0.000000 1.000000 1.000000 0.500000 0.000000 0.000000 0 
530 0.000000 0.000000 0.000000 0.000000 0.000000 0.000000 0.000000 0.000000 0.000000 0.000000 0.000000 0.000000 0.000000 1.000000 1.000000 0.500000 0.000000 0.000000 0 
531 0.000000 0.000000 0.000000 0.000000 0.000000 0.000000 0.000000 0.000000 0.000000 0.000000 0.000000 0.000000 0.000000 1.000000 1.000000 0.500000 0.000000 0.000000 0 
532 0.000000 0.000000 0.000000 0.000000 0.000000 0.000000 0.000000 0.000000 0.000000 0.000000 0.000000 0.000000 0.000000 1.000000 1.000000 0.500000 0.000000 0.000000 0 
533 0.000000 0.000000 0.000000 0.000000 0.000000 0.000000 0.000000 0.000000 0.000000 0.000000 0.000000 0.000000 0.000000 1.000000 1.000000 0.500000 0.000000 0.000000 0 
534 0.000000 0.000000 0.000000 0.000000 0.000000 0.000000 0.000000 0.000000 0.000000 0.000000 0.000000 0.000000 0.000000 1.000000 1.000000 0.500000 0.000000 0.000000 0 
535 0.000000 0.000000 0.000000 0.000000 0.000000 0.000000 0.000000 0.000000 0.000000 0.000000 0.000000 0.000000 0.000000 1.000000 1.000000 0.500000 0.000000 0.000000 0 
536 0.000000 0.000000 0.000000 0.000000 0.000000 0.000000 0.000000 0.000000 0.000000 0.000000 0.000000 0.000000 0.000000 1.000000 1.000000 0.500000 0.000000 0.000000 0 
537 0.000000 0.000000 0.000000 0.000000 0.000000 0.000000 0.000000 0.000000 0.000000 0.000000 0.000000 0.000000 0.000000 1.000000 1.000000 0.500000 0.000000 0.000000 0 
538 0.000000 0.000000 0.000000 0.000000 0.000000 0.000000 0.000000 0.000000 0.000000 0.000000 0.000000 0.000000 0.000000 1.000000 1.000000 0.500000 0.000000 0.000000 0 
539 0.000000 0.000000 0.000000 0.000000 0.000000 0.000000 0.000000 0.000000 0.000000 0.000000 0.000000 0.000000 0.000000 1.000000 1.000000 0.500000 0.000000 0.000000 0 
540 0.000000 0.000000 0.000000 0.000000 0.000000 0.000000 0.000000 0.000000 0.000000 0.000000 0.000000 0.000000 0.000000 1.000000 1.000000 0.500000 0.000000 0.000000 0 
541 0.000000 0.000000 0.000000 0.000000 0.000000 0.000000 0.000000 0.000000 0.000000 0.000000 0.000000 0.000000 0.000000 1.000000 1.000000 0.500000 0.000000 0.000000 0 
542 0.000000 0.000000 0.000000 0.000000 0.000000 0.000000 0.000000 0.000000 0.000000 0.000000 0.000000 0.000000 0.000000 1.000000 1.000000 0.500000 0.000000 0.000000 0 
543 0.000000 0.000000 0.000000 0.000000 0.000000 0.000000 0.000000 0.000000 0.000000 0.000000 0.000000 0.000000 0.000000 1.000000 1.000000 0.500000 0.000000 0.000000 0 
544 0.000000 0.000000 0.000000 0.000000 0.000000 0.000000 0.000000 0.000000 0.000000 0.000000 0.000000 0.000000 0.000000 1.000000 1.000000 0.500000 0.000000 0.000000 0 
545 0.000000 0.000000 0.000000 0.000000 0.000000 0.000000 0.000000 0.000000 0.000000 0.000000 0.000000 0.000000 0.000000 1.000000 1.000000 0.500000 0.000000 0.000000 0 
546 0.000000 0.000000 0.000000 0.000000 0.000000 0.000000 0.000000 0.000000 0.000000 0.000000 0.000000 0.000000 0.000000 1.000000 1.000000 0.500000 0.000000 0.000000 0 
547 0.000000 0.000000 0.000000 0.000000 0.000000 0.000000 0.000000 0.000000 0.000000 0.000000 0.000000 0.000000 0.000000 1.000000 1.000000 0.500000 0.000000 0.000000 0 
548 0.000000 0.000000 0.000000 0.000000 0.000000 0.000000 0.000000 0.000000 0.000000 0.000000 0.000000 0.000000 0.000000 1.000000 1.000000 0.500000 0.000000 0.000000 0 
549 0.000000 0.000000 0.000000 0.000000 0.000000 0.000000 0.000000 0.000000 0.000000 0.000000 0.000000 0.000000 0.000000 1.000000 1.000000 0.500000 0.000000 0.000000 0 
550 0.000000 0.000000 0.000000 0.000000 0.000000 0.000000 0.000000 0.000000 0.000000 0.000000 0.000000 0.000000 0.000000 1.000000 1.000000 0.500000 0.000000 0.000000 0 
551 0.000000 0.000000 0.000000 0.000000 0.000000 0.000000 0.000000 0.000000 0.000000 0.000000 0.000000 0.000000 0.000000 1.000000 1.000000 0.500000 0.000000 0.000000 0 
552 0.000000 0.000000 0.000000 0.000000 0.000000 0.000000 0.000000 0.000000 0.000000 0.000000 0.000000 0.000000 0.000000 1.000000 1.000000 0.500000 0.000000 0.000000 0 
553 0.000000 0.000000 0.000000 0.000000 0.000000 0.000000 0.000000 0.000000 0.000000 0.000000 0.000000 0.000000 0.000000 1.000000 1.000000 0.500000 0.000000 0.000000 0 
554 0.000000 0.000000 0.000000 0.000000 0.000000 0.000000 0.000000 0.000000 0.000000 0.000000 0.000000 0.000000 0.000000 1.000000 1.000000 0.500000 0.000000 0.000000 0 
555 0.000000 0.000000 0.000000 0.000000 0.000000 0.000000 0.000000 0.000000 0.000000 0.000000 0.000000 0.000000 0.000000 1.000000 1.000000 0.500000 0.000000 0.000000 0 
556 0.000000 0.000000 0.000000 0.000000 0.000000 0.000000 0.000000 0.000000 0.000000 0.000000 0.000000 0.000000 0.000000 1.000000 1.000000 0.500000 0.000000 0.000000 0 
557 0.000000 0.000000 0.000000 0.000000 0.000000 0.000000 0.000000 0.000000 0.000000 0.000000 0.000000 0.000000 0.000000 1.000000 1.000000 0.500000 0.000000 0.000000 0 
558 0.000000 0.000000 0.000000 0.000000 0.000000 0.000000 0.000000 0.000000 0.000000 0.000000 0.000000 0.000000 0.000000 1.000000 1.000000 0.500000 0.000000 0.000000 0 
559 0.000000 0.000000 0.000000 0.000000 0.000000 0.000000 0.000000 0.000000 0.000000 0.000000 0.000000 0.000000 0.000000 1.000000 1.000000 0.500000 0.000000 0.000000 0 
560 0.000000 0.000000 0.000000 0.000000 0.000000 0.000000 0.000000 0.000000 0.000000 0.000000 0.000000 0.000000 0.000000 1.000000 1.000000 0.500000 0.000000 0.000000 0 
561 0.000000 0.000000 0.000000 0.000000 0.000000 0.000000 0.000000 0.000000 0.000000 0.000000 0.000000 0.000000 0.000000 1.000000 1.000000 0.500000 0.000000 0.000000 0 
562 0.000000 0.000000 0.000000 0.000000 0.000000 0.000000 0.000000 0.000000 0.000000 0.000000 0.000000 0.000000 0.000000 1.000000 1.000000 0.500000 0.000000 0.000000 0 
563 0.000000 0.000000 0.000000 0.000000 0.000000 0.000000 0.000000 0.000000 0.000000 0.000000 0.000000 0.000000 0.000000 1.000000 1.000000 0.500000 0.000000 0.000000 0 
564 0.000000 0.000000 0.000000 0.000000 0.000000 0.000000 0.000000 0.000000 0.000000 0.000000 0.000000 0.000000 0.000000 1.000000 1.000000 0.500000 0.000000 0.000000 0 
565 0.000000 0.000000 0.000000 0.000000 0.000000 0.000000 0.000000 0.000000 0.000000 0.000000 0.000000 0.000000 0.000000 1.000000 1.000000 0.500000 0.000000 0.000000 0 
566 0.000000 0.000000 0.000000 0.000000 0.000000 0.000000 0.000000 0.000000 0.000000 0.000000 0.000000 0.000000 0.000000 1.000000 1.000000 0.500000 0.000000 0.000000 0 
567 0.000000 0.000000 0.000000 0.000000 0.000000 0.000000 0.000000 0.000000 0.000000 0.000000 0.000000 0.000000 0.000000 1.000000 1.000000 0.500000 0.000000 0.000000 0 
568 0.000000 0.000000 0.000000 0.000000 0.000000 0.000000 0.000000 0.000000 0.000000 0.000000 0.000000 0.000000 0.000000 1.000000 1.000000 0.500000 0.000000 0.000000 0 
569 0.000000 0.000000 0.000000 0.000000 0.000000 0.000000 0.000000 0.000000 0.000000 0.000000 0.000000 0.000000 0.000000 1.000000 1.000000 0.500000 0.000000 0.000000 0 
570 0.000000 0.000000 0.000000 0.000000 0.000000 0.000000 0.000000 0.000000 0.000000 0.000000 0.000000 0.000000 0.000000 1.000000 1.000000 0.500000 0.000000 0.000000 0 
571 0.000000 0.000000 0.000000 0.000000 0.000000 0.000000 0.000000 0.000000 0.000000 0.000000 0.000000 0.000000 0.000000 1.000000 1.000000 0.500000 0.000000 0.000000 0 
572 0.000000 0.000000 0.000000 0.000000 0.000000 0.000000 0.000000 0.000000 0.000000 0.000000 0.000000 0.000000 0.000000 1.000000 1.000000 0.500000 0.000000 0.000000 0 
573 0.000000 0.000000 0.000000 0.000000 0.000000 0.000000 0.000000 0.000000 0.000000 0.000000 0.000000 0.000000 0.000000 1.000000 1.000000 0.500000 0.000000 0.000000 0 
574 0.000000 0.000000 0.000000 0.000000 0.000000 0.000000 0.000000 0.000000 0.000000 0.000000 0.000000 0.000000 0.000000 1.000000 1.000000 0.500000 0.000000 0.000000 0 
575 0.000000 0.000000 0.000000 0.000000 0.000000 0.000000 0.000000 0.000000 0.000000 0.000000 0.000000 0.000000 0.000000 1.000000 1.000000 0.500000 0.000000 0.000000 0 
576 0.000000 0.000000 0.000000 0.000000 0.000000 0.000000 0.000000 0.000000 0.000000 0.000000 0.000000 0.000000 0.000000 1.000000 1.000000 0.500000 0.000000 0.000000 0 
577 0.000000 0.000000 0.000000 0.000000 0.000000 0.000000 0.000000 0.000000 0.000000 0.000000 0.000000 0.000000 0.000000 1.000000 1.000000 0.500000 0.000000 0.000000 0 
578 0.000000 0.000000 0.000000 0.000000 0.000000 0.000000 0.000000 0.000000 0.000000 0.000000 0.000000 0.000000 0.000000 1.000000 1.000000 0.500000 0.000000 0.000000 0 
579 0.000000 0.000000 0.000000 0.000000 0.000000 0.000000 0.000000 0.000000 0.000000 0.000000 0.000000 0.000000 0.000000 1.000000 1.000000 0.500000 0.000000 0.000000 0 
580 0.000000 0.000000 0.000000 0.000000 0.000000 0.000000 0.000000 0.000000 0.000000 0.000000 0.000000 0.000000 0.000000 1.000000 1.000000 0.500000 0.000000 0.000000 0 
581 0.000000 0.000000 0.000000 0.000000 0.000000 0.000000 0.000000 0.000000 0.000000 0.000000 0.000000 0.000000 0.000000 1.000000 1.000000 0.500000 0.000000 0.000000 0 
582 0.000000 0.000000 0.000000 0.000000 0.000000 0.000000 0.000000 0.000000 0.000000 0.000000 0.000000 0.000000 0.000000 1.000000 1.000000 0.500000 0.000000 0.000000 0 
583 0.000000 0.000000 0.000000 0.000000 0.000000 0.000000 0.000000 0.000000 0.000000 0.000000 0.000000 0.000000 0.000000 1.000000 1.000000 0.500000 0.000000 0.000000 0 
584 0.000000 0.000000 0.000000 0.000000 0.000000 0.000000 0.000000 0.000000 0.000000 0.000000 0.000000 0.000000 0.000000 1.000000 1.000000 0.500000 0.000000 0.000000 0 
585 0.000000 0.000000 0.000000 0.000000 0.000000 0.000000 0.000000 0.000000 0.000000 0.000000 0.000000 0.000000 0.000000 1.000000 1.000000 0.500000 0.000000 0.000000 0 
586 0.000000 0.000000 0.000000 0.000000 0.000000 0.000000 0.000000 0.000000 0.000000 0.000000 0.000000 0.000000 0.000000 1.000000 1.000000 0.500000 0.000000 0.000000 0 
587 0.000000 0.000000 0.000000 0.000000 0.000000 0.000000 0.000000 0.000000 0.000000 0.000000 0.000000 0.000000 0.000000 1.000000 1.000000 0.500000 0.000000 0.000000 0 
588 0.000000 0.000000 0.000000 0.000000 0.000000 0.000000 0.000000 0.000000 0.000000 0.000000 0.000000 0.000000 0.000000 1.000000 1.000000 0.500000 0.000000 0.000000 0 
589 0.000000 0.000000 0.000000 0.000000 0.000000 0.000000 0.000000 0.000000 0.000000 0.000000 0.000000 0.000000 0.000000 1.000000 1.000000 0.500000 0.000000 0.000000 0 
590 0.000000 0.000000 0.000000 0.000000 0.000000 0.000000 0.000000 0.000000 0.000000 0.000000 0.000000 0.000000 0.000000 1.000000 1.000000 0.500000 0.000000 0.000000 0 
591 0.000000 0.000000 0.000000 0.000000 0.000000 0.000000 0.000000 0.000000 0.000000 0.000000 0.000000 0.000000 0.000000 1.000000 1.000000 0.500000 0.000000 0.000000 0 
592 0.000000 0.000000 0.000000 0.000000 0.000000 0.000000 0.000000 0.000000 0.000000 0.000000 0.000000 0.000000 0.000000 1.000000 1.000000 0.500000 0.000000 0.000000 0 
593 0.000000 0.000000 0.000000 0.000000 0.000000 0.000000 0.000000 0.000000 0.000000 0.000000 0.000000 0.000000 0.000000 1.000000 1.000000 0.500000 0.000000 0.000000 0 
594 0.000000 0.000000 0.000000 0.000000 0.000000 0.000000 0.000000 0.000000 0.000000 0.000000 0.000000 0.000000 0.000000 1.000000 1.000000 0.500000 0.000000 0.000000 0 
595 0.000000 0.000000 0.000000 0.000000 0.000000 0.000000 0.000000 0.000000 0.000000 0.000000 0.000000 0.000000 0.000000 1.000000 1.000000 0.500000 0.000000 0.000000 0 
596 0.000000 0.000000 0.000000 0.000000 0.000000 0.000000 0.000000 0.000000 0.000000 0.000000 0.000000 0.000000 0.000000 1.000000 1.000000 0.500000 0.000000 0.000000 0 
597 0.000000 0.000000 0.000000 0.000000 0.000000 0.000000 0.000000 0.000000 0.000000 0.000000 0.000000 0.000000 0.000000 1.000000 1.000000 0.500000 0.000000 0.000000 0 
598 0.000000 0.000000 0.000000 0.000000 0.000000 0.000000 0.000000 0.000000 0.000000 0.000000 0.000000 0.000000 0.000000 1.000000 1.000000 0.500000 0.000000 0.000000 0 
599 0.000000 0.000000 0.000000 0.000000 0.000000 0.000000 0.000000 0.000000 0.000000 0.000000 0.000000 0.000000 0.000000 1.000000 1.000000 0.500000 0.000000 0.000000 0 
600 0.000000 0.000000 0.000000 0.000000 0.000000 0.000000 0.000000 0.000000 0.000000 0.000000 0.000000 0.000000 0.000000 1.000000 1.000000 0.500000 0.000000 0.000000 0 
601 0.000000 0.000000 0.000000 0.000000 0.000000 0.000000 0.000000 0.000000 0.000000 0.000000 0.000000 0.000000 0.000000 1.000000 1.000000 0.500000 0.000000 0.000000 0 
602 0.000000 0.000000 0.000000 0.000000 0.000000 0.000000 0.000000 0.000000 0.000000 0.000000 0.000000 0.000000 0.000000 1.000000 1.000000 0.500000 0.000000 0.000000 0 
603 0.000000 0.000000 0.000000 0.000000 0.000000 0.000000 0.000000 0.000000 0.000000 0.000000 0.000000 0.000000 0.000000 1.000000 1.000000 0.500000 0.000000 0.000000 0 
604 0.000000 0.000000 0.000000 0.000000 0.000000 0.000000 0.000000 0.000000 0.000000 0.000000 0.000000 0.000000 0.000000 1.000000 1.000000 0.500000 0.000000 0.000000 0 
605 0.000000 0.000000 0.000000 0.000000 0.000000 0.000000 0.000000 0.000000 0.000000 0.000000 0.000000 0.000000 0.000000 1.000000 1.000000 0.500000 0.000000 0.000000 0 
606 0.000000 0.000000 0.000000 0.000000 0.000000 0.000000 0.000000 0.000000 0.000000 0.000000 0.000000 0.000000 0.000000 1.000000 1.000000 0.500000 0.000000 0.000000 0 
607 0.000000 0.000000 0.000000 0.000000 0.000000 0.000000 0.000000 0.000000 0.000000 0.000000 0.000000 0.000000 0.000000 1.000000 1.000000 0.500000 0.000000 0.000000 0 
608 0.000000 0.000000 0.000000 0.000000 0.000000 0.000000 0.000000 0.000000 0.000000 0.000000 0.000000 0.000000 0.000000 1.000000 1.000000 0.500000 0.000000 0.000000 0 
609 0.000000 0.000000 0.000000 0.000000 0.000000 0.000000 0.000000 0.000000 0.000000 0.000000 0.000000 0.000000 0.000000 1.000000 1.000000 0.500000 0.000000 0.000000 0 
610 0.000000 0.000000 0.000000 0.000000 0.000000 0.000000 0.000000 0.000000 0.000000 0.000000 0.000000 0.000000 0.000000 1.000000 1.000000 0.500000 0.000000 0.000000 0 
611 0.000000 0.000000 0.000000 0.000000 0.000000 0.000000 0.000000 0.000000 0.000000 0.000000 0.000000 0.000000 0.000000 1.000000 1.000000 0.500000 0.000000 0.000000 0 
612 0.000000 0.000000 0.000000 0.000000 0.000000 0.000000 0.000000 0.000000 0.000000 0.000000 0.000000 0.000000 0.000000 1.000000 1.000000 0.500000 0.000000 0.000000 0 
613 0.000000 0.000000 0.000000 0.000000 0.000000 0.000000 0.000000 0.000000 0.000000 0.000000 0.000000 0.000000 0.000000 1.000000 1.000000 0.500000 0.000000 0.000000 0 
614 0.000000 0.000000 0.000000 0.000000 0.000000 0.000000 0.000000 0.000000 0.000000 0.000000 0.000000 0.000000 0.000000 1.000000 1.000000 0.500000 0.000000 0.000000 0 
615 0.000000 0.000000 0.000000 0.000000 0.000000 0.000000 0.000000 0.000000 0.000000 0.000000 0.000000 0.000000 0.000000 1.000000 1.000000 0.500000 0.000000 0.000000 0 
616 0.000000 0.000000 0.000000 0.000000 0.000000 0.000000 0.000000 0.000000 0.000000 0.000000 0.000000 0.000000 0.000000 1.000000 1.000000 0.500000 0.000000 0.000000 0 
617 0.000000 0.000000 0.000000 0.000000 0.000000 0.000000 0.000000 0.000000 0.000000 0.000000 0.000000 0.000000 0.000000 1.000000 1.000000 0.500000 0.000000 0.000000 0 
618 0.000000 0.000000 0.000000 0.000000 0.000000 0.000000 0.000000 0.000000 0.000000 0.000000 0.000000 0.000000 0.000000 1.000000 1.000000 0.500000 0.000000 0.000000 0 
619 0.000000 0.000000 0.000000 0.000000 0.000000 0.000000 0.000000 0.000000 0.000000 0.000000 0.000000 0.000000 0.000000 1.000000 1.000000 0.500000 0.000000 0.000000 0 
620 0.000000 0.000000 0.000000 0.000000 0.000000 0.000000 0.000000 0.000000 0.000000 0.000000 0.000000 0.000000 0.000000 1.000000 1.000000 0.500000 0.000000 0.000000 0 
621 0.000000 0.000000 0.000000 0.000000 0.000000 0.000000 0.000000 0.000000 0.000000 0.000000 0.000000 0.000000 0.000000 1.000000 1.000000 0.500000 0.000000 0.000000 0 
622 0.000000 0.000000 0.000000 0.000000 0.000000 0.000000 0.000000 0.000000 0.000000 0.000000 0.000000 0.000000 0.000000 1.000000 1.000000 0.500000 0.000000 0.000000 0 
623 0.000000 0.000000 0.000000 0.000000 0.000000 0.000000 0.000000 0.000000 0.000000 0.000000 0.000000 0.000000 0.000000 1.000000 1.000000 0.500000 0.000000 0.000000 0 
624 0.000000 0.000000 0.000000 0.000000 0.000000 0.000000 0.000000 0.000000 0.000000 0.000000 0.000000 0.000000 0.000000 1.000000 1.000000 0.500000 0.000000 0.000000 0 
625 0.000000 0.000000 0.000000 0.000000 0.000000 0.000000 0.000000 0.000000 0.000000 0.000000 0.000000 0.000000 0.000000 1.000000 1.000000 0.500000 0.000000 0.000000 0 
626 0.000000 0.000000 0.000000 0.000000 0.000000 0.000000 0.000000 0.000000 0.000000 0.000000 0.000000 0.000000 0.000000 1.000000 1.000000 0.500000 0.000000 0.000000 0 
627 0.000000 0.000000 0.000000 0.000000 0.000000 0.000000 0.000000 0.000000 0.000000 0.000000 0.000000 0.000000 0.000000 1.000000 1.000000 0.500000 0.000000 0.000000 0 
628 0.000000 0.000000 0.000000 0.000000 0.000000 0.000000 0.000000 0.000000 0.000000 0.000000 0.000000 0.000000 0.000000 1.000000 1.000000 0.500000 0.000000 0.000000 0 
629 0.000000 0.000000 0.000000 0.000000 0.000000 0.000000 0.000000 0.000000 0.000000 0.000000 0.000000 0.000000 0.000000 1.000000 1.000000 0.500000 0.000000 0.000000 0 
630 0.000000 0.000000 0.000000 0.000000 0.000000 0.000000 0.000000 0.000000 0.000000 0.000000 0.000000 0.000000 0.000000 1.000000 1.000000 0.500000 0.000000 0.000000 0 
631 0.000000 0.000000 0.000000 0.000000 0.000000 0.000000 0.000000 0.000000 0.000000 0.000000 0.000000 0.000000 0.000000 1.000000 1.000000 0.500000 0.000000 0.000000 0 
632 0.000000 0.000000 0.000000 0.000000 0.000000 0.000000 0.000000 0.000000 0.000000 0.000000 0.000000 0.000000 0.000000 1.000000 1.000000 0.500000 0.000000 0.000000 0 
633 0.000000 0.000000 0.000000 0.000000 0.000000 0.000000 0.000000 0.000000 0.000000 0.000000 0.000000 0.000000 0.000000 1.000000 1.000000 0.500000 0.000000 0.000000 0 
634 0.000000 0.000000 0.000000 0.000000 0.000000 0.000000 0.000000 0.000000 0.000000 0.000000 0.000000 0.000000 0.000000 1.000000 1.000000 0.500000 0.000000 0.000000 0 
635 0.000000 0.000000 0.000000 0.000000 0.000000 0.000000 0.000000 0.000000 0.000000 0.000000 0.000000 0.000000 0.000000 1.000000 1.000000 0.500000 0.000000 0.000000 0 
636 0.000000 0.000000 0.000000 0.000000 0.000000 0.000000 0.000000 0.000000 0.000000 0.000000 0.000000 0.000000 0.000000 1.000000 1.000000 0.500000 0.000000 0.000000 0 
637 0.000000 0.000000 0.000000 0.000000 0.000000 0.000000 0.000000 0.000000 0.000000 0.000000 0.000000 0.000000 0.000000 1.000000 1.000000 0.500000 0.000000 0.000000 0 
638 0.000000 0.000000 0.000000 0.000000 0.000000 0.000000 0.000000 0.000000 0.000000 0.000000 0.000000 0.000000 0.000000 1.000000 1.000000 0.500000 0.000000 0.000000 0 
639 0.000000 0.000000 0.000000 0.000000 0.000000 0.000000 0.000000 0.000000 0.000000 0.000000 0.000000 0.000000 0.000000 1.000000 1.000000 0.500000 0.000000 0.000000 0 
640 0.000000 0.000000 0.000000 0.000000 0.000000 0.000000 0.000000 0.000000 0.000000 0.000000 0.000000 0.000000 0.000000 1.000000 1.000000 0.500000 0.000000 0.000000 0 
641 0.000000 0.000000 0.000000 0.000000 0.000000 0.000000 0.000000 0.000000 0.000000 0.000000 0.000000 0.000000 0.000000 1.000000 1.000000 0.500000 0.000000 0.000000 0 
642 0.000000 0.000000 0.000000 0.000000 0.000000 0.000000 0.000000 0.000000 0.000000 0.000000 0.000000 0.000000 0.000000 1.000000 1.000000 0.500000 0.000000 0.000000 0 
643 0.000000 0.000000 0.000000 0.000000 0.000000 0.000000 0.000000 0.000000 0.000000 0.000000 0.000000 0.000000 0.000000 1.000000 1.000000 0.500000 0.000000 0.000000 0 
644 0.000000 0.000000 0.000000 0.000000 0.000000 0.000000 0.000000 0.000000 0.000000 0.000000 0.000000 0.000000 0.000000 1.000000 1.000000 0.500000 0.000000 0.000000 0 
645 0.000000 0.000000 0.000000 0.000000 0.000000 0.000000 0.000000 0.000000 0.000000 0.000000 0.000000 0.000000 0.000000 1.000000 1.000000 0.500000 0.000000 0.000000 0 
646 0.000000 0.000000 0.000000 0.000000 0.000000 0.000000 0.000000 0.000000 0.000000 0.000000 0.000000 0.000000 0.000000 1.000000 1.000000 0.500000 0.000000 0.000000 0 
647 0.000000 0.000000 0.000000 0.000000 0.000000 0.000000 0.000000 0.000000 0.000000 0.000000 0.000000 0.000000 0.000000 1.000000 1.000000 0.500000 0.000000 0.000000 0 
648 0.000000 0.000000 0.000000 0.000000 0.000000 0.000000 0.000000 0.000000 0.000000 0.000000 0.000000 0.000000 0.000000 1.000000 1.000000 0.500000 0.000000 0.000000 0 
649 0.000000 0.000000 0.000000 0.000000 0.000000 0.000000 0.000000 0.000000 0.000000 0.000000 0.000000 0.000000 0.000000 1.000000 1.000000 0.500000 0.000000 0.000000 0 
650 0.000000 0.000000 0.000000 0.000000 0.000000 0.000000 0.000000 0.000000 0.000000 0.000000 0.000000 0.000000 0.000000 1.000000 1.000000 0.500000 0.000000 0.000000 0 
651 0.000000 0.000000 0.000000 0.000000 0.000000 0.000000 0.000000 0.000000 0.000000 0.000000 0.000000 0.000000 0.000000 1.000000 1.000000 0.500000 0.000000 0.000000 0 
652 0.000000 0.000000 0.000000 0.000000 0.000000 0.000000 0.000000 0.000000 0.000000 0.000000 0.000000 0.000000 0.000000 1.000000 1.000000 0.500000 0.000000 0.000000 0 
653 0.000000 0.000000 0.000000 0.000000 0.000000 0.000000 0.000000 0.000000 0.000000 0.000000 0.000000 0.000000 0.000000 1.000000 1.000000 0.500000 0.000000 0.000000 0 
654 0.000000 0.000000 0.000000 0.000000 0.000000 0.000000 0.000000 0.000000 0.000000 0.000000 0.000000 0.000000 0.000000 1.000000 1.000000 0.500000 0.000000 0.000000 0 
655 0.000000 0.000000 0.000000 0.000000 0.000000 0.000000 0.000000 0.000000 0.000000 0.000000 0.000000 0.000000 0.000000 1.000000 1.000000 0.500000 0.000000 0.000000 0 
656 0.000000 0.000000 0.000000 0.000000 0.000000 0.000000 0.000000 0.000000 0.000000 0.000000 0.000000 0.000000 0.000000 1.000000 1.000000 0.500000 0.000000 0.000000 0 
657 0.000000 0.000000 0.000000 0.000000 0.000000 0.000000 0.000000 0.000000 0.000000 0.000000 0.000000 0.000000 0.000000 1.000000 1.000000 0.500000 0.000000 0.000000 0 
658 0.000000 0.000000 0.000000 0.000000 0.000000 0.000000 0.000000 0.000000 0.000000 0.000000 0.000000 0.000000 0.000000 1.000000 1.000000 0.500000 0.000000 0.000000 0 
659 0.000000 0.000000 0.000000 0.000000 0.000000 0.000000 0.000000 0.000000 0.000000 0.000000 0.000000 0.000000 0.000000 1.000000 1.000000 0.500000 0.000000 0.000000 0 
660 0.000000 0.000000 0.000000 0.000000 0.000000 0.000000 0.000000 0.000000 0.000000 0.000000 0.000000 0.000000 0.000000 1.000000 1.000000 0.500000 0.000000 0.000000 0 
661 0.000000 0.000000 0.000000 0.000000 0.000000 0.000000 0.000000 0.000000 0.000000 0.000000 0.000000 0.000000 0.000000 1.000000 1.000000 0.500000 0.000000 0.000000 0 
662 0.000000 0.000000 0.000000 0.000000 0.000000 0.000000 0.000000 0.000000 0.000000 0.000000 0.000000 0.000000 0.000000 1.000000 1.000000 0.500000 0.000000 0.000000 0 
663 0.000000 0.000000 0.000000 0.000000 0.000000 0.000000 0.000000 0.000000 0.000000 0.000000 0.000000 0.000000 0.000000 1.000000 1.000000 0.500000 0.000000 0.000000 0 
664 0.000000 0.000000 0.000000 0.000000 0.000000 0.000000 0.000000 0.000000 0.000000 0.000000 0.000000 0.000000 0.000000 1.000000 1.000000 0.500000 0.000000 0.000000 0 
665 0.000000 0.000000 0.000000 0.000000 0.000000 0.000000 0.000000 0.000000 0.000000 0.000000 0.000000 0.000000 0.000000 1.000000 1.000000 0.500000 0.000000 0.000000 0 
666 0.000000 0.000000 0.000000 0.000000 0.000000 0.000000 0.000000 0.000000 0.000000 0.000000 0.000000 0.000000 0.000000 1.000000 1.000000 0.500000 0.000000 0.000000 0 
667 0.000000 0.000000 0.000000 0.000000 0.000000 0.000000 0.000000 0.000000 0.000000 0.000000 0.000000 0.000000 0.000000 1.000000 1.000000 0.500000 0.000000 0.000000 0 
668 0.000000 0.000000 0.000000 0.000000 0.000000 0.000000 0.000000 0.000000 0.000000 0.000000 0.000000 0.000000 0.000000 1.000000 1.000000 0.500000 0.000000 0.000000 0 
669 0.000000 0.000000 0.000000 0.000000 0.000000 0.000000 0.000000 0.000000 0.000000 0.000000 0.000000 0.000000 0.000000 1.000000 1.000000 0.500000 0.000000 0.000000 0 
670 0.000000 0.000000 0.000000 0.000000 0.000000 0.000000 0.000000 0.000000 0.000000 0.000000 0.000000 0.000000 0.000000 1.000000 1.000000 0.500000 0.000000 0.000000 0 
671 0.000000 0.000000 0.000000 0.000000 0.000000 0.000000 0.000000 0.000000 0.000000 0.000000 0.000000 0.000000 0.000000 1.000000 1.000000 0.500000 0.000000 0.000000 0 
672 0.000000 0.000000 0.000000 0.000000 0.000000 0.000000 0.000000 0.000000 0.000000 0.000000 0.000000 0.000000 0.000000 1.000000 1.000000 0.500000 0.000000 0.000000 0 
673 0.000000 0.000000 0.000000 0.000000 0.000000 0.000000 0.000000 0.000000 0.000000 0.000000 0.000000 0.000000 0.000000 1.000000 1.000000 0.500000 0.000000 0.000000 0 
674 0.000000 0.000000 0.000000 0.000000 0.000000 0.000000 0.000000 0.000000 0.000000 0.000000 0.000000 0.000000 0.000000 1.000000 1.000000 0.500000 0.000000 0.000000 0 
675 0.000000 0.000000 0.000000 0.000000 0.000000 0.000000 0.000000 0.000000 0.000000 0.000000 0.000000 0.000000 0.000000 1.000000 1.000000 0.500000 0.000000 0.000000 0 
676 0.000000 0.000000 0.000000 0.000000 0.000000 0.000000 0.000000 0.000000 0.000000 0.000000 0.000000 0.000000 0.000000 1.000000 1.000000 0.500000 0.000000 0.000000 0 
677 0.000000 0.000000 0.000000 0.000000 0.000000 0.000000 0.000000 0.000000 0.000000 0.000000 0.000000 0.000000 0.000000 1.000000 1.000000 0.500000 0.000000 0.000000 0 
678 0.000000 0.000000 0.000000 0.000000 0.000000 0.000000 0.000000 0.000000 0.000000 0.000000 0.000000 0.000000 0.000000 1.000000 1.000000 0.500000 0.000000 0.000000 0 
679 0.000000 0.000000 0.000000 0.000000 0.000000 0.000000 0.000000 0.000000 0.000000 0.000000 0.000000 0.000000 0.000000 1.000000 1.000000 0.500000 0.000000 0.000000 0 
680 0.000000 0.000000 0.000000 0.000000 0.000000 0.000000 0.000000 0.000000 0.000000 0.000000 0.000000 0.000000 0.000000 1.000000 1.000000 0.500000 0.000000 0.000000 0 
681 0.000000 0.000000 0.000000 0.000000 0.000000 0.000000 0.000000 0.000000 0.000000 0.000000 0.000000 0.000000 0.000000 1.000000 1.000000 0.500000 0.000000 0.000000 0 
682 0.000000 0.000000 0.000000 0.000000 0.000000 0.000000 0.000000 0.000000 0.000000 0.000000 0.000000 0.000000 0.000000 1.000000 1.000000 0.500000 0.000000 0.000000 0 
683 0.000002 0.000000 0.000000 0.000000 0.000000 0.000000 0.000000 0.000002 0.000002 0.000007 0.000007 0.000002 0.000000 1.000000 1.000000 0.500000 0.000000 0.000000 0 
684 0.000013 0.000000 0.000000 0.000000 0.000000 0.000000 0.000000 0.000013 0.000013 0.000053 0.000053 0.000013 0.000000 1.000000 1.000000 0.500000 0.000000 0.000000 0 
685 0.000043 0.000000 0.000000 0.000000 0.000000 0.000000 0.000000 0.000043 0.000043 0.000173 0.000173 0.000043 0.000000 1.000000 1.000000 0.500000 0.000000 0.000000 0 
686 0.000093 0.000000 0.000000 0.000000 0.000000 0.000000 0.000000 0.000093 0.000093 0.000372 0.000372 0.000093 0.000000 1.000000 1.000000 0.500000 0.000000 0.000000 0 
687 0.000163 0.000001 0.000001 0.000001 0.000000 0.000000 0.000000 0.000163 0.000163 0.000651 0.000651 0.000163 0.000000 1.000000 1.000000 0.500000 0.000000 0.000000 0 
688 0.000253 0.000001 0.000001 0.000001 0.000000 0.000000 0.000000 0.000253 0.000253 0.001008 0.001008 0.000252 0.000000 1.000000 1.000000 0.500000 0.000000 0.000000 0 
689 0.000363 0.000002 0.000002 0.000002 0.000000 0.000000 0.000000 0.000363 0.000363 0.001444 0.001444 0.000361 0.000000 1.000000 1.000000 0.500000 0.000000 0.000000 0 
690 0.000493 0.000004 0.000004 0.000004 0.000000 0.000000 0.000000 0.000493 0.000493 0.001958 0.001958 0.000490 0.000000 1.000000 1.000000 0.500000 0.000000 0.000000 0 
691 0.000643 0.000006 0.000006 0.000006 0.000000 0.000000 0.000000 0.000643 0.000643 0.002551 0.002551 0.000638 0.000000 1.000000 1.000000 0.500000 0.000000 0.000000 0 
692 0.000813 0.000008 0.000008 0.000008 0.000000 0.000000 0.000000 0.000813 0.000813 0.003220 0.003220 0.000805 0.000000 1.000000 1.000000 0.500000 0.000000 0.000000 0 
693 0.001003 0.000011 0.000011 0.000011 0.000000 0.000000 0.000000 0.001003 0.001003 0.003968 0.003968 0.000992 0.000000 1.000000 1.000000 0.500000 0.000000 0.000000 0 
694 0.001213 0.000015 0.000015 0.000015 0.000000 0.000000 0.000000 0.001213 0.001213 0.004792 0.004792 0.001198 0.000000 1.000000 1.000000 0.500000 0.000000 0.000000 0 
695 0.001443 0.000020 0.000020 0.000020 0.000000 0.000000 0.000000 0.001443 0.001443 0.005693 0.005693 0.001423 0.000000 1.000000 1.000000 0.500000 0.000000 0.000000 0 
696 0.001693 0.000026 0.000026 0.000026 0.000000 0.000000 0.000000 0.001693 0.001693 0.006670 0.006670 0.001667 0.000000 1.000000 1.000000 0.500000 0.000000 0.000000 0 
697 0.001963 0.000033 0.000033 0.000033 0.000000 0.000000 0.000000 0.001963 0.001963 0.007723 0.007723 0.001931 0.000000 1.000000 1.000000 0.500000 0.000000 0.000000 0 
698 0.002253 0.000040 0.000040 0.000040 0.000000 0.000000 0.000000 0.002253 0.002253 0.008852 0.008852 0.002213 0.000000 1.000000 1.000000 0.500000 0.000000 0.000000 0 
699 0.002563 0.000049 0.000049 0.000049 0.000000 0.000000 0.000000 0.002563 0.002563 0.010057 0.010057 0.002514 0.000000 1.000000 1.000000 0.500000 0.000000 0.000000 0 
700 0.002893 0.000059 0.000059 0.000059 0.000000 0.000000 0.000000 0.002893 0.002893 0.011337 0.011337 0.002834 0.000000 1.000000 1.000000 0.500000 0.000000 0.000000 0 
701 0.003243 0.000071 0.000071 0.000071 0.000000 0.000000 0.000000 0.003243 0.003243 0.012691 0.012691 0.003173 0.000000 1.000000 1.000000 0.500000 0.000000 0.000000 0 
702 0.003613 0.000083 0.000083 0.000083 0.000000 0.000000 0.000000 0.003613 0.003613 0.014120 0.014120 0.003530 0.000000 1.000000 1.000000 0.500000 0.000000 0.000000 0 
703 0.004003 0.000097 0.000097 0.000097 0.000000 0.000000 0.000000 0.004003 0.004003 0.015624 0.015624 0.003906 0.000000 1.000000 1.000000 0.500000 0.000000 0.000000 0 
704 0.004413 0.000113 0.000113 0.000113 0.000000 0.000000 0.000000 0.004413 0.004413 0.017201 0.017201 0.004300 0.000000 1.000000 1.000000 0.500000 0.000000 0.000000 0 
705 0.004843 0.000130 0.000130 0.000130 0.000000 0.000000 0.000000 0.004843 0.004843 0.018853 0.018853 0.004713 0.000000 1.000000 1.000000 0.500000 0.000000 0.000000 0 
706 0.005293 0.000149 0.000149 0.000149 0.000000 0.000000 0.000000 0.005293 0.005293 0.020577 0.020577 0.005144 0.000000 1.000000 1.000000 0.500000 0.000000 0.000000 0 
707 0.005763 0.000170 0.000170 0.000170 0.000000 0.000000 0.000000 0.005763 0.005763 0.022375 0.022375 0.005594 0.000000 1.000000 1.000000 0.500000 0.000000 0.000000 0 
708 0.006253 0.000192 0.000192 0.000192 0.000000 0.000000 0.000000 0.006253 0.006253 0.024245 0.024245 0.006061 0.000000 1.000000 1.000000 0.500000 0.000000 0.000000 0 
709 0.006763 0.000216 0.000216 0.000216 0.000000 0.000000 0.000000 0.006763 0.006763 0.026188 0.026188 0.006547 0.000000 1.000000 1.000000 0.500000 0.000000 0.000000 0 
710 0.007293 0.000242 0.000242 0.000242 0.000000 0.000000 0.000000 0.007293 0.007293 0.028204 0.028204 0.007051 0.000000 1.000000 1.000000 0.500000 0.000000 0.000000 0 
711 0.007843 0.000271 0.000271 0.000271 0.000000 0.000000 0.000000 0.007843 0.007843 0.030291 0.030291 0.007573 0.000000 1.000000 1.000000 0.500000 0.000000 0.000000 0 
712 0.008413 0.000301 0.000301 0.000301 0.000000 0.000000 0.000000 0.008413 0.008413 0.032450 0.032450 0.008112 0.000000 1.000000 1.000000 0.500000 0.000000 0.000000 0 
713 0.009003 0.000333 0.000333 0.000333 0.000000 0.000000 0.000000 0.009003 0.009003 0.034680 0.034680 0.008670 0.000000 1.000000 1.000000 0.500000 0.000000 0.000000 0 
714 0.009613 0.000368 0.000368 0.000368 0.000000 0.000000 0.000000 0.009613 0.009613 0.036981 0.036981 0.009245 0.000000 1.000000 1.000000 0.500000 0.000000 0.000000 0 
715 0.010243 0.000405 0.000405 0.000405 0.000000 0.000000 0.000000 0.010243 0.010243 0.039353 0.039353 0.009838 0.000000 1.000000 1.000000 0.500000 0.000000 0.000000 0 
716 0.010893 0.000444 0.000444 0.000444 0.000000 0.000000 0.000000 0.010893 0.010893 0.041796 0.041796 0.010449 0.000000 1.000000 1.000000 0.500000 0.000000 0.000000 0 
717 0.011563 0.000486 0.000486 0.000486 0.000000 0.000000 0.000000 0.011563 0.011563 0.044309 0.044309 0.011077 0.000000 1.000000 1.000000 0.500000 0.000000 0.000000 0 
718 0.012253 0.000530 0.000530 0.000530 0.000000 0.000000 0.000000 0.012253 0.012253 0.046891 0.046891 0.011723 0.000000 1.000000 1.000000 0.500000 0.000000 0.000000 0 
719 0.012963 0.000577 0.000577 0.000577 0.000000 0.000000 0.000000 0.012963 0.012963 0.049544 0.049544 0.012386 0.000000 1.000000 1.000000 0.500000 0.000000 0.000000 0 
720 0.013693 0.000627 0.000627 0.000627 0.000000 0.000000 0.000000 0.013693 0.013693 0.052266 0.052266 0.013066 0.000000 1.000000 1.000000 0.500000 0.000000 0.000000 0 
721 0.014443 0.000679 0.000679 0.000679 0.000000 0.000000 0.000000 0.014443 0.014443 0.055057 0.055057 0.013764 0.000000 1.000000 1.000000 0.500000 0.000000 0.000000 0 
722 0.015213 0.000734 0.000734 0.000734 0.000000 0.000000 0.000000 0.015213 0.015213 0.057916 0.057916 0.014479 0.000000 1.000000 1.000000 0.500000 0.000000 0.000000 0 
723 0.016003 0.000792 0.000792 0.000792 0.000000 0.000000 0.000000 0.016003 0.016003 0.060845 0.060845 0.015211 0.000000 1.000000 1.000000 0.500000 0.000000 0.000000 0 
724 0.016813 0.000853 0.000853 0.000853 0.000000 0.000000 0.000000 0.016813 0.016813 0.063841 0.063841 0.015960 0.000000 1.000000 1.000000 0.500000 0.000000 0.000000 0 
725 0.017643 0.000917 0.000917 0.000917 0.000000 0.000000 0.000000 0.017643 0.017643 0.066906 0.066906 0.016727 0.000000 1.000000 1.000000 0.500000 0.000000 0.000000 0 
726 0.018493 0.000984 0.000984 0.000984 0.000000 0.000000 0.000000 0.018493 0.018493 0.070038 0.070038 0.017510 0.000000 1.000000 1.000000 0.500000 0.000000 0.000000 0 
727 0.019363 0.001054 0.001054 0.001054 0.000000 0.000000 0.000000 0.019363 0.019363 0.073238 0.073238 0.018310 0.000000 1.000000 1.000000 0.500000 0.000000 0.000000 0 
728 0.020253 0.001127 0.001127 0.001127 0.000000 0.000000 0.000000 0.020253 0.020253 0.076505 0.076505 0.019126 0.000000 1.000000 1.000000 0.500000 0.000000 0.000000 0 
729 0.021163 0.001204 0.001204 0.001204 0.000000 0.000000 0.000000 0.021163 0.021163 0.079839 0.079839 0.019960 0.000000 1.000000 1.000000 0.500000 0.000000 0.000000 0 
730 0.022093 0.001283 0.001283 0.001283 0.000000 0.000000 0.000000 0.022093 0.022093 0.083240 0.083240 0.020810 0.000000 1.000000 1.000000 0.500000 0.000000 0.000000 0 
731 0.023043 0.001367 0.001367 0.001367 0.000000 0.000000 0.000000 0.023043 0.023043 0.086707 0.086707 0.021677 0.000000 1.000000 1.000000 0.500000 0.000000 0.000000 0 
732 0.024013 0.001453 0.001453 0.001453 0.000000 0.000000 0.000000 0.024013 0.024013 0.090240 0.090240 0.022560 0.000000 1.000000 1.000000 0.500000 0.000000 0.000000 0 
733 0.025002 0.001544 0.001544 0.001544 0.000000 0.000000 0.000000 0.025002 0.025002 0.093832 0.093832 0.023458 0.000000 1.000000 1.000000 0.500000 0.000000 0.000000 0 
734 0.026000 0.001637 0.001637 0.001637 0.000000 0.000000 0.000000 0.026000 0.026000 0.097450 0.097450 0.024363 0.000000 1.000000 1.000000 0.500000 0.000000 0.000000 0 
735 0.027000 0.001735 0.001735 0.001735 0.000000 0.000000 0.000000 0.027000 0.027000 0.101061 0.101061 0.025265 0.000000 1.000000 1.000000 0.500000 0.000000 0.000000 0 
736 0.028000 0.001836 0.001836 0.001836 0.000000 0.000000 0.000000 0.028000 0.028000 0.104656 0.104656 0.026164 0.000000 1.000000 1.000000 0.500000 0.000000 0.000000 0 
737 0.029000 0.001941 0.001941 0.001941 0.000000 0.000000 0.000000 0.029000 0.029000 0.108238 0.108238 0.027059 0.000000 1.000000 1.000000 0.500000 0.000000 0.000000 0 
738 0.030000 0.002049 0.002049 0.002049 0.000000 0.000000 0.000000 0.030000 0.030000 0.111805 0.111805 0.027951 0.000000 1.000000 1.000000 0.500000 0.000000 0.000000 0 
739 0.031000 0.002161 0.002161 0.002161 0.000000 0.000000 0.000000 0.031000 0.031000 0.115358 0.115358 0.028839 0.000000 1.000000 1.000000 0.500000 0.000000 0.000000 0 
740 0.032000 0.002276 0.002276 0.002276 0.000000 0.000000 0.000000 0.032000 0.032000 0.118896 0.118896 0.029724 0.000000 1.000000 1.000000 0.500000 0.000000 0.000000 0 
741 0.033000 0.002395 0.002395 0.002395 0.000000 0.000000 0.000000 0.033000 0.033000 0.122421 0.122421 0.030605 0.000000 1.000000 1.000000 0.500000 0.000000 0.000000 0 
742 0.034000 0.002517 0.002517 0.002517 0.000000 0.000000 0.000000 0.034000 0.034000 0.125931 0.125931 0.031483 0.000000 1.000000 1.000000 0.500000 0.000000 0.000000 0 
743 0.035000 0.002643 0.002643 0.002643 0.000000 0.000000 0.000000 0.035000 0.035000 0.129427 0.129427 0.032357 0.000000 1.000000 1.000000 0.500000 0.000000 0.000000 0 
744 0.036000 0.002773 0.002773 0.002773 0.000000 0.000000 0.000000 0.036000 0.036000 0.132910 0.132910 0.033227 0.000000 1.000000 1.000000 0.500000 0.000000 0.000000 0 
745 0.037000 0.002906 0.002906 0.002906 0.000000 0.000000 0.000000 0.037000 0.037000 0.136378 0.136378 0.034094 0.000000 1.000000 1.000000 0.500000 0.000000 0.000000 0 
746 0.038000 0.003042 0.003042 0.003042 0.000000 0.000000 0.000000 0.038000 0.038000 0.139832 0.139832 0.034958 0.000000 1.000000 1.000000 0.500000 0.000000 0.000000 0 
747 0.039000 0.003182 0.003182 0.003182 0.000000 0.000000 0.000000 0.039000 0.039000 0.143273 0.143273 0.035818 0.000000 1.000000 1.000000 0.500000 0.000000 0.000000 0 
748 0.040000 0.003325 0.003325 0.003325 0.000000 0.000000 0.000000 0.040000 0.040000 0.146700 0.146700 0.036675 0.000000 1.000000 1.000000 0.500000 0.000000 0.000000 0 
749 0.041000 0.003472 0.003472 0.003472 0.000000 0.000000 0.000000 0.041000 0.041000 0.150113 0.150113 0.037528 0.000000 1.000000 1.000000 0.500000 0.000000 0.000000 0 
750 0.042000 0.003622 0.003622 0.003622 0.000000 0.000000 0.000000 0.042000 0.042000 0.153513 0.153513 0.038378 0.000000 1.000000 1.000000 0.500000 0.000000 0.000000 0 
751 0.043000 0.003775 0.003775 0.003775 0.000000 0.000000 0.000000 0.043000 0.043000 0.156899 0.156899 0.039225 0.000000 1.000000 1.000000 0.500000 0.000000 0.000000 0 
752 0.044000 0.003932 0.003932 0.003932 0.000000 0.000000 0.000000 0.044000 0.044000 0.160271 0.160271 0.040068 0.000000 1.000000 1.000000 0.500000 0.000000 0.000000 0 
753 0.045000 0.004093 0.004093 0.004093 0.000000 0.000000 0.000000 0.045000 0.045000 0.163630 0.163630 0.040907 0.000000 1.000000 1.000000 0.500000 0.000000 0.000000 0 
754 0.046000 0.004256 0.004256 0.004256 0.000000 0.000000 0.000000 0.046000 0.046000 0.166975 0.166975 0.041744 0.000000 1.000000 1.000000 0.500000 0.000000 0.000000 0 
755 0.047000 0.004423 0.004423 0.004423 0.000000 0.000000 0.000000 0.047000 0.047000 0.170308 0.170308 0.042577 0.000000 1.000000 1.000000 0.500000 0.000000 0.000000 0 
756 0.048000 0.004593 0.004593 0.004593 0.000000 0.000000 0.000000 0.048000 0.048000 0.173626 0.173626 0.043407 0.000000 1.000000 1.000000 0.500000 0.000000 0.000000 0 
757 0.049000 0.004767 0.004767 0.004767 0.000000 0.000000 0.000000 0.049000 0.049000 0.176932 0.176932 0.044233 0.000000 1.000000 1.000000 0.500000 0.000000 0.000000 0 
758 0.050000 0.004944 0.004944 0.004944 0.000000 0.000000 0.000000 0.050000 0.050000 0.180224 0.180224 0.045056 0.000000 1.000000 1.000000 0.500000 0.000000 0.000000 0 
759 0.051000 0.005124 0.005124 0.005124 0.000000 0.000000 0.000000 0.051000 0.051000 0.183503 0.183503 0.045876 0.000000 1.000000 1.000000 0.500000 0.000000 0.000000 0 
760 0.052000 0.005308 0.005308 0.005308 0.000000 0.000000 0.000000 0.052000 0.052000 0.186769 0.186769 0.046692 0.000000 1.000000 1.000000 0.500000 0.000000 0.000000 0 
761 0.053000 0.005494 0.005494 0.005494 0.000000 0.000000 0.000000 0.053000 0.053000 0.190022 0.190022 0.047506 0.000000 1.000000 1.000000 0.500000 0.000000 0.000000 0 
762 0.054000 0.005684 0.005684 0.005684 0.000000 0.000000 0.000000 0.054000 0.054000 0.193262 0.193262 0.048316 0.000000 1.000000 1.000000 0.500000 0.000000 0.000000 0 
763 0.055000 0.005878 0.005878 0.005878 0.000000 0.000000 0.000000 0.055000 0.055000 0.196489 0.196489 0.049122 0.000000 1.000000 1.000000 0.500000 0.000000 0.000000 0 
764 0.056000 0.006074 0.006074 0.006074 0.000000 0.000000 0.000000 0.056000 0.056000 0.199703 0.199703 0.049926 0.000000 1.000000 1.000000 0.500000 0.000000 0.000000 0 
765 0.057000 0.006274 0.006274 0.006274 0.000000 0.000000 0.000000 0.057000 0.057000 0.202904 0.202904 0.050726 0.000000 1.000000 1.000000 0.500000 0.000000 0.000000 0 
766 0.058000 0.006477 0.006477 0.006477 0.000000 0.000000 0.000000 0.058000 0.058000 0.206093 0.206093 0.051523 0.000000 1.000000 1.000000 0.500000 0.000000 0.000000 0 
767 0.059000 0.006683 0.006683 0.006683 0.000000 0.000000 0.000000 0.059000 0.059000 0.209268 0.209268 0.052317 0.000000 1.000000 1.000000 0.500000 0.000000 0.000000 0 
768 0.060000 0.006892 0.006892 0.006892 0.000000 0.000000 0.000000 0.060000 0.060000 0.212431 0.212431 0.053108 0.000000 1.000000 1.000000 0.500000 0.000000 0.000000 0 
769 0.061000 0.007105 0.007105 0.007105 0.000000 0.000000 0.000000 0.061000 0.061000 0.215581 0.215581 0.053895 0.000000 1.000000 1.000000 0.500000 0.000000 0.000000 0 
770 0.062000 0.007320 0.007320 0.007320 0.000000 0.000000 0.000000 0.062000 0.062000 0.218719 0.218719 0.054680 0.000000 1.000000 1.000000 0.500000 0.000000 0.000000 0 
771 0.063000 0.007539 0.007539 0.007539 0.000000 0.000000 0.000000 0.063000 0.063000 0.221844 0.221844 0.055461 0.000000 1.000000 1.000000 0.500000 0.000000 0.000000 0 
772 0.064000 0.007761 0.007761 0.007761 0.000000 0.000000 0.000000 0.064000 0.064000 0.224957 0.224957 0.056239 0.000000 1.000000 1.000000 0.500000 0.000000 0.000000 0 
773 0.065000 0.007986 0.007986 0.007986 0.000000 0.000000 0.000000 0.065000 0.065000 0.228057 0.228057 0.057014 0.000000 1.000000 1.000000 0.500000 0.000000 0.000000 0 
774 0.066000 0.008214 0.008214 0.008214 0.000000 0.000000 0.000000 0.066000 0.066000 0.231145 0.231145 0.057786 0.000000 1.000000 1.000000 0.500000 0.000000 0.000000 0 
775 0.067000 0.008445 0.008445 0.008445 0.000000 0.000000 0.000000 0.067000 0.067000 0.234220 0.234220 0.058555 0.000000 1.000000 1.000000 0.500000 0.000000 0.000000 0 
776 0.068000 0.008679 0.008679 0.008679 0.000000 0.000000 0.000000 0.068000 0.068000 0.237283 0.237283 0.059321 0.000000 1.000000 1.000000 0.500000 0.000000 0.000000 0 
777 0.069000 0.008916 0.008916 0.008916 0.000000 0.000000 0.000000 0.069000 0.069000 0.240334 0.240334 0.060084 0.000000 1.000000 1.000000 0.500000 0.000000 0.000000 0 
778 0.070000 0.009157 0.009157 0.009157 0.000000 0.000000 0.000000 0.070000 0.070000 0.243373 0.243373 0.060843 0.000000 1.000000 1.000000 0.500000 0.000000 0.000000 0 
779 0.071000 0.009400 0.009400 0.009400 0.000000 0.000000 0.000000 0.071000 0.071000 0.246399 0.246399 0.061600 0.000000 1.000000 1.000000 0.500000 0.000000 0.000000 0 
780 0.072000 0.009647 0.009647 0.009647 0.000000 0.000000 0.000000 0.072000 0.072000 0.249414 0.249414 0.062353 0.000000 1.000000 1.000000 0.500000 0.000000 0.000000 0 
781 0.073000 0.009896 0.009896 0.009896 0.000000 0.000000 0.000000 0.073000 0.073000 0.252416 0.252416 0.063104 0.000000 1.000000 1.000000 0.500000 0.000000 0.000000 0 
782 0.074000 0.010148 0.010148 0.010148 0.000000 0.000000 0.000000 0.074000 0.074000 0.255406 0.255406 0.063852 0.000000 1.000000 1.000000 0.500000 0.000000 0.000000 0 
783 0.075000 0.010404 0.010404 0.010404 0.000000 0.000000 0.000000 0.075000 0.075000 0.258385 0.258385 0.064596 0.000000 1.000000 1.000000 0.500000 0.000000 0.000000 0 
784 0.076000 0.010662 0.010662 0.010662 0.000000 0.000000 0.000000 0.076000 0.076000 0.261351 0.261351 0.065338 0.000000 1.000000 1.000000 0.500000 0.000000 0.000000 0 
785 0.077000 0.010924 0.010924 0.010924 0.000000 0.000000 0.000000 0.077000 0.077000 0.264306 0.264306 0.066076 0.000000 1.000000 1.000000 0.500000 0.000000 0.000000 0 
786 0.078000 0.011188 0.011188 0.011188 0.000000 0.000000 0.000000 0.078000 0.078000 0.267249 0.267249 0.066812 0.000000 1.000000 1.000000 0.500000 0.000000 0.000000 0 
787 0.079000 0.011455 0.011455 0.011455 0.000000 0.000000 0.000000 0.079000 0.079000 0.270180 0.270180 0.067545 0.000000 1.000000 1.000000 0.500000 0.000000 0.000000 0 
788 0.080000 0.011725 0.011725 0.011725 0.000000 0.000000 0.000000 0.080000 0.080000 0.273099 0.273099 0.068275 0.000000 1.000000 1.000000 0.500000 0.000000 0.000000 0 
789 0.081000 0.011998 0.011998 0.011998 0.000000 0.000000 0.000000 0.081000 0.081000 0.276007 0.276007 0.069002 0.000000 1.000000 1.000000 0.500000 0.000000 0.000000 0 
790 0.082000 0.012274 0.012274 0.012274 0.000000 0.000000 0.000000 0.082000 0.082000 0.278903 0.278903 0.069726 0.000000 1.000000 1.000000 0.500000 0.000000 0.000000 0 
791 0.083000 0.012553 0.012553 0.012553 0.000000 0.000000 0.000000 0.083000 0.083000 0.281787 0.281787 0.070447 0.000000 1.000000 1.000000 0.500000 0.000000 0.000000 0 
792 0.084000 0.012835 0.012835 0.012835 0.000000 0.000000 0.000000 0.084000 0.084000 0.284660 0.284660 0.071165 0.000000 1.000000 1.000000 0.500000 0.000000 0.000000 0 
793 0.085000 0.013120 0.013120 0.013120 0.000000 0.000000 0.000000 0.085000 0.085000 0.287521 0.287521 0.071880 0.000000 1.000000 1.000000 0.500000 0.000000 0.000000 0 
794 0.086000 0.013407 0.013407 0.013407 0.000000 0.000000 0.000000 0.086000 0.086000 0.290371 0.290371 0.072593 0.000000 1.000000 1.000000 0.500000 0.000000 0.000000 0 
795 0.087000 0.013698 0.013698 0.013698 0.000000 0.000000 0.000000 0.087000 0.087000 0.293210 0.293210 0.073302 0.000000 1.000000 1.000000 0.500000 0.000000 0.000000 0 
796 0.088000 0.013991 0.013991 0.013991 0.000000 0.000000 0.000000 0.088000 0.088000 0.296037 0.296037 0.074009 0.000000 1.000000 1.000000 0.500000 0.000000 0.000000 0 
797 0.089000 0.014287 0.014287 0.014287 0.000000 0.000000 0.000000 0.089000 0.089000 0.298853 0.298853 0.074713 0.000000 1.000000 1.000000 0.500000 0.000000 0.000000 0 
798 0.090000 0.014586 0.014586 0.014586 0.000000 0.000000 0.000000 0.090000 0.090000 0.301657 0.301657 0.075414 0.000000 1.000000 1.000000 0.500000 0.000000 0.000000 0 
799 0.091000 0.014887 0.014887 0.014887 0.000000 0.000000 0.000000 0.091000 0.091000 0.304451 0.304451 0.076113 0.000000 1.000000 1.000000 0.500000 0.000000 0.000000 0 
800 0.092000 0.015192 0.015192 0.015192 0.000000 0.000000 0.000000 0.092000 0.092000 0.307233 0.307233 0.076808 0.000000 1.000000 1.000000 0.500000 0.000000 0.000000 0 
801 0.093000 0.015499 0.015499 0.015499 0.000000 0.000000 0.000000 0.093000 0.093000 0.310004 0.310004 0.077501 0.000000 1.000000 1.000000 0.500000 0.000000 0.000000 0 
802 0.094000 0.015809 0.015809 0.015809 0.000000 0.000000 0.000000 0.094000 0.094000 0.312764 0.312764 0.078191 0.000000 1.000000 1.000000 0.500000 0.000000 0.000000 0 
803 0.095000 0.016122 0.016122 0.016122 0.000000 0.000000 0.000000 0.095000 0.095000 0.315513 0.315513 0.078878 0.000000 1.000000 1.000000 0.500000 0.000000 0.000000 0 
804 0.096000 0.016437 0.016437 0.016437 0.000000 0.000000 0.000000 0.096000 0.096000 0.318251 0.318251 0.079563 0.000000 1.000000 1.000000 0.500000 0.000000 0.000000 0 
805 0.097000 0.016756 0.016756 0.016756 0.000000 0.000000 0.000000 0.097000 0.097000 0.320978 0.320978 0.080244 0.000000 1.000000 1.000000 0.500000 0.000000 0.000000 0 
806 0.098000 0.017077 0.017077 0.017077 0.000000 0.000000 0.000000 0.098000 0.098000 0.323694 0.323694 0.080923 0.000000 1.000000 1.000000 0.500000 0.000000 0.000000 0 
807 0.099000 0.017400 0.017400 0.017400 0.000000 0.000000 0.000000 0.099000 0.099000 0.326399 0.326399 0.081600 0.000000 1.000000 1.000000 0.500000 0.000000 0.000000 0 
808 0.100000 0.017727 0.017727 0.017727 0.000000 0.000000 0.000000 0.100000 0.100000 0.329093 0.329093 0.082273 0.000000 1.000000 1.000000 0.500000 0.000000 0.000000 0 
809 0.101000 0.018056 0.018056 0.018056 0.000000 0.000000 0.000000 0.101000 0.101000 0.331777 0.331777 0.082944 0.000000 1.000000 1.000000 0.500000 0.000000 0.000000 0 
810 0.102000 0.018388 0.018388 0.018388 0.000000 0.000000 0.000000 0.102000 0.102000 0.334450 0.334450 0.083612 0.000000 1.000000 1.000000 0.500000 0.000000 0.000000 0 
811 0.103000 0.018722 0.018722 0.018722 0.000000 0.000000 0.000000 0.103000 0.103000 0.337112 0.337112 0.084278 0.000000 1.000000 1.000000 0.500000 0.000000 0.000000 0 
812 0.104000 0.019059 0.019059 0.019059 0.000000 0.000000 0.000000 0.104000 0.104000 0.339764 0.339764 0.084941 0.000000 1.000000 1.000000 0.500000 0.000000 0.000000 0 
813 0.105000 0.019399 0.019399 0.019399 0.000000 0.000000 0.000000 0.105000 0.105000 0.342405 0.342405 0.085601 0.000000 1.000000 1.000000 0.500000 0.000000 0.000000 0 
814 0.106000 0.019741 0.019741 0.019741 0.000000 0.000000 0.000000 0.106000 0.106000 0.345035 0.345035 0.086259 0.000000 1.000000 1.000000 0.500000 0.000000 0.000000 0 
815 0.107000 0.020086 0.020086 0.020086 0.000000 0.000000 0.000000 0.107000 0.107000 0.347655 0.347655 0.086914 0.000000 1.000000 1.000000 0.500000 0.000000 0.000000 0 
816 0.108000 0.020434 0.020434 0.020434 0.000000 0.000000 0.000000 0.108000 0.108000 0.350264 0.350264 0.087566 0.000000 1.000000 1.000000 0.500000 0.000000 0.000000 0 
817 0.109000 0.020784 0.020784 0.020784 0.000000 0.000000 0.000000 0.109000 0.109000 0.352863 0.352863 0.088216 0.000000 1.000000 1.000000 0.500000 0.000000 0.000000 0 
818 0.110000 0.021137 0.021137 0.021137 0.000000 0.000000 0.000000 0.110000 0.110000 0.355452 0.355452 0.088863 0.000000 1.000000 1.000000 0.500000 0.000000 0.000000 0 
819 0.111000 0.021493 0.021493 0.021493 0.000000 0.000000 0.000000 0.111000 0.111000 0.358030 0.358030 0.089507 0.000000 1.000000 1.000000 0.500000 0.000000 0.000000 0 
820 0.112000 0.021851 0.021851 0.021851 0.000000 0.000000 0.000000 0.112000 0.112000 0.360598 0.360598 0.090149 0.000000 1.000000 1.000000 0.500000 0.000000 0.000000 0 
821 0.113000 0.022211 0.022211 0.022211 0.000000 0.000000 0.000000 0.113000 0.113000 0.363155 0.363155 0.090789 0.000000 1.000000 1.000000 0.500000 0.000000 0.000000 0 
822 0.114000 0.022574 0.022574 0.022574 0.000000 0.000000 0.000000 0.114000 0.114000 0.365703 0.365703 0.091426 0.000000 1.000000 1.000000 0.500000 0.000000 0.000000 0 
823 0.115000 0.022940 0.022940 0.022940 0.000000 0.000000 0.000000 0.115000 0.115000 0.368240 0.368240 0.092060 0.000000 1.000000 1.000000 0.500000 0.000000 0.000000 0 
824 0.116000 0.023308 0.023308 0.023308 0.000000 0.000000 0.000000 0.116000 0.116000 0.370767 0.370767 0.092692 0.000000 1.000000 1.000000 0.500000 0.000000 0.000000 0 
825 0.117000 0.023679 0.023679 0.023679 0.000000 0.000000 0.000000 0.117000 0.117000 0.373284 0.373284 0.093321 0.000000 1.000000 1.000000 0.500000 0.000000 0.000000 0 
826 0.118000 0.024052 0.024052 0.024052 0.000000 0.000000 0.000000 0.118000 0.118000 0.375791 0.375791 0.093948 0.000000 1.000000 1.000000 0.500000 0.000000 0.000000 0 
827 0.119000 0.024428 0.024428 0.024428 0.000000 0.000000 0.000000 0.119000 0.119000 0.378288 0.378288 0.094572 0.000000 1.000000 1.000000 0.500000 0.000000 0.000000 0 
828 0.120000 0.024806 0.024806 0.024806 0.000000 0.000000 0.000000 0.120000 0.120000 0.380774 0.380774 0.095194 0.000000 1.000000 1.000000 0.500000 0.000000 0.000000 0 
829 0.121000 0.025187 0.025187 0.025187 0.000000 0.000000 0.000000 0.121000 0.121000 0.383251 0.383251 0.095813 0.000000 1.000000 1.000000 0.500000 0.000000 0.000000 0 
830 0.122000 0.025570 0.025570 0.025570 0.000000 0.000000 0.000000 0.122000 0.122000 0.385718 0.385718 0.096430 0.000000 1.000000 1.000000 0.500000 0.000000 0.000000 0 
831 0.123000 0.025956 0.025956 0.025956 0.000000 0.000000 0.000000 0.123000 0.123000 0.388176 0.388176 0.097044 0.000000 1.000000 1.000000 0.500000 0.000000 0.000000 0 
832 0.124000 0.026344 0.026344 0.026344 0.000000 0.000000 0.000000 0.124000 0.124000 0.390623 0.390623 0.097656 0.000000 1.000000 1.000000 0.500000 0.000000 0.000000 0 
833 0.125000 0.026735 0.026735 0.026735 0.000000 0.000000 0.000000 0.125000 0.125000 0.393060 0.393060 0.098265 0.000000 1.000000 1.000000 0.500000 0.000000 0.000000 0 
834 0.126000 0.027128 0.027128 0.027128 0.000000 0.000000 0.000000 0.126000 0.126000 0.395488 0.395488 0.098872 0.000000 1.000000 1.000000 0.500000 0.000000 0.000000 0 
835 0.127000 0.027523 0.027523 0.027523 0.000000 0.000000 0.000000 0.127000 0.127000 0.397906 0.397906 0.099477 0.000000 1.000000 1.000000 0.500000 0.000000 0.000000 0 
836 0.128000 0.027921 0.027921 0.027921 0.000000 0.000000 0.000000 0.128000 0.128000 0.400314 0.400314 0.100079 0.000000 1.000000 1.000000 0.500000 0.000000 0.000000 0 
837 0.129000 0.028322 0.028322 0.028322 0.000000 0.000000 0.000000 0.129000 0.129000 0.402713 0.402713 0.100678 0.000000 1.000000 1.000000 0.500000 0.000000 0.000000 0 
838 0.130000 0.028724 0.028724 0.028724 0.000000 0.000000 0.000000 0.130000 0.130000 0.405102 0.405102 0.101276 0.000000 1.000000 1.000000 0.500000 0.000000 0.000000 0 
839 0.131000 0.029130 0.029130 0.029130 0.000000 0.000000 0.000000 0.131000 0.131000 0.407482 0.407482 0.101870 0.000000 1.000000 1.000000 0.500000 0.000000 0.000000 0 
840 0.132000 0.029537 0.029537 0.029537 0.000000 0.000000 0.000000 0.132000 0.132000 0.409852 0.409852 0.102463 0.000000 1.000000 1.000000 0.500000 0.000000 0.000000 0 
841 0.133000 0.029947 0.029947 0.029947 0.000000 0.000000 0.000000 0.133000 0.133000 0.412213 0.412213 0.103053 0.000000 1.000000 1.000000 0.500000 0.000000 0.000000 0 
842 0.134000 0.030359 0.030359 0.030359 0.000000 0.000000 0.000000 0.134000 0.134000 0.414564 0.414564 0.103641 0.000000 1.000000 1.000000 0.500000 0.000000 0.000000 0 
843 0.135000 0.030774 0.030774 0.030774 0.000000 0.000000 0.000000 0.135000 0.135000 0.416906 0.416906 0.104226 0.000000 1.000000 1.000000 0.500000 0.000000 0.000000 0 
844 0.136000 0.031191 0.031191 0.031191 0.000000 0.000000 0.000000 0.136000 0.136000 0.419238 0.419238 0.104809 0.000000 1.000000 1.000000 0.500000 0.000000 0.000000 0 
845 0.137000 0.031610 0.031610 0.031610 0.000000 0.000000 0.000000 0.137000 0.137000 0.421561 0.421561 0.105390 0.000000 1.000000 1.000000 0.500000 0.000000 0.000000 0 
846 0.138000 0.032031 0.032031 0.032031 0.000000 0.000000 0.000000 0.138000 0.138000 0.423875 0.423875 0.105969 0.000000 1.000000 1.000000 0.500000 0.000000 0.000000 0 
847 0.139000 0.032455 0.032455 0.032455 0.000000 0.000000 0.000000 0.139000 0.139000 0.426179 0.426179 0.106545 0.000000 1.000000 1.000000 0.500000 0.000000 0.000000 0 
848 0.140000 0.032881 0.032881 0.032881 0.000000 0.000000 0.000000 0.140000 0.140000 0.428475 0.428475 0.107119 0.000000 1.000000 1.000000 0.500000 0.000000 0.000000 0 
849 0.141000 0.033310 0.033310 0.033310 0.000000 0.000000 0.000000 0.141000 0.141000 0.430761 0.430761 0.107690 0.000000 1.000000 1.000000 0.500000 0.000000 0.000000 0 
850 0.142000 0.033741 0.033741 0.033741 0.000000 0.000000 0.000000 0.142000 0.142000 0.433038 0.433038 0.108259 0.000000 1.000000 1.000000 0.500000 0.000000 0.000000 0 
851 0.143000 0.034174 0.034174 0.034174 0.000000 0.000000 0.000000 0.143000 0.143000 0.435305 0.435305 0.108826 0.000000 1.000000 1.000000 0.500000 0.000000 0.000000 0 
852 0.144000 0.034609 0.034609 0.034609 0.000000 0.000000 0.000000 0.144000 0.144000 0.437564 0.437564 0.109391 0.000000 1.000000 1.000000 0.500000 0.000000 0.000000 0 
853 0.145000 0.035047 0.035047 0.035047 0.000000 0.000000 0.000000 0.145000 0.145000 0.439814 0.439814 0.109953 0.000000 1.000000 1.000000 0.500000 0.000000 0.000000 0 
854 0.146000 0.035486 0.035486 0.035486 0.000000 0.000000 0.000000 0.146000 0.146000 0.442055 0.442055 0.110514 0.000000 1.000000 1.000000 0.500000 0.000000 0.000000 0 
855 0.147000 0.035928 0.035928 0.035928 0.000000 0.000000 0.000000 0.147000 0.147000 0.444286 0.444286 0.111072 0.000000 1.000000 1.000000 0.500000 0.000000 0.000000 0 
856 0.148000 0.036373 0.036373 0.036373 0.000000 0.000000 0.000000 0.148000 0.148000 0.446509 0.446509 0.111627 0.000000 1.000000 1.000000 0.500000 0.000000 0.000000 0 
857 0.149000 0.036819 0.036819 0.036819 0.000000 0.000000 0.000000 0.149000 0.149000 0.448723 0.448723 0.112181 0.000000 1.000000 1.000000 0.500000 0.000000 0.000000 0 
858 0.150000 0.037268 0.037268 0.037268 0.000000 0.000000 0.000000 0.150000 0.150000 0.450928 0.450928 0.112732 0.000000 1.000000 1.000000 0.500000 0.000000 0.000000 0 
859 0.151000 0.037719 0.037719 0.037719 0.000000 0.000000 0.000000 0.151000 0.151000 0.453125 0.453125 0.113281 0.000000 1.000000 1.000000 0.500000 0.000000 0.000000 0 
860 0.152000 0.038172 0.038172 0.038172 0.000000 0.000000 0.000000 0.152000 0.152000 0.455312 0.455312 0.113828 0.000000 1.000000 1.000000 0.500000 0.000000 0.000000 0 
861 0.153000 0.038627 0.038627 0.038627 0.000000 0.000000 0.000000 0.153000 0.153000 0.457491 0.457491 0.114373 0.000000 1.000000 1.000000 0.500000 0.000000 0.000000 0 
862 0.154000 0.039085 0.039085 0.039085 0.000000 0.000000 0.000000 0.154000 0.154000 0.459661 0.459661 0.114915 0.000000 1.000000 1.000000 0.500000 0.000000 0.000000 0 
863 0.155000 0.039544 0.039544 0.039544 0.000000 0.000000 0.000000 0.155000 0.155000 0.461822 0.461822 0.115456 0.000000 1.000000 1.000000 0.500000 0.000000 0.000000 0 
864 0.156000 0.040006 0.040006 0.040006 0.000000 0.000000 0.000000 0.156000 0.156000 0.463975 0.463975 0.115994 0.000000 1.000000 1.000000 0.500000 0.000000 0.000000 0 
865 0.157000 0.040470 0.040470 0.040470 0.000000 0.000000 0.000000 0.157000 0.157000 0.466119 0.466119 0.116530 0.000000 1.000000 1.000000 0.500000 0.000000 0.000000 0 
866 0.158000 0.040936 0.040936 0.040936 0.000000 0.000000 0.000000 0.158000 0.158000 0.468255 0.468255 0.117064 0.000000 1.000000 1.000000 0.500000 0.000000 0.000000 0 
867 0.159000 0.041405 0.041405 0.041405 0.000000 0.000000 0.000000 0.159000 0.159000 0.470382 0.470382 0.117595 0.000000 1.000000 1.000000 0.500000 0.000000 0.000000 0 
868 0.160000 0.041875 0.041875 0.041875 0.000000 0.000000 0.000000 0.160000 0.160000 0.472500 0.472500 0.118125 0.000000 1.000000 1.000000 0.500000 0.000000 0.000000 0 
869 0.161000 0.042347 0.042347 0.042347 0.000000 0.000000 0.000000 0.161000 0.161000 0.474610 0.474610 0.118653 0.000000 1.000000 1.000000 0.500000 0.000000 0.000000 0 
870 0.162000 0.042822 0.042822 0.042822 0.000000 0.000000 0.000000 0.162000 0.162000 0.476712 0.476712 0.119178 0.000000 1.000000 1.000000 0.500000 0.000000 0.000000 0 
871 0.163000 0.043299 0.043299 0.043299 0.000000 0.000000 0.000000 0.163000 0.163000 0.478805 0.478805 0.119701 0.000000 1.000000 1.000000 0.500000 0.000000 0.000000 0 
872 0.164000 0.043778 0.043778 0.043778 0.000000 0.000000 0.000000 0.164000 0.164000 0.480890 0.480890 0.120222 0.000000 1.000000 1.000000 0.500000 0.000000 0.000000 0 
873 0.165000 0.044258 0.044258 0.044258 0.000000 0.000000 0.000000 0.165000 0.165000 0.482966 0.482966 0.120742 0.000000 1.000000 1.000000 0.500000 0.000000 0.000000 0 
874 0.166000 0.044741 0.044741 0.044741 0.000000 0.000000 0.000000 0.166000 0.166000 0.485034 0.485034 0.121259 0.000000 1.000000 1.000000 0.500000 0.000000 0.000000 0 
875 0.167000 0.045226 0.045226 0.045226 0.000000 0.000000 0.000000 0.167000 0.167000 0.487094 0.487094 0.121774 0.000000 1.000000 1.000000 0.500000 0.000000 0.000000 0 
876 0.168000 0.045714 0.045714 0.045714 0.000000 0.000000 0.000000 0.168000 0.168000 0.489146 0.489146 0.122286 0.000000 1.000000 1.000000 0.500000 0.000000 0.000000 0 
877 0.169000 0.046203 0.046203 0.046203 0.000000 0.000000 0.000000 0.169000 0.169000 0.491189 0.491189 0.122797 0.000000 1.000000 1.000000 0.500000 0.000000 0.000000 0 
878 0.170000 0.046694 0.046694 0.046694 0.000000 0.000000 0.000000 0.170000 0.170000 0.493224 0.493224 0.123306 0.000000 1.000000 1.000000 0.500000 0.000000 0.000000 0 
879 0.171000 0.047187 0.047187 0.047187 0.000000 0.000000 0.000000 0.171000 0.171000 0.495251 0.495251 0.123813 0.000000 1.000000 1.000000 0.500000 0.000000 0.000000 0 
880 0.172000 0.047682 0.047682 0.047682 0.000000 0.000000 0.000000 0.172000 0.172000 0.497270 0.497270 0.124318 0.000000 1.000000 1.000000 0.500000 0.000000 0.000000 0 
881 0.173000 0.048180 0.048180 0.048180 0.000000 0.000000 0.000000 0.173000 0.173000 0.499281 0.499281 0.124820 0.000000 1.000000 1.000000 0.500000 0.000000 0.000000 0 
882 0.174000 0.048679 0.048679 0.048679 0.000000 0.000000 0.000000 0.174000 0.174000 0.501284 0.501284 0.125321 0.000000 1.000000 1.000000 0.500000 0.000000 0.000000 0 
883 0.175000 0.049180 0.049180 0.049180 0.000000 0.000000 0.000000 0.175000 0.175000 0.503279 0.503279 0.125820 0.000000 1.000000 1.000000 0.500000 0.000000 0.000000 0 
884 0.176000 0.049684 0.049684 0.049684 0.000000 0.000000 0.000000 0.176000 0.176000 0.505266 0.505266 0.126316 0.000000 1.000000 1.000000 0.500000 0.000000 0.000000 0 
885 0.177000 0.050189 0.050189 0.050189 0.000000 0.000000 0.000000 0.177000 0.177000 0.507245 0.507245 0.126811 0.000000 1.000000 1.000000 0.500000 0.000000 0.000000 0 
886 0.178000 0.050696 0.050696 0.050696 0.000000 0.000000 0.000000 0.178000 0.178000 0.509216 0.509216 0.127304 0.000000 1.000000 1.000000 0.500000 0.000000 0.000000 0 
887 0.179000 0.051205 0.051205 0.051205 0.000000 0.000000 0.000000 0.179000 0.179000 0.511179 0.511179 0.127795 0.000000 1.000000 1.000000 0.500000 0.000000 0.000000 0 
888 0.180000 0.051716 0.051716 0.051716 0.000000 0.000000 0.000000 0.180000 0.180000 0.513134 0.513134 0.128284 0.000000 1.000000 1.000000 0.500000 0.000000 0.000000 0 
889 0.181000 0.052230 0.052230 0.052230 0.000000 0.000000 0.000000 0.181000 0.181000 0.515082 0.515082 0.128770 0.000000 1.000000 1.000000 0.500000 0.000000 0.000000 0 
890 0.182000 0.052745 0.052745 0.052745 0.000000 0.000000 0.000000 0.182000 0.182000 0.517021 0.517021 0.129255 0.000000 1.000000 1.000000 0.500000 0.000000 0.000000 0 
891 0.183000 0.053262 0.053262 0.053262 0.000000 0.000000 0.000000 0.183000 0.183000 0.518953 0.518953 0.129738 0.000000 1.000000 1.000000 0.500000 0.000000 0.000000 0 
892 0.184000 0.053781 0.053781 0.053781 0.000000 0.000000 0.000000 0.184000 0.184000 0.520878 0.520878 0.130219 0.000000 1.000000 1.000000 0.500000 0.000000 0.000000 0 
893 0.185000 0.054301 0.054301 0.054301 0.000000 0.000000 0.000000 0.185000 0.185000 0.522794 0.522794 0.130699 0.000000 1.000000 1.000000 0.500000 0.000000 0.000000 0 
894 0.186000 0.054824 0.054824 0.054824 0.000000 0.000000 0.000000 0.186000 0.186000 0.524703 0.524703 0.131176 0.000000 1.000000 1.000000 0.500000 0.000000 0.000000 0 
895 0.187000 0.055349 0.055349 0.055349 0.000000 0.000000 0.000000 0.187000 0.187000 0.526604 0.526604 0.131651 0.000000 1.000000 1.000000 0.500000 0.000000 0.000000 0 
896 0.188000 0.055876 0.055876 0.055876 0.000000 0.000000 0.000000 0.188000 0.188000 0.528498 0.528498 0.132124 0.000000 1.000000 1.000000 0.500000 0.000000 0.000000 0 
897 0.189000 0.056404 0.056404 0.056404 0.000000 0.000000 0.000000 0.189000 0.189000 0.530384 0.530384 0.132596 0.000000 1.000000 1.000000 0.500000 0.000000 0.000000 0 
898 0.190000 0.056934 0.056934 0.056934 0.000000 0.000000 0.000000 0.190000 0.190000 0.532262 0.532262 0.133066 0.000000 1.000000 1.000000 0.500000 0.000000 0.000000 0 
899 0.191000 0.057467 0.057467 0.057467 0.000000 0.000000 0.000000 0.191000 0.191000 0.534133 0.534133 0.133533 0.000000 1.000000 1.000000 0.500000 0.000000 0.000000 0 
900 0.192000 0.058001 0.058001 0.058001 0.000000 0.000000 0.000000 0.192000 0.192000 0.535997 0.535997 0.133999 0.000000 1.000000 1.000000 0.500000 0.000000 0.000000 0 
901 0.193000 0.058537 0.058537 0.058537 0.000000 0.000000 0.000000 0.193000 0.193000 0.537853 0.537853 0.134463 0.000000 1.000000 1.000000 0.500000 0.000000 0.000000 0 
902 0.194000 0.059075 0.059075 0.059075 0.000000 0.000000 0.000000 0.194000 0.194000 0.539701 0.539701 0.134925 0.000000 1.000000 1.000000 0.500000 0.000000 0.000000 0 
903 0.195000 0.059614 0.059614 0.059614 0.000000 0.000000 0.000000 0.195000 0.195000 0.541542 0.541542 0.135386 0.000000 1.000000 1.000000 0.500000 0.000000 0.000000 0 
904 0.196000 0.060156 0.060156 0.060156 0.000000 0.000000 0.000000 0.196000 0.196000 0.543376 0.543376 0.135844 0.000000 1.000000 1.000000 0.500000 0.000000 0.000000 0 
905 0.197000 0.060699 0.060699 0.060699 0.000000 0.000000 0.000000 0.197000 0.197000 0.545203 0.545203 0.136301 0.000000 1.000000 1.000000 0.500000 0.000000 0.000000 0 
906 0.198000 0.061245 0.061245 0.061245 0.000000 0.000000 0.000000 0.198000 0.198000 0.547022 0.547022 0.136755 0.000000 1.000000 1.000000 0.500000 0.000000 0.000000 0 
907 0.199000 0.061792 0.061792 0.061792 0.000000 0.000000 0.000000 0.199000 0.199000 0.548834 0.548834 0.137208 0.000000 1.000000 1.000000 0.500000 0.000000 0.000000 0 
908 0.200000 0.062340 0.062340 0.062340 0.000000 0.000000 0.000000 0.200000 0.200000 0.550638 0.550638 0.137660 0.000000 1.000000 1.000000 0.500000 0.000000 0.000000 0 
909 0.201000 0.062891 0.062891 0.062891 0.000000 0.000000 0.000000 0.201000 0.201000 0.552436 0.552436 0.138109 0.000000 1.000000 1.000000 0.500000 0.000000 0.000000 0 
910 0.202000 0.063443 0.063443 0.063443 0.000000 0.000000 0.000000 0.202000 0.202000 0.554226 0.554226 0.138557 0.000000 1.000000 1.000000 0.500000 0.000000 0.000000 0 
911 0.203000 0.063998 0.063998 0.063998 0.000000 0.000000 0.000000 0.203000 0.203000 0.556009 0.556009 0.139002 0.000000 1.000000 1.000000 0.500000 0.000000 0.000000 0 
912 0.204000 0.064554 0.064554 0.064554 0.000000 0.000000 0.000000 0.204000 0.204000 0.557785 0.557785 0.139446 0.000000 1.000000 1.000000 0.500000 0.000000 0.000000 0 
913 0.205000 0.065111 0.065111 0.065111 0.000000 0.000000 0.000000 0.205000 0.205000 0.559554 0.559554 0.139889 0.000000 1.000000 1.000000 0.500000 0.000000 0.000000 0 
914 0.206000 0.065671 0.065671 0.065671 0.000000 0.000000 0.000000 0.206000 0.206000 0.561316 0.561316 0.140329 0.000000 1.000000 1.000000 0.500000 0.000000 0.000000 0 
915 0.207000 0.066232 0.066232 0.066232 0.000000 0.000000 0.000000 0.207000 0.207000 0.563071 0.563071 0.140768 0.000000 1.000000 1.000000 0.500000 0.000000 0.000000 0 
916 0.208000 0.066795 0.066795 0.066795 0.000000 0.000000 0.000000 0.208000 0.208000 0.564818 0.564818 0.141205 0.000000 1.000000 1.000000 0.500000 0.000000 0.000000 0 
917 0.209000 0.067360 0.067360 0.067360 0.000000 0.000000 0.000000 0.209000 0.209000 0.566559 0.566559 0.141640 0.000000 1.000000 1.000000 0.500000 0.000000 0.000000 0 
918 0.210000 0.067927 0.067927 0.067927 0.000000 0.000000 0.000000 0.210000 0.210000 0.568293 0.568293 0.142073 0.000000 1.000000 1.000000 0.500000 0.000000 0.000000 0 
919 0.211000 0.068495 0.068495 0.068495 0.000000 0.000000 0.000000 0.211000 0.211000 0.570020 0.570020 0.142505 0.000000 1.000000 1.000000 0.500000 0.000000 0.000000 0 
920 0.212000 0.069065 0.069065 0.069065 0.000000 0.000000 0.000000 0.212000 0.212000 0.571740 0.571740 0.142935 0.000000 1.000000 1.000000 0.500000 0.000000 0.000000 0 
921 0.213000 0.069637 0.069637 0.069637 0.000000 0.000000 0.000000 0.213000 0.213000 0.573453 0.573453 0.143363 0.000000 1.000000 1.000000 0.500000 0.000000 0.000000 0 
922 0.214000 0.070210 0.070210 0.070210 0.000000 0.000000 0.000000 0.214000 0.214000 0.575159 0.575159 0.143790 0.000000 1.000000 1.000000 0.500000 0.000000 0.000000 0 
923 0.215000 0.070785 0.070785 0.070785 0.000000 0.000000 0.000000 0.215000 0.215000 0.576858 0.576858 0.144215 0.000000 1.000000 1.000000 0.500000 0.000000 0.000000 0 
924 0.216000 0.071362 0.071362 0.071362 0.000000 0.000000 0.000000 0.216000 0.216000 0.578551 0.578551 0.144638 0.000000 1.000000 1.000000 0.500000 0.000000 0.000000 0 
925 0.217000 0.071941 0.071941 0.071941 0.000000 0.000000 0.000000 0.217000 0.217000 0.580237 0.580237 0.145059 0.000000 1.000000 1.000000 0.500000 0.000000 0.000000 0 
926 0.218000 0.072521 0.072521 0.072521 0.000000 0.000000 0.000000 0.218000 0.218000 0.581916 0.581916 0.145479 0.000000 1.000000 1.000000 0.500000 0.000000 0.000000 0 
927 0.219000 0.073103 0.073103 0.073103 0.000000 0.000000 0.000000 0.219000 0.219000 0.583588 0.583588 0.145897 0.000000 1.000000 1.000000 0.500000 0.000000 0.000000 0 
928 0.220000 0.073687 0.073687 0.073687 0.000000 0.000000 0.000000 0.220000 0.220000 0.585254 0.585254 0.146313 0.000000 1.000000 1.000000 0.500000 0.000000 0.000000 0 
929 0.221000 0.074272 0.074272 0.074272 0.000000 0.000000 0.000000 0.221000 0.221000 0.586913 0.586913 0.146728 0.000000 1.000000 1.000000 0.500000 0.000000 0.000000 0 
930 0.222000 0.074859 0.074859 0.074859 0.000000 0.000000 0.000000 0.222000 0.222000 0.588565 0.588565 0.147141 0.000000 1.000000 1.000000 0.500000 0.000000 0.000000 0 
931 0.223000 0.075447 0.075447 0.075447 0.000000 0.000000 0.000000 0.223000 0.223000 0.590211 0.590211 0.147553 0.000000 1.000000 1.000000 0.500000 0.000000 0.000000 0 
932 0.224000 0.076038 0.076038 0.076038 0.000000 0.000000 0.000000 0.224000 0.224000 0.591850 0.591850 0.147962 0.000000 1.000000 1.000000 0.500000 0.000000 0.000000 0 
933 0.225000 0.076629 0.076629 0.076629 0.000000 0.000000 0.000000 0.225000 0.225000 0.593482 0.593482 0.148371 0.000000 1.000000 1.000000 0.500000 0.000000 0.000000 0 
934 0.226000 0.077223 0.077223 0.077223 0.000000 0.000000 0.000000 0.226000 0.226000 0.595108 0.595108 0.148777 0.000000 1.000000 1.000000 0.500000 0.000000 0.000000 0 
935 0.227000 0.077818 0.077818 0.077818 0.000000 0.000000 0.000000 0.227000 0.227000 0.596728 0.596728 0.149182 0.000000 1.000000 1.000000 0.500000 0.000000 0.000000 0 
936 0.228000 0.078415 0.078415 0.078415 0.000000 0.000000 0.000000 0.228000 0.228000 0.598341 0.598341 0.149585 0.000000 1.000000 1.000000 0.500000 0.000000 0.000000 0 
937 0.229000 0.079013 0.079013 0.079013 0.000000 0.000000 0.000000 0.229000 0.229000 0.599948 0.599948 0.149987 0.000000 1.000000 1.000000 0.500000 0.000000 0.000000 0 
938 0.230000 0.079613 0.079613 0.079613 0.000000 0.000000 0.000000 0.230000 0.230000 0.601548 0.601548 0.150387 0.000000 1.000000 1.000000 0.500000 0.000000 0.000000 0 
939 0.231000 0.080215 0.080215 0.080215 0.000000 0.000000 0.000000 0.231000 0.231000 0.603142 0.603142 0.150785 0.000000 1.000000 1.000000 0.500000 0.000000 0.000000 0 
940 0.232000 0.080818 0.080818 0.080818 0.000000 0.000000 0.000000 0.232000 0.232000 0.604729 0.604729 0.151182 0.000000 1.000000 1.000000 0.500000 0.000000 0.000000 0 
941 0.233000 0.081422 0.081422 0.081422 0.000000 0.000000 0.000000 0.233000 0.233000 0.606310 0.606310 0.151578 0.000000 1.000000 1.000000 0.500000 0.000000 0.000000 0 
942 0.234000 0.082029 0.082029 0.082029 0.000000 0.000000 0.000000 0.234000 0.234000 0.607885 0.607885 0.151971 0.000000 1.000000 1.000000 0.500000 0.000000 0.000000 0 
943 0.235000 0.082637 0.082637 0.082637 0.000000 0.000000 0.000000 0.235000 0.235000 0.609453 0.609453 0.152363 0.000000 1.000000 1.000000 0.500000 0.000000 0.000000 0 
944 0.236000 0.083246 0.083246 0.083246 0.000000 0.000000 0.000000 0.236000 0.236000 0.611016 0.611016 0.152754 0.000000 1.000000 1.000000 0.500000 0.000000 0.000000 0 
945 0.237000 0.083857 0.083857 0.083857 0.000000 0.000000 0.000000 0.237000 0.237000 0.612572 0.612572 0.153143 0.000000 1.000000 1.000000 0.500000 0.000000 0.000000 0 
946 0.238000 0.084470 0.084470 0.084470 0.000000 0.000000 0.000000 0.238000 0.238000 0.614121 0.614121 0.153530 0.000000 1.000000 1.000000 0.500000 0.000000 0.000000 0 
947 0.239000 0.085084 0.085084 0.085084 0.000000 0.000000 0.000000 0.239000 0.239000 0.615665 0.615665 0.153916 0.000000 1.000000 1.000000 0.500000 0.000000 0.000000 0 
948 0.240000 0.085699 0.085699 0.085699 0.000000 0.000000 0.000000 0.240000 0.240000 0.617202 0.617202 0.154301 0.000000 1.000000 1.000000 0.500000 0.000000 0.000000 0 
949 0.241000 0.086317 0.086317 0.086317 0.000000 0.000000 0.000000 0.241000 0.241000 0.618733 0.618733 0.154683 0.000000 1.000000 1.000000 0.500000 0.000000 0.000000 0 
950 0.242000 0.086935 0.086935 0.086935 0.000000 0.000000 0.000000 0.242000 0.242000 0.620258 0.620258 0.155065 0.000000 1.000000 1.000000 0.500000 0.000000 0.000000 0 
951 0.243000 0.087556 0.087556 0.087556 0.000000 0.000000 0.000000 0.243000 0.243000 0.621777 0.621777 0.155444 0.000000 1.000000 1.000000 0.500000 0.000000 0.000000 0 
952 0.244000 0.088177 0.088177 0.088177 0.000000 0.000000 0.000000 0.244000 0.244000 0.623290 0.623290 0.155823 0.000000 1.000000 1.000000 0.500000 0.000000 0.000000 0 
953 0.245000 0.088801 0.088801 0.088801 0.000000 0.000000 0.000000 0.245000 0.245000 0.624797 0.624797 0.156199 0.000000 1.000000 1.000000 0.500000 0.000000 0.000000 0 
954 0.246000 0.089426 0.089426 0.089426 0.000000 0.000000 0.000000 0.246000 0.246000 0.626298 0.626298 0.156574 0.000000 1.000000 1.000000 0.500000 0.000000 0.000000 0 
955 0.247000 0.090052 0.090052 0.090052 0.000000 0.000000 0.000000 0.247000 0.247000 0.627793 0.627793 0.156948 0.000000 1.000000 1.000000 0.500000 0.000000 0.000000 0 
956 0.248000 0.090680 0.090680 0.090680 0.000000 0.000000 0.000000 0.248000 0.248000 0.629282 0.629282 0.157320 0.000000 1.000000 1.000000 0.500000 0.000000 0.000000 0 
957 0.249000 0.091309 0.091309 0.091309 0.000000 0.000000 0.000000 0.249000 0.249000 0.630764 0.630764 0.157691 0.000000 1.000000 1.000000 0.500000 0.000000 0.000000 0 
958 0.250000 0.091940 0.091940 0.091940 0.000000 0.000000 0.000000 0.250000 0.250000 0.632241 0.632241 0.158060 0.000000 1.000000 1.000000 0.500000 0.000000 0.000000 0 
959 0.251000 0.092572 0.092572 0.092572 0.000000 0.000000 0.000000 0.251000 0.251000 0.633712 0.633712 0.158428 0.000000 1.000000 1.000000 0.500000 0.000000 0.000000 0 
960 0.252000 0.093206 0.093206 0.093206 0.000000 0.000000 0.000000 0.252000 0.252000 0.635178 0.635178 0.158794 0.000000 1.000000 1.000000 0.500000 0.000000 0.000000 0 
961 0.253000 0.093841 0.093841 0.093841 0.000000 0.000000 0.000000 0.253000 0.253000 0.636637 0.636637 0.159159 0.000000 1.000000 1.000000 0.500000 0.000000 0.000000 0 
962 0.254000 0.094477 0.094477 0.094477 0.000000 0.000000 0.000000 0.254000 0.254000 0.638090 0.638090 0.159523 0.000000 1.000000 1.000000 0.500000 0.000000 0.000000 0 
963 0.255000 0.095116 0.095116 0.095116 0.000000 0.000000 0.000000 0.255000 0.255000 0.639538 0.639538 0.159884 0.000000 1.000000 1.000000 0.500000 0.000000 0.000000 0 
964 0.256000 0.095755 0.095755 0.095755 0.000000 0.000000 0.000000 0.256000 0.256000 0.640980 0.640980 0.160245 0.000000 1.000000 1.000000 0.500000 0.000000 0.000000 0 
965 0.257000 0.096396 0.096396 0.096396 0.000000 0.000000 0.000000 0.257000 0.257000 0.642416 0.642416 0.160604 0.000000 1.000000 1.000000 0.500000 0.000000 0.000000 0 
966 0.258000 0.097038 0.097038 0.097038 0.000000 0.000000 0.000000 0.258000 0.258000 0.643846 0.643846 0.160962 0.000000 1.000000 1.000000 0.500000 0.000000 0.000000 0 
967 0.259000 0.097682 0.097682 0.097682 0.000000 0.000000 0.000000 0.259000 0.259000 0.645271 0.645271 0.161318 0.000000 1.000000 1.000000 0.500000 0.000000 0.000000 0 
968 0.260000 0.098328 0.098328 0.098328 0.000000 0.000000 0.000000 0.260000 0.260000 0.646690 0.646690 0.161672 0.000000 1.000000 1.000000 0.500000 0.000000 0.000000 0 
969 0.261000 0.098974 0.098974 0.098974 0.000000 0.000000 0.000000 0.261000 0.261000 0.648103 0.648103 0.162026 0.000000 1.000000 1.000000 0.500000 0.000000 0.000000 0 
970 0.262000 0.099622 0.099622 0.099622 0.000000 0.000000 0.000000 0.262000 0.262000 0.649511 0.649511 0.162378 0.000000 1.000000 1.000000 0.500000 0.000000 0.000000 0 
971 0.263000 0.100272 0.100272 0.100272 0.000000 0.000000 0.000000 0.263000 0.263000 0.650913 0.650913 0.162728 0.000000 1.000000 1.000000 0.500000 0.000000 0.000000 0 
972 0.264000 0.100923 0.100923 0.100923 0.000000 0.000000 0.000000 0.264000 0.264000 0.652309 0.652309 0.163077 0.000000 1.000000 1.000000 0.500000 0.000000 0.000000 0 
973 0.265000 0.101575 0.101575 0.101575 0.000000 0.000000 0.000000 0.265000 0.265000 0.653700 0.653700 0.163425 0.000000 1.000000 1.000000 0.500000 0.000000 0.000000 0 
974 0.266000 0.102229 0.102229 0.102229 0.000000 0.000000 0.000000 0.266000 0.266000 0.655085 0.655085 0.163771 0.000000 1.000000 1.000000 0.500000 0.000000 0.000000 0 
975 0.267000 0.102884 0.102884 0.102884 0.000000 0.000000 0.000000 0.267000 0.267000 0.656465 0.656465 0.164116 0.000000 1.000000 1.000000 0.500000 0.000000 0.000000 0 
976 0.268000 0.103540 0.103540 0.103540 0.000000 0.000000 0.000000 0.268000 0.268000 0.657839 0.657839 0.164460 0.000000 1.000000 1.000000 0.500000 0.000000 0.000000 0 
977 0.269000 0.104198 0.104198 0.104198 0.000000 0.000000 0.000000 0.269000 0.269000 0.659207 0.659207 0.164802 0.000000 1.000000 1.000000 0.500000 0.000000 0.000000 0 
978 0.270000 0.104857 0.104857 0.104857 0.000000 0.000000 0.000000 0.270000 0.270000 0.660570 0.660570 0.165143 0.000000 1.000000 1.000000 0.500000 0.000000 0.000000 0 
979 0.271000 0.105518 0.105518 0.105518 0.000000 0.000000 0.000000 0.271000 0.271000 0.661928 0.661928 0.165482 0.000000 1.000000 1.000000 0.500000 0.000000 0.000000 0 
980 0.272000 0.106180 0.106180 0.106180 0.000000 0.000000 0.000000 0.272000 0.272000 0.663280 0.663280 0.165820 0.000000 1.000000 1.000000 0.500000 0.000000 0.000000 0 
981 0.273000 0.106843 0.106843 0.106843 0.000000 0.000000 0.000000 0.273000 0.273000 0.664627 0.664627 0.166157 0.000000 1.000000 1.000000 0.500000 0.000000 0.000000 0 
982 0.274000 0.107508 0.107508 0.107508 0.000000 0.000000 0.000000 0.274000 0.274000 0.665969 0.665969 0.166492 0.000000 1.000000 1.000000 0.500000 0.000000 0.000000 0 
983 0.275000 0.108174 0.108174 0.108174 0.000000 0.000000 0.000000 0.275000 0.275000 0.667305 0.667305 0.166826 0.000000 1.000000 1.000000 0.500000 0.000000 0.000000 0 
984 0.276000 0.108841 0.108841 0.108841 0.000000 0.000000 0.000000 0.276000 0.276000 0.668636 0.668636 0.167159 0.000000 1.000000 1.000000 0.500000 0.000000 0.000000 0 
985 0.277000 0.109510 0.109510 0.109510 0.000000 0.000000 0.000000 0.277000 0.277000 0.669961 0.669961 0.167490 0.000000 1.000000 1.000000 0.500000 0.000000 0.000000 0 
986 0.278000 0.110180 0.110180 0.110180 0.000000 0.000000 0.000000 0.278000 0.278000 0.671281 0.671281 0.167820 0.000000 1.000000 1.000000 0.500000 0.000000 0.000000 0 
987 0.279000 0.110851 0.110851 0.110851 0.000000 0.000000 0.000000 0.279000 0.279000 0.672596 0.672596 0.168149 0.000000 1.000000 1.000000 0.500000 0.000000 0.000000 0 
988 0.280000 0.111524 0.111524 0.111524 0.000000 0.000000 0.000000 0.280000 0.280000 0.673906 0.673906 0.168476 0.000000 1.000000 1.000000 0.500000 0.000000 0.000000 0 
989 0.281000 0.112197 0.112197 0.112197 0.000000 0.000000 0.000000 0.281000 0.281000 0.675210 0.675210 0.168803 0.000000 1.000000 1.000000 0.500000 0.000000 0.000000 0 
990 0.282000 0.112873 0.112873 0.112873 0.000000 0.000000 0.000000 0.282000 0.282000 0.676509 0.676509 0.169127 0.000000 1.000000 1.000000 0.500000 0.000000 0.000000 0 
991 0.283000 0.113549 0.113549 0.113549 0.000000 0.000000 0.000000 0.283000 0.283000 0.677803 0.677803 0.169451 0.000000 1.000000 1.000000 0.500000 0.000000 0.000000 0 
992 0.284000 0.114227 0.114227 0.114227 0.000000 0.000000 0.000000 0.284000 0.284000 0.679092 0.679092 0.169773 0.000000 1.000000 1.000000 0.500000 0.000000 0.000000 0 
993 0.285000 0.114906 0.114906 0.114906 0.000000 0.000000 0.000000 0.285000 0.285000 0.680376 0.680376 0.170094 0.000000 1.000000 1.000000 0.500000 0.000000 0.000000 0 
994 0.286000 0.115586 0.115586 0.115586 0.000000 0.000000 0.