monotonic_ns,phase,taskbeat,motion_heartbeat,motion_type,interp_state,exec_state,x_cmd
1030835292121,P0-ready,125,306,0,1,2,0.0
1030835307754,P1-fast-idle,125,306,0,1,2,0.0
1030835478710,P1-fast-idle,125,306,0,1,2,0.0
1030835641711,P1-fast-idle,126,307,0,1,2,0.0
1030835802384,P1-fast-idle,126,307,0,1,2,0.0
1030835963895,P1-fast-idle,126,307,0,1,2,0.0
1030836125014,P1-fast-idle,126,307,0,1,2,0.0
1030836286033,P1-fast-idle,126,307,0,1,2,0.0
1030836440767,P1-fast-idle,126,307,0,1,2,0.0
1030836618245,P1-fast-idle,126,307,0,1,2,0.0
1030836785178,P1-fast-idle,127,308,0,1,2,0.0
1030836947927,P1-fast-idle,127,308,0,1,2,0.0
1030837121426,P1-fast-idle,127,308,0,1,2,0.0
1030837283887,P1-fast-idle,127,308,0,1,2,0.0
1030837446429,P1-fast-idle,127,308,0,1,2,0.0
1030837608688,P1-fast-idle,127,308,0,1,2,0.0
1030837771220,P1-fast-idle,128,309,0,1,2,0.0
1030837933334,P1-fast-idle,128,309,0,1,2,0.0
1030838096580,P1-fast-idle,128,309,0,1,2,0.0
1030838260326,P1-fast-idle,128,309,0,1,2,0.0
1030838421871,P1-fast-idle,128,309,0,1,2,0.0
1030838584077,P1-fast-idle,128,309,0,1,2,0.0
1030838749685,P1-fast-idle,128,309,0,1,2,0.0
1030838912796,P1-fast-idle,129,310,0,1,2,0.0
1030839075982,P1-fast-idle,129,310,0,1,2,0.0
1030839241046,P1-fast-idle,129,310,0,1,2,0.0
1030839402879,P1-fast-idle,129,310,0,1,2,0.0
1030839564652,P1-fast-idle,129,310,0,1,2,0.0
1030839727036,P1-fast-idle,129,310,0,1,2,0.0
1030839889447,P1-fast-idle,130,311,0,1,2,0.0
1030840051919,P1-fast-idle,130,311,0,1,2,0.0
1030840212218,P1-fast-idle,130,311,0,1,2,0.0
1030840372568,P1-fast-idle,130,311,0,1,2,0.0
1030840533600,P1-fast-idle,130,311,0,1,2,0.0
1030840684140,P1-fast-idle,130,311,0,1,2,0.0
1030840846989,P1-fast-idle,130,311,0,1,2,0.0
1030841016663,P1-fast-idle,131,312,0,1,2,0.0
1030841178639,P1-fast-idle,131,312,0,1,2,0.0
1030841340138,P1-fast-idle,131,312,0,1,2,0.0
1030841507359,P1-fast-idle,131,312,0,1,2,0.0
1030841668012,P1-fast-idle,131,312,0,1,2,0.0
1030841949822,P1-fast-idle,132,313,0,1,2,0.0
1030842113305,P1-fast-idle,132,313,0,1,2,0.0
1030842275149,P1-fast-idle,132,313,0,1,2,0.0
1030842427169,P1-fast-idle,132,313,0,1,2,0.0
1030842591249,P1-fast-idle,132,313,0,1,2,0.0
1030842752821,P1-fast-idle,132,313,0,1,2,0.0
1030842914794,P1-fast-idle,132,313,0,1,2,0.0
1030843077383,P1-fast-idle,133,314,0,1,2,0.0
1030843239737,P1-fast-idle,133,314,0,1,2,0.0
1030843400534,P1-fast-idle,133,314,0,1,2,0.0
1030843562513,P1-fast-idle,133,314,0,1,2,0.0
1030843725077,P1-fast-idle,133,314,0,1,2,0.0
1030843886490,P1-fast-idle,133,314,0,1,2,0.0
1030844060018,P1-fast-idle,134,315,0,1,2,0.0
1030844235282,P1-fast-idle,134,315,0,1,2,0.0
1030844397303,P1-fast-idle,134,315,0,1,2,0.0
1030844560849,P1-fast-idle,134,315,0,1,2,0.0
1030844723963,P1-fast-idle,134,315,0,1,2,0.0
1030844885785,P1-fast-idle,134,315,0,1,2,0.0
1030845047890,P1-fast-idle,134,315,0,1,2,0.0
1030845213038,P1-fast-idle,135,316,0,1,2,0.0
1030845375272,P1-fast-idle,135,316,0,1,2,0.0
1030845537739,P1-fast-idle,135,316,0,1,2,0.0
1030845700019,P1-fast-idle,135,316,0,1,2,0.0
1030845862155,P1-fast-idle,135,316,0,1,2,0.0
1030846026167,P1-fast-idle,135,316,0,1,2,0.0
1030846192808,P1-fast-idle,136,317,0,1,2,0.0
1030846354701,P1-fast-idle,136,317,0,1,2,0.0
1030846516704,P1-fast-idle,136,317,0,1,2,0.0
1030846677879,P1-fast-idle,136,317,0,1,2,0.0
1030846839720,P1-fast-idle,136,317,0,1,2,0.0
1030847026143,P1-fast-idle,136,317,0,1,2,0.0
1030847189049,P1-fast-idle,136,317,0,1,2,0.0
1030847352178,P1-fast-idle,137,318,0,1,2,0.0
1030847515294,P1-fast-idle,137,318,0,1,2,0.0
1030847677885,P1-fast-idle,137,318,0,1,2,0.0
1030847841827,P1-fast-idle,137,318,0,1,2,0.0
1030848013743,P1-fast-idle,137,318,0,1,2,0.0
1030848178846,P1-fast-idle,137,318,0,1,2,0.0
1030848340622,P1-fast-idle,138,319,0,1,2,0.0
1030848504077,P1-fast-idle,138,319,0,1,2,0.0
1030848666943,P1-fast-idle,138,319,0,1,2,0.0
1030848828694,P1-fast-idle,138,319,0,1,2,0.0
1030848991415,P1-fast-idle,138,319,0,1,2,0.0
1030849154252,P1-fast-idle,138,319,0,1,2,0.0
1030849315601,P1-fast-idle,138,319,0,1,2,0.0
1030849477566,P1-fast-idle,139,320,0,1,2,0.0
1030849638726,P1-fast-idle,139,320,0,1,2,0.0
1030849800030,P1-fast-idle,139,320,0,1,2,0.0
1030849960720,P1-fast-idle,139,320,0,1,2,0.0
1030850122112,P1-fast-idle,139,320,0,1,2,0.0
1030850283047,P1-fast-idle,139,320,0,1,2,0.0
1030850445553,P1-fast-idle,140,321,0,1,2,0.0
1030850606959,P1-fast-idle,140,321,0,1,2,0.0
1030850750560,P1-fast-idle,140,321,0,1,2,0.0
1030850916886,P1-fast-idle,140,321,0,1,2,0.0
1030851077742,P1-fast-idle,140,321,0,1,2,0.0
1030851239171,P1-fast-idle,140,321,0,1,2,0.0
1030851406017,P1-fast-idle,140,321,0,1,2,0.0
1030851572199,P1-fast-idle,141,323,0,1,2,0.0
1030851735504,P1-fast-idle,141,323,0,1,2,0.0
1030851899055,P1-fast-idle,141,323,0,1,2,0.0
1030852063989,P1-fast-idle,141,323,0,1,2,0.0
1030852226684,P1-fast-idle,141,323,0,1,2,0.0
1030852389337,P1-fast-idle,141,323,0,1,2,0.0
1030852553070,P1-fast-idle,142,324,0,1,2,0.0
1030852715743,P1-fast-idle,142,324,0,1,2,0.0
1030852879783,P1-fast-idle,142,324,0,1,2,0.0
1030853046191,P1-fast-idle,142,324,0,1,2,0.0
1030853209411,P1-fast-idle,142,324,0,1,2,0.0
1030853372117,P1-fast-idle,142,324,0,1,2,0.0
1030853535584,P1-fast-idle,142,324,0,1,2,0.0
1030853699543,P1-fast-idle,143,325,0,1,2,0.0
1030853862302,P1-fast-idle,143,325,0,1,2,0.0
1030854025955,P1-fast-idle,143,325,0,1,2,0.0
1030854189122,P1-fast-idle,143,325,0,1,2,0.0
1030854352816,P1-fast-idle,143,325,0,1,2,0.0
1030854516070,P1-fast-idle,143,325,0,1,2,0.0
1030854679555,P1-fast-idle,144,326,0,1,2,0.0
1030854847686,P1-fast-idle,144,326,0,1,2,0.0
1030855012842,P1-fast-idle,144,326,0,1,2,0.0
1030855175473,P1-fast-idle,144,326,0,1,2,0.0
1030855338055,P1-fast-idle,144,326,0,1,2,0.0
1030855502524,P1-fast-idle,144,326,0,1,2,0.0
1030855665010,P1-fast-idle,144,326,0,1,2,0.0
1030855830000,P1-fast-idle,145,327,0,1,2,0.0
1030855992991,P1-fast-idle,145,327,0,1,2,0.0
1030856156290,P1-fast-idle,145,327,0,1,2,0.0
1030856320406,P1-fast-idle,145,327,0,1,2,0.0
1030856484027,P1-fast-idle,145,327,0,1,2,0.0
1030856645394,P1-fast-idle,145,327,0,1,2,0.0
1030856808495,P1-fast-idle,146,328,0,1,2,0.0
1030856970564,P1-fast-idle,146,328,0,1,2,0.0
1030857134447,P1-fast-idle,146,328,0,1,2,0.0
1030857296944,P1-fast-idle,146,328,0,1,2,0.0
1030857459547,P1-fast-idle,146,328,0,1,2,0.0
1030857622119,P1-fast-idle,146,328,0,1,2,0.0
1030857785709,P1-fast-idle,146,328,0,1,2,0.0
1030857952163,P1-fast-idle,147,329,0,1,2,0.0
1030858116929,P1-fast-idle,147,329,0,1,2,0.0
1030858279923,P1-fast-idle,147,329,0,1,2,0.0
1030858442912,P1-fast-idle,147,329,0,1,2,0.0
1030858607581,P1-fast-idle,147,329,0,1,2,0.0
1030858770952,P1-fast-idle,147,329,0,1,2,0.0
1030858935464,P1-fast-idle,148,330,0,1,2,0.0
1030859099351,P1-fast-idle,148,330,0,1,2,0.0
1030859262121,P1-fast-idle,148,330,0,1,2,0.0
1030859424219,P1-fast-idle,148,330,0,1,2,0.0
1030859586724,P1-fast-idle,148,330,0,1,2,0.0
1030859749599,P1-fast-idle,148,330,0,1,2,0.0
1030859912624,P1-fast-idle,148,330,0,1,2,0.0
1030860077503,P1-fast-idle,149,331,0,1,2,0.0
1030860239699,P1-fast-idle,149,331,0,1,2,0.0
1030860401206,P1-fast-idle,149,331,0,1,2,0.0
1030860564567,P1-fast-idle,149,331,0,1,2,0.0
1030860728322,P1-fast-idle,149,331,0,1,2,0.0
1030860891745,P1-fast-idle,149,331,0,1,2,0.0
1030861055261,P1-fast-idle,150,332,0,1,2,0.0
1030861220559,P1-fast-idle,150,332,0,1,2,0.0
1030861383629,P1-fast-idle,150,332,0,1,2,0.0
1030861546434,P1-fast-idle,150,332,0,1,2,0.0
1030861708966,P1-fast-idle,150,332,0,1,2,0.0
1030861870836,P1-fast-idle,150,332,0,1,2,0.0
1030862034555,P1-fast-idle,150,332,0,1,2,0.0
1030862198653,P1-fast-idle,151,333,0,1,2,0.0
1030862360635,P1-fast-idle,151,333,0,1,2,0.0
1030862525168,P1-fast-idle,151,333,0,1,2,0.0
1030862687541,P1-fast-idle,151,333,0,1,2,0.0
1030862849686,P1-fast-idle,151,333,0,1,2,0.0
1030863012588,P1-fast-idle,151,333,0,1,2,0.0
1030863176305,P1-fast-idle,152,334,0,1,2,0.0
1030863338662,P1-fast-idle,152,334,0,1,2,0.0
1030863501432,P1-fast-idle,152,334,0,1,2,0.0
1030863664902,P1-fast-idle,152,334,0,1,2,0.0
1030863828092,P1-fast-idle,152,334,0,1,2,0.0
1030863990629,P1-fast-idle,152,334,0,1,2,0.0
1030864152748,P1-fast-idle,152,334,0,1,2,0.0
1030864317782,P1-fast-idle,153,335,0,1,2,0.0
1030864480462,P1-fast-idle,153,335,0,1,2,0.0
1030864642802,P1-fast-idle,153,335,0,1,2,0.0
1030864805609,P1-fast-idle,153,335,0,1,2,0.0
1030864970407,P1-fast-idle,153,335,0,1,2,0.0
1030865133747,P1-fast-idle,153,335,0,1,2,0.0
1030865297610,P1-fast-idle,154,336,0,1,2,0.0
1030865459767,P1-fast-idle,154,336,0,1,2,0.0
1030865622058,P1-fast-idle,154,336,0,1,2,0.0
1030865785029,P1-fast-idle,154,336,0,1,2,0.0
1030865947948,P1-fast-idle,154,336,0,1,2,0.0
1030866110782,P1-fast-idle,154,336,0,1,2,0.0
1030866272755,P1-fast-idle,154,336,0,1,2,0.0
1030866436520,P1-fast-idle,155,337,0,1,2,0.0
1030866598680,P1-fast-idle,155,337,0,1,2,0.0
1030866762415,P1-fast-idle,155,337,0,1,2,0.0
1030866925228,P1-fast-idle,155,337,0,1,2,0.0
1030867088000,P1-fast-idle,155,337,0,1,2,0.0
1030867250597,P1-fast-idle,155,337,0,1,2,0.0
1030867414088,P1-fast-idle,156,338,0,1,2,0.0
1030867579187,P1-fast-idle,156,338,0,1,2,0.0
1030867741251,P1-fast-idle,156,338,0,1,2,0.0
1030867903947,P1-fast-idle,156,338,0,1,2,0.0
1030868066282,P1-fast-idle,156,338,0,1,2,0.0
1030868227556,P1-fast-idle,156,338,0,1,2,0.0
1030868389451,P1-fast-idle,156,338,0,1,2,0.0
1030868553026,P1-fast-idle,157,340,0,1,2,0.0
1030868714721,P1-fast-idle,157,340,0,1,2,0.0
1030868876884,P1-fast-idle,157,340,0,1,2,0.0
1030869040757,P1-fast-idle,157,340,0,1,2,0.0
1030869201986,P1-fast-idle,157,340,0,1,2,0.0
1030869363004,P1-fast-idle,157,340,0,1,2,0.0
1030869527566,P1-fast-idle,158,341,0,1,2,0.0
1030869688883,P1-fast-idle,158,341,0,1,2,0.0
1030869850645,P1-fast-idle,158,341,0,1,2,0.0
1030870014539,P1-fast-idle,158,341,0,1,2,0.0
1030870176561,P1-fast-idle,158,341,0,1,2,0.0
1030870337583,P1-fast-idle,158,341,0,1,2,0.0
1030870499582,P1-fast-idle,158,341,0,1,2,0.0
1030870663945,P1-fast-idle,159,342,0,1,2,0.0
1030870826441,P1-fast-idle,159,342,0,1,2,0.0
1030870987518,P1-fast-idle,159,342,0,1,2,0.0
1030871149189,P1-fast-idle,159,342,0,1,2,0.0
1030871311703,P1-fast-idle,159,342,0,1,2,0.0
1030871474027,P1-fast-idle,159,342,0,1,2,0.0
1030871636964,P1-fast-idle,160,343,0,1,2,0.0
1030871798645,P1-fast-idle,160,343,0,1,2,0.0
1030871960386,P1-fast-idle,160,343,0,1,2,0.0
1030872122806,P1-fast-idle,160,343,0,1,2,0.0
1030872286069,P1-fast-idle,160,343,0,1,2,0.0
1030872447948,P1-fast-idle,160,343,0,1,2,0.0
1030872609913,P1-fast-idle,160,343,0,1,2,0.0
1030872773180,P1-fast-idle,161,344,0,1,2,0.0
1030872934851,P1-fast-idle,161,344,0,1,2,0.0
1030873097141,P1-fast-idle,161,344,0,1,2,0.0
1030873258792,P1-fast-idle,161,344,0,1,2,0.0
1030873420720,P1-fast-idle,161,344,0,1,2,0.0
1030873582457,P1-fast-idle,161,344,0,1,2,0.0
1030873745835,P1-fast-idle,162,345,0,1,2,0.0
1030873909778,P1-fast-idle,162,345,0,1,2,0.0
1030874072215,P1-fast-idle,162,345,0,1,2,0.0
1030874233610,P1-fast-idle,162,345,0,1,2,0.0
1030874395252,P1-fast-idle,162,345,0,1,2,0.0
1030874558662,P1-fast-idle,162,345,0,1,2,0.0
1030874720825,P1-fast-idle,162,345,0,1,2,0.0
1030874883694,P1-fast-idle,163,346,0,1,2,0.0
1030875046100,P1-fast-idle,163,346,0,1,2,0.0
1030875207071,P1-fast-idle,163,346,0,1,2,0.0
1030875368439,P1-fast-idle,163,346,0,1,2,0.0
1030875530988,P1-fast-idle,163,346,0,1,2,0.0
1030875694554,P1-fast-idle,163,346,0,1,2,0.0
1030875857307,P1-fast-idle,164,347,0,1,2,0.0
1030876019579,P1-fast-idle,164,347,0,1,2,0.0
1030876181899,P1-fast-idle,164,347,0,1,2,0.0
1030876345063,P1-fast-idle,164,347,0,1,2,0.0
1030876507726,P1-fast-idle,164,347,0,1,2,0.0
1030876669306,P1-fast-idle,164,347,0,1,2,0.0
1030876830936,P1-fast-idle,164,347,0,1,2,0.0
1030876995738,P1-fast-idle,165,348,0,1,2,0.0
1030877158682,P1-fast-idle,165,348,0,1,2,0.0
1030877318810,P1-fast-idle,165,348,0,1,2,0.0
1030877479710,P1-fast-idle,165,348,0,1,2,0.0
1030877639940,P1-fast-idle,165,348,0,1,2,0.0
1030877801256,P1-fast-idle,165,348,0,1,2,0.0
1030877962842,P1-fast-idle,166,349,0,1,2,0.0
1030878124242,P1-fast-idle,166,349,0,1,2,0.0
1030878286300,P1-fast-idle,166,349,0,1,2,0.0
1030878448770,P1-fast-idle,166,349,0,1,2,0.0
1030878610314,P1-fast-idle,166,349,0,1,2,0.0
1030878772427,P1-fast-idle,166,349,0,1,2,0.0
1030878935492,P1-fast-idle,166,349,0,1,2,0.0
1030879098844,P1-fast-idle,167,350,0,1,2,0.0
1030879263003,P1-fast-idle,167,350,0,1,2,0.0
1030879425087,P1-fast-idle,167,350,0,1,2,0.0
1030879588714,P1-fast-idle,167,350,0,1,2,0.0
1030879750469,P1-fast-idle,167,350,0,1,2,0.0
1030879911779,P1-fast-idle,167,350,0,1,2,0.0
1030880078688,P1-fast-idle,167,350,0,1,2,0.0
1030880243088,P1-fast-idle,168,351,0,1,2,0.0
1030880405180,P1-fast-idle,168,351,0,1,2,0.0
1030880567294,P1-fast-idle,168,351,0,1,2,0.0
1030880729061,P1-fast-idle,168,351,0,1,2,0.0
1030880890871,P1-fast-idle,168,351,0,1,2,0.0
1030881053479,P1-fast-idle,168,351,0,1,2,0.0
1030881216229,P1-fast-idle,169,352,0,1,2,0.0
1030881379672,P1-fast-idle,169,352,0,1,2,0.0
1030881541821,P1-fast-idle,169,352,0,1,2,0.0
1030881703949,P1-fast-idle,169,352,0,1,2,0.0
1030881866129,P1-fast-idle,169,352,0,1,2,0.0
1030882029549,P1-fast-idle,169,352,0,1,2,0.0
1030882191778,P1-fast-idle,169,352,0,1,2,0.0
1030882354417,P1-fast-idle,170,353,0,1,2,0.0
1030882517395,P1-fast-idle,170,353,0,1,2,0.0
1030882679100,P1-fast-idle,170,353,0,1,2,0.0
1030882841806,P1-fast-idle,170,353,0,1,2,0.0
1030883015460,P1-fast-idle,170,353,0,1,2,0.0
1030883180584,P1-fast-idle,170,353,0,1,2,0.0
1030883346321,P1-fast-idle,171,354,0,1,2,0.0
1030883508503,P1-fast-idle,171,354,0,1,2,0.0
1030883671358,P1-fast-idle,171,354,0,1,2,0.0
1030883833226,P1-fast-idle,171,354,0,1,2,0.0
1030883994993,P1-fast-idle,171,354,0,1,2,0.0
1030884157462,P1-fast-idle,171,354,0,1,2,0.0
1030884321343,P1-fast-idle,172,355,0,1,2,0.0
1030884483508,P1-fast-idle,172,355,0,1,2,0.0
1030884645775,P1-fast-idle,172,355,0,1,2,0.0
1030884807949,P1-fast-idle,172,355,0,1,2,0.0
1030884970458,P1-fast-idle,172,355,0,1,2,0.0
1030885132583,P1-fast-idle,172,355,0,1,2,0.0
1030885294831,P1-fast-idle,172,355,0,1,2,0.0
1030885457846,P1-fast-idle,173,356,0,1,2,0.0
1030885619693,P1-fast-idle,173,356,0,1,2,0.0
1030885781134,P1-fast-idle,173,356,0,1,2,0.0
1030885942998,P1-fast-idle,173,356,0,1,2,0.0
1030886106033,P1-fast-idle,173,356,0,1,2,0.0
1030886268805,P1-fast-idle,173,356,0,1,2,0.0
1030886431182,P1-fast-idle,173,356,0,1,2,0.0
1030886595705,P1-fast-idle,174,358,0,1,2,0.0
1030886758358,P1-fast-idle,174,358,0,1,2,0.0
1030886920456,P1-fast-idle,174,358,0,1,2,0.0
1030887082744,P1-fast-idle,174,358,0,1,2,0.0
1030887244008,P1-fast-idle,174,358,0,1,2,0.0
1030887406585,P1-fast-idle,174,358,0,1,2,0.0
1030887569558,P1-fast-idle,175,359,0,1,2,0.0
1030887731374,P1-fast-idle,175,359,0,1,2,0.0
1030887892773,P1-fast-idle,175,359,0,1,2,0.0
1030888055171,P1-fast-idle,175,359,0,1,2,0.0
1030888216541,P1-fast-idle,175,359,0,1,2,0.0
1030888378931,P1-fast-idle,175,359,0,1,2,0.0
1030888541361,P1-fast-idle,175,359,0,1,2,0.0
1030888705127,P1-fast-idle,176,360,0,1,2,0.0
1030888866676,P1-fast-idle,176,360,0,1,2,0.0
1030889029173,P1-fast-idle,176,360,0,1,2,0.0
1030889191472,P1-fast-idle,176,360,0,1,2,0.0
1030889352887,P1-fast-idle,176,360,0,1,2,0.0
1030889515921,P1-fast-idle,176,360,0,1,2,0.0
1030889683353,P1-fast-idle,177,361,0,1,2,0.0
1030889846485,P1-fast-idle,177,361,0,1,2,0.0
1030890008555,P1-fast-idle,177,361,0,1,2,0.0
1030890173368,P1-fast-idle,177,361,0,1,2,0.0
1030890336742,P1-fast-idle,177,361,0,1,2,0.0
1030890499602,P1-fast-idle,177,361,0,1,2,0.0
1030890662120,P1-fast-idle,177,361,0,1,2,0.0
1030890825874,P1-fast-idle,178,362,0,1,2,0.0
1030890987995,P1-fast-idle,178,362,0,1,2,0.0
1030891150865,P1-fast-idle,178,362,0,1,2,0.0
1030891313069,P1-fast-idle,178,362,0,1,2,0.0
1030891476804,P1-fast-idle,178,362,0,1,2,0.0
1030891638566,P1-fast-idle,178,362,0,1,2,0.0
1030891801145,P1-fast-idle,179,363,0,1,2,0.0
1030891963415,P1-fast-idle,179,363,0,1,2,0.0
1030892125966,P1-fast-idle,179,363,0,1,2,0.0
1030892288326,P1-fast-idle,179,363,0,1,2,0.0
1030892450972,P1-fast-idle,179,363,0,1,2,0.0
1030892613924,P1-fast-idle,179,363,0,1,2,0.0
1030892776299,P1-fast-idle,179,363,0,1,2,0.0
1030892942325,P1-fast-idle,180,364,0,1,2,0.0
1030893104143,P1-fast-idle,180,364,0,1,2,0.0
1030893265370,P1-fast-idle,180,364,0,1,2,0.0
1030893428329,P1-fast-idle,180,364,0,1,2,0.0
1030893589445,P1-fast-idle,180,364,0,1,2,0.0
1030893750754,P1-fast-idle,180,364,0,1,2,0.0
1030893914072,P1-fast-idle,181,365,0,1,2,0.0
1030894076102,P1-fast-idle,181,365,0,1,2,0.0
1030894238374,P1-fast-idle,181,365,0,1,2,0.0
1030894400604,P1-fast-idle,181,365,0,1,2,0.0
1030894563852,P1-fast-idle,181,365,0,1,2,0.0
1030894725948,P1-fast-idle,181,365,0,1,2,0.0
1030894888415,P1-fast-idle,181,365,0,1,2,0.0
1030895052238,P1-fast-idle,182,366,0,1,2,0.0
1030895214388,P1-fast-idle,182,366,0,1,2,0.0
1030895376916,P1-fast-idle,182,366,0,1,2,0.0
1030895538801,P1-fast-idle,182,366,0,1,2,0.0
1030895700446,P1-fast-idle,182,366,0,1,2,0.0
1030895864232,P1-fast-idle,182,366,0,1,2,0.0
1030896029314,P1-fast-idle,183,367,0,1,2,0.0
1030896190957,P1-fast-idle,183,367,0,1,2,0.0
1030896353835,P1-fast-idle,183,367,0,1,2,0.0
1030896517573,P1-fast-idle,183,367,0,1,2,0.0
1030896679977,P1-fast-idle,183,367,0,1,2,0.0
1030896841738,P1-fast-idle,183,367,0,1,2,0.0
1030897013746,P1-fast-idle,183,367,0,1,2,0.0
1030897178267,P1-fast-idle,184,368,0,1,2,0.0
1030897340900,P1-fast-idle,184,368,0,1,2,0.0
1030897503320,P1-fast-idle,184,368,0,1,2,0.0
1030897665377,P1-fast-idle,184,368,0,1,2,0.0
1030897827434,P1-fast-idle,184,368,0,1,2,0.0
1030897990217,P1-fast-idle,184,368,0,1,2,0.0
1030898153314,P1-fast-idle,185,369,0,1,2,0.0
1030898316493,P1-fast-idle,185,369,0,1,2,0.0
1030898479229,P1-fast-idle,185,369,0,1,2,0.0
1030898641530,P1-fast-idle,185,369,0,1,2,0.0
1030898803673,P1-fast-idle,185,369,0,1,2,0.0
1030898965881,P1-fast-idle,185,369,0,1,2,0.0
1030899127914,P1-fast-idle,185,369,0,1,2,0.0
1030899292839,P1-fast-idle,186,370,0,1,2,0.0
1030899454812,P1-fast-idle,186,370,0,1,2,0.0
1030899616697,P1-fast-idle,186,370,0,1,2,0.0
1030899778906,P1-fast-idle,186,370,0,1,2,0.0
1030899941128,P1-fast-idle,186,370,0,1,2,0.0
1030900105038,P1-fast-idle,186,370,0,1,2,0.0
1030900268156,P1-fast-idle,187,371,0,1,2,0.0
1030900430469,P1-fast-idle,187,371,0,1,2,0.0
1030900598736,P1-fast-idle,187,371,0,1,2,0.0
1030900761054,P1-fast-idle,187,371,0,1,2,0.0
1030900923979,P1-fast-idle,187,371,0,1,2,0.0
1030901086437,P1-fast-idle,187,371,0,1,2,0.0
1030901247379,P1-fast-idle,187,371,0,1,2,0.0
1030901408910,P1-fast-idle,188,372,0,1,2,0.0
1030901571771,P1-fast-idle,188,372,0,1,2,0.0
1030901738935,P1-fast-idle,188,372,0,1,2,0.0
1030901899486,P1-fast-idle,188,372,0,1,2,0.0
1030902060537,P1-fast-idle,188,372,0,1,2,0.0
1030902221871,P1-fast-idle,188,372,0,1,2,0.0
1030902386675,P1-fast-idle,189,373,0,1,2,0.0
1030902549121,P1-fast-idle,189,373,0,1,2,0.0
1030902710244,P1-fast-idle,189,373,0,1,2,0.0
1030902871266,P1-fast-idle,189,373,0,1,2,0.0
1030903034220,P1-fast-idle,189,373,0,1,2,0.0
1030903196204,P1-fast-idle,189,373,0,1,2,0.0
1030903358698,P1-fast-idle,189,373,0,1,2,0.0
1030903520915,P1-fast-idle,190,374,0,1,2,0.0
1030903682732,P1-fast-idle,190,374,0,1,2,0.0
1030903844078,P1-fast-idle,190,374,0,1,2,0.0
1030904008622,P1-fast-idle,190,374,0,1,2,0.0
1030904171173,P1-fast-idle,190,374,0,1,2,0.0
1030904334250,P1-fast-idle,190,374,0,1,2,0.0
1030904498416,P1-fast-idle,191,376,0,1,2,0.0
1030904659880,P1-fast-idle,191,376,0,1,2,0.0
1030904822749,P1-fast-idle,191,376,0,1,2,0.0
1030904985096,P1-fast-idle,191,376,0,1,2,0.0
1030905147219,P1-fast-idle,191,376,0,1,2,0.0
1030905310000,P1-fast-idle,191,376,0,1,2,0.0
1030905472097,P1-fast-idle,191,376,0,1,2,0.0
1030905636209,P1-fast-idle,192,377,0,1,2,0.0
1030905797470,P1-fast-idle,192,377,0,1,2,0.0
1030905959328,P1-fast-idle,192,377,0,1,2,0.0
1030906121294,P1-fast-idle,192,377,0,1,2,0.0
1030906283196,P1-fast-idle,192,377,0,1,2,0.0
1030906446623,P1-fast-idle,192,377,0,1,2,0.0
1030906610314,P1-fast-idle,193,378,0,1,2,0.0
1030906772588,P1-fast-idle,193,378,0,1,2,0.0
1030906934153,P1-fast-idle,193,378,0,1,2,0.0
1030907096566,P1-fast-idle,193,378,0,1,2,0.0
1030907258283,P1-fast-idle,193,378,0,1,2,0.0
1030907421202,P1-fast-idle,193,378,0,1,2,0.0
1030907584836,P1-fast-idle,193,378,0,1,2,0.0
1030907748561,P1-fast-idle,194,379,0,1,2,0.0
1030907912132,P1-fast-idle,194,379,0,1,2,0.0
1030908075960,P1-fast-idle,194,379,0,1,2,0.0
1030908239290,P1-fast-idle,194,379,0,1,2,0.0
1030908401641,P1-fast-idle,194,379,0,1,2,0.0
1030908563861,P1-fast-idle,194,379,0,1,2,0.0
1030908728193,P1-fast-idle,195,380,0,1,2,0.0
1030908890379,P1-fast-idle,195,380,0,1,2,0.0
1030909052667,P1-fast-idle,195,380,0,1,2,0.0
1030909212810,P1-fast-idle,195,380,0,1,2,0.0
1030909373364,P1-fast-idle,195,380,0,1,2,0.0
1030909534479,P1-fast-idle,195,380,0,1,2,0.0
1030909695438,P1-fast-idle,195,380,0,1,2,0.0
1030909856301,P1-fast-idle,196,381,0,1,2,0.0
1030910026930,P1-fast-idle,196,381,0,1,2,0.0
1030910189766,P1-fast-idle,196,381,0,1,2,0.0
1030910351675,P1-fast-idle,196,381,0,1,2,0.0
1030910516067,P1-fast-idle,196,381,0,1,2,0.0
1030910678703,P1-fast-idle,196,381,0,1,2,0.0
1030910843114,P1-fast-idle,197,382,0,1,2,0.0
1030911006143,P1-fast-idle,197,382,0,1,2,0.0
1030911168451,P1-fast-idle,197,382,0,1,2,0.0
1030911330622,P1-fast-idle,197,382,0,1,2,0.0
1030911492178,P1-fast-idle,197,382,0,1,2,0.0
1030911653989,P1-fast-idle,197,382,0,1,2,0.0
1030911817745,P1-fast-idle,197,382,0,1,2,0.0
1030911980647,P1-fast-idle,198,383,0,1,2,0.0
1030912142759,P1-fast-idle,198,383,0,1,2,0.0
1030912305665,P1-fast-idle,198,383,0,1,2,0.0
1030912467544,P1-fast-idle,198,383,0,1,2,0.0
1030912628818,P1-fast-idle,198,383,0,1,2,0.0
1030912790484,P1-fast-idle,198,383,0,1,2,0.0
1030912953558,P1-fast-idle,199,384,0,1,2,0.0
1030913115964,P1-fast-idle,199,384,0,1,2,0.0
1030913276983,P1-fast-idle,199,384,0,1,2,0.0
1030913438409,P1-fast-idle,199,384,0,1,2,0.0
1030913599899,P1-fast-idle,199,384,0,1,2,0.0
1030913761984,P1-fast-idle,199,384,0,1,2,0.0
1030913923521,P1-fast-idle,199,384,0,1,2,0.0
1030914086883,P1-fast-idle,200,385,0,1,2,0.0
1030914247938,P1-fast-idle,200,385,0,1,2,0.0
1030914409516,P1-fast-idle,200,385,0,1,2,0.0
1030914571981,P1-fast-idle,200,385,0,1,2,0.0
1030914733647,P1-fast-idle,200,385,0,1,2,0.0
1030914896095,P1-fast-idle,200,385,0,1,2,0.0
1030915060585,P1-fast-idle,201,386,0,1,2,0.0
1030915222195,P1-fast-idle,201,386,0,1,2,0.0
1030915384541,P1-fast-idle,201,386,0,1,2,0.0
1030915545777,P1-fast-idle,201,386,0,1,2,0.0
1030915707373,P1-fast-idle,201,386,0,1,2,0.0
1030915868684,P1-fast-idle,201,386,0,1,2,0.0
1030916031393,P1-fast-idle,201,386,0,1,2,0.0
1030916194954,P1-fast-idle,202,387,0,1,2,0.0
1030916357143,P1-fast-idle,202,387,0,1,2,0.0
1030916518442,P1-fast-idle,202,387,0,1,2,0.0
1030916680748,P1-fast-idle,202,387,0,1,2,0.0
1030916841873,P1-fast-idle,202,387,0,1,2,0.0
1030917013073,P1-fast-idle,202,387,0,1,2,0.0
1030917176447,P1-fast-idle,203,388,0,1,2,0.0
1030917338433,P1-fast-idle,203,388,0,1,2,0.0
1030917500855,P1-fast-idle,203,388,0,1,2,0.0
1030917662554,P1-fast-idle,203,388,0,1,2,0.0
1030917826743,P1-fast-idle,203,388,0,1,2,0.0
1030917987619,P1-fast-idle,203,388,0,1,2,0.0
1030918150631,P1-fast-idle,203,388,0,1,2,0.0
1030918314533,P1-fast-idle,204,389,0,1,2,0.0
1030918476806,P1-fast-idle,204,389,0,1,2,0.0
1030918638155,P1-fast-idle,204,389,0,1,2,0.0
1030918799629,P1-fast-idle,204,389,0,1,2,0.0
1030918961661,P1-fast-idle,204,389,0,1,2,0.0
1030919123978,P1-fast-idle,204,389,0,1,2,0.0
1030919285686,P1-fast-idle,204,389,0,1,2,0.0
1030919447115,P1-fast-idle,205,390,0,1,2,0.0
1030919608951,P1-fast-idle,205,390,0,1,2,0.0
1030919770615,P1-fast-idle,205,390,0,1,2,0.0
1030919931975,P1-fast-idle,205,390,0,1,2,0.0
1030920094270,P1-fast-idle,205,390,0,1,2,0.0
1030920256643,P1-fast-idle,205,390,0,1,2,0.0
1030920419206,P1-fast-idle,206,391,0,1,2,0.0
1030920580446,P1-fast-idle,206,391,0,1,2,0.0
1030920743922,P1-fast-idle,206,391,0,1,2,0.0
1030920906085,P1-fast-idle,206,391,0,1,2,0.0
1030921068202,P1-fast-idle,206,391,0,1,2,0.0
1030921230247,P1-fast-idle,206,391,0,1,2,0.0
1030921393515,P1-fast-idle,206,391,0,1,2,0.0
1030921556637,P1-fast-idle,207,392,0,1,2,0.0
1030921718978,P1-fast-idle,207,392,0,1,2,0.0
1030921881020,P1-fast-idle,207,392,0,1,2,0.0
1030922043253,P1-fast-idle,207,392,0,1,2,0.0
1030922205335,P1-fast-idle,207,392,0,1,2,0.0
1030922366553,P1-fast-idle,207,392,0,1,2,0.0
1030922529656,P1-fast-idle,208,394,0,1,2,0.0
1030922691100,P1-fast-idle,208,394,0,1,2,0.0
1030922852592,P1-fast-idle,208,394,0,1,2,0.0
1030923015707,P1-fast-idle,208,394,0,1,2,0.0
1030923176809,P1-fast-idle,208,394,0,1,2,0.0
1030923339051,P1-fast-idle,208,394,0,1,2,0.0
1030923501445,P1-fast-idle,208,394,0,1,2,0.0
1030923663791,P1-fast-idle,209,395,0,1,2,0.0
1030923825277,P1-fast-idle,209,395,0,1,2,0.0
1030923986924,P1-fast-idle,209,395,0,1,2,0.0
1030924149052,P1-fast-idle,209,395,0,1,2,0.0
1030924310837,P1-fast-idle,209,395,0,1,2,0.0
1030924473478,P1-fast-idle,209,395,0,1,2,0.0
1030924638216,P1-fast-idle,210,396,0,1,2,0.0
1030924800863,P1-fast-idle,210,396,0,1,2,0.0
1030924962718,P1-fast-idle,210,396,0,1,2,0.0
1030925125457,P1-fast-idle,210,396,0,1,2,0.0
1030925287796,P1-fast-idle,210,396,0,1,2,0.0
1030925450398,P1-fast-idle,210,396,0,1,2,0.0
1030925611663,P1-fast-idle,210,396,0,1,2,0.0
1030925773713,P1-fast-idle,211,397,0,1,2,0.0
1030925935759,P1-fast-idle,211,397,0,1,2,0.0
1030926097658,P1-fast-idle,211,397,0,1,2,0.0
1030926259299,P1-fast-idle,211,397,0,1,2,0.0
1030926421247,P1-fast-idle,211,397,0,1,2,0.0
1030926583564,P1-fast-idle,211,397,0,1,2,0.0
1030926745765,P1-fast-idle,212,398,0,1,2,0.0
1030926907925,P1-fast-idle,212,398,0,1,2,0.0
1030927070168,P1-fast-idle,212,398,0,1,2,0.0
1030927232069,P1-fast-idle,212,398,0,1,2,0.0
1030927393843,P1-fast-idle,212,398,0,1,2,0.0
1030927556338,P1-fast-idle,212,398,0,1,2,0.0
1030927719610,P1-fast-idle,212,398,0,1,2,0.0
1030927881485,P1-fast-idle,213,399,0,1,2,0.0
1030928043327,P1-fast-idle,213,399,0,1,2,0.0
1030928205418,P1-fast-idle,213,399,0,1,2,0.0
1030928367283,P1-fast-idle,213,399,0,1,2,0.0
1030928528992,P1-fast-idle,213,399,0,1,2,0.0
1030928690956,P1-fast-idle,213,399,0,1,2,0.0
1030928854053,P1-fast-idle,214,400,0,1,2,0.0
1030929016333,P1-fast-idle,214,400,0,1,2,0.0
1030929177557,P1-fast-idle,214,400,0,1,2,0.0
1030929339050,P1-fast-idle,214,400,0,1,2,0.0
1030929500937,P1-fast-idle,214,400,0,1,2,0.0
1030929662873,P1-fast-idle,214,400,0,1,2,0.0
1030929824402,P1-fast-idle,214,400,0,1,2,0.0
1030929986638,P1-fast-idle,215,401,0,1,2,0.0
1030930149150,P1-fast-idle,215,401,0,1,2,0.0
1030930310875,P1-fast-idle,215,401,0,1,2,0.0
1030930473111,P1-fast-idle,215,401,0,1,2,0.0
1030930634928,P1-fast-idle,215,401,0,1,2,0.0
1030930796818,P1-fast-idle,215,401,0,1,2,0.0
1030930960013,P1-fast-idle,216,402,0,1,2,0.0
1030931124733,P1-fast-idle,216,402,0,1,2,0.0
1030931287036,P1-fast-idle,216,402,0,1,2,0.0
1030931449683,P1-fast-idle,216,402,0,1,2,0.0
1030931612904,P1-fast-idle,216,402,0,1,2,0.0
1030931774673,P1-fast-idle,216,402,0,1,2,0.0
1030931936801,P1-fast-idle,216,402,0,1,2,0.0
1030932100441,P1-fast-idle,217,403,0,1,2,0.0
1030932262068,P1-fast-idle,217,403,0,1,2,0.0
1030932424332,P1-fast-idle,217,403,0,1,2,0.0
1030932585801,P1-fast-idle,217,403,0,1,2,0.0
1030932747064,P1-fast-idle,217,403,0,1,2,0.0
1030932908751,P1-fast-idle,217,403,0,1,2,0.0
1030933071307,P1-fast-idle,218,404,0,1,2,0.0
1030933233118,P1-fast-idle,218,404,0,1,2,0.0
1030933395290,P1-fast-idle,218,404,0,1,2,0.0
1030933557199,P1-fast-idle,218,404,0,1,2,0.0
1030933718418,P1-fast-idle,218,404,0,1,2,0.0
1030933879575,P1-fast-idle,218,404,0,1,2,0.0
1030934043923,P1-fast-idle,218,404,0,1,2,0.0
1030934206211,P1-fast-idle,219,405,0,1,2,0.0
1030934368122,P1-fast-idle,219,405,0,1,2,0.0
1030934529945,P1-fast-idle,219,405,0,1,2,0.0
1030934691956,P1-fast-idle,219,405,0,1,2,0.0
1030934853527,P1-fast-idle,219,405,0,1,2,0.0
1030935015315,P1-fast-idle,219,405,0,1,2,0.0
1030935177910,P1-fast-idle,220,406,0,1,2,0.0
1030935339293,P1-fast-idle,220,406,0,1,2,0.0
1030935501211,P1-fast-idle,220,406,0,1,2,0.0
1030935662613,P1-fast-idle,220,406,0,1,2,0.0
1030935823510,P1-fast-idle,220,406,0,1,2,0.0
1030935985395,P1-fast-idle,220,406,0,1,2,0.0
1030936146740,P1-fast-idle,220,406,0,1,2,0.0
1030936309963,P1-fast-idle,221,407,0,1,2,0.0
1030936471363,P1-fast-idle,221,407,0,1,2,0.0
1030936633157,P1-fast-idle,221,407,0,1,2,0.0
1030936795472,P1-fast-idle,221,407,0,1,2,0.0
1030936957386,P1-fast-idle,221,407,0,1,2,0.0
1030937119362,P1-fast-idle,221,407,0,1,2,0.0
1030937282994,P1-fast-idle,221,407,0,1,2,0.0
1030937445144,P1-fast-idle,222,408,0,1,2,0.0
1030937606983,P1-fast-idle,222,408,0,1,2,0.0
1030937768682,P1-fast-idle,222,408,0,1,2,0.0
1030937929818,P1-fast-idle,222,408,0,1,2,0.0
1030938091002,P1-fast-idle,222,408,0,1,2,0.0
1030938252510,P1-fast-idle,222,408,0,1,2,0.0
1030938417071,P1-fast-idle,223,409,0,1,2,0.0
1030938578795,P1-fast-idle,223,409,0,1,2,0.0
1030938741023,P1-fast-idle,223,409,0,1,2,0.0
1030938902364,P1-fast-idle,223,409,0,1,2,0.0
1030939064406,P1-fast-idle,223,409,0,1,2,0.0
1030939226938,P1-fast-idle,223,409,0,1,2,0.0
1030939388219,P1-fast-idle,223,409,0,1,2,0.0
1030939551736,P1-fast-idle,224,410,0,1,2,0.0
1030939713452,P1-fast-idle,224,410,0,1,2,0.0
1030939876202,P1-fast-idle,224,410,0,1,2,0.0
1030940038558,P1-fast-idle,224,410,0,1,2,0.0
1030940199607,P1-fast-idle,224,410,0,1,2,0.0
1030940363303,P1-fast-idle,224,410,0,1,2,0.0
1030940526126,P1-fast-idle,225,412,0,1,2,0.0
1030940687648,P1-fast-idle,225,412,0,1,2,0.0
1030940849743,P1-fast-idle,225,412,0,1,2,0.0
1030941011132,P1-fast-idle,225,412,0,1,2,0.0
1030941170193,P1-fast-idle,225,412,0,1,2,0.0
1030941330704,P1-fast-idle,225,412,0,1,2,0.0
1030941492437,P1-fast-idle,225,412,0,1,2,0.0
1030941653744,P1-fast-idle,226,413,0,1,2,0.0
1030941814573,P1-fast-idle,226,413,0,1,2,0.0
1030941974850,P1-fast-idle,226,413,0,1,2,0.0
1030942135734,P1-fast-idle,226,413,0,1,2,0.0
1030942296803,P1-fast-idle,226,413,0,1,2,0.0
1030942458486,P1-fast-idle,226,413,0,1,2,0.0
1030942620709,P1-fast-idle,227,414,0,1,2,0.0
1030942781820,P1-fast-idle,227,414,0,1,2,0.0
1030942943671,P1-fast-idle,227,414,0,1,2,0.0
1030943106427,P1-fast-idle,227,414,0,1,2,0.0
1030943267402,P1-fast-idle,227,414,0,1,2,0.0
1030943429440,P1-fast-idle,227,414,0,1,2,0.0
1030943592431,P1-fast-idle,227,414,0,1,2,0.0
1030943755022,P1-fast-idle,228,415,0,1,2,0.0
1030943916830,P1-fast-idle,228,415,0,1,2,0.0
1030944079464,P1-fast-idle,228,415,0,1,2,0.0
1030944240693,P1-fast-idle,228,415,0,1,2,0.0
1030944401951,P1-fast-idle,228,415,0,1,2,0.0
1030944563379,P1-fast-idle,228,415,0,1,2,0.0
1030944725184,P1-fast-idle,229,416,0,1,2,0.0
1030944886952,P1-fast-idle,229,416,0,1,2,0.0
1030945049305,P1-fast-idle,229,416,0,1,2,0.0
1030945210372,P1-fast-idle,229,416,0,1,2,0.0
1030945373136,P1-fast-idle,229,416,0,1,2,0.0
1030945535887,P1-fast-idle,229,416,0,1,2,0.0
1030945698129,P1-fast-idle,229,416,0,1,2,0.0
1030945861672,P1-fast-idle,230,417,0,1,2,0.0
1030946025234,P1-fast-idle,230,417,0,1,2,0.0
1030946186588,P1-fast-idle,230,417,0,1,2,0.0
1030946348732,P1-fast-idle,230,417,0,1,2,0.0
1030946511598,P1-fast-idle,230,417,0,1,2,0.0
1030946675176,P1-fast-idle,230,417,0,1,2,0.0
1030946837558,P1-fast-idle,231,418,0,1,2,0.0
1030946999616,P1-fast-idle,231,418,0,1,2,0.0
1030947174301,P1-fast-idle,231,418,0,1,2,0.0
1030947336878,P1-fast-idle,231,418,0,1,2,0.0
1030947499291,P1-fast-idle,231,418,0,1,2,0.0
1030947661750,P1-fast-idle,231,418,0,1,2,0.0
1030947822986,P1-fast-idle,231,418,0,1,2,0.0
1030947985120,P1-fast-idle,232,419,0,1,2,0.0
1030948147533,P1-fast-idle,232,419,0,1,2,0.0
1030948308871,P1-fast-idle,232,419,0,1,2,0.0
1030948476093,P1-fast-idle,232,419,0,1,2,0.0
1030948637655,P1-fast-idle,232,419,0,1,2,0.0
1030948799639,P1-fast-idle,232,419,0,1,2,0.0
1030948962335,P1-fast-idle,233,420,0,1,2,0.0
1030949124295,P1-fast-idle,233,420,0,1,2,0.0
1030949287907,P1-fast-idle,233,420,0,1,2,0.0
1030949449727,P1-fast-idle,233,420,0,1,2,0.0
1030949611475,P1-fast-idle,233,420,0,1,2,0.0
1030949773557,P1-fast-idle,233,420,0,1,2,0.0
1030949937335,P1-fast-idle,233,420,0,1,2,0.0
1030950100729,P1-fast-idle,234,421,0,1,2,0.0
1030950262788,P1-fast-idle,234,421,0,1,2,0.0
1030950424903,P1-fast-idle,234,421,0,1,2,0.0
1030950586757,P1-fast-idle,234,421,0,1,2,0.0
1030950748706,P1-fast-idle,234,421,0,1,2,0.0
1030950910333,P1-fast-idle,234,421,0,1,2,0.0
1030951073817,P1-fast-idle,235,422,0,1,2,0.0
1030951235016,P1-fast-idle,235,422,0,1,2,0.0
1030951396652,P1-fast-idle,235,422,0,1,2,0.0
1030951558605,P1-fast-idle,235,422,0,1,2,0.0
1030951720194,P1-fast-idle,235,422,0,1,2,0.0
1030951883904,P1-fast-idle,235,422,0,1,2,0.0
1030952086727,P1-fast-idle,235,422,0,1,2,0.0
1030952258233,P1-fast-idle,236,423,0,1,2,0.0
1030952425058,P1-fast-idle,236,423,0,1,2,0.0
1030952588309,P1-fast-idle,236,423,0,1,2,0.0
1030952750614,P1-fast-idle,236,423,0,1,2,0.0
1030952912163,P1-fast-idle,236,423,0,1,2,0.0
1030953075841,P1-fast-idle,236,423,0,1,2,0.0
1030953239492,P1-fast-idle,237,424,0,1,2,0.0
1030953401551,P1-fast-idle,237,424,0,1,2,0.0
1030953563564,P1-fast-idle,237,424,0,1,2,0.0
1030953724827,P1-fast-idle,237,424,0,1,2,0.0
1030953887271,P1-fast-idle,237,424,0,1,2,0.0
1030954049555,P1-fast-idle,237,424,0,1,2,0.0
1030954210987,P1-fast-idle,237,424,0,1,2,0.0
1030954374597,P1-fast-idle,238,425,0,1,2,0.0
1030954536294,P1-fast-idle,238,425,0,1,2,0.0
1030954697713,P1-fast-idle,238,425,0,1,2,0.0
1030954859825,P1-fast-idle,238,425,0,1,2,0.0
1030955022072,P1-fast-idle,238,425,0,1,2,0.0
1030955184060,P1-fast-idle,238,425,0,1,2,0.0
1030955346865,P1-fast-idle,239,426,0,1,2,0.0
1030955509539,P1-fast-idle,239,426,0,1,2,0.0
1030955670798,P1-fast-idle,239,426,0,1,2,0.0
1030955832862,P1-fast-idle,239,426,0,1,2,0.0
1030955995428,P1-fast-idle,239,426,0,1,2,0.0
1030957090726,P1-fast-idle,240,427,0,1,2,0.0
1030957265669,P1-fast-idle,240,427,0,1,2,0.0
1030957430152,P1-fast-idle,241,428,0,1,2,0.0
1030957591731,P1-fast-idle,241,428,0,1,2,0.0
1030957753047,P1-fast-idle,241,428,0,1,2,0.0
1030957914397,P1-fast-idle,241,428,0,1,2,0.0
1030958076708,P1-fast-idle,241,428,0,1,2,0.0
1030958238725,P1-fast-idle,241,428,0,1,2,0.0
1030958400395,P1-fast-idle,241,428,0,1,2,0.0
1030958563750,P1-fast-idle,242,430,0,1,2,0.0
1030958726984,P1-fast-idle,242,430,0,1,2,0.0
1030958889468,P1-fast-idle,242,430,0,1,2,0.0
1030959051046,P1-fast-idle,242,430,0,1,2,0.0
1030959212322,P1-fast-idle,242,430,0,1,2,0.0
1030959373987,P1-fast-idle,242,430,0,1,2,0.0
1030959536616,P1-fast-idle,243,431,0,1,2,0.0
1030959698811,P1-fast-idle,243,431,0,1,2,0.0
1030959860582,P1-fast-idle,243,431,0,1,2,0.0
1030960023791,P1-fast-idle,243,431,0,1,2,0.0
1030960192685,P1-fast-idle,243,431,0,1,2,0.0
1030960356695,P1-fast-idle,243,431,0,1,2,0.0
1030960519026,P1-fast-idle,243,431,0,1,2,0.0
1030960682293,P1-fast-idle,244,432,0,1,2,0.0
1030960844516,P1-fast-idle,244,432,0,1,2,0.0
1030961006964,P1-fast-idle,244,432,0,1,2,0.0
1030961168219,P1-fast-idle,244,432,0,1,2,0.0
1030961329471,P1-fast-idle,244,432,0,1,2,0.0
1030961490892,P1-fast-idle,244,432,0,1,2,0.0
1030961652838,P1-fast-idle,245,433,0,1,2,0.0
1030961813756,P1-fast-idle,245,433,0,1,2,0.0
1030961974781,P1-fast-idle,245,433,0,1,2,0.0
1030962134620,P1-fast-idle,245,433,0,1,2,0.0
1030962294848,P1-fast-idle,245,433,0,1,2,0.0
1030962427616,P1-fast-idle,245,433,0,1,2,0.0
1030962591125,P1-fast-idle,245,433,0,1,2,0.0
1030962753240,P1-fast-idle,246,434,0,1,2,0.0
1030962914356,P1-fast-idle,246,434,0,1,2,0.0
1030963078482,P1-fast-idle,246,434,0,1,2,0.0
1030963239067,P1-fast-idle,246,434,0,1,2,0.0
1030963400101,P1-fast-idle,246,434,0,1,2,0.0
1030963563862,P1-fast-idle,246,434,0,1,2,0.0
1030963724501,P1-fast-idle,246,434,0,1,2,0.0
1030963885446,P1-fast-idle,247,435,0,1,2,0.0
1030964046400,P1-fast-idle,247,435,0,1,2,0.0
1030964206668,P1-fast-idle,247,435,0,1,2,0.0
1030964367987,P1-fast-idle,247,435,0,1,2,0.0
1030964531130,P1-fast-idle,247,435,0,1,2,0.0
1030964693013,P1-fast-idle,247,435,0,1,2,0.0
1030964854106,P1-fast-idle,248,436,0,1,2,0.0
1030965015718,P1-fast-idle,248,436,0,1,2,0.0
1030965177577,P1-fast-idle,248,436,0,1,2,0.0
1030965337695,P1-fast-idle,248,436,0,1,2,0.0
1030965499036,P1-fast-idle,248,436,0,1,2,0.0
1030965659725,P1-fast-idle,248,436,0,1,2,0.0
1030965821032,P1-fast-idle,248,436,0,1,2,0.0
1030965981810,P1-fast-idle,249,437,0,1,2,0.0
1030966142742,P1-fast-idle,249,437,0,1,2,0.0
1030966304835,P1-fast-idle,249,437,0,1,2,0.0
1030966466108,P1-fast-idle,249,437,0,1,2,0.0
1030966628204,P1-fast-idle,249,437,0,1,2,0.0
1030966789377,P1-fast-idle,249,437,0,1,2,0.0
1030966959903,P1-fast-idle,250,438,0,1,2,0.0
1030967120825,P1-fast-idle,250,438,0,1,2,0.0
1030967281847,P1-fast-idle,250,438,0,1,2,0.0
1030967442643,P1-fast-idle,250,438,0,1,2,0.0
1030967604439,P1-fast-idle,250,438,0,1,2,0.0
1030967765560,P1-fast-idle,250,438,0,1,2,0.0
1030967926574,P1-fast-idle,250,438,0,1,2,0.0
1030968088301,P1-fast-idle,251,439,0,1,2,0.0
1030968248599,P1-fast-idle,251,439,0,1,2,0.0
1030968409278,P1-fast-idle,251,439,0,1,2,0.0
1030968570820,P1-fast-idle,251,439,0,1,2,0.0
1030968732216,P1-fast-idle,251,439,0,1,2,0.0
1030968893328,P1-fast-idle,251,439,0,1,2,0.0
1030969068537,P1-fast-idle,252,440,0,1,2,0.0
1030969229112,P1-fast-idle,252,440,0,1,2,0.0
1030969390185,P1-fast-idle,252,440,0,1,2,0.0
1030969551403,P1-fast-idle,252,440,0,1,2,0.0
1030969712972,P1-fast-idle,252,440,0,1,2,0.0
1030969875716,P1-fast-idle,252,440,0,1,2,0.0
1030970037151,P1-fast-idle,252,440,0,1,2,0.0
1030970199602,P1-fast-idle,253,441,0,1,2,0.0
1030970359784,P1-fast-idle,253,441,0,1,2,0.0
1030970520659,P1-fast-idle,253,441,0,1,2,0.0
1030970681010,P1-fast-idle,253,441,0,1,2,0.0
1030970842462,P1-fast-idle,253,441,0,1,2,0.0
1030971023923,P1-fast-idle,253,441,0,1,2,0.0
1030971188963,P1-fast-idle,254,442,0,1,2,0.0
1030971348513,P1-fast-idle,254,442,0,1,2,0.0
1030971509404,P1-fast-idle,254,442,0,1,2,0.0
1030971669681,P1-fast-idle,254,442,0,1,2,0.0
1030971832862,P1-fast-idle,254,442,0,1,2,0.0
1030971994208,P1-fast-idle,254,442,0,1,2,0.0
1030972156225,P1-fast-idle,254,442,0,1,2,0.0
1030972317612,P1-fast-idle,255,443,0,1,2,0.0
1030972478945,P1-fast-idle,255,443,0,1,2,0.0
1030972640394,P1-fast-idle,255,443,0,1,2,0.0
1030972800755,P1-fast-idle,255,443,0,1,2,0.0
1030972963968,P1-fast-idle,255,443,0,1,2,0.0
1030973126344,P1-fast-idle,255,443,0,1,2,0.0
1030973304379,P1-fast-idle,256,444,0,1,2,0.0
1030973467623,P1-fast-idle,256,444,0,1,2,0.0
1030973628454,P1-fast-idle,256,444,0,1,2,0.0
1030973788908,P1-fast-idle,256,444,0,1,2,0.0
1030973954291,P1-fast-idle,256,444,0,1,2,0.0
1030974115764,P1-fast-idle,256,444,0,1,2,0.0
1030974276814,P1-fast-idle,256,444,0,1,2,0.0
1030974438655,P1-fast-idle,257,445,0,1,2,0.0
1030974600034,P1-fast-idle,257,445,0,1,2,0.0
1030974761332,P1-fast-idle,257,445,0,1,2,0.0
1030974925406,P1-fast-idle,257,445,0,1,2,0.0
1030975086652,P1-fast-idle,257,445,0,1,2,0.0
1030975248531,P1-fast-idle,257,445,0,1,2,0.0
1030975422409,P1-fast-idle,258,446,0,1,2,0.0
1030975584078,P1-fast-idle,258,446,0,1,2,0.0
1030975746097,P1-fast-idle,258,446,0,1,2,0.0
1030975907160,P1-fast-idle,258,446,0,1,2,0.0
1030976069274,P1-fast-idle,258,446,0,1,2,0.0
1030976235975,P1-fast-idle,258,446,0,1,2,0.0
1030976397305,P1-fast-idle,258,446,0,1,2,0.0
1030976558693,P1-fast-idle,259,448,0,1,2,0.0
1030976719994,P1-fast-idle,259,448,0,1,2,0.0
1030976882689,P1-fast-idle,259,448,0,1,2,0.0
1030977045137,P1-fast-idle,259,448,0,1,2,0.0
1030977205892,P1-fast-idle,259,448,0,1,2,0.0
1030977367706,P1-fast-idle,259,448,0,1,2,0.0
1030977538122,P1-fast-idle,260,449,0,1,2,0.0
1030977699535,P1-fast-idle,260,449,0,1,2,0.0
1030977862547,P1-fast-idle,260,449,0,1,2,0.0
1030978024593,P1-fast-idle,260,449,0,1,2,0.0
1030978186707,P1-fast-idle,260,449,0,1,2,0.0
1030978349358,P1-fast-idle,260,449,0,1,2,0.0
1030978510325,P1-fast-idle,260,449,0,1,2,0.0
1030978673086,P1-fast-idle,261,450,0,1,2,0.0
1030978834389,P1-fast-idle,261,450,0,1,2,0.0
1030978995395,P1-fast-idle,261,450,0,1,2,0.0
1030979157064,P1-fast-idle,261,450,0,1,2,0.0
1030979322197,P1-fast-idle,261,450,0,1,2,0.0
1030979483950,P1-fast-idle,261,450,0,1,2,0.0
1030979653445,P1-fast-idle,262,451,0,1,2,0.0
1030979815458,P1-fast-idle,262,451,0,1,2,0.0
1030979976849,P1-fast-idle,262,451,0,1,2,0.0
1030980138356,P1-fast-idle,262,451,0,1,2,0.0
1030980298845,P1-fast-idle,262,451,0,1,2,0.0
1030980460090,P1-fast-idle,262,451,0,1,2,0.0
1030980620525,P1-fast-idle,262,451,0,1,2,0.0
1030980783048,P1-fast-idle,263,452,0,1,2,0.0
1030980943819,P1-fast-idle,263,452,0,1,2,0.0
1030981104502,P1-fast-idle,263,452,0,1,2,0.0
1030981265444,P1-fast-idle,263,452,0,1,2,0.0
1030981426754,P1-fast-idle,263,452,0,1,2,0.0
1030981587856,P1-fast-idle,263,452,0,1,2,0.0
1030981752255,P1-fast-idle,264,453,0,1,2,0.0
1030981915317,P1-fast-idle,264,453,0,1,2,0.0
1030982076315,P1-fast-idle,264,453,0,1,2,0.0
1030982256205,P1-fast-idle,264,453,0,1,2,0.0
1030982418190,P1-fast-idle,264,453,0,1,2,0.0
1030982582103,P1-fast-idle,264,453,0,1,2,0.0
1030982743536,P1-fast-idle,264,453,0,1,2,0.0
1030982905422,P1-fast-idle,265,454,0,1,2,0.0
1030983066879,P1-fast-idle,265,454,0,1,2,0.0
1030983228086,P1-fast-idle,265,454,0,1,2,0.0
1030983388936,P1-fast-idle,265,454,0,1,2,0.0
1030983550394,P1-fast-idle,265,454,0,1,2,0.0
1030983711865,P1-fast-idle,265,454,0,1,2,0.0
1030983890434,P1-fast-idle,266,455,0,1,2,0.0
1030984053503,P1-fast-idle,266,455,0,1,2,0.0
1030984215735,P1-fast-idle,266,455,0,1,2,0.0
1030984377475,P1-fast-idle,266,455,0,1,2,0.0
1030984540669,P1-fast-idle,266,455,0,1,2,0.0
1030984702235,P1-fast-idle,266,455,0,1,2,0.0
1030984864711,P1-fast-idle,266,455,0,1,2,0.0
1030985027267,P1-fast-idle,267,456,0,1,2,0.0
1030985189373,P1-fast-idle,267,456,0,1,2,0.0
1030985350537,P1-fast-idle,267,456,0,1,2,0.0
1030985513000,P1-fast-idle,267,456,0,1,2,0.0
1030985676859,P1-fast-idle,267,456,0,1,2,0.0
1030985838409,P1-fast-idle,267,456,0,1,2,0.0
1030986012537,P1-fast-idle,268,457,0,1,2,0.0
1030986174604,P1-fast-idle,268,457,0,1,2,0.0
1030986336700,P1-fast-idle,268,457,0,1,2,0.0
1030986498075,P1-fast-idle,268,457,0,1,2,0.0
1030986658556,P1-fast-idle,268,457,0,1,2,0.0
1030986820491,P1-fast-idle,268,457,0,1,2,0.0
1030986981770,P1-fast-idle,268,457,0,1,2,0.0
1030987143080,P1-fast-idle,269,458,0,1,2,0.0
1030987303906,P1-fast-idle,269,458,0,1,2,0.0
1030987464969,P1-fast-idle,269,458,0,1,2,0.0
1030987626010,P1-fast-idle,269,458,0,1,2,0.0
1030987786832,P1-fast-idle,269,458,0,1,2,0.0
1030987949337,P1-fast-idle,269,458,0,1,2,0.0
1030988121992,P1-fast-idle,270,459,0,1,2,0.0
1030988284507,P1-fast-idle,270,459,0,1,2,0.0
1030988446575,P1-fast-idle,270,459,0,1,2,0.0
1030988608843,P1-fast-idle,270,459,0,1,2,0.0
1030988770248,P1-fast-idle,270,459,0,1,2,0.0
1030988934005,P1-fast-idle,270,459,0,1,2,0.0
1030989096717,P1-fast-idle,270,459,0,1,2,0.0
1030989258836,P1-fast-idle,271,460,0,1,2,0.0
1030989420953,P1-fast-idle,271,460,0,1,2,0.0
1030989584231,P1-fast-idle,271,460,0,1,2,0.0
1030989747340,P1-fast-idle,271,460,0,1,2,0.0
1030989909438,P1-fast-idle,271,460,0,1,2,0.0
1030990072120,P1-fast-idle,271,460,0,1,2,0.0
1030990242677,P1-fast-idle,272,461,0,1,2,0.0
1030990405405,P1-fast-idle,272,461,0,1,2,0.0
1030990567232,P1-fast-idle,272,461,0,1,2,0.0
1030990729087,P1-fast-idle,272,461,0,1,2,0.0
1030990890574,P1-fast-idle,272,461,0,1,2,0.0
1030991050694,P1-fast-idle,272,461,0,1,2,0.0
1030991211098,P1-fast-idle,272,461,0,1,2,0.0
1030991371264,P1-fast-idle,273,462,0,1,2,0.0
1030991538153,P1-fast-idle,273,462,0,1,2,0.0
1030991699821,P1-fast-idle,273,462,0,1,2,0.0
1030991861256,P1-fast-idle,273,462,0,1,2,0.0
1030992029662,P1-fast-idle,273,462,0,1,2,0.0
1030992191571,P1-fast-idle,273,462,0,1,2,0.0
1030992358430,P1-fast-idle,274,463,0,1,2,0.0
1030992521087,P1-fast-idle,274,463,0,1,2,0.0
1030992683104,P1-fast-idle,274,463,0,1,2,0.0
1030992845361,P1-fast-idle,274,463,0,1,2,0.0
1030993007354,P1-fast-idle,274,463,0,1,2,0.0
1030993170005,P1-fast-idle,274,463,0,1,2,0.0
1030993331892,P1-fast-idle,274,463,0,1,2,0.0
1030993495165,P1-fast-idle,275,464,0,1,2,0.0
1030993657214,P1-fast-idle,275,464,0,1,2,0.0
1030993818473,P1-fast-idle,275,464,0,1,2,0.0
1030993980770,P1-fast-idle,275,464,0,1,2,0.0
1030994142840,P1-fast-idle,275,464,0,1,2,0.0
1030994307782,P1-fast-idle,275,464,0,1,2,0.0
1030994470331,P1-fast-idle,276,466,0,1,2,0.0
1030994632610,P1-fast-idle,276,466,0,1,2,0.0
1030994795304,P1-fast-idle,276,466,0,1,2,0.0
1030994957526,P1-fast-idle,276,466,0,1,2,0.0
1030995119532,P1-fast-idle,276,466,0,1,2,0.0
1030995283883,P1-fast-idle,276,466,0,1,2,0.0
1030995445985,P1-fast-idle,276,466,0,1,2,0.0
1030995608012,P1-fast-idle,277,467,0,1,2,0.0
1030995770107,P1-fast-idle,277,467,0,1,2,0.0
1030995931993,P1-fast-idle,277,467,0,1,2,0.0
1030996094127,P1-fast-idle,277,467,0,1,2,0.0
1030996256627,P1-fast-idle,277,467,0,1,2,0.0
1030996418234,P1-fast-idle,277,467,0,1,2,0.0
1030996581218,P1-fast-idle,278,468,0,1,2,0.0
1030996743934,P1-fast-idle,278,468,0,1,2,0.0
1030996906084,P1-fast-idle,278,468,0,1,2,0.0
1030997067428,P1-fast-idle,278,468,0,1,2,0.0
1030997229017,P1-fast-idle,278,468,0,1,2,0.0
1030997390429,P1-fast-idle,278,468,0,1,2,0.0
1030997552517,P1-fast-idle,278,468,0,1,2,0.0
1030997714897,P1-fast-idle,279,469,0,1,2,0.0
1030997876075,P1-fast-idle,279,469,0,1,2,0.0
1030998038772,P1-fast-idle,279,469,0,1,2,0.0
1030998200610,P1-fast-idle,279,469,0,1,2,0.0
1030998363772,P1-fast-idle,279,469,0,1,2,0.0
1030998525700,P1-fast-idle,279,469,0,1,2,0.0
1030998698025,P1-fast-idle,280,470,0,1,2,0.0
1030998859568,P1-fast-idle,280,470,0,1,2,0.0
1030999021558,P1-fast-idle,280,470,0,1,2,0.0
1030999183996,P1-fast-idle,280,470,0,1,2,0.0
1030999345525,P1-fast-idle,280,470,0,1,2,0.0
1030999508060,P1-fast-idle,280,470,0,1,2,0.0
1030999670599,P1-fast-idle,280,470,0,1,2,0.0
1030999832824,P1-fast-idle,281,471,0,1,2,0.0
1030999996584,P1-fast-idle,281,471,0,1,2,0.0
1031000158579,P1-fast-idle,281,471,0,1,2,0.0
1031000320187,P1-fast-idle,281,471,0,1,2,0.0
1031000482432,P1-fast-idle,281,471,0,1,2,0.0
1031000644744,P1-fast-idle,281,471,0,1,2,0.0
1031000822327,P1-fast-idle,282,472,0,1,2,0.0
1031000984716,P1-fast-idle,282,472,0,1,2,0.0
1031001148286,P1-fast-idle,282,472,0,1,2,0.0
1031001310196,P1-fast-idle,282,472,0,1,2,0.0
1031001471063,P1-fast-idle,282,472,0,1,2,0.0
1031001633800,P1-fast-idle,282,472,0,1,2,0.0
1031001794915,P1-fast-idle,282,472,0,1,2,0.0
1031001956572,P1-fast-idle,283,473,0,1,2,0.0
1031002118373,P1-fast-idle,283,473,0,1,2,0.0
1031002279519,P1-fast-idle,283,473,0,1,2,0.0
1031002441283,P1-fast-idle,283,473,0,1,2,0.0
1031002602653,P1-fast-idle,283,473,0,1,2,0.0
1031002764519,P1-fast-idle,283,473,0,1,2,0.0
1031002940270,P1-fast-idle,284,474,0,1,2,0.0
1031003101823,P1-fast-idle,284,474,0,1,2,0.0
1031003262263,P1-fast-idle,284,474,0,1,2,0.0
1031003424026,P1-fast-idle,284,474,0,1,2,0.0
1031003585261,P1-fast-idle,284,474,0,1,2,0.0
1031003746841,P1-fast-idle,284,474,0,1,2,0.0
1031003907502,P1-fast-idle,284,474,0,1,2,0.0
1031004069182,P1-fast-idle,285,475,0,1,2,0.0
1031004230710,P1-fast-idle,285,475,0,1,2,0.0
1031004391052,P1-fast-idle,285,475,0,1,2,0.0
1031004553755,P1-fast-idle,285,475,0,1,2,0.0
1031004715829,P1-fast-idle,285,475,0,1,2,0.0
1031004877294,P1-fast-idle,285,475,0,1,2,0.0
1031005049857,P1-fast-idle,286,476,0,1,2,0.0
1031005213147,P1-fast-idle,286,476,0,1,2,0.0
1031005374362,P1-fast-idle,286,476,0,1,2,0.0
1031005536020,P1-fast-idle,286,476,0,1,2,0.0
1031005697067,P1-fast-idle,286,476,0,1,2,0.0
1031005857430,P1-fast-idle,286,476,0,1,2,0.0
1031006020295,P1-fast-idle,286,476,0,1,2,0.0
1031006181796,P1-fast-idle,287,477,0,1,2,0.0
1031006342489,P1-fast-idle,287,477,0,1,2,0.0
1031006503699,P1-fast-idle,287,477,0,1,2,0.0
1031006666555,P1-fast-idle,287,477,0,1,2,0.0
1031006827146,P1-fast-idle,287,477,0,1,2,0.0
1031006987845,P1-fast-idle,287,477,0,1,2,0.0
1031007152367,P1-fast-idle,288,478,0,1,2,0.0
1031007312814,P1-fast-idle,288,478,0,1,2,0.0
1031007474729,P1-fast-idle,288,478,0,1,2,0.0
1031007636389,P1-fast-idle,288,478,0,1,2,0.0
1031007797498,P1-fast-idle,288,478,0,1,2,0.0
1031007959917,P1-fast-idle,288,478,0,1,2,0.0
1031008122488,P1-fast-idle,288,478,0,1,2,0.0
1031008283492,P1-fast-idle,289,479,0,1,2,0.0
1031008444923,P1-fast-idle,289,479,0,1,2,0.0
1031008605275,P1-fast-idle,289,479,0,1,2,0.0
1031008766292,P1-fast-idle,289,479,0,1,2,0.0
1031008928445,P1-fast-idle,289,479,0,1,2,0.0
1031009090692,P1-fast-idle,289,479,0,1,2,0.0
1031009254926,P1-fast-idle,289,479,0,1,2,0.0
1031009416742,P1-fast-idle,290,480,0,1,2,0.0
1031009579107,P1-fast-idle,290,480,0,1,2,0.0
1031009740067,P1-fast-idle,290,480,0,1,2,0.0
1031009900436,P1-fast-idle,290,480,0,1,2,0.0
1031010061999,P1-fast-idle,290,480,0,1,2,0.0
1031010224278,P1-fast-idle,290,480,0,1,2,0.0
1031010388107,P1-fast-idle,291,481,0,1,2,0.0
1031010551185,P1-fast-idle,291,481,0,1,2,0.0
1031010712486,P1-fast-idle,291,481,0,1,2,0.0
1031010874451,P1-fast-idle,291,481,0,1,2,0.0
1031011039292,P1-fast-idle,291,481,0,1,2,0.0
1031011201362,P1-fast-idle,291,481,0,1,2,0.0
1031011366609,P1-fast-idle,291,481,0,1,2,0.0
1031011529514,P1-fast-idle,292,482,0,1,2,0.0
1031011691786,P1-fast-idle,292,482,0,1,2,0.0
1031011854607,P1-fast-idle,292,482,0,1,2,0.0
1031012017020,P1-fast-idle,292,482,0,1,2,0.0
1031012180217,P1-fast-idle,292,482,0,1,2,0.0
1031012342657,P1-fast-idle,292,482,0,1,2,0.0
1031012504549,P1-fast-idle,293,484,0,1,2,0.0
1031012666119,P1-fast-idle,293,484,0,1,2,0.0
1031012828064,P1-fast-idle,293,484,0,1,2,0.0
1031012990760,P1-fast-idle,293,484,0,1,2,0.0
1031013153478,P1-fast-idle,293,484,0,1,2,0.0
1031013313525,P1-fast-idle,293,484,0,1,2,0.0
1031013473159,P1-fast-idle,293,484,0,1,2,0.0
1031013632836,P1-fast-idle,294,485,0,1,2,0.0
1031013793783,P1-fast-idle,294,485,0,1,2,0.0
1031013955108,P1-fast-idle,294,485,0,1,2,0.0
1031014116651,P1-fast-idle,294,485,0,1,2,0.0
1031014280208,P1-fast-idle,294,485,0,1,2,0.0
1031014441842,P1-fast-idle,294,485,0,1,2,0.0
1031014602409,P1-fast-idle,295,486,0,1,2,0.0
1031014763936,P1-fast-idle,295,486,0,1,2,0.0
1031014926864,P1-fast-idle,295,486,0,1,2,0.0
1031015088275,P1-fast-idle,295,486,0,1,2,0.0
1031015249608,P1-fast-idle,295,486,0,1,2,0.0
1031015410717,P1-fast-idle,295,486,0,1,2,0.0
1031015574186,P1-fast-idle,295,486,0,1,2,0.0
1031015734931,P1-fast-idle,296,487,0,1,2,0.0
1031015896326,P1-fast-idle,296,487,0,1,2,0.0
1031016057283,P1-fast-idle,296,487,0,1,2,0.0
1031016218835,P1-fast-idle,296,487,0,1,2,0.0
1031016380197,P1-fast-idle,296,487,0,1,2,0.0
1031016540881,P1-fast-idle,296,487,0,1,2,0.0
1031016702411,P1-fast-idle,297,488,0,1,2,0.0
1031016863914,P1-fast-idle,297,488,0,1,2,0.0
1031017028155,P1-fast-idle,297,488,0,1,2,0.0
1031017190572,P1-fast-idle,297,488,0,1,2,0.0
1031017353600,P1-fast-idle,297,488,0,1,2,0.0
1031017515321,P1-fast-idle,297,488,0,1,2,0.0
1031017675978,P1-fast-idle,297,488,0,1,2,0.0
1031017838153,P1-fast-idle,298,489,0,1,2,0.0
1031017999447,P1-fast-idle,298,489,0,1,2,0.0
1031018174399,P1-fast-idle,298,489,0,1,2,0.0
1031018336502,P1-fast-idle,298,489,0,1,2,0.0
1031018498698,P1-fast-idle,298,489,0,1,2,0.0
1031018661314,P1-fast-idle,298,489,0,1,2,0.0
1031018822873,P1-fast-idle,299,490,0,1,2,0.0
1031018984563,P1-fast-idle,299,490,0,1,2,0.0
1031019146395,P1-fast-idle,299,490,0,1,2,0.0
1031019308174,P1-fast-idle,299,490,0,1,2,0.0
1031019470464,P1-fast-idle,299,490,0,1,2,0.0
1031019633217,P1-fast-idle,299,490,0,1,2,0.0
1031019796310,P1-fast-idle,299,490,0,1,2,0.0
1031019958220,P1-fast-idle,300,491,0,1,2,0.0
1031020120127,P1-fast-idle,300,491,0,1,2,0.0
1031020281881,P1-fast-idle,300,491,0,1,2,0.0
1031020442607,P1-fast-idle,300,491,0,1,2,0.0
1031020607080,P1-fast-idle,300,491,0,1,2,0.0
1031020769237,P1-fast-idle,300,491,0,1,2,0.0
1031020933782,P1-fast-idle,301,492,0,1,2,0.0
1031021094874,P1-fast-idle,301,492,0,1,2,0.0
1031021256049,P1-fast-idle,301,492,0,1,2,0.0
1031021417036,P1-fast-idle,301,492,0,1,2,0.0
1031021578070,P1-fast-idle,301,492,0,1,2,0.0
1031021738583,P1-fast-idle,301,492,0,1,2,0.0
1031021900077,P1-fast-idle,301,492,0,1,2,0.0
1031022061555,P1-fast-idle,302,493,0,1,2,0.0
1031022222135,P1-fast-idle,302,493,0,1,2,0.0
1031022383337,P1-fast-idle,302,493,0,1,2,0.0
1031022543974,P1-fast-idle,302,493,0,1,2,0.0
1031022704869,P1-fast-idle,302,493,0,1,2,0.0
1031022865260,P1-fast-idle,302,493,0,1,2,0.0
1031023029455,P1-fast-idle,302,493,0,1,2,0.0
1031023192395,P1-fast-idle,303,494,0,1,2,0.0
1031023352951,P1-fast-idle,303,494,0,1,2,0.0
1031023514587,P1-fast-idle,303,494,0,1,2,0.0
1031023679932,P1-fast-idle,303,494,0,1,2,0.0
1031023841761,P1-fast-idle,303,494,0,1,2,0.0
1031024045546,P1-fast-idle,303,494,0,1,2,0.0
1031024207257,P1-fast-idle,304,495,0,1,2,0.0
1031024368559,P1-fast-idle,304,495,0,1,2,0.0
1031024530438,P1-fast-idle,304,495,0,1,2,0.0
1031024691570,P1-fast-idle,304,495,0,1,2,0.0
1031024851621,P1-fast-idle,304,495,0,1,2,0.0
1031025012357,P1-fast-idle,304,495,0,1,2,0.0
1031025176175,P1-fast-idle,305,496,0,1,2,0.0
1031025339779,P1-fast-idle,305,496,0,1,2,0.0
1031025501102,P1-fast-idle,305,496,0,1,2,0.0
1031025661864,P1-fast-idle,305,496,0,1,2,0.0
1031025822430,P1-fast-idle,305,496,0,1,2,0.0
1031025984544,P1-fast-idle,305,496,0,1,2,0.0
1031026145591,P1-fast-idle,305,496,0,1,2,0.0
1031026306590,P1-fast-idle,306,497,0,1,2,0.0
1031026467675,P1-fast-idle,306,497,0,1,2,0.0
1031026628802,P1-fast-idle,306,497,0,1,2,0.0
1031026790549,P1-fast-idle,306,497,0,1,2,0.0
1031026952829,P1-fast-idle,306,497,0,1,2,0.0
1031027114271,P1-fast-idle,306,497,0,1,2,0.0
1031027289318,P1-fast-idle,307,498,0,1,2,0.0
1031027450303,P1-fast-idle,307,498,0,1,2,0.0
1031027611620,P1-fast-idle,307,498,0,1,2,0.0
1031027773009,P1-fast-idle,307,498,0,1,2,0.0
1031027934041,P1-fast-idle,307,498,0,1,2,0.0
1031028095444,P1-fast-idle,307,498,0,1,2,0.0
1031028256946,P1-fast-idle,307,498,0,1,2,0.0
1031028418166,P1-fast-idle,308,499,0,1,2,0.0
1031028579349,P1-fast-idle,308,499,0,1,2,0.0
1031028740172,P1-fast-idle,308,499,0,1,2,0.0
1031028901526,P1-fast-idle,308,499,0,1,2,0.0
1031029063114,P1-fast-idle,308,499,0,1,2,0.0
1031029224097,P1-fast-idle,308,499,0,1,2,0.0
1031029391155,P1-fast-idle,309,500,0,1,2,0.0
1031029552748,P1-fast-idle,309,500,0,1,2,0.0
1031029713981,P1-fast-idle,309,500,0,1,2,0.0
1031029883627,P1-fast-idle,309,500,0,1,2,0.0
1031030048280,P1-fast-idle,309,500,0,1,2,0.0
1031030209984,P1-fast-idle,309,500,0,1,2,0.0
1031030371231,P1-fast-idle,309,500,0,1,2,0.0
1031030533917,P1-fast-idle,310,502,0,1,2,0.0
1031030696881,P1-fast-idle,310,502,0,1,2,0.0
1031030858399,P1-fast-idle,310,502,0,1,2,0.0
1031031023048,P1-fast-idle,310,502,0,1,2,0.0
1031031185078,P1-fast-idle,310,502,0,1,2,0.0
1031031346475,P1-fast-idle,310,502,0,1,2,0.0
1031031508717,P1-fast-idle,311,503,0,1,2,0.0
1031031670409,P1-fast-idle,311,503,0,1,2,0.0
1031031832708,P1-fast-idle,311,503,0,1,2,0.0
1031031994127,P1-fast-idle,311,503,0,1,2,0.0
1031032158213,P1-fast-idle,311,503,0,1,2,0.0
1031032319917,P1-fast-idle,311,503,0,1,2,0.0
1031032481657,P1-fast-idle,311,503,0,1,2,0.0
1031032643394,P1-fast-idle,312,504,0,1,2,0.0
1031032804651,P1-fast-idle,312,504,0,1,2,0.0
1031032966094,P1-fast-idle,312,504,0,1,2,0.0
1031033128090,P1-fast-idle,312,504,0,1,2,0.0
1031033291057,P1-fast-idle,312,504,0,1,2,0.0
1031033452812,P1-fast-idle,312,504,0,1,2,0.0
1031033617330,P1-fast-idle,313,505,0,1,2,0.0
1031033779552,P1-fast-idle,313,505,0,1,2,0.0
1031033941207,P1-fast-idle,313,505,0,1,2,0.0
1031034103498,P1-fast-idle,313,505,0,1,2,0.0
1031034265551,P1-fast-idle,313,505,0,1,2,0.0
1031034428821,P1-fast-idle,313,505,0,1,2,0.0
1031034590526,P1-fast-idle,313,505,0,1,2,0.0
1031034752550,P1-fast-idle,314,506,0,1,2,0.0
1031034913973,P1-fast-idle,314,506,0,1,2,0.0
1031035076218,P1-fast-idle,314,506,0,1,2,0.0
1031035237639,P1-fast-idle,314,506,0,1,2,0.0
1031035398888,P1-fast-idle,314,506,0,1,2,0.0
1031035560639,P1-fast-idle,314,506,0,1,2,0.0
1031035728181,P1-fast-idle,314,506,0,1,2,0.0
1031035890971,P1-fast-idle,315,507,0,1,2,0.0
1031036052934,P1-fast-idle,315,507,0,1,2,0.0
1031036215557,P1-fast-idle,315,507,0,1,2,0.0
1031036377870,P1-fast-idle,315,507,0,1,2,0.0
1031036539389,P1-fast-idle,315,507,0,1,2,0.0
1031036700998,P1-fast-idle,315,507,0,1,2,0.0
1031036862531,P1-fast-idle,316,508,0,1,2,0.0
1031037024505,P1-fast-idle,316,508,0,1,2,0.0
1031037185664,P1-fast-idle,316,508,0,1,2,0.0
1031037347931,P1-fast-idle,316,508,0,1,2,0.0
1031037510461,P1-fast-idle,316,508,0,1,2,0.0
1031037671722,P1-fast-idle,316,508,0,1,2,0.0
1031037834444,P1-fast-idle,316,508,0,1,2,0.0
1031037998298,P1-fast-idle,317,509,0,1,2,0.0
1031038159482,P1-fast-idle,317,509,0,1,2,0.0
1031038320649,P1-fast-idle,317,509,0,1,2,0.0
1031038482599,P1-fast-idle,317,509,0,1,2,0.0
1031038643957,P1-fast-idle,317,509,0,1,2,0.0
1031038805274,P1-fast-idle,317,509,0,1,2,0.0
1031038967026,P1-fast-idle,318,510,0,1,2,0.0
1031039128416,P1-fast-idle,318,510,0,1,2,0.0
1031039289414,P1-fast-idle,318,510,0,1,2,0.0
1031039451293,P1-fast-idle,318,510,0,1,2,0.0
1031039614016,P1-fast-idle,318,510,0,1,2,0.0
1031039776654,P1-fast-idle,318,510,0,1,2,0.0
1031039937821,P1-fast-idle,318,510,0,1,2,0.0
1031040100371,P1-fast-idle,319,511,0,1,2,0.0
1031040261314,P1-fast-idle,319,511,0,1,2,0.0
1031040423341,P1-fast-idle,319,511,0,1,2,0.0
1031040585166,P1-fast-idle,319,511,0,1,2,0.0
1031040746199,P1-fast-idle,319,511,0,1,2,0.0
1031040907139,P1-fast-idle,319,511,0,1,2,0.0
1031041068392,P1-fast-idle,320,512,0,1,2,0.0
1031041229641,P1-fast-idle,320,512,0,1,2,0.0
1031041392280,P1-fast-idle,320,512,0,1,2,0.0
1031041554277,P1-fast-idle,320,512,0,1,2,0.0
1031041715413,P1-fast-idle,320,512,0,1,2,0.0
1031041876622,P1-fast-idle,320,512,0,1,2,0.0
1031042038124,P1-fast-idle,320,512,0,1,2,0.0
1031042200473,P1-fast-idle,321,513,0,1,2,0.0
1031042361643,P1-fast-idle,321,513,0,1,2,0.0
1031042523225,P1-fast-idle,321,513,0,1,2,0.0
1031042689597,P1-fast-idle,321,513,0,1,2,0.0
1031042851386,P1-fast-idle,321,513,0,1,2,0.0
1031043012744,P1-fast-idle,321,513,0,1,2,0.0
1031043175343,P1-fast-idle,322,514,0,1,2,0.0
1031043336353,P1-fast-idle,322,514,0,1,2,0.0
1031043498597,P1-fast-idle,322,514,0,1,2,0.0
1031043660895,P1-fast-idle,322,514,0,1,2,0.0
1031043822384,P1-fast-idle,322,514,0,1,2,0.0
1031043983974,P1-fast-idle,322,514,0,1,2,0.0
1031044146335,P1-fast-idle,322,514,0,1,2,0.0
1031044308289,P1-fast-idle,323,515,0,1,2,0.0
1031044470167,P1-fast-idle,323,515,0,1,2,0.0
1031044631391,P1-fast-idle,323,515,0,1,2,0.0
1031044792538,P1-fast-idle,323,515,0,1,2,0.0
1031044953794,P1-fast-idle,323,515,0,1,2,0.0
1031045115371,P1-fast-idle,323,515,0,1,2,0.0
1031045277107,P1-fast-idle,324,516,0,1,2,0.0
1031045438523,P1-fast-idle,324,516,0,1,2,0.0
1031045599259,P1-fast-idle,324,516,0,1,2,0.0
1031045760580,P1-fast-idle,324,516,0,1,2,0.0
1031045924301,P1-fast-idle,324,516,0,1,2,0.0
1031046085599,P1-fast-idle,324,516,0,1,2,0.0
1031046248009,P1-fast-idle,324,516,0,1,2,0.0
1031046409856,P1-fast-idle,325,517,0,1,2,0.0
1031046572145,P1-fast-idle,325,517,0,1,2,0.0
1031046733640,P1-fast-idle,325,517,0,1,2,0.0
1031046895477,P1-fast-idle,325,517,0,1,2,0.0
1031047057171,P1-fast-idle,325,517,0,1,2,0.0
1031047218238,P1-fast-idle,325,517,0,1,2,0.0
1031047384340,P1-fast-idle,326,518,0,1,2,0.0
1031047546220,P1-fast-idle,326,518,0,1,2,0.0
1031047707969,P1-fast-idle,326,518,0,1,2,0.0
1031047870015,P1-fast-idle,326,518,0,1,2,0.0
1031048032213,P1-fast-idle,326,518,0,1,2,0.0
1031048193146,P1-fast-idle,326,518,0,1,2,0.0
1031048354841,P1-fast-idle,326,518,0,1,2,0.0
1031048517210,P1-fast-idle,327,520,0,1,2,0.0
1031048678412,P1-fast-idle,327,520,0,1,2,0.0
1031048839895,P1-fast-idle,327,520,0,1,2,0.0
1031049015551,P1-fast-idle,327,520,0,1,2,0.0
1031049178113,P1-fast-idle,327,520,0,1,2,0.0
1031049340102,P1-fast-idle,327,520,0,1,2,0.0
1031049504106,P1-fast-idle,328,521,0,1,2,0.0
1031049665819,P1-fast-idle,328,521,0,1,2,0.0
1031049828938,P1-fast-idle,328,521,0,1,2,0.0
1031049989992,P1-fast-idle,328,521,0,1,2,0.0
1031050152286,P1-fast-idle,328,521,0,1,2,0.0
1031050313657,P1-fast-idle,328,521,0,1,2,0.0
1031050475255,P1-fast-idle,328,521,0,1,2,0.0
1031050636581,P1-fast-idle,329,522,0,1,2,0.0
1031050797822,P1-fast-idle,329,522,0,1,2,0.0
1031050960050,P1-fast-idle,329,522,0,1,2,0.0
1031051123397,P1-fast-idle,329,522,0,1,2,0.0
1031051288769,P1-fast-idle,329,522,0,1,2,0.0
1031051451001,P1-fast-idle,329,522,0,1,2,0.0
1031051615906,P1-fast-idle,330,523,0,1,2,0.0
1031051779280,P1-fast-idle,330,523,0,1,2,0.0
1031051941186,P1-fast-idle,330,523,0,1,2,0.0
1031052102760,P1-fast-idle,330,523,0,1,2,0.0
1031052265591,P1-fast-idle,330,523,0,1,2,0.0
1031052427247,P1-fast-idle,330,523,0,1,2,0.0
1031052589132,P1-fast-idle,330,523,0,1,2,0.0
1031052751328,P1-fast-idle,331,524,0,1,2,0.0
1031052913671,P1-fast-idle,331,524,0,1,2,0.0
1031053076482,P1-fast-idle,331,524,0,1,2,0.0
1031053236881,P1-fast-idle,331,524,0,1,2,0.0
1031053396736,P1-fast-idle,331,524,0,1,2,0.0
1031053556930,P1-fast-idle,331,524,0,1,2,0.0
1031053717667,P1-fast-idle,331,524,0,1,2,0.0
1031053878050,P1-fast-idle,332,525,0,1,2,0.0
1031054018619,P1-fast-idle,332,525,0,1,2,0.0
1031054180291,P1-fast-idle,332,525,0,1,2,0.0
1031054341979,P1-fast-idle,332,525,0,1,2,0.0
1031054503969,P1-fast-idle,332,525,0,1,2,0.0
1031054665869,P1-fast-idle,332,525,0,1,2,0.0
1031054827344,P1-fast-idle,333,526,0,1,2,0.0
1031054989200,P1-fast-idle,333,526,0,1,2,0.0
1031055150888,P1-fast-idle,333,526,0,1,2,0.0
1031055314027,P1-fast-idle,333,526,0,1,2,0.0
1031055476533,P1-fast-idle,333,526,0,1,2,0.0
1031055639069,P1-fast-idle,333,526,0,1,2,0.0
1031055801650,P1-fast-idle,333,526,0,1,2,0.0
1031055963995,P1-fast-idle,334,527,0,1,2,0.0
1031056126289,P1-fast-idle,334,527,0,1,2,0.0
1031056290753,P1-fast-idle,334,527,0,1,2,0.0
1031056452701,P1-fast-idle,334,527,0,1,2,0.0
1031056613931,P1-fast-idle,334,527,0,1,2,0.0
1031056774939,P1-fast-idle,334,527,0,1,2,0.0
1031056938748,P1-fast-idle,335,528,0,1,2,0.0
1031057100490,P1-fast-idle,335,528,0,1,2,0.0
1031057261747,P1-fast-idle,335,528,0,1,2,0.0
1031057423317,P1-fast-idle,335,528,0,1,2,0.0
1031057584823,P1-fast-idle,335,528,0,1,2,0.0
1031057746897,P1-fast-idle,335,528,0,1,2,0.0
1031057908051,P1-fast-idle,335,528,0,1,2,0.0
1031058070577,P1-fast-idle,336,529,0,1,2,0.0
1031058231695,P1-fast-idle,336,529,0,1,2,0.0
1031058392828,P1-fast-idle,336,529,0,1,2,0.0
1031058556455,P1-fast-idle,336,529,0,1,2,0.0
1031058717712,P1-fast-idle,336,529,0,1,2,0.0
1031058879515,P1-fast-idle,336,529,0,1,2,0.0
1031059041071,P1-fast-idle,337,530,0,1,2,0.0
1031059202847,P1-fast-idle,337,530,0,1,2,0.0
1031059364238,P1-fast-idle,337,530,0,1,2,0.0
1031059526025,P1-fast-idle,337,530,0,1,2,0.0
1031059688292,P1-fast-idle,337,530,0,1,2,0.0
1031059850384,P1-fast-idle,337,530,0,1,2,0.0
1031060011839,P1-fast-idle,337,530,0,1,2,0.0
1031060174019,P1-fast-idle,338,531,0,1,2,0.0
1031060337174,P1-fast-idle,338,531,0,1,2,0.0
1031060500196,P1-fast-idle,338,531,0,1,2,0.0
1031060662038,P1-fast-idle,338,531,0,1,2,0.0
1031060824262,P1-fast-idle,338,531,0,1,2,0.0
1031060986664,P1-fast-idle,338,531,0,1,2,0.0
1031061155460,P1-fast-idle,339,532,0,1,2,0.0
1031061317476,P1-fast-idle,339,532,0,1,2,0.0
1031061479672,P1-fast-idle,339,532,0,1,2,0.0
1031061642655,P1-fast-idle,339,532,0,1,2,0.0
1031061806280,P1-fast-idle,339,532,0,1,2,0.0
1031061969046,P1-fast-idle,339,532,0,1,2,0.0
1031062133138,P1-fast-idle,339,532,0,1,2,0.0
1031062295328,P1-fast-idle,340,533,0,1,2,0.0
1031062458078,P1-fast-idle,340,533,0,1,2,0.0
1031062619848,P1-fast-idle,340,533,0,1,2,0.0
1031062781974,P1-fast-idle,340,533,0,1,2,0.0
1031062942979,P1-fast-idle,340,533,0,1,2,0.0
1031063104902,P1-fast-idle,340,533,0,1,2,0.0
1031063266753,P1-fast-idle,341,534,0,1,2,0.0
1031063429580,P1-fast-idle,341,534,0,1,2,0.0
1031063591841,P1-fast-idle,341,534,0,1,2,0.0
1031063753071,P1-fast-idle,341,534,0,1,2,0.0
1031063914443,P1-fast-idle,341,534,0,1,2,0.0
1031064077098,P1-fast-idle,341,534,0,1,2,0.0
1031064239445,P1-fast-idle,341,534,0,1,2,0.0
1031064401559,P1-fast-idle,342,535,0,1,2,0.0
1031064566958,P1-fast-idle,342,535,0,1,2,0.0
1031064728522,P1-fast-idle,342,535,0,1,2,0.0
1031064891082,P1-fast-idle,342,535,0,1,2,0.0
1031065053558,P1-fast-idle,342,535,0,1,2,0.0
1031065215713,P1-fast-idle,342,535,0,1,2,0.0
1031065385776,P1-fast-idle,343,536,0,1,2,0.0
1031065547954,P1-fast-idle,343,536,0,1,2,0.0
1031065709911,P1-fast-idle,343,536,0,1,2,0.0
1031065871754,P1-fast-idle,343,536,0,1,2,0.0
1031066034474,P1-fast-idle,343,536,0,1,2,0.0
1031066196966,P1-fast-idle,343,536,0,1,2,0.0
1031066359056,P1-fast-idle,343,536,0,1,2,0.0
1031066521700,P1-fast-idle,344,538,0,1,2,0.0
1031066685418,P1-fast-idle,344,538,0,1,2,0.0
1031066848160,P1-fast-idle,344,538,0,1,2,0.0
1031067010283,P1-fast-idle,344,538,0,1,2,0.0
1031067172125,P1-fast-idle,344,538,0,1,2,0.0
1031067334995,P1-fast-idle,344,538,0,1,2,0.0
1031067509267,P1-fast-idle,345,539,0,1,2,0.0
1031067670705,P1-fast-idle,345,539,0,1,2,0.0
1031067832976,P1-fast-idle,345,539,0,1,2,0.0
1031067996213,P1-fast-idle,345,539,0,1,2,0.0
1031068158634,P1-fast-idle,345,539,0,1,2,0.0
1031068320160,P1-fast-idle,345,539,0,1,2,0.0
1031068481744,P1-fast-idle,345,539,0,1,2,0.0
1031068643435,P1-fast-idle,346,540,0,1,2,0.0
1031068805738,P1-fast-idle,346,540,0,1,2,0.0
1031068967190,P1-fast-idle,346,540,0,1,2,0.0
1031069130164,P1-fast-idle,346,540,0,1,2,0.0
1031069291309,P1-fast-idle,346,540,0,1,2,0.0
1031069453774,P1-fast-idle,346,540,0,1,2,0.0
1031069619544,P1-fast-idle,347,541,0,1,2,0.0
1031069781512,P1-fast-idle,347,541,0,1,2,0.0
1031069943044,P1-fast-idle,347,541,0,1,2,0.0
1031070105127,P1-fast-idle,347,541,0,1,2,0.0
1031070266786,P1-fast-idle,347,541,0,1,2,0.0
1031070429697,P1-fast-idle,347,541,0,1,2,0.0
1031070591575,P1-fast-idle,347,541,0,1,2,0.0
1031070753519,P1-fast-idle,348,542,0,1,2,0.0
1031070919399,P1-fast-idle,348,542,0,1,2,0.0
1031071081740,P1-fast-idle,348,542,0,1,2,0.0
1031071246115,P1-fast-idle,348,542,0,1,2,0.0
1031071408521,P1-fast-idle,348,542,0,1,2,0.0
1031071570627,P1-fast-idle,348,542,0,1,2,0.0
1031071735333,P1-fast-idle,349,543,0,1,2,0.0
1031071897061,P1-fast-idle,349,543,0,1,2,0.0
1031072059516,P1-fast-idle,349,543,0,1,2,0.0
1031072221633,P1-fast-idle,349,543,0,1,2,0.0
1031072385872,P1-fast-idle,349,543,0,1,2,0.0
1031072548480,P1-fast-idle,349,543,0,1,2,0.0
1031072710364,P1-fast-idle,349,543,0,1,2,0.0
1031072872891,P1-fast-idle,350,544,0,1,2,0.0
1031073036042,P1-fast-idle,350,544,0,1,2,0.0
1031073198410,P1-fast-idle,350,544,0,1,2,0.0
1031073361325,P1-fast-idle,350,544,0,1,2,0.0
1031073524480,P1-fast-idle,350,544,0,1,2,0.0
1031073686453,P1-fast-idle,350,544,0,1,2,0.0
1031073860016,P1-fast-idle,351,545,0,1,2,0.0
1031074022121,P1-fast-idle,351,545,0,1,2,0.0
1031074183447,P1-fast-idle,351,545,0,1,2,0.0
1031074346869,P1-fast-idle,351,545,0,1,2,0.0
1031074509748,P1-fast-idle,351,545,0,1,2,0.0
1031074670856,P1-fast-idle,351,545,0,1,2,0.0
1031074832354,P1-fast-idle,351,545,0,1,2,0.0
1031074995248,P1-fast-idle,352,546,0,1,2,0.0
1031075157132,P1-fast-idle,352,546,0,1,2,0.0
1031075319241,P1-fast-idle,352,546,0,1,2,0.0
1031075481345,P1-fast-idle,352,546,0,1,2,0.0
1031075643297,P1-fast-idle,352,546,0,1,2,0.0
1031075805230,P1-fast-idle,352,546,0,1,2,0.0
1031075971419,P1-fast-idle,353,547,0,1,2,0.0
1031076134190,P1-fast-idle,353,547,0,1,2,0.0
1031076298882,P1-fast-idle,353,547,0,1,2,0.0
1031076461755,P1-fast-idle,353,547,0,1,2,0.0
1031076624091,P1-fast-idle,353,547,0,1,2,0.0
1031076785879,P1-fast-idle,353,547,0,1,2,0.0
1031076948000,P1-fast-idle,353,547,0,1,2,0.0
1031077112535,P1-fast-idle,354,548,0,1,2,0.0
1031077275147,P1-fast-idle,354,548,0,1,2,0.0
1031077438046,P1-fast-idle,354,548,0,1,2,0.0
1031077602792,P1-fast-idle,354,548,0,1,2,0.0
1031077765010,P1-fast-idle,354,548,0,1,2,0.0
1031077927493,P1-fast-idle,354,548,0,1,2,0.0
1031078092036,P1-fast-idle,355,549,0,1,2,0.0
1031078259083,P1-fast-idle,355,549,0,1,2,0.0
1031078422299,P1-fast-idle,355,549,0,1,2,0.0
1031078583655,P1-fast-idle,355,549,0,1,2,0.0
1031078745942,P1-fast-idle,355,549,0,1,2,0.0
1031078907848,P1-fast-idle,355,549,0,1,2,0.0
1031079069807,P1-fast-idle,355,549,0,1,2,0.0
1031079231740,P1-fast-idle,356,550,0,1,2,0.0
1031079392994,P1-fast-idle,356,550,0,1,2,0.0
1031079554972,P1-fast-idle,356,550,0,1,2,0.0
1031079716543,P1-fast-idle,356,550,0,1,2,0.0
1031079878090,P1-fast-idle,356,550,0,1,2,0.0
1031080040681,P1-fast-idle,356,550,0,1,2,0.0
1031080206602,P1-fast-idle,357,551,0,1,2,0.0
1031080368748,P1-fast-idle,357,551,0,1,2,0.0
1031080530689,P1-fast-idle,357,551,0,1,2,0.0
1031080694189,P1-fast-idle,357,551,0,1,2,0.0
1031080855342,P1-fast-idle,357,551,0,1,2,0.0
1031081017838,P1-fast-idle,357,551,0,1,2,0.0
1031081180559,P1-fast-idle,357,551,0,1,2,0.0
1031081341891,P1-fast-idle,358,552,0,1,2,0.0
1031081504076,P1-fast-idle,358,552,0,1,2,0.0
1031081668845,P1-fast-idle,358,552,0,1,2,0.0
1031081831231,P1-fast-idle,358,552,0,1,2,0.0
1031081992483,P1-fast-idle,358,552,0,1,2,0.0
1031082155020,P1-fast-idle,358,552,0,1,2,0.0
1031082318474,P1-fast-idle,358,552,0,1,2,0.0
1031082481309,P1-fast-idle,359,553,0,1,2,0.0
1031082642626,P1-fast-idle,359,553,0,1,2,0.0
1031082805556,P1-fast-idle,359,553,0,1,2,0.0
1031082966812,P1-fast-idle,359,553,0,1,2,0.0
1031083128608,P1-fast-idle,359,553,0,1,2,0.0
1031083291899,P1-fast-idle,359,553,0,1,2,0.0
1031083454083,P1-fast-idle,360,554,0,1,2,0.0
1031083615267,P1-fast-idle,360,554,0,1,2,0.0
1031083777863,P1-fast-idle,360,554,0,1,2,0.0
1031083942308,P1-fast-idle,360,554,0,1,2,0.0
1031084104175,P1-fast-idle,360,554,0,1,2,0.0
1031084265417,P1-fast-idle,360,554,0,1,2,0.0
1031084431918,P1-fast-idle,360,554,0,1,2,0.0
1031084595046,P1-fast-idle,361,556,0,1,2,0.0
1031084757571,P1-fast-idle,361,556,0,1,2,0.0
1031084919612,P1-fast-idle,361,556,0,1,2,0.0
1031085081634,P1-fast-idle,361,556,0,1,2,0.0
1031085243204,P1-fast-idle,361,556,0,1,2,0.0
1031085404922,P1-fast-idle,361,556,0,1,2,0.0
1031085567232,P1-fast-idle,362,557,0,1,2,0.0
1031085729397,P1-fast-idle,362,557,0,1,2,0.0
1031085890861,P1-fast-idle,362,557,0,1,2,0.0
1031086053193,P1-fast-idle,362,557,0,1,2,0.0
1031086214662,P1-fast-idle,362,557,0,1,2,0.0
1031086377353,P1-fast-idle,362,557,0,1,2,0.0
1031086540292,P1-fast-idle,362,557,0,1,2,0.0
1031086703875,P1-fast-idle,363,558,0,1,2,0.0
1031086865637,P1-fast-idle,363,558,0,1,2,0.0
1031087030006,P1-fast-idle,363,558,0,1,2,0.0
1031087192753,P1-fast-idle,363,558,0,1,2,0.0
1031087355969,P1-fast-idle,363,558,0,1,2,0.0
1031087517751,P1-fast-idle,363,558,0,1,2,0.0
1031087680205,P1-fast-idle,364,559,0,1,2,0.0
1031087842521,P1-fast-idle,364,559,0,1,2,0.0
1031088006880,P1-fast-idle,364,559,0,1,2,0.0
1031088169753,P1-fast-idle,364,559,0,1,2,0.0
1031088332610,P1-fast-idle,364,559,0,1,2,0.0
1031088495001,P1-fast-idle,364,559,0,1,2,0.0
1031088657287,P1-fast-idle,364,559,0,1,2,0.0
1031088821165,P1-fast-idle,365,560,0,1,2,0.0
1031088983494,P1-fast-idle,365,560,0,1,2,0.0
1031089146616,P1-fast-idle,365,560,0,1,2,0.0
1031089309444,P1-fast-idle,365,560,0,1,2,0.0
1031089472358,P1-fast-idle,365,560,0,1,2,0.0
1031089634121,P1-fast-idle,365,560,0,1,2,0.0
1031089796110,P1-fast-idle,366,561,0,1,2,0.0
1031089958840,P1-fast-idle,366,561,0,1,2,0.0
1031090121483,P1-fast-idle,366,561,0,1,2,0.0
1031090285689,P1-fast-idle,366,561,0,1,2,0.0
1031090448867,P1-fast-idle,366,561,0,1,2,0.0
1031090611261,P1-fast-idle,366,561,0,1,2,0.0
1031090772965,P1-fast-idle,366,561,0,1,2,0.0
1031090937085,P1-fast-idle,367,562,0,1,2,0.0
1031091099042,P1-fast-idle,367,562,0,1,2,0.0
1031091260431,P1-fast-idle,367,562,0,1,2,0.0
1031091423304,P1-fast-idle,367,562,0,1,2,0.0
1031091586598,P1-fast-idle,367,562,0,1,2,0.0
1031091748693,P1-fast-idle,367,562,0,1,2,0.0
1031091910541,P1-fast-idle,368,563,0,1,2,0.0
1031092073512,P1-fast-idle,368,563,0,1,2,0.0
1031092235370,P1-fast-idle,368,563,0,1,2,0.0
1031092397758,P1-fast-idle,368,563,0,1,2,0.0
1031092561441,P1-fast-idle,368,563,0,1,2,0.0
1031092723834,P1-fast-idle,368,563,0,1,2,0.0
1031092885743,P1-fast-idle,368,563,0,1,2,0.0
1031093048345,P1-fast-idle,369,564,0,1,2,0.0
1031093215277,P1-fast-idle,369,564,0,1,2,0.0
1031093379971,P1-fast-idle,369,564,0,1,2,0.0
1031093542261,P1-fast-idle,369,564,0,1,2,0.0
1031093704342,P1-fast-idle,369,564,0,1,2,0.0
1031093866112,P1-fast-idle,369,564,0,1,2,0.0
1031094028144,P1-fast-idle,370,565,0,1,2,0.0
1031094189469,P1-fast-idle,370,565,0,1,2,0.0
1031094350877,P1-fast-idle,370,565,0,1,2,0.0
1031094513540,P1-fast-idle,370,565,0,1,2,0.0
1031094675267,P1-fast-idle,370,565,0,1,2,0.0
1031094837087,P1-fast-idle,370,565,0,1,2,0.0
1031094998650,P1-fast-idle,370,565,0,1,2,0.0
1031095160046,P1-fast-idle,371,566,0,1,2,0.0
1031095321929,P1-fast-idle,371,566,0,1,2,0.0
1031095484359,P1-fast-idle,371,566,0,1,2,0.0
1031095646215,P1-fast-idle,371,566,0,1,2,0.0
1031095808838,P1-fast-idle,371,566,0,1,2,0.0
1031095971758,P1-fast-idle,371,566,0,1,2,0.0
1031096133946,P1-fast-idle,372,567,0,1,2,0.0
1031096295985,P1-fast-idle,372,567,0,1,2,0.0
1031096457818,P1-fast-idle,372,567,0,1,2,0.0
1031096622317,P1-fast-idle,372,567,0,1,2,0.0
1031096783738,P1-fast-idle,372,567,0,1,2,0.0
1031096945666,P1-fast-idle,372,567,0,1,2,0.0
1031097109036,P1-fast-idle,372,567,0,1,2,0.0
1031097271934,P1-fast-idle,373,568,0,1,2,0.0
1031097434370,P1-fast-idle,373,568,0,1,2,0.0
1031097596138,P1-fast-idle,373,568,0,1,2,0.0
1031097759721,P1-fast-idle,373,568,0,1,2,0.0
1031097922406,P1-fast-idle,373,568,0,1,2,0.0
1031098084664,P1-fast-idle,373,568,0,1,2,0.0
1031098246469,P1-fast-idle,374,569,0,1,2,0.0
1031098410688,P1-fast-idle,374,569,0,1,2,0.0
1031098571707,P1-fast-idle,374,569,0,1,2,0.0
1031098733920,P1-fast-idle,374,569,0,1,2,0.0
1031098895087,P1-fast-idle,374,569,0,1,2,0.0
1031099057372,P1-fast-idle,374,569,0,1,2,0.0
1031099218826,P1-fast-idle,374,569,0,1,2,0.0
1031099381276,P1-fast-idle,375,570,0,1,2,0.0
1031099543867,P1-fast-idle,375,570,0,1,2,0.0
1031099707057,P1-fast-idle,375,570,0,1,2,0.0
1031099868465,P1-fast-idle,375,570,0,1,2,0.0
1031100030638,P1-fast-idle,375,570,0,1,2,0.0
1031100192014,P1-fast-idle,375,570,0,1,2,0.0
1031100359468,P1-fast-idle,376,571,0,1,2,0.0
1031100521168,P1-fast-idle,376,571,0,1,2,0.0
1031100682331,P1-fast-idle,376,571,0,1,2,0.0
1031100843673,P1-fast-idle,376,571,0,1,2,0.0
1031101005833,P1-fast-idle,376,571,0,1,2,0.0
1031101168313,P1-fast-idle,376,571,0,1,2,0.0
1031101329508,P1-fast-idle,376,571,0,1,2,0.0
1031101491631,P1-fast-idle,377,572,0,1,2,0.0
1031101653422,P1-fast-idle,377,572,0,1,2,0.0
1031101814602,P1-fast-idle,377,572,0,1,2,0.0
1031101975452,P1-fast-idle,377,572,0,1,2,0.0
1031102137788,P1-fast-idle,377,572,0,1,2,0.0
1031102300262,P1-fast-idle,377,572,0,1,2,0.0
1031102462939,P1-fast-idle,378,574,0,1,2,0.0
1031102624287,P1-fast-idle,378,574,0,1,2,0.0
1031102785918,P1-fast-idle,378,574,0,1,2,0.0
1031102949982,P1-fast-idle,378,574,0,1,2,0.0
1031103113108,P1-fast-idle,378,574,0,1,2,0.0
1031103276107,P1-fast-idle,378,574,0,1,2,0.0
1031103438220,P1-fast-idle,378,574,0,1,2,0.0
1031103602640,P1-fast-idle,379,575,0,1,2,0.0
1031103764499,P1-fast-idle,379,575,0,1,2,0.0
1031103926892,P1-fast-idle,379,575,0,1,2,0.0
1031104089864,P1-fast-idle,379,575,0,1,2,0.0
1031104251142,P1-fast-idle,379,575,0,1,2,0.0
1031104414306,P1-fast-idle,379,575,0,1,2,0.0
1031104576126,P1-fast-idle,380,576,0,1,2,0.0
1031104738188,P1-fast-idle,380,576,0,1,2,0.0
1031104899943,P1-fast-idle,380,576,0,1,2,0.0
1031105062451,P1-fast-idle,380,576,0,1,2,0.0
1031105224371,P1-fast-idle,380,576,0,1,2,0.0
1031105386179,P1-fast-idle,380,576,0,1,2,0.0
1031105549054,P1-fast-idle,380,576,0,1,2,0.0
1031105710793,P1-fast-idle,381,577,0,1,2,0.0
1031105873078,P1-fast-idle,381,577,0,1,2,0.0
1031106037152,P1-fast-idle,381,577,0,1,2,0.0
1031106198943,P1-fast-idle,381,577,0,1,2,0.0
1031106361646,P1-fast-idle,381,577,0,1,2,0.0
1031106523335,P1-fast-idle,381,577,0,1,2,0.0
1031106685732,P1-fast-idle,382,578,0,1,2,0.0
1031106848112,P1-fast-idle,382,578,0,1,2,0.0
1031107010303,P1-fast-idle,382,578,0,1,2,0.0
1031107172783,P1-fast-idle,382,578,0,1,2,0.0
1031107335393,P1-fast-idle,382,578,0,1,2,0.0
1031107497328,P1-fast-idle,382,578,0,1,2,0.0
1031107659246,P1-fast-idle,382,578,0,1,2,0.0
1031107821510,P1-fast-idle,383,579,0,1,2,0.0
1031107984226,P1-fast-idle,383,579,0,1,2,0.0
1031108148583,P1-fast-idle,383,579,0,1,2,0.0
1031108311090,P1-fast-idle,383,579,0,1,2,0.0
1031108473362,P1-fast-idle,383,579,0,1,2,0.0
1031108635378,P1-fast-idle,383,579,0,1,2,0.0
1031108809134,P1-fast-idle,384,580,0,1,2,0.0
1031108970666,P1-fast-idle,384,580,0,1,2,0.0
1031109132926,P1-fast-idle,384,580,0,1,2,0.0
1031109294907,P1-fast-idle,384,580,0,1,2,0.0
1031109455164,P1-fast-idle,384,580,0,1,2,0.0
1031109614474,P1-fast-idle,384,580,0,1,2,0.0
1031109773557,P1-fast-idle,384,580,0,1,2,0.0
1031109933104,P1-fast-idle,385,581,0,1,2,0.0
1031110094776,P1-fast-idle,385,581,0,1,2,0.0
1031110255914,P1-fast-idle,385,581,0,1,2,0.0
1031110417417,P1-fast-idle,385,581,0,1,2,0.0
1031110578170,P1-fast-idle,385,581,0,1,2,0.0
1031110739882,P1-fast-idle,385,581,0,1,2,0.0
1031110903031,P1-fast-idle,385,581,0,1,2,0.0
1031111066517,P1-fast-idle,386,582,0,1,2,0.0
1031111228077,P1-fast-idle,386,582,0,1,2,0.0
1031111389235,P1-fast-idle,386,582,0,1,2,0.0
1031111551865,P1-fast-idle,386,582,0,1,2,0.0
1031111713944,P1-fast-idle,386,582,0,1,2,0.0
1031111876898,P1-fast-idle,386,582,0,1,2,0.0
1031112040975,P1-fast-idle,387,583,0,1,2,0.0
1031112203291,P1-fast-idle,387,583,0,1,2,0.0
1031112367510,P1-fast-idle,387,583,0,1,2,0.0
1031112529403,P1-fast-idle,387,583,0,1,2,0.0
1031112692105,P1-fast-idle,387,583,0,1,2,0.0
1031112853793,P1-fast-idle,387,583,0,1,2,0.0
1031113019999,P1-fast-idle,387,583,0,1,2,0.0
1031113184131,P1-fast-idle,388,584,0,1,2,0.0
1031113345816,P1-fast-idle,388,584,0,1,2,0.0
1031113507977,P1-fast-idle,388,584,0,1,2,0.0
1031113670227,P1-fast-idle,388,584,0,1,2,0.0
1031113834063,P1-fast-idle,388,584,0,1,2,0.0
1031113996120,P1-fast-idle,388,584,0,1,2,0.0
1031114158693,P1-fast-idle,389,585,0,1,2,0.0
1031114320842,P1-fast-idle,389,585,0,1,2,0.0
1031114483947,P1-fast-idle,389,585,0,1,2,0.0
1031114646098,P1-fast-idle,389,585,0,1,2,0.0
1031114807146,P1-fast-idle,389,585,0,1,2,0.0
1031114969431,P1-fast-idle,389,585,0,1,2,0.0
1031115136425,P1-fast-idle,389,585,0,1,2,0.0
1031115298178,P1-fast-idle,390,586,0,1,2,0.0
1031115460414,P1-fast-idle,390,586,0,1,2,0.0
1031115624620,P1-fast-idle,390,586,0,1,2,0.0
1031115786164,P1-fast-idle,390,586,0,1,2,0.0
1031115948523,P1-fast-idle,390,586,0,1,2,0.0
1031116111416,P1-fast-idle,390,586,0,1,2,0.0
1031116275042,P1-fast-idle,391,587,0,1,2,0.0
1031116438062,P1-fast-idle,391,587,0,1,2,0.0
1031116600098,P1-fast-idle,391,587,0,1,2,0.0
1031116762638,P1-fast-idle,391,587,0,1,2,0.0
1031116924490,P1-fast-idle,391,587,0,1,2,0.0
1031117087403,P1-fast-idle,391,587,0,1,2,0.0
1031117249952,P1-fast-idle,391,587,0,1,2,0.0
1031117412429,P1-fast-idle,392,588,0,1,2,0.0
1031117574865,P1-fast-idle,392,588,0,1,2,0.0
1031117736222,P1-fast-idle,392,588,0,1,2,0.0
1031117896838,P1-fast-idle,392,588,0,1,2,0.0
1031118058114,P1-fast-idle,392,588,0,1,2,0.0
1031118219890,P1-fast-idle,392,588,0,1,2,0.0
1031118380865,P1-fast-idle,393,589,0,1,2,0.0
1031118544327,P1-fast-idle,393,589,0,1,2,0.0
1031118706510,P1-fast-idle,393,589,0,1,2,0.0
1031118867565,P1-fast-idle,393,589,0,1,2,0.0
1031119030460,P1-fast-idle,393,589,0,1,2,0.0
1031119191483,P1-fast-idle,393,589,0,1,2,0.0
1031119352291,P1-fast-idle,393,589,0,1,2,0.0
1031119515123,P1-fast-idle,394,590,0,1,2,0.0
1031119678063,P1-fast-idle,394,590,0,1,2,0.0
1031119839561,P1-fast-idle,394,590,0,1,2,0.0
1031120011807,P1-fast-idle,394,590,0,1,2,0.0
1031120174427,P1-fast-idle,394,590,0,1,2,0.0
1031120336034,P1-fast-idle,394,590,0,1,2,0.0
1031120496897,P1-fast-idle,395,592,0,1,2,0.0
1031120658268,P1-fast-idle,395,592,0,1,2,0.0
1031120819247,P1-fast-idle,395,592,0,1,2,0.0
1031120980247,P1-fast-idle,395,592,0,1,2,0.0
1031121142418,P1-fast-idle,395,592,0,1,2,0.0
1031121303999,P1-fast-idle,395,592,0,1,2,0.0
1031121465300,P1-fast-idle,395,592,0,1,2,0.0
1031121627029,P1-fast-idle,396,593,0,1,2,0.0
1031121788289,P1-fast-idle,396,593,0,1,2,0.0
1031121950342,P1-fast-idle,396,593,0,1,2,0.0
1031122111920,P1-fast-idle,396,593,0,1,2,0.0
1031122273742,P1-fast-idle,396,593,0,1,2,0.0
1031122434947,P1-fast-idle,396,593,0,1,2,0.0
1031122596469,P1-fast-idle,397,594,0,1,2,0.0
1031122758705,P1-fast-idle,397,594,0,1,2,0.0
1031122919878,P1-fast-idle,397,594,0,1,2,0.0
1031123081695,P1-fast-idle,397,594,0,1,2,0.0
1031123242616,P1-fast-idle,397,594,0,1,2,0.0
1031123405950,P1-fast-idle,397,594,0,1,2,0.0
1031123567846,P1-fast-idle,397,594,0,1,2,0.0
1031123729013,P1-fast-idle,398,595,0,1,2,0.0
1031123896945,P1-fast-idle,398,595,0,1,2,0.0
1031124058270,P1-fast-idle,398,595,0,1,2,0.0
1031124222645,P1-fast-idle,398,595,0,1,2,0.0
1031124383633,P1-fast-idle,398,595,0,1,2,0.0
1031124545157,P1-fast-idle,398,595,0,1,2,0.0
1031124707398,P1-fast-idle,399,596,0,1,2,0.0
1031124869844,P1-fast-idle,399,596,0,1,2,0.0
1031125034129,P1-fast-idle,399,596,0,1,2,0.0
1031125195253,P1-fast-idle,399,596,0,1,2,0.0
1031125357423,P1-fast-idle,399,596,0,1,2,0.0
1031125519917,P1-fast-idle,399,596,0,1,2,0.0
1031125682031,P1-fast-idle,399,596,0,1,2,0.0
1031125843672,P1-fast-idle,400,597,0,1,2,0.0
1031126006888,P1-fast-idle,400,597,0,1,2,0.0
1031126168826,P1-fast-idle,400,597,0,1,2,0.0
1031126329770,P1-fast-idle,400,597,0,1,2,0.0
1031126496939,P1-fast-idle,400,597,0,1,2,0.0
1031126658614,P1-fast-idle,400,597,0,1,2,0.0
1031126820070,P1-fast-idle,401,598,0,1,2,0.0
1031126984894,P1-fast-idle,401,598,0,1,2,0.0
1031127146536,P1-fast-idle,401,598,0,1,2,0.0
1031127308201,P1-fast-idle,401,598,0,1,2,0.0
1031127472142,P1-fast-idle,401,598,0,1,2,0.0
1031127633135,P1-fast-idle,401,598,0,1,2,0.0
1031127798391,P1-fast-idle,401,598,0,1,2,0.0
1031127959510,P1-fast-idle,402,599,0,1,2,0.0
1031128122185,P1-fast-idle,402,599,0,1,2,0.0
1031128285457,P1-fast-idle,402,599,0,1,2,0.0
1031128446316,P1-fast-idle,402,599,0,1,2,0.0
1031128607836,P1-fast-idle,402,599,0,1,2,0.0
1031128770514,P1-fast-idle,402,599,0,1,2,0.0
1031128934213,P1-fast-idle,403,600,0,1,2,0.0
1031129096450,P1-fast-idle,403,600,0,1,2,0.0
1031129257641,P1-fast-idle,403,600,0,1,2,0.0
1031129420849,P1-fast-idle,403,600,0,1,2,0.0
1031129581747,P1-fast-idle,403,600,0,1,2,0.0
1031129743295,P1-fast-idle,403,600,0,1,2,0.0
1031129905025,P1-fast-idle,403,600,0,1,2,0.0
1031130066511,P1-fast-idle,404,601,0,1,2,0.0
1031130227687,P1-fast-idle,404,601,0,1,2,0.0
1031130388533,P1-fast-idle,404,601,0,1,2,0.0
1031130550892,P1-fast-idle,404,601,0,1,2,0.0
1031130711552,P1-fast-idle,404,601,0,1,2,0.0
1031130872111,P1-fast-idle,404,601,0,1,2,0.0
1031131035550,P1-fast-idle,404,601,0,1,2,0.0
1031131197461,P1-fast-idle,405,602,0,1,2,0.0
1031131360582,P1-fast-idle,405,602,0,1,2,0.0
1031131522592,P1-fast-idle,405,602,0,1,2,0.0
1031131683423,P1-fast-idle,405,602,0,1,2,0.0
1031131843933,P1-fast-idle,405,602,0,1,2,0.0
1031132005157,P1-fast-idle,405,602,0,1,2,0.0
1031132166131,P1-fast-idle,406,603,0,1,2,0.0
1031132326974,P1-fast-idle,406,603,0,1,2,0.0
1031132488780,P1-fast-idle,406,603,0,1,2,0.0
1031132650340,P1-fast-idle,406,603,0,1,2,0.0
1031132811997,P1-fast-idle,406,603,0,1,2,0.0
1031132973257,P1-fast-idle,406,603,0,1,2,0.0
1031133134347,P1-fast-idle,406,603,0,1,2,0.0
1031133295765,P1-fast-idle,407,604,0,1,2,0.0
1031133445310,P1-fast-idle,407,604,0,1,2,0.0
1031133616725,P1-fast-idle,407,604,0,1,2,0.0
1031133778529,P1-fast-idle,407,604,0,1,2,0.0
1031133939662,P1-fast-idle,407,604,0,1,2,0.0
1031134102803,P1-fast-idle,407,604,0,1,2,0.0
1031134266678,P1-fast-idle,408,605,0,1,2,0.0
1031134428573,P1-fast-idle,408,605,0,1,2,0.0
1031134599928,P1-fast-idle,408,605,0,1,2,0.0
1031134761568,P1-fast-idle,408,605,0,1,2,0.0
1031134923298,P1-fast-idle,408,605,0,1,2,0.0
1031135084912,P1-fast-idle,408,605,0,1,2,0.0
1031135246141,P1-fast-idle,408,605,0,1,2,0.0
1031135409580,P1-fast-idle,409,606,0,1,2,0.0
1031135571320,P1-fast-idle,409,606,0,1,2,0.0
1031135733833,P1-fast-idle,409,606,0,1,2,0.0
1031135896191,P1-fast-idle,409,606,0,1,2,0.0
1031136058689,P1-fast-idle,409,606,0,1,2,0.0
1031136219040,P1-fast-idle,409,606,0,1,2,0.0
1031136382487,P1-fast-idle,410,607,0,1,2,0.0
1031136543731,P1-fast-idle,410,607,0,1,2,0.0
1031136704625,P1-fast-idle,410,607,0,1,2,0.0
1031136866008,P1-fast-idle,410,607,0,1,2,0.0
1031137027525,P1-fast-idle,410,607,0,1,2,0.0
1031137188208,P1-fast-idle,410,607,0,1,2,0.0
1031137350631,P1-fast-idle,410,607,0,1,2,0.0
1031137512995,P1-fast-idle,411,608,0,1,2,0.0
1031137676199,P1-fast-idle,411,608,0,1,2,0.0
1031137837343,P1-fast-idle,411,608,0,1,2,0.0
1031137998450,P1-fast-idle,411,608,0,1,2,0.0
1031138159764,P1-fast-idle,411,608,0,1,2,0.0
1031138321256,P1-fast-idle,411,608,0,1,2,0.0
1031138483217,P1-fast-idle,412,610,0,1,2,0.0
1031138643768,P1-fast-idle,412,610,0,1,2,0.0
1031138804132,P1-fast-idle,412,610,0,1,2,0.0
1031138966146,P1-fast-idle,412,610,0,1,2,0.0
1031139130839,P1-fast-idle,412,610,0,1,2,0.0
1031139292608,P1-fast-idle,412,610,0,1,2,0.0
1031139453957,P1-fast-idle,412,610,0,1,2,0.0
1031139616947,P1-fast-idle,413,611,0,1,2,0.0
1031139780165,P1-fast-idle,413,611,0,1,2,0.0
1031139941938,P1-fast-idle,413,611,0,1,2,0.0
1031140104917,P1-fast-idle,413,611,0,1,2,0.0
1031140266349,P1-fast-idle,413,611,0,1,2,0.0
1031140427935,P1-fast-idle,413,611,0,1,2,0.0
1031140589837,P1-fast-idle,414,612,0,1,2,0.0
1031140750940,P1-fast-idle,414,612,0,1,2,0.0
1031140914689,P1-fast-idle,414,612,0,1,2,0.0
1031141076502,P1-fast-idle,414,612,0,1,2,0.0
1031141237493,P1-fast-idle,414,612,0,1,2,0.0
1031141397782,P1-fast-idle,414,612,0,1,2,0.0
1031141558962,P1-fast-idle,414,612,0,1,2,0.0
1031141720721,P1-fast-idle,415,613,0,1,2,0.0
1031141882144,P1-fast-idle,415,613,0,1,2,0.0
1031142042899,P1-fast-idle,415,613,0,1,2,0.0
1031142202896,P1-fast-idle,415,613,0,1,2,0.0
1031142363615,P1-fast-idle,415,613,0,1,2,0.0
1031142524770,P1-fast-idle,415,613,0,1,2,0.0
1031142686540,P1-fast-idle,415,613,0,1,2,0.0
1031142849003,P1-fast-idle,416,614,0,1,2,0.0
1031143010723,P1-fast-idle,416,614,0,1,2,0.0
1031143172956,P1-fast-idle,416,614,0,1,2,0.0
1031143333560,P1-fast-idle,416,614,0,1,2,0.0
1031143494694,P1-fast-idle,416,614,0,1,2,0.0
1031143655853,P1-fast-idle,416,614,0,1,2,0.0
1031143818202,P1-fast-idle,417,615,0,1,2,0.0
1031143981648,P1-fast-idle,417,615,0,1,2,0.0
1031144143150,P1-fast-idle,417,615,0,1,2,0.0
1031144304248,P1-fast-idle,417,615,0,1,2,0.0
1031144465068,P1-fast-idle,417,615,0,1,2,0.0
1031144625752,P1-fast-idle,417,615,0,1,2,0.0
1031144786530,P1-fast-idle,417,615,0,1,2,0.0
1031144949826,P1-fast-idle,418,616,0,1,2,0.0
1031145111108,P1-fast-idle,418,616,0,1,2,0.0
1031145271542,P1-fast-idle,418,616,0,1,2,0.0
1031145434022,P1-fast-idle,418,616,0,1,2,0.0
1031145595058,P1-fast-idle,418,616,0,1,2,0.0
1031145755876,P1-fast-idle,418,616,0,1,2,0.0
1031145919659,P1-fast-idle,419,617,0,1,2,0.0
1031146082187,P1-fast-idle,419,617,0,1,2,0.0
1031146243168,P1-fast-idle,419,617,0,1,2,0.0
1031146404574,P1-fast-idle,419,617,0,1,2,0.0
1031146566190,P1-fast-idle,419,617,0,1,2,0.0
1031146727313,P1-fast-idle,419,617,0,1,2,0.0
1031146888464,P1-fast-idle,419,617,0,1,2,0.0
1031147050746,P1-fast-idle,420,618,0,1,2,0.0
1031147214230,P1-fast-idle,420,618,0,1,2,0.0
1031147374885,P1-fast-idle,420,618,0,1,2,0.0
1031147535549,P1-fast-idle,420,618,0,1,2,0.0
1031147695904,P1-fast-idle,420,618,0,1,2,0.0
1031147856842,P1-fast-idle,420,618,0,1,2,0.0
1031148019218,P1-fast-idle,421,619,0,1,2,0.0
1031148180900,P1-fast-idle,421,619,0,1,2,0.0
1031148342258,P1-fast-idle,421,619,0,1,2,0.0
1031148503485,P1-fast-idle,421,619,0,1,2,0.0
1031148664396,P1-fast-idle,421,619,0,1,2,0.0
1031148826213,P1-fast-idle,421,619,0,1,2,0.0
1031148987406,P1-fast-idle,421,619,0,1,2,0.0
1031149150100,P1-fast-idle,422,620,0,1,2,0.0
1031149311008,P1-fast-idle,422,620,0,1,2,0.0
1031149473952,P1-fast-idle,422,620,0,1,2,0.0
1031149635786,P1-fast-idle,422,620,0,1,2,0.0
1031149796873,P1-fast-idle,422,620,0,1,2,0.0
1031149957635,P1-fast-idle,422,620,0,1,2,0.0
1031150121388,P1-fast-idle,423,621,0,1,2,0.0
1031150283973,P1-fast-idle,423,621,0,1,2,0.0
1031150444511,P1-fast-idle,423,621,0,1,2,0.0
1031150605223,P1-fast-idle,423,621,0,1,2,0.0
1031150765776,P1-fast-idle,423,621,0,1,2,0.0
1031150927413,P1-fast-idle,423,621,0,1,2,0.0
1031151089255,P1-fast-idle,423,621,0,1,2,0.0
1031151251257,P1-fast-idle,424,622,0,1,2,0.0
1031151412141,P1-fast-idle,424,622,0,1,2,0.0
1031151574044,P1-fast-idle,424,622,0,1,2,0.0
1031151734856,P1-fast-idle,424,622,0,1,2,0.0
1031151897570,P1-fast-idle,424,622,0,1,2,0.0
1031152058610,P1-fast-idle,424,622,0,1,2,0.0
1031152218869,P1-fast-idle,424,622,0,1,2,0.0
1031152380907,P1-fast-idle,425,623,0,1,2,0.0
1031152512115,P1-fast-idle,425,623,0,1,2,0.0
1031152676855,P1-fast-idle,425,623,0,1,2,0.0
1031152839194,P1-fast-idle,425,623,0,1,2,0.0
1031152999905,P1-fast-idle,425,623,0,1,2,0.0
1031153174773,P1-fast-idle,425,623,0,1,2,0.0
1031153336256,P1-fast-idle,426,624,0,1,2,0.0
1031153500430,P1-fast-idle,426,624,0,1,2,0.0
1031153661262,P1-fast-idle,426,624,0,1,2,0.0
1031153822932,P1-fast-idle,426,624,0,1,2,0.0
1031153985976,P1-fast-idle,426,624,0,1,2,0.0
1031154147266,P1-fast-idle,426,624,0,1,2,0.0
1031154307893,P1-fast-idle,426,624,0,1,2,0.0
1031154469636,P1-fast-idle,427,625,0,1,2,0.0
1031154630858,P1-fast-idle,427,625,0,1,2,0.0
1031154792863,P1-fast-idle,427,625,0,1,2,0.0
1031154954706,P1-fast-idle,427,625,0,1,2,0.0
1031155116656,P1-fast-idle,427,625,0,1,2,0.0
1031155278436,P1-fast-idle,427,625,0,1,2,0.0
1031155440527,P1-fast-idle,428,626,0,1,2,0.0
1031155605918,P1-fast-idle,428,626,0,1,2,0.0
1031155767445,P1-fast-idle,428,626,0,1,2,0.0
1031155931013,P1-fast-idle,428,626,0,1,2,0.0
1031156092860,P1-fast-idle,428,626,0,1,2,0.0
1031156253255,P1-fast-idle,428,626,0,1,2,0.0
1031156414449,P1-fast-idle,428,626,0,1,2,0.0
1031156578403,P1-fast-idle,429,628,0,1,2,0.0
1031156739397,P1-fast-idle,429,628,0,1,2,0.0
1031156900842,P1-fast-idle,429,628,0,1,2,0.0
1031157062544,P1-fast-idle,429,628,0,1,2,0.0
1031157222997,P1-fast-idle,429,628,0,1,2,0.0
1031157383311,P1-fast-idle,429,628,0,1,2,0.0
1031157545776,P1-fast-idle,430,629,0,1,2,0.0
1031157706927,P1-fast-idle,430,629,0,1,2,0.0
1031157867931,P1-fast-idle,430,629,0,1,2,0.0
1031158028921,P1-fast-idle,430,629,0,1,2,0.0
1031158189876,P1-fast-idle,430,629,0,1,2,0.0
1031158350981,P1-fast-idle,430,629,0,1,2,0.0
1031158512159,P1-fast-idle,430,629,0,1,2,0.0
1031158674044,P1-fast-idle,431,630,0,1,2,0.0
1031158835499,P1-fast-idle,431,630,0,1,2,0.0
1031158996826,P1-fast-idle,431,630,0,1,2,0.0
1031159157848,P1-fast-idle,431,630,0,1,2,0.0
1031159318377,P1-fast-idle,431,630,0,1,2,0.0
1031159479557,P1-fast-idle,431,630,0,1,2,0.0
1031159641713,P1-fast-idle,432,631,0,1,2,0.0
1031159806168,P1-fast-idle,432,631,0,1,2,0.0
1031159967768,P1-fast-idle,432,631,0,1,2,0.0
1031160129781,P1-fast-idle,432,631,0,1,2,0.0
1031160291937,P1-fast-idle,432,631,0,1,2,0.0
1031160453678,P1-fast-idle,432,631,0,1,2,0.0
1031160614775,P1-fast-idle,432,631,0,1,2,0.0
1031160777740,P1-fast-idle,433,632,0,1,2,0.0
1031160939629,P1-fast-idle,433,632,0,1,2,0.0
1031161101089,P1-fast-idle,433,632,0,1,2,0.0
1031161261268,P1-fast-idle,433,632,0,1,2,0.0
1031161422281,P1-fast-idle,433,632,0,1,2,0.0
1031161582587,P1-fast-idle,433,632,0,1,2,0.0
1031161744092,P1-fast-idle,433,632,0,1,2,0.0
1031161906592,P1-fast-idle,434,633,0,1,2,0.0
1031162067124,P1-fast-idle,434,633,0,1,2,0.0
1031162226748,P1-fast-idle,434,633,0,1,2,0.0
1031162387101,P1-fast-idle,434,633,0,1,2,0.0
1031162553749,P1-fast-idle,434,633,0,1,2,0.0
1031162714981,P1-fast-idle,434,633,0,1,2,0.0
1031162880162,P1-fast-idle,435,634,0,1,2,0.0
1031163042723,P1-fast-idle,435,634,0,1,2,0.0
1031163205593,P1-fast-idle,435,634,0,1,2,0.0
1031163367716,P1-fast-idle,435,634,0,1,2,0.0
1031163530211,P1-fast-idle,435,634,0,1,2,0.0
1031163692516,P1-fast-idle,435,634,0,1,2,0.0
1031163856486,P1-fast-idle,435,634,0,1,2,0.0
1031164019170,P1-fast-idle,436,635,0,1,2,0.0
1031164181024,P1-fast-idle,436,635,0,1,2,0.0
1031164343524,P1-fast-idle,436,635,0,1,2,0.0
1031164507045,P1-fast-idle,436,635,0,1,2,0.0
1031164669364,P1-fast-idle,436,635,0,1,2,0.0
1031164830364,P1-fast-idle,436,635,0,1,2,0.0
1031164993552,P1-fast-idle,437,636,0,1,2,0.0
1031165156272,P1-fast-idle,437,636,0,1,2,0.0
1031165318281,P1-fast-idle,437,636,0,1,2,0.0
1031165482276,P1-fast-idle,437,636,0,1,2,0.0
1031165645732,P1-fast-idle,437,636,0,1,2,0.0
1031165808213,P1-fast-idle,437,636,0,1,2,0.0
1031165969788,P1-fast-idle,437,636,0,1,2,0.0
1031166134352,P1-fast-idle,438,637,0,1,2,0.0
1031166296593,P1-fast-idle,438,637,0,1,2,0.0
1031166458683,P1-fast-idle,438,637,0,1,2,0.0
1031166619861,P1-fast-idle,438,637,0,1,2,0.0
1031166781536,P1-fast-idle,438,637,0,1,2,0.0
1031166943833,P1-fast-idle,438,637,0,1,2,0.0
1031167108780,P1-fast-idle,439,638,0,1,2,0.0
1031167270370,P1-fast-idle,439,638,0,1,2,0.0
1031167431677,P1-fast-idle,439,638,0,1,2,0.0
1031167593156,P1-fast-idle,439,638,0,1,2,0.0
1031167755459,P1-fast-idle,439,638,0,1,2,0.0
1031167916596,P1-fast-idle,439,638,0,1,2,0.0
1031168077591,P1-fast-idle,439,638,0,1,2,0.0
1031168240087,P1-fast-idle,440,639,0,1,2,0.0
1031168402244,P1-fast-idle,440,639,0,1,2,0.0
1031168563705,P1-fast-idle,440,639,0,1,2,0.0
1031168726014,P1-fast-idle,440,639,0,1,2,0.0
1031168887711,P1-fast-idle,440,639,0,1,2,0.0
1031169049481,P1-fast-idle,440,639,0,1,2,0.0
1031169213721,P1-fast-idle,441,640,0,1,2,0.0
1031169375319,P1-fast-idle,441,640,0,1,2,0.0
1031169537713,P1-fast-idle,441,640,0,1,2,0.0
1031169698985,P1-fast-idle,441,640,0,1,2,0.0
1031169862596,P1-fast-idle,441,640,0,1,2,0.0
1031170026756,P1-fast-idle,441,640,0,1,2,0.0
1031170187845,P1-fast-idle,441,640,0,1,2,0.0
1031170350910,P1-fast-idle,442,641,0,1,2,0.0
1031170512387,P1-fast-idle,442,641,0,1,2,0.0
1031170674977,P1-fast-idle,442,641,0,1,2,0.0
1031170836230,P1-fast-idle,442,641,0,1,2,0.0
1031170997328,P1-fast-idle,442,641,0,1,2,0.0
1031171158559,P1-fast-idle,442,641,0,1,2,0.0
1031171320809,P1-fast-idle,443,642,0,1,2,0.0
1031171482084,P1-fast-idle,443,642,0,1,2,0.0
1031171643401,P1-fast-idle,443,642,0,1,2,0.0
1031171804686,P1-fast-idle,443,642,0,1,2,0.0
1031171965963,P1-fast-idle,443,642,0,1,2,0.0
1031172127816,P1-fast-idle,443,642,0,1,2,0.0
1031172289280,P1-fast-idle,443,642,0,1,2,0.0
1031172453566,P1-fast-idle,444,643,0,1,2,0.0
1031172614875,P1-fast-idle,444,643,0,1,2,0.0
1031172776260,P1-fast-idle,444,643,0,1,2,0.0
1031172937752,P1-fast-idle,444,643,0,1,2,0.0
1031173099708,P1-fast-idle,444,643,0,1,2,0.0
1031173261766,P1-fast-idle,444,643,0,1,2,0.0
1031173424008,P1-fast-idle,445,644,0,1,2,0.0
1031173585951,P1-fast-idle,445,644,0,1,2,0.0
1031173747589,P1-fast-idle,445,644,0,1,2,0.0
1031173908605,P1-fast-idle,445,644,0,1,2,0.0
1031174070920,P1-fast-idle,445,644,0,1,2,0.0
1031174232711,P1-fast-idle,445,644,0,1,2,0.0
1031174394450,P1-fast-idle,445,644,0,1,2,0.0
1031174557030,P1-fast-idle,446,646,0,1,2,0.0
1031174719484,P1-fast-idle,446,646,0,1,2,0.0
1031174882626,P1-fast-idle,446,646,0,1,2,0.0
1031175044379,P1-fast-idle,446,646,0,1,2,0.0
1031175205091,P1-fast-idle,446,646,0,1,2,0.0
1031175366359,P1-fast-idle,446,646,0,1,2,0.0
1031175530967,P1-fast-idle,447,647,0,1,2,0.0
1031175693193,P1-fast-idle,447,647,0,1,2,0.0
1031175858606,P1-fast-idle,447,647,0,1,2,0.0
1031176020241,P1-fast-idle,447,647,0,1,2,0.0
1031176181361,P1-fast-idle,447,647,0,1,2,0.0
1031176343519,P1-fast-idle,447,647,0,1,2,0.0
1031176505648,P1-fast-idle,447,647,0,1,2,0.0
1031176668082,P1-fast-idle,448,648,0,1,2,0.0
1031176829480,P1-fast-idle,448,648,0,1,2,0.0
1031176991478,P1-fast-idle,448,648,0,1,2,0.0
1031177153748,P1-fast-idle,448,648,0,1,2,0.0
1031177315544,P1-fast-idle,448,648,0,1,2,0.0
1031177477645,P1-fast-idle,448,648,0,1,2,0.0
1031177640131,P1-fast-idle,449,649,0,1,2,0.0
1031177802532,P1-fast-idle,449,649,0,1,2,0.0
1031177963269,P1-fast-idle,449,649,0,1,2,0.0
1031178125626,P1-fast-idle,449,649,0,1,2,0.0
1031178287472,P1-fast-idle,449,649,0,1,2,0.0
1031178449561,P1-fast-idle,449,649,0,1,2,0.0
1031178611159,P1-fast-idle,449,649,0,1,2,0.0
1031178775984,P1-fast-idle,450,650,0,1,2,0.0
1031178939489,P1-fast-idle,450,650,0,1,2,0.0
1031179101390,P1-fast-idle,450,650,0,1,2,0.0
1031179262418,P1-fast-idle,450,650,0,1,2,0.0
1031179424363,P1-fast-idle,450,650,0,1,2,0.0
1031179586955,P1-fast-idle,450,650,0,1,2,0.0
1031179752683,P1-fast-idle,451,651,0,1,2,0.0
1031179914918,P1-fast-idle,451,651,0,1,2,0.0
1031180076581,P1-fast-idle,451,651,0,1,2,0.0
1031180237725,P1-fast-idle,451,651,0,1,2,0.0
1031180400925,P1-fast-idle,451,651,0,1,2,0.0
1031180563250,P1-fast-idle,451,651,0,1,2,0.0
1031180724740,P1-fast-idle,451,651,0,1,2,0.0
1031180888191,P1-fast-idle,452,652,0,1,2,0.0
1031181053534,P1-fast-idle,452,652,0,1,2,0.0
1031181215373,P1-fast-idle,452,652,0,1,2,0.0
1031181377512,P1-fast-idle,452,652,0,1,2,0.0
1031181540374,P1-fast-idle,452,652,0,1,2,0.0
1031181702497,P1-fast-idle,452,652,0,1,2,0.0
1031181867030,P1-fast-idle,453,653,0,1,2,0.0
1031182029499,P1-fast-idle,453,653,0,1,2,0.0
1031182191475,P1-fast-idle,453,653,0,1,2,0.0
1031182354132,P1-fast-idle,453,653,0,1,2,0.0
1031182516243,P1-fast-idle,453,653,0,1,2,0.0
1031182677686,P1-fast-idle,453,653,0,1,2,0.0
1031182839013,P1-fast-idle,453,653,0,1,2,0.0
1031183013087,P1-fast-idle,454,654,0,1,2,0.0
1031183175029,P1-fast-idle,454,654,0,1,2,0.0
1031183336032,P1-fast-idle,454,654,0,1,2,0.0
1031183497857,P1-fast-idle,454,654,0,1,2,0.0
1031183658965,P1-fast-idle,454,654,0,1,2,0.0
1031183820657,P1-fast-idle,454,654,0,1,2,0.0
1031183982874,P1-fast-idle,455,655,0,1,2,0.0
1031184144835,P1-fast-idle,455,655,0,1,2,0.0
1031184307297,P1-fast-idle,455,655,0,1,2,0.0
1031184468829,P1-fast-idle,455,655,0,1,2,0.0
1031184634128,P1-fast-idle,455,655,0,1,2,0.0
1031184795284,P1-fast-idle,455,655,0,1,2,0.0
1031184956725,P1-fast-idle,455,655,0,1,2,0.0
1031185125504,P1-fast-idle,456,656,0,1,2,0.0
1031185288108,P1-fast-idle,456,656,0,1,2,0.0
1031185449518,P1-fast-idle,456,656,0,1,2,0.0
1031185611047,P1-fast-idle,456,656,0,1,2,0.0
1031185772029,P1-fast-idle,456,656,0,1,2,0.0
1031185933346,P1-fast-idle,456,656,0,1,2,0.0
1031186097389,P1-fast-idle,456,656,0,1,2,0.0
1031186260229,P1-fast-idle,457,657,0,1,2,0.0
1031186421918,P1-fast-idle,457,657,0,1,2,0.0
1031186585110,P1-fast-idle,457,657,0,1,2,0.0
1031186747101,P1-fast-idle,457,657,0,1,2,0.0
1031186909037,P1-fast-idle,457,657,0,1,2,0.0
1031187072513,P1-fast-idle,457,657,0,1,2,0.0
1031187236258,P1-fast-idle,458,658,0,1,2,0.0
1031187398720,P1-fast-idle,458,658,0,1,2,0.0
1031187560559,P1-fast-idle,458,658,0,1,2,0.0
1031187723149,P1-fast-idle,458,658,0,1,2,0.0
1031187886019,P1-fast-idle,458,658,0,1,2,0.0
1031188050343,P1-fast-idle,458,658,0,1,2,0.0
1031188225381,P1-fast-idle,459,659,0,1,2,0.0
1031188387789,P1-fast-idle,459,659,0,1,2,0.0
1031188550426,P1-fast-idle,459,659,0,1,2,0.0
1031188713742,P1-fast-idle,459,659,0,1,2,0.0
1031188875539,P1-fast-idle,459,659,0,1,2,0.0
1031189038106,P1-fast-idle,459,659,0,1,2,0.0
1031189199901,P1-fast-idle,459,659,0,1,2,0.0
1031189363781,P1-fast-idle,460,660,0,1,2,0.0
1031189525281,P1-fast-idle,460,660,0,1,2,0.0
1031189686919,P1-fast-idle,460,660,0,1,2,0.0
1031189848219,P1-fast-idle,460,660,0,1,2,0.0
1031190011302,P1-fast-idle,460,660,0,1,2,0.0
1031190173332,P1-fast-idle,460,660,0,1,2,0.0
1031190336915,P1-fast-idle,461,661,0,1,2,0.0
1031190499937,P1-fast-idle,461,661,0,1,2,0.0
1031190662331,P1-fast-idle,461,661,0,1,2,0.0
1031190826859,P1-fast-idle,461,661,0,1,2,0.0
1031190989155,P1-fast-idle,461,661,0,1,2,0.0
1031191151149,P1-fast-idle,461,661,0,1,2,0.0
1031191312616,P1-fast-idle,461,661,0,1,2,0.0
1031191479786,P1-fast-idle,462,662,0,1,2,0.0
1031191641569,P1-fast-idle,462,662,0,1,2,0.0
1031191804248,P1-fast-idle,462,662,0,1,2,0.0
1031191966466,P1-fast-idle,462,662,0,1,2,0.0
1031192128934,P1-fast-idle,462,662,0,1,2,0.0
1031192291019,P1-fast-idle,462,662,0,1,2,0.0
1031192454528,P1-fast-idle,463,664,0,1,2,0.0
1031192616730,P1-fast-idle,463,664,0,1,2,0.0
1031192778467,P1-fast-idle,463,664,0,1,2,0.0
1031192939912,P1-fast-idle,463,664,0,1,2,0.0
1031193102580,P1-fast-idle,463,664,0,1,2,0.0
1031193264476,P1-fast-idle,463,664,0,1,2,0.0
1031193427284,P1-fast-idle,463,664,0,1,2,0.0
1031193590793,P1-fast-idle,464,665,0,1,2,0.0
1031193752887,P1-fast-idle,464,665,0,1,2,0.0
1031193915856,P1-fast-idle,464,665,0,1,2,0.0
1031194080080,P1-fast-idle,464,665,0,1,2,0.0
1031194242870,P1-fast-idle,464,665,0,1,2,0.0
1031194404061,P1-fast-idle,464,665,0,1,2,0.0
1031194569512,P1-fast-idle,465,666,0,1,2,0.0
1031194732085,P1-fast-idle,465,666,0,1,2,0.0
1031194894307,P1-fast-idle,465,666,0,1,2,0.0
1031195056756,P1-fast-idle,465,666,0,1,2,0.0
1031195219456,P1-fast-idle,465,666,0,1,2,0.0
1031195382650,P1-fast-idle,465,666,0,1,2,0.0
1031195545194,P1-fast-idle,465,666,0,1,2,0.0
1031195709290,P1-fast-idle,466,667,0,1,2,0.0
1031195871726,P1-fast-idle,466,667,0,1,2,0.0
1031196034082,P1-fast-idle,466,667,0,1,2,0.0
1031196196287,P1-fast-idle,466,667,0,1,2,0.0
1031196358194,P1-fast-idle,466,667,0,1,2,0.0
1031196521543,P1-fast-idle,466,667,0,1,2,0.0
1031196684539,P1-fast-idle,467,668,0,1,2,0.0
1031196847077,P1-fast-idle,467,668,0,1,2,0.0
1031197010400,P1-fast-idle,467,668,0,1,2,0.0
1031197171172,P1-fast-idle,467,668,0,1,2,0.0
1031197332375,P1-fast-idle,467,668,0,1,2,0.0
1031197492282,P1-fast-idle,467,668,0,1,2,0.0
1031197651915,P1-fast-idle,467,668,0,1,2,0.0
1031197814550,P1-fast-idle,468,669,0,1,2,0.0
1031197974731,P1-fast-idle,468,669,0,1,2,0.0
1031198136577,P1-fast-idle,468,669,0,1,2,0.0
1031198297440,P1-fast-idle,468,669,0,1,2,0.0
1031198459505,P1-fast-idle,468,669,0,1,2,0.0
1031198620261,P1-fast-idle,468,669,0,1,2,0.0
1031198782041,P1-fast-idle,468,669,0,1,2,0.0
1031198944352,P1-fast-idle,469,670,0,1,2,0.0
1031199122417,P1-fast-idle,469,670,0,1,2,0.0
1031199287949,P1-fast-idle,469,670,0,1,2,0.0
1031199449261,P1-fast-idle,469,670,0,1,2,0.0
1031199611330,P1-fast-idle,469,670,0,1,2,0.0
1031199774299,P1-fast-idle,469,670,0,1,2,0.0
1031199937075,P1-fast-idle,470,671,0,1,2,0.0
1031200098891,P1-fast-idle,470,671,0,1,2,0.0
1031200260345,P1-fast-idle,470,671,0,1,2,0.0
1031200437679,P1-fast-idle,470,671,0,1,2,0.0
1031200599053,P1-fast-idle,470,671,0,1,2,0.0
1031200760427,P1-fast-idle,470,671,0,1,2,0.0
1031200926598,P1-fast-idle,470,671,0,1,2,0.0
1031201089436,P1-fast-idle,471,672,0,1,2,0.0
1031201252585,P1-fast-idle,471,672,0,1,2,0.0
1031201416550,P1-fast-idle,471,672,0,1,2,0.0
1031201578139,P1-fast-idle,471,672,0,1,2,0.0
1031201740886,P1-fast-idle,471,672,0,1,2,0.0
1031201902316,P1-fast-idle,471,672,0,1,2,0.0
1031202064873,P1-fast-idle,472,673,0,1,2,0.0
1031202226324,P1-fast-idle,472,673,0,1,2,0.0
1031202387075,P1-fast-idle,472,673,0,1,2,0.0
1031202548746,P1-fast-idle,472,673,0,1,2,0.0
1031202709361,P1-fast-idle,472,673,0,1,2,0.0
1031202871555,P1-fast-idle,472,673,0,1,2,0.0
1031203033281,P1-fast-idle,472,673,0,1,2,0.0
1031203195017,P1-fast-idle,473,674,0,1,2,0.0
1031203355786,P1-fast-idle,473,674,0,1,2,0.0
1031203516911,P1-fast-idle,473,674,0,1,2,0.0
1031203678285,P1-fast-idle,473,674,0,1,2,0.0
1031203839104,P1-fast-idle,473,674,0,1,2,0.0
1031204012923,P1-fast-idle,473,674,0,1,2,0.0
1031204177156,P1-fast-idle,474,675,0,1,2,0.0
1031204338073,P1-fast-idle,474,675,0,1,2,0.0
1031204499572,P1-fast-idle,474,675,0,1,2,0.0
1031204660576,P1-fast-idle,474,675,0,1,2,0.0
1031204821337,P1-fast-idle,474,675,0,1,2,0.0
1031204982561,P1-fast-idle,474,675,0,1,2,0.0
1031205144145,P1-fast-idle,474,675,0,1,2,0.0
1031205306419,P1-fast-idle,475,676,0,1,2,0.0
1031205471157,P1-fast-idle,475,676,0,1,2,0.0
1031205631733,P1-fast-idle,475,676,0,1,2,0.0
1031205792664,P1-fast-idle,475,676,0,1,2,0.0
1031205953705,P1-fast-idle,475,676,0,1,2,0.0
1031206114934,P1-fast-idle,475,676,0,1,2,0.0
1031206277872,P1-fast-idle,476,677,0,1,2,0.0
1031206438654,P1-fast-idle,476,677,0,1,2,0.0
1031206600046,P1-fast-idle,476,677,0,1,2,0.0
1031206760463,P1-fast-idle,476,677,0,1,2,0.0
1031206924430,P1-fast-idle,476,677,0,1,2,0.0
1031207085686,P1-fast-idle,476,677,0,1,2,0.0
1031207247913,P1-fast-idle,476,677,0,1,2,0.0
1031207412077,P1-fast-idle,477,678,0,1,2,0.0
1031207573723,P1-fast-idle,477,678,0,1,2,0.0
1031207734123,P1-fast-idle,477,678,0,1,2,0.0
1031207900907,P1-fast-idle,477,678,0,1,2,0.0
1031208063279,P1-fast-idle,477,678,0,1,2,0.0
1031208225281,P1-fast-idle,477,678,0,1,2,0.0
1031208388631,P1-fast-idle,478,679,0,1,2,0.0
1031208551094,P1-fast-idle,478,679,0,1,2,0.0
1031208713101,P1-fast-idle,478,679,0,1,2,0.0
1031208874734,P1-fast-idle,478,679,0,1,2,0.0
1031209038023,P1-fast-idle,478,679,0,1,2,0.0
1031209200689,P1-fast-idle,478,679,0,1,2,0.0
1031209363381,P1-fast-idle,478,679,0,1,2,0.0
1031209526766,P1-fast-idle,479,680,0,1,2,0.0
1031209704747,P1-fast-idle,479,680,0,1,2,0.0
1031209867724,P1-fast-idle,479,680,0,1,2,0.0
1031210035134,P1-fast-idle,479,680,0,1,2,0.0
1031210198365,P1-fast-idle,479,680,0,1,2,0.0
1031210361139,P1-fast-idle,479,680,0,1,2,0.0
1031210527813,P1-fast-idle,480,682,0,1,2,0.0
1031210690580,P1-fast-idle,480,682,0,1,2,0.0
1031210853326,P1-fast-idle,480,682,0,1,2,0.0
1031211016473,P1-fast-idle,480,682,0,1,2,0.0
1031211179407,P1-fast-idle,480,682,0,1,2,0.0
1031211341565,P1-fast-idle,480,682,0,1,2,0.0
1031211505826,P1-fast-idle,480,682,0,1,2,0.0
1031211668789,P1-fast-idle,481,683,0,1,2,0.0
1031211831012,P1-fast-idle,481,683,0,1,2,0.0
1031211992721,P1-fast-idle,481,683,0,1,2,0.0
1031212157272,P1-fast-idle,481,683,0,1,2,0.0
1031212319170,P1-fast-idle,481,683,0,1,2,0.0
1031212481448,P1-fast-idle,481,683,0,1,2,0.0
1031212644849,P1-fast-idle,482,684,0,1,2,0.0
1031212807002,P1-fast-idle,482,684,0,1,2,0.0
1031212968778,P1-fast-idle,482,684,0,1,2,0.0
1031213131083,P1-fast-idle,482,684,0,1,2,0.0
1031213292994,P1-fast-idle,482,684,0,1,2,0.0
1031213454653,P1-fast-idle,482,684,0,1,2,0.0
1031213617620,P1-fast-idle,482,684,0,1,2,0.0
1031213780483,P1-fast-idle,483,685,0,1,2,0.0
1031213941879,P1-fast-idle,483,685,0,1,2,0.0
1031214104625,P1-fast-idle,483,685,0,1,2,0.0
1031214265964,P1-fast-idle,483,685,0,1,2,0.0
1031214442484,P1-fast-idle,483,685,0,1,2,0.0
1031214604598,P1-fast-idle,483,685,0,1,2,0.0
1031214767550,P1-fast-idle,484,686,0,1,2,0.0
1031214928923,P1-fast-idle,484,686,0,1,2,0.0
1031215092705,P1-fast-idle,484,686,0,1,2,0.0
1031215254696,P1-fast-idle,484,686,0,1,2,0.0
1031215418771,P1-fast-idle,484,686,0,1,2,0.0
1031215581681,P1-fast-idle,484,686,0,1,2,0.0
1031215743784,P1-fast-idle,484,686,0,1,2,0.0
1031215907122,P1-fast-idle,485,687,0,1,2,0.0
1031216069615,P1-fast-idle,485,687,0,1,2,0.0
1031216231812,P1-fast-idle,485,687,0,1,2,0.0
1031216393971,P1-fast-idle,485,687,0,1,2,0.0
1031216556306,P1-fast-idle,485,687,0,1,2,0.0
1031216718019,P1-fast-idle,485,687,0,1,2,0.0
1031216883416,P1-fast-idle,486,688,0,1,2,0.0
1031217046017,P1-fast-idle,486,688,0,1,2,0.0
1031217207766,P1-fast-idle,486,688,0,1,2,0.0
1031217371109,P1-fast-idle,486,688,0,1,2,0.0
1031217533106,P1-fast-idle,486,688,0,1,2,0.0
1031217695709,P1-fast-idle,486,688,0,1,2,0.0
1031217857840,P1-fast-idle,486,688,0,1,2,0.0
1031218023186,P1-fast-idle,487,689,0,1,2,0.0
1031218185698,P1-fast-idle,487,689,0,1,2,0.0
1031218347801,P1-fast-idle,487,689,0,1,2,0.0
1031218510467,P1-fast-idle,487,689,0,1,2,0.0
1031218673141,P1-fast-idle,487,689,0,1,2,0.0
1031218835108,P1-fast-idle,487,689,0,1,2,0.0
1031218998307,P1-fast-idle,488,690,0,1,2,0.0
1031219160925,P1-fast-idle,488,690,0,1,2,0.0
1031219323460,P1-fast-idle,488,690,0,1,2,0.0
1031219485237,P1-fast-idle,488,690,0,1,2,0.0
1031219647068,P1-fast-idle,488,690,0,1,2,0.0
1031219809696,P1-fast-idle,488,690,0,1,2,0.0
1031219974226,P1-fast-idle,488,690,0,1,2,0.0
1031220137762,P1-fast-idle,489,691,0,1,2,0.0
1031220299872,P1-fast-idle,489,691,0,1,2,0.0
1031220461820,P1-fast-idle,489,691,0,1,2,0.0
1031220623719,P1-fast-idle,489,691,0,1,2,0.0
1031220785741,P1-fast-idle,489,691,0,1,2,0.0
1031220950146,P1-fast-idle,489,691,0,1,2,0.0
1031221114205,P1-fast-idle,490,692,0,1,2,0.0
1031221275657,P1-fast-idle,490,692,0,1,2,0.0
1031221444478,P1-fast-idle,490,692,0,1,2,0.0
1031221605961,P1-fast-idle,490,692,0,1,2,0.0
1031221767239,P1-fast-idle,490,692,0,1,2,0.0
1031221930114,P1-fast-idle,490,692,0,1,2,0.0
1031222091566,P1-fast-idle,490,692,0,1,2,0.0
1031222254204,P1-fast-idle,491,693,0,1,2,0.0
1031222417377,P1-fast-idle,491,693,0,1,2,0.0
1031222581540,P1-fast-idle,491,693,0,1,2,0.0
1031222743114,P1-fast-idle,491,693,0,1,2,0.0
1031222903809,P1-fast-idle,491,693,0,1,2,0.0
1031223065261,P1-fast-idle,491,693,0,1,2,0.0
1031223229856,P1-fast-idle,492,694,0,1,2,0.0
1031223390521,P1-fast-idle,492,694,0,1,2,0.0
1031223551095,P1-fast-idle,492,694,0,1,2,0.0
1031223711802,P1-fast-idle,492,694,0,1,2,0.0
1031223874703,P1-fast-idle,492,694,0,1,2,0.0
1031224036546,P1-fast-idle,492,694,0,1,2,0.0
1031224197488,P1-fast-idle,492,694,0,1,2,0.0
1031224359366,P1-fast-idle,493,695,0,1,2,0.0
1031224520885,P1-fast-idle,493,695,0,1,2,0.0
1031224682320,P1-fast-idle,493,695,0,1,2,0.0
1031224843541,P1-fast-idle,493,695,0,1,2,0.0
1031225004601,P1-fast-idle,493,695,0,1,2,0.0
1031225164899,P1-fast-idle,493,695,0,1,2,0.0
1031225326696,P1-fast-idle,494,696,0,1,2,0.0
1031225488162,P1-fast-idle,494,696,0,1,2,0.0
1031225648963,P1-fast-idle,494,696,0,1,2,0.0
1031225810193,P1-fast-idle,494,696,0,1,2,0.0
1031225971373,P1-fast-idle,494,696,0,1,2,0.0
1031226133923,P1-fast-idle,494,696,0,1,2,0.0
1031226297095,P1-fast-idle,494,696,0,1,2,0.0
1031226458653,P1-fast-idle,495,697,0,1,2,0.0
1031226619521,P1-fast-idle,495,697,0,1,2,0.0
1031226780663,P1-fast-idle,495,697,0,1,2,0.0
1031226941353,P1-fast-idle,495,697,0,1,2,0.0
1031227102836,P1-fast-idle,495,697,0,1,2,0.0
1031227264075,P1-fast-idle,495,697,0,1,2,0.0
1031227440431,P1-fast-idle,495,697,0,1,2,0.0
1031227602471,P1-fast-idle,496,699,0,1,2,0.0
1031227766723,P1-fast-idle,496,699,0,1,2,0.0
1031227928277,P1-fast-idle,496,699,0,1,2,0.0
1031228090115,P1-fast-idle,496,699,0,1,2,0.0
1031228251369,P1-fast-idle,496,699,0,1,2,0.0
1031228416182,P1-fast-idle,496,699,0,1,2,0.0
1031228578964,P1-fast-idle,497,700,0,1,2,0.0
1031228740913,P1-fast-idle,497,700,0,1,2,0.0
1031228903165,P1-fast-idle,497,700,0,1,2,0.0
1031229064188,P1-fast-idle,497,700,0,1,2,0.0
1031229225502,P1-fast-idle,497,700,0,1,2,0.0
1031229386903,P1-fast-idle,497,700,0,1,2,0.0
1031229550504,P1-fast-idle,498,701,0,1,2,0.0
1031229711405,P1-fast-idle,498,701,0,1,2,0.0
1031229871670,P1-fast-idle,498,701,0,1,2,0.0
1031230032709,P1-fast-idle,498,701,0,1,2,0.0
1031230193574,P1-fast-idle,498,701,0,1,2,0.0
1031230354706,P1-fast-idle,498,701,0,1,2,0.0
1031230515019,P1-fast-idle,498,701,0,1,2,0.0
1031230676789,P1-fast-idle,499,702,0,1,2,0.0
1031230839094,P1-fast-idle,499,702,0,1,2,0.0
1031230999622,P1-fast-idle,499,702,0,1,2,0.0
1031231171764,P1-fast-idle,499,702,0,1,2,0.0
1031231332929,P1-fast-idle,499,702,0,1,2,0.0
1031231493831,P1-fast-idle,499,702,0,1,2,0.0
1031231655776,P1-fast-idle,500,703,0,1,2,0.0
1031231817606,P1-fast-idle,500,703,0,1,2,0.0
1031231978464,P1-fast-idle,500,703,0,1,2,0.0
1031232139602,P1-fast-idle,500,703,0,1,2,0.0
1031232302229,P1-fast-idle,500,703,0,1,2,0.0
1031232462450,P1-fast-idle,500,703,0,1,2,0.0
1031232624493,P1-fast-idle,500,703,0,1,2,0.0
1031232786217,P1-fast-idle,501,704,0,1,2,0.0
1031232949817,P1-fast-idle,501,704,0,1,2,0.0
1031233111484,P1-fast-idle,501,704,0,1,2,0.0
1031233272320,P1-fast-idle,501,704,0,1,2,0.0
1031233434676,P1-fast-idle,501,704,0,1,2,0.0
1031233596009,P1-fast-idle,501,704,0,1,2,0.0
1031233756458,P1-fast-idle,501,704,0,1,2,0.0
1031233918681,P1-fast-idle,502,705,0,1,2,0.0
1031234080396,P1-fast-idle,502,705,0,1,2,0.0
1031234242399,P1-fast-idle,502,705,0,1,2,0.0
1031234404314,P1-fast-idle,502,705,0,1,2,0.0
1031234568098,P1-fast-idle,502,705,0,1,2,0.0
1031234728620,P1-fast-idle,502,705,0,1,2,0.0
1031234890333,P1-fast-idle,503,706,0,1,2,0.0
1031235051581,P1-fast-idle,503,706,0,1,2,0.0
1031235212784,P1-fast-idle,503,706,0,1,2,0.0
1031235373532,P1-fast-idle,503,706,0,1,2,0.0
1031235534455,P1-fast-idle,503,706,0,1,2,0.0
1031235695174,P1-fast-idle,503,706,0,1,2,0.0
1031235857586,P1-fast-idle,503,706,0,1,2,0.0
1031236020128,P1-fast-idle,504,707,0,1,2,0.0
1031236181839,P1-fast-idle,504,707,0,1,2,0.0
1031236343145,P1-fast-idle,504,707,0,1,2,0.0
1031236504769,P1-fast-idle,504,707,0,1,2,0.0
1031236665904,P1-fast-idle,504,707,0,1,2,0.0
1031236827028,P1-fast-idle,504,707,0,1,2,0.0
1031236988817,P1-fast-idle,505,708,0,1,2,0.0
1031237149999,P1-fast-idle,505,708,0,1,2,0.0
1031237311301,P1-fast-idle,505,708,0,1,2,0.0
1031237472750,P1-fast-idle,505,708,0,1,2,0.0
1031237633729,P1-fast-idle,505,708,0,1,2,0.0
1031237794825,P1-fast-idle,505,708,0,1,2,0.0
1031237957352,P1-fast-idle,505,708,0,1,2,0.0
1031238120774,P1-fast-idle,506,709,0,1,2,0.0
1031238282017,P1-fast-idle,506,709,0,1,2,0.0
1031238442605,P1-fast-idle,506,709,0,1,2,0.0
1031238603454,P1-fast-idle,506,709,0,1,2,0.0
1031238764407,P1-fast-idle,506,709,0,1,2,0.0
1031238926631,P1-fast-idle,506,709,0,1,2,0.0
1031239088973,P1-fast-idle,507,710,0,1,2,0.0
1031239249931,P1-fast-idle,507,710,0,1,2,0.0
1031239414710,P1-fast-idle,507,710,0,1,2,0.0
1031239576536,P1-fast-idle,507,710,0,1,2,0.0
1031239737078,P1-fast-idle,507,710,0,1,2,0.0
1031239897719,P1-fast-idle,507,710,0,1,2,0.0
1031240058740,P1-fast-idle,507,710,0,1,2,0.0
1031240220679,P1-fast-idle,508,711,0,1,2,0.0
1031240381262,P1-fast-idle,508,711,0,1,2,0.0
1031240542051,P1-fast-idle,508,711,0,1,2,0.0
1031240702581,P1-fast-idle,508,711,0,1,2,0.0
1031240863286,P1-fast-idle,508,711,0,1,2,0.0
1031241024359,P1-fast-idle,508,711,0,1,2,0.0
1031241186067,P1-fast-idle,509,712,0,1,2,0.0
1031241346833,P1-fast-idle,509,712,0,1,2,0.0
1031241508016,P1-fast-idle,509,712,0,1,2,0.0
1031241668583,P1-fast-idle,509,712,0,1,2,0.0
1031241829220,P1-fast-idle,509,712,0,1,2,0.0
1031241990319,P1-fast-idle,509,712,0,1,2,0.0
1031242153741,P1-fast-idle,509,712,0,1,2,0.0
1031242316160,P1-fast-idle,510,713,0,1,2,0.0
1031242476718,P1-fast-idle,510,713,0,1,2,0.0
1031242639238,P1-fast-idle,510,713,0,1,2,0.0
1031242799872,P1-fast-idle,510,713,0,1,2,0.0
1031242961043,P1-fast-idle,510,713,0,1,2,0.0
1031243129218,P1-fast-idle,510,713,0,1,2,0.0
1031243291102,P1-fast-idle,511,714,0,1,2,0.0
1031243451739,P1-fast-idle,511,714,0,1,2,0.0
1031243612311,P1-fast-idle,511,714,0,1,2,0.0
1031243772954,P1-fast-idle,511,714,0,1,2,0.0
1031243934213,P1-fast-idle,511,714,0,1,2,0.0
1031244095669,P1-fast-idle,511,714,0,1,2,0.0
1031244257276,P1-fast-idle,511,714,0,1,2,0.0
1031244420620,P1-fast-idle,512,715,0,1,2,0.0
1031244582400,P1-fast-idle,512,715,0,1,2,0.0
1031244743364,P1-fast-idle,512,715,0,1,2,0.0
1031244903918,P1-fast-idle,512,715,0,1,2,0.0
1031245065389,P1-fast-idle,512,715,0,1,2,0.0
1031245227524,P1-fast-idle,512,715,0,1,2,0.0
1031245390766,P1-fast-idle,512,715,0,1,2,0.0
1031245552060,P1-fast-idle,513,716,0,1,2,0.0
1031245713219,P1-fast-idle,513,716,0,1,2,0.0
1031245874414,P1-fast-idle,513,716,0,1,2,0.0
1031246036537,P1-fast-idle,513,716,0,1,2,0.0
1031246196861,P1-fast-idle,513,716,0,1,2,0.0
1031246357613,P1-fast-idle,513,716,0,1,2,0.0
1031246519744,P1-fast-idle,514,718,0,1,2,0.0
1031246680584,P1-fast-idle,514,718,0,1,2,0.0
1031246841025,P1-fast-idle,514,718,0,1,2,0.0
1031247011668,P1-fast-idle,514,718,0,1,2,0.0
1031247172273,P1-fast-idle,514,718,0,1,2,0.0
1031247332695,P1-fast-idle,514,718,0,1,2,0.0
1031247493696,P1-fast-idle,514,718,0,1,2,0.0
1031247656622,P1-fast-idle,515,719,0,1,2,0.0
1031247818499,P1-fast-idle,515,719,0,1,2,0.0
1031247979372,P1-fast-idle,515,719,0,1,2,0.0
1031248140246,P1-fast-idle,515,719,0,1,2,0.0
1031248303486,P1-fast-idle,515,719,0,1,2,0.0
1031248466011,P1-fast-idle,515,719,0,1,2,0.0
1031248628445,P1-fast-idle,516,720,0,1,2,0.0
1031248789478,P1-fast-idle,516,720,0,1,2,0.0
1031248950298,P1-fast-idle,516,720,0,1,2,0.0
1031249111699,P1-fast-idle,516,720,0,1,2,0.0
1031249272897,P1-fast-idle,516,720,0,1,2,0.0
1031249433434,P1-fast-idle,516,720,0,1,2,0.0
1031249595087,P1-fast-idle,516,720,0,1,2,0.0
1031249758320,P1-fast-idle,517,721,0,1,2,0.0
1031249919423,P1-fast-idle,517,721,0,1,2,0.0
1031250081173,P1-fast-idle,517,721,0,1,2,0.0
1031250242456,P1-fast-idle,517,721,0,1,2,0.0
1031250403921,P1-fast-idle,517,721,0,1,2,0.0
1031250566871,P1-fast-idle,517,721,0,1,2,0.0
1031250727945,P1-fast-idle,517,721,0,1,2,0.0
1031250890715,P1-fast-idle,518,722,0,1,2,0.0
1031251051561,P1-fast-idle,518,722,0,1,2,0.0
1031251212688,P1-fast-idle,518,722,0,1,2,0.0
1031251374994,P1-fast-idle,518,722,0,1,2,0.0
1031251536906,P1-fast-idle,518,722,0,1,2,0.0
1031251686483,P1-fast-idle,518,722,0,1,2,0.0
1031251857895,P1-fast-idle,519,723,0,1,2,0.0
1031252021199,P1-fast-idle,519,723,0,1,2,0.0
1031252182786,P1-fast-idle,519,723,0,1,2,0.0
1031252344282,P1-fast-idle,519,723,0,1,2,0.0
1031252505883,P1-fast-idle,519,723,0,1,2,0.0
1031252667430,P1-fast-idle,519,723,0,1,2,0.0
1031252830516,P1-fast-idle,519,723,0,1,2,0.0
1031252992881,P1-fast-idle,520,724,0,1,2,0.0
1031253155233,P1-fast-idle,520,724,0,1,2,0.0
1031253316600,P1-fast-idle,520,724,0,1,2,0.0
1031253479062,P1-fast-idle,520,724,0,1,2,0.0
1031253640441,P1-fast-idle,520,724,0,1,2,0.0
1031253801738,P1-fast-idle,520,724,0,1,2,0.0
1031253964041,P1-fast-idle,521,725,0,1,2,0.0
1031254126074,P1-fast-idle,521,725,0,1,2,0.0
1031254287787,P1-fast-idle,521,725,0,1,2,0.0
1031254448791,P1-fast-idle,521,725,0,1,2,0.0
1031254610934,P1-fast-idle,521,725,0,1,2,0.0
1031254774070,P1-fast-idle,521,725,0,1,2,0.0
1031254934938,P1-fast-idle,521,725,0,1,2,0.0
1031255097620,P1-fast-idle,522,726,0,1,2,0.0
1031255258366,P1-fast-idle,522,726,0,1,2,0.0
1031255421220,P1-fast-idle,522,726,0,1,2,0.0
1031255582730,P1-fast-idle,522,726,0,1,2,0.0
1031255743880,P1-fast-idle,522,726,0,1,2,0.0
1031255904839,P1-fast-idle,522,726,0,1,2,0.0
1031256067423,P1-fast-idle,523,727,0,1,2,0.0
1031256229599,P1-fast-idle,523,727,0,1,2,0.0
1031256390216,P1-fast-idle,523,727,0,1,2,0.0
1031256551045,P1-fast-idle,523,727,0,1,2,0.0
1031256712408,P1-fast-idle,523,727,0,1,2,0.0
1031256873955,P1-fast-idle,523,727,0,1,2,0.0
1031257034929,P1-fast-idle,523,727,0,1,2,0.0
1031257196749,P1-fast-idle,524,728,0,1,2,0.0
1031257357547,P1-fast-idle,524,728,0,1,2,0.0
1031257519018,P1-fast-idle,524,728,0,1,2,0.0
1031257679620,P1-fast-idle,524,728,0,1,2,0.0
1031257843104,P1-fast-idle,524,728,0,1,2,0.0
1031258004780,P1-fast-idle,524,728,0,1,2,0.0
1031258167516,P1-fast-idle,525,729,0,1,2,0.0
1031258328676,P1-fast-idle,525,729,0,1,2,0.0
1031258490473,P1-fast-idle,525,729,0,1,2,0.0
1031258652904,P1-fast-idle,525,729,0,1,2,0.0
1031258813406,P1-fast-idle,525,729,0,1,2,0.0
1031258974444,P1-fast-idle,525,729,0,1,2,0.0
1031259135930,P1-fast-idle,525,729,0,1,2,0.0
1031259298012,P1-fast-idle,526,730,0,1,2,0.0
1031259460180,P1-fast-idle,526,730,0,1,2,0.0
1031259622110,P1-fast-idle,526,730,0,1,2,0.0
1031259784021,P1-fast-idle,526,730,0,1,2,0.0
1031259945340,P1-fast-idle,526,730,0,1,2,0.0
1031260107068,P1-fast-idle,526,730,0,1,2,0.0
1031260269373,P1-fast-idle,526,730,0,1,2,0.0
1031260442697,P1-fast-idle,527,731,0,1,2,0.0
1031260603969,P1-fast-idle,527,731,0,1,2,0.0
1031260764997,P1-fast-idle,527,731,0,1,2,0.0
1031260925455,P1-fast-idle,527,731,0,1,2,0.0
1031261088029,P1-fast-idle,527,731,0,1,2,0.0
1031261247833,P1-fast-idle,527,731,0,1,2,0.0
1031261411585,P1-fast-idle,528,732,0,1,2,0.0
1031261573123,P1-fast-idle,528,732,0,1,2,0.0
1031261741330,P1-fast-idle,528,732,0,1,2,0.0
1031261903421,P1-fast-idle,528,732,0,1,2,0.0
1031262065859,P1-fast-idle,528,732,0,1,2,0.0
1031262228357,P1-fast-idle,528,732,0,1,2,0.0
1031262390425,P1-fast-idle,528,732,0,1,2,0.0
1031262552725,P1-fast-idle,529,733,0,1,2,0.0
1031262714747,P1-fast-idle,529,733,0,1,2,0.0
1031262876792,P1-fast-idle,529,733,0,1,2,0.0
1031263038232,P1-fast-idle,529,733,0,1,2,0.0
1031263201242,P1-fast-idle,529,733,0,1,2,0.0
1031263363107,P1-fast-idle,529,733,0,1,2,0.0
1031263525747,P1-fast-idle,530,735,0,1,2,0.0
1031263687465,P1-fast-idle,530,735,0,1,2,0.0
1031263851134,P1-fast-idle,530,735,0,1,2,0.0
1031264013263,P1-fast-idle,530,735,0,1,2,0.0
1031264177342,P1-fast-idle,530,735,0,1,2,0.0
1031264338488,P1-fast-idle,530,735,0,1,2,0.0
1031264500954,P1-fast-idle,530,735,0,1,2,0.0
1031264664074,P1-fast-idle,531,736,0,1,2,0.0
1031264827139,P1-fast-idle,531,736,0,1,2,0.0
1031264988989,P1-fast-idle,531,736,0,1,2,0.0
1031265152345,P1-fast-idle,531,736,0,1,2,0.0
1031265314169,P1-fast-idle,531,736,0,1,2,0.0
1031265476230,P1-fast-idle,531,736,0,1,2,0.0
1031265639705,P1-fast-idle,532,737,0,1,2,0.0
1031265801748,P1-fast-idle,532,737,0,1,2,0.0
1031265964241,P1-fast-idle,532,737,0,1,2,0.0
1031266127400,P1-fast-idle,532,737,0,1,2,0.0
1031266289631,P1-fast-idle,532,737,0,1,2,0.0
1031266451745,P1-fast-idle,532,737,0,1,2,0.0
1031266614919,P1-fast-idle,532,737,0,1,2,0.0
1031266778507,P1-fast-idle,533,738,0,1,2,0.0
1031266941020,P1-fast-idle,533,738,0,1,2,0.0
1031267103744,P1-fast-idle,533,738,0,1,2,0.0
1031267265962,P1-fast-idle,533,738,0,1,2,0.0
1031267457905,P1-fast-idle,533,738,0,1,2,0.0
1031267617862,P1-fast-idle,533,738,0,1,2,0.0
1031267778970,P1-fast-idle,534,739,0,1,2,0.0
1031267939664,P1-fast-idle,534,739,0,1,2,0.0
1031268099567,P1-fast-idle,534,739,0,1,2,0.0
1031268259758,P1-fast-idle,534,739,0,1,2,0.0
1031268421487,P1-fast-idle,534,739,0,1,2,0.0
1031268582053,P1-fast-idle,534,739,0,1,2,0.0
1031268741769,P1-fast-idle,534,739,0,1,2,0.0
1031268902662,P1-fast-idle,535,740,0,1,2,0.0
1031269063682,P1-fast-idle,535,740,0,1,2,0.0
1031269223664,P1-fast-idle,535,740,0,1,2,0.0
1031269383723,P1-fast-idle,535,740,0,1,2,0.0
1031269544305,P1-fast-idle,535,740,0,1,2,0.0
1031269705052,P1-fast-idle,535,740,0,1,2,0.0
1031269866642,P1-fast-idle,536,741,0,1,2,0.0
1031270011209,P1-fast-idle,536,741,0,1,2,0.0
1031270172198,P1-fast-idle,536,741,0,1,2,0.0
1031270332334,P1-fast-idle,536,741,0,1,2,0.0
1031270496611,P1-fast-idle,536,741,0,1,2,0.0
1031270657029,P1-fast-idle,536,741,0,1,2,0.0
1031270816859,P1-fast-idle,536,741,0,1,2,0.0
1031270977600,P1-fast-idle,537,742,0,1,2,0.0
1031271137732,P1-fast-idle,537,742,0,1,2,0.0
1031271298075,P1-fast-idle,537,742,0,1,2,0.0
1031271458070,P1-fast-idle,537,742,0,1,2,0.0
1031271619194,P1-fast-idle,537,742,0,1,2,0.0
1031271780035,P1-fast-idle,537,742,0,1,2,0.0
1031271941726,P1-fast-idle,538,743,0,1,2,0.0
1031272101289,P1-fast-idle,538,743,0,1,2,0.0
1031272260701,P1-fast-idle,538,743,0,1,2,0.0
1031272422938,P1-fast-idle,538,743,0,1,2,0.0
1031272585995,P1-fast-idle,538,743,0,1,2,0.0
1031272746622,P1-fast-idle,538,743,0,1,2,0.0
1031272906869,P1-fast-idle,538,743,0,1,2,0.0
1031273069562,P1-fast-idle,539,744,0,1,2,0.0
1031273231572,P1-fast-idle,539,744,0,1,2,0.0
1031273393545,P1-fast-idle,539,744,0,1,2,0.0
1031273557423,P1-fast-idle,539,744,0,1,2,0.0
1031273721063,P1-fast-idle,539,744,0,1,2,0.0
1031273882673,P1-fast-idle,539,744,0,1,2,0.0
1031274045325,P1-fast-idle,539,744,0,1,2,0.0
1031274209554,P1-fast-idle,540,745,0,1,2,0.0
1031274371759,P1-fast-idle,540,745,0,1,2,0.0
1031274532518,P1-fast-idle,540,745,0,1,2,0.0
1031274695976,P1-fast-idle,540,745,0,1,2,0.0
1031274858031,P1-fast-idle,540,745,0,1,2,0.0
1031275020632,P1-fast-idle,540,745,0,1,2,0.0
1031275184016,P1-fast-idle,541,746,0,1,2,0.0
1031275346044,P1-fast-idle,541,746,0,1,2,0.0
1031275507789,P1-fast-idle,541,746,0,1,2,0.0
1031275669119,P1-fast-idle,541,746,0,1,2,0.0
1031275830853,P1-fast-idle,541,746,0,1,2,0.0
1031275992947,P1-fast-idle,541,746,0,1,2,0.0
1031276155036,P1-fast-idle,541,746,0,1,2,0.0
1031276316863,P1-fast-idle,542,747,0,1,2,0.0
1031276479030,P1-fast-idle,542,747,0,1,2,0.0
1031276640750,P1-fast-idle,542,747,0,1,2,0.0
1031276804641,P1-fast-idle,542,747,0,1,2,0.0
1031276967287,P1-fast-idle,542,747,0,1,2,0.0
1031277128787,P1-fast-idle,542,747,0,1,2,0.0
1031277292310,P1-fast-idle,543,748,0,1,2,0.0
1031277455026,P1-fast-idle,543,748,0,1,2,0.0
1031277616485,P1-fast-idle,543,748,0,1,2,0.0
1031277778083,P1-fast-idle,543,748,0,1,2,0.0
1031277940008,P1-fast-idle,543,748,0,1,2,0.0
1031278102434,P1-fast-idle,543,748,0,1,2,0.0
1031278263941,P1-fast-idle,543,748,0,1,2,0.0
1031278436735,P1-fast-idle,544,749,0,1,2,0.0
1031278599765,P1-fast-idle,544,749,0,1,2,0.0
1031278761327,P1-fast-idle,544,749,0,1,2,0.0
1031278923274,P1-fast-idle,544,749,0,1,2,0.0
1031279086501,P1-fast-idle,544,749,0,1,2,0.0
1031279249619,P1-fast-idle,544,749,0,1,2,0.0
1031279416541,P1-fast-idle,545,750,0,1,2,0.0
1031279579557,P1-fast-idle,545,750,0,1,2,0.0
1031279741425,P1-fast-idle,545,750,0,1,2,0.0
1031279903465,P1-fast-idle,545,750,0,1,2,0.0
1031280067768,P1-fast-idle,545,750,0,1,2,0.0
1031280232383,P1-fast-idle,545,750,0,1,2,0.0
1031280393592,P1-fast-idle,545,750,0,1,2,0.0
1031280557677,P1-fast-idle,546,752,0,1,2,0.0
1031280719604,P1-fast-idle,546,752,0,1,2,0.0
1031280882141,P1-fast-idle,546,752,0,1,2,0.0
1031281044930,P1-fast-idle,546,752,0,1,2,0.0
1031281206183,P1-fast-idle,546,752,0,1,2,0.0
1031281368127,P1-fast-idle,546,752,0,1,2,0.0
1031281531662,P1-fast-idle,547,753,0,1,2,0.0
1031281694765,P1-fast-idle,547,753,0,1,2,0.0
1031281857367,P1-fast-idle,547,753,0,1,2,0.0
1031282020114,P1-fast-idle,547,753,0,1,2,0.0
1031282182441,P1-fast-idle,547,753,0,1,2,0.0
1031282344004,P1-fast-idle,547,753,0,1,2,0.0
1031282507224,P1-fast-idle,547,753,0,1,2,0.0
1031282670757,P1-fast-idle,548,754,0,1,2,0.0
1031282831940,P1-fast-idle,548,754,0,1,2,0.0
1031282993492,P1-fast-idle,548,754,0,1,2,0.0
1031283157227,P1-fast-idle,548,754,0,1,2,0.0
1031283320110,P1-fast-idle,548,754,0,1,2,0.0
1031283482173,P1-fast-idle,548,754,0,1,2,0.0
1031283644014,P1-fast-idle,549,755,0,1,2,0.0
1031283806944,P1-fast-idle,549,755,0,1,2,0.0
1031283970796,P1-fast-idle,549,755,0,1,2,0.0
1031284132851,P1-fast-idle,549,755,0,1,2,0.0
1031284295102,P1-fast-idle,549,755,0,1,2,0.0
1031284459021,P1-fast-idle,549,755,0,1,2,0.0
1031284620033,P1-fast-idle,549,755,0,1,2,0.0
1031284782392,P1-fast-idle,550,756,0,1,2,0.0
1031284943463,P1-fast-idle,550,756,0,1,2,0.0
1031285105210,P1-fast-idle,550,756,0,1,2,0.0
1031285267500,P1-fast-idle,550,756,0,1,2,0.0
1031285438273,P1-fast-idle,550,756,0,1,2,0.0
1031285599187,P1-fast-idle,550,756,0,1,2,0.0
1031285761568,P1-fast-idle,551,757,0,1,2,0.0
1031285923665,P1-fast-idle,551,757,0,1,2,0.0
1031286085281,P1-fast-idle,551,757,0,1,2,0.0
1031286247056,P1-fast-idle,551,757,0,1,2,0.0
1031286414510,P1-fast-idle,551,757,0,1,2,0.0
1031286576978,P1-fast-idle,551,757,0,1,2,0.0
1031286746498,P1-fast-idle,551,757,0,1,2,0.0
1031286909079,P1-fast-idle,552,758,0,1,2,0.0
1031287071348,P1-fast-idle,552,758,0,1,2,0.0
1031287232388,P1-fast-idle,552,758,0,1,2,0.0
1031287394008,P1-fast-idle,552,758,0,1,2,0.0
1031287566943,P1-fast-idle,552,758,0,1,2,0.0
1031287728175,P1-fast-idle,552,758,0,1,2,0.0
1031287891382,P1-fast-idle,553,759,0,1,2,0.0
1031288053730,P1-fast-idle,553,759,0,1,2,0.0
1031288215380,P1-fast-idle,553,759,0,1,2,0.0
1031288377633,P1-fast-idle,553,759,0,1,2,0.0
1031288539347,P1-fast-idle,553,759,0,1,2,0.0
1031288701340,P1-fast-idle,553,759,0,1,2,0.0
1031288862543,P1-fast-idle,553,759,0,1,2,0.0
1031289025817,P1-fast-idle,554,760,0,1,2,0.0
1031289187353,P1-fast-idle,554,760,0,1,2,0.0
1031289348407,P1-fast-idle,554,760,0,1,2,0.0
1031289511466,P1-fast-idle,554,760,0,1,2,0.0
1031289674133,P1-fast-idle,554,760,0,1,2,0.0
1031289835922,P1-fast-idle,554,760,0,1,2,0.0
1031289998592,P1-fast-idle,555,761,0,1,2,0.0
1031290171920,P1-fast-idle,555,761,0,1,2,0.0
1031290333360,P1-fast-idle,555,761,0,1,2,0.0
1031290494827,P1-fast-idle,555,761,0,1,2,0.0
1031290656887,P1-fast-idle,555,761,0,1,2,0.0
1031290818170,P1-fast-idle,555,761,0,1,2,0.0
1031290979531,P1-fast-idle,555,761,0,1,2,0.0
1031291142915,P1-fast-idle,556,762,0,1,2,0.0
1031291304603,P1-fast-idle,556,762,0,1,2,0.0
1031291465758,P1-fast-idle,556,762,0,1,2,0.0
1031291628345,P1-fast-idle,556,762,0,1,2,0.0
1031291789744,P1-fast-idle,556,762,0,1,2,0.0
1031291951013,P1-fast-idle,556,762,0,1,2,0.0
1031292113697,P1-fast-idle,557,763,0,1,2,0.0
1031292275788,P1-fast-idle,557,763,0,1,2,0.0
1031292444221,P1-fast-idle,557,763,0,1,2,0.0
1031292605903,P1-fast-idle,557,763,0,1,2,0.0
1031292768973,P1-fast-idle,557,763,0,1,2,0.0
1031292930355,P1-fast-idle,557,763,0,1,2,0.0
1031293091701,P1-fast-idle,557,763,0,1,2,0.0
1031293254321,P1-fast-idle,558,764,0,1,2,0.0
1031293417652,P1-fast-idle,558,764,0,1,2,0.0
1031293579837,P1-fast-idle,558,764,0,1,2,0.0
1031293740663,P1-fast-idle,558,764,0,1,2,0.0
1031293902060,P1-fast-idle,558,764,0,1,2,0.0
1031294064279,P1-fast-idle,558,764,0,1,2,0.0
1031294228843,P1-fast-idle,559,765,0,1,2,0.0
1031294390734,P1-fast-idle,559,765,0,1,2,0.0
1031294552189,P1-fast-idle,559,765,0,1,2,0.0
1031294713198,P1-fast-idle,559,765,0,1,2,0.0
1031294880253,P1-fast-idle,559,765,0,1,2,0.0
1031295041994,P1-fast-idle,559,765,0,1,2,0.0
1031295203124,P1-fast-idle,559,765,0,1,2,0.0
1031295367270,P1-fast-idle,560,766,0,1,2,0.0
1031295529734,P1-fast-idle,560,766,0,1,2,0.0
1031295691960,P1-fast-idle,560,766,0,1,2,0.0
1031295854571,P1-fast-idle,560,766,0,1,2,0.0
1031296016388,P1-fast-idle,560,766,0,1,2,0.0
1031296177780,P1-fast-idle,560,766,0,1,2,0.0
1031296340725,P1-fast-idle,561,767,0,1,2,0.0
1031296502558,P1-fast-idle,561,767,0,1,2,0.0
1031296664248,P1-fast-idle,561,767,0,1,2,0.0
1031296825428,P1-fast-idle,561,767,0,1,2,0.0
1031296987529,P1-fast-idle,561,767,0,1,2,0.0
1031297149992,P1-fast-idle,561,767,0,1,2,0.0
1031297312407,P1-fast-idle,561,767,0,1,2,0.0
1031297474652,P1-fast-idle,562,768,0,1,2,0.0
1031297637141,P1-fast-idle,562,768,0,1,2,0.0
1031297799088,P1-fast-idle,562,768,0,1,2,0.0
1031297960548,P1-fast-idle,562,768,0,1,2,0.0
1031298122517,P1-fast-idle,562,768,0,1,2,0.0
1031298285017,P1-fast-idle,562,768,0,1,2,0.0
1031298451035,P1-fast-idle,562,768,0,1,2,0.0
1031298613031,P1-fast-idle,563,770,0,1,2,0.0
1031298774155,P1-fast-idle,563,770,0,1,2,0.0
1031298935185,P1-fast-idle,563,770,0,1,2,0.0
1031299098808,P1-fast-idle,563,770,0,1,2,0.0
1031299259962,P1-fast-idle,563,770,0,1,2,0.0
1031299437816,P1-fast-idle,563,770,0,1,2,0.0
1031299600968,P1-fast-idle,564,771,0,1,2,0.0
1031299762754,P1-fast-idle,564,771,0,1,2,0.0
1031299923976,P1-fast-idle,564,771,0,1,2,0.0
1031300087487,P1-fast-idle,564,771,0,1,2,0.0
1031300248750,P1-fast-idle,564,771,0,1,2,0.0
1031300414331,P1-fast-idle,564,771,0,1,2,0.0
1031300578133,P1-fast-idle,565,772,0,1,2,0.0
1031300739409,P1-fast-idle,565,772,0,1,2,0.0
1031300900494,P1-fast-idle,565,772,0,1,2,0.0
1031301062553,P1-fast-idle,565,772,0,1,2,0.0
1031301223899,P1-fast-idle,565,772,0,1,2,0.0
1031301385383,P1-fast-idle,565,772,0,1,2,0.0
1031301546795,P1-fast-idle,565,772,0,1,2,0.0
1031301709573,P1-fast-idle,566,773,0,1,2,0.0
1031301871569,P1-fast-idle,566,773,0,1,2,0.0
1031302033342,P1-fast-idle,566,773,0,1,2,0.0
1031302196194,P1-fast-idle,566,773,0,1,2,0.0
1031302357802,P1-fast-idle,566,773,0,1,2,0.0
1031302520194,P1-fast-idle,566,773,0,1,2,0.0
1031302682442,P1-fast-idle,566,773,0,1,2,0.0
1031302844880,P1-fast-idle,567,774,0,1,2,0.0
1031303007144,P1-fast-idle,567,774,0,1,2,0.0
1031303168642,P1-fast-idle,567,774,0,1,2,0.0
1031303330053,P1-fast-idle,567,774,0,1,2,0.0
1031303492151,P1-fast-idle,567,774,0,1,2,0.0
1031303654577,P1-fast-idle,567,774,0,1,2,0.0
1031303818217,P1-fast-idle,568,775,0,1,2,0.0
1031303979866,P1-fast-idle,568,775,0,1,2,0.0
1031304142028,P1-fast-idle,568,775,0,1,2,0.0
1031304303540,P1-fast-idle,568,775,0,1,2,0.0
1031304465217,P1-fast-idle,568,775,0,1,2,0.0
1031304628460,P1-fast-idle,568,775,0,1,2,0.0
1031304791906,P1-fast-idle,568,775,0,1,2,0.0
1031304954139,P1-fast-idle,569,776,0,1,2,0.0
1031305117141,P1-fast-idle,569,776,0,1,2,0.0
1031305280775,P1-fast-idle,569,776,0,1,2,0.0
1031305443672,P1-fast-idle,569,776,0,1,2,0.0
1031305604793,P1-fast-idle,569,776,0,1,2,0.0
1031305767096,P1-fast-idle,569,776,0,1,2,0.0
1031305930608,P1-fast-idle,570,777,0,1,2,0.0
1031306092499,P1-fast-idle,570,777,0,1,2,0.0
1031306253837,P1-fast-idle,570,777,0,1,2,0.0
1031306417587,P1-fast-idle,570,777,0,1,2,0.0
1031306580435,P1-fast-idle,570,777,0,1,2,0.0
1031306742728,P1-fast-idle,570,777,0,1,2,0.0
1031306904030,P1-fast-idle,570,777,0,1,2,0.0
1031307067867,P1-fast-idle,571,778,0,1,2,0.0
1031307229452,P1-fast-idle,571,778,0,1,2,0.0
1031307390986,P1-fast-idle,571,778,0,1,2,0.0
1031307552391,P1-fast-idle,571,778,0,1,2,0.0
1031307713750,P1-fast-idle,571,778,0,1,2,0.0
1031307875652,P1-fast-idle,571,778,0,1,2,0.0
1031308039341,P1-fast-idle,572,779,0,1,2,0.0
1031308200859,P1-fast-idle,572,779,0,1,2,0.0
1031308362532,P1-fast-idle,572,779,0,1,2,0.0
1031308526121,P1-fast-idle,572,779,0,1,2,0.0
1031308688178,P1-fast-idle,572,779,0,1,2,0.0
1031308849319,P1-fast-idle,572,779,0,1,2,0.0
1031309010965,P1-fast-idle,572,779,0,1,2,0.0
1031309173639,P1-fast-idle,573,780,0,1,2,0.0
1031309335365,P1-fast-idle,573,780,0,1,2,0.0
1031309497064,P1-fast-idle,573,780,0,1,2,0.0
1031309659344,P1-fast-idle,573,780,0,1,2,0.0
1031309820964,P1-fast-idle,573,780,0,1,2,0.0
1031309982498,P1-fast-idle,573,780,0,1,2,0.0
1031310145111,P1-fast-idle,574,781,0,1,2,0.0
1031310306430,P1-fast-idle,574,781,0,1,2,0.0
1031310469423,P1-fast-idle,574,781,0,1,2,0.0
1031310631237,P1-fast-idle,574,781,0,1,2,0.0
1031310793485,P1-fast-idle,574,781,0,1,2,0.0
1031310955349,P1-fast-idle,574,781,0,1,2,0.0
1031311117188,P1-fast-idle,574,781,0,1,2,0.0
1031311280216,P1-fast-idle,575,782,0,1,2,0.0
1031311442982,P1-fast-idle,575,782,0,1,2,0.0
1031311604592,P1-fast-idle,575,782,0,1,2,0.0
1031311767630,P1-fast-idle,575,782,0,1,2,0.0
1031311928924,P1-fast-idle,575,782,0,1,2,0.0
1031312092740,P1-fast-idle,575,782,0,1,2,0.0
1031312256024,P1-fast-idle,576,783,0,1,2,0.0
1031312420030,P1-fast-idle,576,783,0,1,2,0.0
1031312582673,P1-fast-idle,576,783,0,1,2,0.0
1031312743751,P1-fast-idle,576,783,0,1,2,0.0
1031312905319,P1-fast-idle,576,783,0,1,2,0.0
1031313067244,P1-fast-idle,576,783,0,1,2,0.0
1031313228814,P1-fast-idle,576,783,0,1,2,0.0
1031313391861,P1-fast-idle,577,784,0,1,2,0.0
1031313554225,P1-fast-idle,577,784,0,1,2,0.0
1031313715813,P1-fast-idle,577,784,0,1,2,0.0
1031313877214,P1-fast-idle,577,784,0,1,2,0.0
1031314039689,P1-fast-idle,577,784,0,1,2,0.0
1031314202102,P1-fast-idle,577,784,0,1,2,0.0
1031314365045,P1-fast-idle,578,785,0,1,2,0.0
1031314526781,P1-fast-idle,578,785,0,1,2,0.0
1031314688127,P1-fast-idle,578,785,0,1,2,0.0
1031314851160,P1-fast-idle,578,785,0,1,2,0.0
1031315014690,P1-fast-idle,578,785,0,1,2,0.0
1031315176104,P1-fast-idle,578,785,0,1,2,0.0
1031315337656,P1-fast-idle,578,785,0,1,2,0.0
1031315500085,P1-fast-idle,579,786,0,1,2,0.0
1031315663516,P1-fast-idle,579,786,0,1,2,0.0
1031315825170,P1-fast-idle,579,786,0,1,2,0.0
1031315986635,P1-fast-idle,579,786,0,1,2,0.0
1031316148601,P1-fast-idle,579,786,0,1,2,0.0
1031316311339,P1-fast-idle,579,786,0,1,2,0.0
1031316474533,P1-fast-idle,580,788,0,1,2,0.0
1031316636817,P1-fast-idle,580,788,0,1,2,0.0
1031316798571,P1-fast-idle,580,788,0,1,2,0.0
1031316960125,P1-fast-idle,580,788,0,1,2,0.0
1031317121904,P1-fast-idle,580,788,0,1,2,0.0
1031317282052,P1-fast-idle,580,788,0,1,2,0.0
1031317442070,P1-fast-idle,580,788,0,1,2,0.0
1031317602493,P1-fast-idle,581,789,0,1,2,0.0
1031317762253,P1-fast-idle,581,789,0,1,2,0.0
1031317921810,P1-fast-idle,581,789,0,1,2,0.0
1031318085963,P1-fast-idle,581,789,0,1,2,0.0
1031318247031,P1-fast-idle,581,789,0,1,2,0.0
1031318412682,P1-fast-idle,581,789,0,1,2,0.0
1031318575214,P1-fast-idle,581,789,0,1,2,0.0
1031318737339,P1-fast-idle,582,790,0,1,2,0.0
1031318899519,P1-fast-idle,582,790,0,1,2,0.0
1031319062111,P1-fast-idle,582,790,0,1,2,0.0
1031319224837,P1-fast-idle,582,790,0,1,2,0.0
1031319388260,P1-fast-idle,582,790,0,1,2,0.0
1031319550167,P1-fast-idle,582,790,0,1,2,0.0
1031319712804,P1-fast-idle,583,791,0,1,2,0.0
1031319874124,P1-fast-idle,583,791,0,1,2,0.0
1031320035724,P1-fast-idle,583,791,0,1,2,0.0
1031320197621,P1-fast-idle,583,791,0,1,2,0.0
1031320359638,P1-fast-idle,583,791,0,1,2,0.0
1031320522030,P1-fast-idle,583,791,0,1,2,0.0
1031320685716,P1-fast-idle,583,791,0,1,2,0.0
1031320848768,P1-fast-idle,584,792,0,1,2,0.0
1031321011972,P1-fast-idle,584,792,0,1,2,0.0
1031321177030,P1-fast-idle,584,792,0,1,2,0.0
1031321339071,P1-fast-idle,584,792,0,1,2,0.0
1031321500827,P1-fast-idle,584,792,0,1,2,0.0
1031321662068,P1-fast-idle,584,792,0,1,2,0.0
1031321825545,P1-fast-idle,585,793,0,1,2,0.0
1031321986843,P1-fast-idle,585,793,0,1,2,0.0
1031322148969,P1-fast-idle,585,793,0,1,2,0.0
1031322310866,P1-fast-idle,585,793,0,1,2,0.0
1031322472196,P1-fast-idle,585,793,0,1,2,0.0
1031322633921,P1-fast-idle,585,793,0,1,2,0.0
1031322795084,P1-fast-idle,585,793,0,1,2,0.0
1031322957654,P1-fast-idle,586,794,0,1,2,0.0
1031323119454,P1-fast-idle,586,794,0,1,2,0.0
1031323281519,P1-fast-idle,586,794,0,1,2,0.0
1031323442932,P1-fast-idle,586,794,0,1,2,0.0
1031323605949,P1-fast-idle,586,794,0,1,2,0.0
1031323767745,P1-fast-idle,586,794,0,1,2,0.0
1031323931449,P1-fast-idle,587,795,0,1,2,0.0
1031324094171,P1-fast-idle,587,795,0,1,2,0.0
1031324257121,P1-fast-idle,587,795,0,1,2,0.0
1031324422492,P1-fast-idle,587,795,0,1,2,0.0
1031324585286,P1-fast-idle,587,795,0,1,2,0.0
1031324747322,P1-fast-idle,587,795,0,1,2,0.0
1031324909018,P1-fast-idle,587,795,0,1,2,0.0
1031325072575,P1-fast-idle,588,796,0,1,2,0.0
1031325232357,P1-fast-idle,588,796,0,1,2,0.0
1031325393941,P1-fast-idle,588,796,0,1,2,0.0
1031325553713,P1-fast-idle,588,796,0,1,2,0.0
1031325713408,P1-fast-idle,588,796,0,1,2,0.0
1031325874342,P1-fast-idle,588,796,0,1,2,0.0
1031326159557,P1-fast-idle,589,797,0,1,2,0.0
1031326321513,P1-fast-idle,589,797,0,1,2,0.0
1031326483142,P1-fast-idle,589,797,0,1,2,0.0
1031326643556,P1-fast-idle,589,797,0,1,2,0.0
1031326805289,P1-fast-idle,589,797,0,1,2,0.0
1031326966638,P1-fast-idle,589,797,0,1,2,0.0
1031327128765,P1-fast-idle,590,798,0,1,2,0.0
1031327290656,P1-fast-idle,590,798,0,1,2,0.0
1031327451092,P1-fast-idle,590,798,0,1,2,0.0
1031327613747,P1-fast-idle,590,798,0,1,2,0.0
1031327774458,P1-fast-idle,590,798,0,1,2,0.0
1031327934949,P1-fast-idle,590,798,0,1,2,0.0
1031328097321,P1-fast-idle,590,798,0,1,2,0.0
1031328259126,P1-fast-idle,591,799,0,1,2,0.0
1031328422318,P1-fast-idle,591,799,0,1,2,0.0
1031328588347,P1-fast-idle,591,799,0,1,2,0.0
1031328749670,P1-fast-idle,591,799,0,1,2,0.0
1031328911206,P1-fast-idle,591,799,0,1,2,0.0
1031329072200,P1-fast-idle,591,799,0,1,2,0.0
1031329234083,P1-fast-idle,592,800,0,1,2,0.0
1031329395832,P1-fast-idle,592,800,0,1,2,0.0
1031329557535,P1-fast-idle,592,800,0,1,2,0.0
1031329718250,P1-fast-idle,592,800,0,1,2,0.0
1031329880410,P1-fast-idle,592,800,0,1,2,0.0
1031330043076,P1-fast-idle,592,800,0,1,2,0.0
1031330205399,P1-fast-idle,592,800,0,1,2,0.0
1031330368738,P1-fast-idle,593,801,0,1,2,0.0
1031330530133,P1-fast-idle,593,801,0,1,2,0.0
1031330691528,P1-fast-idle,593,801,0,1,2,0.0
1031330853980,P1-fast-idle,593,801,0,1,2,0.0
1031331016288,P1-fast-idle,593,801,0,1,2,0.0
1031331179371,P1-fast-idle,593,801,0,1,2,0.0
1031331341947,P1-fast-idle,594,802,0,1,2,0.0
1031331503569,P1-fast-idle,594,802,0,1,2,0.0
1031331664272,P1-fast-idle,594,802,0,1,2,0.0
1031331826160,P1-fast-idle,594,802,0,1,2,0.0
1031331987691,P1-fast-idle,594,802,0,1,2,0.0
1031332149459,P1-fast-idle,594,802,0,1,2,0.0
1031332310604,P1-fast-idle,594,802,0,1,2,0.0
1031332472970,P1-fast-idle,595,803,0,1,2,0.0
1031332634304,P1-fast-idle,595,803,0,1,2,0.0
1031332795043,P1-fast-idle,595,803,0,1,2,0.0
1031332956158,P1-fast-idle,595,803,0,1,2,0.0
1031333117812,P1-fast-idle,595,803,0,1,2,0.0
1031333279844,P1-fast-idle,595,803,0,1,2,0.0
1031333441396,P1-fast-idle,596,804,0,1,2,0.0
1031333602439,P1-fast-idle,596,804,0,1,2,0.0
1031333763367,P1-fast-idle,596,804,0,1,2,0.0
1031333927550,P1-fast-idle,596,804,0,1,2,0.0
1031334089370,P1-fast-idle,596,804,0,1,2,0.0
1031334250460,P1-fast-idle,596,804,0,1,2,0.0
1031334414664,P1-fast-idle,596,804,0,1,2,0.0
1031334577272,P1-fast-idle,597,806,0,1,2,0.0
1031334738390,P1-fast-idle,597,806,0,1,2,0.0
1031334899442,P1-fast-idle,597,806,0,1,2,0.0
1031335061640,P1-fast-idle,597,806,0,1,2,0.0
1031335222645,P1-fast-idle,597,806,0,1,2,0.0
1031335383576,P1-fast-idle,597,806,0,1,2,0.0
1031335546200,P1-fast-idle,598,807,0,1,2,0.0
1031335708938,P1-fast-idle,598,807,0,1,2,0.0
1031335870586,P1-fast-idle,598,807,0,1,2,0.0
1031336033804,P1-fast-idle,598,807,0,1,2,0.0
1031336195363,P1-fast-idle,598,807,0,1,2,0.0
1031336363650,P1-fast-idle,598,807,0,1,2,0.0
1031336526155,P1-fast-idle,598,807,0,1,2,0.0
1031336688810,P1-fast-idle,599,808,0,1,2,0.0
1031336850235,P1-fast-idle,599,808,0,1,2,0.0
1031337011830,P1-fast-idle,599,808,0,1,2,0.0
1031337175998,P1-fast-idle,599,808,0,1,2,0.0
1031337338262,P1-fast-idle,599,808,0,1,2,0.0
1031337499587,P1-fast-idle,599,808,0,1,2,0.0
1031337661357,P1-fast-idle,600,809,0,1,2,0.0
1031337821979,P1-fast-idle,600,809,0,1,2,0.0
1031337982495,P1-fast-idle,600,809,0,1,2,0.0
1031338145227,P1-fast-idle,600,809,0,1,2,0.0
1031338306421,P1-fast-idle,600,809,0,1,2,0.0
1031338466662,P1-fast-idle,600,809,0,1,2,0.0
1031338627360,P1-fast-idle,600,809,0,1,2,0.0
1031338789111,P1-fast-idle,601,810,0,1,2,0.0
1031338949738,P1-fast-idle,601,810,0,1,2,0.0
1031339111219,P1-fast-idle,601,810,0,1,2,0.0
1031339272425,P1-fast-idle,601,810,0,1,2,0.0
1031339439195,P1-fast-idle,601,810,0,1,2,0.0
1031339600269,P1-fast-idle,601,810,0,1,2,0.0
1031339774075,P1-fast-idle,602,811,0,1,2,0.0
1031339934874,P1-fast-idle,602,811,0,1,2,0.0
1031340095974,P1-fast-idle,602,811,0,1,2,0.0
1031340258650,P1-fast-idle,602,811,0,1,2,0.0
1031340422606,P1-fast-idle,602,811,0,1,2,0.0
1031340589581,P1-fast-idle,602,811,0,1,2,0.0
1031340750883,P1-fast-idle,602,811,0,1,2,0.0
1031340913110,P1-fast-idle,603,812,0,1,2,0.0
1031341074933,P1-fast-idle,603,812,0,1,2,0.0
1031341236097,P1-fast-idle,603,812,0,1,2,0.0
1031341396652,P1-fast-idle,603,812,0,1,2,0.0
1031341559522,P1-fast-idle,603,812,0,1,2,0.0
1031341719858,P1-fast-idle,603,812,0,1,2,0.0
1031341882182,P1-fast-idle,604,813,0,1,2,0.0
1031342044122,P1-fast-idle,604,813,0,1,2,0.0
1031342204736,P1-fast-idle,604,813,0,1,2,0.0
1031342365406,P1-fast-idle,604,813,0,1,2,0.0
1031342526348,P1-fast-idle,604,813,0,1,2,0.0
1031342687801,P1-fast-idle,604,813,0,1,2,0.0
1031342849300,P1-fast-idle,604,813,0,1,2,0.0
1031343011664,P1-fast-idle,605,814,0,1,2,0.0
1031343172926,P1-fast-idle,605,814,0,1,2,0.0
1031343333582,P1-fast-idle,605,814,0,1,2,0.0
1031343495983,P1-fast-idle,605,814,0,1,2,0.0
1031343657342,P1-fast-idle,605,814,0,1,2,0.0
1031343818928,P1-fast-idle,605,814,0,1,2,0.0
1031343980305,P1-fast-idle,605,814,0,1,2,0.0
1031344143130,P1-fast-idle,606,815,0,1,2,0.0
1031344304049,P1-fast-idle,606,815,0,1,2,0.0
1031344464683,P1-fast-idle,606,815,0,1,2,0.0
1031344626375,P1-fast-idle,606,815,0,1,2,0.0
1031344787244,P1-fast-idle,606,815,0,1,2,0.0
1031344948840,P1-fast-idle,606,815,0,1,2,0.0
1031345111966,P1-fast-idle,607,816,0,1,2,0.0
1031345275065,P1-fast-idle,607,816,0,1,2,0.0
1031345441651,P1-fast-idle,607,816,0,1,2,0.0
1031345602827,P1-fast-idle,607,816,0,1,2,0.0
1031345763368,P1-fast-idle,607,816,0,1,2,0.0
1031345923834,P1-fast-idle,607,816,0,1,2,0.0
1031346089158,P1-fast-idle,607,816,0,1,2,0.0
1031346251018,P1-fast-idle,608,817,0,1,2,0.0
1031346416411,P1-fast-idle,608,817,0,1,2,0.0
1031346580202,P1-fast-idle,608,817,0,1,2,0.0
1031346743592,P1-fast-idle,608,817,0,1,2,0.0
1031346904231,P1-fast-idle,608,817,0,1,2,0.0
1031347065581,P1-fast-idle,608,817,0,1,2,0.0
1031347228296,P1-fast-idle,609,818,0,1,2,0.0
1031347389442,P1-fast-idle,609,818,0,1,2,0.0
1031347550336,P1-fast-idle,609,818,0,1,2,0.0
1031347711229,P1-fast-idle,609,818,0,1,2,0.0
1031347872153,P1-fast-idle,609,818,0,1,2,0.0
1031348033334,P1-fast-idle,609,818,0,1,2,0.0
1031348194183,P1-fast-idle,609,818,0,1,2,0.0
1031348356222,P1-fast-idle,610,819,0,1,2,0.0
1031348516865,P1-fast-idle,610,819,0,1,2,0.0
1031348677426,P1-fast-idle,610,819,0,1,2,0.0
1031348838103,P1-fast-idle,610,819,0,1,2,0.0
1031348998827,P1-fast-idle,610,819,0,1,2,0.0
1031349174019,P1-fast-idle,610,819,0,1,2,0.0
1031349335693,P1-fast-idle,611,820,0,1,2,0.0
1031349496747,P1-fast-idle,611,820,0,1,2,0.0
1031349658814,P1-fast-idle,611,820,0,1,2,0.0
1031349822042,P1-fast-idle,611,820,0,1,2,0.0
1031349982656,P1-fast-idle,611,820,0,1,2,0.0
1031350143858,P1-fast-idle,611,820,0,1,2,0.0
1031350304765,P1-fast-idle,611,820,0,1,2,0.0
1031350466552,P1-fast-idle,612,821,0,1,2,0.0
1031350629407,P1-fast-idle,612,821,0,1,2,0.0
1031350790596,P1-fast-idle,612,821,0,1,2,0.0
1031350951754,P1-fast-idle,612,821,0,1,2,0.0
1031351113309,P1-fast-idle,612,821,0,1,2,0.0
1031351275668,P1-fast-idle,612,821,0,1,2,0.0
1031351437461,P1-fast-idle,613,822,0,1,2,0.0
1031351599236,P1-fast-idle,613,822,0,1,2,0.0
1031351760585,P1-fast-idle,613,822,0,1,2,0.0
1031351922994,P1-fast-idle,613,822,0,1,2,0.0
1031352084077,P1-fast-idle,613,822,0,1,2,0.0
1031352244838,P1-fast-idle,613,822,0,1,2,0.0
1031352407236,P1-fast-idle,613,822,0,1,2,0.0
1031352570065,P1-fast-idle,614,824,0,1,2,0.0
1031352730865,P1-fast-idle,614,824,0,1,2,0.0
1031352894099,P1-fast-idle,614,824,0,1,2,0.0
1031353056207,P1-fast-idle,614,824,0,1,2,0.0
1031353217360,P1-fast-idle,614,824,0,1,2,0.0
1031353378417,P1-fast-idle,614,824,0,1,2,0.0
1031353540668,P1-fast-idle,615,825,0,1,2,0.0
1031353702607,P1-fast-idle,615,825,0,1,2,0.0
1031353863536,P1-fast-idle,615,825,0,1,2,0.0
1031354024174,P1-fast-idle,615,825,0,1,2,0.0
1031354184042,P1-fast-idle,615,825,0,1,2,0.0
1031354343964,P1-fast-idle,615,825,0,1,2,0.0
1031354505738,P1-fast-idle,615,825,0,1,2,0.0
1031354667423,P1-fast-idle,616,826,0,1,2,0.0
1031354827567,P1-fast-idle,616,826,0,1,2,0.0
1031354990106,P1-fast-idle,616,826,0,1,2,0.0
1031355152311,P1-fast-idle,616,826,0,1,2,0.0
1031355312285,P1-fast-idle,616,826,0,1,2,0.0
1031355473930,P1-fast-idle,616,826,0,1,2,0.0
1031355638388,P1-fast-idle,617,827,0,1,2,0.0
1031355803154,P1-fast-idle,617,827,0,1,2,0.0
1031355966263,P1-fast-idle,617,827,0,1,2,0.0
1031356131804,P1-fast-idle,617,827,0,1,2,0.0
1031356292893,P1-fast-idle,617,827,0,1,2,0.0
1031356422234,P1-fast-idle,617,827,0,1,2,0.0
1031356586436,P1-fast-idle,617,827,0,1,2,0.0
1031356749178,P1-fast-idle,618,828,0,1,2,0.0
1031356910992,P1-fast-idle,618,828,0,1,2,0.0
1031357075318,P1-fast-idle,618,828,0,1,2,0.0
1031357236328,P1-fast-idle,618,828,0,1,2,0.0
1031357398147,P1-fast-idle,618,828,0,1,2,0.0
1031357558969,P1-fast-idle,618,828,0,1,2,0.0
1031357720828,P1-fast-idle,618,828,0,1,2,0.0
1031357882597,P1-fast-idle,619,829,0,1,2,0.0
1031358044757,P1-fast-idle,619,829,0,1,2,0.0
1031358206149,P1-fast-idle,619,829,0,1,2,0.0
1031358367829,P1-fast-idle,619,829,0,1,2,0.0
1031358529340,P1-fast-idle,619,829,0,1,2,0.0
1031358690627,P1-fast-idle,619,829,0,1,2,0.0
1031358853682,P1-fast-idle,620,830,0,1,2,0.0
1031359016165,P1-fast-idle,620,830,0,1,2,0.0
1031359180371,P1-fast-idle,620,830,0,1,2,0.0
1031359341591,P1-fast-idle,620,830,0,1,2,0.0
1031359502873,P1-fast-idle,620,830,0,1,2,0.0
1031359664147,P1-fast-idle,620,830,0,1,2,0.0
1031359825743,P1-fast-idle,620,830,0,1,2,0.0
1031359988625,P1-fast-idle,621,831,0,1,2,0.0
1031360157837,P1-fast-idle,621,831,0,1,2,0.0
1031360320965,P1-fast-idle,621,831,0,1,2,0.0
1031360482541,P1-fast-idle,621,831,0,1,2,0.0
1031360644327,P1-fast-idle,621,831,0,1,2,0.0
1031360805571,P1-fast-idle,621,831,0,1,2,0.0
1031360968667,P1-fast-idle,622,832,0,1,2,0.0
1031361131880,P1-fast-idle,622,832,0,1,2,0.0
1031361294950,P1-fast-idle,622,832,0,1,2,0.0
1031361457089,P1-fast-idle,622,832,0,1,2,0.0
1031361618628,P1-fast-idle,622,832,0,1,2,0.0
1031361781082,P1-fast-idle,622,832,0,1,2,0.0
1031361943271,P1-fast-idle,622,832,0,1,2,0.0
1031362108369,P1-fast-idle,623,833,0,1,2,0.0
1031362270592,P1-fast-idle,623,833,0,1,2,0.0
1031362441034,P1-fast-idle,623,833,0,1,2,0.0
1031362602528,P1-fast-idle,623,833,0,1,2,0.0
1031362765091,P1-fast-idle,623,833,0,1,2,0.0
1031362926771,P1-fast-idle,623,833,0,1,2,0.0
1031363089383,P1-fast-idle,624,834,0,1,2,0.0
1031363251207,P1-fast-idle,624,834,0,1,2,0.0
1031363416267,P1-fast-idle,624,834,0,1,2,0.0
1031363578199,P1-fast-idle,624,834,0,1,2,0.0
1031363739537,P1-fast-idle,624,834,0,1,2,0.0
1031363903388,P1-fast-idle,624,834,0,1,2,0.0
1031364066404,P1-fast-idle,624,834,0,1,2,0.0
1031364226997,P1-fast-idle,625,835,0,1,2,0.0
1031364386726,P1-fast-idle,625,835,0,1,2,0.0
1031364546568,P1-fast-idle,625,835,0,1,2,0.0
1031364706539,P1-fast-idle,625,835,0,1,2,0.0
1031364865849,P1-fast-idle,625,835,0,1,2,0.0
1031365018328,P1-fast-idle,625,835,0,1,2,0.0
1031365180704,P1-fast-idle,626,836,0,1,2,0.0
1031365342493,P1-fast-idle,626,836,0,1,2,0.0
1031365505578,P1-fast-idle,626,836,0,1,2,0.0
1031365666926,P1-fast-idle,626,836,0,1,2,0.0
1031365828089,P1-fast-idle,626,836,0,1,2,0.0
1031365989388,P1-fast-idle,626,836,0,1,2,0.0
1031366151273,P1-fast-idle,626,836,0,1,2,0.0
1031366314145,P1-fast-idle,627,837,0,1,2,0.0
1031366475507,P1-fast-idle,627,837,0,1,2,0.0
1031366637501,P1-fast-idle,627,837,0,1,2,0.0
1031366800757,P1-fast-idle,627,837,0,1,2,0.0
1031366961893,P1-fast-idle,627,837,0,1,2,0.0
1031367123433,P1-fast-idle,627,837,0,1,2,0.0
1031367287888,P1-fast-idle,628,838,0,1,2,0.0
1031367449129,P1-fast-idle,628,838,0,1,2,0.0
1031367611715,P1-fast-idle,628,838,0,1,2,0.0
1031367772767,P1-fast-idle,628,838,0,1,2,0.0
1031367934594,P1-fast-idle,628,838,0,1,2,0.0
1031368096376,P1-fast-idle,628,838,0,1,2,0.0
1031368258540,P1-fast-idle,628,838,0,1,2,0.0
1031368423450,P1-fast-idle,629,839,0,1,2,0.0
1031368585875,P1-fast-idle,629,839,0,1,2,0.0
1031368749407,P1-fast-idle,629,839,0,1,2,0.0
1031368910632,P1-fast-idle,629,839,0,1,2,0.0
1031369073596,P1-fast-idle,629,839,0,1,2,0.0
1031369236967,P1-fast-idle,629,839,0,1,2,0.0
1031369399371,P1-fast-idle,630,840,0,1,2,0.0
1031369561236,P1-fast-idle,630,840,0,1,2,0.0
1031369722971,P1-fast-idle,630,840,0,1,2,0.0
1031369884824,P1-fast-idle,630,840,0,1,2,0.0
1031370047015,P1-fast-idle,630,840,0,1,2,0.0
1031370208835,P1-fast-idle,630,840,0,1,2,0.0
1031370370504,P1-fast-idle,630,840,0,1,2,0.0
1031370533114,P1-fast-idle,631,842,0,1,2,0.0
1031370694772,P1-fast-idle,631,842,0,1,2,0.0
1031370857198,P1-fast-idle,631,842,0,1,2,0.0
1031371019427,P1-fast-idle,631,842,0,1,2,0.0
1031371182216,P1-fast-idle,631,842,0,1,2,0.0
1031371343624,P1-fast-idle,631,842,0,1,2,0.0
1031371505962,P1-fast-idle,631,842,0,1,2,0.0
1031371668009,P1-fast-idle,632,843,0,1,2,0.0
1031371832045,P1-fast-idle,632,843,0,1,2,0.0
1031371993736,P1-fast-idle,632,843,0,1,2,0.0
1031372155729,P1-fast-idle,632,843,0,1,2,0.0
1031372318365,P1-fast-idle,632,843,0,1,2,0.0
1031372481521,P1-fast-idle,632,843,0,1,2,0.0
1031372645238,P1-fast-idle,633,844,0,1,2,0.0
1031372806952,P1-fast-idle,633,844,0,1,2,0.0
1031372969006,P1-fast-idle,633,844,0,1,2,0.0
1031373131413,P1-fast-idle,633,844,0,1,2,0.0
1031373293104,P1-fast-idle,633,844,0,1,2,0.0
1031373454748,P1-fast-idle,633,844,0,1,2,0.0
1031373618633,P1-fast-idle,633,844,0,1,2,0.0
1031373782357,P1-fast-idle,634,845,0,1,2,0.0
1031373944321,P1-fast-idle,634,845,0,1,2,0.0
1031374106931,P1-fast-idle,634,845,0,1,2,0.0
1031374269312,P1-fast-idle,634,845,0,1,2,0.0
1031374435696,P1-fast-idle,634,845,0,1,2,0.0
1031374598998,P1-fast-idle,634,845,0,1,2,0.0
1031374761230,P1-fast-idle,635,846,0,1,2,0.0
1031374922838,P1-fast-idle,635,846,0,1,2,0.0
1031375086540,P1-fast-idle,635,846,0,1,2,0.0
1031375249260,P1-fast-idle,635,846,0,1,2,0.0
1031375415530,P1-fast-idle,635,846,0,1,2,0.0
1031375578519,P1-fast-idle,635,846,0,1,2,0.0
1031375740451,P1-fast-idle,635,846,0,1,2,0.0
1031375903917,P1-fast-idle,636,847,0,1,2,0.0
1031376067478,P1-fast-idle,636,847,0,1,2,0.0
1031376230201,P1-fast-idle,636,847,0,1,2,0.0
1031376392071,P1-fast-idle,636,847,0,1,2,0.0
1031376554321,P1-fast-idle,636,847,0,1,2,0.0
1031376715950,P1-fast-idle,636,847,0,1,2,0.0
1031376878352,P1-fast-idle,637,848,0,1,2,0.0
1031377041314,P1-fast-idle,637,848,0,1,2,0.0
1031377202720,P1-fast-idle,637,848,0,1,2,0.0
1031377364897,P1-fast-idle,637,848,0,1,2,0.0
1031377526601,P1-fast-idle,637,848,0,1,2,0.0
1031377690143,P1-fast-idle,637,848,0,1,2,0.0
1031377852913,P1-fast-idle,637,848,0,1,2,0.0
1031378017149,P1-fast-idle,638,849,0,1,2,0.0
1031378180632,P1-fast-idle,638,849,0,1,2,0.0
1031378342308,P1-fast-idle,638,849,0,1,2,0.0
1031378503992,P1-fast-idle,638,849,0,1,2,0.0
1031378665290,P1-fast-idle,638,849,0,1,2,0.0
1031378827105,P1-fast-idle,638,849,0,1,2,0.0
1031378990041,P1-fast-idle,639,850,0,1,2,0.0
1031379152038,P1-fast-idle,639,850,0,1,2,0.0
1031379314131,P1-fast-idle,639,850,0,1,2,0.0
1031379475904,P1-fast-idle,639,850,0,1,2,0.0
1031379638291,P1-fast-idle,639,850,0,1,2,0.0
1031379800360,P1-fast-idle,639,850,0,1,2,0.0
1031379961546,P1-fast-idle,639,850,0,1,2,0.0
1031380124205,P1-fast-idle,640,851,0,1,2,0.0
1031380285942,P1-fast-idle,640,851,0,1,2,0.0
1031380447160,P1-fast-idle,640,851,0,1,2,0.0
1031380609156,P1-fast-idle,640,851,0,1,2,0.0
1031380770448,P1-fast-idle,640,851,0,1,2,0.0
1031380932144,P1-fast-idle,640,851,0,1,2,0.0
1031381094949,P1-fast-idle,641,852,0,1,2,0.0
1031381257015,P1-fast-idle,641,852,0,1,2,0.0
1031381427871,P1-fast-idle,641,852,0,1,2,0.0
1031381590888,P1-fast-idle,641,852,0,1,2,0.0
1031381752335,P1-fast-idle,641,852,0,1,2,0.0
1031381913897,P1-fast-idle,641,852,0,1,2,0.0
1031382076199,P1-fast-idle,641,852,0,1,2,0.0
1031382239277,P1-fast-idle,642,853,0,1,2,0.0
1031382401051,P1-fast-idle,642,853,0,1,2,0.0
1031382563281,P1-fast-idle,642,853,0,1,2,0.0
1031382725307,P1-fast-idle,642,853,0,1,2,0.0
1031382888129,P1-fast-idle,642,853,0,1,2,0.0
1031383050156,P1-fast-idle,642,853,0,1,2,0.0
1031383212324,P1-fast-idle,643,854,0,1,2,0.0
1031383374005,P1-fast-idle,643,854,0,1,2,0.0
1031383536087,P1-fast-idle,643,854,0,1,2,0.0
1031383697338,P1-fast-idle,643,854,0,1,2,0.0
1031383859152,P1-fast-idle,643,854,0,1,2,0.0
1031384021561,P1-fast-idle,643,854,0,1,2,0.0
1031384183396,P1-fast-idle,643,854,0,1,2,0.0
1031384346561,P1-fast-idle,644,855,0,1,2,0.0
1031384509465,P1-fast-idle,644,855,0,1,2,0.0
1031384670236,P1-fast-idle,644,855,0,1,2,0.0
1031384831519,P1-fast-idle,644,855,0,1,2,0.0
1031384993671,P1-fast-idle,644,855,0,1,2,0.0
1031385155128,P1-fast-idle,644,855,0,1,2,0.0
1031385317331,P1-fast-idle,645,856,0,1,2,0.0
1031385479014,P1-fast-idle,645,856,0,1,2,0.0
1031385641076,P1-fast-idle,645,856,0,1,2,0.0
1031385802027,P1-fast-idle,645,856,0,1,2,0.0
1031385962907,P1-fast-idle,645,856,0,1,2,0.0
1031386125298,P1-fast-idle,645,856,0,1,2,0.0
1031386287744,P1-fast-idle,645,856,0,1,2,0.0
1031386450641,P1-fast-idle,646,857,0,1,2,0.0
1031386612041,P1-fast-idle,646,857,0,1,2,0.0
1031386773776,P1-fast-idle,646,857,0,1,2,0.0
1031386935570,P1-fast-idle,646,857,0,1,2,0.0
1031387097306,P1-fast-idle,646,857,0,1,2,0.0
1031387258453,P1-fast-idle,646,857,0,1,2,0.0
1031387425933,P1-fast-idle,647,858,0,1,2,0.0
1031387588828,P1-fast-idle,647,858,0,1,2,0.0
1031387751724,P1-fast-idle,647,858,0,1,2,0.0
1031387913228,P1-fast-idle,647,858,0,1,2,0.0
1031388076361,P1-fast-idle,647,858,0,1,2,0.0
1031388238265,P1-fast-idle,647,858,0,1,2,0.0
1031388399881,P1-fast-idle,647,858,0,1,2,0.0
1031388562880,P1-fast-idle,648,860,0,1,2,0.0
1031388724492,P1-fast-idle,648,860,0,1,2,0.0
1031388885913,P1-fast-idle,648,860,0,1,2,0.0
1031389049807,P1-fast-idle,648,860,0,1,2,0.0
1031389211514,P1-fast-idle,648,860,0,1,2,0.0
1031389374048,P1-fast-idle,648,860,0,1,2,0.0
1031389536702,P1-fast-idle,649,861,0,1,2,0.0
1031389698204,P1-fast-idle,649,861,0,1,2,0.0
1031389859872,P1-fast-idle,649,861,0,1,2,0.0
1031390022111,P1-fast-idle,649,861,0,1,2,0.0
1031390184656,P1-fast-idle,649,861,0,1,2,0.0
1031390346761,P1-fast-idle,649,861,0,1,2,0.0
1031390507972,P1-fast-idle,649,861,0,1,2,0.0
1031390671155,P1-fast-idle,650,862,0,1,2,0.0
1031390833993,P1-fast-idle,650,862,0,1,2,0.0
1031390995395,P1-fast-idle,650,862,0,1,2,0.0
1031391157584,P1-fast-idle,650,862,0,1,2,0.0
1031391318987,P1-fast-idle,650,862,0,1,2,0.0
1031391480566,P1-fast-idle,650,862,0,1,2,0.0
1031391644218,P1-fast-idle,651,863,0,1,2,0.0
1031391806216,P1-fast-idle,651,863,0,1,2,0.0
1031391967817,P1-fast-idle,651,863,0,1,2,0.0
1031392130080,P1-fast-idle,651,863,0,1,2,0.0
1031392291839,P1-fast-idle,651,863,0,1,2,0.0
1031392453644,P1-fast-idle,651,863,0,1,2,0.0
1031392615693,P1-fast-idle,651,863,0,1,2,0.0
1031392779055,P1-fast-idle,652,864,0,1,2,0.0
1031392941174,P1-fast-idle,652,864,0,1,2,0.0
1031393103357,P1-fast-idle,652,864,0,1,2,0.0
1031393267190,P1-fast-idle,652,864,0,1,2,0.0
1031393429646,P1-fast-idle,652,864,0,1,2,0.0
1031393592438,P1-fast-idle,652,864,0,1,2,0.0
1031393756091,P1-fast-idle,653,865,0,1,2,0.0
1031393918539,P1-fast-idle,653,865,0,1,2,0.0
1031394082282,P1-fast-idle,653,865,0,1,2,0.0
1031394244441,P1-fast-idle,653,865,0,1,2,0.0
1031394408691,P1-fast-idle,653,865,0,1,2,0.0
1031394570132,P1-fast-idle,653,865,0,1,2,0.0
1031394731530,P1-fast-idle,653,865,0,1,2,0.0
1031394894463,P1-fast-idle,654,866,0,1,2,0.0
1031395056914,P1-fast-idle,654,866,0,1,2,0.0
1031395218326,P1-fast-idle,654,866,0,1,2,0.0
1031395380441,P1-fast-idle,654,866,0,1,2,0.0
1031395542565,P1-fast-idle,654,866,0,1,2,0.0
1031395703467,P1-fast-idle,654,866,0,1,2,0.0
1031395867573,P1-fast-idle,655,867,0,1,2,0.0
1031396030052,P1-fast-idle,655,867,0,1,2,0.0
1031396190973,P1-fast-idle,655,867,0,1,2,0.0
1031396353056,P1-fast-idle,655,867,0,1,2,0.0
1031396515037,P1-fast-idle,655,867,0,1,2,0.0
1031396676568,P1-fast-idle,655,867,0,1,2,0.0
1031396837855,P1-fast-idle,655,867,0,1,2,0.0
1031397017649,P1-fast-idle,656,868,0,1,2,0.0
1031397181184,P1-fast-idle,656,868,0,1,2,0.0
1031397342431,P1-fast-idle,656,868,0,1,2,0.0
1031397503653,P1-fast-idle,656,868,0,1,2,0.0
1031397665664,P1-fast-idle,656,868,0,1,2,0.0
1031397832506,P1-fast-idle,656,868,0,1,2,0.0
1031397995573,P1-fast-idle,657,869,0,1,2,0.0
1031398158800,P1-fast-idle,657,869,0,1,2,0.0
1031398320102,P1-fast-idle,657,869,0,1,2,0.0
1031398483069,P1-fast-idle,657,869,0,1,2,0.0
1031398644269,P1-fast-idle,657,869,0,1,2,0.0
1031398806041,P1-fast-idle,657,869,0,1,2,0.0
1031398967161,P1-fast-idle,657,869,0,1,2,0.0
1031399130477,P1-fast-idle,658,870,0,1,2,0.0
1031399292324,P1-fast-idle,658,870,0,1,2,0.0
1031399461043,P1-fast-idle,658,870,0,1,2,0.0
1031399622893,P1-fast-idle,658,870,0,1,2,0.0
1031399784705,P1-fast-idle,658,870,0,1,2,0.0
1031399946635,P1-fast-idle,658,870,0,1,2,0.0
1031400110338,P1-fast-idle,659,871,0,1,2,0.0
1031400272725,P1-fast-idle,659,871,0,1,2,0.0
1031400440416,P1-fast-idle,659,871,0,1,2,0.0
1031400602167,P1-fast-idle,659,871,0,1,2,0.0
1031400763517,P1-fast-idle,659,871,0,1,2,0.0
1031400925571,P1-fast-idle,659,871,0,1,2,0.0
1031401087870,P1-fast-idle,659,871,0,1,2,0.0
1031401250769,P1-fast-idle,660,872,0,1,2,0.0
1031401416781,P1-fast-idle,660,872,0,1,2,0.0
1031401578929,P1-fast-idle,660,872,0,1,2,0.0
1031401740284,P1-fast-idle,660,872,0,1,2,0.0
1031401903222,P1-fast-idle,660,872,0,1,2,0.0
1031402065243,P1-fast-idle,660,872,0,1,2,0.0
1031402230775,P1-fast-idle,661,873,0,1,2,0.0
1031402393715,P1-fast-idle,661,873,0,1,2,0.0
1031402556051,P1-fast-idle,661,873,0,1,2,0.0
1031402720241,P1-fast-idle,661,873,0,1,2,0.0
1031402883100,P1-fast-idle,661,873,0,1,2,0.0
1031403046189,P1-fast-idle,661,873,0,1,2,0.0
1031403209091,P1-fast-idle,661,873,0,1,2,0.0
1031403373599,P1-fast-idle,662,874,0,1,2,0.0
1031403539174,P1-fast-idle,662,874,0,1,2,0.0
1031403701302,P1-fast-idle,662,874,0,1,2,0.0
1031403864718,P1-fast-idle,662,874,0,1,2,0.0
1031404027261,P1-fast-idle,662,874,0,1,2,0.0
1031404190738,P1-fast-idle,662,874,0,1,2,0.0
1031404355522,P1-fast-idle,663,875,0,1,2,0.0
1031404517565,P1-fast-idle,663,875,0,1,2,0.0
1031404680195,P1-fast-idle,663,875,0,1,2,0.0
1031404842481,P1-fast-idle,663,875,0,1,2,0.0
1031405015522,P1-fast-idle,663,875,0,1,2,0.0
1031405176008,P1-fast-idle,663,875,0,1,2,0.0
1031405337426,P1-fast-idle,663,875,0,1,2,0.0
1031405499521,P1-fast-idle,664,876,0,1,2,0.0
1031405670610,P1-fast-idle,664,876,0,1,2,0.0
1031405833951,P1-fast-idle,664,876,0,1,2,0.0
1031405996396,P1-fast-idle,664,876,0,1,2,0.0
1031406157236,P1-fast-idle,664,876,0,1,2,0.0
1031406317218,P1-fast-idle,664,876,0,1,2,0.0
1031406480394,P1-fast-idle,665,878,0,1,2,0.0
1031406641205,P1-fast-idle,665,878,0,1,2,0.0
1031406805585,P1-fast-idle,665,878,0,1,2,0.0
1031406966398,P1-fast-idle,665,878,0,1,2,0.0
1031407127746,P1-fast-idle,665,878,0,1,2,0.0
1031407288844,P1-fast-idle,665,878,0,1,2,0.0
1031407422200,P1-fast-idle,665,878,0,1,2,0.0
1031407585278,P1-fast-idle,666,879,0,1,2,0.0
1031407746718,P1-fast-idle,666,879,0,1,2,0.0
1031407908067,P1-fast-idle,666,879,0,1,2,0.0
1031408070087,P1-fast-idle,666,879,0,1,2,0.0
1031408233912,P1-fast-idle,666,879,0,1,2,0.0
1031408394539,P1-fast-idle,666,879,0,1,2,0.0
1031408556679,P1-fast-idle,667,880,0,1,2,0.0
1031408718731,P1-fast-idle,667,880,0,1,2,0.0
1031408879762,P1-fast-idle,667,880,0,1,2,0.0
1031409041558,P1-fast-idle,667,880,0,1,2,0.0
1031409201450,P1-fast-idle,667,880,0,1,2,0.0
1031409361998,P1-fast-idle,667,880,0,1,2,0.0
1031409523053,P1-fast-idle,667,880,0,1,2,0.0
1031409683676,P1-fast-idle,668,881,0,1,2,0.0
1031409846019,P1-fast-idle,668,881,0,1,2,0.0
1031410012921,P1-fast-idle,668,881,0,1,2,0.0
1031410174034,P1-fast-idle,668,881,0,1,2,0.0
1031410334765,P1-fast-idle,668,881,0,1,2,0.0
1031410494413,P1-fast-idle,668,881,0,1,2,0.0
1031410654144,P1-fast-idle,668,881,0,1,2,0.0
1031410814739,P1-fast-idle,669,882,0,1,2,0.0
1031410974790,P1-fast-idle,669,882,0,1,2,0.0
1031411137634,P1-fast-idle,669,882,0,1,2,0.0
1031411298391,P1-fast-idle,669,882,0,1,2,0.0
1031411460175,P1-fast-idle,669,882,0,1,2,0.0
1031411620642,P1-fast-idle,669,882,0,1,2,0.0
1031411782689,P1-fast-idle,670,883,0,1,2,0.0
1031411943924,P1-fast-idle,670,883,0,1,2,0.0
1031412105176,P1-fast-idle,670,883,0,1,2,0.0
1031412271449,P1-fast-idle,670,883,0,1,2,0.0
1031412433779,P1-fast-idle,670,883,0,1,2,0.0
1031412596267,P1-fast-idle,670,883,0,1,2,0.0
1031412757941,P1-fast-idle,670,883,0,1,2,0.0
1031412920805,P1-fast-idle,671,884,0,1,2,0.0
1031413084906,P1-fast-idle,671,884,0,1,2,0.0
1031413247053,P1-fast-idle,671,884,0,1,2,0.0
1031413413247,P1-fast-idle,671,884,0,1,2,0.0
1031413576246,P1-fast-idle,671,884,0,1,2,0.0
1031413738376,P1-fast-idle,671,884,0,1,2,0.0
1031413902489,P1-fast-idle,672,885,0,1,2,0.0
1031414064754,P1-fast-idle,672,885,0,1,2,0.0
1031414226522,P1-fast-idle,672,885,0,1,2,0.0
1031414389063,P1-fast-idle,672,885,0,1,2,0.0
1031414550829,P1-fast-idle,672,885,0,1,2,0.0
1031414713202,P1-fast-idle,672,885,0,1,2,0.0
1031414874605,P1-fast-idle,672,885,0,1,2,0.0
1031415038527,P1-fast-idle,673,886,0,1,2,0.0
1031415200794,P1-fast-idle,673,886,0,1,2,0.0
1031415362017,P1-fast-idle,673,886,0,1,2,0.0
1031415524096,P1-fast-idle,673,886,0,1,2,0.0
1031415685495,P1-fast-idle,673,886,0,1,2,0.0
1031415847334,P1-fast-idle,673,886,0,1,2,0.0
1031416010152,P1-fast-idle,674,887,0,1,2,0.0
1031416173302,P1-fast-idle,674,887,0,1,2,0.0
1031416334570,P1-fast-idle,674,887,0,1,2,0.0
1031416496628,P1-fast-idle,674,887,0,1,2,0.0
1031416657907,P1-fast-idle,674,887,0,1,2,0.0
1031416820140,P1-fast-idle,674,887,0,1,2,0.0
1031416981357,P1-fast-idle,674,887,0,1,2,0.0
1031417144617,P1-fast-idle,675,888,0,1,2,0.0
1031417306045,P1-fast-idle,675,888,0,1,2,0.0
1031417467527,P1-fast-idle,675,888,0,1,2,0.0
1031417628503,P1-fast-idle,675,888,0,1,2,0.0
1031417789995,P1-fast-idle,675,888,0,1,2,0.0
1031417951876,P1-fast-idle,675,888,0,1,2,0.0
1031418115283,P1-fast-idle,676,889,0,1,2,0.0
1031418278475,P1-fast-idle,676,889,0,1,2,0.0
1031418444695,P1-fast-idle,676,889,0,1,2,0.0
1031418607023,P1-fast-idle,676,889,0,1,2,0.0
1031418769103,P1-fast-idle,676,889,0,1,2,0.0
1031418930822,P1-fast-idle,676,889,0,1,2,0.0
1031419095618,P1-fast-idle,676,889,0,1,2,0.0
1031419259317,P1-fast-idle,677,890,0,1,2,0.0
1031419425654,P1-fast-idle,677,890,0,1,2,0.0
1031419587503,P1-fast-idle,677,890,0,1,2,0.0
1031419749439,P1-fast-idle,677,890,0,1,2,0.0
1031419911227,P1-fast-idle,677,890,0,1,2,0.0
1031420073933,P1-fast-idle,677,890,0,1,2,0.0
1031420236726,P1-fast-idle,678,891,0,1,2,0.0
1031420398566,P1-fast-idle,678,891,0,1,2,0.0
1031420559922,P1-fast-idle,678,891,0,1,2,0.0
1031420721355,P1-fast-idle,678,891,0,1,2,0.0
1031420882882,P1-fast-idle,678,891,0,1,2,0.0
1031421044453,P1-fast-idle,678,891,0,1,2,0.0
1031421206139,P1-fast-idle,678,891,0,1,2,0.0
1031421368895,P1-fast-idle,679,892,0,1,2,0.0
1031421531187,P1-fast-idle,679,892,0,1,2,0.0
1031421692594,P1-fast-idle,679,892,0,1,2,0.0
1031421854030,P1-fast-idle,679,892,0,1,2,0.0
1031422016329,P1-fast-idle,679,892,0,1,2,0.0
1031422177694,P1-fast-idle,679,892,0,1,2,0.0
1031422340084,P1-fast-idle,680,893,0,1,2,0.0
1031422503629,P1-fast-idle,680,893,0,1,2,0.0
1031422665792,P1-fast-idle,680,893,0,1,2,0.0
1031422827829,P1-fast-idle,680,893,0,1,2,0.0
1031422988785,P1-fast-idle,680,893,0,1,2,0.0
1031423151181,P1-fast-idle,680,893,0,1,2,0.0
1031423313045,P1-fast-idle,680,893,0,1,2,0.0
1031423475575,P1-fast-idle,681,894,0,1,2,0.0
1031423636882,P1-fast-idle,681,894,0,1,2,0.0
1031423798055,P1-fast-idle,681,894,0,1,2,0.0
1031423959487,P1-fast-idle,681,894,0,1,2,0.0
1031424121325,P1-fast-idle,681,894,0,1,2,0.0
1031424285205,P1-fast-idle,681,894,0,1,2,0.0
1031424447595,P1-fast-idle,682,896,0,1,2,0.0
1031424609783,P1-fast-idle,682,896,0,1,2,0.0
1031424771070,P1-fast-idle,682,896,0,1,2,0.0
1031424932279,P1-fast-idle,682,896,0,1,2,0.0
1031425094929,P1-fast-idle,682,896,0,1,2,0.0
1031425257067,P1-fast-idle,682,896,0,1,2,0.0
1031425421598,P1-fast-idle,682,896,0,1,2,0.0
1031425585715,P1-fast-idle,683,897,0,1,2,0.0
1031425749977,P1-fast-idle,683,897,0,1,2,0.0
1031425911975,P1-fast-idle,683,897,0,1,2,0.0
1031426074501,P1-fast-idle,683,897,0,1,2,0.0
1031426236770,P1-fast-idle,683,897,0,1,2,0.0
1031426398366,P1-fast-idle,683,897,0,1,2,0.0
1031426561866,P1-fast-idle,684,898,0,1,2,0.0
1031426724117,P1-fast-idle,684,898,0,1,2,0.0
1031426886439,P1-fast-idle,684,898,0,1,2,0.0
1031427048293,P1-fast-idle,684,898,0,1,2,0.0
1031427210332,P1-fast-idle,684,898,0,1,2,0.0
1031427372503,P1-fast-idle,684,898,0,1,2,0.0
1031427534038,P1-fast-idle,684,898,0,1,2,0.0
1031427697505,P1-fast-idle,685,899,0,1,2,0.0
1031427859656,P1-fast-idle,685,899,0,1,2,0.0
1031428022411,P1-fast-idle,685,899,0,1,2,0.0
1031428184849,P1-fast-idle,685,899,0,1,2,0.0
1031428347403,P1-fast-idle,685,899,0,1,2,0.0
1031428510229,P1-fast-idle,685,899,0,1,2,0.0
1031428685776,P1-fast-idle,686,900,0,1,2,0.0
1031428852863,P1-fast-idle,686,900,0,1,2,0.0
1031429016991,P1-fast-idle,686,900,0,1,2,0.0
1031429177764,P1-fast-idle,686,900,0,1,2,0.0
1031429337361,P1-fast-idle,686,900,0,1,2,0.0
1031429498729,P1-fast-idle,686,900,0,1,2,0.0
1031429659755,P1-fast-idle,686,900,0,1,2,0.0
1031429823253,P1-fast-idle,687,901,0,1,2,0.0
1031429984184,P1-fast-idle,687,901,0,1,2,0.0
1031430145635,P1-fast-idle,687,901,0,1,2,0.0
1031430306857,P1-fast-idle,687,901,0,1,2,0.0
1031430468702,P1-fast-idle,687,901,0,1,2,0.0
1031430629978,P1-fast-idle,687,901,0,1,2,0.0
1031430801892,P1-fast-idle,688,902,0,1,2,0.0
1031430963509,P1-fast-idle,688,902,0,1,2,0.0
1031431126832,P1-fast-idle,688,902,0,1,2,0.0
1031431288790,P1-fast-idle,688,902,0,1,2,0.0
1031431450305,P1-fast-idle,688,902,0,1,2,0.0
1031431612597,P1-fast-idle,688,902,0,1,2,0.0
1031431774563,P1-fast-idle,688,902,0,1,2,0.0
1031431938307,P1-fast-idle,689,903,0,1,2,0.0
1031432102563,P1-fast-idle,689,903,0,1,2,0.0
1031432264427,P1-fast-idle,689,903,0,1,2,0.0
1031432441752,P1-fast-idle,689,903,0,1,2,0.0
1031432602996,P1-fast-idle,689,903,0,1,2,0.0
1031432765010,P1-fast-idle,689,903,0,1,2,0.0
1031432927700,P1-fast-idle,690,904,0,1,2,0.0
1031433089632,P1-fast-idle,690,904,0,1,2,0.0
1031433251993,P1-fast-idle,690,904,0,1,2,0.0
1031433424824,P1-fast-idle,690,904,0,1,2,0.0
1031433587127,P1-fast-idle,690,904,0,1,2,0.0
1031433748449,P1-fast-idle,690,904,0,1,2,0.0
1031433909614,P1-fast-idle,690,904,0,1,2,0.0
1031434072773,P1-fast-idle,691,905,0,1,2,0.0
1031434234365,P1-fast-idle,691,905,0,1,2,0.0
1031434395909,P1-fast-idle,691,905,0,1,2,0.0
1031434558620,P1-fast-idle,691,905,0,1,2,0.0
1031434721852,P1-fast-idle,691,905,0,1,2,0.0
1031434883589,P1-fast-idle,691,905,0,1,2,0.0
1031435046248,P1-fast-idle,692,906,0,1,2,0.0
1031435209900,P1-fast-idle,692,906,0,1,2,0.0
1031435371520,P1-fast-idle,692,906,0,1,2,0.0
1031435532764,P1-fast-idle,692,906,0,1,2,0.0
1031435694622,P1-fast-idle,692,906,0,1,2,0.0
1031435856207,P1-fast-idle,692,906,0,1,2,0.0
1031436018343,P1-fast-idle,692,906,0,1,2,0.0
1031436181993,P1-fast-idle,693,907,0,1,2,0.0
1031436343293,P1-fast-idle,693,907,0,1,2,0.0
1031436505168,P1-fast-idle,693,907,0,1,2,0.0
1031436667250,P1-fast-idle,693,907,0,1,2,0.0
1031436829099,P1-fast-idle,693,907,0,1,2,0.0
1031436990712,P1-fast-idle,693,907,0,1,2,0.0
1031437154709,P1-fast-idle,694,908,0,1,2,0.0
1031437315919,P1-fast-idle,694,908,0,1,2,0.0
1031437477244,P1-fast-idle,694,908,0,1,2,0.0
1031437639815,P1-fast-idle,694,908,0,1,2,0.0
1031437801091,P1-fast-idle,694,908,0,1,2,0.0
1031437963433,P1-fast-idle,694,908,0,1,2,0.0
1031438125091,P1-fast-idle,694,908,0,1,2,0.0
1031438289647,P1-fast-idle,695,909,0,1,2,0.0
1031438453603,P1-fast-idle,695,909,0,1,2,0.0
1031438616233,P1-fast-idle,695,909,0,1,2,0.0
1031438778356,P1-fast-idle,695,909,0,1,2,0.0
1031438940254,P1-fast-idle,695,909,0,1,2,0.0
1031439103194,P1-fast-idle,695,909,0,1,2,0.0
1031439268543,P1-fast-idle,696,910,0,1,2,0.0
1031439442690,P1-fast-idle,696,910,0,1,2,0.0
1031439605371,P1-fast-idle,696,910,0,1,2,0.0
1031439767796,P1-fast-idle,696,910,0,1,2,0.0
1031439930969,P1-fast-idle,696,910,0,1,2,0.0
1031440093899,P1-fast-idle,696,910,0,1,2,0.0
1031440255668,P1-fast-idle,696,910,0,1,2,0.0
1031440421479,P1-fast-idle,697,911,0,1,2,0.0
1031440583980,P1-fast-idle,697,911,0,1,2,0.0
1031440745830,P1-fast-idle,697,911,0,1,2,0.0
1031440907948,P1-fast-idle,697,911,0,1,2,0.0
1031441069714,P1-fast-idle,697,911,0,1,2,0.0
1031441230871,P1-fast-idle,697,911,0,1,2,0.0
1031441394708,P1-fast-idle,698,912,0,1,2,0.0
1031441558322,P1-fast-idle,698,912,0,1,2,0.0
1031441720240,P1-fast-idle,698,912,0,1,2,0.0
1031441881581,P1-fast-idle,698,912,0,1,2,0.0
1031442044318,P1-fast-idle,698,912,0,1,2,0.0
1031442206380,P1-fast-idle,698,912,0,1,2,0.0
1031442367964,P1-fast-idle,698,912,0,1,2,0.0
1031442530790,P1-fast-idle,699,914,0,1,2,0.0
1031442693092,P1-fast-idle,699,914,0,1,2,0.0
1031442854629,P1-fast-idle,699,914,0,1,2,0.0
1031443016716,P1-fast-idle,699,914,0,1,2,0.0
1031443178691,P1-fast-idle,699,914,0,1,2,0.0
1031443340190,P1-fast-idle,699,914,0,1,2,0.0
1031443502881,P1-fast-idle,700,915,0,1,2,0.0
1031443664911,P1-fast-idle,700,915,0,1,2,0.0
1031443826828,P1-fast-idle,700,915,0,1,2,0.0
1031443988747,P1-fast-idle,700,915,0,1,2,0.0
1031444150305,P1-fast-idle,700,915,0,1,2,0.0
1031444318185,P1-fast-idle,700,915,0,1,2,0.0
1031444480016,P1-fast-idle,700,915,0,1,2,0.0
1031444642626,P1-fast-idle,701,916,0,1,2,0.0
1031444806262,P1-fast-idle,701,916,0,1,2,0.0
1031444968899,P1-fast-idle,701,916,0,1,2,0.0
1031445128920,P1-fast-idle,701,916,0,1,2,0.0
1031445289123,P1-fast-idle,701,916,0,1,2,0.0
1031445422338,P1-fast-idle,701,916,0,1,2,0.0
1031445585137,P1-fast-idle,701,916,0,1,2,0.0
1031445748440,P1-fast-idle,702,917,0,1,2,0.0
1031445910473,P1-fast-idle,702,917,0,1,2,0.0
1031446072457,P1-fast-idle,702,917,0,1,2,0.0
1031446234135,P1-fast-idle,702,917,0,1,2,0.0
1031446395600,P1-fast-idle,702,917,0,1,2,0.0
1031446557132,P1-fast-idle,702,917,0,1,2,0.0
1031446720241,P1-fast-idle,703,918,0,1,2,0.0
1031446882051,P1-fast-idle,703,918,0,1,2,0.0
1031447043963,P1-fast-idle,703,918,0,1,2,0.0
1031447205210,P1-fast-idle,703,918,0,1,2,0.0
1031447367303,P1-fast-idle,703,918,0,1,2,0.0
1031447528993,P1-fast-idle,703,918,0,1,2,0.0
1031447690785,P1-fast-idle,703,918,0,1,2,0.0
1031447855958,P1-fast-idle,704,919,0,1,2,0.0
1031448017723,P1-fast-idle,704,919,0,1,2,0.0
1031448178948,P1-fast-idle,704,919,0,1,2,0.0
1031448341581,P1-fast-idle,704,919,0,1,2,0.0
1031448503616,P1-fast-idle,704,919,0,1,2,0.0
1031448665863,P1-fast-idle,704,919,0,1,2,0.0
1031448829567,P1-fast-idle,705,920,0,1,2,0.0
1031448991599,P1-fast-idle,705,920,0,1,2,0.0
1031449154278,P1-fast-idle,705,920,0,1,2,0.0
1031449316343,P1-fast-idle,705,920,0,1,2,0.0
1031449478028,P1-fast-idle,705,920,0,1,2,0.0
1031449642019,P1-fast-idle,705,920,0,1,2,0.0
1031449804556,P1-fast-idle,705,920,0,1,2,0.0
1031449967709,P1-fast-idle,706,921,0,1,2,0.0
1031450131777,P1-fast-idle,706,921,0,1,2,0.0
1031450293916,P1-fast-idle,706,921,0,1,2,0.0
1031450456093,P1-fast-idle,706,921,0,1,2,0.0
1031450619015,P1-fast-idle,706,921,0,1,2,0.0
1031450781360,P1-fast-idle,706,921,0,1,2,0.0
1031450944935,P1-fast-idle,707,922,0,1,2,0.0
1031451113942,P1-fast-idle,707,922,0,1,2,0.0
1031451276805,P1-fast-idle,707,922,0,1,2,0.0
1031451438909,P1-fast-idle,707,922,0,1,2,0.0
1031451601952,P1-fast-idle,707,922,0,1,2,0.0
1031451765200,P1-fast-idle,707,922,0,1,2,0.0
1031451928389,P1-fast-idle,707,922,0,1,2,0.0
1031452093072,P1-fast-idle,708,923,0,1,2,0.0
1031452255394,P1-fast-idle,708,923,0,1,2,0.0
1031452421042,P1-fast-idle,708,923,0,1,2,0.0
1031452583153,P1-fast-idle,708,923,0,1,2,0.0
1031452745211,P1-fast-idle,708,923,0,1,2,0.0
1031452907966,P1-fast-idle,708,923,0,1,2,0.0
1031453070482,P1-fast-idle,709,924,0,1,2,0.0
1031453231531,P1-fast-idle,709,924,0,1,2,0.0
1031453393020,P1-fast-idle,709,924,0,1,2,0.0
1031453555226,P1-fast-idle,709,924,0,1,2,0.0
1031453717627,P1-fast-idle,709,924,0,1,2,0.0
1031453880711,P1-fast-idle,709,924,0,1,2,0.0
1031454042327,P1-fast-idle,709,924,0,1,2,0.0
1031454208202,P1-fast-idle,710,925,0,1,2,0.0
1031454369703,P1-fast-idle,710,925,0,1,2,0.0
1031454531868,P1-fast-idle,710,925,0,1,2,0.0
1031454693829,P1-fast-idle,710,925,0,1,2,0.0
1031454855690,P1-fast-idle,710,925,0,1,2,0.0
1031455017291,P1-fast-idle,710,925,0,1,2,0.0
1031455180335,P1-fast-idle,711,926,0,1,2,0.0
1031455343397,P1-fast-idle,711,926,0,1,2,0.0
1031455506051,P1-fast-idle,711,926,0,1,2,0.0
1031455668651,P1-fast-idle,711,926,0,1,2,0.0
1031455830096,P1-fast-idle,711,926,0,1,2,0.0
1031455991324,P1-fast-idle,711,926,0,1,2,0.0
1031456152724,P1-fast-idle,711,926,0,1,2,0.0
1031456315211,P1-fast-idle,712,927,0,1,2,0.0
1031456476646,P1-fast-idle,712,927,0,1,2,0.0
1031456638626,P1-fast-idle,712,927,0,1,2,0.0
1031456800451,P1-fast-idle,712,927,0,1,2,0.0
1031456963033,P1-fast-idle,712,927,0,1,2,0.0
1031457124636,P1-fast-idle,712,927,0,1,2,0.0
1031457287558,P1-fast-idle,713,928,0,1,2,0.0
1031457451547,P1-fast-idle,713,928,0,1,2,0.0
1031457615036,P1-fast-idle,713,928,0,1,2,0.0
1031457777119,P1-fast-idle,713,928,0,1,2,0.0
1031457939679,P1-fast-idle,713,928,0,1,2,0.0
1031458101969,P1-fast-idle,713,928,0,1,2,0.0
1031458264569,P1-fast-idle,713,928,0,1,2,0.0
1031458430150,P1-fast-idle,714,929,0,1,2,0.0
1031458592162,P1-fast-idle,714,929,0,1,2,0.0
1031458755240,P1-fast-idle,714,929,0,1,2,0.0
1031458917880,P1-fast-idle,714,929,0,1,2,0.0
1031459080488,P1-fast-idle,714,929,0,1,2,0.0
1031459242684,P1-fast-idle,714,929,0,1,2,0.0
1031459408330,P1-fast-idle,715,930,0,1,2,0.0
1031459570100,P1-fast-idle,715,930,0,1,2,0.0
1031459731205,P1-fast-idle,715,930,0,1,2,0.0
1031459894774,P1-fast-idle,715,930,0,1,2,0.0
1031460056696,P1-fast-idle,715,930,0,1,2,0.0
1031460219076,P1-fast-idle,715,930,0,1,2,0.0
1031460380704,P1-fast-idle,715,930,0,1,2,0.0
1031460546889,P1-fast-idle,716,932,0,1,2,0.0
1031460709001,P1-fast-idle,716,932,0,1,2,0.0
1031460870688,P1-fast-idle,716,932,0,1,2,0.0
1031461032678,P1-fast-idle,716,932,0,1,2,0.0
1031461193622,P1-fast-idle,716,932,0,1,2,0.0
1031461355965,P1-fast-idle,716,932,0,1,2,0.0
1031461519208,P1-fast-idle,717,933,0,1,2,0.0
1031461681041,P1-fast-idle,717,933,0,1,2,0.0
1031461842781,P1-fast-idle,717,933,0,1,2,0.0
1031462006084,P1-fast-idle,717,933,0,1,2,0.0
1031462168717,P1-fast-idle,717,933,0,1,2,0.0
1031462330378,P1-fast-idle,717,933,0,1,2,0.0
1031462492469,P1-fast-idle,717,933,0,1,2,0.0
1031462655597,P1-fast-idle,718,934,0,1,2,0.0
1031462818585,P1-fast-idle,718,934,0,1,2,0.0
1031462981016,P1-fast-idle,718,934,0,1,2,0.0
1031463143718,P1-fast-idle,718,934,0,1,2,0.0
1031463305163,P1-fast-idle,718,934,0,1,2,0.0
1031463467687,P1-fast-idle,718,934,0,1,2,0.0
1031463630858,P1-fast-idle,719,935,0,1,2,0.0
1031463794745,P1-fast-idle,719,935,0,1,2,0.0
1031463956604,P1-fast-idle,719,935,0,1,2,0.0
1031464119606,P1-fast-idle,719,935,0,1,2,0.0
1031464281348,P1-fast-idle,719,935,0,1,2,0.0
1031464443078,P1-fast-idle,719,935,0,1,2,0.0
1031464604940,P1-fast-idle,719,935,0,1,2,0.0
1031464766264,P1-fast-idle,720,936,0,1,2,0.0
1031464929976,P1-fast-idle,720,936,0,1,2,0.0
1031465092035,P1-fast-idle,720,936,0,1,2,0.0
1031465253914,P1-fast-idle,720,936,0,1,2,0.0
1031465417722,P1-fast-idle,720,936,0,1,2,0.0
1031465579721,P1-fast-idle,720,936,0,1,2,0.0
1031465744206,P1-fast-idle,721,937,0,1,2,0.0
1031465905585,P1-fast-idle,721,937,0,1,2,0.0
1031466067775,P1-fast-idle,721,937,0,1,2,0.0
1031466229708,P1-fast-idle,721,937,0,1,2,0.0
1031466392317,P1-fast-idle,721,937,0,1,2,0.0
1031466554553,P1-fast-idle,721,937,0,1,2,0.0
1031466716330,P1-fast-idle,721,937,0,1,2,0.0
1031466881226,P1-fast-idle,722,938,0,1,2,0.0
1031467043690,P1-fast-idle,722,938,0,1,2,0.0
1031467205553,P1-fast-idle,722,938,0,1,2,0.0
1031467368219,P1-fast-idle,722,938,0,1,2,0.0
1031467529506,P1-fast-idle,722,938,0,1,2,0.0
1031467691265,P1-fast-idle,722,938,0,1,2,0.0
1031467853079,P1-fast-idle,722,938,0,1,2,0.0
1031468015359,P1-fast-idle,723,939,0,1,2,0.0
1031468177337,P1-fast-idle,723,939,0,1,2,0.0
1031468339266,P1-fast-idle,723,939,0,1,2,0.0
1031468501412,P1-fast-idle,723,939,0,1,2,0.0
1031468664247,P1-fast-idle,723,939,0,1,2,0.0
1031468827037,P1-fast-idle,723,939,0,1,2,0.0
1031468989616,P1-fast-idle,724,940,0,1,2,0.0
1031469152482,P1-fast-idle,724,940,0,1,2,0.0
1031469313878,P1-fast-idle,724,940,0,1,2,0.0
1031469475008,P1-fast-idle,724,940,0,1,2,0.0
1031469636896,P1-fast-idle,724,940,0,1,2,0.0
1031469798505,P1-fast-idle,724,940,0,1,2,0.0
1031469960469,P1-fast-idle,724,940,0,1,2,0.0
1031470126064,P1-fast-idle,725,941,0,1,2,0.0
1031470290118,P1-fast-idle,725,941,0,1,2,0.0
1031470452777,P1-fast-idle,725,941,0,1,2,0.0
1031470615035,P1-fast-idle,725,941,0,1,2,0.0
1031470776284,P1-fast-idle,725,941,0,1,2,0.0
1031470939408,P1-fast-idle,725,941,0,1,2,0.0
1031471102106,P1-fast-idle,726,942,0,1,2,0.0
1031471264007,P1-fast-idle,726,942,0,1,2,0.0
1031471435513,P1-fast-idle,726,942,0,1,2,0.0
1031471596911,P1-fast-idle,726,942,0,1,2,0.0
1031471760258,P1-fast-idle,726,942,0,1,2,0.0
1031471922718,P1-fast-idle,726,942,0,1,2,0.0
1031472086648,P1-fast-idle,726,942,0,1,2,0.0
1031472248999,P1-fast-idle,727,943,0,1,2,0.0
1031472414748,P1-fast-idle,727,943,0,1,2,0.0
1031472578741,P1-fast-idle,727,943,0,1,2,0.0
1031472740421,P1-fast-idle,727,943,0,1,2,0.0
1031472902448,P1-fast-idle,727,943,0,1,2,0.0
1031473065193,P1-fast-idle,727,943,0,1,2,0.0
1031473232034,P1-fast-idle,728,944,0,1,2,0.0
1031473394484,P1-fast-idle,728,944,0,1,2,0.0
1031473556816,P1-fast-idle,728,944,0,1,2,0.0
1031473718925,P1-fast-idle,728,944,0,1,2,0.0
1031473880430,P1-fast-idle,728,944,0,1,2,0.0
1031474043032,P1-fast-idle,728,944,0,1,2,0.0
1031474205851,P1-fast-idle,728,944,0,1,2,0.0
1031474368479,P1-fast-idle,729,945,0,1,2,0.0
1031474530072,P1-fast-idle,729,945,0,1,2,0.0
1031474692067,P1-fast-idle,729,945,0,1,2,0.0
1031474853253,P1-fast-idle,729,945,0,1,2,0.0
1031475016596,P1-fast-idle,729,945,0,1,2,0.0
1031475178607,P1-fast-idle,729,945,0,1,2,0.0
1031475341417,P1-fast-idle,730,946,0,1,2,0.0
1031475503315,P1-fast-idle,730,946,0,1,2,0.0
1031475664626,P1-fast-idle,730,946,0,1,2,0.0
1031475825844,P1-fast-idle,730,946,0,1,2,0.0
1031475987848,P1-fast-idle,730,946,0,1,2,0.0
1031476151338,P1-fast-idle,730,946,0,1,2,0.0
1031476312937,P1-fast-idle,730,946,0,1,2,0.0
1031476476526,P1-fast-idle,731,947,0,1,2,0.0
1031476638906,P1-fast-idle,731,947,0,1,2,0.0
1031476800742,P1-fast-idle,731,947,0,1,2,0.0
1031476963066,P1-fast-idle,731,947,0,1,2,0.0
1031477124805,P1-fast-idle,731,947,0,1,2,0.0
1031477286864,P1-fast-idle,731,947,0,1,2,0.0
1031477475767,P1-fast-idle,732,948,0,1,2,0.0
1031477647454,P1-fast-idle,732,948,0,1,2,0.0
1031477809027,P1-fast-idle,732,948,0,1,2,0.0
1031477969810,P1-fast-idle,732,948,0,1,2,0.0
1031478131183,P1-fast-idle,732,948,0,1,2,0.0
1031478292670,P1-fast-idle,732,948,0,1,2,0.0
1031478455911,P1-fast-idle,733,950,0,1,2,0.0
1031478617639,P1-fast-idle,733,950,0,1,2,0.0
1031478778655,P1-fast-idle,733,950,0,1,2,0.0
1031478940049,P1-fast-idle,733,950,0,1,2,0.0
1031479101390,P1-fast-idle,733,950,0,1,2,0.0
1031479262575,P1-fast-idle,733,950,0,1,2,0.0
1031479429650,P1-fast-idle,733,950,0,1,2,0.0
1031479600530,P1-fast-idle,734,951,0,1,2,0.0
1031479761530,P1-fast-idle,734,951,0,1,2,0.0
1031479891049,P1-fast-idle,734,951,0,1,2,0.0
1031480056014,P1-fast-idle,734,951,0,1,2,0.0
1031480217911,P1-fast-idle,734,951,0,1,2,0.0
1031480380533,P1-fast-idle,734,951,0,1,2,0.0
1031480546210,P1-fast-idle,734,951,0,1,2,0.0
1031480711360,P1-fast-idle,735,952,0,1,2,0.0
1031480874862,P1-fast-idle,735,952,0,1,2,0.0
1031481037551,P1-fast-idle,735,952,0,1,2,0.0
1031481200370,P1-fast-idle,735,952,0,1,2,0.0
1031481364714,P1-fast-idle,735,952,0,1,2,0.0
1031481527665,P1-fast-idle,735,952,0,1,2,0.0
1031481689967,P1-fast-idle,736,953,0,1,2,0.0
1031481852685,P1-fast-idle,736,953,0,1,2,0.0
1031482014793,P1-fast-idle,736,953,0,1,2,0.0
1031482177112,P1-fast-idle,736,953,0,1,2,0.0
1031482338808,P1-fast-idle,736,953,0,1,2,0.0
1031482502682,P1-fast-idle,736,953,0,1,2,0.0
1031482668037,P1-fast-idle,736,953,0,1,2,0.0
1031482833562,P1-fast-idle,737,954,0,1,2,0.0
1031482995329,P1-fast-idle,737,954,0,1,2,0.0
1031483158123,P1-fast-idle,737,954,0,1,2,0.0
1031483319134,P1-fast-idle,737,954,0,1,2,0.0
1031483481634,P1-fast-idle,737,954,0,1,2,0.0
1031483643288,P1-fast-idle,737,954,0,1,2,0.0
1031483805462,P1-fast-idle,738,955,0,1,2,0.0
1031483967321,P1-fast-idle,738,955,0,1,2,0.0
1031484130342,P1-fast-idle,738,955,0,1,2,0.0
1031484292758,P1-fast-idle,738,955,0,1,2,0.0
1031484454841,P1-fast-idle,738,955,0,1,2,0.0
1031484616191,P1-fast-idle,738,955,0,1,2,0.0
1031484781620,P1-fast-idle,738,955,0,1,2,0.0
1031484944232,P1-fast-idle,739,956,0,1,2,0.0
1031485106361,P1-fast-idle,739,956,0,1,2,0.0
1031485268216,P1-fast-idle,739,956,0,1,2,0.0
1031485431134,P1-fast-idle,739,956,0,1,2,0.0
1031485593028,P1-fast-idle,739,956,0,1,2,0.0
1031485755102,P1-fast-idle,739,956,0,1,2,0.0
1031485923899,P1-fast-idle,740,957,0,1,2,0.0
1031486086226,P1-fast-idle,740,957,0,1,2,0.0
1031486247564,P1-fast-idle,740,957,0,1,2,0.0
1031486411395,P1-fast-idle,740,957,0,1,2,0.0
1031486574246,P1-fast-idle,740,957,0,1,2,0.0
1031486735863,P1-fast-idle,740,957,0,1,2,0.0
1031486899860,P1-fast-idle,740,957,0,1,2,0.0
1031487063416,P1-fast-idle,741,958,0,1,2,0.0
1031487225810,P1-fast-idle,741,958,0,1,2,0.0
1031487388963,P1-fast-idle,741,958,0,1,2,0.0
1031487551726,P1-fast-idle,741,958,0,1,2,0.0
1031487713654,P1-fast-idle,741,958,0,1,2,0.0
1031487876241,P1-fast-idle,741,958,0,1,2,0.0
1031488039218,P1-fast-idle,742,959,0,1,2,0.0
1031488202711,P1-fast-idle,742,959,0,1,2,0.0
1031488364869,P1-fast-idle,742,959,0,1,2,0.0
1031488527273,P1-fast-idle,742,959,0,1,2,0.0
1031488689376,P1-fast-idle,742,959,0,1,2,0.0
1031488850512,P1-fast-idle,742,959,0,1,2,0.0
1031489012748,P1-fast-idle,742,959,0,1,2,0.0
1031489178632,P1-fast-idle,743,960,0,1,2,0.0
1031489340457,P1-fast-idle,743,960,0,1,2,0.0
1031489502886,P1-fast-idle,743,960,0,1,2,0.0
1031489665300,P1-fast-idle,743,960,0,1,2,0.0
1031489827945,P1-fast-idle,743,960,0,1,2,0.0
1031489991092,P1-fast-idle,743,960,0,1,2,0.0
1031490154016,P1-fast-idle,744,961,0,1,2,0.0
1031490318470,P1-fast-idle,744,961,0,1,2,0.0
1031490481419,P1-fast-idle,744,961,0,1,2,0.0
1031490644096,P1-fast-idle,744,961,0,1,2,0.0
1031490807934,P1-fast-idle,744,961,0,1,2,0.0
1031490969903,P1-fast-idle,744,961,0,1,2,0.0
1031491136942,P1-fast-idle,744,961,0,1,2,0.0
1031491299404,P1-fast-idle,745,962,0,1,2,0.0
1031491461905,P1-fast-idle,745,962,0,1,2,0.0
1031491625420,P1-fast-idle,745,962,0,1,2,0.0
1031491787367,P1-fast-idle,745,962,0,1,2,0.0
1031491950006,P1-fast-idle,745,962,0,1,2,0.0
1031492112632,P1-fast-idle,745,962,0,1,2,0.0
1031492277561,P1-fast-idle,746,963,0,1,2,0.0
1031492439636,P1-fast-idle,746,963,0,1,2,0.0
1031492601941,P1-fast-idle,746,963,0,1,2,0.0
1031492764051,P1-fast-idle,746,963,0,1,2,0.0
1031492926554,P1-fast-idle,746,963,0,1,2,0.0
1031493089056,P1-fast-idle,746,963,0,1,2,0.0
1031493250282,P1-fast-idle,746,963,0,1,2,0.0
1031493413681,P1-fast-idle,747,964,0,1,2,0.0
1031493575285,P1-fast-idle,747,964,0,1,2,0.0
1031493737310,P1-fast-idle,747,964,0,1,2,0.0
1031493899802,P1-fast-idle,747,964,0,1,2,0.0
1031494062570,P1-fast-idle,747,964,0,1,2,0.0
1031494224997,P1-fast-idle,747,964,0,1,2,0.0
1031494388129,P1-fast-idle,748,965,0,1,2,0.0
1031494551255,P1-fast-idle,748,965,0,1,2,0.0
1031494713614,P1-fast-idle,748,965,0,1,2,0.0
1031494875074,P1-fast-idle,748,965,0,1,2,0.0
1031495037218,P1-fast-idle,748,965,0,1,2,0.0
1031495199087,P1-fast-idle,748,965,0,1,2,0.0
1031495361872,P1-fast-idle,748,965,0,1,2,0.0
1031495526692,P1-fast-idle,749,966,0,1,2,0.0
1031495688988,P1-fast-idle,749,966,0,1,2,0.0
1031495850811,P1-fast-idle,749,966,0,1,2,0.0
1031496013101,P1-fast-idle,749,966,0,1,2,0.0
1031496175638,P1-fast-idle,749,966,0,1,2,0.0
1031496337876,P1-fast-idle,749,966,0,1,2,0.0
1031496499987,P1-fast-idle,750,968,0,1,2,0.0
1031496662645,P1-fast-idle,750,968,0,1,2,0.0
1031496826613,P1-fast-idle,750,968,0,1,2,0.0
1031496988407,P1-fast-idle,750,968,0,1,2,0.0
1031497150366,P1-fast-idle,750,968,0,1,2,0.0
1031497312890,P1-fast-idle,750,968,0,1,2,0.0
1031497475648,P1-fast-idle,750,968,0,1,2,0.0
1031497637835,P1-fast-idle,751,969,0,1,2,0.0
1031497799467,P1-fast-idle,751,969,0,1,2,0.0
1031497961555,P1-fast-idle,751,969,0,1,2,0.0
1031498125368,P1-fast-idle,751,969,0,1,2,0.0
1031498288370,P1-fast-idle,751,969,0,1,2,0.0
1031498452904,P1-fast-idle,751,969,0,1,2,0.0
1031498616833,P1-fast-idle,752,970,0,1,2,0.0
1031498779884,P1-fast-idle,752,970,0,1,2,0.0
1031498942256,P1-fast-idle,752,970,0,1,2,0.0
1031499105371,P1-fast-idle,752,970,0,1,2,0.0
1031499267205,P1-fast-idle,752,970,0,1,2,0.0
1031499429477,P1-fast-idle,752,970,0,1,2,0.0
1031499593090,P1-fast-idle,752,970,0,1,2,0.0
1031499755663,P1-fast-idle,753,971,0,1,2,0.0
1031499917433,P1-fast-idle,753,971,0,1,2,0.0
1031500079434,P1-fast-idle,753,971,0,1,2,0.0
1031500242309,P1-fast-idle,753,971,0,1,2,0.0
1031500404602,P1-fast-idle,753,971,0,1,2,0.0
1031500568040,P1-fast-idle,753,971,0,1,2,0.0
1031500731189,P1-fast-idle,754,972,0,1,2,0.0
1031500893198,P1-fast-idle,754,972,0,1,2,0.0
1031501055960,P1-fast-idle,754,972,0,1,2,0.0
1031501218751,P1-fast-idle,754,972,0,1,2,0.0
1031501381920,P1-fast-idle,754,972,0,1,2,0.0
1031501543838,P1-fast-idle,754,972,0,1,2,0.0
1031501705300,P1-fast-idle,754,972,0,1,2,0.0
1031501870011,P1-fast-idle,755,973,0,1,2,0.0
1031502034313,P1-fast-idle,755,973,0,1,2,0.0
1031502195569,P1-fast-idle,755,973,0,1,2,0.0
1031502358139,P1-fast-idle,755,973,0,1,2,0.0
1031502519673,P1-fast-idle,755,973,0,1,2,0.0
1031502683089,P1-fast-idle,755,973,0,1,2,0.0
1031502845520,P1-fast-idle,756,974,0,1,2,0.0
1031503009341,P1-fast-idle,756,974,0,1,2,0.0
1031503171068,P1-fast-idle,756,974,0,1,2,0.0
1031503332638,P1-fast-idle,756,974,0,1,2,0.0
1031503494968,P1-fast-idle,756,974,0,1,2,0.0
1031503657331,P1-fast-idle,756,974,0,1,2,0.0
1031503819521,P1-fast-idle,756,974,0,1,2,0.0
1031503982512,P1-fast-idle,757,975,0,1,2,0.0
1031504146031,P1-fast-idle,757,975,0,1,2,0.0
1031504308511,P1-fast-idle,757,975,0,1,2,0.0
1031504471005,P1-fast-idle,757,975,0,1,2,0.0
1031504632781,P1-fast-idle,757,975,0,1,2,0.0
1031504794346,P1-fast-idle,757,975,0,1,2,0.0
1031504961998,P1-fast-idle,758,976,0,1,2,0.0
1031505124995,P1-fast-idle,758,976,0,1,2,0.0
1031505287707,P1-fast-idle,758,976,0,1,2,0.0
1031505450055,P1-fast-idle,758,976,0,1,2,0.0
1031505611538,P1-fast-idle,758,976,0,1,2,0.0
1031505774136,P1-fast-idle,758,976,0,1,2,0.0
1031505937046,P1-fast-idle,758,976,0,1,2,0.0
1031506099831,P1-fast-idle,759,977,0,1,2,0.0
1031506265060,P1-fast-idle,759,977,0,1,2,0.0
1031506428411,P1-fast-idle,759,977,0,1,2,0.0
1031506590183,P1-fast-idle,759,977,0,1,2,0.0
1031506752438,P1-fast-idle,759,977,0,1,2,0.0
1031506914862,P1-fast-idle,759,977,0,1,2,0.0
1031507077305,P1-fast-idle,760,978,0,1,2,0.0
1031507240575,P1-fast-idle,760,978,0,1,2,0.0
1031507402771,P1-fast-idle,760,978,0,1,2,0.0
1031507565530,P1-fast-idle,760,978,0,1,2,0.0
1031507729213,P1-fast-idle,760,978,0,1,2,0.0
1031507891012,P1-fast-idle,760,978,0,1,2,0.0
1031508052817,P1-fast-idle,760,978,0,1,2,0.0
1031508216899,P1-fast-idle,761,979,0,1,2,0.0
1031508379362,P1-fast-idle,761,979,0,1,2,0.0
1031508541862,P1-fast-idle,761,979,0,1,2,0.0
1031508703859,P1-fast-idle,761,979,0,1,2,0.0
1031508866121,P1-fast-idle,761,979,0,1,2,0.0
1031509029469,P1-fast-idle,761,979,0,1,2,0.0
1031509191666,P1-fast-idle,762,980,0,1,2,0.0
1031509354162,P1-fast-idle,762,980,0,1,2,0.0
1031509516920,P1-fast-idle,762,980,0,1,2,0.0
1031509678670,P1-fast-idle,762,980,0,1,2,0.0
1031509840848,P1-fast-idle,762,980,0,1,2,0.0
1031510021521,P1-fast-idle,762,980,0,1,2,0.0
1031510184818,P1-fast-idle,762,980,0,1,2,0.0
1031510347682,P1-fast-idle,763,981,0,1,2,0.0
1031510510748,P1-fast-idle,763,981,0,1,2,0.0
1031510673859,P1-fast-idle,763,981,0,1,2,0.0
1031510836340,P1-fast-idle,763,981,0,1,2,0.0
1031510997786,P1-fast-idle,763,981,0,1,2,0.0
1031511159986,P1-fast-idle,763,981,0,1,2,0.0
1031511325614,P1-fast-idle,764,982,0,1,2,0.0
1031511488180,P1-fast-idle,764,982,0,1,2,0.0
1031511649467,P1-fast-idle,764,982,0,1,2,0.0
1031511812949,P1-fast-idle,764,982,0,1,2,0.0
1031511975590,P1-fast-idle,764,982,0,1,2,0.0
1031512138695,P1-fast-idle,764,982,0,1,2,0.0
1031512301308,P1-fast-idle,764,982,0,1,2,0.0
1031512466750,P1-fast-idle,765,983,0,1,2,0.0
1031512629614,P1-fast-idle,765,983,0,1,2,0.0
1031512791967,P1-fast-idle,765,983,0,1,2,0.0
1031512952840,P1-fast-idle,765,983,0,1,2,0.0
1031513115233,P1-fast-idle,765,983,0,1,2,0.0
1031513276717,P1-fast-idle,765,983,0,1,2,0.0
1031513439230,P1-fast-idle,766,984,0,1,2,0.0
1031513601047,P1-fast-idle,766,984,0,1,2,0.0
1031513762979,P1-fast-idle,766,984,0,1,2,0.0
1031513924929,P1-fast-idle,766,984,0,1,2,0.0
1031514087123,P1-fast-idle,766,984,0,1,2,0.0
1031514248994,P1-fast-idle,766,984,0,1,2,0.0
1031514410767,P1-fast-idle,766,984,0,1,2,0.0
1031514574551,P1-fast-idle,767,986,0,1,2,0.0
1031514736431,P1-fast-idle,767,986,0,1,2,0.0
1031514897540,P1-fast-idle,767,986,0,1,2,0.0
1031515060160,P1-fast-idle,767,986,0,1,2,0.0
1031515222303,P1-fast-idle,767,986,0,1,2,0.0
1031515384535,P1-fast-idle,767,986,0,1,2,0.0
1031515546722,P1-fast-idle,768,987,0,1,2,0.0
1031515708717,P1-fast-idle,768,987,0,1,2,0.0
1031515871171,P1-fast-idle,768,987,0,1,2,0.0
1031516033881,P1-fast-idle,768,987,0,1,2,0.0
1031516195706,P1-fast-idle,768,987,0,1,2,0.0
1031516358071,P1-fast-idle,768,987,0,1,2,0.0
1031516520971,P1-fast-idle,768,987,0,1,2,0.0
1031516684395,P1-fast-idle,769,988,0,1,2,0.0
1031516846423,P1-fast-idle,769,988,0,1,2,0.0
1031517008776,P1-fast-idle,769,988,0,1,2,0.0
1031517169891,P1-fast-idle,769,988,0,1,2,0.0
1031517330747,P1-fast-idle,769,988,0,1,2,0.0
1031517491989,P1-fast-idle,769,988,0,1,2,0.0
1031517663048,P1-fast-idle,770,989,0,1,2,0.0
1031517822949,P1-fast-idle,770,989,0,1,2,0.0
1031517982777,P1-fast-idle,770,989,0,1,2,0.0
1031518144453,P1-fast-idle,770,989,0,1,2,0.0
1031518306847,P1-fast-idle,770,989,0,1,2,0.0
1031518469607,P1-fast-idle,770,989,0,1,2,0.0
1031518631609,P1-fast-idle,770,989,0,1,2,0.0
1031518794144,P1-fast-idle,771,990,0,1,2,0.0
1031518957371,P1-fast-idle,771,990,0,1,2,0.0
1031519119525,P1-fast-idle,771,990,0,1,2,0.0
1031519281858,P1-fast-idle,771,990,0,1,2,0.0
1031519445538,P1-fast-idle,771,990,0,1,2,0.0
1031519607955,P1-fast-idle,771,990,0,1,2,0.0
1031519770460,P1-fast-idle,772,991,0,1,2,0.0
1031519933170,P1-fast-idle,772,991,0,1,2,0.0
1031520095390,P1-fast-idle,772,991,0,1,2,0.0
1031520257409,P1-fast-idle,772,991,0,1,2,0.0
1031520419613,P1-fast-idle,772,991,0,1,2,0.0
1031520581808,P1-fast-idle,772,991,0,1,2,0.0
1031520743886,P1-fast-idle,772,991,0,1,2,0.0
1031520908776,P1-fast-idle,773,992,0,1,2,0.0
1031521070888,P1-fast-idle,773,992,0,1,2,0.0
1031521232351,P1-fast-idle,773,992,0,1,2,0.0
1031521394089,P1-fast-idle,773,992,0,1,2,0.0
1031521555672,P1-fast-idle,773,992,0,1,2,0.0
1031521717820,P1-fast-idle,773,992,0,1,2,0.0
1031521887309,P1-fast-idle,774,993,0,1,2,0.0
1031522050686,P1-fast-idle,774,993,0,1,2,0.0
1031522214302,P1-fast-idle,774,993,0,1,2,0.0
1031522376245,P1-fast-idle,774,993,0,1,2,0.0
1031522563650,P1-fast-idle,774,993,0,1,2,0.0
1031522739475,P1-fast-idle,774,993,0,1,2,0.0
1031522905940,P1-fast-idle,774,993,0,1,2,0.0
1031523070771,P1-fast-idle,775,994,0,1,2,0.0
1031523232308,P1-fast-idle,775,994,0,1,2,0.0
1031523394116,P1-fast-idle,775,994,0,1,2,0.0
1031523555149,P1-fast-idle,775,994,0,1,2,0.0
1031523716089,P1-fast-idle,775,994,0,1,2,0.0
1031523878454,P1-fast-idle,775,994,0,1,2,0.0
1031524042777,P1-fast-idle,776,995,0,1,2,0.0
1031524203165,P1-fast-idle,776,995,0,1,2,0.0
1031524363026,P1-fast-idle,776,995,0,1,2,0.0
1031524524767,P1-fast-idle,776,995,0,1,2,0.0
1031524685510,P1-fast-idle,776,995,0,1,2,0.0
1031524847539,P1-fast-idle,776,995,0,1,2,0.0
1031525020942,P1-fast-idle,776,995,0,1,2,0.0
1031525184789,P1-fast-idle,777,996,0,1,2,0.0
1031525345341,P1-fast-idle,777,996,0,1,2,0.0
1031525506341,P1-fast-idle,777,996,0,1,2,0.0
1031525668355,P1-fast-idle,777,996,0,1,2,0.0
1031525830249,P1-fast-idle,777,996,0,1,2,0.0
1031525992228,P1-fast-idle,777,996,0,1,2,0.0
1031526153597,P1-fast-idle,778,997,0,1,2,0.0
1031526319451,P1-fast-idle,778,997,0,1,2,0.0
1031526481930,P1-fast-idle,778,997,0,1,2,0.0
1031526644240,P1-fast-idle,778,997,0,1,2,0.0
1031526806792,P1-fast-idle,778,997,0,1,2,0.0
1031526969608,P1-fast-idle,778,997,0,1,2,0.0
1031527132290,P1-fast-idle,778,997,0,1,2,0.0
1031527298148,P1-fast-idle,779,998,0,1,2,0.0
1031527460992,P1-fast-idle,779,998,0,1,2,0.0
1031527624236,P1-fast-idle,779,998,0,1,2,0.0
1031527786576,P1-fast-idle,779,998,0,1,2,0.0
1031527951052,P1-fast-idle,779,998,0,1,2,0.0
1031528114305,P1-fast-idle,779,998,0,1,2,0.0
1031528277341,P1-fast-idle,780,999,0,1,2,0.0
1031528440143,P1-fast-idle,780,999,0,1,2,0.0
1031528601168,P1-fast-idle,780,999,0,1,2,0.0
1031528763203,P1-fast-idle,780,999,0,1,2,0.0
1031528925644,P1-fast-idle,780,999,0,1,2,0.0
1031529088027,P1-fast-idle,780,999,0,1,2,0.0
1031529251363,P1-fast-idle,780,999,0,1,2,0.0
1031529413701,P1-fast-idle,781,1000,0,1,2,0.0
1031529576168,P1-fast-idle,781,1000,0,1,2,0.0
1031529738008,P1-fast-idle,781,1000,0,1,2,0.0
1031529900030,P1-fast-idle,781,1000,0,1,2,0.0
1031530063249,P1-fast-idle,781,1000,0,1,2,0.0
1031530225644,P1-fast-idle,781,1000,0,1,2,0.0
1031530389703,P1-fast-idle,782,1001,0,1,2,0.0
1031530552214,P1-fast-idle,782,1001,0,1,2,0.0
1031530714029,P1-fast-idle,782,1001,0,1,2,0.0
1031530875438,P1-fast-idle,782,1001,0,1,2,0.0
1031531038421,P1-fast-idle,782,1001,0,1,2,0.0
1031531201346,P1-fast-idle,782,1001,0,1,2,0.0
1031531363937,P1-fast-idle,782,1001,0,1,2,0.0
1031531527418,P1-fast-idle,783,1002,0,1,2,0.0
1031531689248,P1-fast-idle,783,1002,0,1,2,0.0
1031531852112,P1-fast-idle,783,1002,0,1,2,0.0
1031532015131,P1-fast-idle,783,1002,0,1,2,0.0
1031532177741,P1-fast-idle,783,1002,0,1,2,0.0
1031532340040,P1-fast-idle,783,1002,0,1,2,0.0
1031532503321,P1-fast-idle,784,1004,0,1,2,0.0
1031532668909,P1-fast-idle,784,1004,0,1,2,0.0
1031532831061,P1-fast-idle,784,1004,0,1,2,0.0
1031532992906,P1-fast-idle,784,1004,0,1,2,0.0
1031533157133,P1-fast-idle,784,1004,0,1,2,0.0
1031533317485,P1-fast-idle,784,1004,0,1,2,0.0
1031533478115,P1-fast-idle,784,1004,0,1,2,0.0
1031533641929,P1-fast-idle,785,1005,0,1,2,0.0
1031533803384,P1-fast-idle,785,1005,0,1,2,0.0
1031533964418,P1-fast-idle,785,1005,0,1,2,0.0
1031534127034,P1-fast-idle,785,1005,0,1,2,0.0
1031534289473,P1-fast-idle,785,1005,0,1,2,0.0
1031534451754,P1-fast-idle,785,1005,0,1,2,0.0
1031534613610,P1-fast-idle,786,1006,0,1,2,0.0
1031534777382,P1-fast-idle,786,1006,0,1,2,0.0
1031534939246,P1-fast-idle,786,1006,0,1,2,0.0
1031535102720,P1-fast-idle,786,1006,0,1,2,0.0
1031535265152,P1-fast-idle,786,1006,0,1,2,0.0
1031535426834,P1-fast-idle,786,1006,0,1,2,0.0
1031535588698,P1-fast-idle,786,1006,0,1,2,0.0
1031535751170,P1-fast-idle,787,1007,0,1,2,0.0
1031535914388,P1-fast-idle,787,1007,0,1,2,0.0
1031536076417,P1-fast-idle,787,1007,0,1,2,0.0
1031536238428,P1-fast-idle,787,1007,0,1,2,0.0
1031536401306,P1-fast-idle,787,1007,0,1,2,0.0
1031536564557,P1-fast-idle,787,1007,0,1,2,0.0
1031536728699,P1-fast-idle,788,1008,0,1,2,0.0
1031536890681,P1-fast-idle,788,1008,0,1,2,0.0
1031537053227,P1-fast-idle,788,1008,0,1,2,0.0
1031537216313,P1-fast-idle,788,1008,0,1,2,0.0
1031537377946,P1-fast-idle,788,1008,0,1,2,0.0
1031537540388,P1-fast-idle,788,1008,0,1,2,0.0
1031537702049,P1-fast-idle,788,1008,0,1,2,0.0
1031537864345,P1-fast-idle,789,1009,0,1,2,0.0
1031538026475,P1-fast-idle,789,1009,0,1,2,0.0
1031538187939,P1-fast-idle,789,1009,0,1,2,0.0
1031538352222,P1-fast-idle,789,1009,0,1,2,0.0
1031538513014,P1-fast-idle,789,1009,0,1,2,0.0
1031538673186,P1-fast-idle,789,1009,0,1,2,0.0
1031538844400,P1-fast-idle,790,1010,0,1,2,0.0
1031539013932,P1-fast-idle,790,1010,0,1,2,0.0
1031539176427,P1-fast-idle,790,1010,0,1,2,0.0
1031539338194,P1-fast-idle,790,1010,0,1,2,0.0
1031539500830,P1-fast-idle,790,1010,0,1,2,0.0
1031539662692,P1-fast-idle,790,1010,0,1,2,0.0
1031539826035,P1-fast-idle,790,1010,0,1,2,0.0
1031539990448,P1-fast-idle,791,1011,0,1,2,0.0
1031540153614,P1-fast-idle,791,1011,0,1,2,0.0
1031540316506,P1-fast-idle,791,1011,0,1,2,0.0
1031540479250,P1-fast-idle,791,1011,0,1,2,0.0
1031540641675,P1-fast-idle,791,1011,0,1,2,0.0
1031540803430,P1-fast-idle,791,1011,0,1,2,0.0
1031540965076,P1-fast-idle,792,1012,0,1,2,0.0
1031541128338,P1-fast-idle,792,1012,0,1,2,0.0
1031541292639,P1-fast-idle,792,1012,0,1,2,0.0
1031541454729,P1-fast-idle,792,1012,0,1,2,0.0
1031541616441,P1-fast-idle,792,1012,0,1,2,0.0
1031541778175,P1-fast-idle,792,1012,0,1,2,0.0
1031541940355,P1-fast-idle,792,1012,0,1,2,0.0
1031542103250,P1-fast-idle,793,1013,0,1,2,0.0
1031542266567,P1-fast-idle,793,1013,0,1,2,0.0
1031542429566,P1-fast-idle,793,1013,0,1,2,0.0
1031542591347,P1-fast-idle,793,1013,0,1,2,0.0
1031542754144,P1-fast-idle,793,1013,0,1,2,0.0
1031542917541,P1-fast-idle,793,1013,0,1,2,0.0
1031543083007,P1-fast-idle,794,1014,0,1,2,0.0
1031543244772,P1-fast-idle,794,1014,0,1,2,0.0
1031543407006,P1-fast-idle,794,1014,0,1,2,0.0
1031543570515,P1-fast-idle,794,1014,0,1,2,0.0
1031543732689,P1-fast-idle,794,1014,0,1,2,0.0
1031543894792,P1-fast-idle,794,1014,0,1,2,0.0
1031544057145,P1-fast-idle,794,1014,0,1,2,0.0
1031544219899,P1-fast-idle,795,1015,0,1,2,0.0
1031544382193,P1-fast-idle,795,1015,0,1,2,0.0
1031544544548,P1-fast-idle,795,1015,0,1,2,0.0
1031544705745,P1-fast-idle,795,1015,0,1,2,0.0
1031544868188,P1-fast-idle,795,1015,0,1,2,0.0
1031545029851,P1-fast-idle,795,1015,0,1,2,0.0
1031545191470,P1-fast-idle,796,1016,0,1,2,0.0
1031545353450,P1-fast-idle,796,1016,0,1,2,0.0
1031545514936,P1-fast-idle,796,1016,0,1,2,0.0
1031545677141,P1-fast-idle,796,1016,0,1,2,0.0
1031545838613,P1-fast-idle,796,1016,0,1,2,0.0
1031546011211,P1-fast-idle,796,1016,0,1,2,0.0
1031546174051,P1-fast-idle,796,1016,0,1,2,0.0
1031546338367,P1-fast-idle,797,1017,0,1,2,0.0
1031546500308,P1-fast-idle,797,1017,0,1,2,0.0
1031546666919,P1-fast-idle,797,1017,0,1,2,0.0
1031546829027,P1-fast-idle,797,1017,0,1,2,0.0
1031546991666,P1-fast-idle,797,1017,0,1,2,0.0
1031547154321,P1-fast-idle,797,1017,0,1,2,0.0
1031547315920,P1-fast-idle,798,1018,0,1,2,0.0
1031547478617,P1-fast-idle,798,1018,0,1,2,0.0
1031547641095,P1-fast-idle,798,1018,0,1,2,0.0
1031547803213,P1-fast-idle,798,1018,0,1,2,0.0
1031547965831,P1-fast-idle,798,1018,0,1,2,0.0
1031548128838,P1-fast-idle,798,1018,0,1,2,0.0
1031548289960,P1-fast-idle,798,1018,0,1,2,0.0
1031548452818,P1-fast-idle,799,1019,0,1,2,0.0
1031548615219,P1-fast-idle,799,1019,0,1,2,0.0
1031548778627,P1-fast-idle,799,1019,0,1,2,0.0
1031548940418,P1-fast-idle,799,1019,0,1,2,0.0
1031549101998,P1-fast-idle,799,1019,0,1,2,0.0
1031549263912,P1-fast-idle,799,1019,0,1,2,0.0
1031549437508,P1-fast-idle,800,1020,0,1,2,0.0
1031549599820,P1-fast-idle,800,1020,0,1,2,0.0
1031549762004,P1-fast-idle,800,1020,0,1,2,0.0
1031549924504,P1-fast-idle,800,1020,0,1,2,0.0
1031550086759,P1-fast-idle,800,1020,0,1,2,0.0
1031550249203,P1-fast-idle,800,1020,0,1,2,0.0
1031550412067,P1-fast-idle,800,1020,0,1,2,0.0
1031550574130,P1-fast-idle,801,1022,0,1,2,0.0
1031550735552,P1-fast-idle,801,1022,0,1,2,0.0
1031550897508,P1-fast-idle,801,1022,0,1,2,0.0
1031551059417,P1-fast-idle,801,1022,0,1,2,0.0
1031551221137,P1-fast-idle,801,1022,0,1,2,0.0
1031551382906,P1-fast-idle,801,1022,0,1,2,0.0
1031551544482,P1-fast-idle,802,1023,0,1,2,0.0
1031551706476,P1-fast-idle,802,1023,0,1,2,0.0
1031551868650,P1-fast-idle,802,1023,0,1,2,0.0
1031552030536,P1-fast-idle,802,1023,0,1,2,0.0
1031552192064,P1-fast-idle,802,1023,0,1,2,0.0
1031552354031,P1-fast-idle,802,1023,0,1,2,0.0
1031552517247,P1-fast-idle,802,1023,0,1,2,0.0
1031552682336,P1-fast-idle,803,1024,0,1,2,0.0
1031552845127,P1-fast-idle,803,1024,0,1,2,0.0
1031553008029,P1-fast-idle,803,1024,0,1,2,0.0
1031553169850,P1-fast-idle,803,1024,0,1,2,0.0
1031553332185,P1-fast-idle,803,1024,0,1,2,0.0
1031553493741,P1-fast-idle,803,1024,0,1,2,0.0
1031553668553,P1-fast-idle,804,1025,0,1,2,0.0
1031553830535,P1-fast-idle,804,1025,0,1,2,0.0
1031553993467,P1-fast-idle,804,1025,0,1,2,0.0
1031554155201,P1-fast-idle,804,1025,0,1,2,0.0
1031554317076,P1-fast-idle,804,1025,0,1,2,0.0
1031554479035,P1-fast-idle,804,1025,0,1,2,0.0
1031554641393,P1-fast-idle,804,1025,0,1,2,0.0
1031554803959,P1-fast-idle,805,1026,0,1,2,0.0
1031554966086,P1-fast-idle,805,1026,0,1,2,0.0
1031555127970,P1-fast-idle,805,1026,0,1,2,0.0
1031555290068,P1-fast-idle,805,1026,0,1,2,0.0
1031555452015,P1-fast-idle,805,1026,0,1,2,0.0
1031555614299,P1-fast-idle,805,1026,0,1,2,0.0
1031555786870,P1-fast-idle,806,1027,0,1,2,0.0
1031555949065,P1-fast-idle,806,1027,0,1,2,0.0
1031556110894,P1-fast-idle,806,1027,0,1,2,0.0
1031556271884,P1-fast-idle,806,1027,0,1,2,0.0
1031556433882,P1-fast-idle,806,1027,0,1,2,0.0
1031556595455,P1-fast-idle,806,1027,0,1,2,0.0
1031556757318,P1-fast-idle,806,1027,0,1,2,0.0
1031556918475,P1-fast-idle,807,1028,0,1,2,0.0
1031557081083,P1-fast-idle,807,1028,0,1,2,0.0
1031557240122,P1-fast-idle,807,1028,0,1,2,0.0
1031557399233,P1-fast-idle,807,1028,0,1,2,0.0
1031557559763,P1-fast-idle,807,1028,0,1,2,0.0
1031557719272,P1-fast-idle,807,1028,0,1,2,0.0
1031557882065,P1-fast-idle,808,1029,0,1,2,0.0
1031558020076,P1-fast-idle,808,1029,0,1,2,0.0
1031558181940,P1-fast-idle,808,1029,0,1,2,0.0
1031558350612,P1-fast-idle,808,1029,0,1,2,0.0
1031558512402,P1-fast-idle,808,1029,0,1,2,0.0
1031558674131,P1-fast-idle,808,1029,0,1,2,0.0
1031558836789,P1-fast-idle,808,1029,0,1,2,0.0
1031559011092,P1-fast-idle,809,1030,0,1,2,0.0
1031559174855,P1-fast-idle,809,1030,0,1,2,0.0
1031559336052,P1-fast-idle,809,1030,0,1,2,0.0
1031559497898,P1-fast-idle,809,1030,0,1,2,0.0
1031559659882,P1-fast-idle,809,1030,0,1,2,0.0
1031559821051,P1-fast-idle,809,1030,0,1,2,0.0
1031559987797,P1-fast-idle,809,1030,0,1,2,0.0
1031560149745,P1-fast-idle,810,1031,0,1,2,0.0
1031560311752,P1-fast-idle,810,1031,0,1,2,0.0
1031560473933,P1-fast-idle,810,1031,0,1,2,0.0
1031560635381,P1-fast-idle,810,1031,0,1,2,0.0
1031560797233,P1-fast-idle,810,1031,0,1,2,0.0
1031560958500,P1-fast-idle,810,1031,0,1,2,0.0
1031561120468,P1-fast-idle,811,1032,0,1,2,0.0
1031561281724,P1-fast-idle,811,1032,0,1,2,0.0
1031561444251,P1-fast-idle,811,1032,0,1,2,0.0
1031561606213,P1-fast-idle,811,1032,0,1,2,0.0
1031561767611,P1-fast-idle,811,1032,0,1,2,0.0
1031561929585,P1-fast-idle,811,1032,0,1,2,0.0
1031562095811,P1-fast-idle,811,1032,0,1,2,0.0
1031562258831,P1-fast-idle,812,1033,0,1,2,0.0
1031562422054,P1-fast-idle,812,1033,0,1,2,0.0
1031562584405,P1-fast-idle,812,1033,0,1,2,0.0
1031562746959,P1-fast-idle,812,1033,0,1,2,0.0
1031562908943,P1-fast-idle,812,1033,0,1,2,0.0
1031563072002,P1-fast-idle,812,1033,0,1,2,0.0
1031563233783,P1-fast-idle,813,1034,0,1,2,0.0
1031563395610,P1-fast-idle,813,1034,0,1,2,0.0
1031563559266,P1-fast-idle,813,1034,0,1,2,0.0
1031563723662,P1-fast-idle,813,1034,0,1,2,0.0
1031563885714,P1-fast-idle,813,1034,0,1,2,0.0
1031564048034,P1-fast-idle,813,1034,0,1,2,0.0
1031564212211,P1-fast-idle,813,1034,0,1,2,0.0
1031564376413,P1-fast-idle,814,1035,0,1,2,0.0
1031564538085,P1-fast-idle,814,1035,0,1,2,0.0
1031564699996,P1-fast-idle,814,1035,0,1,2,0.0
1031564862829,P1-fast-idle,814,1035,0,1,2,0.0
1031565025161,P1-fast-idle,814,1035,0,1,2,0.0
1031565187221,P1-fast-idle,814,1035,0,1,2,0.0
1031565354088,P1-fast-idle,815,1036,0,1,2,0.0
1031565516213,P1-fast-idle,815,1036,0,1,2,0.0
1031565677361,P1-fast-idle,815,1036,0,1,2,0.0
1031565838780,P1-fast-idle,815,1036,0,1,2,0.0
1031566009396,P1-fast-idle,815,1036,0,1,2,0.0
1031566171240,P1-fast-idle,815,1036,0,1,2,0.0
1031566335437,P1-fast-idle,815,1036,0,1,2,0.0
1031566497906,P1-fast-idle,816,1037,0,1,2,0.0
1031566659333,P1-fast-idle,816,1037,0,1,2,0.0
1031566821127,P1-fast-idle,816,1037,0,1,2,0.0
1031566982485,P1-fast-idle,816,1037,0,1,2,0.0
1031567144684,P1-fast-idle,816,1037,0,1,2,0.0
1031567306054,P1-fast-idle,816,1037,0,1,2,0.0
1031567469165,P1-fast-idle,817,1038,0,1,2,0.0
1031567630649,P1-fast-idle,817,1038,0,1,2,0.0
1031567792066,P1-fast-idle,817,1038,0,1,2,0.0
1031567953482,P1-fast-idle,817,1038,0,1,2,0.0
1031568115365,P1-fast-idle,817,1038,0,1,2,0.0
1031568277406,P1-fast-idle,817,1038,0,1,2,0.0
1031568441933,P1-fast-idle,817,1038,0,1,2,0.0
1031568605499,P1-fast-idle,818,1040,0,1,2,0.0
1031568766760,P1-fast-idle,818,1040,0,1,2,0.0
1031568927578,P1-fast-idle,818,1040,0,1,2,0.0
1031569090161,P1-fast-idle,818,1040,0,1,2,0.0
1031569251923,P1-fast-idle,818,1040,0,1,2,0.0
1031569416170,P1-fast-idle,818,1040,0,1,2,0.0
1031569577746,P1-fast-idle,819,1041,0,1,2,0.0
1031569739821,P1-fast-idle,819,1041,0,1,2,0.0
1031569903208,P1-fast-idle,819,1041,0,1,2,0.0
1031570065404,P1-fast-idle,819,1041,0,1,2,0.0
1031570226607,P1-fast-idle,819,1041,0,1,2,0.0
1031570387954,P1-fast-idle,819,1041,0,1,2,0.0
1031570550955,P1-fast-idle,819,1041,0,1,2,0.0
1031570713340,P1-fast-idle,820,1042,0,1,2,0.0
1031570876790,P1-fast-idle,820,1042,0,1,2,0.0
1031571039413,P1-fast-idle,820,1042,0,1,2,0.0
1031571202103,P1-fast-idle,820,1042,0,1,2,0.0
1031571364285,P1-fast-idle,820,1042,0,1,2,0.0
1031571526893,P1-fast-idle,820,1042,0,1,2,0.0
1031571691184,P1-fast-idle,821,1043,0,1,2,0.0
1031571854293,P1-fast-idle,821,1043,0,1,2,0.0
1031572016994,P1-fast-idle,821,1043,0,1,2,0.0
1031572179104,P1-fast-idle,821,1043,0,1,2,0.0
1031572341302,P1-fast-idle,821,1043,0,1,2,0.0
1031572503990,P1-fast-idle,821,1043,0,1,2,0.0
1031572667016,P1-fast-idle,821,1043,0,1,2,0.0
1031572830479,P1-fast-idle,822,1044,0,1,2,0.0
1031572992221,P1-fast-idle,822,1044,0,1,2,0.0
1031573155214,P1-fast-idle,822,1044,0,1,2,0.0
1031573316700,P1-fast-idle,822,1044,0,1,2,0.0
1031573478983,P1-fast-idle,822,1044,0,1,2,0.0
1031573641329,P1-fast-idle,822,1044,0,1,2,0.0
1031573803341,P1-fast-idle,823,1045,0,1,2,0.0
1031573965960,P1-fast-idle,823,1045,0,1,2,0.0
1031574130490,P1-fast-idle,823,1045,0,1,2,0.0
1031574293461,P1-fast-idle,823,1045,0,1,2,0.0
1031574457045,P1-fast-idle,823,1045,0,1,2,0.0
1031574620999,P1-fast-idle,823,1045,0,1,2,0.0
1031574785149,P1-fast-idle,823,1045,0,1,2,0.0
1031574948352,P1-fast-idle,824,1046,0,1,2,0.0
1031575114737,P1-fast-idle,824,1046,0,1,2,0.0
1031575278071,P1-fast-idle,824,1046,0,1,2,0.0
1031575440163,P1-fast-idle,824,1046,0,1,2,0.0
1031575601654,P1-fast-idle,824,1046,0,1,2,0.0
1031575763850,P1-fast-idle,824,1046,0,1,2,0.0
1031575926078,P1-fast-idle,825,1047,0,1,2,0.0
1031576088745,P1-fast-idle,825,1047,0,1,2,0.0
1031576251054,P1-fast-idle,825,1047,0,1,2,0.0
1031576413393,P1-fast-idle,825,1047,0,1,2,0.0
1031576574427,P1-fast-idle,825,1047,0,1,2,0.0
1031576736350,P1-fast-idle,825,1047,0,1,2,0.0
1031576898616,P1-fast-idle,825,1047,0,1,2,0.0
1031577061825,P1-fast-idle,826,1048,0,1,2,0.0
1031577224131,P1-fast-idle,826,1048,0,1,2,0.0
1031577386704,P1-fast-idle,826,1048,0,1,2,0.0
1031577549284,P1-fast-idle,826,1048,0,1,2,0.0
1031577711551,P1-fast-idle,826,1048,0,1,2,0.0
1031577873397,P1-fast-idle,826,1048,0,1,2,0.0
1031578038378,P1-fast-idle,827,1049,0,1,2,0.0
1031578201074,P1-fast-idle,827,1049,0,1,2,0.0
1031578363911,P1-fast-idle,827,1049,0,1,2,0.0
1031578528318,P1-fast-idle,827,1049,0,1,2,0.0
1031578691310,P1-fast-idle,827,1049,0,1,2,0.0
1031578852942,P1-fast-idle,827,1049,0,1,2,0.0
1031579016203,P1-fast-idle,827,1049,0,1,2,0.0
1031579179626,P1-fast-idle,828,1050,0,1,2,0.0
1031579341519,P1-fast-idle,828,1050,0,1,2,0.0
1031579504125,P1-fast-idle,828,1050,0,1,2,0.0
1031579665792,P1-fast-idle,828,1050,0,1,2,0.0
1031579829176,P1-fast-idle,828,1050,0,1,2,0.0
1031579991288,P1-fast-idle,828,1050,0,1,2,0.0
1031580153668,P1-fast-idle,829,1051,0,1,2,0.0
1031580316708,P1-fast-idle,829,1051,0,1,2,0.0
1031580479667,P1-fast-idle,829,1051,0,1,2,0.0
1031580642587,P1-fast-idle,829,1051,0,1,2,0.0
1031580805324,P1-fast-idle,829,1051,0,1,2,0.0
1031580967793,P1-fast-idle,829,1051,0,1,2,0.0
1031581132276,P1-fast-idle,829,1051,0,1,2,0.0
1031581294470,P1-fast-idle,830,1052,0,1,2,0.0
1031581457942,P1-fast-idle,830,1052,0,1,2,0.0
1031581620201,P1-fast-idle,830,1052,0,1,2,0.0
1031581782916,P1-fast-idle,830,1052,0,1,2,0.0
1031581944573,P1-fast-idle,830,1052,0,1,2,0.0
1031582107080,P1-fast-idle,830,1052,0,1,2,0.0
1031582269207,P1-fast-idle,831,1053,0,1,2,0.0
1031582431928,P1-fast-idle,831,1053,0,1,2,0.0
1031582594147,P1-fast-idle,831,1053,0,1,2,0.0
1031582757906,P1-fast-idle,831,1053,0,1,2,0.0
1031582919830,P1-fast-idle,831,1053,0,1,2,0.0
1031583082006,P1-fast-idle,831,1053,0,1,2,0.0
1031583244506,P1-fast-idle,831,1053,0,1,2,0.0
1031583406892,P1-fast-idle,832,1054,0,1,2,0.0
1031583569156,P1-fast-idle,832,1054,0,1,2,0.0
1031583731350,P1-fast-idle,832,1054,0,1,2,0.0
1031583894561,P1-fast-idle,832,1054,0,1,2,0.0
1031584058119,P1-fast-idle,832,1054,0,1,2,0.0
1031584220035,P1-fast-idle,832,1054,0,1,2,0.0
1031584385127,P1-fast-idle,833,1055,0,1,2,0.0
1031584546856,P1-fast-idle,833,1055,0,1,2,0.0
1031584708646,P1-fast-idle,833,1055,0,1,2,0.0
1031584871264,P1-fast-idle,833,1055,0,1,2,0.0
1031585035209,P1-fast-idle,833,1055,0,1,2,0.0
1031585196740,P1-fast-idle,833,1055,0,1,2,0.0
1031585358732,P1-fast-idle,833,1055,0,1,2,0.0
1031585521070,P1-fast-idle,834,1056,0,1,2,0.0
1031585682624,P1-fast-idle,834,1056,0,1,2,0.0
1031585845340,P1-fast-idle,834,1056,0,1,2,0.0
1031586008183,P1-fast-idle,834,1056,0,1,2,0.0
1031586170258,P1-fast-idle,834,1056,0,1,2,0.0
1031586332797,P1-fast-idle,834,1056,0,1,2,0.0
1031586494779,P1-fast-idle,835,1058,0,1,2,0.0
1031586656890,P1-fast-idle,835,1058,0,1,2,0.0
1031586818341,P1-fast-idle,835,1058,0,1,2,0.0
1031586980540,P1-fast-idle,835,1058,0,1,2,0.0
1031587142449,P1-fast-idle,835,1058,0,1,2,0.0
1031587304103,P1-fast-idle,835,1058,0,1,2,0.0
1031587467636,P1-fast-idle,835,1058,0,1,2,0.0
1031587629486,P1-fast-idle,836,1059,0,1,2,0.0
1031587792234,P1-fast-idle,836,1059,0,1,2,0.0
1031587954413,P1-fast-idle,836,1059,0,1,2,0.0
1031588117801,P1-fast-idle,836,1059,0,1,2,0.0
1031588279661,P1-fast-idle,836,1059,0,1,2,0.0
1031588442526,P1-fast-idle,836,1059,0,1,2,0.0
1031588604191,P1-fast-idle,837,1060,0,1,2,0.0
1031588766800,P1-fast-idle,837,1060,0,1,2,0.0
1031588928311,P1-fast-idle,837,1060,0,1,2,0.0
1031589090202,P1-fast-idle,837,1060,0,1,2,0.0
1031589252464,P1-fast-idle,837,1060,0,1,2,0.0
1031589414956,P1-fast-idle,837,1060,0,1,2,0.0
1031589576589,P1-fast-idle,837,1060,0,1,2,0.0
1031589739006,P1-fast-idle,838,1061,0,1,2,0.0
1031589901336,P1-fast-idle,838,1061,0,1,2,0.0
1031590063749,P1-fast-idle,838,1061,0,1,2,0.0
1031590227095,P1-fast-idle,838,1061,0,1,2,0.0
1031590388720,P1-fast-idle,838,1061,0,1,2,0.0
1031590550156,P1-fast-idle,838,1061,0,1,2,0.0
1031590714171,P1-fast-idle,839,1062,0,1,2,0.0
1031590878939,P1-fast-idle,839,1062,0,1,2,0.0
1031591041184,P1-fast-idle,839,1062,0,1,2,0.0
1031591202902,P1-fast-idle,839,1062,0,1,2,0.0
1031591364825,P1-fast-idle,839,1062,0,1,2,0.0
1031591526678,P1-fast-idle,839,1062,0,1,2,0.0
1031591688639,P1-fast-idle,839,1062,0,1,2,0.0
1031591850335,P1-fast-idle,840,1063,0,1,2,0.0
1031592012909,P1-fast-idle,840,1063,0,1,2,0.0
1031592175451,P1-fast-idle,840,1063,0,1,2,0.0
1031592337001,P1-fast-idle,840,1063,0,1,2,0.0
1031592498834,P1-fast-idle,840,1063,0,1,2,0.0
1031592660447,P1-fast-idle,840,1063,0,1,2,0.0
1031592822566,P1-fast-idle,841,1064,0,1,2,0.0
1031592985995,P1-fast-idle,841,1064,0,1,2,0.0
1031593148495,P1-fast-idle,841,1064,0,1,2,0.0
1031593310798,P1-fast-idle,841,1064,0,1,2,0.0
1031593472582,P1-fast-idle,841,1064,0,1,2,0.0
1031593634242,P1-fast-idle,841,1064,0,1,2,0.0
1031593798768,P1-fast-idle,841,1064,0,1,2,0.0
1031593960433,P1-fast-idle,842,1065,0,1,2,0.0
1031594122933,P1-fast-idle,842,1065,0,1,2,0.0
1031594285797,P1-fast-idle,842,1065,0,1,2,0.0
1031594447946,P1-fast-idle,842,1065,0,1,2,0.0
1031594609564,P1-fast-idle,842,1065,0,1,2,0.0
1031594772402,P1-fast-idle,842,1065,0,1,2,0.0
1031594942931,P1-fast-idle,843,1066,0,1,2,0.0
1031595105913,P1-fast-idle,843,1066,0,1,2,0.0
1031595267257,P1-fast-idle,843,1066,0,1,2,0.0
1031595430741,P1-fast-idle,843,1066,0,1,2,0.0
1031595592641,P1-fast-idle,843,1066,0,1,2,0.0
1031595753526,P1-fast-idle,843,1066,0,1,2,0.0
1031595916170,P1-fast-idle,843,1066,0,1,2,0.0
1031596079024,P1-fast-idle,844,1067,0,1,2,0.0
1031596241370,P1-fast-idle,844,1067,0,1,2,0.0
1031596403204,P1-fast-idle,844,1067,0,1,2,0.0
1031596564694,P1-fast-idle,844,1067,0,1,2,0.0
1031596725650,P1-fast-idle,844,1067,0,1,2,0.0
1031596886596,P1-fast-idle,844,1067,0,1,2,0.0
1031597055051,P1-fast-idle,845,1068,0,1,2,0.0
1031597216543,P1-fast-idle,845,1068,0,1,2,0.0
1031597378212,P1-fast-idle,845,1068,0,1,2,0.0
1031597541126,P1-fast-idle,845,1068,0,1,2,0.0
1031597702522,P1-fast-idle,845,1068,0,1,2,0.0
1031597864374,P1-fast-idle,845,1068,0,1,2,0.0
1031598041587,P1-fast-idle,845,1068,0,1,2,0.0
1031598212316,P1-fast-idle,846,1069,0,1,2,0.0
1031598373798,P1-fast-idle,846,1069,0,1,2,0.0
1031598534299,P1-fast-idle,846,1069,0,1,2,0.0
1031598694025,P1-fast-idle,846,1069,0,1,2,0.0
1031598854950,P1-fast-idle,846,1069,0,1,2,0.0
1031599011163,P1-fast-idle,846,1069,0,1,2,0.0
1031599171994,P1-fast-idle,847,1070,0,1,2,0.0
1031599332633,P1-fast-idle,847,1070,0,1,2,0.0
1031599492511,P1-fast-idle,847,1070,0,1,2,0.0
1031599653068,P1-fast-idle,847,1070,0,1,2,0.0
1031599813285,P1-fast-idle,847,1070,0,1,2,0.0
1031599972933,P1-fast-idle,847,1070,0,1,2,0.0
1031600136051,P1-fast-idle,847,1070,0,1,2,0.0
1031600297669,P1-fast-idle,848,1071,0,1,2,0.0
1031600458314,P1-fast-idle,848,1071,0,1,2,0.0
1031600619467,P1-fast-idle,848,1071,0,1,2,0.0
1031600779162,P1-fast-idle,848,1071,0,1,2,0.0
1031600939903,P1-fast-idle,848,1071,0,1,2,0.0
1031601099362,P1-fast-idle,848,1071,0,1,2,0.0
1031601262509,P1-fast-idle,848,1071,0,1,2,0.0
1031601425072,P1-fast-idle,849,1072,0,1,2,0.0
1031601584896,P1-fast-idle,849,1072,0,1,2,0.0
1031601744238,P1-fast-idle,849,1072,0,1,2,0.0
1031601903906,P1-fast-idle,849,1072,0,1,2,0.0
1031602064319,P1-fast-idle,849,1072,0,1,2,0.0
1031602224122,P1-fast-idle,849,1072,0,1,2,0.0
1031602385072,P1-fast-idle,850,1073,0,1,2,0.0
1031602545516,P1-fast-idle,850,1073,0,1,2,0.0
1031602705684,P1-fast-idle,850,1073,0,1,2,0.0
1031602865738,P1-fast-idle,850,1073,0,1,2,0.0
1031603011611,P1-fast-idle,850,1073,0,1,2,0.0
1031603172614,P1-fast-idle,850,1073,0,1,2,0.0
1031603334910,P1-fast-idle,850,1073,0,1,2,0.0
1031603496477,P1-fast-idle,851,1074,0,1,2,0.0
1031603656908,P1-fast-idle,851,1074,0,1,2,0.0
1031603819925,P1-fast-idle,851,1074,0,1,2,0.0
1031603979569,P1-fast-idle,851,1074,0,1,2,0.0
1031604139378,P1-fast-idle,851,1074,0,1,2,0.0
1031604298999,P1-fast-idle,851,1074,0,1,2,0.0
1031604460018,P1-fast-idle,852,1076,0,1,2,0.0
1031604620641,P1-fast-idle,852,1076,0,1,2,0.0
1031604780505,P1-fast-idle,852,1076,0,1,2,0.0
1031604940014,P1-fast-idle,852,1076,0,1,2,0.0
1031605102623,P1-fast-idle,852,1076,0,1,2,0.0
1031605263907,P1-fast-idle,852,1076,0,1,2,0.0
1031605435035,P1-fast-idle,852,1076,0,1,2,0.0
1031605597996,P1-fast-idle,853,1077,0,1,2,0.0
1031605760548,P1-fast-idle,853,1077,0,1,2,0.0
1031605920341,P1-fast-idle,853,1077,0,1,2,0.0
1031606080440,P1-fast-idle,853,1077,0,1,2,0.0
1031606240276,P1-fast-idle,853,1077,0,1,2,0.0
1031606402374,P1-fast-idle,853,1077,0,1,2,0.0
1031606563693,P1-fast-idle,854,1078,0,1,2,0.0
1031606723804,P1-fast-idle,854,1078,0,1,2,0.0
1031606884315,P1-fast-idle,854,1078,0,1,2,0.0
1031607014367,P1-fast-idle,854,1078,0,1,2,0.0
1031607176501,P1-fast-idle,854,1078,0,1,2,0.0
1031607338230,P1-fast-idle,854,1078,0,1,2,0.0
1031607499219,P1-fast-idle,854,1078,0,1,2,0.0
1031607662301,P1-fast-idle,855,1079,0,1,2,0.0
1031607823734,P1-fast-idle,855,1079,0,1,2,0.0
1031607986231,P1-fast-idle,855,1079,0,1,2,0.0
1031608149133,P1-fast-idle,855,1079,0,1,2,0.0
1031608311412,P1-fast-idle,855,1079,0,1,2,0.0
1031608472621,P1-fast-idle,855,1079,0,1,2,0.0
1031608634814,P1-fast-idle,855,1079,0,1,2,0.0
1031608797850,P1-fast-idle,856,1080,0,1,2,0.0
1031608959998,P1-fast-idle,856,1080,0,1,2,0.0
1031609122362,P1-fast-idle,856,1080,0,1,2,0.0
1031609283887,P1-fast-idle,856,1080,0,1,2,0.0
1031609445253,P1-fast-idle,856,1080,0,1,2,0.0
1031609610179,P1-fast-idle,856,1080,0,1,2,0.0
1031609772872,P1-fast-idle,857,1081,0,1,2,0.0
1031609934281,P1-fast-idle,857,1081,0,1,2,0.0
1031610095549,P1-fast-idle,857,1081,0,1,2,0.0
1031610256020,P1-fast-idle,857,1081,0,1,2,0.0
1031610419874,P1-fast-idle,857,1081,0,1,2,0.0
1031610580771,P1-fast-idle,857,1081,0,1,2,0.0
1031610748687,P1-fast-idle,857,1081,0,1,2,0.0
1031610911227,P1-fast-idle,858,1082,0,1,2,0.0
1031611073354,P1-fast-idle,858,1082,0,1,2,0.0
1031611234457,P1-fast-idle,858,1082,0,1,2,0.0
1031611396097,P1-fast-idle,858,1082,0,1,2,0.0
1031611556937,P1-fast-idle,858,1082,0,1,2,0.0
1031611718563,P1-fast-idle,858,1082,0,1,2,0.0
1031611881659,P1-fast-idle,859,1083,0,1,2,0.0
1031612044904,P1-fast-idle,859,1083,0,1,2,0.0
1031612207749,P1-fast-idle,859,1083,0,1,2,0.0
1031612368595,P1-fast-idle,859,1083,0,1,2,0.0
1031612531242,P1-fast-idle,859,1083,0,1,2,0.0
1031612695037,P1-fast-idle,859,1083,0,1,2,0.0
1031612857154,P1-fast-idle,859,1083,0,1,2,0.0
1031613020150,P1-fast-idle,860,1084,0,1,2,0.0
1031613181788,P1-fast-idle,860,1084,0,1,2,0.0
1031613344525,P1-fast-idle,860,1084,0,1,2,0.0
1031613508985,P1-fast-idle,860,1084,0,1,2,0.0
1031613671784,P1-fast-idle,860,1084,0,1,2,0.0
1031613833594,P1-fast-idle,860,1084,0,1,2,0.0
1031613996750,P1-fast-idle,861,1085,0,1,2,0.0
1031614159173,P1-fast-idle,861,1085,0,1,2,0.0
1031614320091,P1-fast-idle,861,1085,0,1,2,0.0
1031614480826,P1-fast-idle,861,1085,0,1,2,0.0
1031614641224,P1-fast-idle,861,1085,0,1,2,0.0
1031614803998,P1-fast-idle,861,1085,0,1,2,0.0
1031614965161,P1-fast-idle,861,1085,0,1,2,0.0
1031615126820,P1-fast-idle,862,1086,0,1,2,0.0
1031615288623,P1-fast-idle,862,1086,0,1,2,0.0
1031615451941,P1-fast-idle,862,1086,0,1,2,0.0
1031615586911,P1-fast-idle,862,1086,0,1,2,0.0
1031615752589,P1-fast-idle,862,1086,0,1,2,0.0
1031615918331,P1-fast-idle,862,1086,0,1,2,0.0
1031616084428,P1-fast-idle,862,1086,0,1,2,0.0
1031616248486,P1-fast-idle,863,1087,0,1,2,0.0
1031616410481,P1-fast-idle,863,1087,0,1,2,0.0
1031616571906,P1-fast-idle,863,1087,0,1,2,0.0
1031616734196,P1-fast-idle,863,1087,0,1,2,0.0
1031616895470,P1-fast-idle,863,1087,0,1,2,0.0
1031617056576,P1-fast-idle,863,1087,0,1,2,0.0
1031617218804,P1-fast-idle,864,1088,0,1,2,0.0
1031617380691,P1-fast-idle,864,1088,0,1,2,0.0
1031617542196,P1-fast-idle,864,1088,0,1,2,0.0
1031617704444,P1-fast-idle,864,1088,0,1,2,0.0
1031617866869,P1-fast-idle,864,1088,0,1,2,0.0
1031618028204,P1-fast-idle,864,1088,0,1,2,0.0
1031618190076,P1-fast-idle,864,1088,0,1,2,0.0
1031618354980,P1-fast-idle,865,1089,0,1,2,0.0
1031618517125,P1-fast-idle,865,1089,0,1,2,0.0
1031618678969,P1-fast-idle,865,1089,0,1,2,0.0
1031618839724,P1-fast-idle,865,1089,0,1,2,0.0
1031619013342,P1-fast-idle,865,1089,0,1,2,0.0
1031619174670,P1-fast-idle,865,1089,0,1,2,0.0
1031619336237,P1-fast-idle,866,1090,0,1,2,0.0
1031619497460,P1-fast-idle,866,1090,0,1,2,0.0
1031619658374,P1-fast-idle,866,1090,0,1,2,0.0
1031619820774,P1-fast-idle,866,1090,0,1,2,0.0
1031619981567,P1-fast-idle,866,1090,0,1,2,0.0
1031620142491,P1-fast-idle,866,1090,0,1,2,0.0
1031620303279,P1-fast-idle,866,1090,0,1,2,0.0
1031620464078,P1-fast-idle,867,1091,0,1,2,0.0
1031620625134,P1-fast-idle,867,1091,0,1,2,0.0
1031620790496,P1-fast-idle,867,1091,0,1,2,0.0
1031620952308,P1-fast-idle,867,1091,0,1,2,0.0
1031621117337,P1-fast-idle,867,1091,0,1,2,0.0
1031621279800,P1-fast-idle,867,1091,0,1,2,0.0
1031621442107,P1-fast-idle,868,1092,0,1,2,0.0
1031621604310,P1-fast-idle,868,1092,0,1,2,0.0
1031621766406,P1-fast-idle,868,1092,0,1,2,0.0
1031621928388,P1-fast-idle,868,1092,0,1,2,0.0
1031622090859,P1-fast-idle,868,1092,0,1,2,0.0
1031622255506,P1-fast-idle,868,1092,0,1,2,0.0
1031622418034,P1-fast-idle,868,1092,0,1,2,0.0
1031622580400,P1-fast-idle,869,1094,0,1,2,0.0
1031622742516,P1-fast-idle,869,1094,0,1,2,0.0
1031622904413,P1-fast-idle,869,1094,0,1,2,0.0
1031623067098,P1-fast-idle,869,1094,0,1,2,0.0
1031623229182,P1-fast-idle,869,1094,0,1,2,0.0
1031623390968,P1-fast-idle,869,1094,0,1,2,0.0
1031623552880,P1-fast-idle,870,1095,0,1,2,0.0
1031623716084,P1-fast-idle,870,1095,0,1,2,0.0
1031623878852,P1-fast-idle,870,1095,0,1,2,0.0
1031624041609,P1-fast-idle,870,1095,0,1,2,0.0
1031624204572,P1-fast-idle,870,1095,0,1,2,0.0
1031624366616,P1-fast-idle,870,1095,0,1,2,0.0
1031624529848,P1-fast-idle,870,1095,0,1,2,0.0
1031624691535,P1-fast-idle,871,1096,0,1,2,0.0
1031624852885,P1-fast-idle,871,1096,0,1,2,0.0
1031625015553,P1-fast-idle,871,1096,0,1,2,0.0
1031625178649,P1-fast-idle,871,1096,0,1,2,0.0
1031625345349,P1-fast-idle,871,1096,0,1,2,0.0
1031625507158,P1-fast-idle,871,1096,0,1,2,0.0
1031625670559,P1-fast-idle,872,1097,0,1,2,0.0
1031625833735,P1-fast-idle,872,1097,0,1,2,0.0
1031625995807,P1-fast-idle,872,1097,0,1,2,0.0
1031626158934,P1-fast-idle,872,1097,0,1,2,0.0
1031626322776,P1-fast-idle,872,1097,0,1,2,0.0
1031626485485,P1-fast-idle,872,1097,0,1,2,0.0
1031626647218,P1-fast-idle,872,1097,0,1,2,0.0
1031626809797,P1-fast-idle,873,1098,0,1,2,0.0
1031626971176,P1-fast-idle,873,1098,0,1,2,0.0
1031627133821,P1-fast-idle,873,1098,0,1,2,0.0
1031627295898,P1-fast-idle,873,1098,0,1,2,0.0
1031627457987,P1-fast-idle,873,1098,0,1,2,0.0
1031627620072,P1-fast-idle,873,1098,0,1,2,0.0
1031627781820,P1-fast-idle,874,1099,0,1,2,0.0
1031627942888,P1-fast-idle,874,1099,0,1,2,0.0
1031628105157,P1-fast-idle,874,1099,0,1,2,0.0
1031628266719,P1-fast-idle,874,1099,0,1,2,0.0
1031628430191,P1-fast-idle,874,1099,0,1,2,0.0
1031628593544,P1-fast-idle,874,1099,0,1,2,0.0
1031628755263,P1-fast-idle,874,1099,0,1,2,0.0
1031628917058,P1-fast-idle,875,1100,0,1,2,0.0
1031629079444,P1-fast-idle,875,1100,0,1,2,0.0
1031629241279,P1-fast-idle,875,1100,0,1,2,0.0
1031629402593,P1-fast-idle,875,1100,0,1,2,0.0
1031629564547,P1-fast-idle,875,1100,0,1,2,0.0
1031629725609,P1-fast-idle,875,1100,0,1,2,0.0
1031629887844,P1-fast-idle,876,1101,0,1,2,0.0
1031630050647,P1-fast-idle,876,1101,0,1,2,0.0
1031630212434,P1-fast-idle,876,1101,0,1,2,0.0
1031630373336,P1-fast-idle,876,1101,0,1,2,0.0
1031630535765,P1-fast-idle,876,1101,0,1,2,0.0
1031630696940,P1-fast-idle,876,1101,0,1,2,0.0
1031630858194,P1-fast-idle,876,1101,0,1,2,0.0
1031631020218,P1-fast-idle,877,1102,0,1,2,0.0
1031631182015,P1-fast-idle,877,1102,0,1,2,0.0
1031631344605,P1-fast-idle,877,1102,0,1,2,0.0
1031631508365,P1-fast-idle,877,1102,0,1,2,0.0
1031631672396,P1-fast-idle,877,1102,0,1,2,0.0
1031631834311,P1-fast-idle,877,1102,0,1,2,0.0
1031631996175,P1-fast-idle,878,1103,0,1,2,0.0
1031632158811,P1-fast-idle,878,1103,0,1,2,0.0
1031632320600,P1-fast-idle,878,1103,0,1,2,0.0
1031632483731,P1-fast-idle,878,1103,0,1,2,0.0
1031632645360,P1-fast-idle,878,1103,0,1,2,0.0
1031632807423,P1-fast-idle,878,1103,0,1,2,0.0
1031632969295,P1-fast-idle,878,1103,0,1,2,0.0
1031633132511,P1-fast-idle,879,1104,0,1,2,0.0
1031633293751,P1-fast-idle,879,1104,0,1,2,0.0
1031633456163,P1-fast-idle,879,1104,0,1,2,0.0
1031633618232,P1-fast-idle,879,1104,0,1,2,0.0
1031633780590,P1-fast-idle,879,1104,0,1,2,0.0
1031633942851,P1-fast-idle,879,1104,0,1,2,0.0
1031634108908,P1-fast-idle,880,1105,0,1,2,0.0
1031634271090,P1-fast-idle,880,1105,0,1,2,0.0
1031634433201,P1-fast-idle,880,1105,0,1,2,0.0
1031634594596,P1-fast-idle,880,1105,0,1,2,0.0
1031634756925,P1-fast-idle,880,1105,0,1,2,0.0
1031634921505,P1-fast-idle,880,1105,0,1,2,0.0
1031635084093,P1-fast-idle,880,1105,0,1,2,0.0
1031635246446,P1-fast-idle,881,1106,0,1,2,0.0
1031635408406,P1-fast-idle,881,1106,0,1,2,0.0
1031635570638,P1-fast-idle,881,1106,0,1,2,0.0
1031635733867,P1-fast-idle,881,1106,0,1,2,0.0
1031635897178,P1-fast-idle,881,1106,0,1,2,0.0
1031636061664,P1-fast-idle,881,1106,0,1,2,0.0
1031636223953,P1-fast-idle,882,1107,0,1,2,0.0
1031636386058,P1-fast-idle,882,1107,0,1,2,0.0
1031636548690,P1-fast-idle,882,1107,0,1,2,0.0
1031636712149,P1-fast-idle,882,1107,0,1,2,0.0
1031636874275,P1-fast-idle,882,1107,0,1,2,0.0
1031637037977,P1-fast-idle,882,1107,0,1,2,0.0
1031637199313,P1-fast-idle,882,1107,0,1,2,0.0
1031637359401,P1-fast-idle,883,1108,0,1,2,0.0
1031637520246,P1-fast-idle,883,1108,0,1,2,0.0
1031637681531,P1-fast-idle,883,1108,0,1,2,0.0
1031637841998,P1-fast-idle,883,1108,0,1,2,0.0
1031638005135,P1-fast-idle,883,1108,0,1,2,0.0
1031638167537,P1-fast-idle,883,1108,0,1,2,0.0
1031638331996,P1-fast-idle,884,1109,0,1,2,0.0
1031638494465,P1-fast-idle,884,1109,0,1,2,0.0
1031638656081,P1-fast-idle,884,1109,0,1,2,0.0
1031638818217,P1-fast-idle,884,1109,0,1,2,0.0
1031638980378,P1-fast-idle,884,1109,0,1,2,0.0
1031639142437,P1-fast-idle,884,1109,0,1,2,0.0
1031639304620,P1-fast-idle,884,1109,0,1,2,0.0
1031639466927,P1-fast-idle,885,1110,0,1,2,0.0
1031639628914,P1-fast-idle,885,1110,0,1,2,0.0
1031639790116,P1-fast-idle,885,1110,0,1,2,0.0
1031639952333,P1-fast-idle,885,1110,0,1,2,0.0
1031640115758,P1-fast-idle,885,1110,0,1,2,0.0
1031640278292,P1-fast-idle,885,1110,0,1,2,0.0
1031640465340,P1-fast-idle,886,1112,0,1,2,0.0
1031640628055,P1-fast-idle,886,1112,0,1,2,0.0
1031640789741,P1-fast-idle,886,1112,0,1,2,0.0
1031640952003,P1-fast-idle,886,1112,0,1,2,0.0
1031641114530,P1-fast-idle,886,1112,0,1,2,0.0
1031641280320,P1-fast-idle,886,1112,0,1,2,0.0
1031641443137,P1-fast-idle,886,1112,0,1,2,0.0
1031641605375,P1-fast-idle,887,1113,0,1,2,0.0
1031641766763,P1-fast-idle,887,1113,0,1,2,0.0
1031641929615,P1-fast-idle,887,1113,0,1,2,0.0
1031642091509,P1-fast-idle,887,1113,0,1,2,0.0
1031642253024,P1-fast-idle,887,1113,0,1,2,0.0
1031642414981,P1-fast-idle,887,1113,0,1,2,0.0
1031642577400,P1-fast-idle,888,1114,0,1,2,0.0
1031642739486,P1-fast-idle,888,1114,0,1,2,0.0
1031642901135,P1-fast-idle,888,1114,0,1,2,0.0
1031643063384,P1-fast-idle,888,1114,0,1,2,0.0
1031643225175,P1-fast-idle,888,1114,0,1,2,0.0
1031643387266,P1-fast-idle,888,1114,0,1,2,0.0
1031643549288,P1-fast-idle,888,1114,0,1,2,0.0
1031643712304,P1-fast-idle,889,1115,0,1,2,0.0
1031643875000,P1-fast-idle,889,1115,0,1,2,0.0
1031644037993,P1-fast-idle,889,1115,0,1,2,0.0
1031644200709,P1-fast-idle,889,1115,0,1,2,0.0
1031644364707,P1-fast-idle,889,1115,0,1,2,0.0
1031644528351,P1-fast-idle,889,1115,0,1,2,0.0
1031644696811,P1-fast-idle,890,1116,0,1,2,0.0
1031644859077,P1-fast-idle,890,1116,0,1,2,0.0
1031645020898,P1-fast-idle,890,1116,0,1,2,0.0
1031645181523,P1-fast-idle,890,1116,0,1,2,0.0
1031645341307,P1-fast-idle,890,1116,0,1,2,0.0
1031645501382,P1-fast-idle,890,1116,0,1,2,0.0
1031645660565,P1-fast-idle,890,1116,0,1,2,0.0
1031645821457,P1-fast-idle,891,1117,0,1,2,0.0
1031645981619,P1-fast-idle,891,1117,0,1,2,0.0
1031646143378,P1-fast-idle,891,1117,0,1,2,0.0
1031646304604,P1-fast-idle,891,1117,0,1,2,0.0
1031646468279,P1-fast-idle,891,1117,0,1,2,0.0
1031646629687,P1-fast-idle,891,1117,0,1,2,0.0
1031646808718,P1-fast-idle,891,1117,0,1,2,0.0
1031646970830,P1-fast-idle,892,1118,0,1,2,0.0
1031647134649,P1-fast-idle,892,1118,0,1,2,0.0
1031647296358,P1-fast-idle,892,1118,0,1,2,0.0
1031647457972,P1-fast-idle,892,1118,0,1,2,0.0
1031647621133,P1-fast-idle,892,1118,0,1,2,0.0
1031647783072,P1-fast-idle,892,1118,0,1,2,0.0
1031647944418,P1-fast-idle,893,1119,0,1,2,0.0
1031648106234,P1-fast-idle,893,1119,0,1,2,0.0
1031648268654,P1-fast-idle,893,1119,0,1,2,0.0
1031648431141,P1-fast-idle,893,1119,0,1,2,0.0
1031648592402,P1-fast-idle,893,1119,0,1,2,0.0
1031648754127,P1-fast-idle,893,1119,0,1,2,0.0
1031648919723,P1-fast-idle,893,1119,0,1,2,0.0
1031649082721,P1-fast-idle,894,1120,0,1,2,0.0
1031649244953,P1-fast-idle,894,1120,0,1,2,0.0
1031649406627,P1-fast-idle,894,1120,0,1,2,0.0
1031649569048,P1-fast-idle,894,1120,0,1,2,0.0
1031649730815,P1-fast-idle,894,1120,0,1,2,0.0
1031649891924,P1-fast-idle,894,1120,0,1,2,0.0
1031650054617,P1-fast-idle,895,1121,0,1,2,0.0
1031650216651,P1-fast-idle,895,1121,0,1,2,0.0
1031650379461,P1-fast-idle,895,1121,0,1,2,0.0
1031650541591,P1-fast-idle,895,1121,0,1,2,0.0
1031650705615,P1-fast-idle,895,1121,0,1,2,0.0
1031650867714,P1-fast-idle,895,1121,0,1,2,0.0
1031651033004,P1-fast-idle,895,1121,0,1,2,0.0
1031651195585,P1-fast-idle,896,1122,0,1,2,0.0
1031651358975,P1-fast-idle,896,1122,0,1,2,0.0
1031651521156,P1-fast-idle,896,1122,0,1,2,0.0
1031651682767,P1-fast-idle,896,1122,0,1,2,0.0
1031651844740,P1-fast-idle,896,1122,0,1,2,0.0
1031652007437,P1-fast-idle,896,1122,0,1,2,0.0
1031652170638,P1-fast-idle,897,1123,0,1,2,0.0
1031652332112,P1-fast-idle,897,1123,0,1,2,0.0
1031652493736,P1-fast-idle,897,1123,0,1,2,0.0
1031652656002,P1-fast-idle,897,1123,0,1,2,0.0
1031652818180,P1-fast-idle,897,1123,0,1,2,0.0
1031652980048,P1-fast-idle,897,1123,0,1,2,0.0
1031653142341,P1-fast-idle,897,1123,0,1,2,0.0
1031653304970,P1-fast-idle,898,1124,0,1,2,0.0
1031653466648,P1-fast-idle,898,1124,0,1,2,0.0
1031653628766,P1-fast-idle,898,1124,0,1,2,0.0
1031653789736,P1-fast-idle,898,1124,0,1,2,0.0
1031653952908,P1-fast-idle,898,1124,0,1,2,0.0
1031654116068,P1-fast-idle,898,1124,0,1,2,0.0
1031654278998,P1-fast-idle,899,1125,0,1,2,0.0
1031654440805,P1-fast-idle,899,1125,0,1,2,0.0
1031654602400,P1-fast-idle,899,1125,0,1,2,0.0
1031654763898,P1-fast-idle,899,1125,0,1,2,0.0
1031654926234,P1-fast-idle,899,1125,0,1,2,0.0
1031655087917,P1-fast-idle,899,1125,0,1,2,0.0
1031655249166,P1-fast-idle,899,1125,0,1,2,0.0
1031655411237,P1-fast-idle,900,1126,0,1,2,0.0
1031655573065,P1-fast-idle,900,1126,0,1,2,0.0
1031655734855,P1-fast-idle,900,1126,0,1,2,0.0
1031655896937,P1-fast-idle,900,1126,0,1,2,0.0
1031656059159,P1-fast-idle,900,1126,0,1,2,0.0
1031656220661,P1-fast-idle,900,1126,0,1,2,0.0
1031656384342,P1-fast-idle,901,1127,0,1,2,0.0
1031656546949,P1-fast-idle,901,1127,0,1,2,0.0
1031656708376,P1-fast-idle,901,1127,0,1,2,0.0
1031656873032,P1-fast-idle,901,1127,0,1,2,0.0
1031657036211,P1-fast-idle,901,1127,0,1,2,0.0
1031657197335,P1-fast-idle,901,1127,0,1,2,0.0
1031657360867,P1-fast-idle,901,1127,0,1,2,0.0
1031657523728,P1-fast-idle,902,1128,0,1,2,0.0
1031657686050,P1-fast-idle,902,1128,0,1,2,0.0
1031657848053,P1-fast-idle,902,1128,0,1,2,0.0
1031658011153,P1-fast-idle,902,1128,0,1,2,0.0
1031658173157,P1-fast-idle,902,1128,0,1,2,0.0
1031658334380,P1-fast-idle,902,1128,0,1,2,0.0
1031658496712,P1-fast-idle,903,1130,0,1,2,0.0
1031658658453,P1-fast-idle,903,1130,0,1,2,0.0
1031658822281,P1-fast-idle,903,1130,0,1,2,0.0
1031658983888,P1-fast-idle,903,1130,0,1,2,0.0
1031659145622,P1-fast-idle,903,1130,0,1,2,0.0
1031659307313,P1-fast-idle,903,1130,0,1,2,0.0
1031659469267,P1-fast-idle,903,1130,0,1,2,0.0
1031659633970,P1-fast-idle,904,1131,0,1,2,0.0
1031659796040,P1-fast-idle,904,1131,0,1,2,0.0
1031659956893,P1-fast-idle,904,1131,0,1,2,0.0
1031660119527,P1-fast-idle,904,1131,0,1,2,0.0
1031660282710,P1-fast-idle,904,1131,0,1,2,0.0
1031660444239,P1-fast-idle,904,1131,0,1,2,0.0
1031660605861,P1-fast-idle,905,1132,0,1,2,0.0
1031660768046,P1-fast-idle,905,1132,0,1,2,0.0
1031660930242,P1-fast-idle,905,1132,0,1,2,0.0
1031661092460,P1-fast-idle,905,1132,0,1,2,0.0
1031661254965,P1-fast-idle,905,1132,0,1,2,0.0
1031661416191,P1-fast-idle,905,1132,0,1,2,0.0
1031661577072,P1-fast-idle,905,1132,0,1,2,0.0
1031661738640,P1-fast-idle,906,1133,0,1,2,0.0
1031661901284,P1-fast-idle,906,1133,0,1,2,0.0
1031662065145,P1-fast-idle,906,1133,0,1,2,0.0
1031662226900,P1-fast-idle,906,1133,0,1,2,0.0
1031662387855,P1-fast-idle,906,1133,0,1,2,0.0
1031662551773,P1-fast-idle,906,1133,0,1,2,0.0
1031662716173,P1-fast-idle,907,1134,0,1,2,0.0
1031662878686,P1-fast-idle,907,1134,0,1,2,0.0
1031663041117,P1-fast-idle,907,1134,0,1,2,0.0
1031663202693,P1-fast-idle,907,1134,0,1,2,0.0
1031663366869,P1-fast-idle,907,1134,0,1,2,0.0
1031663529342,P1-fast-idle,907,1134,0,1,2,0.0
1031663691039,P1-fast-idle,907,1134,0,1,2,0.0
1031663852975,P1-fast-idle,908,1135,0,1,2,0.0
1031664015653,P1-fast-idle,908,1135,0,1,2,0.0
1031664176929,P1-fast-idle,908,1135,0,1,2,0.0
1031664338848,P1-fast-idle,908,1135,0,1,2,0.0
1031664500257,P1-fast-idle,908,1135,0,1,2,0.0
1031664661627,P1-fast-idle,908,1135,0,1,2,0.0
1031664833549,P1-fast-idle,909,1136,0,1,2,0.0
1031664996135,P1-fast-idle,909,1136,0,1,2,0.0
1031665157895,P1-fast-idle,909,1136,0,1,2,0.0
1031665319983,P1-fast-idle,909,1136,0,1,2,0.0
1031665481311,P1-fast-idle,909,1136,0,1,2,0.0
1031665642878,P1-fast-idle,909,1136,0,1,2,0.0
1031665804609,P1-fast-idle,909,1136,0,1,2,0.0
1031665966814,P1-fast-idle,910,1137,0,1,2,0.0
1031666128508,P1-fast-idle,910,1137,0,1,2,0.0
1031666290097,P1-fast-idle,910,1137,0,1,2,0.0
1031666452551,P1-fast-idle,910,1137,0,1,2,0.0
1031666615707,P1-fast-idle,910,1137,0,1,2,0.0
1031666777659,P1-fast-idle,910,1137,0,1,2,0.0
1031666945058,P1-fast-idle,911,1138,0,1,2,0.0
1031667109060,P1-fast-idle,911,1138,0,1,2,0.0
1031667270146,P1-fast-idle,911,1138,0,1,2,0.0
1031667432483,P1-fast-idle,911,1138,0,1,2,0.0
1031667593884,P1-fast-idle,911,1138,0,1,2,0.0
1031667756788,P1-fast-idle,911,1138,0,1,2,0.0
1031667918092,P1-fast-idle,911,1138,0,1,2,0.0
1031668079913,P1-fast-idle,912,1139,0,1,2,0.0
1031668241101,P1-fast-idle,912,1139,0,1,2,0.0
1031668403370,P1-fast-idle,912,1139,0,1,2,0.0
1031668566137,P1-fast-idle,912,1139,0,1,2,0.0
1031668728554,P1-fast-idle,912,1139,0,1,2,0.0
1031668890727,P1-fast-idle,912,1139,0,1,2,0.0
1031669058220,P1-fast-idle,913,1140,0,1,2,0.0
1031669220596,P1-fast-idle,913,1140,0,1,2,0.0
1031669382857,P1-fast-idle,913,1140,0,1,2,0.0
1031669544908,P1-fast-idle,913,1140,0,1,2,0.0
1031669709455,P1-fast-idle,913,1140,0,1,2,0.0
1031669870156,P1-fast-idle,913,1140,0,1,2,0.0
1031670031733,P1-fast-idle,913,1140,0,1,2,0.0
1031670194036,P1-fast-idle,914,1141,0,1,2,0.0
1031670355453,P1-fast-idle,914,1141,0,1,2,0.0
1031670517301,P1-fast-idle,914,1141,0,1,2,0.0
1031670679159,P1-fast-idle,914,1141,0,1,2,0.0
1031670840844,P1-fast-idle,914,1141,0,1,2,0.0
1031671013649,P1-fast-idle,914,1141,0,1,2,0.0
1031671190683,P1-fast-idle,915,1142,0,1,2,0.0
1031671351945,P1-fast-idle,915,1142,0,1,2,0.0
1031671513311,P1-fast-idle,915,1142,0,1,2,0.0
1031671674586,P1-fast-idle,915,1142,0,1,2,0.0
1031671835737,P1-fast-idle,915,1142,0,1,2,0.0
1031671998104,P1-fast-idle,915,1142,0,1,2,0.0
1031672160157,P1-fast-idle,915,1142,0,1,2,0.0
1031672321910,P1-fast-idle,916,1143,0,1,2,0.0
1031672484032,P1-fast-idle,916,1143,0,1,2,0.0
1031672645753,P1-fast-idle,916,1143,0,1,2,0.0
1031672807293,P1-fast-idle,916,1143,0,1,2,0.0
1031672972379,P1-fast-idle,916,1143,0,1,2,0.0
1031673134497,P1-fast-idle,916,1143,0,1,2,0.0
1031673301845,P1-fast-idle,917,1144,0,1,2,0.0
1031673463886,P1-fast-idle,917,1144,0,1,2,0.0
1031673626045,P1-fast-idle,917,1144,0,1,2,0.0
1031673788833,P1-fast-idle,917,1144,0,1,2,0.0
1031673949948,P1-fast-idle,917,1144,0,1,2,0.0
1031674111672,P1-fast-idle,917,1144,0,1,2,0.0
1031674273047,P1-fast-idle,917,1144,0,1,2,0.0
1031674435466,P1-fast-idle,918,1145,0,1,2,0.0
1031674597971,P1-fast-idle,918,1145,0,1,2,0.0
1031674760159,P1-fast-idle,918,1145,0,1,2,0.0
1031674922632,P1-fast-idle,918,1145,0,1,2,0.0
1031675084576,P1-fast-idle,918,1145,0,1,2,0.0
1031675245717,P1-fast-idle,918,1145,0,1,2,0.0
1031675421318,P1-fast-idle,919,1146,0,1,2,0.0
1031675583316,P1-fast-idle,919,1146,0,1,2,0.0
1031675745210,P1-fast-idle,919,1146,0,1,2,0.0
1031675906898,P1-fast-idle,919,1146,0,1,2,0.0
1031676073801,P1-fast-idle,919,1146,0,1,2,0.0
1031676235078,P1-fast-idle,919,1146,0,1,2,0.0
1031676396897,P1-fast-idle,919,1146,0,1,2,0.0
1031676559314,P1-fast-idle,920,1148,0,1,2,0.0
1031676721585,P1-fast-idle,920,1148,0,1,2,0.0
1031676883526,P1-fast-idle,920,1148,0,1,2,0.0
1031677045346,P1-fast-idle,920,1148,0,1,2,0.0
1031677207036,P1-fast-idle,920,1148,0,1,2,0.0
1031677368891,P1-fast-idle,920,1148,0,1,2,0.0
1031677531872,P1-fast-idle,921,1149,0,1,2,0.0
1031677693111,P1-fast-idle,921,1149,0,1,2,0.0
1031677854347,P1-fast-idle,921,1149,0,1,2,0.0
1031678016797,P1-fast-idle,921,1149,0,1,2,0.0
1031678179449,P1-fast-idle,921,1149,0,1,2,0.0
1031678340457,P1-fast-idle,921,1149,0,1,2,0.0
1031678503133,P1-fast-idle,921,1149,0,1,2,0.0
1031678665981,P1-fast-idle,922,1150,0,1,2,0.0
1031678827596,P1-fast-idle,922,1150,0,1,2,0.0
1031678989117,P1-fast-idle,922,1150,0,1,2,0.0
1031679151589,P1-fast-idle,922,1150,0,1,2,0.0
1031679314814,P1-fast-idle,922,1150,0,1,2,0.0
1031679476590,P1-fast-idle,922,1150,0,1,2,0.0
1031679638607,P1-fast-idle,923,1151,0,1,2,0.0
1031679799891,P1-fast-idle,923,1151,0,1,2,0.0
1031679960808,P1-fast-idle,923,1151,0,1,2,0.0
1031680123141,P1-fast-idle,923,1151,0,1,2,0.0
1031680284393,P1-fast-idle,923,1151,0,1,2,0.0
1031680446841,P1-fast-idle,923,1151,0,1,2,0.0
1031680608935,P1-fast-idle,923,1151,0,1,2,0.0
1031680771295,P1-fast-idle,924,1152,0,1,2,0.0
1031680933518,P1-fast-idle,924,1152,0,1,2,0.0
1031681095652,P1-fast-idle,924,1152,0,1,2,0.0
1031681258490,P1-fast-idle,924,1152,0,1,2,0.0
1031681421207,P1-fast-idle,924,1152,0,1,2,0.0
1031681582780,P1-fast-idle,924,1152,0,1,2,0.0
1031681747726,P1-fast-idle,925,1153,0,1,2,0.0
1031681923096,P1-fast-idle,925,1153,0,1,2,0.0
1031682084307,P1-fast-idle,925,1153,0,1,2,0.0
1031682246089,P1-fast-idle,925,1153,0,1,2,0.0
1031682410181,P1-fast-idle,925,1153,0,1,2,0.0
1031682572081,P1-fast-idle,925,1153,0,1,2,0.0
1031682733776,P1-fast-idle,925,1153,0,1,2,0.0
1031682895878,P1-fast-idle,926,1154,0,1,2,0.0
1031683057440,P1-fast-idle,926,1154,0,1,2,0.0
1031683218775,P1-fast-idle,926,1154,0,1,2,0.0
1031683381948,P1-fast-idle,926,1154,0,1,2,0.0
1031683544463,P1-fast-idle,926,1154,0,1,2,0.0
1031683706870,P1-fast-idle,926,1154,0,1,2,0.0
1031683883744,P1-fast-idle,927,1155,0,1,2,0.0
1031684047404,P1-fast-idle,927,1155,0,1,2,0.0
1031684209181,P1-fast-idle,927,1155,0,1,2,0.0
1031684370417,P1-fast-idle,927,1155,0,1,2,0.0
1031684538279,P1-fast-idle,927,1155,0,1,2,0.0
1031684700115,P1-fast-idle,927,1155,0,1,2,0.0
1031684862144,P1-fast-idle,927,1155,0,1,2,0.0
1031685025045,P1-fast-idle,928,1156,0,1,2,0.0
1031685187971,P1-fast-idle,928,1156,0,1,2,0.0
1031685349622,P1-fast-idle,928,1156,0,1,2,0.0
1031685512065,P1-fast-idle,928,1156,0,1,2,0.0
1031685705362,P1-fast-idle,928,1156,0,1,2,0.0
1031685866776,P1-fast-idle,928,1156,0,1,2,0.0
1031686029868,P1-fast-idle,929,1157,0,1,2,0.0
1031686191957,P1-fast-idle,929,1157,0,1,2,0.0
1031686354535,P1-fast-idle,929,1157,0,1,2,0.0
1031686517302,P1-fast-idle,929,1157,0,1,2,0.0
1031686679671,P1-fast-idle,929,1157,0,1,2,0.0
1031686841134,P1-fast-idle,929,1157,0,1,2,0.0
1031687013150,P1-fast-idle,929,1157,0,1,2,0.0
1031687175385,P1-fast-idle,930,1158,0,1,2,0.0
1031687337717,P1-fast-idle,930,1158,0,1,2,0.0
1031687500363,P1-fast-idle,930,1158,0,1,2,0.0
1031687662109,P1-fast-idle,930,1158,0,1,2,0.0
1031687823858,P1-fast-idle,930,1158,0,1,2,0.0
1031687986582,P1-fast-idle,930,1158,0,1,2,0.0
1031688148459,P1-fast-idle,931,1159,0,1,2,0.0
1031688310401,P1-fast-idle,931,1159,0,1,2,0.0
1031688472384,P1-fast-idle,931,1159,0,1,2,0.0
1031688634985,P1-fast-idle,931,1159,0,1,2,0.0
1031688798978,P1-fast-idle,931,1159,0,1,2,0.0
1031688960618,P1-fast-idle,931,1159,0,1,2,0.0
1031689122418,P1-fast-idle,931,1159,0,1,2,0.0
1031689284781,P1-fast-idle,932,1160,0,1,2,0.0
1031689447180,P1-fast-idle,932,1160,0,1,2,0.0
1031689609428,P1-fast-idle,932,1160,0,1,2,0.0
1031689770592,P1-fast-idle,932,1160,0,1,2,0.0
1031689931768,P1-fast-idle,932,1160,0,1,2,0.0
1031690093917,P1-fast-idle,932,1160,0,1,2,0.0
1031690255685,P1-fast-idle,933,1161,0,1,2,0.0
1031690417704,P1-fast-idle,933,1161,0,1,2,0.0
1031690579856,P1-fast-idle,933,1161,0,1,2,0.0
1031690741649,P1-fast-idle,933,1161,0,1,2,0.0
1031690903375,P1-fast-idle,933,1161,0,1,2,0.0
1031691064815,P1-fast-idle,933,1161,0,1,2,0.0
1031691226478,P1-fast-idle,933,1161,0,1,2,0.0
1031691388701,P1-fast-idle,934,1162,0,1,2,0.0
1031691551182,P1-fast-idle,934,1162,0,1,2,0.0
1031691713086,P1-fast-idle,934,1162,0,1,2,0.0
1031691875450,P1-fast-idle,934,1162,0,1,2,0.0
1031692040227,P1-fast-idle,934,1162,0,1,2,0.0
1031692202560,P1-fast-idle,934,1162,0,1,2,0.0
1031692364873,P1-fast-idle,935,1163,0,1,2,0.0
1031692526821,P1-fast-idle,935,1163,0,1,2,0.0
1031692689171,P1-fast-idle,935,1163,0,1,2,0.0
1031692851372,P1-fast-idle,935,1163,0,1,2,0.0
1031693013662,P1-fast-idle,935,1163,0,1,2,0.0
1031693175951,P1-fast-idle,935,1163,0,1,2,0.0
1031693337893,P1-fast-idle,935,1163,0,1,2,0.0
1031693500667,P1-fast-idle,936,1164,0,1,2,0.0
1031693664607,P1-fast-idle,936,1164,0,1,2,0.0
1031693826196,P1-fast-idle,936,1164,0,1,2,0.0
1031693989009,P1-fast-idle,936,1164,0,1,2,0.0
1031694151194,P1-fast-idle,936,1164,0,1,2,0.0
1031694313096,P1-fast-idle,936,1164,0,1,2,0.0
1031694478726,P1-fast-idle,937,1166,0,1,2,0.0
1031694640902,P1-fast-idle,937,1166,0,1,2,0.0
1031694803155,P1-fast-idle,937,1166,0,1,2,0.0
1031694965302,P1-fast-idle,937,1166,0,1,2,0.0
1031695129906,P1-fast-idle,937,1166,0,1,2,0.0
1031695291199,P1-fast-idle,937,1166,0,1,2,0.0
1031695452811,P1-fast-idle,937,1166,0,1,2,0.0
1031695614231,P1-fast-idle,938,1167,0,1,2,0.0
1031695776190,P1-fast-idle,938,1167,0,1,2,0.0
1031695937374,P1-fast-idle,938,1167,0,1,2,0.0
1031696099924,P1-fast-idle,938,1167,0,1,2,0.0
1031696262527,P1-fast-idle,938,1167,0,1,2,0.0
1031696423917,P1-fast-idle,938,1167,0,1,2,0.0
1031696585886,P1-fast-idle,939,1168,0,1,2,0.0
1031696747458,P1-fast-idle,939,1168,0,1,2,0.0
1031696909532,P1-fast-idle,939,1168,0,1,2,0.0
1031697071829,P1-fast-idle,939,1168,0,1,2,0.0
1031697232819,P1-fast-idle,939,1168,0,1,2,0.0
1031697394682,P1-fast-idle,939,1168,0,1,2,0.0
1031697556871,P1-fast-idle,939,1168,0,1,2,0.0
1031697718644,P1-fast-idle,940,1169,0,1,2,0.0
1031697880345,P1-fast-idle,940,1169,0,1,2,0.0
1031698043901,P1-fast-idle,940,1169,0,1,2,0.0
1031698206105,P1-fast-idle,940,1169,0,1,2,0.0
1031698371263,P1-fast-idle,940,1169,0,1,2,0.0
1031698533370,P1-fast-idle,940,1169,0,1,2,0.0
1031698697197,P1-fast-idle,941,1170,0,1,2,0.0
1031698860635,P1-fast-idle,941,1170,0,1,2,0.0
1031699023963,P1-fast-idle,941,1170,0,1,2,0.0
1031699186505,P1-fast-idle,941,1170,0,1,2,0.0
1031699348152,P1-fast-idle,941,1170,0,1,2,0.0
1031699511064,P1-fast-idle,941,1170,0,1,2,0.0
1031699673588,P1-fast-idle,941,1170,0,1,2,0.0
1031699835755,P1-fast-idle,942,1171,0,1,2,0.0
1031699998722,P1-fast-idle,942,1171,0,1,2,0.0
1031700170865,P1-fast-idle,942,1171,0,1,2,0.0
1031700333370,P1-fast-idle,942,1171,0,1,2,0.0
1031700494917,P1-fast-idle,942,1171,0,1,2,0.0
1031700656070,P1-fast-idle,942,1171,0,1,2,0.0
1031700830853,P1-fast-idle,943,1172,0,1,2,0.0
1031700992871,P1-fast-idle,943,1172,0,1,2,0.0
1031701154921,P1-fast-idle,943,1172,0,1,2,0.0
1031701316182,P1-fast-idle,943,1172,0,1,2,0.0
1031701479610,P1-fast-idle,943,1172,0,1,2,0.0
1031701641153,P1-fast-idle,943,1172,0,1,2,0.0
1031701802621,P1-fast-idle,943,1172,0,1,2,0.0
1031701964969,P1-fast-idle,944,1173,0,1,2,0.0
1031702127730,P1-fast-idle,944,1173,0,1,2,0.0
1031702290067,P1-fast-idle,944,1173,0,1,2,0.0
1031702452302,P1-fast-idle,944,1173,0,1,2,0.0
1031702614060,P1-fast-idle,944,1173,0,1,2,0.0
1031702775260,P1-fast-idle,944,1173,0,1,2,0.0
1031702944829,P1-fast-idle,945,1174,0,1,2,0.0
1031703107218,P1-fast-idle,945,1174,0,1,2,0.0
1031703268593,P1-fast-idle,945,1174,0,1,2,0.0
1031703430092,P1-fast-idle,945,1174,0,1,2,0.0
1031703591458,P1-fast-idle,945,1174,0,1,2,0.0
1031703753424,P1-fast-idle,945,1174,0,1,2,0.0
1031703915417,P1-fast-idle,945,1174,0,1,2,0.0
1031704079062,P1-fast-idle,946,1175,0,1,2,0.0
1031704242102,P1-fast-idle,946,1175,0,1,2,0.0
1031704403640,P1-fast-idle,946,1175,0,1,2,0.0
1031704566708,P1-fast-idle,946,1175,0,1,2,0.0
1031704730844,P1-fast-idle,946,1175,0,1,2,0.0
1031704892896,P1-fast-idle,946,1175,0,1,2,0.0
1031705058145,P1-fast-idle,947,1176,0,1,2,0.0
1031705220630,P1-fast-idle,947,1176,0,1,2,0.0
1031705382464,P1-fast-idle,947,1176,0,1,2,0.0
1031705545363,P1-fast-idle,947,1176,0,1,2,0.0
1031705707231,P1-fast-idle,947,1176,0,1,2,0.0
1031705869150,P1-fast-idle,947,1176,0,1,2,0.0
1031706031855,P1-fast-idle,947,1176,0,1,2,0.0
1031706194572,P1-fast-idle,948,1177,0,1,2,0.0
1031706356890,P1-fast-idle,948,1177,0,1,2,0.0
1031706518968,P1-fast-idle,948,1177,0,1,2,0.0
1031706680576,P1-fast-idle,948,1177,0,1,2,0.0
1031706842931,P1-fast-idle,948,1177,0,1,2,0.0
1031707013025,P1-fast-idle,948,1177,0,1,2,0.0
1031707175489,P1-fast-idle,949,1178,0,1,2,0.0
1031707337339,P1-fast-idle,949,1178,0,1,2,0.0
1031707499682,P1-fast-idle,949,1178,0,1,2,0.0
1031707661434,P1-fast-idle,949,1178,0,1,2,0.0
1031707824811,P1-fast-idle,949,1178,0,1,2,0.0
1031707986345,P1-fast-idle,949,1178,0,1,2,0.0
1031708149200,P1-fast-idle,949,1178,0,1,2,0.0
1031708311749,P1-fast-idle,950,1179,0,1,2,0.0
1031708474766,P1-fast-idle,950,1179,0,1,2,0.0
1031708637933,P1-fast-idle,950,1179,0,1,2,0.0
1031708800694,P1-fast-idle,950,1179,0,1,2,0.0
1031708962222,P1-fast-idle,950,1179,0,1,2,0.0
1031709124313,P1-fast-idle,950,1179,0,1,2,0.0
1031709289725,P1-fast-idle,951,1180,0,1,2,0.0
1031709451080,P1-fast-idle,951,1180,0,1,2,0.0
1031709612433,P1-fast-idle,951,1180,0,1,2,0.0
1031709772940,P1-fast-idle,951,1180,0,1,2,0.0
1031709934235,P1-fast-idle,951,1180,0,1,2,0.0
1031710095636,P1-fast-idle,951,1180,0,1,2,0.0
1031710257685,P1-fast-idle,951,1180,0,1,2,0.0
1031710419290,P1-fast-idle,952,1181,0,1,2,0.0
1031710581575,P1-fast-idle,952,1181,0,1,2,0.0
1031710742960,P1-fast-idle,952,1181,0,1,2,0.0
1031710904256,P1-fast-idle,952,1181,0,1,2,0.0
1031711067486,P1-fast-idle,952,1181,0,1,2,0.0
1031711229473,P1-fast-idle,952,1181,0,1,2,0.0
1031711407180,P1-fast-idle,953,1182,0,1,2,0.0
1031711570188,P1-fast-idle,953,1182,0,1,2,0.0
1031711732501,P1-fast-idle,953,1182,0,1,2,0.0
1031711894204,P1-fast-idle,953,1182,0,1,2,0.0
1031712057338,P1-fast-idle,953,1182,0,1,2,0.0
1031712219362,P1-fast-idle,953,1182,0,1,2,0.0
1031712381376,P1-fast-idle,953,1182,0,1,2,0.0
1031712543913,P1-fast-idle,954,1184,0,1,2,0.0
1031712705161,P1-fast-idle,954,1184,0,1,2,0.0
1031712866841,P1-fast-idle,954,1184,0,1,2,0.0
1031713028867,P1-fast-idle,954,1184,0,1,2,0.0
1031713190671,P1-fast-idle,954,1184,0,1,2,0.0
1031713352190,P1-fast-idle,954,1184,0,1,2,0.0
1031713524708,P1-fast-idle,955,1185,0,1,2,0.0
1031713687167,P1-fast-idle,955,1185,0,1,2,0.0
1031713849331,P1-fast-idle,955,1185,0,1,2,0.0
1031714011937,P1-fast-idle,955,1185,0,1,2,0.0
1031714175962,P1-fast-idle,955,1185,0,1,2,0.0
1031714337952,P1-fast-idle,955,1185,0,1,2,0.0
1031714500998,P1-fast-idle,955,1185,0,1,2,0.0
1031714662580,P1-fast-idle,956,1186,0,1,2,0.0
1031714824178,P1-fast-idle,956,1186,0,1,2,0.0
1031714987072,P1-fast-idle,956,1186,0,1,2,0.0
1031715149978,P1-fast-idle,956,1186,0,1,2,0.0
1031715312211,P1-fast-idle,956,1186,0,1,2,0.0
1031715473573,P1-fast-idle,956,1186,0,1,2,0.0
1031715636523,P1-fast-idle,957,1187,0,1,2,0.0
1031715798035,P1-fast-idle,957,1187,0,1,2,0.0
1031715959517,P1-fast-idle,957,1187,0,1,2,0.0
1031716122025,P1-fast-idle,957,1187,0,1,2,0.0
1031716284842,P1-fast-idle,957,1187,0,1,2,0.0
1031716446086,P1-fast-idle,957,1187,0,1,2,0.0
1031716608395,P1-fast-idle,957,1187,0,1,2,0.0
1031716770626,P1-fast-idle,958,1188,0,1,2,0.0
1031716931819,P1-fast-idle,958,1188,0,1,2,0.0
1031717093797,P1-fast-idle,958,1188,0,1,2,0.0
1031717255198,P1-fast-idle,958,1188,0,1,2,0.0
1031717419191,P1-fast-idle,958,1188,0,1,2,0.0
1031717580291,P1-fast-idle,958,1188,0,1,2,0.0
1031717758425,P1-fast-idle,959,1189,0,1,2,0.0
1031717921403,P1-fast-idle,959,1189,0,1,2,0.0
1031718084548,P1-fast-idle,959,1189,0,1,2,0.0
1031718247276,P1-fast-idle,959,1189,0,1,2,0.0
1031718409586,P1-fast-idle,959,1189,0,1,2,0.0
1031718577530,P1-fast-idle,959,1189,0,1,2,0.0
1031718739534,P1-fast-idle,959,1189,0,1,2,0.0
1031718902650,P1-fast-idle,960,1190,0,1,2,0.0
1031719066228,P1-fast-idle,960,1190,0,1,2,0.0
1031719227932,P1-fast-idle,960,1190,0,1,2,0.0
1031719389111,P1-fast-idle,960,1190,0,1,2,0.0
1031719551497,P1-fast-idle,960,1190,0,1,2,0.0
1031719715094,P1-fast-idle,960,1190,0,1,2,0.0
1031719876995,P1-fast-idle,961,1191,0,1,2,0.0
1031720038551,P1-fast-idle,961,1191,0,1,2,0.0
1031720199892,P1-fast-idle,961,1191,0,1,2,0.0
1031720361161,P1-fast-idle,961,1191,0,1,2,0.0
1031720525350,P1-fast-idle,961,1191,0,1,2,0.0
1031720687958,P1-fast-idle,961,1191,0,1,2,0.0
1031720851440,P1-fast-idle,961,1191,0,1,2,0.0
1031721014354,P1-fast-idle,962,1192,0,1,2,0.0
1031721176374,P1-fast-idle,962,1192,0,1,2,0.0
1031721338716,P1-fast-idle,962,1192,0,1,2,0.0
1031721501216,P1-fast-idle,962,1192,0,1,2,0.0
1031721661377,P1-fast-idle,962,1192,0,1,2,0.0
1031721821029,P1-fast-idle,962,1192,0,1,2,0.0
1031721980779,P1-fast-idle,963,1193,0,1,2,0.0
1031722142944,P1-fast-idle,963,1193,0,1,2,0.0
1031722305292,P1-fast-idle,963,1193,0,1,2,0.0
1031722467247,P1-fast-idle,963,1193,0,1,2,0.0
1031722629883,P1-fast-idle,963,1193,0,1,2,0.0
1031722792242,P1-fast-idle,963,1193,0,1,2,0.0
1031722953975,P1-fast-idle,963,1193,0,1,2,0.0
1031723117017,P1-fast-idle,964,1194,0,1,2,0.0
1031723278912,P1-fast-idle,964,1194,0,1,2,0.0
1031723440777,P1-fast-idle,964,1194,0,1,2,0.0
1031723602899,P1-fast-idle,964,1194,0,1,2,0.0
1031723766105,P1-fast-idle,964,1194,0,1,2,0.0
1031723930030,P1-fast-idle,964,1194,0,1,2,0.0
1031724101652,P1-fast-idle,965,1195,0,1,2,0.0
1031724263114,P1-fast-idle,965,1195,0,1,2,0.0
1031724425535,P1-fast-idle,965,1195,0,1,2,0.0
1031724587825,P1-fast-idle,965,1195,0,1,2,0.0
1031724749628,P1-fast-idle,965,1195,0,1,2,0.0
1031724916792,P1-fast-idle,965,1195,0,1,2,0.0
1031725081457,P1-fast-idle,965,1195,0,1,2,0.0
1031725243687,P1-fast-idle,966,1196,0,1,2,0.0
1031725405994,P1-fast-idle,966,1196,0,1,2,0.0
1031725568148,P1-fast-idle,966,1196,0,1,2,0.0
1031725730119,P1-fast-idle,966,1196,0,1,2,0.0
1031725891914,P1-fast-idle,966,1196,0,1,2,0.0
1031726054147,P1-fast-idle,966,1196,0,1,2,0.0
1031726227362,P1-fast-idle,967,1197,0,1,2,0.0
1031726390252,P1-fast-idle,967,1197,0,1,2,0.0
1031726552629,P1-fast-idle,967,1197,0,1,2,0.0
1031726714572,P1-fast-idle,967,1197,0,1,2,0.0
1031726879473,P1-fast-idle,967,1197,0,1,2,0.0
1031727041845,P1-fast-idle,967,1197,0,1,2,0.0
1031727204635,P1-fast-idle,967,1197,0,1,2,0.0
1031727366576,P1-fast-idle,968,1198,0,1,2,0.0
1031727528471,P1-fast-idle,968,1198,0,1,2,0.0
1031727690355,P1-fast-idle,968,1198,0,1,2,0.0
1031727852094,P1-fast-idle,968,1198,0,1,2,0.0
1031728014568,P1-fast-idle,968,1198,0,1,2,0.0
1031728176681,P1-fast-idle,968,1198,0,1,2,0.0
1031728338802,P1-fast-idle,969,1199,0,1,2,0.0
1031728501176,P1-fast-idle,969,1199,0,1,2,0.0
1031728662685,P1-fast-idle,969,1199,0,1,2,0.0
1031728824742,P1-fast-idle,969,1199,0,1,2,0.0
1031728987613,P1-fast-idle,969,1199,0,1,2,0.0
1031729151089,P1-fast-idle,969,1199,0,1,2,0.0
1031729313200,P1-fast-idle,969,1199,0,1,2,0.0
1031729477845,P1-fast-idle,970,1200,0,1,2,0.0
1031729640504,P1-fast-idle,970,1200,0,1,2,0.0
1031729801807,P1-fast-idle,970,1200,0,1,2,0.0
1031729964340,P1-fast-idle,970,1200,0,1,2,0.0
1031730129664,P1-fast-idle,970,1200,0,1,2,0.0
1031730291440,P1-fast-idle,970,1200,0,1,2,0.0
1031730454114,P1-fast-idle,971,1202,0,1,2,0.0
1031730616477,P1-fast-idle,971,1202,0,1,2,0.0
1031730778568,P1-fast-idle,971,1202,0,1,2,0.0
1031730940052,P1-fast-idle,971,1202,0,1,2,0.0
1031731103669,P1-fast-idle,971,1202,0,1,2,0.0
1031731269894,P1-fast-idle,971,1202,0,1,2,0.0
1031731432373,P1-fast-idle,971,1202,0,1,2,0.0
1031731595764,P1-fast-idle,972,1203,0,1,2,0.0
1031731758012,P1-fast-idle,972,1203,0,1,2,0.0
1031731920830,P1-fast-idle,972,1203,0,1,2,0.0
1031732083446,P1-fast-idle,972,1203,0,1,2,0.0
1031732246747,P1-fast-idle,972,1203,0,1,2,0.0
1031732408566,P1-fast-idle,972,1203,0,1,2,0.0
1031732577948,P1-fast-idle,973,1204,0,1,2,0.0
1031732739736,P1-fast-idle,973,1204,0,1,2,0.0
1031732902711,P1-fast-idle,973,1204,0,1,2,0.0
1031733065404,P1-fast-idle,973,1204,0,1,2,0.0
1031733227305,P1-fast-idle,973,1204,0,1,2,0.0
1031733387823,P1-fast-idle,973,1204,0,1,2,0.0
1031733548434,P1-fast-idle,973,1204,0,1,2,0.0
1031733709688,P1-fast-idle,974,1205,0,1,2,0.0
1031733870990,P1-fast-idle,974,1205,0,1,2,0.0
1031734032373,P1-fast-idle,974,1205,0,1,2,0.0
1031734193511,P1-fast-idle,974,1205,0,1,2,0.0
1031734355491,P1-fast-idle,974,1205,0,1,2,0.0
1031734517950,P1-fast-idle,974,1205,0,1,2,0.0
1031734693151,P1-fast-idle,975,1206,0,1,2,0.0
1031734854995,P1-fast-idle,975,1206,0,1,2,0.0
1031735018317,P1-fast-idle,975,1206,0,1,2,0.0
1031735181897,P1-fast-idle,975,1206,0,1,2,0.0
1031735344128,P1-fast-idle,975,1206,0,1,2,0.0
1031735506382,P1-fast-idle,975,1206,0,1,2,0.0
1031735668249,P1-fast-idle,975,1206,0,1,2,0.0
1031735830648,P1-fast-idle,976,1207,0,1,2,0.0
1031735992788,P1-fast-idle,976,1207,0,1,2,0.0
1031736155738,P1-fast-idle,976,1207,0,1,2,0.0
1031736318310,P1-fast-idle,976,1207,0,1,2,0.0
1031736482465,P1-fast-idle,976,1207,0,1,2,0.0
1031736644949,P1-fast-idle,976,1207,0,1,2,0.0
1031736812102,P1-fast-idle,977,1208,0,1,2,0.0
1031736974404,P1-fast-idle,977,1208,0,1,2,0.0
1031737136738,P1-fast-idle,977,1208,0,1,2,0.0
1031737299603,P1-fast-idle,977,1208,0,1,2,0.0
1031737462067,P1-fast-idle,977,1208,0,1,2,0.0
1031737623973,P1-fast-idle,977,1208,0,1,2,0.0
1031737786445,P1-fast-idle,977,1208,0,1,2,0.0
1031737949490,P1-fast-idle,978,1209,0,1,2,0.0
1031738112597,P1-fast-idle,978,1209,0,1,2,0.0
1031738277418,P1-fast-idle,978,1209,0,1,2,0.0
1031738439866,P1-fast-idle,978,1209,0,1,2,0.0
1031738602752,P1-fast-idle,978,1209,0,1,2,0.0
1031738765005,P1-fast-idle,978,1209,0,1,2,0.0
1031738927702,P1-fast-idle,979,1210,0,1,2,0.0
1031739089841,P1-fast-idle,979,1210,0,1,2,0.0
1031739251665,P1-fast-idle,979,1210,0,1,2,0.0
1031739414336,P1-fast-idle,979,1210,0,1,2,0.0
1031739578008,P1-fast-idle,979,1210,0,1,2,0.0
1031739739209,P1-fast-idle,979,1210,0,1,2,0.0
1031739904358,P1-fast-idle,979,1210,0,1,2,0.0
1031740067417,P1-fast-idle,980,1211,0,1,2,0.0
1031740230246,P1-fast-idle,980,1211,0,1,2,0.0
1031740393636,P1-fast-idle,980,1211,0,1,2,0.0
1031740556294,P1-fast-idle,980,1211,0,1,2,0.0
1031740718053,P1-fast-idle,980,1211,0,1,2,0.0
1031740880137,P1-fast-idle,980,1211,0,1,2,0.0
1031741045650,P1-fast-idle,981,1212,0,1,2,0.0
1031741206630,P1-fast-idle,981,1212,0,1,2,0.0
1031741367300,P1-fast-idle,981,1212,0,1,2,0.0
1031741529085,P1-fast-idle,981,1212,0,1,2,0.0
1031741690174,P1-fast-idle,981,1212,0,1,2,0.0
1031741851078,P1-fast-idle,981,1212,0,1,2,0.0
1031742014410,P1-fast-idle,981,1212,0,1,2,0.0
1031742177615,P1-fast-idle,982,1213,0,1,2,0.0
1031742339237,P1-fast-idle,982,1213,0,1,2,0.0
1031742502140,P1-fast-idle,982,1213,0,1,2,0.0
1031742663583,P1-fast-idle,982,1213,0,1,2,0.0
1031742826961,P1-fast-idle,982,1213,0,1,2,0.0
1031742989321,P1-fast-idle,982,1213,0,1,2,0.0
1031743150817,P1-fast-idle,983,1214,0,1,2,0.0
1031743313252,P1-fast-idle,983,1214,0,1,2,0.0
1031743475741,P1-fast-idle,983,1214,0,1,2,0.0
1031743637921,P1-fast-idle,983,1214,0,1,2,0.0
1031743799504,P1-fast-idle,983,1214,0,1,2,0.0
1031743961265,P1-fast-idle,983,1214,0,1,2,0.0
1031744123370,P1-fast-idle,983,1214,0,1,2,0.0
1031744285724,P1-fast-idle,984,1215,0,1,2,0.0
1031744448226,P1-fast-idle,984,1215,0,1,2,0.0
1031744609346,P1-fast-idle,984,1215,0,1,2,0.0
1031744771089,P1-fast-idle,984,1215,0,1,2,0.0
1031744932522,P1-fast-idle,984,1215,0,1,2,0.0
1031745094555,P1-fast-idle,984,1215,0,1,2,0.0
1031745259733,P1-fast-idle,985,1216,0,1,2,0.0
1031745422001,P1-fast-idle,985,1216,0,1,2,0.0
1031745584557,P1-fast-idle,985,1216,0,1,2,0.0
1031745746419,P1-fast-idle,985,1216,0,1,2,0.0
1031745910403,P1-fast-idle,985,1216,0,1,2,0.0
1031746072242,P1-fast-idle,985,1216,0,1,2,0.0
1031746235095,P1-fast-idle,985,1216,0,1,2,0.0
1031746396567,P1-fast-idle,986,1217,0,1,2,0.0
1031746559366,P1-fast-idle,986,1217,0,1,2,0.0
1031746720830,P1-fast-idle,986,1217,0,1,2,0.0
1031746882313,P1-fast-idle,986,1217,0,1,2,0.0
1031747044327,P1-fast-idle,986,1217,0,1,2,0.0
1031747206072,P1-fast-idle,986,1217,0,1,2,0.0
1031747370300,P1-fast-idle,987,1218,0,1,2,0.0
1031747533593,P1-fast-idle,987,1218,0,1,2,0.0
1031747695076,P1-fast-idle,987,1218,0,1,2,0.0
1031747856609,P1-fast-idle,987,1218,0,1,2,0.0
1031748019385,P1-fast-idle,987,1218,0,1,2,0.0
1031748180733,P1-fast-idle,987,1218,0,1,2,0.0
1031748342708,P1-fast-idle,987,1218,0,1,2,0.0
1031748505156,P1-fast-idle,988,1220,0,1,2,0.0
1031748668180,P1-fast-idle,988,1220,0,1,2,0.0
1031748830272,P1-fast-idle,988,1220,0,1,2,0.0
1031748992555,P1-fast-idle,988,1220,0,1,2,0.0
1031749157179,P1-fast-idle,988,1220,0,1,2,0.0
1031749319786,P1-fast-idle,988,1220,0,1,2,0.0
1031749483782,P1-fast-idle,988,1220,0,1,2,0.0
1031749647327,P1-fast-idle,989,1221,0,1,2,0.0
1031749809389,P1-fast-idle,989,1221,0,1,2,0.0
1031749970878,P1-fast-idle,989,1221,0,1,2,0.0
1031750135018,P1-fast-idle,989,1221,0,1,2,0.0
1031750298211,P1-fast-idle,989,1221,0,1,2,0.0
1031750460730,P1-fast-idle,989,1221,0,1,2,0.0
1031750622788,P1-fast-idle,990,1222,0,1,2,0.0
1031750785812,P1-fast-idle,990,1222,0,1,2,0.0
1031750947660,P1-fast-idle,990,1222,0,1,2,0.0
1031751110949,P1-fast-idle,990,1222,0,1,2,0.0
1031751272297,P1-fast-idle,990,1222,0,1,2,0.0
1031751434459,P1-fast-idle,990,1222,0,1,2,0.0
1031751599539,P1-fast-idle,990,1222,0,1,2,0.0
1031751762509,P1-fast-idle,991,1223,0,1,2,0.0
1031751923909,P1-fast-idle,991,1223,0,1,2,0.0
1031752085551,P1-fast-idle,991,1223,0,1,2,0.0
1031752248189,P1-fast-idle,991,1223,0,1,2,0.0
1031752409442,P1-fast-idle,991,1223,0,1,2,0.0
1031752570748,P1-fast-idle,991,1223,0,1,2,0.0
1031752732312,P1-fast-idle,992,1224,0,1,2,0.0
1031752893306,P1-fast-idle,992,1224,0,1,2,0.0
1031753055801,P1-fast-idle,992,1224,0,1,2,0.0
1031753216838,P1-fast-idle,992,1224,0,1,2,0.0
1031753377651,P1-fast-idle,992,1224,0,1,2,0.0
1031753540886,P1-fast-idle,992,1224,0,1,2,0.0
1031753702883,P1-fast-idle,992,1224,0,1,2,0.0
1031753865125,P1-fast-idle,993,1225,0,1,2,0.0
1031754026868,P1-fast-idle,993,1225,0,1,2,0.0
1031754190905,P1-fast-idle,993,1225,0,1,2,0.0
1031754352068,P1-fast-idle,993,1225,0,1,2,0.0
1031754514134,P1-fast-idle,993,1225,0,1,2,0.0
1031754676328,P1-fast-idle,993,1225,0,1,2,0.0
1031754838187,P1-fast-idle,994,1226,0,1,2,0.0
1031754999529,P1-fast-idle,994,1226,0,1,2,0.0
1031755174361,P1-fast-idle,994,1226,0,1,2,0.0
1031755335231,P1-fast-idle,994,1226,0,1,2,0.0
1031755497769,P1-fast-idle,994,1226,0,1,2,0.0
1031755659690,P1-fast-idle,994,1226,0,1,2,0.0
1031755823751,P1-fast-idle,994,1226,0,1,2,0.0
1031755988999,P1-fast-idle,995,1227,0,1,2,0.0
1031756150956,P1-fast-idle,995,1227,0,1,2,0.0
1031756313180,P1-fast-idle,995,1227,0,1,2,0.0
1031756475142,P1-fast-idle,995,1227,0,1,2,0.0
1031756636537,P1-fast-idle,995,1227,0,1,2,0.0
1031756797706,P1-fast-idle,995,1227,0,1,2,0.0
1031756959374,P1-fast-idle,996,1228,0,1,2,0.0
1031757121541,P1-fast-idle,996,1228,0,1,2,0.0
1031757282794,P1-fast-idle,996,1228,0,1,2,0.0
1031757444608,P1-fast-idle,996,1228,0,1,2,0.0
1031757605890,P1-fast-idle,996,1228,0,1,2,0.0
1031757767825,P1-fast-idle,996,1228,0,1,2,0.0
1031757929148,P1-fast-idle,996,1228,0,1,2,0.0
1031758092422,P1-fast-idle,997,1229,0,1,2,0.0
1031758253746,P1-fast-idle,997,1229,0,1,2,0.0
1031758415539,P1-fast-idle,997,1229,0,1,2,0.0
1031758578311,P1-fast-idle,997,1229,0,1,2,0.0
1031758739513,P1-fast-idle,997,1229,0,1,2,0.0
1031758900512,P1-fast-idle,997,1229,0,1,2,0.0
1031759062014,P1-fast-idle,998,1230,0,1,2,0.0
1031759223262,P1-fast-idle,998,1230,0,1,2,0.0
1031759384407,P1-fast-idle,998,1230,0,1,2,0.0
1031759546343,P1-fast-idle,998,1230,0,1,2,0.0
1031759707798,P1-fast-idle,998,1230,0,1,2,0.0
1031759869443,P1-fast-idle,998,1230,0,1,2,0.0
1031760031173,P1-fast-idle,998,1230,0,1,2,0.0
1031760193127,P1-fast-idle,999,1231,0,1,2,0.0
1031760353963,P1-fast-idle,999,1231,0,1,2,0.0
1031760518066,P1-fast-idle,999,1231,0,1,2,0.0
1031760679196,P1-fast-idle,999,1231,0,1,2,0.0
1031760841399,P1-fast-idle,999,1231,0,1,2,0.0
1031761009533,P1-fast-idle,999,1231,0,1,2,0.0
1031761172997,P1-fast-idle,1000,1232,0,1,2,0.0
1031761335838,P1-fast-idle,1000,1232,0,1,2,0.0
1031761497566,P1-fast-idle,1000,1232,0,1,2,0.0
1031761658821,P1-fast-idle,1000,1232,0,1,2,0.0
1031761822599,P1-fast-idle,1000,1232,0,1,2,0.0
1031761984483,P1-fast-idle,1000,1232,0,1,2,0.0
1031762146957,P1-fast-idle,1000,1232,0,1,2,0.0
1031762309470,P1-fast-idle,1001,1233,0,1,2,0.0
1031762471326,P1-fast-idle,1001,1233,0,1,2,0.0
1031762633542,P1-fast-idle,1001,1233,0,1,2,0.0
1031762795722,P1-fast-idle,1001,1233,0,1,2,0.0
1031762957761,P1-fast-idle,1001,1233,0,1,2,0.0
1031763119391,P1-fast-idle,1001,1233,0,1,2,0.0
1031763280991,P1-fast-idle,1002,1234,0,1,2,0.0
1031763443263,P1-fast-idle,1002,1234,0,1,2,0.0
1031763604582,P1-fast-idle,1002,1234,0,1,2,0.0
1031763765542,P1-fast-idle,1002,1234,0,1,2,0.0
1031763926217,P1-fast-idle,1002,1234,0,1,2,0.0
1031764088251,P1-fast-idle,1002,1234,0,1,2,0.0
1031764250151,P1-fast-idle,1002,1234,0,1,2,0.0
1031764412366,P1-fast-idle,1003,1235,0,1,2,0.0
1031764573785,P1-fast-idle,1003,1235,0,1,2,0.0
1031764735578,P1-fast-idle,1003,1235,0,1,2,0.0
1031764899743,P1-fast-idle,1003,1235,0,1,2,0.0
1031765062837,P1-fast-idle,1003,1235,0,1,2,0.0
1031765224846,P1-fast-idle,1003,1235,0,1,2,0.0
1031765387694,P1-fast-idle,1004,1236,0,1,2,0.0
1031765549871,P1-fast-idle,1004,1236,0,1,2,0.0
1031765712179,P1-fast-idle,1004,1236,0,1,2,0.0
1031765874274,P1-fast-idle,1004,1236,0,1,2,0.0
1031766036365,P1-fast-idle,1004,1236,0,1,2,0.0
1031766197728,P1-fast-idle,1004,1236,0,1,2,0.0
1031766362264,P1-fast-idle,1004,1236,0,1,2,0.0
1031766524291,P1-fast-idle,1005,1238,0,1,2,0.0
1031766686400,P1-fast-idle,1005,1238,0,1,2,0.0
1031766847850,P1-fast-idle,1005,1238,0,1,2,0.0
1031767010314,P1-fast-idle,1005,1238,0,1,2,0.0
1031767172462,P1-fast-idle,1005,1238,0,1,2,0.0
1031767333883,P1-fast-idle,1005,1238,0,1,2,0.0
1031767498696,P1-fast-idle,1006,1239,0,1,2,0.0
1031767661308,P1-fast-idle,1006,1239,0,1,2,0.0
1031767823102,P1-fast-idle,1006,1239,0,1,2,0.0
1031767985784,P1-fast-idle,1006,1239,0,1,2,0.0
1031768150044,P1-fast-idle,1006,1239,0,1,2,0.0
1031768312819,P1-fast-idle,1006,1239,0,1,2,0.0
1031768475325,P1-fast-idle,1006,1239,0,1,2,0.0
1031768638260,P1-fast-idle,1007,1240,0,1,2,0.0
1031768799718,P1-fast-idle,1007,1240,0,1,2,0.0
1031768961424,P1-fast-idle,1007,1240,0,1,2,0.0
1031769123899,P1-fast-idle,1007,1240,0,1,2,0.0
1031769285513,P1-fast-idle,1007,1240,0,1,2,0.0
1031769446941,P1-fast-idle,1007,1240,0,1,2,0.0
1031769610917,P1-fast-idle,1008,1241,0,1,2,0.0
1031769774077,P1-fast-idle,1008,1241,0,1,2,0.0
1031769935227,P1-fast-idle,1008,1241,0,1,2,0.0
1031770097115,P1-fast-idle,1008,1241,0,1,2,0.0
1031770258650,P1-fast-idle,1008,1241,0,1,2,0.0
1031770420437,P1-fast-idle,1008,1241,0,1,2,0.0
1031770582086,P1-fast-idle,1008,1241,0,1,2,0.0
1031770744585,P1-fast-idle,1009,1242,0,1,2,0.0
1031770907817,P1-fast-idle,1009,1242,0,1,2,0.0
1031771070185,P1-fast-idle,1009,1242,0,1,2,0.0
1031771233274,P1-fast-idle,1009,1242,0,1,2,0.0
1031771395214,P1-fast-idle,1009,1242,0,1,2,0.0
1031771558304,P1-fast-idle,1009,1242,0,1,2,0.0
1031771723127,P1-fast-idle,1009,1242,0,1,2,0.0
1031771886903,P1-fast-idle,1010,1243,0,1,2,0.0
1031772050232,P1-fast-idle,1010,1243,0,1,2,0.0
1031772211855,P1-fast-idle,1010,1243,0,1,2,0.0
1031772374334,P1-fast-idle,1010,1243,0,1,2,0.0
1031772537134,P1-fast-idle,1010,1243,0,1,2,0.0
1031772699261,P1-fast-idle,1010,1243,0,1,2,0.0
1031772861214,P1-fast-idle,1011,1244,0,1,2,0.0
1031773023380,P1-fast-idle,1011,1244,0,1,2,0.0
1031773185145,P1-fast-idle,1011,1244,0,1,2,0.0
1031773346845,P1-fast-idle,1011,1244,0,1,2,0.0
1031773509224,P1-fast-idle,1011,1244,0,1,2,0.0
1031773671294,P1-fast-idle,1011,1244,0,1,2,0.0
1031773835703,P1-fast-idle,1011,1244,0,1,2,0.0
1031773997687,P1-fast-idle,1012,1245,0,1,2,0.0
1031774158915,P1-fast-idle,1012,1245,0,1,2,0.0
1031774321299,P1-fast-idle,1012,1245,0,1,2,0.0
1031774484391,P1-fast-idle,1012,1245,0,1,2,0.0
1031774646061,P1-fast-idle,1012,1245,0,1,2,0.0
1031774807546,P1-fast-idle,1012,1245,0,1,2,0.0
1031774968995,P1-fast-idle,1013,1246,0,1,2,0.0
1031775132030,P1-fast-idle,1013,1246,0,1,2,0.0
1031775293329,P1-fast-idle,1013,1246,0,1,2,0.0
1031775455788,P1-fast-idle,1013,1246,0,1,2,0.0
1031775617190,P1-fast-idle,1013,1246,0,1,2,0.0
1031775779268,P1-fast-idle,1013,1246,0,1,2,0.0
1031775941395,P1-fast-idle,1013,1246,0,1,2,0.0
1031776103947,P1-fast-idle,1014,1247,0,1,2,0.0
1031776266200,P1-fast-idle,1014,1247,0,1,2,0.0
1031776428684,P1-fast-idle,1014,1247,0,1,2,0.0
1031776595321,P1-fast-idle,1014,1247,0,1,2,0.0
1031776758261,P1-fast-idle,1014,1247,0,1,2,0.0
1031776919856,P1-fast-idle,1014,1247,0,1,2,0.0
1031777081954,P1-fast-idle,1015,1248,0,1,2,0.0
1031777244394,P1-fast-idle,1015,1248,0,1,2,0.0
1031777405821,P1-fast-idle,1015,1248,0,1,2,0.0
1031777569770,P1-fast-idle,1015,1248,0,1,2,0.0
1031777732202,P1-fast-idle,1015,1248,0,1,2,0.0
1031777893801,P1-fast-idle,1015,1248,0,1,2,0.0
1031778055994,P1-fast-idle,1015,1248,0,1,2,0.0
1031778219172,P1-fast-idle,1016,1249,0,1,2,0.0
1031778382018,P1-fast-idle,1016,1249,0,1,2,0.0
1031778544062,P1-fast-idle,1016,1249,0,1,2,0.0
1031778707369,P1-fast-idle,1016,1249,0,1,2,0.0
1031778870195,P1-fast-idle,1016,1249,0,1,2,0.0
1031779033755,P1-fast-idle,1016,1249,0,1,2,0.0
1031779195461,P1-fast-idle,1017,1250,0,1,2,0.0
1031779357570,P1-fast-idle,1017,1250,0,1,2,0.0
1031779519463,P1-fast-idle,1017,1250,0,1,2,0.0
1031779681630,P1-fast-idle,1017,1250,0,1,2,0.0
1031779843215,P1-fast-idle,1017,1250,0,1,2,0.0
1031780005827,P1-fast-idle,1017,1250,0,1,2,0.0
1031780167703,P1-fast-idle,1017,1250,0,1,2,0.0
1031780330669,P1-fast-idle,1018,1251,0,1,2,0.0
1031780493610,P1-fast-idle,1018,1251,0,1,2,0.0
1031780655503,P1-fast-idle,1018,1251,0,1,2,0.0
1031780819102,P1-fast-idle,1018,1251,0,1,2,0.0
1031780980674,P1-fast-idle,1018,1251,0,1,2,0.0
1031781143408,P1-fast-idle,1018,1251,0,1,2,0.0
1031781307308,P1-fast-idle,1019,1252,0,1,2,0.0
1031781470108,P1-fast-idle,1019,1252,0,1,2,0.0
1031781631794,P1-fast-idle,1019,1252,0,1,2,0.0
1031781795830,P1-fast-idle,1019,1252,0,1,2,0.0
1031781958356,P1-fast-idle,1019,1252,0,1,2,0.0
1031782120932,P1-fast-idle,1019,1252,0,1,2,0.0
1031782282523,P1-fast-idle,1019,1252,0,1,2,0.0
1031782445099,P1-fast-idle,1020,1253,0,1,2,0.0
1031782607288,P1-fast-idle,1020,1253,0,1,2,0.0
1031782769088,P1-fast-idle,1020,1253,0,1,2,0.0
1031782930750,P1-fast-idle,1020,1253,0,1,2,0.0
1031783092888,P1-fast-idle,1020,1253,0,1,2,0.0
1031783254876,P1-fast-idle,1020,1253,0,1,2,0.0
1031783417289,P1-fast-idle,1021,1254,0,1,2,0.0
1031783579119,P1-fast-idle,1021,1254,0,1,2,0.0
1031783740876,P1-fast-idle,1021,1254,0,1,2,0.0
1031783906020,P1-fast-idle,1021,1254,0,1,2,0.0
1031784067776,P1-fast-idle,1021,1254,0,1,2,0.0
1031784229707,P1-fast-idle,1021,1254,0,1,2,0.0
1031784391280,P1-fast-idle,1021,1254,0,1,2,0.0
1031784552910,P1-fast-idle,1022,1256,0,1,2,0.0
1031784715023,P1-fast-idle,1022,1256,0,1,2,0.0
1031784876167,P1-fast-idle,1022,1256,0,1,2,0.0
1031785038878,P1-fast-idle,1022,1256,0,1,2,0.0
1031785200036,P1-fast-idle,1022,1256,0,1,2,0.0
1031785361558,P1-fast-idle,1022,1256,0,1,2,0.0
1031785523576,P1-fast-idle,1023,1257,0,1,2,0.0
1031785686052,P1-fast-idle,1023,1257,0,1,2,0.0
1031785847570,P1-fast-idle,1023,1257,0,1,2,0.0
1031786009217,P1-fast-idle,1023,1257,0,1,2,0.0
1031786171159,P1-fast-idle,1023,1257,0,1,2,0.0
1031786332630,P1-fast-idle,1023,1257,0,1,2,0.0
1031786494294,P1-fast-idle,1023,1257,0,1,2,0.0
1031786656517,P1-fast-idle,1024,1258,0,1,2,0.0
1031786817979,P1-fast-idle,1024,1258,0,1,2,0.0
1031786983051,P1-fast-idle,1024,1258,0,1,2,0.0
1031787146980,P1-fast-idle,1024,1258,0,1,2,0.0
1031787308304,P1-fast-idle,1024,1258,0,1,2,0.0
1031787470436,P1-fast-idle,1024,1258,0,1,2,0.0
1031787631994,P1-fast-idle,1025,1259,0,1,2,0.0
1031787794727,P1-fast-idle,1025,1259,0,1,2,0.0
1031787957036,P1-fast-idle,1025,1259,0,1,2,0.0
1031788120092,P1-fast-idle,1025,1259,0,1,2,0.0
1031788282522,P1-fast-idle,1025,1259,0,1,2,0.0
1031788445137,P1-fast-idle,1025,1259,0,1,2,0.0
1031788607594,P1-fast-idle,1025,1259,0,1,2,0.0
1031788769712,P1-fast-idle,1026,1260,0,1,2,0.0
1031788932291,P1-fast-idle,1026,1260,0,1,2,0.0
1031789094413,P1-fast-idle,1026,1260,0,1,2,0.0
1031789256636,P1-fast-idle,1026,1260,0,1,2,0.0
1031789418635,P1-fast-idle,1026,1260,0,1,2,0.0
1031789580486,P1-fast-idle,1026,1260,0,1,2,0.0
1031789757561,P1-fast-idle,1027,1261,0,1,2,0.0
1031789919655,P1-fast-idle,1027,1261,0,1,2,0.0
1031790081279,P1-fast-idle,1027,1261,0,1,2,0.0
1031790245214,P1-fast-idle,1027,1261,0,1,2,0.0
1031790407003,P1-fast-idle,1027,1261,0,1,2,0.0
1031790567992,P1-fast-idle,1027,1261,0,1,2,0.0
1031790729216,P1-fast-idle,1027,1261,0,1,2,0.0
1031790891180,P1-fast-idle,1028,1262,0,1,2,0.0
1031791053121,P1-fast-idle,1028,1262,0,1,2,0.0
1031791215892,P1-fast-idle,1028,1262,0,1,2,0.0
1031791378173,P1-fast-idle,1028,1262,0,1,2,0.0
1031791541562,P1-fast-idle,1028,1262,0,1,2,0.0
1031791702999,P1-fast-idle,1028,1262,0,1,2,0.0
1031791879332,P1-fast-idle,1029,1263,0,1,2,0.0
1031792042649,P1-fast-idle,1029,1263,0,1,2,0.0
1031792205595,P1-fast-idle,1029,1263,0,1,2,0.0
1031792367922,P1-fast-idle,1029,1263,0,1,2,0.0
1031792529922,P1-fast-idle,1029,1263,0,1,2,0.0
1031792693491,P1-fast-idle,1029,1263,0,1,2,0.0
1031792855479,P1-fast-idle,1029,1263,0,1,2,0.0
1031793019977,P1-fast-idle,1030,1264,0,1,2,0.0
1031793182612,P1-fast-idle,1030,1264,0,1,2,0.0
1031793344501,P1-fast-idle,1030,1264,0,1,2,0.0
1031793507932,P1-fast-idle,1030,1264,0,1,2,0.0
1031793669472,P1-fast-idle,1030,1264,0,1,2,0.0
1031793830576,P1-fast-idle,1030,1264,0,1,2,0.0
1031793991804,P1-fast-idle,1031,1265,0,1,2,0.0
1031794153655,P1-fast-idle,1031,1265,0,1,2,0.0
1031794314798,P1-fast-idle,1031,1265,0,1,2,0.0
1031794476806,P1-fast-idle,1031,1265,0,1,2,0.0
1031794638505,P1-fast-idle,1031,1265,0,1,2,0.0
1031794800131,P1-fast-idle,1031,1265,0,1,2,0.0
1031794961850,P1-fast-idle,1031,1265,0,1,2,0.0
1031795124105,P1-fast-idle,1032,1266,0,1,2,0.0
1031795285413,P1-fast-idle,1032,1266,0,1,2,0.0
1031795447723,P1-fast-idle,1032,1266,0,1,2,0.0
1031795609133,P1-fast-idle,1032,1266,0,1,2,0.0
1031795770549,P1-fast-idle,1032,1266,0,1,2,0.0
1031795931894,P1-fast-idle,1032,1266,0,1,2,0.0
1031796098086,P1-fast-idle,1033,1267,0,1,2,0.0
1031796259340,P1-fast-idle,1033,1267,0,1,2,0.0
1031796422174,P1-fast-idle,1033,1267,0,1,2,0.0
1031796586068,P1-fast-idle,1033,1267,0,1,2,0.0
1031796748119,P1-fast-idle,1033,1267,0,1,2,0.0
1031796909572,P1-fast-idle,1033,1267,0,1,2,0.0
1031797071973,P1-fast-idle,1033,1267,0,1,2,0.0
1031797234386,P1-fast-idle,1034,1268,0,1,2,0.0
1031797398416,P1-fast-idle,1034,1268,0,1,2,0.0
1031797560878,P1-fast-idle,1034,1268,0,1,2,0.0
1031797721832,P1-fast-idle,1034,1268,0,1,2,0.0
1031797883110,P1-fast-idle,1034,1268,0,1,2,0.0
1031798045464,P1-fast-idle,1034,1268,0,1,2,0.0
1031798210135,P1-fast-idle,1035,1269,0,1,2,0.0
1031798372555,P1-fast-idle,1035,1269,0,1,2,0.0
1031798534844,P1-fast-idle,1035,1269,0,1,2,0.0
1031798697157,P1-fast-idle,1035,1269,0,1,2,0.0
1031798859208,P1-fast-idle,1035,1269,0,1,2,0.0
1031799026470,P1-fast-idle,1035,1269,0,1,2,0.0
1031799188914,P1-fast-idle,1035,1269,0,1,2,0.0
1031799350828,P1-fast-idle,1036,1270,0,1,2,0.0
1031799513235,P1-fast-idle,1036,1270,0,1,2,0.0
1031799675357,P1-fast-idle,1036,1270,0,1,2,0.0
1031799839389,P1-fast-idle,1036,1270,0,1,2,0.0
1031800012934,P1-fast-idle,1036,1270,0,1,2,0.0
1031800175324,P1-fast-idle,1036,1270,0,1,2,0.0
1031800348581,P1-fast-idle,1037,1271,0,1,2,0.0
1031800510976,P1-fast-idle,1037,1271,0,1,2,0.0
1031800673137,P1-fast-idle,1037,1271,0,1,2,0.0
1031800834351,P1-fast-idle,1037,1271,0,1,2,0.0
1031800995404,P1-fast-idle,1037,1271,0,1,2,0.0
1031801157244,P1-fast-idle,1037,1271,0,1,2,0.0
1031801319064,P1-fast-idle,1037,1271,0,1,2,0.0
1031801481591,P1-fast-idle,1038,1272,0,1,2,0.0
1031801643498,P1-fast-idle,1038,1272,0,1,2,0.0
1031801805078,P1-fast-idle,1038,1272,0,1,2,0.0
1031801968043,P1-fast-idle,1038,1272,0,1,2,0.0
1031802130977,P1-fast-idle,1038,1272,0,1,2,0.0
1031802293064,P1-fast-idle,1038,1272,0,1,2,0.0
1031802460369,P1-fast-idle,1039,1274,0,1,2,0.0
1031802624290,P1-fast-idle,1039,1274,0,1,2,0.0
1031802785949,P1-fast-idle,1039,1274,0,1,2,0.0
1031802949065,P1-fast-idle,1039,1274,0,1,2,0.0
1031803111249,P1-fast-idle,1039,1274,0,1,2,0.0
1031803273821,P1-fast-idle,1039,1274,0,1,2,0.0
1031803436255,P1-fast-idle,1039,1274,0,1,2,0.0
1031803598362,P1-fast-idle,1040,1275,0,1,2,0.0
1031803760211,P1-fast-idle,1040,1275,0,1,2,0.0
1031803922110,P1-fast-idle,1040,1275,0,1,2,0.0
1031804084494,P1-fast-idle,1040,1275,0,1,2,0.0
1031804246536,P1-fast-idle,1040,1275,0,1,2,0.0
1031804408384,P1-fast-idle,1040,1275,0,1,2,0.0
1031804582428,P1-fast-idle,1041,1276,0,1,2,0.0
1031804744974,P1-fast-idle,1041,1276,0,1,2,0.0
1031804907014,P1-fast-idle,1041,1276,0,1,2,0.0
1031805069708,P1-fast-idle,1041,1276,0,1,2,0.0
1031805231479,P1-fast-idle,1041,1276,0,1,2,0.0
1031805393505,P1-fast-idle,1041,1276,0,1,2,0.0
1031805555532,P1-fast-idle,1041,1276,0,1,2,0.0
1031805717238,P1-fast-idle,1042,1277,0,1,2,0.0
1031805878414,P1-fast-idle,1042,1277,0,1,2,0.0
1031806044514,P1-fast-idle,1042,1277,0,1,2,0.0
1031806208517,P1-fast-idle,1042,1277,0,1,2,0.0
1031806369837,P1-fast-idle,1042,1277,0,1,2,0.0
1031806531369,P1-fast-idle,1042,1277,0,1,2,0.0
1031806693396,P1-fast-idle,1043,1278,0,1,2,0.0
1031806855864,P1-fast-idle,1043,1278,0,1,2,0.0
1031807018380,P1-fast-idle,1043,1278,0,1,2,0.0
1031807179554,P1-fast-idle,1043,1278,0,1,2,0.0
1031807341213,P1-fast-idle,1043,1278,0,1,2,0.0
1031807503212,P1-fast-idle,1043,1278,0,1,2,0.0
1031807665081,P1-fast-idle,1043,1278,0,1,2,0.0
1031807829275,P1-fast-idle,1044,1279,0,1,2,0.0
1031807990729,P1-fast-idle,1044,1279,0,1,2,0.0
1031808153330,P1-fast-idle,1044,1279,0,1,2,0.0
1031808317029,P1-fast-idle,1044,1279,0,1,2,0.0
1031808480743,P1-fast-idle,1044,1279,0,1,2,0.0
1031808642544,P1-fast-idle,1044,1279,0,1,2,0.0
1031808804802,P1-fast-idle,1045,1280,0,1,2,0.0
1031808965999,P1-fast-idle,1045,1280,0,1,2,0.0
1031809128338,P1-fast-idle,1045,1280,0,1,2,0.0
1031809292982,P1-fast-idle,1045,1280,0,1,2,0.0
1031809454740,P1-fast-idle,1045,1280,0,1,2,0.0
1031809616732,P1-fast-idle,1045,1280,0,1,2,0.0
1031809778959,P1-fast-idle,1045,1280,0,1,2,0.0
1031809941251,P1-fast-idle,1046,1281,0,1,2,0.0
1031810104775,P1-fast-idle,1046,1281,0,1,2,0.0
1031810268108,P1-fast-idle,1046,1281,0,1,2,0.0
1031810431225,P1-fast-idle,1046,1281,0,1,2,0.0
1031810592773,P1-fast-idle,1046,1281,0,1,2,0.0
1031810755004,P1-fast-idle,1046,1281,0,1,2,0.0
1031810930945,P1-fast-idle,1047,1282,0,1,2,0.0
1031811094248,P1-fast-idle,1047,1282,0,1,2,0.0
1031811256624,P1-fast-idle,1047,1282,0,1,2,0.0
1031811418588,P1-fast-idle,1047,1282,0,1,2,0.0
1031811580091,P1-fast-idle,1047,1282,0,1,2,0.0
1031811741779,P1-fast-idle,1047,1282,0,1,2,0.0
1031811903527,P1-fast-idle,1047,1282,0,1,2,0.0
1031812066501,P1-fast-idle,1048,1283,0,1,2,0.0
1031812229157,P1-fast-idle,1048,1283,0,1,2,0.0
1031812393145,P1-fast-idle,1048,1283,0,1,2,0.0
1031812556227,P1-fast-idle,1048,1283,0,1,2,0.0
1031812717500,P1-fast-idle,1048,1283,0,1,2,0.0
1031812879547,P1-fast-idle,1048,1283,0,1,2,0.0
1031813044683,P1-fast-idle,1049,1284,0,1,2,0.0
1031813208341,P1-fast-idle,1049,1284,0,1,2,0.0
1031813369820,P1-fast-idle,1049,1284,0,1,2,0.0
1031813532795,P1-fast-idle,1049,1284,0,1,2,0.0
1031813694732,P1-fast-idle,1049,1284,0,1,2,0.0
1031813857137,P1-fast-idle,1049,1284,0,1,2,0.0
1031814019345,P1-fast-idle,1049,1284,0,1,2,0.0
1031814180891,P1-fast-idle,1050,1285,0,1,2,0.0
1031814342979,P1-fast-idle,1050,1285,0,1,2,0.0
1031814504380,P1-fast-idle,1050,1285,0,1,2,0.0
1031814666873,P1-fast-idle,1050,1285,0,1,2,0.0
1031814828789,P1-fast-idle,1050,1285,0,1,2,0.0
1031814990969,P1-fast-idle,1050,1285,0,1,2,0.0
1031815158262,P1-fast-idle,1051,1286,0,1,2,0.0
1031815320366,P1-fast-idle,1051,1286,0,1,2,0.0
1031815483339,P1-fast-idle,1051,1286,0,1,2,0.0
1031815646927,P1-fast-idle,1051,1286,0,1,2,0.0
1031815808600,P1-fast-idle,1051,1286,0,1,2,0.0
1031815970942,P1-fast-idle,1051,1286,0,1,2,0.0
1031816133940,P1-fast-idle,1051,1286,0,1,2,0.0
1031816295946,P1-fast-idle,1052,1287,0,1,2,0.0
1031816458403,P1-fast-idle,1052,1287,0,1,2,0.0
1031816619954,P1-fast-idle,1052,1287,0,1,2,0.0
1031816782632,P1-fast-idle,1052,1287,0,1,2,0.0
1031816944772,P1-fast-idle,1052,1287,0,1,2,0.0
1031817106734,P1-fast-idle,1052,1287,0,1,2,0.0
1031817272179,P1-fast-idle,1053,1288,0,1,2,0.0
1031817434656,P1-fast-idle,1053,1288,0,1,2,0.0
1031817596038,P1-fast-idle,1053,1288,0,1,2,0.0
1031817759299,P1-fast-idle,1053,1288,0,1,2,0.0
1031817920947,P1-fast-idle,1053,1288,0,1,2,0.0
1031818084352,P1-fast-idle,1053,1288,0,1,2,0.0
1031818246961,P1-fast-idle,1053,1288,0,1,2,0.0
1031818409099,P1-fast-idle,1054,1289,0,1,2,0.0
1031818570287,P1-fast-idle,1054,1289,0,1,2,0.0
1031818732516,P1-fast-idle,1054,1289,0,1,2,0.0
1031818896312,P1-fast-idle,1054,1289,0,1,2,0.0
1031819057973,P1-fast-idle,1054,1289,0,1,2,0.0
1031819220592,P1-fast-idle,1054,1289,0,1,2,0.0
1031819397900,P1-fast-idle,1055,1290,0,1,2,0.0
1031819561019,P1-fast-idle,1055,1290,0,1,2,0.0
1031819722723,P1-fast-idle,1055,1290,0,1,2,0.0
1031819885037,P1-fast-idle,1055,1290,0,1,2,0.0
1031820047561,P1-fast-idle,1055,1290,0,1,2,0.0
1031820209551,P1-fast-idle,1055,1290,0,1,2,0.0
1031820372775,P1-fast-idle,1055,1290,0,1,2,0.0
1031820534746,P1-fast-idle,1056,1292,0,1,2,0.0
1031820697456,P1-fast-idle,1056,1292,0,1,2,0.0
1031820859044,P1-fast-idle,1056,1292,0,1,2,0.0
1031821020723,P1-fast-idle,1056,1292,0,1,2,0.0
1031821182549,P1-fast-idle,1056,1292,0,1,2,0.0
1031821345515,P1-fast-idle,1056,1292,0,1,2,0.0
1031821519304,P1-fast-idle,1057,1293,0,1,2,0.0
1031821680841,P1-fast-idle,1057,1293,0,1,2,0.0
1031821842898,P1-fast-idle,1057,1293,0,1,2,0.0
1031822006920,P1-fast-idle,1057,1293,0,1,2,0.0
1031822169060,P1-fast-idle,1057,1293,0,1,2,0.0
1031822331143,P1-fast-idle,1057,1293,0,1,2,0.0
1031822493256,P1-fast-idle,1057,1293,0,1,2,0.0
1031822655240,P1-fast-idle,1058,1294,0,1,2,0.0
1031822819689,P1-fast-idle,1058,1294,0,1,2,0.0
1031822981743,P1-fast-idle,1058,1294,0,1,2,0.0
1031823143794,P1-fast-idle,1058,1294,0,1,2,0.0
1031823306468,P1-fast-idle,1058,1294,0,1,2,0.0
1031823468902,P1-fast-idle,1058,1294,0,1,2,0.0
1031823631228,P1-fast-idle,1059,1295,0,1,2,0.0
1031823792500,P1-fast-idle,1059,1295,0,1,2,0.0
1031823954017,P1-fast-idle,1059,1295,0,1,2,0.0
1031824117187,P1-fast-idle,1059,1295,0,1,2,0.0
1031824279693,P1-fast-idle,1059,1295,0,1,2,0.0
1031824443069,P1-fast-idle,1059,1295,0,1,2,0.0
1031824605523,P1-fast-idle,1059,1295,0,1,2,0.0
1031824767097,P1-fast-idle,1060,1296,0,1,2,0.0
1031824929502,P1-fast-idle,1060,1296,0,1,2,0.0
1031825092091,P1-fast-idle,1060,1296,0,1,2,0.0
1031825258729,P1-fast-idle,1060,1296,0,1,2,0.0
1031825421209,P1-fast-idle,1060,1296,0,1,2,0.0
1031825584531,P1-fast-idle,1060,1296,0,1,2,0.0
1031825746104,P1-fast-idle,1061,1297,0,1,2,0.0
1031825907890,P1-fast-idle,1061,1297,0,1,2,0.0
1031826070408,P1-fast-idle,1061,1297,0,1,2,0.0
1031826232059,P1-fast-idle,1061,1297,0,1,2,0.0
1031826393026,P1-fast-idle,1061,1297,0,1,2,0.0
1031826555742,P1-fast-idle,1061,1297,0,1,2,0.0
1031826717045,P1-fast-idle,1061,1297,0,1,2,0.0
1031826879113,P1-fast-idle,1062,1298,0,1,2,0.0
1031827041268,P1-fast-idle,1062,1298,0,1,2,0.0
1031827202662,P1-fast-idle,1062,1298,0,1,2,0.0
1031827363891,P1-fast-idle,1062,1298,0,1,2,0.0
1031827525661,P1-fast-idle,1062,1298,0,1,2,0.0
1031827687187,P1-fast-idle,1062,1298,0,1,2,0.0
1031827852033,P1-fast-idle,1063,1299,0,1,2,0.0
1031828014575,P1-fast-idle,1063,1299,0,1,2,0.0
1031828176423,P1-fast-idle,1063,1299,0,1,2,0.0
1031828340074,P1-fast-idle,1063,1299,0,1,2,0.0
1031828503157,P1-fast-idle,1063,1299,0,1,2,0.0
1031828664646,P1-fast-idle,1063,1299,0,1,2,0.0
1031828826916,P1-fast-idle,1063,1299,0,1,2,0.0
1031828989035,P1-fast-idle,1064,1300,0,1,2,0.0
1031829151750,P1-fast-idle,1064,1300,0,1,2,0.0
1031829313113,P1-fast-idle,1064,1300,0,1,2,0.0
1031829474742,P1-fast-idle,1064,1300,0,1,2,0.0
1031829636289,P1-fast-idle,1064,1300,0,1,2,0.0
1031829797591,P1-fast-idle,1064,1300,0,1,2,0.0
1031829962920,P1-fast-idle,1065,1301,0,1,2,0.0
1031830126628,P1-fast-idle,1065,1301,0,1,2,0.0
1031830288336,P1-fast-idle,1065,1301,0,1,2,0.0
1031830450586,P1-fast-idle,1065,1301,0,1,2,0.0
1031830612740,P1-fast-idle,1065,1301,0,1,2,0.0
1031830774386,P1-fast-idle,1065,1301,0,1,2,0.0
1031830935530,P1-fast-idle,1065,1301,0,1,2,0.0
1031831098365,P1-fast-idle,1066,1302,0,1,2,0.0
1031831261237,P1-fast-idle,1066,1302,0,1,2,0.0
1031831423065,P1-fast-idle,1066,1302,0,1,2,0.0
1031831586776,P1-fast-idle,1066,1302,0,1,2,0.0
1031831748576,P1-fast-idle,1066,1302,0,1,2,0.0
1031831910941,P1-fast-idle,1066,1302,0,1,2,0.0
1031832076310,P1-fast-idle,1067,1303,0,1,2,0.0
1031832238298,P1-fast-idle,1067,1303,0,1,2,0.0
1031832400694,P1-fast-idle,1067,1303,0,1,2,0.0
1031832562807,P1-fast-idle,1067,1303,0,1,2,0.0
1031832724691,P1-fast-idle,1067,1303,0,1,2,0.0
1031832885882,P1-fast-idle,1067,1303,0,1,2,0.0
1031833049206,P1-fast-idle,1067,1303,0,1,2,0.0
1031833210872,P1-fast-idle,1068,1304,0,1,2,0.0
1031833372899,P1-fast-idle,1068,1304,0,1,2,0.0
1031833534326,P1-fast-idle,1068,1304,0,1,2,0.0
1031833697656,P1-fast-idle,1068,1304,0,1,2,0.0
1031833859369,P1-fast-idle,1068,1304,0,1,2,0.0
1031834021635,P1-fast-idle,1068,1304,0,1,2,0.0
1031834186972,P1-fast-idle,1068,1304,0,1,2,0.0
1031834348742,P1-fast-idle,1069,1305,0,1,2,0.0
1031834510624,P1-fast-idle,1069,1305,0,1,2,0.0
1031834673781,P1-fast-idle,1069,1305,0,1,2,0.0
1031834835140,P1-fast-idle,1069,1305,0,1,2,0.0
1031834996995,P1-fast-idle,1069,1305,0,1,2,0.0
1031835158888,P1-fast-idle,1069,1305,0,1,2,0.0
1031855475668,P2-normal-rapid,1092,1326,1,2,2,0.018050000000000004
1031860554296,P2-normal-rapid,1096,1331,1,2,2,0.028800000000000006
1031865619902,P2-normal-rapid,1101,1336,1,2,2,0.04205000000000001
1031870685589,P2-normal-rapid,1106,1341,1,2,2,0.05780000000000002
1031875762353,P2-normal-rapid,1111,1347,1,2,2,0.08000000000000003
1031880830884,P2-normal-rapid,1116,1352,1,2,2,0.10000000000000005
1031885901944,P2-normal-rapid,1120,1356,1,2,2,0.11600000000000006
1031890975346,P2-normal-rapid,1125,1361,1,2,2,0.13600000000000007
1031896040185,P2-normal-rapid,1130,1367,1,2,2,0.1600000000000001
1031901105216,P2-normal-rapid,1135,1372,1,2,2,0.1800000000000001
1031906171355,P2-normal-rapid,1139,1376,1,2,2,0.19600000000000012
1031911236397,P2-normal-rapid,1144,1382,1,2,2,0.22000000000000017
1031916314476,P2-normal-rapid,1149,1387,1,2,2,0.24000000000000019
1031921384440,P2-normal-rapid,1154,1392,1,2,2,0.2600000000000002
1031926462239,P2-normal-rapid,1159,1397,1,2,2,0.2800000000000002
1031931539976,P2-normal-rapid,1163,1402,1,2,2,0.3000000000000002
1031936616069,P2-normal-rapid,1168,1407,1,2,2,0.32000000000000023
1031941681062,P2-normal-rapid,1173,1412,1,2,2,0.3400000000000003
1031946744241,P2-normal-rapid,1178,1418,1,2,2,0.3640000000000003
1031951822466,P2-normal-rapid,1183,1423,1,2,2,0.38400000000000023
1031956901838,P2-normal-rapid,1187,1427,1,2,2,0.40000000000000024
1031961967628,P2-normal-rapid,1192,1432,1,2,2,0.42000000000000026
1031967036938,P2-normal-rapid,1197,1438,1,2,2,0.44400000000000034
1031972109445,P2-normal-rapid,1202,1443,1,2,2,0.46400000000000036
1031977186763,P2-normal-rapid,1206,1447,1,2,2,0.48000000000000037
1031982254060,P2-normal-rapid,1211,1453,1,2,2,0.5040000000000003
1031987319921,P2-normal-rapid,1216,1458,1,2,2,0.5240000000000004
1031992385112,P2-normal-rapid,1221,1463,1,2,2,0.5440000000000004
1031997449523,P2-normal-rapid,1226,1468,1,2,2,0.5640000000000004
1032002520462,P2-normal-rapid,1230,1473,1,2,2,0.5840000000000004
1032007594722,P2-normal-rapid,1235,1478,1,2,2,0.6040000000000004
1032012672592,P2-normal-rapid,1240,1483,1,2,2,0.6240000000000004
1032017740110,P2-normal-rapid,1245,1489,1,2,2,0.6480000000000005
1032022819588,P2-normal-rapid,1249,1493,1,2,2,0.6640000000000005
1032027888317,P2-normal-rapid,1254,1498,1,2,2,0.6840000000000006
1032032954142,P2-normal-rapid,1259,1503,1,2,2,0.7040000000000006
1032038019177,P2-normal-rapid,1264,1509,1,2,2,0.7280000000000006
1032043096675,P2-normal-rapid,1269,1514,1,2,2,0.7480000000000007
1032048176932,P2-normal-rapid,1273,1518,1,2,2,0.7640000000000005
1032053243019,P2-normal-rapid,1278,1524,1,2,2,0.7880000000000005
1032058324058,P2-normal-rapid,1283,1529,1,2,2,0.8080000000000005
1032063386058,P2-normal-rapid,1288,1534,1,2,2,0.8280000000000005
1032068450826,P2-normal-rapid,1293,1539,1,2,2,0.8480000000000005
1032073523244,P2-normal-rapid,1297,1544,1,2,2,0.8680000000000005
1032078593312,P2-normal-rapid,1302,1549,1,2,2,0.8880000000000007
1032083660145,P2-normal-rapid,1307,1554,1,2,2,0.9080000000000007
1032088730950,P2-normal-rapid,1312,1560,1,2,2,0.9320000000000007
1032093813983,P2-normal-rapid,1316,1564,1,2,2,0.9480000000000007
1032098887452,P2-normal-rapid,1321,1569,1,2,2,0.9680000000000007
1032103966946,P2-normal-rapid,1326,1574,1,2,2,0.9880000000000008
1032109034595,P2-normal-rapid,1331,1580,1,2,2,1.0120000000000007
1032114113580,P2-normal-rapid,1336,1585,1,2,2,1.0320000000000007
1032119193317,P2-normal-rapid,1340,1589,1,2,2,1.0480000000000007
1032124272999,P2-normal-rapid,1345,1595,1,2,2,1.0720000000000007
1032129353504,P2-normal-rapid,1350,1600,1,2,2,1.0920000000000007
1032134420011,P2-normal-rapid,1355,1605,1,2,2,1.1120000000000008
1032139492218,P2-normal-rapid,1360,1610,1,2,2,1.1320000000000008
1032144557687,P2-normal-rapid,1364,1615,1,2,2,1.1520000000000008
1032149636663,P2-normal-rapid,1369,1620,1,2,2,1.1720000000000008
1032154713586,P2-normal-rapid,1374,1625,1,2,2,1.1920000000000008
1032159776207,P2-normal-rapid,1379,1631,1,2,2,1.2160000000000009
1032164847871,P2-normal-rapid,1384,1636,1,2,2,1.2360000000000009
1032169928858,P2-normal-rapid,1388,1640,1,2,2,1.252000000000001
1032175015129,P2-normal-rapid,1393,1645,1,2,2,1.272000000000001
1032180092992,P2-normal-rapid,1398,1651,1,2,2,1.296000000000001
1032185156778,P2-normal-rapid,1403,1656,1,2,2,1.316000000000001
1032190223937,P2-normal-rapid,1407,1660,1,2,2,1.332000000000001
1032195290524,P2-normal-rapid,1412,1666,1,2,2,1.356000000000001
1032200362446,P2-normal-rapid,1417,1671,1,2,2,1.3760000000000012
1032205440469,P2-normal-rapid,1422,1676,1,2,2,1.396000000000001
1032210518107,P2-normal-rapid,1427,1681,1,2,2,1.4160000000000013
1032215582778,P2-normal-rapid,1431,1686,1,2,2,1.436000000000001
1032220658846,P2-normal-rapid,1436,1691,1,2,2,1.4560000000000013
1032225732037,P2-normal-rapid,1441,1696,1,2,2,1.476000000000001
1032230806761,P2-normal-rapid,1446,1702,1,2,2,1.500000000000001
1032235873812,P2-normal-rapid,1451,1707,1,2,2,1.520000000000001
1032240947831,P2-normal-rapid,1455,1711,1,2,2,1.536000000000001
1032246026028,P2-normal-rapid,1460,1716,1,2,2,1.5560000000000012
1032251104829,P2-normal-rapid,1465,1722,1,2,2,1.5800000000000012
1032256182437,P2-normal-rapid,1470,1727,1,2,2,1.600000000000001
1032261245990,P2-normal-rapid,1475,1732,1,2,2,1.6200000000000012
1032266319100,P2-normal-rapid,1479,1737,1,2,2,1.640000000000001
1032271397379,P2-normal-rapid,1484,1742,1,2,2,1.6600000000000013
1032276461300,P2-normal-rapid,1489,1747,1,2,2,1.680000000000001
1032281525612,P2-normal-rapid,1494,1752,1,2,2,1.7000000000000013
1032286606625,P2-normal-rapid,1498,1757,1,2,2,1.720000000000001
1032291673501,P2-normal-rapid,1503,1762,1,2,2,1.7400000000000013
1032296739846,P2-normal-rapid,1508,1767,1,2,2,1.7600000000000013
1032301817588,P2-normal-rapid,1513,1773,1,2,2,1.7840000000000014
1032306880427,P2-normal-rapid,1518,1778,1,2,2,1.8040000000000014
1032311952049,P2-normal-rapid,1522,1782,1,2,2,1.8200000000000014
1032317022223,P2-normal-rapid,1527,1787,1,2,2,1.8400000000000014
1032322086449,P2-normal-rapid,1532,1793,1,2,2,1.8640000000000014
1032327150675,P2-normal-rapid,1537,1798,1,2,2,1.8840000000000015
1032332216171,P2-normal-rapid,1542,1803,1,2,2,1.9040000000000015
1032337290259,P2-normal-rapid,1546,1807,1,2,2,1.9200000000000015
1032342357495,P2-normal-rapid,1551,1813,1,2,2,1.9440000000000015
1032347435643,P2-normal-rapid,1556,1818,1,2,2,1.9640000000000015
1032352513847,P2-normal-rapid,1561,1823,1,2,2,1.9840000000000015
1032357578714,P2-normal-rapid,1566,1829,1,2,2,2.0080000000000013
1032362656081,P2-normal-rapid,1570,1833,1,2,2,2.0240000000000014
1032367722066,P2-normal-rapid,1575,1838,1,2,2,2.0440000000000014
1032372791475,P2-normal-rapid,1580,1843,1,2,2,2.0640000000000014
1032377855870,P2-normal-rapid,1585,1849,1,2,2,2.0880000000000014
1032382921595,P2-normal-rapid,1589,1853,1,2,2,2.1040000000000014
1032387989461,P2-normal-rapid,1594,1858,1,2,2,2.1240000000000014
1032393062825,P2-normal-rapid,1599,1864,1,2,2,2.1480000000000015
1032398126284,P2-normal-rapid,1604,1869,1,2,2,2.1680000000000015
1032403200234,P2-normal-rapid,1609,1874,1,2,2,2.1880000000000015
1032408264258,P2-normal-rapid,1613,1878,1,2,2,2.2040000000000015
1032413330943,P2-normal-rapid,1618,1884,1,2,2,2.2280000000000015
1032418397489,P2-normal-rapid,1623,1889,1,2,2,2.2480000000000016
1032423474855,P2-normal-rapid,1628,1894,1,2,2,2.2680000000000016
1032428541565,P2-normal-rapid,1632,1899,1,2,2,2.2880000000000016
1032433610823,P2-normal-rapid,1637,1904,1,2,2,2.3080000000000016
1032438674713,P2-normal-rapid,1642,1909,1,2,2,2.3280000000000016
1032443743847,P2-normal-rapid,1647,1915,1,2,2,2.3520000000000016
1032448808304,P2-normal-rapid,1652,1920,1,2,2,2.3720000000000017
1032453890413,P2-normal-rapid,1656,1924,1,2,2,2.3880000000000017
1032458954119,P2-normal-rapid,1661,1929,1,2,2,2.4080000000000017
1032464033242,P2-normal-rapid,1666,1935,1,2,2,2.4320000000000017
1032469098618,P2-normal-rapid,1671,1940,1,2,2,2.4520000000000017
1032474168476,P2-normal-rapid,1676,1945,1,2,2,2.4720000000000018
1032479232673,P2-normal-rapid,1680,1949,1,2,2,2.4880000000000018
1032484301715,P2-normal-rapid,1685,1955,1,2,2,2.512000000000002
1032489366109,P2-normal-rapid,1690,1960,1,2,2,2.532000000000002
1032494431858,P2-normal-rapid,1695,1965,1,2,2,2.552000000000002
1032499495027,P2-normal-rapid,1699,1970,1,2,2,2.572000000000002
1032504565896,P2-normal-rapid,1704,1975,1,2,2,2.592000000000002
1032509628601,P2-normal-rapid,1709,1980,1,2,2,2.612000000000002
1032514693071,P2-normal-rapid,1714,1985,1,2,2,2.632000000000002
1032519756615,P2-normal-rapid,1719,1991,1,2,2,2.656000000000002
1032524820061,P2-normal-rapid,1723,1995,1,2,2,2.6720000000000024
1032529883985,P2-normal-rapid,1728,2000,1,2,2,2.692000000000002
1032534949637,P2-normal-rapid,1733,2006,1,2,2,2.716000000000002
1032540014519,P2-normal-rapid,1738,2011,1,2,2,2.7360000000000024
1032545079684,P2-normal-rapid,1743,2016,1,2,2,2.756000000000002
1032550143975,P2-normal-rapid,1747,2020,1,2,2,2.772000000000002
1032555207829,P2-normal-rapid,1752,2026,1,2,2,2.796000000000002
1032560272448,P2-normal-rapid,1757,2031,1,2,2,2.8160000000000025
1032565348171,P2-normal-rapid,1762,2036,1,2,2,2.836000000000002
1032570418351,P2-normal-rapid,1766,2041,1,2,2,2.856000000000002
1032575487762,P2-normal-rapid,1771,2046,1,2,2,2.876000000000002
1032580566323,P2-normal-rapid,1776,2051,1,2,2,2.8960000000000026
1032585631181,P2-normal-rapid,1781,2056,1,2,2,2.916000000000002
1032590695477,P2-normal-rapid,1786,2062,1,2,2,2.9387500000000024
1032595769383,P2-normal-rapid,1790,2066,1,2,2,2.951950000000002
1032600836338,P2-normal-rapid,1795,2071,1,2,2,2.966200000000001
1032605911005,P2-normal-rapid,1800,2076,1,2,2,2.9779500000000008
1032610979049,P2-normal-rapid,1805,2082,1,2,2,2.9887500000000014
1032616050311,P2-normal-rapid,1810,2087,1,2,2,2.995
1032621115360,P2-normal-rapid,1814,2091,1,2,2,2.9981999999999998
1032626184129,P2-normal-rapid,1819,2097,1,2,2,3.0
1032631248967,P2-normal-rapid,1824,2102,0,1,2,3.0
1032636312811,P2-normal-rapid,1829,2107,0,1,2,3.0
1032641393525,P2-normal-rapid,1833,2111,0,1,2,3.0
1032646463078,P2-normal-rapid,1838,2117,0,1,2,3.0
1032651542470,P2-normal-rapid,1843,2122,0,1,2,3.0
1032656607964,P2-normal-rapid,1848,2127,0,1,2,3.0
1032661686423,P2-normal-rapid,1853,2133,0,1,2,3.0
1032666763425,P2-normal-rapid,1857,2137,0,1,2,3.0
1032671827800,P2-normal-rapid,1862,2142,0,1,2,3.0
1032676905035,P2-normal-rapid,1867,2147,0,1,2,3.0
1032681984386,P2-normal-rapid,1872,2153,0,1,2,3.0
1032687048750,P2-normal-rapid,1877,2158,0,1,2,3.0
1032692112979,P2-normal-rapid,1881,2162,0,1,2,3.0
1032697179398,P2-normal-rapid,1886,2168,0,1,2,3.0
1032702247718,P2-normal-rapid,1891,2173,0,1,2,3.0
1032707322831,P2-normal-rapid,1896,2178,0,1,2,3.0
1032712400786,P2-normal-rapid,1901,2183,0,1,2,3.0
1032717472784,P2-normal-rapid,1905,2188,0,1,2,3.0
1032722539260,P2-normal-rapid,1910,2193,0,1,2,3.0
1032727618012,P2-normal-rapid,1915,2198,0,1,2,3.0
1032732697499,P2-normal-rapid,1920,2204,0,1,2,3.0
1032737761026,P2-normal-rapid,1925,2209,0,1,2,3.0
1032742840023,P2-normal-rapid,1929,2213,0,1,2,3.0
1032747908359,P2-normal-rapid,1934,2218,0,1,2,3.0
1032752972800,P2-normal-rapid,1939,2224,0,1,2,3.0
1032758051907,P2-normal-rapid,1944,2229,0,1,2,3.0
1032763127004,P2-normal-rapid,1948,2233,0,1,2,3.0
1032768206850,P2-normal-rapid,1953,2238,0,1,2,3.0
1032773274490,P2-normal-rapid,1958,2244,0,1,2,3.0
1032778352030,P2-normal-rapid,1963,2249,0,1,2,3.0
1032783433151,P2-normal-rapid,1968,2254,0,1,2,3.0
1032788496044,P2-normal-rapid,1972,2259,0,1,2,3.0
1032793572628,P2-normal-rapid,1977,2264,0,1,2,3.0
1032798650867,P2-normal-rapid,1982,2269,0,1,2,3.0
1032803721040,P2-normal-rapid,1987,2274,0,1,2,3.0
1032808785728,P2-normal-rapid,1992,2280,0,1,2,3.0
1032813856888,P2-normal-rapid,1996,2284,0,1,2,3.0
1032818928252,P2-normal-rapid,2001,2289,0,1,2,3.0
1032823995045,P2-normal-rapid,2006,2295,0,1,2,3.0
1032829071292,P2-normal-rapid,2011,2300,0,1,2,3.0
1032834137901,P2-normal-rapid,2016,2305,0,1,2,3.0
1032839204987,P2-normal-rapid,2020,2309,0,1,2,3.0
1032844270621,P2-normal-rapid,2025,2315,0,1,2,3.0
1032849351034,P2-normal-rapid,2030,2320,0,1,2,3.0
1032854435757,P2-normal-rapid,2035,2325,0,1,2,3.0
1032859506746,P2-normal-rapid-drain,2040,2331,0,1,2,3.0
1032879673174,P2-normal-feed,2062,2351,2,2,2,2.986
1032884741192,P2-normal-feed,2066,2355,2,2,2,2.982
1032889805233,P2-normal-feed,2071,2360,2,2,2,2.977
1032894875607,P2-normal-feed,2076,2365,2,2,2,2.972
1032899947116,P2-normal-feed,2081,2371,2,2,2,2.966
1032905022060,P2-normal-feed,2086,2376,2,2,2,2.961
1032910101763,P2-normal-feed,2090,2380,2,2,2,2.957
1032915181690,P2-normal-feed,2095,2386,2,2,2,2.951
1032920256207,P2-normal-feed,2100,2391,2,2,2,2.946
1032925323850,P2-normal-feed,2105,2396,2,2,2,2.941
1032930403214,P2-normal-feed,2110,2401,2,2,2,2.936
1032935471289,P2-normal-feed,2114,2406,2,2,2,2.931
1032940560084,P2-normal-feed,2119,2411,2,2,2,2.926
1032945622751,P2-normal-feed,2124,2416,2,2,2,2.921
1032950688262,P2-normal-feed,2129,2422,2,2,2,2.915
1032955766988,P2-normal-feed,2133,2426,2,2,2,2.911
1032960844875,P2-normal-feed,2138,2431,2,2,2,2.906
1032965914940,P2-normal-feed,2143,2436,2,2,2,2.901
1032970988636,P2-normal-feed,2148,2442,2,2,2,2.895
1032976060936,P2-normal-feed,2153,2447,2,2,2,2.89
1032981133617,P2-normal-feed,2157,2451,2,2,2,2.886
1032986213794,P2-normal-feed,2162,2456,2,2,2,2.881
1032991280288,P2-normal-feed,2167,2462,2,2,2,2.875
1032996354794,P2-normal-feed,2172,2467,2,2,2,2.87
1033001426152,P2-normal-feed,2177,2472,2,2,2,2.8649999999999998
1033006503045,P2-normal-feed,2181,2477,2,2,2,2.86
1033011580911,P2-normal-feed,2186,2482,2,2,2,2.855
1033016659648,P2-normal-feed,2191,2487,2,2,2,2.85
1033021725141,P2-normal-feed,2196,2492,2,2,2,2.8449999999999998
1033026789935,P2-normal-feed,2201,2498,2,2,2,2.839
1033031869645,P2-normal-feed,2205,2502,2,2,2,2.835
1033036937357,P2-normal-feed,2210,2507,2,2,2,2.83
1033042012464,P2-normal-feed,2215,2513,2,2,2,2.824
1033047082527,P2-normal-feed,2220,2518,2,2,2,2.819
1033052155488,P2-normal-feed,2225,2523,2,2,2,2.814
1033057219077,P2-normal-feed,2229,2527,2,2,2,2.81
1033062285949,P2-normal-feed,2234,2533,2,2,2,2.804
1033067366250,P2-normal-feed,2239,2538,2,2,2,2.799
1033072444251,P2-normal-feed,2244,2543,2,2,2,2.794
1033077519731,P2-normal-feed,2249,2549,2,2,2,2.788
1033082596760,P2-normal-feed,2253,2553,2,2,2,2.784
1033087659782,P2-normal-feed,2258,2558,2,2,2,2.779
1033092737961,P2-normal-feed,2263,2563,2,2,2,2.774
1033097805796,P2-normal-feed,2268,2569,2,2,2,2.768
1033102869361,P2-normal-feed,2273,2574,2,2,2,2.763
1033107932653,P2-normal-feed,2277,2578,2,2,2,2.759
1033113013697,P2-normal-feed,2282,2583,2,2,2,2.754
1033118095643,P2-normal-feed,2287,2589,2,2,2,2.7479999999999998
1033123175531,P2-normal-feed,2292,2594,2,2,2,2.743
1033128254615,P2-normal-feed,2297,2599,2,2,2,2.738
1033133326858,P2-normal-feed,2301,2604,2,2,2,2.7329999999999997
1033138394778,P2-normal-feed,2306,2609,2,2,2,2.7279999999999998
1033143473171,P2-normal-feed,2311,2614,2,2,2,2.723
1033148551777,P2-normal-feed,2316,2619,2,2,2,2.718
1033153616612,P2-normal-feed,2321,2625,2,2,2,2.7119999999999997
1033158695238,P2-normal-feed,2325,2629,2,2,2,2.7079999999999997
1033163771195,P2-normal-feed,2330,2634,2,2,2,2.703
1033168836440,P2-normal-feed,2335,2639,2,2,2,2.698
1033173904866,P2-normal-feed,2340,2645,2,2,2,2.6919999999999997
1033178983248,P2-normal-feed,2345,2650,2,2,2,2.687
1033184073660,P2-normal-feed,2349,2654,2,2,2,2.683
1033189157721,P2-normal-feed,2354,2660,2,2,2,2.6769999999999996
1033194226918,P2-normal-feed,2359,2665,2,2,2,2.6719999999999997
1033199292733,P2-normal-feed,2364,2670,2,2,2,2.667
1033204361431,P2-normal-feed,2368,2674,2,2,2,2.663
1033209430503,P2-normal-feed,2373,2680,2,2,2,2.6569999999999996
1033214495861,P2-normal-feed,2378,2685,2,2,2,2.6519999999999997
1033219560199,P2-normal-feed,2383,2690,2,2,2,2.647
1033224624502,P2-normal-feed,2388,2696,2,2,2,2.6409999999999996
1033229689619,P2-normal-feed,2392,2700,2,2,2,2.6369999999999996
1033234763202,P2-normal-feed,2397,2705,2,2,2,2.6319999999999997
1033239827854,P2-normal-feed,2402,2710,2,2,2,2.627
1033244892096,P2-normal-feed,2407,2716,2,2,2,2.6209999999999996
1033249955564,P2-normal-feed,2412,2721,2,2,2,2.6159999999999997
1033255017368,P2-normal-feed,2416,2725,2,2,2,2.6119999999999997
1033260079333,P2-normal-feed,2421,2730,2,2,2,2.6069999999999998
1033265141009,P2-normal-feed,2426,2736,2,2,2,2.6009999999999995
1033270202890,P2-normal-feed,2431,2741,2,2,2,2.5959999999999996
1033275429310,P2-normal-feed,2436,2746,2,2,2,2.5909999999999997
1033280517829,P2-normal-feed,2440,2751,2,2,2,2.586
1033285601698,P2-normal-feed,2445,2756,2,2,2,2.5809999999999995
1033290684042,P2-normal-feed,2450,2761,2,2,2,2.5759999999999996
1033295755943,P2-normal-feed,2455,2766,2,2,2,2.5709999999999997
1033300827542,P2-normal-feed,2460,2772,2,2,2,2.5649999999999995
1033305900107,P2-normal-feed,2464,2776,2,2,2,2.5609999999999995
1033310981526,P2-normal-feed,2469,2781,2,2,2,2.5559999999999996
1033316052441,P2-normal-feed,2474,2787,2,2,2,2.55
1033321129085,P2-normal-feed,2479,2792,2,2,2,2.5449999999999995
1033326209347,P2-normal-feed,2484,2797,2,2,2,2.5399999999999996
1033331291480,P2-normal-feed,2488,2801,2,2,2,2.5359999999999996
1033336382173,P2-normal-feed,2493,2807,2,2,2,2.53
1033341452226,P2-normal-feed,2498,2812,2,2,2,2.5249999999999995
1033346534370,P2-normal-feed,2503,2817,2,2,2,2.5199999999999996
1033351610735,P2-normal-feed,2508,2822,2,2,2,2.5149999999999997
1033356676407,P2-normal-feed,2513,2828,2,2,2,2.5089999999999995
1033361745205,P2-normal-feed,2517,2832,2,2,2,2.5049999999999994
1033366815241,P2-normal-feed,2522,2837,2,2,2,2.4999999999999996
1033371882565,P2-normal-feed,2527,2843,2,2,2,2.4939999999999998
1033376951449,P2-normal-feed,2532,2848,2,2,2,2.489
1033382031375,P2-normal-feed,2536,2852,2,2,2,2.4849999999999994
1033387104699,P2-normal-feed,2541,2857,2,2,2,2.4799999999999995
1033392181555,P2-normal-feed,2546,2863,2,2,2,2.4739999999999998
1033397260984,P2-normal-feed,2551,2868,2,2,2,2.4689999999999994
1033402331864,P2-normal-feed,2556,2873,2,2,2,2.4639999999999995
1033407397458,P2-normal-feed,2560,2877,2,2,2,2.4599999999999995
1033412462306,P2-normal-feed,2565,2883,2,2,2,2.4539999999999997
1033417534431,P2-normal-feed,2570,2888,2,2,2,2.449
1033422618734,P2-normal-feed,2575,2893,2,2,2,2.4439999999999995
1033427698616,P2-normal-feed,2580,2899,2,2,2,2.4379999999999997
1033432772218,P2-normal-feed,2584,2903,2,2,2,2.4339999999999997
1033437854634,P2-normal-feed,2589,2908,2,2,2,2.4289999999999994
1033442919917,P2-normal-feed,2594,2913,2,2,2,2.4239999999999995
1033447984573,P2-normal-feed,2599,2919,2,2,2,2.4179999999999997
1033453050991,P2-normal-feed,2604,2924,2,2,2,2.4129999999999994
1033458127702,P2-normal-feed,2608,2928,2,2,2,2.409
1033463207882,P2-normal-feed,2613,2934,2,2,2,2.4029999999999996
1033468274538,P2-normal-feed,2618,2939,2,2,2,2.3979999999999997
1033473341826,P2-normal-feed,2623,2944,2,2,2,2.393
1033478408950,P2-normal-feed,2628,2949,2,2,2,2.3879999999999995
1033483485266,P2-normal-feed,2632,2954,2,2,2,2.3829999999999996
1033488553871,P2-normal-feed,2637,2959,2,2,2,2.3779999999999997
1033493633385,P2-normal-feed,2642,2964,2,2,2,2.3729999999999993
1033498708313,P2-normal-feed,2647,2970,2,2,2,2.3669999999999995
1033503771908,P2-normal-feed,2651,2974,2,2,2,2.3629999999999995
1033508847253,P2-normal-feed,2656,2979,2,2,2,2.3579999999999997
1033513925585,P2-normal-feed,2661,2984,2,2,2,2.3529999999999998
1033518991579,P2-normal-feed,2666,2990,2,2,2,2.3469999999999995
1033524056915,P2-normal-feed,2671,2995,2,2,2,2.3419999999999996
1033529133205,P2-normal-feed,2675,2999,2,2,2,2.3379999999999996
1033534208028,P2-normal-feed,2680,3005,2,2,2,2.3319999999999994
1033539274258,P2-normal-feed,2685,3010,2,2,2,2.3269999999999995
1033544343088,P2-normal-feed,2690,3015,2,2,2,2.3219999999999996
1033549428119,P2-normal-feed,2695,3020,2,2,2,2.3169999999999997
1033554506672,P2-normal-feed,2699,3025,2,2,2,2.3119999999999994
1033559585133,P2-normal-feed,2704,3030,2,2,2,2.3069999999999995
1033564660407,P2-normal-feed,2709,3035,2,2,2,2.3019999999999996
1033569738873,P2-normal-feed,2714,3041,2,2,2,2.2959999999999994
1033574802777,P2-normal-feed,2718,3045,2,2,2,2.2919999999999994
1033579882695,P2-normal-feed,2723,3050,2,2,2,2.2869999999999995
1033584962018,P2-normal-feed,2728,3055,2,2,2,2.2819999999999996
1033590041589,P2-normal-feed,2733,3061,2,2,2,2.2759999999999994
1033595120016,P2-normal-feed,2738,3066,2,2,2,2.2709999999999995
1033600203215,P2-normal-feed,2742,3070,2,2,2,2.2669999999999995
1033605278057,P2-normal-feed,2747,3076,2,2,2,2.2609999999999997
1033610356724,P2-normal-feed,2752,3081,2,2,2,2.2559999999999993
1033615432668,P2-normal-feed,2757,3086,2,2,2,2.2509999999999994
1033620511887,P2-normal-feed,2762,3091,2,2,2,2.2459999999999996
1033625590355,P2-normal-feed,2766,3096,2,2,2,2.240999999999999
1033630658922,P2-normal-feed,2771,3101,2,2,2,2.2359999999999993
1033635728280,P2-normal-feed,2776,3106,2,2,2,2.2309999999999994
1033640807399,P2-normal-feed,2781,3112,2,2,2,2.224999999999999
1033645885467,P2-normal-feed,2786,3117,2,2,2,2.2199999999999993
1033650966513,P2-normal-feed,2790,3121,2,2,2,2.2159999999999993
1033656044526,P2-normal-feed,2795,3126,2,2,2,2.2109999999999994
1033661115973,P2-normal-feed,2800,3132,2,2,2,2.2049999999999996
1033666186513,P2-normal-feed,2805,3137,2,2,2,2.1999999999999993
1033671264290,P2-normal-feed,2810,3142,2,2,2,2.1949999999999994
1033676344527,P2-normal-feed,2814,3146,2,2,2,2.1909999999999994
1033681423673,P2-normal-feed,2819,3152,2,2,2,2.184999999999999
1033686503245,P2-normal-feed,2824,3157,2,2,2,2.1799999999999993
1033691571261,P2-normal-feed,2829,3162,2,2,2,2.1749999999999994
1033696636334,P2-normal-feed,2834,3168,2,2,2,2.168999999999999
1033701703347,P2-normal-feed,2838,3172,2,2,2,2.1649999999999996
1033706783165,P2-normal-feed,2843,3177,2,2,2,2.1599999999999993
1033711863289,P2-normal-feed,2848,3182,2,2,2,2.1549999999999994
1033716930575,P2-normal-feed,2853,3188,2,2,2,2.1489999999999996
1033722017791,P2-normal-feed,2858,3193,2,2,2,2.1439999999999992
1033727086139,P2-normal-feed,2862,3197,2,2,2,2.1399999999999992
1033732170415,P2-normal-feed,2867,3203,2,2,2,2.1339999999999995
1033737249933,P2-normal-feed,2872,3208,2,2,2,2.128999999999999
1033742323344,P2-normal-feed,2877,3213,2,2,2,2.123999999999999
1033747391050,P2-normal-feed,2882,3218,2,2,2,2.1189999999999993
1033752469076,P2-normal-feed,2886,3223,2,2,2,2.1139999999999994
1033757544577,P2-normal-feed,2891,3228,2,2,2,2.1089999999999995
1033762622970,P2-normal-feed,2896,3233,2,2,2,2.103999999999999
1033767689438,P2-normal-feed,2901,3239,2,2,2,2.0979999999999994
1033772754836,P2-normal-feed,2906,3244,2,2,2,2.0929999999999995
1033777824937,P2-normal-feed,2910,3248,2,2,2,2.088999999999999
1033782896232,P2-normal-feed,2915,3253,2,2,2,2.083999999999999
1033787961237,P2-normal-feed,2920,3259,2,2,2,2.0779999999999994
1033793039326,P2-normal-feed,2925,3264,2,2,2,2.072999999999999
1033798118541,P2-normal-feed,2929,3268,2,2,2,2.0689999999999995
1033803190398,P2-normal-feed,2934,3273,2,2,2,2.063999999999999
1033808256131,P2-normal-feed,2939,3279,2,2,2,2.0579999999999994
1033813335523,P2-normal-feed,2944,3284,2,2,2,2.0529999999999995
1033818402159,P2-normal-feed,2949,3289,2,2,2,2.047999999999999
1033823480253,P2-normal-feed,2953,3294,2,2,2,2.0429999999999993
1033828560447,P2-normal-feed,2958,3299,2,2,2,2.0379999999999994
1033833631310,P2-normal-feed,2963,3304,2,2,2,2.032999999999999
1033838697654,P2-normal-feed,2968,3309,2,2,2,2.027999999999999
1033843762957,P2-normal-feed,2973,3315,2,2,2,2.0219999999999994
1033848828311,P2-normal-feed,2977,3319,2,2,2,2.0179999999999993
1033853905872,P2-normal-feed,2982,3324,2,2,2,2.0129999999999995
1033858972051,P2-normal-feed,2987,3330,2,2,2,2.0069999999999992
1033864052016,P2-normal-feed,2992,3335,2,2,2,2.0019999999999993
1033869117787,P2-normal-feed,2997,3340,2,2,2,1.9969999999999997
1033874187916,P2-normal-feed,3001,3344,2,2,2,1.993
1033879266459,P2-normal-feed,3006,3350,2,2,2,1.9870000000000008
1033884332899,P2-normal-feed,3011,3355,2,2,2,1.9820000000000013
1033889418140,P2-normal-feed,3016,3360,2,2,2,1.9770000000000019
1033894489997,P2-normal-feed,3021,3366,2,2,2,1.9710000000000025
1033899568146,P2-normal-feed,3025,3370,2,2,2,1.967000000000003
1033904636827,P2-normal-feed,3030,3375,2,2,2,1.9620000000000035
1033909711539,P2-normal-feed,3035,3380,2,2,2,1.957000000000004
1033914778884,P2-normal-feed,3040,3386,2,2,2,1.9510000000000047
1033919846880,P2-normal-feed,3045,3391,2,2,2,1.9460000000000053
1033924925660,P2-normal-feed,3049,3395,2,2,2,1.9420000000000057
1033929994590,P2-normal-feed,3054,3400,2,2,2,1.9370000000000063
1033935062433,P2-normal-feed,3059,3406,2,2,2,1.931000000000007
1033940143470,P2-normal-feed,3064,3411,2,2,2,1.9260000000000075
1033945208946,P2-normal-feed,3068,3415,2,2,2,1.922000000000008
1033950273329,P2-normal-feed,3073,3421,2,2,2,1.9160000000000086
1033955353023,P2-normal-feed,3078,3426,2,2,2,1.9110000000000091
1033960435469,P2-normal-feed,3083,3431,2,2,2,1.9060000000000097
1033965513641,P2-normal-feed,3088,3436,2,2,2,1.9010000000000102
1033970594158,P2-normal-feed,3092,3441,2,2,2,1.8960000000000108
1033975659178,P2-normal-feed,3097,3446,2,2,2,1.8910000000000113
1033980736928,P2-normal-feed,3102,3451,2,2,2,1.886000000000012
1033985814930,P2-normal-feed,3107,3457,2,2,2,1.8800000000000125
1033990893656,P2-normal-feed,3112,3462,2,2,2,1.875000000000013
1033995960583,P2-normal-feed,3116,3466,2,2,2,1.8710000000000135
1034001036543,P2-normal-feed,3121,3471,2,2,2,1.866000000000014
1034006115815,P2-normal-feed,3126,3477,2,2,2,1.8600000000000148
1034011186524,P2-normal-feed,3131,3482,2,2,2,1.8550000000000153
1034016261959,P2-normal-feed,3136,3487,2,2,2,1.8500000000000159
1034021343303,P2-normal-feed,3140,3492,2,2,2,1.8450000000000164
1034026422886,P2-normal-feed,3145,3497,2,2,2,1.840000000000017
1034031488865,P2-normal-feed,3150,3502,2,2,2,1.8350000000000175
1034036562693,P2-normal-feed,3155,3507,2,2,2,1.830000000000018
1034041629117,P2-normal-feed,3160,3513,2,2,2,1.8240000000000187
1034046695003,P2-normal-feed,3164,3517,2,2,2,1.8200000000000192
1034051774119,P2-normal-feed,3169,3522,2,2,2,1.8150000000000197
1034056850506,P2-normal-feed,3174,3528,2,2,2,1.8090000000000204
1034061917217,P2-normal-feed,3179,3533,2,2,2,1.804000000000021
1034066995514,P2-normal-feed,3183,3537,2,2,2,1.8000000000000214
1034072080299,P2-normal-feed,3188,3542,2,2,2,1.795000000000022
1034077146468,P2-normal-feed,3193,3548,2,2,2,1.7890000000000226
1034082215223,P2-normal-feed,3198,3553,2,2,2,1.7840000000000231
1034087281308,P2-normal-feed,3203,3558,2,2,2,1.7790000000000237
1034092361748,P2-normal-feed,3207,3562,2,2,2,1.7750000000000241
1034097449331,P2-normal-feed,3212,3568,2,2,2,1.7690000000000248
1034102527732,P2-normal-feed,3217,3573,2,2,2,1.7640000000000253
1034107603729,P2-normal-feed,3222,3578,2,2,2,1.7590000000000259
1034112682116,P2-normal-feed,3227,3584,2,2,2,1.7530000000000265
1034117760293,P2-normal-feed,3231,3588,2,2,2,1.749000000000027
1034122832692,P2-normal-feed,3236,3593,2,2,2,1.7440000000000275
1034127909571,P2-normal-feed,3241,3598,2,2,2,1.739000000000028
1034132975849,P2-normal-feed,3246,3604,2,2,2,1.7330000000000287
1034138041219,P2-normal-feed,3251,3609,2,2,2,1.7280000000000293
1034143110796,P2-normal-feed,3255,3613,2,2,2,1.7240000000000297
1034148178070,P2-normal-feed,3260,3619,2,2,2,1.7180000000000304
1034153259046,P2-normal-feed,3265,3624,2,2,2,1.713000000000031
1034158338860,P2-normal-feed,3270,3629,2,2,2,1.7080000000000315
1034163420568,P2-normal-feed,3275,3634,2,2,2,1.703000000000032
1034168496199,P2-normal-feed,3279,3639,2,2,2,1.6980000000000326
1034173562103,P2-normal-feed,3284,3644,2,2,2,1.6930000000000331
1034178629449,P2-normal-feed,3289,3649,2,2,2,1.6880000000000337
1034183694526,P2-normal-feed,3294,3655,2,2,2,1.6820000000000344
1034188774000,P2-normal-feed,3298,3659,2,2,2,1.6780000000000348
1034193839328,P2-normal-feed,3303,3664,2,2,2,1.6730000000000353
1034198918750,P2-normal-feed,3308,3669,2,2,2,1.668000000000036
1034203997592,P2-normal-feed,3313,3675,2,2,2,1.6620000000000366
1034209077013,P2-normal-feed,3318,3680,2,2,2,1.657000000000037
1034214156560,P2-normal-feed,3322,3684,2,2,2,1.6530000000000376
1034219225953,P2-normal-feed,3327,3690,2,2,2,1.6470000000000382
1034224307347,P2-normal-feed,3332,3695,2,2,2,1.6420000000000388
1034229374140,P2-normal-feed,3337,3700,2,2,2,1.6370000000000393
1034234451623,P2-normal-feed,3342,3705,2,2,2,1.6320000000000399
1034239527723,P2-normal-feed,3346,3710,2,2,2,1.6270000000000404
1034244607100,P2-normal-feed,3351,3715,2,2,2,1.622000000000041
1034249684091,P2-normal-feed,3356,3720,2,2,2,1.6170000000000415
1034254749677,P2-normal-feed,3361,3726,2,2,2,1.6110000000000422
1034259814705,P2-normal-feed,3366,3731,2,2,2,1.6060000000000427
1034264888583,P2-normal-feed,3370,3735,2,2,2,1.6020000000000432
1034269952676,P2-normal-feed,3375,3740,2,2,2,1.5970000000000437
1034275017239,P2-normal-feed,3380,3746,2,2,2,1.5910000000000444
1034280095282,P2-normal-feed,3385,3751,2,2,2,1.586000000000045
1034285173096,P2-normal-feed,3390,3756,2,2,2,1.5810000000000455
1034290237455,P2-normal-feed,3394,3760,2,2,2,1.577000000000046
1034295304466,P2-normal-feed,3399,3766,2,2,2,1.5710000000000466
1034300380736,P2-normal-feed,3404,3771,2,2,2,1.5660000000000471
1034305479850,P2-normal-feed,3409,3776,2,2,2,1.5610000000000477
1034310543610,P2-normal-feed,3414,3782,2,2,2,1.5550000000000483
1034315621089,P2-normal-feed,3418,3786,2,2,2,1.5510000000000488
1034320684292,P2-normal-feed,3423,3791,2,2,2,1.5460000000000493
1034325763189,P2-normal-feed,3428,3796,2,2,2,1.5410000000000499
1034330828430,P2-normal-feed,3433,3802,2,2,2,1.5350000000000505
1034335897219,P2-normal-feed,3437,3806,2,2,2,1.531000000000051
1034340963803,P2-normal-feed,3442,3811,2,2,2,1.5260000000000515
1034346042957,P2-normal-feed,3447,3817,2,2,2,1.5200000000000522
1034351121086,P2-normal-feed,3452,3822,2,2,2,1.5150000000000527
1034356196893,P2-normal-feed,3457,3827,2,2,2,1.5100000000000533
1034361272229,P2-normal-feed,3461,3831,2,2,2,1.5060000000000537
1034366355631,P2-normal-feed,3466,3837,2,2,2,1.5000000000000544
1034371436165,P2-normal-feed,3471,3842,2,2,2,1.495000000000055
1034376501532,P2-normal-feed,3476,3847,2,2,2,1.4900000000000555
1034381567410,P2-normal-feed,3481,3853,2,2,2,1.4840000000000562
1034386652727,P2-normal-feed,3485,3857,2,2,2,1.4800000000000566
1034391727942,P2-normal-feed,3490,3862,2,2,2,1.4750000000000572
1034396805847,P2-normal-feed,3495,3867,2,2,2,1.4700000000000577
1034401878375,P2-normal-feed,3500,3873,2,2,2,1.4640000000000584
1034406946475,P2-normal-feed,3504,3877,2,2,2,1.4600000000000588
1034412019472,P2-normal-feed,3509,3882,2,2,2,1.4550000000000594
1034417088248,P2-normal-feed,3514,3888,2,2,2,1.44900000000006
1034422161491,P2-normal-feed,3519,3893,2,2,2,1.4440000000000606
1034427226535,P2-normal-feed,3524,3898,2,2,2,1.4390000000000611
1034432293472,P2-normal-feed,3528,3902,2,2,2,1.4350000000000616
1034437360572,P2-normal-feed,3533,3908,2,2,2,1.4290000000000622
1034442446007,P2-normal-feed,3538,3913,2,2,2,1.4240000000000628
1034447510243,P2-normal-feed,3543,3918,2,2,2,1.4190000000000633
1034452590974,P2-normal-feed,3548,3924,2,2,2,1.413000000000064
1034457661560,P2-normal-feed,3552,3928,2,2,2,1.4090000000000644
1034462725430,P2-normal-feed,3557,3933,2,2,2,1.404000000000065
1034467803047,P2-normal-feed,3562,3938,2,2,2,1.3990000000000655
1034472869610,P2-normal-feed,3567,3944,2,2,2,1.3930000000000662
1034477947879,P2-normal-feed,3571,3948,2,2,2,1.3890000000000666
1034483028280,P2-normal-feed,3576,3953,2,2,2,1.3840000000000672
1034488098435,P2-normal-feed,3581,3959,2,2,2,1.3780000000000678
1034493177890,P2-normal-feed,3586,3964,2,2,2,1.3730000000000684
1034498243189,P2-normal-feed,3591,3969,2,2,2,1.368000000000069
1034503309540,P2-normal-feed,3595,3973,2,2,2,1.3640000000000694
1034508375260,P2-normal-feed,3600,3979,2,2,2,1.35800000000007
1034513447457,P2-normal-feed,3605,3984,2,2,2,1.3530000000000706
1034518525809,P2-normal-feed,3610,3989,2,2,2,1.3480000000000711
1034523599339,P2-normal-feed,3615,3995,2,2,2,1.3420000000000718
1034528663188,P2-normal-feed,3619,3999,2,2,2,1.3380000000000722
1034533741724,P2-normal-feed,3624,4004,2,2,2,1.3330000000000728
1034538821215,P2-normal-feed,3629,4009,2,2,2,1.3280000000000733
1034543896294,P2-normal-feed,3634,4015,2,2,2,1.322000000000074
1034548974982,P2-normal-feed,3639,4020,2,2,2,1.3170000000000746
1034554054643,P2-normal-feed,3643,4024,2,2,2,1.313000000000075
1034559128258,P2-normal-feed,3648,4030,2,2,2,1.3070000000000757
1034564207676,P2-normal-feed,3653,4035,2,2,2,1.3020000000000762
1034569282314,P2-normal-feed,3658,4040,2,2,2,1.2970000000000768
1034574349634,P2-normal-feed,3663,4045,2,2,2,1.2920000000000773
1034579433203,P2-normal-feed,3667,4050,2,2,2,1.2870000000000779
1034584498050,P2-normal-feed,3672,4055,2,2,2,1.2820000000000784
1034589576506,P2-normal-feed,3677,4060,2,2,2,1.277000000000079
1034594655359,P2-normal-feed,3682,4066,2,2,2,1.2710000000000796
1034599733211,P2-normal-feed,3686,4070,2,2,2,1.26700000000008
1034604810612,P2-normal-feed,3691,4075,2,2,2,1.2620000000000806
1034609889730,P2-normal-feed,3696,4080,2,2,2,1.2570000000000812
1034614969546,P2-normal-feed,3701,4086,2,2,2,1.2510000000000818
1034620037925,P2-normal-feed,3706,4091,2,2,2,1.2460000000000824
1034625104401,P2-normal-feed,3710,4095,2,2,2,1.2420000000000828
1034630169649,P2-normal-feed,3715,4100,2,2,2,1.2370000000000834
1034635248545,P2-normal-feed,3720,4106,2,2,2,1.231000000000084
1034640322256,P2-normal-feed,3725,4111,2,2,2,1.2260000000000846
1034645400393,P2-normal-feed,3730,4116,2,2,2,1.2210000000000851
1034650464750,P2-normal-feed,3734,4121,2,2,2,1.2160000000000857
1034655531833,P2-normal-feed,3739,4126,2,2,2,1.2110000000000862
1034660596220,P2-normal-feed,3744,4131,2,2,2,1.2060000000000868
1034665659694,P2-normal-feed,3749,4136,2,2,2,1.2010000000000873
1034670737487,P2-normal-feed,3754,4142,2,2,2,1.195000000000088
1034675801013,P2-normal-feed,3758,4146,2,2,2,1.1910000000000884
1034680864998,P2-normal-feed,3763,4151,2,2,2,1.186000000000089
1034685942511,P2-normal-feed,3768,4157,2,2,2,1.1800000000000896
1034691006395,P2-normal-feed,3773,4162,2,2,2,1.1750000000000902
1034696080706,P2-normal-feed,3778,4167,2,2,2,1.1700000000000907
1034701158034,P2-normal-feed,3782,4171,2,2,2,1.1660000000000912
1034706223356,P2-normal-feed,3787,4177,2,2,2,1.1600000000000918
1034711289741,P2-normal-feed,3792,4182,2,2,2,1.1550000000000924
1034716359677,P2-normal-feed,3797,4187,2,2,2,1.150000000000093
1034721438911,P2-normal-feed,3801,4192,2,2,2,1.1450000000000935
1034726502384,P2-normal-feed,3806,4197,2,2,2,1.140000000000094
1034731584502,P2-normal-feed,3811,4202,2,2,2,1.1350000000000946
1034736663738,P2-normal-feed,3816,4207,2,2,2,1.1300000000000952
1034741741653,P2-normal-feed,3821,4213,2,2,2,1.1240000000000958
1034746820726,P2-normal-feed,3825,4217,2,2,2,1.1200000000000963
1034751893509,P2-normal-feed,3830,4222,2,2,2,1.1150000000000968
1034756961017,P2-normal-feed,3835,4227,2,2,2,1.1100000000000974
1034762026685,P2-normal-feed,3840,4233,2,2,2,1.104000000000098
1034767100409,P2-normal-feed,3845,4238,2,2,2,1.0990000000000986
1034772177316,P2-normal-feed,3849,4242,2,2,2,1.095000000000099
1034777254063,P2-normal-feed,3854,4248,2,2,2,1.0890000000000997
1034782318444,P2-normal-feed,3859,4253,2,2,2,1.0840000000001002
1034787398683,P2-normal-feed,3864,4258,2,2,2,1.0790000000001008
1034792475970,P2-normal-feed,3869,4263,2,2,2,1.0740000000001013
1034797553256,P2-normal-feed,3873,4268,2,2,2,1.0690000000001019
1034802617248,P2-normal-feed,3878,4273,2,2,2,1.0640000000001024
1034807687368,P2-normal-feed,3883,4278,2,2,2,1.059000000000103
1034812752468,P2-normal-feed,3888,4284,2,2,2,1.0530000000001036
1034817831697,P2-normal-feed,3893,4289,2,2,2,1.0480000000001042
1034822900248,P2-normal-feed,3897,4293,2,2,2,1.0440000000001046
1034827978814,P2-normal-feed,3902,4298,2,2,2,1.0390000000001052
1034833058148,P2-normal-feed,3907,4304,2,2,2,1.0330000000001058
1034838138447,P2-normal-feed,3912,4309,2,2,2,1.0280000000001064
1034843217909,P2-normal-feed,3916,4313,2,2,2,1.0240000000001068
1034848283746,P2-normal-feed,3921,4319,2,2,2,1.0180000000001075
1034853349921,P2-normal-feed,3926,4324,2,2,2,1.013000000000108
1034858418679,P2-normal-feed,3931,4329,2,2,2,1.0080000000001086
1034863496344,P2-normal-feed,3936,4334,2,2,2,1.0030000000001091
1034868566186,P2-normal-feed,3940,4339,2,2,2,0.9980000000001095
1034873631854,P2-normal-feed,3945,4344,2,2,2,0.99300000000011
1034878710897,P2-normal-feed,3950,4349,2,2,2,0.9880000000001106
1034883786419,P2-normal-feed,3955,4355,2,2,2,0.9820000000001112
1034888863497,P2-normal-feed,3960,4360,2,2,2,0.9770000000001118
1034893946199,P2-normal-feed,3964,4364,2,2,2,0.9730000000001122
1034899019166,P2-normal-feed,3969,4369,2,2,2,0.9680000000001128
1034904099377,P2-normal-feed,3974,4375,2,2,2,0.9620000000001134
1034909165922,P2-normal-feed,3979,4380,2,2,2,0.957000000000114
1034914236614,P2-normal-feed,3984,4385,2,2,2,0.9520000000001145
1034919305024,P2-normal-feed,3988,4389,2,2,2,0.948000000000115
1034924370560,P2-normal-feed,3993,4395,2,2,2,0.9420000000001156
1034929445392,P2-normal-feed,3998,4400,2,2,2,0.9370000000001162
1034934521897,P2-normal-feed,4003,4405,2,2,2,0.9320000000001167
1034939588556,P2-normal-feed,4008,4411,2,2,2,0.9260000000001174
1034944665511,P2-normal-feed,4012,4415,2,2,2,0.9220000000001178
1034949744923,P2-normal-feed,4017,4420,2,2,2,0.9170000000001184
1034954812832,P2-normal-feed,4022,4425,2,2,2,0.9120000000001189
1034959877860,P2-normal-feed,4027,4431,2,2,2,0.9060000000001196
1034964956938,P2-normal-feed,4031,4435,2,2,2,0.90200000000012
1034970036351,P2-normal-feed,4036,4440,2,2,2,0.8970000000001206
1034975100687,P2-normal-feed,4041,4446,2,2,2,0.8910000000001213
1034980170840,P2-normal-feed,4046,4451,2,2,2,0.8860000000001218
1034985237202,P2-normal-feed,4051,4456,2,2,2,0.8810000000001224
1034990316728,P2-normal-feed,4055,4460,2,2,2,0.8770000000001228
1034995383347,P2-normal-feed,4060,4466,2,2,2,0.8710000000001235
1035000448158,P2-normal-feed,4065,4471,2,2,2,0.866000000000124
1035005514252,P2-normal-feed,4070,4476,2,2,2,0.8610000000001246
1035010580537,P2-normal-feed,4075,4482,2,2,2,0.8550000000001252
1035015662734,P2-normal-feed,4079,4486,2,2,2,0.8510000000001257
1035020727918,P2-normal-feed,4084,4491,2,2,2,0.8460000000001262
1035025804603,P2-normal-feed,4089,4496,2,2,2,0.8410000000001268
1035030871525,P2-normal-feed,4094,4502,2,2,2,0.8350000000001274
1035035937357,P2-normal-feed,4099,4507,2,2,2,0.830000000000128
1035041016016,P2-normal-feed,4103,4511,2,2,2,0.8260000000001284
1035046099218,P2-normal-feed,4108,4517,2,2,2,0.8200000000001291
1035051173716,P2-normal-feed,4113,4522,2,2,2,0.8150000000001296
1035056256510,P2-normal-feed,4118,4527,2,2,2,0.8100000000001302
1035061336431,P2-normal-feed,4122,4531,2,2,2,0.8060000000001306
1035066418593,P2-normal-feed,4127,4537,2,2,2,0.8000000000001313
1035071485258,P2-normal-feed,4132,4542,2,2,2,0.7950000000001318
1035076559810,P2-normal-feed,4137,4547,2,2,2,0.7900000000001324
1035081638185,P2-normal-feed,4142,4553,2,2,2,0.784000000000133
1035086701595,P2-normal-feed,4146,4557,2,2,2,0.7800000000001335
1035091772419,P2-normal-feed,4151,4562,2,2,2,0.775000000000134
1035096839232,P2-normal-feed,4156,4567,2,2,2,0.7700000000001346
1035101912617,P2-normal-feed,4161,4573,2,2,2,0.7640000000001352
1035106979002,P2-normal-feed,4166,4578,2,2,2,0.7590000000001358
1035112050380,P2-normal-feed,4170,4582,2,2,2,0.7550000000001362
1035117130589,P2-normal-feed,4175,4588,2,2,2,0.7490000000001369
1035122208717,P2-normal-feed,4180,4593,2,2,2,0.7440000000001374
1035127287323,P2-normal-feed,4185,4598,2,2,2,0.739000000000138
1035132365395,P2-normal-feed,4190,4603,2,2,2,0.7340000000001385
1035137458197,P2-normal-feed,4194,4608,2,2,2,0.7290000000001391
1035142535734,P2-normal-feed,4199,4613,2,2,2,0.7240000000001396
1035147614268,P2-normal-feed,4204,4618,2,2,2,0.7190000000001402
1035152678992,P2-normal-feed,4209,4624,2,2,2,0.7130000000001409
1035157757206,P2-normal-feed,4214,4629,2,2,2,0.7080000000001414
1035162824087,P2-normal-feed,4218,4633,2,2,2,0.7040000000001418
1035167896757,P2-normal-feed,4223,4638,2,2,2,0.6990000000001424
1035172976055,P2-normal-feed,4228,4644,2,2,2,0.6930000000001431
1035178045409,P2-normal-feed,4233,4649,2,2,2,0.6880000000001436
1035183112619,P2-normal-feed,4237,4653,2,2,2,0.684000000000144
1035188178988,P2-normal-feed,4242,4658,2,2,2,0.6790000000001446
1035193244151,P2-normal-feed,4247,4664,2,2,2,0.6730000000001453
1035198312136,P2-normal-feed,4252,4669,2,2,2,0.6680000000001458
1035203393529,P2-normal-feed,4257,4674,2,2,2,0.6630000000001464
1035208458187,P2-normal-feed,4261,4679,2,2,2,0.6580000000001469
1035213534402,P2-normal-feed,4266,4684,2,2,2,0.6530000000001475
1035218603986,P2-normal-feed,4271,4689,2,2,2,0.648000000000148
1035223682421,P2-normal-feed,4276,4694,2,2,2,0.6430000000001486
1035228757462,P2-normal-feed,4281,4700,2,2,2,0.6370000000001492
1035233835576,P2-normal-feed,4285,4704,2,2,2,0.6330000000001497
1035238901311,P2-normal-feed,4290,4709,2,2,2,0.6280000000001502
1035243980521,P2-normal-feed,4295,4715,2,2,2,0.6220000000001509
1035249058521,P2-normal-feed,4300,4720,2,2,2,0.6170000000001514
1035254125846,P2-normal-feed,4305,4725,2,2,2,0.612000000000152
1035259205389,P2-normal-feed,4309,4729,2,2,2,0.6080000000001524
1035264285935,P2-normal-feed,4314,4735,2,2,2,0.6020000000001531
1035269355556,P2-normal-feed,4319,4740,2,2,2,0.5970000000001536
1035274436344,P2-normal-feed,4324,4745,2,2,2,0.5920000000001542
1035279500735,P2-normal-feed,4329,4751,2,2,2,0.5860000000001548
1035284573313,P2-normal-feed,4333,4755,2,2,2,0.5820000000001553
1035289645051,P2-normal-feed,4338,4760,2,2,2,0.5770000000001558
1035294708195,P2-normal-feed,4343,4765,2,2,2,0.5720000000001564
1035299774327,P2-normal-feed,4348,4771,2,2,2,0.566000000000157
1035304851960,P2-normal-feed,4352,4775,2,2,2,0.5620000000001575
1035309930220,P2-normal-feed,4357,4780,2,2,2,0.557000000000158
1035315010626,P2-normal-feed,4362,4786,2,2,2,0.5510000000001587
1035320088700,P2-normal-feed,4367,4791,2,2,2,0.5460000000001592
1035325156189,P2-normal-feed,4372,4796,2,2,2,0.5410000000001598
1035330235388,P2-normal-feed,4376,4800,2,2,2,0.5370000000001602
1035335306614,P2-normal-feed,4381,4806,2,2,2,0.5310000000001609
1035340372765,P2-normal-feed,4386,4811,2,2,2,0.5260000000001614
1035345444292,P2-normal-feed,4391,4816,2,2,2,0.521000000000162
1035350512636,P2-normal-feed,4396,4822,2,2,2,0.5150000000001627
1035355589152,P2-normal-feed,4400,4826,2,2,2,0.5110000000001631
1035360654142,P2-normal-feed,4405,4831,2,2,2,0.5060000000001637
1035365734826,P2-normal-feed,4410,4836,2,2,2,0.5010000000001642
1035370805474,P2-normal-feed,4415,4842,2,2,2,0.49500000000016486
1035375877778,P2-normal-feed,4420,4847,2,2,2,0.4900000000001654
1035380956484,P2-normal-feed,4424,4851,2,2,2,0.48600000000016585
1035386025593,P2-normal-feed,4429,4856,2,2,2,0.4810000000001664
1035391105996,P2-normal-feed,4434,4862,2,2,2,0.47500000000016707
1035396175507,P2-normal-feed,4439,4867,2,2,2,0.4700000000001676
1035401241357,P2-normal-feed,4443,4871,2,2,2,0.46600000000016806
1035406307710,P2-normal-feed,4448,4877,2,2,2,0.4600000000001687
1035411374719,P2-normal-feed,4453,4882,2,2,2,0.45500000000016927
1035416446488,P2-normal-feed,4458,4887,2,2,2,0.4500000000001698
1035421517010,P2-normal-feed,4463,4892,2,2,2,0.44500000000017037
1035426594735,P2-normal-feed,4467,4897,2,2,2,0.4400000000001709
1035431659283,P2-normal-feed,4472,4902,2,2,2,0.43500000000017147
1035436732206,P2-normal-feed,4477,4907,2,2,2,0.430000000000172
1035441797006,P2-normal-feed,4482,4913,2,2,2,0.4240000000001727
1035446863443,P2-normal-feed,4487,4918,2,2,2,0.41900000000017323
1035451944233,P2-normal-feed,4491,4922,2,2,2,0.4150000000001737
1035457025241,P2-normal-feed,4496,4927,2,2,2,0.4100000000001742
1035462106142,P2-normal-feed,4501,4933,2,2,2,0.4040000000001749
1035467185361,P2-normal-feed,4506,4938,2,2,2,0.39900000000017544
1035472264314,P2-normal-feed,4511,4943,2,2,2,0.394000000000176
1035477340530,P2-normal-feed,4515,4948,2,2,2,0.38900000000017654
1035482418406,P2-normal-feed,4520,4953,2,2,2,0.3840000000001771
1035487482982,P2-normal-feed,4525,4958,2,2,2,0.37900000000017764
1035492555757,P2-normal-feed,4530,4963,2,2,2,0.3740000000001782
1035497636688,P2-normal-feed,4535,4969,2,2,2,0.36800000000017885
1035502717937,P2-normal-feed,4539,4973,2,2,2,0.3640000000001793
1035507786379,P2-normal-feed,4544,4978,2,2,2,0.35900000000017984
1035512861664,P2-normal-feed,4549,4983,2,2,2,0.3540000000001804
1035517936922,P2-normal-feed,4554,4989,2,2,2,0.34800000000018105
1035523017697,P2-normal-feed,4559,4994,2,2,2,0.3430000000001816
1035528096365,P2-normal-feed,4563,4998,2,2,2,0.33900000000018204
1035533173926,P2-normal-feed,4568,5004,2,2,2,0.3330000000001827
1035538244862,P2-normal-feed,4573,5009,2,2,2,0.3280000000001828
1035543324877,P2-normal-feed,4578,5014,2,2,2,0.3230000000001838
1035548392562,P2-normal-feed,4583,5019,2,2,2,0.31800000000018436
1035553473903,P2-normal-feed,4587,5024,2,2,2,0.3130000000001849
1035558553087,P2-normal-feed,4592,5029,2,2,2,0.3080000000001859
1035563635263,P2-normal-feed,4597,5034,2,2,2,0.303000000000186
1035568712387,P2-normal-feed,4602,5040,2,2,2,0.29700000000018667
1035573785731,P2-normal-feed,4607,5045,2,2,2,0.29200000000018766
1035578860463,P2-normal-feed,4611,5049,2,2,2,0.2880000000001872
1035583941229,P2-normal-feed,4616,5054,2,2,2,0.2830000000001882
1035589009230,P2-normal-feed,4621,5060,2,2,2,0.2770000000001889
1035594088759,P2-normal-feed,4626,5065,2,2,2,0.272000000000189
1035599157191,P2-normal-feed,4630,5069,2,2,2,0.2680000000001903
1035604239726,P2-normal-feed,4635,5074,2,2,2,0.2630000000001904
1035609312831,P2-normal-feed,4640,5080,2,2,2,0.2570000000001911
1035614379285,P2-normal-feed,4645,5085,2,2,2,0.25200000000019207
1035619448089,P2-normal-feed,4650,5090,2,2,2,0.24700000000019218
1035624518234,P2-normal-feed,4654,5095,2,2,2,0.24200000000019273
1035629584661,P2-normal-feed,4659,5100,2,2,2,0.23700000000019328
1035634661049,P2-normal-feed,4664,5105,2,2,2,0.23200000000019338
1035639735459,P2-normal-feed,4669,5110,2,2,2,0.22700000000019438
1035644798817,P2-normal-feed,4674,5116,2,2,2,0.22100000000019504
1035649864246,P2-normal-feed,4678,5120,2,2,2,0.21700000000019548
1035654929505,P2-normal-feed,4683,5125,2,2,2,0.21200000000019648
1035660008473,P2-normal-feed,4688,5130,2,2,2,0.20700000000019658
1035665077442,P2-normal-feed,4693,5136,2,2,2,0.20100000000019724
1035670156000,P2-normal-feed,4698,5141,2,2,2,0.19600000000019824
1035675223215,P2-normal-feed,4702,5145,2,2,2,0.1920000000001978
1035680291907,P2-normal-feed,4707,5151,2,2,2,0.1860000000001989
1035685374163,P2-normal-feed,4712,5156,2,2,2,0.18100000000019945
1035690447824,P2-normal-feed,4717,5161,2,2,2,0.17600000000019955
1035695513389,P2-normal-feed,4722,5166,2,2,2,0.17100000000020055
1035700592428,P2-normal-feed,4726,5171,2,2,2,0.1660000000002011
1035705669800,P2-normal-feed,4731,5176,2,2,2,0.16100000000020165
1035710736368,P2-normal-feed,4736,5181,2,2,2,0.15600000000020264
1035715801840,P2-normal-feed,4741,5187,2,2,2,0.15000000000020286
1035720867161,P2-normal-feed,4746,5192,2,2,2,0.1450000000002034
1035725946223,P2-normal-feed,4750,5196,2,2,2,0.14100000000020385
1035731025997,P2-normal-feed,4755,5201,2,2,2,0.13600000000020396
1035736092610,P2-normal-feed,4760,5207,2,2,2,0.13000000000020506
1035741172614,P2-normal-feed,4765,5212,2,2,2,0.1250000000002056
1035746251841,P2-normal-feed,4769,5216,2,2,2,0.12100000000020605
1035751326228,P2-normal-feed,4774,5222,2,2,2,0.11500000000020671
1035756399897,P2-normal-feed,4779,5227,2,2,2,0.11000000000020727
1035761471649,P2-normal-feed,4784,5232,2,2,2,0.10500000000020782
1035766534081,P2-normal-feed,4789,5237,2,2,2,0.10000000000020881
1035771596287,P2-normal-feed,4793,5242,2,2,2,0.09500000000020892
1035776658143,P2-normal-feed,4798,5247,2,2,2,0.09000000000020947
1035781720528,P2-normal-feed,4803,5252,2,2,2,0.08500000000021002
1035786799521,P2-normal-feed,4808,5258,2,2,2,0.07900000000021068
1035791879235,P2-normal-feed,4813,5263,2,2,2,0.07400000000021123
1035796945230,P2-normal-feed,4817,5267,2,2,2,0.07000000000021167
1035802017457,P2-normal-feed,4822,5272,2,2,2,0.06500000000021222
1035807083857,P2-normal-feed,4827,5278,2,2,2,0.05900000000021288
1035812149661,P2-normal-feed,4832,5283,2,2,2,0.05400000000021343
1035817217264,P2-normal-feed,4837,5288,2,2,2,0.049000000000213983
1035822297525,P2-normal-feed,4841,5293,2,2,2,0.04400000000021498
1035827377316,P2-normal-feed,4846,5298,2,2,2,0.039000000000215085
1035832444137,P2-normal-feed,4851,5303,2,2,2,0.034000000000215636
1035837509120,P2-normal-feed,4856,5308,2,2,2,0.029000000000216186
1035842586392,P2-normal-feed,4860,5313,2,2,2,0.024000000000216293
1035847663010,P2-normal-feed,4865,5318,2,2,2,0.019000000000217288
1035852726573,P2-normal-feed,4870,5323,2,2,2,0.014000000000217838
1035857803636,P2-normal-feed,4875,5329,2,2,2,0.008000000000218055
1035862874049,P2-normal-feed,4880,5334,2,2,2,0.0032000000001843887
1035867953529,P2-normal-feed,4884,5338,2,2,2,0.0008000000000922824
1035873031289,P2-normal-feed,4889,5343,0,2,2,0.0
1035878098636,P2-normal-feed,4894,5349,0,1,2,0.0
1035883175563,P2-normal-feed,4899,5354,0,1,2,0.0
1035888255580,P2-normal-feed,4904,5359,0,1,2,0.0
1035893333719,P2-normal-feed,4908,5363,0,1,2,0.0
1035898398891,P2-normal-feed,4913,5369,0,1,2,0.0
1035903475983,P2-normal-feed,4918,5374,0,1,2,0.0
1035908543104,P2-normal-feed,4923,5379,0,1,2,0.0
1035913607046,P2-normal-feed,4928,5385,0,1,2,0.0
1035918670880,P2-normal-feed,4932,5389,0,1,2,0.0
1035923747881,P2-normal-feed,4937,5394,0,1,2,0.0
1035928824161,P2-normal-feed,4942,5399,0,1,2,0.0
1035933902281,P2-normal-feed,4947,5405,0,1,2,0.0
1035938979961,P2-normal-feed,4952,5410,0,1,2,0.0
1035944050888,P2-normal-feed,4956,5414,0,1,2,0.0
1035949130890,P2-normal-feed,4961,5420,0,1,2,0.0
1035954195119,P2-normal-feed,4966,5425,0,1,2,0.0
1035959259503,P2-normal-feed,4971,5430,0,1,2,0.0
1035964323723,P2-normal-feed,4975,5434,0,1,2,0.0
1035969402175,P2-normal-feed,4980,5440,0,1,2,0.0
1035974479651,P2-normal-feed,4985,5445,0,1,2,0.0
1035979556274,P2-normal-feed,4990,5450,0,1,2,0.0
1035984634034,P2-normal-feed,4995,5456,0,1,2,0.0
1035989698898,P2-normal-feed,4999,5460,0,1,2,0.0
1035994764045,P2-normal-feed,5004,5465,0,1,2,0.0
1035999827146,P2-normal-feed,5009,5470,0,1,2,0.0
1036004911245,P2-normal-feed,5014,5476,0,1,2,0.0
1036009991163,P2-normal-feed,5019,5481,0,1,2,0.0
1036015069258,P2-normal-feed,5023,5485,0,1,2,0.0
1036020132963,P2-normal-feed,5028,5490,0,1,2,0.0
1036025213397,P2-normal-feed,5033,5496,0,1,2,0.0
1036030290393,P2-normal-feed,5038,5501,0,1,2,0.0
1036035357632,P2-normal-feed,5043,5506,0,1,2,0.0
1036040452097,P2-normal-feed,5047,5511,0,1,2,0.0
1036045541238,P2-normal-feed,5052,5516,0,1,2,0.0
1036050623538,P2-normal-feed,5057,5521,0,1,2,0.0
1036055692247,P2-normal-feed,5062,5526,0,1,2,0.0
1036060754898,P2-normal-feed,5067,5532,0,1,2,0.0
1036065818361,P2-normal-feed,5071,5536,0,1,2,0.0
1036070880294,P2-normal-feed,5076,5541,0,1,2,0.0
1036075942563,P2-normal-feed,5081,5547,0,1,2,0.0
1036081006380,P2-normal-feed,5086,5552,0,1,2,0.0
1036086068448,P2-normal-feed,5091,5557,0,1,2,0.0
1036091132268,P2-normal-feed,5095,5561,0,1,2,0.0
1036096195426,P2-normal-feed,5100,5567,0,1,2,0.0
1036101258987,P2-normal-feed,5105,5572,0,1,2,0.0
1036106330693,P2-normal-feed,5110,5577,0,1,2,0.0
1036111395058,P2-normal-feed,5114,5581,0,1,2,0.0
1036116459508,P2-normal-feed,5119,5587,0,1,2,0.0
1036121523731,P2-normal-feed,5124,5592,0,1,2,0.0
1036126588462,P2-normal-feed,5129,5597,0,1,2,0.0
1036131653085,P2-normal-feed,5134,5603,0,1,2,0.0
1036136719915,P2-normal-feed,5138,5607,0,1,2,0.0
1036141786297,P2-normal-feed,5143,5612,0,1,2,0.0
1036146850460,P2-normal-feed,5148,5617,0,1,2,0.0
1036151914187,P2-normal-feed,5153,5623,0,1,2,0.0
1036156980243,P2-normal-feed,5158,5628,0,1,2,0.0
1036162045806,P2-normal-feed,5162,5632,0,1,2,0.0
1036167110740,P2-normal-feed,5167,5638,0,1,2,0.0
1036172174772,P2-normal-feed,5172,5643,0,1,2,0.0
1036177237811,P2-normal-feed,5177,5648,0,1,2,0.0
1036182304343,P2-normal-feed,5181,5652,0,1,2,0.0
1036187377733,P2-normal-feed,5186,5658,0,1,2,0.0
1036192444324,P2-normal-feed,5191,5663,0,1,2,0.0
1036197507277,P2-normal-feed,5196,5668,0,1,2,0.0
1036202573835,P2-normal-feed,5201,5673,0,1,2,0.0
1036207637431,P2-normal-feed,5205,5678,0,1,2,0.0
1036212700165,P2-normal-feed,5210,5683,0,1,2,0.0
1036217763238,P2-normal-feed,5215,5688,0,1,2,0.0
1036222825391,P2-normal-feed,5220,5694,0,1,2,0.0
1036227887512,P2-normal-feed,5225,5699,0,1,2,0.0
1036232950862,P2-normal-feed,5229,5703,0,1,2,0.0
1036238013533,P2-normal-feed,5234,5708,0,1,2,0.0
1036243076639,P2-normal-feed,5239,5714,0,1,2,0.0
1036248138456,P2-normal-feed,5244,5719,0,1,2,0.0
1036253201845,P2-normal-feed,5248,5723,0,1,2,0.0
1036258264215,P2-normal-feed,5253,5729,0,1,2,0.0
1036263327988,P2-normal-feed,5258,5734,0,1,2,0.0
1036268391115,P2-normal-feed,5263,5739,0,1,2,0.0
1036273453716,P2-normal-feed,5268,5744,0,1,2,0.0
1036278516156,P2-normal-feed,5272,5749,0,1,2,0.0
1036283578654,P2-normal-feed,5277,5754,0,1,2,0.0
1036288642215,P2-normal-feed,5282,5759,0,1,2,0.0
1036293705488,P2-normal-feed,5287,5765,0,1,2,0.0
1036298767993,P2-normal-feed,5292,5770,0,1,2,0.0
1036303834979,P2-normal-feed,5296,5774,0,1,2,0.0
1036308898819,P2-normal-feed,5301,5779,0,1,2,0.0
1036313961670,P2-normal-feed,5306,5785,0,1,2,0.0
1036319029314,P2-normal-feed,5311,5790,0,1,2,0.0
1036324099507,P2-normal-feed,5315,5794,0,1,2,0.0
1036329171805,P2-normal-feed,5320,5799,0,1,2,0.0
1036334244576,P2-normal-feed,5325,5805,0,1,2,0.0
1036339309172,P2-normal-feed,5330,5810,0,1,2,0.0
1036344373654,P2-normal-feed,5335,5815,0,1,2,0.0
1036349441922,P2-normal-feed,5339,5820,0,1,2,0.0
1036354507368,P2-normal-feed,5344,5825,0,1,2,0.0
1036359573160,P2-normal-feed,5349,5830,0,1,2,0.0
1036364638912,P2-normal-feed,5354,5835,0,1,2,0.0
1036369719014,P2-normal-feed,5359,5841,0,1,2,0.0
1036374782538,P2-normal-feed,5363,5845,0,1,2,0.0
1036379846014,P2-normal-feed,5368,5850,0,1,2,0.0
1036384915935,P2-normal-feed,5373,5856,0,1,2,0.0
1036389982723,P2-normal-feed,5378,5861,0,1,2,0.0
1036395057966,P2-normal-feed,5382,5865,0,1,2,0.0
1036400135625,P2-normal-feed,5387,5870,0,1,2,0.0
1036405211269,P2-normal-feed,5392,5876,0,1,2,0.0
1036410282563,P2-normal-feed,5397,5881,0,1,2,0.0
1036415348737,P2-normal-feed,5402,5886,0,1,2,0.0
1036420414313,P2-normal-feed,5406,5891,0,1,2,0.0
1036425486361,P2-normal-feed,5411,5896,0,1,2,0.0
1036430554858,P2-normal-feed,5416,5901,0,1,2,0.0
1036435619659,P2-normal-feed,5421,5906,0,1,2,0.0
1036440677077,P2-normal-feed,5426,5912,0,1,2,0.0
1036445766455,P2-normal-feed,5430,5916,0,1,2,0.0
1036450857864,P2-normal-feed,5435,5921,0,1,2,0.0
1036455933450,P2-normal-feed,5440,5927,0,1,2,0.0
1036461017269,P2-normal-feed,5445,5932,0,1,2,0.0
1036466104248,P2-normal-feed,5450,5937,0,1,2,0.0
1036471188374,P2-normal-feed,5454,5941,0,1,2,0.0
1036476257744,P2-normal-feed,5459,5947,0,1,2,0.0
1036481334794,P2-normal-feed-drain,5464,5952,0,1,2,0.0
1036481341770,P2-normal-idle,5464,5952,0,1,2,0.0
1036486410669,P2-normal-idle,5469,5957,0,1,2,0.0
1036491492318,P2-normal-idle,5474,5963,0,1,2,0.0
1036496586658,P2-normal-idle,5478,5967,0,1,2,0.0
1036501670872,P2-normal-idle,5483,5972,0,1,2,0.0
1036506740022,P2-normal-idle,5488,5977,0,1,2,0.0
1036511803875,P2-normal-idle,5493,5983,0,1,2,0.0
1036516871226,P2-normal-idle,5498,5988,0,1,2,0.0
1036521936637,P2-normal-idle,5502,5992,0,1,2,0.0
1036527016961,P2-normal-idle,5507,5997,0,1,2,0.0
1036532098762,P2-normal-idle,5512,6003,0,1,2,0.0
1036537173436,P2-normal-idle,5517,6008,0,1,2,0.0
1036542240091,P2-normal-idle,5522,6013,0,1,2,0.0
1036547309823,P2-normal-idle,5526,6018,0,1,2,0.0
1036552390565,P2-normal-idle,5531,6023,0,1,2,0.0
1036557454802,P2-normal-idle,5536,6028,0,1,2,0.0
1036562520438,P2-normal-idle,5541,6033,0,1,2,0.0
1036567583987,P2-normal-idle,5545,6038,0,1,2,0.0
1036572647116,P2-normal-idle,5550,6043,0,1,2,0.0
1036577724670,P2-normal-idle,5555,6048,0,1,2,0.0
1036582790569,P2-normal-idle,5560,6054,0,1,2,0.0
1036587859325,P2-normal-idle,5565,6059,0,1,2,0.0
1036592939603,P2-normal-idle,5569,6063,0,1,2,0.0
1036598047344,P2-normal-idle,5574,6068,0,1,2,0.0
1036603120321,P2-normal-idle,5579,6074,0,1,2,0.0
1036608191688,P2-normal-idle,5584,6079,0,1,2,0.0
1036613260876,P2-normal-idle,5589,6084,0,1,2,0.0
1036618328640,P2-normal-idle,5593,6088,0,1,2,0.0
1036623396931,P2-normal-idle,5598,6094,0,1,2,0.0
1036628463991,P2-normal-idle,5603,6099,0,1,2,0.0
1036633530782,P2-normal-idle,5608,6104,0,1,2,0.0
1036638573348,P2-normal-idle,5613,6110,0,1,2,0.0
1036643647512,P2-normal-idle,5617,6114,0,1,2,0.0
1036648724384,P2-normal-idle,5622,6119,0,1,2,0.0
1036653811116,P2-normal-idle,5627,6124,0,1,2,0.0
1036658894028,P2-normal-idle,5632,6130,0,1,2,0.0
1036663978259,P2-normal-idle,5637,6135,0,1,2,0.0
1036669060589,P2-normal-idle,5641,6139,0,1,2,0.0
1036674134714,P2-normal-idle,5646,6145,0,1,2,0.0
1036679215912,P2-normal-idle,5651,6150,0,1,2,0.0
1036684287358,P2-normal-idle,5656,6155,0,1,2,0.0
1036689366062,P2-normal-idle,5661,6160,0,1,2,0.0
1036694437148,P2-normal-idle,5665,6165,0,1,2,0.0
1036699510901,P2-normal-idle,5670,6170,0,1,2,0.0
1036704576264,P2-normal-idle,5675,6175,0,1,2,0.0
1036709656286,P2-normal-idle,5680,6181,0,1,2,0.0
1036714729530,P2-normal-idle,5684,6185,0,1,2,0.0
1036719806099,P2-normal-idle,5689,6190,0,1,2,0.0
1036724885879,P2-normal-idle,5694,6195,0,1,2,0.0
1036729948641,P2-normal-idle,5699,6201,0,1,2,0.0
1036735011945,P2-normal-idle,5704,6206,0,1,2,0.0
1036740087182,P2-normal-idle,5708,6210,0,1,2,0.0
1036745158091,P2-normal-idle,5713,6215,0,1,2,0.0
1036750228535,P2-normal-idle,5718,6221,0,1,2,0.0
1036755294939,P2-normal-idle,5723,6226,0,1,2,0.0
1036760374465,P2-normal-idle,5728,6231,0,1,2,0.0
1036765453813,P2-normal-idle,5732,6236,0,1,2,0.0
1036770527965,P2-normal-idle,5737,6241,0,1,2,0.0
1036775604424,P2-normal-idle,5742,6246,0,1,2,0.0
1036780672330,P2-normal-idle,5747,6251,0,1,2,0.0
1036785750064,P2-normal-idle,5752,6257,0,1,2,0.0
1036790829319,P2-normal-idle,5756,6261,0,1,2,0.0
1036795899914,P2-normal-idle,5761,6266,0,1,2,0.0
1036800982394,P2-normal-idle,5766,6272,0,1,2,0.0
1036806065335,P2-normal-idle,5771,6277,0,1,2,0.0
1036811141412,P2-normal-idle,5776,6282,0,1,2,0.0
1036816207596,P2-normal-idle,5780,6286,0,1,2,0.0
1036821290128,P2-normal-idle,5785,6292,0,1,2,0.0
1036826375022,P2-normal-idle,5790,6297,0,1,2,0.0
1036831444842,P2-normal-idle,5795,6302,0,1,2,0.0
1036836523036,P2-normal-idle,5800,6308,0,1,2,0.0
1036841601092,P2-normal-idle,5804,6312,0,1,2,0.0
1036846669666,P2-normal-idle,5809,6317,0,1,2,0.0
1036851746206,P2-normal-idle,5814,6322,0,1,2,0.0
1036856823702,P2-normal-idle,5819,6328,0,1,2,0.0
1036861889528,P2-normal-idle,5824,6333,0,1,2,0.0
1036866966419,P2-normal-idle,5828,6337,0,1,2,0.0
1036872030180,P2-normal-idle,5833,6342,0,1,2,0.0
1036877095928,P2-normal-idle,5838,6348,0,1,2,0.0
1036902336191,P3-slow-rapid,5865,6373,1,2,2,0.018050000000000004
1036952404333,P3-slow-rapid,5912,6423,1,2,2,0.19600000000000012
1037002492558,P3-slow-rapid,5959,6473,1,2,2,0.39600000000000024
1037052569637,P3-slow-rapid,6007,6524,1,2,2,0.6000000000000004
1037102634401,P3-slow-rapid,6054,6573,1,2,2,0.7960000000000005
1037152714543,P3-slow-rapid,6101,6623,1,2,2,0.9960000000000008
1037202788598,P3-slow-rapid,6148,6673,1,2,2,1.1960000000000008
1037252855959,P3-slow-rapid,6196,6724,1,2,2,1.4000000000000012
1037302923174,P3-slow-rapid,6243,6773,1,2,2,1.5960000000000012
1037352991781,P3-slow-rapid,6290,6823,1,2,2,1.7960000000000014
1037403065269,P3-slow-rapid,6337,6873,1,2,2,1.9960000000000016
1037453135532,P3-slow-rapid,6385,6924,1,2,2,2.2000000000000015
1037503208070,P3-slow-rapid,6432,6974,1,2,2,2.4000000000000017
1037553275336,P3-slow-rapid,6479,7023,1,2,2,2.596000000000002
1037603350186,P3-slow-rapid,6527,7074,1,2,2,2.8000000000000025
1037653421550,P3-slow-rapid,6574,7124,1,2,2,2.980000000000001
1037703494658,P3-slow-rapid,6621,7174,0,1,2,3.0
1037753562554,P3-slow-rapid,6669,7225,0,1,2,3.0
1037803640013,P3-slow-rapid,6716,7274,0,1,2,3.0
1037853705056,P3-slow-rapid,6763,7324,0,1,2,3.0
1037903775150,P3-slow-rapid-drain,6810,7374,0,1,2,3.0
1037923944431,P3-slow-feed,6832,7394,2,2,2,2.986
1037974021329,P3-slow-feed,6880,7445,2,2,2,2.935
1038024089393,P3-slow-feed,6927,7495,2,2,2,2.885
1038074171286,P3-slow-feed,6974,7544,2,2,2,2.836
1038124239117,P3-slow-feed,7022,7595,2,2,2,2.7849999999999997
1038174307922,P3-slow-feed,7069,7645,2,2,2,2.735
1038224387438,P3-slow-feed,7116,7695,2,2,2,2.6849999999999996
1038274453237,P3-slow-feed,7163,7745,2,2,2,2.635
1038324520292,P3-slow-feed,7211,7795,2,2,2,2.5849999999999995
1038374594475,P3-slow-feed,7258,7845,2,2,2,2.5349999999999997
1038424664420,P3-slow-feed,7305,7895,2,2,2,2.4849999999999994
1038474733060,P3-slow-feed,7353,7946,2,2,2,2.4339999999999997
1038524799125,P3-slow-feed,7400,7995,2,2,2,2.385
1038574864336,P3-slow-feed,7447,8045,2,2,2,2.3349999999999995
1038624930389,P3-slow-feed,7495,8096,2,2,2,2.2839999999999994
1038674997038,P3-slow-feed,7542,8146,2,2,2,2.2339999999999995
1038725061811,P3-slow-feed,7589,8196,2,2,2,2.1839999999999993
1038775128054,P3-slow-feed,7636,8245,2,2,2,2.1349999999999993
1038825192526,P3-slow-feed,7684,8296,2,2,2,2.083999999999999
1038875258459,P3-slow-feed,7731,8346,2,2,2,2.0339999999999994
1038925335643,P3-slow-feed,7778,8396,2,2,2,1.984000000000001
1038975411973,P3-slow-feed,7826,8446,2,2,2,1.9340000000000066
1039025481270,P3-slow-feed,7873,8496,2,2,2,1.884000000000012
1039075549150,P3-slow-feed,7920,8546,2,2,2,1.8340000000000176
1039125630313,P3-slow-feed,7967,8596,2,2,2,1.7840000000000231
1039175704712,P3-slow-feed,8015,8647,2,2,2,1.7330000000000287
1039225785841,P3-slow-feed,8062,8696,2,2,2,1.6840000000000341
1039275853005,P3-slow-feed,8109,8746,2,2,2,1.6340000000000396
1039325920214,P3-slow-feed,8156,8796,2,2,2,1.5840000000000451
1039375988965,P3-slow-feed,8204,8847,2,2,2,1.5330000000000508
1039426057949,P3-slow-feed,8251,8897,2,2,2,1.4830000000000563
1039476125295,P3-slow-feed,8298,8946,2,2,2,1.4340000000000617
1039526204090,P3-slow-feed,8345,8996,2,2,2,1.3840000000000672
1039576288537,P3-slow-feed,8393,9047,2,2,2,1.3330000000000728
1039626376918,P3-slow-feed,8440,9097,2,2,2,1.2830000000000783
1039676443044,P3-slow-feed,8487,9147,2,2,2,1.2330000000000838
1039726530483,P3-slow-feed,8535,9197,2,2,2,1.1830000000000893
1039776617369,P3-slow-feed,8582,9247,2,2,2,1.1330000000000948
1039826711495,P3-slow-feed,8629,9297,2,2,2,1.0830000000001003
1039876798083,P3-slow-feed,8677,9348,2,2,2,1.032000000000106
1039926869549,P3-slow-feed,8724,9398,2,2,2,0.9820000000001112
1039976936943,P3-slow-feed,8771,9447,2,2,2,0.9330000000001166
1040027024472,P3-slow-feed,8819,9498,2,2,2,0.8820000000001222
1040077092116,P3-slow-feed,8866,9548,2,2,2,0.8320000000001277
1040127155973,P3-slow-feed,8913,9598,2,2,2,0.7820000000001333
1040177218603,P3-slow-feed,8960,9647,2,2,2,0.7330000000001387
1040227281323,P3-slow-feed,9008,9698,2,2,2,0.6820000000001443
1040277343272,P3-slow-feed,9055,9748,2,2,2,0.6320000000001498
1040327415787,P3-slow-feed,9102,9798,2,2,2,0.5820000000001553
1040377481241,P3-slow-feed,9150,9848,2,2,2,0.5320000000001608
1040427545787,P3-slow-feed,9197,9898,2,2,2,0.4820000000001663
1040477608042,P3-slow-feed,9244,9948,2,2,2,0.4320000000001718
1040527671084,P3-slow-feed,9292,9999,2,2,2,0.3810000000001774
1040577734998,P3-slow-feed,9339,10048,2,2,2,0.33200000000018326
1040627798486,P3-slow-feed,9386,10098,2,2,2,0.2820000000001883
1040677876130,P3-slow-feed,9434,10149,2,2,2,0.23100000000019394
1040727943878,P3-slow-feed,9481,10199,2,2,2,0.18100000000019945
1040778008530,P3-slow-feed,9528,10248,2,2,2,0.1320000000002053
1040828073768,P3-slow-feed,9575,10298,2,2,2,0.08200000000021035
1040878162473,P3-slow-feed,9623,10349,2,2,2,0.031000000000215966
1040928224571,P3-slow-feed,9670,10399,0,1,2,0.0
1040978293827,P3-slow-feed,9717,10448,0,1,2,0.0
1041028355855,P3-slow-feed,9765,10499,0,1,2,0.0
1041078449615,P3-slow-feed,9812,10549,0,1,2,0.0
1041128603464,P3-slow-feed,9859,10599,0,1,2,0.0
1041178708091,P3-slow-feed,9907,10649,0,1,2,0.0
1041228813073,P3-slow-feed,9954,10699,0,1,2,0.0
1041278931576,P3-slow-feed,10002,10750,0,1,2,0.0
1041329069149,P3-slow-feed,10049,10800,0,1,2,0.0
1041379197034,P3-slow-feed,10096,10849,0,1,2,0.0
1041429333974,P3-slow-feed,10144,10900,0,1,2,0.0
1041479424549,P3-slow-feed,10191,10950,0,1,2,0.0
1041529531004,P3-slow-feed-drain,10238,11000,0,1,2,0.0
1041529546974,P4-idle,10238,11000,0,1,2,0.0
1041534612618,P4-idle,10243,11005,0,1,2,0.0
1041539678891,P4-idle,10248,11010,0,1,2,0.0
1041544743578,P4-idle,10253,11016,0,1,2,0.0
1041549821950,P4-idle,10258,11021,0,1,2,0.0
1041554915341,P4-idle,10262,11025,0,1,2,0.0
1041559978639,P4-idle,10267,11030,0,1,2,0.0
1041565056416,P4-idle,10272,11036,0,1,2,0.0
1041570121402,P4-idle,10277,11041,0,1,2,0.0
1041575196957,P4-idle,10282,11046,0,1,2,0.0
1041580260828,P4-idle,10286,11050,0,1,2,0.0
1041585330422,P4-idle,10291,11056,0,1,2,0.0
1041590394280,P4-idle,10296,11061,0,1,2,0.0
1041595462306,P4-idle,10301,11066,0,1,2,0.0
1041600525099,P4-idle,10306,11072,0,1,2,0.0
1041605602055,P4-idle,10310,11076,0,1,2,0.0
1041610665947,P4-idle,10315,11081,0,1,2,0.0
1041615734807,P4-idle,10320,11086,0,1,2,0.0
1041620800815,P4-idle,10325,11092,0,1,2,0.0
1041625876813,P4-idle,10329,11096,0,1,2,0.0
1041630942292,P4-idle,10334,11101,0,1,2,0.0
1041636014794,P4-idle,10339,11107,0,1,2,0.0
1041641079968,P4-idle,10344,11112,0,1,2,0.0
1041646148367,P4-idle,10349,11117,0,1,2,0.0
1041651213098,P4-idle,10353,11121,0,1,2,0.0
1041656284509,P4-idle,10358,11127,0,1,2,0.0
1041661348939,P4-idle,10363,11132,0,1,2,0.0
1041666430129,P4-idle,10368,11137,0,1,2,0.0
1041671494216,P4-idle,10373,11143,0,1,2,0.0
1041676571777,P4-idle,10377,11147,0,1,2,0.0
1041681637269,P4-idle,10382,11152,0,1,2,0.0
1041686718066,P4-idle,10387,11157,0,1,2,0.0
1041691783208,P4-idle,10392,11163,0,1,2,0.0
1041696852983,P4-idle,10396,11167,0,1,2,0.0
1041701919101,P4-idle,10401,11172,0,1,2,0.0
1041706988478,P4-idle,10406,11177,0,1,2,0.0
1041712053994,P4-idle,10411,11183,0,1,2,0.0
1041717126565,P4-idle,10416,11188,0,1,2,0.0
1041722192547,P4-idle,10420,11192,0,1,2,0.0
1041727275337,P4-idle,10425,11198,0,1,2,0.0
1041732345744,P4-idle,10430,11203,0,1,2,0.0
1041737413059,P4-idle,10435,11208,0,1,2,0.0
1041742478796,P4-idle,10440,11213,0,1,2,0.0
1041747553153,P4-idle,10444,11218,0,1,2,0.0
1041752620324,P4-idle,10449,11223,0,1,2,0.0
1041757693659,P4-idle,10454,11228,0,1,2,0.0
1041762758307,P4-idle,10459,11234,0,1,2,0.0
1041767824789,P4-idle,10464,11239,0,1,2,0.0
1041772889962,P4-idle,10468,11243,0,1,2,0.0
1041777965451,P4-idle,10473,11248,0,1,2,0.0
1041783031427,P4-idle,10478,11254,0,1,2,0.0
1041788112202,P4-idle,10483,11259,0,1,2,0.0
1041793178720,P4-idle,10488,11264,0,1,2,0.0
1041798246022,P4-idle,10492,11268,0,1,2,0.0
1041803311435,P4-idle,10497,11274,0,1,2,0.0
1041808393920,P4-idle,10502,11279,0,1,2,0.0
1041813458425,P4-idle,10507,11284,0,1,2,0.0
1041818538121,P4-idle,10511,11289,0,1,2,0.0
1041823604064,P4-idle,10516,11294,0,1,2,0.0
1041828672268,P4-idle,10521,11299,0,1,2,0.0
1041833736101,P4-idle,10526,11304,0,1,2,0.0
1041838802741,P4-idle,10531,11310,0,1,2,0.0
1041843867663,P4-idle,10535,11314,0,1,2,0.0
1041848947477,P4-idle,10540,11319,0,1,2,0.0
1041854032635,P4-idle,10545,11325,0,1,2,0.0
1041859112205,P4-idle,10550,11330,0,1,2,0.0
1041864176342,P4-idle,10555,11335,0,1,2,0.0
1041869255943,P4-idle,10559,11339,0,1,2,0.0
1041874320238,P4-idle,10564,11345,0,1,2,0.0
1041879395367,P4-idle,10569,11350,0,1,2,0.0
1041884459488,P4-idle,10574,11355,0,1,2,0.0
1041889540573,P4-idle,10579,11361,0,1,2,0.0
1041894605729,P4-idle,10583,11365,0,1,2,0.0
1041899685524,P4-idle,10588,11370,0,1,2,0.0
1041904750914,P4-idle,10593,11375,0,1,2,0.0
1041909819068,P4-idle,10598,11381,0,1,2,0.0
1041914884299,P4-idle,10602,11385,0,1,2,0.0
1041919951574,P4-idle,10607,11390,0,1,2,0.0
1041925032071,P4-idle,10612,11396,0,1,2,0.0
1041930103729,P4-idle,10617,11401,0,1,2,0.0
1041935168523,P4-idle,10622,11406,0,1,2,0.0
1041940247504,P4-idle,10626,11410,0,1,2,0.0
1041945310204,P4-idle,10631,11416,0,1,2,0.0
1041950377898,P4-idle,10636,11421,0,1,2,0.0
1041955450684,P4-idle,10641,11426,0,1,2,0.0
1041960517292,P4-idle,10646,11432,0,1,2,0.0
1041965585177,P4-idle,10650,11436,0,1,2,0.0
1041970649898,P4-idle,10655,11441,0,1,2,0.0
1041975727055,P4-idle,10660,11446,0,1,2,0.0
1041980805179,P4-idle,10665,11452,0,1,2,0.0
1041985883719,P4-idle,10670,11457,0,1,2,0.0
1041990949798,P4-idle,10674,11461,0,1,2,0.0
1041996016817,P4-idle,10679,11466,0,1,2,0.0
1042001097213,P4-idle,10684,11472,0,1,2,0.0
1042006168483,P4-idle,10689,11477,0,1,2,0.0
1042011235232,P4-idle,10694,11482,0,1,2,0.0
1042016302064,P4-idle,10698,11487,0,1,2,0.0
1042021377003,P4-idle,10703,11492,0,1,2,0.0
1042026441013,P4-idle,10708,11497,0,1,2,0.0
1042031516933,P4-idle,10713,11502,0,1,2,0.0
1042036585327,P4-idle,10717,11507,0,1,2,0.0
1042041650929,P4-idle,10722,11512,0,1,2,0.0
1042046730327,P4-idle,10727,11517,0,1,2,0.0
1042051813233,P4-idle,10732,11523,0,1,2,0.0
1042056895173,P4-idle,10737,11528,0,1,2,0.0
1042061977542,P4-idle,10741,11532,0,1,2,0.0
1042067044132,P4-idle,10746,11537,0,1,2,0.0
1042072118061,P4-idle,10751,11543,0,1,2,0.0
1042077197850,P4-idle,10756,11548,0,1,2,0.0
1042082276652,P4-idle,10761,11553,0,1,2,0.0
1042087344571,P4-idle,10765,11557,0,1,2,0.0
1042092410930,P4-idle,10770,11563,0,1,2,0.0
1042097489607,P4-idle,10775,11568,0,1,2,0.0
1042102568064,P4-idle,10780,11573,0,1,2,0.0
1042107647580,P4-idle,10785,11579,0,1,2,0.0
1042112726283,P4-idle,10789,11583,0,1,2,0.0
1042117802527,P4-idle,10794,11588,0,1,2,0.0
1042122875016,P4-idle,10799,11593,0,1,2,0.0
1042127953770,P4-idle,10804,11599,0,1,2,0.0
