0 0.000000 0.000000 0.000000 0.000000 0.000000 0.000000 0.000000 0.000000 0.000000 0.000000 0.000000 0.000000 0.000000 1.000000 1.000000 0.500000 0.000000 0.000000 0 
1 0.000000 0.000000 0.000000 0.000000 0.000000 0.000000 0.000000 0.000000 0.000000 0.000000 0.000000 0.000000 0.000000 1.000000 1.000000 0.500000 0.000000 0.000000 0 
2 0.000000 0.000000 0.000000 0.000000 0.000000 0.000000 0.000000 0.000000 0.000000 0.000000 0.000000 0.000000 0.000000 1.000000 1.000000 0.500000 0.000000 0.000000 0 
3 0.000000 0.000000 0.000000 0.000000 0.000000 0.000000 0.000000 0.000000 0.000000 0.000000 0.000000 0.000000 0.000000 1.000000 1.000000 0.500000 0.000000 0.000000 0 
4 0.000000 0.000000 0.000000 0.000000 0.000000 0.000000 0.000000 0.000000 0.000000 0.000000 0.000000 0.000000 0.000000 1.000000 1.000000 0.500000 0.000000 0.000000 0 
5 0.000000 0.000000 0.000000 0.000000 0.000000 0.000000 0.000000 0.000000 0.000000 0.000000 0.000000 0.000000 0.000000 1.000000 1.000000 0.500000 0.000000 0.000000 0 
6 0.000000 0.000000 0.000000 0.000000 0.000000 0.000000 0.000000 0.000000 0.000000 0.000000 0.000000 0.000000 0.000000 1.000000 1.000000 0.500000 0.000000 0.000000 0 
7 0.000000 0.000000 0.000000 0.000000 0.000000 0.000000 0.000000 0.000000 0.000000 0.000000 0.000000 0.000000 0.000000 1.000000 1.000000 0.500000 0.000000 0.000000 0 
8 0.000000 0.000000 0.000000 0.000000 0.000000 0.000000 0.000000 0.000000 0.000000 0.000000 0.000000 0.000000 0.000000 1.000000 1.000000 0.500000 0.000000 0.000000 0 
9 0.000000 0.000000 0.000000 0.000000 0.000000 0.000000 0.000000 0.000000 0.000000 0.000000 0.000000 0.000000 0.000000 1.000000 1.000000 0.500000 0.000000 0.000000 0 
10 0.000000 0.000000 0.000000 0.000000 0.000000 0.000000 0.000000 0.000000 0.000000 0.000000 0.000000 0.000000 0.000000 1.000000 1.000000 0.500000 0.000000 0.000000 0 
11 0.000000 0.000000 0.000000 0.000000 0.000000 0.000000 0.000000 0.000000 0.000000 0.000000 0.000000 0.000000 0.000000 1.000000 1.000000 0.500000 0.000000 0.000000 0 
12 0.000000 0.000000 0.000000 0.000000 0.000000 0.000000 0.000000 0.000000 0.000000 0.000000 0.000000 0.000000 0.000000 1.000000 1.000000 0.500000 0.000000 0.000000 0 
13 0.000000 0.000000 0.000000 0.000000 0.000000 0.000000 0.000000 0.000000 0.000000 0.000000 0.000000 0.000000 0.000000 1.000000 1.000000 0.500000 0.000000 0.000000 0 
14 0.000000 0.000000 0.000000 0.000000 0.000000 0.000000 0.000000 0.000000 0.000000 0.000000 0.000000 0.000000 0.000000 1.000000 1.000000 0.500000 0.000000 0.000000 0 
15 0.000000 0.000000 0.000000 0.000000 0.000000 0.000000 0.000000 0.000000 0.000000 0.000000 0.000000 0.000000 0.000000 1.000000 1.000000 0.500000 0.000000 0.000000 0 
16 0.000000 0.000000 0.000000 0.000000 0.000000 0.000000 0.000000 0.000000 0.000000 0.000000 0.000000 0.000000 0.000000 1.000000 1.000000 0.500000 0.000000 0.000000 0 
17 0.000000 0.000000 0.000000 0.000000 0.000000 0.000000 0.000000 0.000000 0.000000 0.000000 0.000000 0.000000 0.000000 1.000000 1.000000 0.500000 0.000000 0.000000 0 
18 0.000000 0.000000 0.000000 0.000000 0.000000 0.000000 0.000000 0.000000 0.000000 0.000000 0.000000 0.000000 0.000000 1.000000 1.000000 0.500000 0.000000 0.000000 0 
19 0.000000 0.000000 0.000000 0.000000 0.000000 0.000000 0.000000 0.000000 0.000000 0.000000 0.000000 0.000000 0.000000 1.000000 1.000000 0.500000 0.000000 0.000000 0 
20 0.000000 0.000000 0.000000 0.000000 0.000000 0.000000 0.000000 0.000000 0.000000 0.000000 0.000000 0.000000 0.000000 1.000000 1.000000 0.500000 0.000000 0.000000 0 
21 0.000000 0.000000 0.000000 0.000000 0.000000 0.000000 0.000000 0.000000 0.000000 0.000000 0.000000 0.000000 0.000000 1.000000 1.000000 0.500000 0.000000 0.000000 0 
22 0.000000 0.000000 0.000000 0.000000 0.000000 0.000000 0.000000 0.000000 0.000000 0.000000 0.000000 0.000000 0.000000 1.000000 1.000000 0.500000 0.000000 0.000000 0 
23 0.000000 0.000000 0.000000 0.000000 0.000000 0.000000 0.000000 0.000000 0.000000 0.000000 0.000000 0.000000 0.000000 1.000000 1.000000 0.500000 0.000000 0.000000 0 
24 0.000000 0.000000 0.000000 0.000000 0.000000 0.000000 0.000000 0.000000 0.000000 0.000000 0.000000 0.000000 0.000000 1.000000 1.000000 0.500000 0.000000 0.000000 0 
25 0.000000 0.000000 0.000000 0.000000 0.000000 0.000000 0.000000 0.000000 0.000000 0.000000 0.000000 0.000000 0.000000 1.000000 1.000000 0.500000 0.000000 0.000000 0 
26 0.000000 0.000000 0.000000 0.000000 0.000000 0.000000 0.000000 0.000000 0.000000 0.000000 0.000000 0.000000 0.000000 1.000000 1.000000 0.500000 0.000000 0.000000 0 
27 0.000000 0.000000 0.000000 0.000000 0.000000 0.000000 0.000000 0.000000 0.000000 0.000000 0.000000 0.000000 0.000000 1.000000 1.000000 0.500000 0.000000 0.000000 0 
28 0.000000 0.000000 0.000000 0.000000 0.000000 0.000000 0.000000 0.000000 0.000000 0.000000 0.000000 0.000000 0.000000 1.000000 1.000000 0.500000 0.000000 0.000000 0 
29 0.000000 0.000000 0.000000 0.000000 0.000000 0.000000 0.000000 0.000000 0.000000 0.000000 0.000000 0.000000 0.000000 1.000000 1.000000 0.500000 0.000000 0.000000 0 
30 0.000000 0.000000 0.000000 0.000000 0.000000 0.000000 0.000000 0.000000 0.000000 0.000000 0.000000 0.000000 0.000000 1.000000 1.000000 0.500000 0.000000 0.000000 0 
31 0.000000 0.000000 0.000000 0.000000 0.000000 0.000000 0.000000 0.000000 0.000000 0.000000 0.000000 0.000000 0.000000 1.000000 1.000000 0.500000 0.000000 0.000000 0 
32 0.000000 0.000000 0.000000 0.000000 0.000000 0.000000 0.000000 0.000000 0.000000 0.000000 0.000000 0.000000 0.000000 1.000000 1.000000 0.500000 0.000000 0.000000 0 
33 0.000000 0.000000 0.000000 0.000000 0.000000 0.000000 0.000000 0.000000 0.000000 0.000000 0.000000 0.000000 0.000000 1.000000 1.000000 0.500000 0.000000 0.000000 0 
34 0.000000 0.000000 0.000000 0.000000 0.000000 0.000000 0.000000 0.000000 0.000000 0.000000 0.000000 0.000000 0.000000 1.000000 1.000000 0.500000 0.000000 0.000000 0 
35 0.000000 0.000000 0.000000 0.000000 0.000000 0.000000 0.000000 0.000000 0.000000 0.000000 0.000000 0.000000 0.000000 1.000000 1.000000 0.500000 0.000000 0.000000 0 
36 0.000000 0.000000 0.000000 0.000000 0.000000 0.000000 0.000000 0.000000 0.000000 0.000000 0.000000 0.000000 0.000000 1.000000 1.000000 0.500000 0.000000 0.000000 0 
37 0.000000 0.000000 0.000000 0.000000 0.000000 0.000000 0.000000 0.000000 0.000000 0.000000 0.000000 0.000000 0.000000 1.000000 1.000000 0.500000 0.000000 0.000000 0 
38 0.000000 0.000000 0.000000 0.000000 0.000000 0.000000 0.000000 0.000000 0.000000 0.000000 0.000000 0.000000 0.000000 1.000000 1.000000 0.500000 0.000000 0.000000 0 
39 0.000000 0.000000 0.000000 0.000000 0.000000 0.000000 0.000000 0.000000 0.000000 0.000000 0.000000 0.000000 0.000000 1.000000 1.000000 0.500000 0.000000 0.000000 0 
40 0.000000 0.000000 0.000000 0.000000 0.000000 0.000000 0.000000 0.000000 0.000000 0.000000 0.000000 0.000000 0.000000 1.000000 1.000000 0.500000 0.000000 0.000000 0 
41 0.000000 0.000000 0.000000 0.000000 0.000000 0.000000 0.000000 0.000000 0.000000 0.000000 0.000000 0.000000 0.000000 1.000000 1.000000 0.500000 0.000000 0.000000 0 
42 0.000000 0.000000 0.000000 0.000000 0.000000 0.000000 0.000000 0.000000 0.000000 0.000000 0.000000 0.000000 0.000000 1.000000 1.000000 0.500000 0.000000 0.000000 0 
43 0.000000 0.000000 0.000000 0.000000 0.000000 0.000000 0.000000 0.000000 0.000000 0.000000 0.000000 0.000000 0.000000 1.000000 1.000000 0.500000 0.000000 0.000000 0 
44 0.000000 0.000000 0.000000 0.000000 0.000000 0.000000 0.000000 0.000000 0.000000 0.000000 0.000000 0.000000 0.000000 1.000000 1.000000 0.500000 0.000000 0.000000 0 
45 0.000000 0.000000 0.000000 0.000000 0.000000 0.000000 0.000000 0.000000 0.000000 0.000000 0.000000 0.000000 0.000000 1.000000 1.000000 0.500000 0.000000 0.000000 0 
46 0.000000 0.000000 0.000000 0.000000 0.000000 0.000000 0.000000 0.000000 0.000000 0.000000 0.000000 0.000000 0.000000 1.000000 1.000000 0.500000 0.000000 0.000000 0 
47 0.000000 0.000000 0.000000 0.000000 0.000000 0.000000 0.000000 0.000000 0.000000 0.000000 0.000000 0.000000 0.000000 1.000000 1.000000 0.500000 0.000000 0.000000 0 
48 0.000000 0.000000 0.000000 0.000000 0.000000 0.000000 0.000000 0.000000 0.000000 0.000000 0.000000 0.000000 0.000000 1.000000 1.000000 0.500000 0.000000 0.000000 0 
49 0.000000 0.000000 0.000000 0.000000 0.000000 0.000000 0.000000 0.000000 0.000000 0.000000 0.000000 0.000000 0.000000 1.000000 1.000000 0.500000 0.000000 0.000000 0 
50 0.000000 0.000000 0.000000 0.000000 0.000000 0.000000 0.000000 0.000000 0.000000 0.000000 0.000000 0.000000 0.000000 1.000000 1.000000 0.500000 0.000000 0.000000 0 
51 0.000000 0.000000 0.000000 0.000000 0.000000 0.000000 0.000000 0.000000 0.000000 0.000000 0.000000 0.000000 0.000000 1.000000 1.000000 0.500000 0.000000 0.000000 0 
52 0.000000 0.000000 0.000000 0.000000 0.000000 0.000000 0.000000 0.000000 0.000000 0.000000 0.000000 0.000000 0.000000 1.000000 1.000000 0.500000 0.000000 0.000000 0 
53 0.000000 0.000000 0.000000 0.000000 0.000000 0.000000 0.000000 0.000000 0.000000 0.000000 0.000000 0.000000 0.000000 1.000000 1.000000 0.500000 0.000000 0.000000 0 
54 0.000000 0.000000 0.000000 0.000000 0.000000 0.000000 0.000000 0.000000 0.000000 0.000000 0.000000 0.000000 0.000000 1.000000 1.000000 0.500000 0.000000 0.000000 0 
55 0.000000 0.000000 0.000000 0.000000 0.000000 0.000000 0.000000 0.000000 0.000000 0.000000 0.000000 0.000000 0.000000 1.000000 1.000000 0.500000 0.000000 0.000000 0 
56 0.000000 0.000000 0.000000 0.000000 0.000000 0.000000 0.000000 0.000000 0.000000 0.000000 0.000000 0.000000 0.000000 1.000000 1.000000 0.500000 0.000000 0.000000 0 
57 0.000000 0.000000 0.000000 0.000000 0.000000 0.000000 0.000000 0.000000 0.000000 0.000000 0.000000 0.000000 0.000000 1.000000 1.000000 0.500000 0.000000 0.000000 0 
58 0.000000 0.000000 0.000000 0.000000 0.000000 0.000000 0.000000 0.000000 0.000000 0.000000 0.000000 0.000000 0.000000 1.000000 1.000000 0.500000 0.000000 0.000000 0 
59 0.000000 0.000000 0.000000 0.000000 0.000000 0.000000 0.000000 0.000000 0.000000 0.000000 0.000000 0.000000 0.000000 1.000000 1.000000 0.500000 0.000000 0.000000 0 
60 0.000000 0.000000 0.000000 0.000000 0.000000 0.000000 0.000000 0.000000 0.000000 0.000000 0.000000 0.000000 0.000000 1.000000 1.000000 0.500000 0.000000 0.000000 0 
61 0.000000 0.000000 0.000000 0.000000 0.000000 0.000000 0.000000 0.000000 0.000000 0.000000 0.000000 0.000000 0.000000 1.000000 1.000000 0.500000 0.000000 0.000000 0 
62 0.000000 0.000000 0.000000 0.000000 0.000000 0.000000 0.000000 0.000000 0.000000 0.000000 0.000000 0.000000 0.000000 1.000000 1.000000 0.500000 0.000000 0.000000 0 
63 0.000000 0.000000 0.000000 0.000000 0.000000 0.000000 0.000000 0.000000 0.000000 0.000000 0.000000 0.000000 0.000000 1.000000 1.000000 0.500000 0.000000 0.000000 0 
64 0.000000 0.000000 0.000000 0.000000 0.000000 0.000000 0.000000 0.000000 0.000000 0.000000 0.000000 0.000000 0.000000 1.000000 1.000000 0.500000 0.000000 0.000000 0 
65 0.000000 0.000000 0.000000 0.000000 0.000000 0.000000 0.000000 0.000000 0.000000 0.000000 0.000000 0.000000 0.000000 1.000000 1.000000 0.500000 0.000000 0.000000 0 
66 0.000000 0.000000 0.000000 0.000000 0.000000 0.000000 0.000000 0.000000 0.000000 0.000000 0.000000 0.000000 0.000000 1.000000 1.000000 0.500000 0.000000 0.000000 0 
67 0.000000 0.000000 0.000000 0.000000 0.000000 0.000000 0.000000 0.000000 0.000000 0.000000 0.000000 0.000000 0.000000 1.000000 1.000000 0.500000 0.000000 0.000000 0 
68 0.000000 0.000000 0.000000 0.000000 0.000000 0.000000 0.000000 0.000000 0.000000 0.000000 0.000000 0.000000 0.000000 1.000000 1.000000 0.500000 0.000000 0.000000 0 
69 0.000000 0.000000 0.000000 0.000000 0.000000 0.000000 0.000000 0.000000 0.000000 0.000000 0.000000 0.000000 0.000000 1.000000 1.000000 0.500000 0.000000 0.000000 0 
70 0.000000 0.000000 0.000000 0.000000 0.000000 0.000000 0.000000 0.000000 0.000000 0.000000 0.000000 0.000000 0.000000 1.000000 1.000000 0.500000 0.000000 0.000000 0 
71 0.000000 0.000000 0.000000 0.000000 0.000000 0.000000 0.000000 0.000000 0.000000 0.000000 0.000000 0.000000 0.000000 1.000000 1.000000 0.500000 0.000000 0.000000 0 
72 0.000000 0.000000 0.000000 0.000000 0.000000 0.000000 0.000000 0.000000 0.000000 0.000000 0.000000 0.000000 0.000000 1.000000 1.000000 0.500000 0.000000 0.000000 0 
73 0.000000 0.000000 0.000000 0.000000 0.000000 0.000000 0.000000 0.000000 0.000000 0.000000 0.000000 0.000000 0.000000 1.000000 1.000000 0.500000 0.000000 0.000000 0 
74 0.000000 0.000000 0.000000 0.000000 0.000000 0.000000 0.000000 0.000000 0.000000 0.000000 0.000000 0.000000 0.000000 1.000000 1.000000 0.500000 0.000000 0.000000 0 
75 0.000000 0.000000 0.000000 0.000000 0.000000 0.000000 0.000000 0.000000 0.000000 0.000000 0.000000 0.000000 0.000000 1.000000 1.000000 0.500000 0.000000 0.000000 0 
76 0.000000 0.000000 0.000000 0.000000 0.000000 0.000000 0.000000 0.000000 0.000000 0.000000 0.000000 0.000000 0.000000 1.000000 1.000000 0.500000 0.000000 0.000000 0 
77 0.000000 0.000000 0.000000 0.000000 0.000000 0.000000 0.000000 0.000000 0.000000 0.000000 0.000000 0.000000 0.000000 1.000000 1.000000 0.500000 0.000000 0.000000 0 
78 0.000000 0.000000 0.000000 0.000000 0.000000 0.000000 0.000000 0.000000 0.000000 0.000000 0.000000 0.000000 0.000000 1.000000 1.000000 0.500000 0.000000 0.000000 0 
79 0.000000 0.000000 0.000000 0.000000 0.000000 0.000000 0.000000 0.000000 0.000000 0.000000 0.000000 0.000000 0.000000 1.000000 1.000000 0.500000 0.000000 0.000000 0 
80 0.000000 0.000000 0.000000 0.000000 0.000000 0.000000 0.000000 0.000000 0.000000 0.000000 0.000000 0.000000 0.000000 1.000000 1.000000 0.500000 0.000000 0.000000 0 
81 0.000000 0.000000 0.000000 0.000000 0.000000 0.000000 0.000000 0.000000 0.000000 0.000000 0.000000 0.000000 0.000000 1.000000 1.000000 0.500000 0.000000 0.000000 0 
82 0.000000 0.000000 0.000000 0.000000 0.000000 0.000000 0.000000 0.000000 0.000000 0.000000 0.000000 0.000000 0.000000 1.000000 1.000000 0.500000 0.000000 0.000000 0 
83 0.000000 0.000000 0.000000 0.000000 0.000000 0.000000 0.000000 0.000000 0.000000 0.000000 0.000000 0.000000 0.000000 1.000000 1.000000 0.500000 0.000000 0.000000 0 
84 0.000000 0.000000 0.000000 0.000000 0.000000 0.000000 0.000000 0.000000 0.000000 0.000000 0.000000 0.000000 0.000000 1.000000 1.000000 0.500000 0.000000 0.000000 0 
85 0.000000 0.000000 0.000000 0.000000 0.000000 0.000000 0.000000 0.000000 0.000000 0.000000 0.000000 0.000000 0.000000 1.000000 1.000000 0.500000 0.000000 0.000000 0 
86 0.000000 0.000000 0.000000 0.000000 0.000000 0.000000 0.000000 0.000000 0.000000 0.000000 0.000000 0.000000 0.000000 1.000000 1.000000 0.500000 0.000000 0.000000 0 
87 0.000000 0.000000 0.000000 0.000000 0.000000 0.000000 0.000000 0.000000 0.000000 0.000000 0.000000 0.000000 0.000000 1.000000 1.000000 0.500000 0.000000 0.000000 0 
88 0.000000 0.000000 0.000000 0.000000 0.000000 0.000000 0.000000 0.000000 0.000000 0.000000 0.000000 0.000000 0.000000 1.000000 1.000000 0.500000 0.000000 0.000000 0 
89 0.000000 0.000000 0.000000 0.000000 0.000000 0.000000 0.000000 0.000000 0.000000 0.000000 0.000000 0.000000 0.000000 1.000000 1.000000 0.500000 0.000000 0.000000 0 
90 0.000000 0.000000 0.000000 0.000000 0.000000 0.000000 0.000000 0.000000 0.000000 0.000000 0.000000 0.000000 0.000000 1.000000 1.000000 0.500000 0.000000 0.000000 0 
91 0.000000 0.000000 0.000000 0.000000 0.000000 0.000000 0.000000 0.000000 0.000000 0.000000 0.000000 0.000000 0.000000 1.000000 1.000000 0.500000 0.000000 0.000000 0 
92 0.000000 0.000000 0.000000 0.000000 0.000000 0.000000 0.000000 0.000000 0.000000 0.000000 0.000000 0.000000 0.000000 1.000000 1.000000 0.500000 0.000000 0.000000 0 
93 0.000000 0.000000 0.000000 0.000000 0.000000 0.000000 0.000000 0.000000 0.000000 0.000000 0.000000 0.000000 0.000000 1.000000 1.000000 0.500000 0.000000 0.000000 0 
94 0.000000 0.000000 0.000000 0.000000 0.000000 0.000000 0.000000 0.000000 0.000000 0.000000 0.000000 0.000000 0.000000 1.000000 1.000000 0.500000 0.000000 0.000000 0 
95 0.000000 0.000000 0.000000 0.000000 0.000000 0.000000 0.000000 0.000000 0.000000 0.000000 0.000000 0.000000 0.000000 1.000000 1.000000 0.500000 0.000000 0.000000 0 
96 0.000000 0.000000 0.000000 0.000000 0.000000 0.000000 0.000000 0.000000 0.000000 0.000000 0.000000 0.000000 0.000000 1.000000 1.000000 0.500000 0.000000 0.000000 0 
97 0.000000 0.000000 0.000000 0.000000 0.000000 0.000000 0.000000 0.000000 0.000000 0.000000 0.000000 0.000000 0.000000 1.000000 1.000000 0.500000 0.000000 0.000000 0 
98 0.000000 0.000000 0.000000 0.000000 0.000000 0.000000 0.000000 0.000000 0.000000 0.000000 0.000000 0.000000 0.000000 1.000000 1.000000 0.500000 0.000000 0.000000 0 
99 0.000000 0.000000 0.000000 0.000000 0.000000 0.000000 0.000000 0.000000 0.000000 0.000000 0.000000 0.000000 0.000000 1.000000 1.000000 0.500000 0.000000 0.000000 0 
100 0.000000 0.000000 0.000000 0.000000 0.000000 0.000000 0.000000 0.000000 0.000000 0.000000 0.000000 0.000000 0.000000 1.000000 1.000000 0.500000 0.000000 0.000000 0 
101 0.000000 0.000000 0.000000 0.000000 0.000000 0.000000 0.000000 0.000000 0.000000 0.000000 0.000000 0.000000 0.000000 1.000000 1.000000 0.500000 0.000000 0.000000 0 
102 0.000000 0.000000 0.000000 0.000000 0.000000 0.000000 0.000000 0.000000 0.000000 0.000000 0.000000 0.000000 0.000000 1.000000 1.000000 0.500000 0.000000 0.000000 0 
103 0.000000 0.000000 0.000000 0.000000 0.000000 0.000000 0.000000 0.000000 0.000000 0.000000 0.000000 0.000000 0.000000 1.000000 1.000000 0.500000 0.000000 0.000000 0 
104 0.000000 0.000000 0.000000 0.000000 0.000000 0.000000 0.000000 0.000000 0.000000 0.000000 0.000000 0.000000 0.000000 1.000000 1.000000 0.500000 0.000000 0.000000 0 
105 0.000000 0.000000 0.000000 0.000000 0.000000 0.000000 0.000000 0.000000 0.000000 0.000000 0.000000 0.000000 0.000000 1.000000 1.000000 0.500000 0.000000 0.000000 0 
106 0.000000 0.000000 0.000000 0.000000 0.000000 0.000000 0.000000 0.000000 0.000000 0.000000 0.000000 0.000000 0.000000 1.000000 1.000000 0.500000 0.000000 0.000000 0 
107 0.000000 0.000000 0.000000 0.000000 0.000000 0.000000 0.000000 0.000000 0.000000 0.000000 0.000000 0.000000 0.000000 1.000000 1.000000 0.500000 0.000000 0.000000 0 
108 0.000000 0.000000 0.000000 0.000000 0.000000 0.000000 0.000000 0.000000 0.000000 0.000000 0.000000 0.000000 0.000000 1.000000 1.000000 0.500000 0.000000 0.000000 0 
109 0.000000 0.000000 0.000000 0.000000 0.000000 0.000000 0.000000 0.000000 0.000000 0.000000 0.000000 0.000000 0.000000 1.000000 1.000000 0.500000 0.000000 0.000000 0 
110 0.000000 0.000000 0.000000 0.000000 0.000000 0.000000 0.000000 0.000000 0.000000 0.000000 0.000000 0.000000 0.000000 1.000000 1.000000 0.500000 0.000000 0.000000 0 
111 0.000000 0.000000 0.000000 0.000000 0.000000 0.000000 0.000000 0.000000 0.000000 0.000000 0.000000 0.000000 0.000000 1.000000 1.000000 0.500000 0.000000 0.000000 0 
112 0.000000 0.000000 0.000000 0.000000 0.000000 0.000000 0.000000 0.000000 0.000000 0.000000 0.000000 0.000000 0.000000 1.000000 1.000000 0.500000 0.000000 0.000000 0 
113 0.000000 0.000000 0.000000 0.000000 0.000000 0.000000 0.000000 0.000000 0.000000 0.000000 0.000000 0.000000 0.000000 1.000000 1.000000 0.500000 0.000000 0.000000 0 
114 0.000000 0.000000 0.000000 0.000000 0.000000 0.000000 0.000000 0.000000 0.000000 0.000000 0.000000 0.000000 0.000000 1.000000 1.000000 0.500000 0.000000 0.000000 0 
115 0.000000 0.000000 0.000000 0.000000 0.000000 0.000000 0.000000 0.000000 0.000000 0.000000 0.000000 0.000000 0.000000 1.000000 1.000000 0.500000 0.000000 0.000000 0 
116 0.000000 0.000000 0.000000 0.000000 0.000000 0.000000 0.000000 0.000000 0.000000 0.000000 0.000000 0.000000 0.000000 1.000000 1.000000 0.500000 0.000000 0.000000 0 
117 0.000000 0.000000 0.000000 0.000000 0.000000 0.000000 0.000000 0.000000 0.000000 0.000000 0.000000 0.000000 0.000000 1.000000 1.000000 0.500000 0.000000 0.000000 0 
118 0.000000 0.000000 0.000000 0.000000 0.000000 0.000000 0.000000 0.000000 0.000000 0.000000 0.000000 0.000000 0.000000 1.000000 1.000000 0.500000 0.000000 0.000000 0 
119 0.000000 0.000000 0.000000 0.000000 0.000000 0.000000 0.000000 0.000000 0.000000 0.000000 0.000000 0.000000 0.000000 1.000000 1.000000 0.500000 0.000000 0.000000 0 
120 0.000000 0.000000 0.000000 0.000000 0.000000 0.000000 0.000000 0.000000 0.000000 0.000000 0.000000 0.000000 0.000000 1.000000 1.000000 0.500000 0.000000 0.000000 0 
121 0.000000 0.000000 0.000000 0.000000 0.000000 0.000000 0.000000 0.000000 0.000000 0.000000 0.000000 0.000000 0.000000 1.000000 1.000000 0.500000 0.000000 0.000000 0 
122 0.000000 0.000000 0.000000 0.000000 0.000000 0.000000 0.000000 0.000000 0.000000 0.000000 0.000000 0.000000 0.000000 1.000000 1.000000 0.500000 0.000000 0.000000 0 
123 0.000000 0.000000 0.000000 0.000000 0.000000 0.000000 0.000000 0.000000 0.000000 0.000000 0.000000 0.000000 0.000000 1.000000 1.000000 0.500000 0.000000 0.000000 0 
124 0.000000 0.000000 0.000000 0.000000 0.000000 0.000000 0.000000 0.000000 0.000000 0.000000 0.000000 0.000000 0.000000 1.000000 1.000000 0.500000 0.000000 0.000000 0 
125 0.000000 0.000000 0.000000 0.000000 0.000000 0.000000 0.000000 0.000000 0.000000 0.000000 0.000000 0.000000 0.000000 1.000000 1.000000 0.500000 0.000000 0.000000 0 
126 0.000000 0.000000 0.000000 0.000000 0.000000 0.000000 0.000000 0.000000 0.000000 0.000000 0.000000 0.000000 0.000000 1.000000 1.000000 0.500000 0.000000 0.000000 0 
127 0.000000 0.000000 0.000000 0.000000 0.000000 0.000000 0.000000 0.000000 0.000000 0.000000 0.000000 0.000000 0.000000 1.000000 1.000000 0.500000 0.000000 0.000000 0 
128 0.000000 0.000000 0.000000 0.000000 0.000000 0.000000 0.000000 0.000000 0.000000 0.000000 0.000000 0.000000 0.000000 1.000000 1.000000 0.500000 0.000000 0.000000 0 
129 0.000000 0.000000 0.000000 0.000000 0.000000 0.000000 0.000000 0.000000 0.000000 0.000000 0.000000 0.000000 0.000000 1.000000 1.000000 0.500000 0.000000 0.000000 0 
130 0.000000 0.000000 0.000000 0.000000 0.000000 0.000000 0.000000 0.000000 0.000000 0.000000 0.000000 0.000000 0.000000 1.000000 1.000000 0.500000 0.000000 0.000000 0 
131 0.000000 0.000000 0.000000 0.000000 0.000000 0.000000 0.000000 0.000000 0.000000 0.000000 0.000000 0.000000 0.000000 1.000000 1.000000 0.500000 0.000000 0.000000 0 
132 0.000000 0.000000 0.000000 0.000000 0.000000 0.000000 0.000000 0.000000 0.000000 0.000000 0.000000 0.000000 0.000000 1.000000 1.000000 0.500000 0.000000 0.000000 0 
133 0.000000 0.000000 0.000000 0.000000 0.000000 0.000000 0.000000 0.000000 0.000000 0.000000 0.000000 0.000000 0.000000 1.000000 1.000000 0.500000 0.000000 0.000000 0 
134 0.000000 0.000000 0.000000 0.000000 0.000000 0.000000 0.000000 0.000000 0.000000 0.000000 0.000000 0.000000 0.000000 1.000000 1.000000 0.500000 0.000000 0.000000 0 
135 0.000000 0.000000 0.000000 0.000000 0.000000 0.000000 0.000000 0.000000 0.000000 0.000000 0.000000 0.000000 0.000000 1.000000 1.000000 0.500000 0.000000 0.000000 0 
136 0.000000 0.000000 0.000000 0.000000 0.000000 0.000000 0.000000 0.000000 0.000000 0.000000 0.000000 0.000000 0.000000 1.000000 1.000000 0.500000 0.000000 0.000000 0 
137 0.000000 0.000000 0.000000 0.000000 0.000000 0.000000 0.000000 0.000000 0.000000 0.000000 0.000000 0.000000 0.000000 1.000000 1.000000 0.500000 0.000000 0.000000 0 
138 0.000000 0.000000 0.000000 0.000000 0.000000 0.000000 0.000000 0.000000 0.000000 0.000000 0.000000 0.000000 0.000000 1.000000 1.000000 0.500000 0.000000 0.000000 0 
139 0.000000 0.000000 0.000000 0.000000 0.000000 0.000000 0.000000 0.000000 0.000000 0.000000 0.000000 0.000000 0.000000 1.000000 1.000000 0.500000 0.000000 0.000000 0 
140 0.000000 0.000000 0.000000 0.000000 0.000000 0.000000 0.000000 0.000000 0.000000 0.000000 0.000000 0.000000 0.000000 1.000000 1.000000 0.500000 0.000000 0.000000 0 
141 0.000000 0.000000 0.000000 0.000000 0.000000 0.000000 0.000000 0.000000 0.000000 0.000000 0.000000 0.000000 0.000000 1.000000 1.000000 0.500000 0.000000 0.000000 0 
142 0.000000 0.000000 0.000000 0.000000 0.000000 0.000000 0.000000 0.000000 0.000000 0.000000 0.000000 0.000000 0.000000 1.000000 1.000000 0.500000 0.000000 0.000000 0 
143 0.000000 0.000000 0.000000 0.000000 0.000000 0.000000 0.000000 0.000000 0.000000 0.000000 0.000000 0.000000 0.000000 1.000000 1.000000 0.500000 0.000000 0.000000 0 
144 0.000000 0.000000 0.000000 0.000000 0.000000 0.000000 0.000000 0.000000 0.000000 0.000000 0.000000 0.000000 0.000000 1.000000 1.000000 0.500000 0.000000 0.000000 0 
145 0.000000 0.000000 0.000000 0.000000 0.000000 0.000000 0.000000 0.000000 0.000000 0.000000 0.000000 0.000000 0.000000 1.000000 1.000000 0.500000 0.000000 0.000000 0 
146 0.000000 0.000000 0.000000 0.000000 0.000000 0.000000 0.000000 0.000000 0.000000 0.000000 0.000000 0.000000 0.000000 1.000000 1.000000 0.500000 0.000000 0.000000 0 
147 0.000000 0.000000 0.000000 0.000000 0.000000 0.000000 0.000000 0.000000 0.000000 0.000000 0.000000 0.000000 0.000000 1.000000 1.000000 0.500000 0.000000 0.000000 0 
148 0.000000 0.000000 0.000000 0.000000 0.000000 0.000000 0.000000 0.000000 0.000000 0.000000 0.000000 0.000000 0.000000 1.000000 1.000000 0.500000 0.000000 0.000000 0 
149 0.000000 0.000000 0.000000 0.000000 0.000000 0.000000 0.000000 0.000000 0.000000 0.000000 0.000000 0.000000 0.000000 1.000000 1.000000 0.500000 0.000000 0.000000 0 
150 0.000000 0.000000 0.000000 0.000000 0.000000 0.000000 0.000000 0.000000 0.000000 0.000000 0.000000 0.000000 0.000000 1.000000 1.000000 0.500000 0.000000 0.000000 0 
151 0.000000 0.000000 0.000000 0.000000 0.000000 0.000000 0.000000 0.000000 0.000000 0.000000 0.000000 0.000000 0.000000 1.000000 1.000000 0.500000 0.000000 0.000000 0 
152 0.000000 0.000000 0.000000 0.000000 0.000000 0.000000 0.000000 0.000000 0.000000 0.000000 0.000000 0.000000 0.000000 1.000000 1.000000 0.500000 0.000000 0.000000 0 
153 0.000000 0.000000 0.000000 0.000000 0.000000 0.000000 0.000000 0.000000 0.000000 0.000000 0.000000 0.000000 0.000000 1.000000 1.000000 0.500000 0.000000 0.000000 0 
154 0.000000 0.000000 0.000000 0.000000 0.000000 0.000000 0.000000 0.000000 0.000000 0.000000 0.000000 0.000000 0.000000 1.000000 1.000000 0.500000 0.000000 0.000000 0 
155 0.000000 0.000000 0.000000 0.000000 0.000000 0.000000 0.000000 0.000000 0.000000 0.000000 0.000000 0.000000 0.000000 1.000000 1.000000 0.500000 0.000000 0.000000 0 
156 0.000000 0.000000 0.000000 0.000000 0.000000 0.000000 0.000000 0.000000 0.000000 0.000000 0.000000 0.000000 0.000000 1.000000 1.000000 0.500000 0.000000 0.000000 0 
157 0.000000 0.000000 0.000000 0.000000 0.000000 0.000000 0.000000 0.000000 0.000000 0.000000 0.000000 0.000000 0.000000 1.000000 1.000000 0.500000 0.000000 0.000000 0 
158 0.000000 0.000000 0.000000 0.000000 0.000000 0.000000 0.000000 0.000000 0.000000 0.000000 0.000000 0.000000 0.000000 1.000000 1.000000 0.500000 0.000000 0.000000 0 
159 0.000000 0.000000 0.000000 0.000000 0.000000 0.000000 0.000000 0.000000 0.000000 0.000000 0.000000 0.000000 0.000000 1.000000 1.000000 0.500000 0.000000 0.000000 0 
160 0.000000 0.000000 0.000000 0.000000 0.000000 0.000000 0.000000 0.000000 0.000000 0.000000 0.000000 0.000000 0.000000 1.000000 1.000000 0.500000 0.000000 0.000000 0 
161 0.000000 0.000000 0.000000 0.000000 0.000000 0.000000 0.000000 0.000000 0.000000 0.000000 0.000000 0.000000 0.000000 1.000000 1.000000 0.500000 0.000000 0.000000 0 
162 0.000000 0.000000 0.000000 0.000000 0.000000 0.000000 0.000000 0.000000 0.000000 0.000000 0.000000 0.000000 0.000000 1.000000 1.000000 0.500000 0.000000 0.000000 0 
163 0.000000 0.000000 0.000000 0.000000 0.000000 0.000000 0.000000 0.000000 0.000000 0.000000 0.000000 0.000000 0.000000 1.000000 1.000000 0.500000 0.000000 0.000000 0 
164 0.000000 0.000000 0.000000 0.000000 0.000000 0.000000 0.000000 0.000000 0.000000 0.000000 0.000000 0.000000 0.000000 1.000000 1.000000 0.500000 0.000000 0.000000 0 
165 0.000000 0.000000 0.000000 0.000000 0.000000 0.000000 0.000000 0.000000 0.000000 0.000000 0.000000 0.000000 0.000000 1.000000 1.000000 0.500000 0.000000 0.000000 0 
166 0.000000 0.000000 0.000000 0.000000 0.000000 0.000000 0.000000 0.000000 0.000000 0.000000 0.000000 0.000000 0.000000 1.000000 1.000000 0.500000 0.000000 0.000000 0 
167 0.000000 0.000000 0.000000 0.000000 0.000000 0.000000 0.000000 0.000000 0.000000 0.000000 0.000000 0.000000 0.000000 1.000000 1.000000 0.500000 0.000000 0.000000 0 
168 0.000000 0.000000 0.000000 0.000000 0.000000 0.000000 0.000000 0.000000 0.000000 0.000000 0.000000 0.000000 0.000000 1.000000 1.000000 0.500000 0.000000 0.000000 0 
169 0.000000 0.000000 0.000000 0.000000 0.000000 0.000000 0.000000 0.000000 0.000000 0.000000 0.000000 0.000000 0.000000 1.000000 1.000000 0.500000 0.000000 0.000000 0 
170 0.000000 0.000000 0.000000 0.000000 0.000000 0.000000 0.000000 0.000000 0.000000 0.000000 0.000000 0.000000 0.000000 1.000000 1.000000 0.500000 0.000000 0.000000 0 
171 0.000000 0.000000 0.000000 0.000000 0.000000 0.000000 0.000000 0.000000 0.000000 0.000000 0.000000 0.000000 0.000000 1.000000 1.000000 0.500000 0.000000 0.000000 0 
172 0.000000 0.000000 0.000000 0.000000 0.000000 0.000000 0.000000 0.000000 0.000000 0.000000 0.000000 0.000000 0.000000 1.000000 1.000000 0.500000 0.000000 0.000000 0 
173 0.000000 0.000000 0.000000 0.000000 0.000000 0.000000 0.000000 0.000000 0.000000 0.000000 0.000000 0.000000 0.000000 1.000000 1.000000 0.500000 0.000000 0.000000 0 
174 0.000000 0.000000 0.000000 0.000000 0.000000 0.000000 0.000000 0.000000 0.000000 0.000000 0.000000 0.000000 0.000000 1.000000 1.000000 0.500000 0.000000 0.000000 0 
175 0.000000 0.000000 0.000000 0.000000 0.000000 0.000000 0.000000 0.000000 0.000000 0.000000 0.000000 0.000000 0.000000 1.000000 1.000000 0.500000 0.000000 0.000000 0 
176 0.000000 0.000000 0.000000 0.000000 0.000000 0.000000 0.000000 0.000000 0.000000 0.000000 0.000000 0.000000 0.000000 1.000000 1.000000 0.500000 0.000000 0.000000 0 
177 0.000000 0.000000 0.000000 0.000000 0.000000 0.000000 0.000000 0.000000 0.000000 0.000000 0.000000 0.000000 0.000000 1.000000 1.000000 0.500000 0.000000 0.000000 0 
178 0.000000 0.000000 0.000000 0.000000 0.000000 0.000000 0.000000 0.000000 0.000000 0.000000 0.000000 0.000000 0.000000 1.000000 1.000000 0.500000 0.000000 0.000000 0 
179 0.000000 0.000000 0.000000 0.000000 0.000000 0.000000 0.000000 0.000000 0.000000 0.000000 0.000000 0.000000 0.000000 1.000000 1.000000 0.500000 0.000000 0.000000 0 
180 0.000000 0.000000 0.000000 0.000000 0.000000 0.000000 0.000000 0.000000 0.000000 0.000000 0.000000 0.000000 0.000000 1.000000 1.000000 0.500000 0.000000 0.000000 0 
181 0.000000 0.000000 0.000000 0.000000 0.000000 0.000000 0.000000 0.000000 0.000000 0.000000 0.000000 0.000000 0.000000 1.000000 1.000000 0.500000 0.000000 0.000000 0 
182 0.000000 0.000000 0.000000 0.000000 0.000000 0.000000 0.000000 0.000000 0.000000 0.000000 0.000000 0.000000 0.000000 1.000000 1.000000 0.500000 0.000000 0.000000 0 
183 0.000000 0.000000 0.000000 0.000000 0.000000 0.000000 0.000000 0.000000 0.000000 0.000000 0.000000 0.000000 0.000000 1.000000 1.000000 0.500000 0.000000 0.000000 0 
184 0.000000 0.000000 0.000000 0.000000 0.000000 0.000000 0.000000 0.000000 0.000000 0.000000 0.000000 0.000000 0.000000 1.000000 1.000000 0.500000 0.000000 0.000000 0 
185 0.000000 0.000000 0.000000 0.000000 0.000000 0.000000 0.000000 0.000000 0.000000 0.000000 0.000000 0.000000 0.000000 1.000000 1.000000 0.500000 0.000000 0.000000 0 
186 0.000000 0.000000 0.000000 0.000000 0.000000 0.000000 0.000000 0.000000 0.000000 0.000000 0.000000 0.000000 0.000000 1.000000 1.000000 0.500000 0.000000 0.000000 0 
187 0.000000 0.000000 0.000000 0.000000 0.000000 0.000000 0.000000 0.000000 0.000000 0.000000 0.000000 0.000000 0.000000 1.000000 1.000000 0.500000 0.000000 0.000000 0 
188 0.000000 0.000000 0.000000 0.000000 0.000000 0.000000 0.000000 0.000000 0.000000 0.000000 0.000000 0.000000 0.000000 1.000000 1.000000 0.500000 0.000000 0.000000 0 
189 0.000000 0.000000 0.000000 0.000000 0.000000 0.000000 0.000000 0.000000 0.000000 0.000000 0.000000 0.000000 0.000000 1.000000 1.000000 0.500000 0.000000 0.000000 0 
190 0.000000 0.000000 0.000000 0.000000 0.000000 0.000000 0.000000 0.000000 0.000000 0.000000 0.000000 0.000000 0.000000 1.000000 1.000000 0.500000 0.000000 0.000000 0 
191 0.000000 0.000000 0.000000 0.000000 0.000000 0.000000 0.000000 0.000000 0.000000 0.000000 0.000000 0.000000 0.000000 1.000000 1.000000 0.500000 0.000000 0.000000 0 
192 0.000000 0.000000 0.000000 0.000000 0.000000 0.000000 0.000000 0.000000 0.000000 0.000000 0.000000 0.000000 0.000000 1.000000 1.000000 0.500000 0.000000 0.000000 0 
193 0.000000 0.000000 0.000000 0.000000 0.000000 0.000000 0.000000 0.000000 0.000000 0.000000 0.000000 0.000000 0.000000 1.000000 1.000000 0.500000 0.000000 0.000000 0 
194 0.000000 0.000000 0.000000 0.000000 0.000000 0.000000 0.000000 0.000000 0.000000 0.000000 0.000000 0.000000 0.000000 1.000000 1.000000 0.500000 0.000000 0.000000 0 
195 0.000000 0.000000 0.000000 0.000000 0.000000 0.000000 0.000000 0.000000 0.000000 0.000000 0.000000 0.000000 0.000000 1.000000 1.000000 0.500000 0.000000 0.000000 0 
196 0.000000 0.000000 0.000000 0.000000 0.000000 0.000000 0.000000 0.000000 0.000000 0.000000 0.000000 0.000000 0.000000 1.000000 1.000000 0.500000 0.000000 0.000000 0 
197 0.000000 0.000000 0.000000 0.000000 0.000000 0.000000 0.000000 0.000000 0.000000 0.000000 0.000000 0.000000 0.000000 1.000000 1.000000 0.500000 0.000000 0.000000 0 
198 0.000000 0.000000 0.000000 0.000000 0.000000 0.000000 0.000000 0.000000 0.000000 0.000000 0.000000 0.000000 0.000000 1.000000 1.000000 0.500000 0.000000 0.000000 0 
199 0.000000 0.000000 0.000000 0.000000 0.000000 0.000000 0.000000 0.000000 0.000000 0.000000 0.000000 0.000000 0.000000 1.000000 1.000000 0.500000 0.000000 0.000000 0 
200 0.000000 0.000000 0.000000 0.000000 0.000000 0.000000 0.000000 0.000000 0.000000 0.000000 0.000000 0.000000 0.000000 1.000000 1.000000 0.500000 0.000000 0.000000 0 
201 0.000000 0.000000 0.000000 0.000000 0.000000 0.000000 0.000000 0.000000 0.000000 0.000000 0.000000 0.000000 0.000000 1.000000 1.000000 0.500000 0.000000 0.000000 0 
202 0.000000 0.000000 0.000000 0.000000 0.000000 0.000000 0.000000 0.000000 0.000000 0.000000 0.000000 0.000000 0.000000 1.000000 1.000000 0.500000 0.000000 0.000000 0 
203 0.000000 0.000000 0.000000 0.000000 0.000000 0.000000 0.000000 0.000000 0.000000 0.000000 0.000000 0.000000 0.000000 1.000000 1.000000 0.500000 0.000000 0.000000 0 
204 0.000000 0.000000 0.000000 0.000000 0.000000 0.000000 0.000000 0.000000 0.000000 0.000000 0.000000 0.000000 0.000000 1.000000 1.000000 0.500000 0.000000 0.000000 0 
205 0.000000 0.000000 0.000000 0.000000 0.000000 0.000000 0.000000 0.000000 0.000000 0.000000 0.000000 0.000000 0.000000 1.000000 1.000000 0.500000 0.000000 0.000000 0 
206 0.000000 0.000000 0.000000 0.000000 0.000000 0.000000 0.000000 0.000000 0.000000 0.000000 0.000000 0.000000 0.000000 1.000000 1.000000 0.500000 0.000000 0.000000 0 
207 0.000000 0.000000 0.000000 0.000000 0.000000 0.000000 0.000000 0.000000 0.000000 0.000000 0.000000 0.000000 0.000000 1.000000 1.000000 0.500000 0.000000 0.000000 0 
208 0.000000 0.000000 0.000000 0.000000 0.000000 0.000000 0.000000 0.000000 0.000000 0.000000 0.000000 0.000000 0.000000 1.000000 1.000000 0.500000 0.000000 0.000000 0 
209 0.000000 0.000000 0.000000 0.000000 0.000000 0.000000 0.000000 0.000000 0.000000 0.000000 0.000000 0.000000 0.000000 1.000000 1.000000 0.500000 0.000000 0.000000 0 
210 0.000000 0.000000 0.000000 0.000000 0.000000 0.000000 0.000000 0.000000 0.000000 0.000000 0.000000 0.000000 0.000000 1.000000 1.000000 0.500000 0.000000 0.000000 0 
211 0.000000 0.000000 0.000000 0.000000 0.000000 0.000000 0.000000 0.000000 0.000000 0.000000 0.000000 0.000000 0.000000 1.000000 1.000000 0.500000 0.000000 0.000000 0 
212 0.000000 0.000000 0.000000 0.000000 0.000000 0.000000 0.000000 0.000000 0.000000 0.000000 0.000000 0.000000 0.000000 1.000000 1.000000 0.500000 0.000000 0.000000 0 
213 0.000000 0.000000 0.000000 0.000000 0.000000 0.000000 0.000000 0.000000 0.000000 0.000000 0.000000 0.000000 0.000000 1.000000 1.000000 0.500000 0.000000 0.000000 0 
214 0.000000 0.000000 0.000000 0.000000 0.000000 0.000000 0.000000 0.000000 0.000000 0.000000 0.000000 0.000000 0.000000 1.000000 1.000000 0.500000 0.000000 0.000000 0 
215 0.000000 0.000000 0.000000 0.000000 0.000000 0.000000 0.000000 0.000000 0.000000 0.000000 0.000000 0.000000 0.000000 1.000000 1.000000 0.500000 0.000000 0.000000 0 
216 0.000000 0.000000 0.000000 0.000000 0.000000 0.000000 0.000000 0.000000 0.000000 0.000000 0.000000 0.000000 0.000000 1.000000 1.000000 0.500000 0.000000 0.000000 0 
217 0.000000 0.000000 0.000000 0.000000 0.000000 0.000000 0.000000 0.000000 0.000000 0.000000 0.000000 0.000000 0.000000 1.000000 1.000000 0.500000 0.000000 0.000000 0 
218 0.000000 0.000000 0.000000 0.000000 0.000000 0.000000 0.000000 0.000000 0.000000 0.000000 0.000000 0.000000 0.000000 1.000000 1.000000 0.500000 0.000000 0.000000 0 
219 0.000000 0.000000 0.000000 0.000000 0.000000 0.000000 0.000000 0.000000 0.000000 0.000000 0.000000 0.000000 0.000000 1.000000 1.000000 0.500000 0.000000 0.000000 0 
220 0.000000 0.000000 0.000000 0.000000 0.000000 0.000000 0.000000 0.000000 0.000000 0.000000 0.000000 0.000000 0.000000 1.000000 1.000000 0.500000 0.000000 0.000000 0 
221 0.000000 0.000000 0.000000 0.000000 0.000000 0.000000 0.000000 0.000000 0.000000 0.000000 0.000000 0.000000 0.000000 1.000000 1.000000 0.500000 0.000000 0.000000 0 
222 0.000000 0.000000 0.000000 0.000000 0.000000 0.000000 0.000000 0.000000 0.000000 0.000000 0.000000 0.000000 0.000000 1.000000 1.000000 0.500000 0.000000 0.000000 0 
223 0.000000 0.000000 0.000000 0.000000 0.000000 0.000000 0.000000 0.000000 0.000000 0.000000 0.000000 0.000000 0.000000 1.000000 1.000000 0.500000 0.000000 0.000000 0 
224 0.000000 0.000000 0.000000 0.000000 0.000000 0.000000 0.000000 0.000000 0.000000 0.000000 0.000000 0.000000 0.000000 1.000000 1.000000 0.500000 0.000000 0.000000 0 
225 0.000000 0.000000 0.000000 0.000000 0.000000 0.000000 0.000000 0.000000 0.000000 0.000000 0.000000 0.000000 0.000000 1.000000 1.000000 0.500000 0.000000 0.000000 0 
226 0.000000 0.000000 0.000000 0.000000 0.000000 0.000000 0.000000 0.000000 0.000000 0.000000 0.000000 0.000000 0.000000 1.000000 1.000000 0.500000 0.000000 0.000000 0 
227 0.000000 0.000000 0.000000 0.000000 0.000000 0.000000 0.000000 0.000000 0.000000 0.000000 0.000000 0.000000 0.000000 1.000000 1.000000 0.500000 0.000000 0.000000 0 
228 0.000000 0.000000 0.000000 0.000000 0.000000 0.000000 0.000000 0.000000 0.000000 0.000000 0.000000 0.000000 0.000000 1.000000 1.000000 0.500000 0.000000 0.000000 0 
229 0.000000 0.000000 0.000000 0.000000 0.000000 0.000000 0.000000 0.000000 0.000000 0.000000 0.000000 0.000000 0.000000 1.000000 1.000000 0.500000 0.000000 0.000000 0 
230 0.000000 0.000000 0.000000 0.000000 0.000000 0.000000 0.000000 0.000000 0.000000 0.000000 0.000000 0.000000 0.000000 1.000000 1.000000 0.500000 0.000000 0.000000 0 
231 0.000000 0.000000 0.000000 0.000000 0.000000 0.000000 0.000000 0.000000 0.000000 0.000000 0.000000 0.000000 0.000000 1.000000 1.000000 0.500000 0.000000 0.000000 0 
232 0.000000 0.000000 0.000000 0.000000 0.000000 0.000000 0.000000 0.000000 0.000000 0.000000 0.000000 0.000000 0.000000 1.000000 1.000000 0.500000 0.000000 0.000000 0 
233 0.000000 0.000000 0.000000 0.000000 0.000000 0.000000 0.000000 0.000000 0.000000 0.000000 0.000000 0.000000 0.000000 1.000000 1.000000 0.500000 0.000000 0.000000 0 
234 0.000000 0.000000 0.000000 0.000000 0.000000 0.000000 0.000000 0.000000 0.000000 0.000000 0.000000 0.000000 0.000000 1.000000 1.000000 0.500000 0.000000 0.000000 0 
235 0.000000 0.000000 0.000000 0.000000 0.000000 0.000000 0.000000 0.000000 0.000000 0.000000 0.000000 0.000000 0.000000 1.000000 1.000000 0.500000 0.000000 0.000000 0 
236 0.000000 0.000000 0.000000 0.000000 0.000000 0.000000 0.000000 0.000000 0.000000 0.000000 0.000000 0.000000 0.000000 1.000000 1.000000 0.500000 0.000000 0.000000 0 
237 0.000000 0.000000 0.000000 0.000000 0.000000 0.000000 0.000000 0.000000 0.000000 0.000000 0.000000 0.000000 0.000000 1.000000 1.000000 0.500000 0.000000 0.000000 0 
238 0.000000 0.000000 0.000000 0.000000 0.000000 0.000000 0.000000 0.000000 0.000000 0.000000 0.000000 0.000000 0.000000 1.000000 1.000000 0.500000 0.000000 0.000000 0 
239 0.000000 0.000000 0.000000 0.000000 0.000000 0.000000 0.000000 0.000000 0.000000 0.000000 0.000000 0.000000 0.000000 1.000000 1.000000 0.500000 0.000000 0.000000 0 
240 0.000000 0.000000 0.000000 0.000000 0.000000 0.000000 0.000000 0.000000 0.000000 0.000000 0.000000 0.000000 0.000000 1.000000 1.000000 0.500000 0.000000 0.000000 0 
241 0.000000 0.000000 0.000000 0.000000 0.000000 0.000000 0.000000 0.000000 0.000000 0.000000 0.000000 0.000000 0.000000 1.000000 1.000000 0.500000 0.000000 0.000000 0 
242 0.000000 0.000000 0.000000 0.000000 0.000000 0.000000 0.000000 0.000000 0.000000 0.000000 0.000000 0.000000 0.000000 1.000000 1.000000 0.500000 0.000000 0.000000 0 
243 0.000000 0.000000 0.000000 0.000000 0.000000 0.000000 0.000000 0.000000 0.000000 0.000000 0.000000 0.000000 0.000000 1.000000 1.000000 0.500000 0.000000 0.000000 0 
244 0.000000 0.000000 0.000000 0.000000 0.000000 0.000000 0.000000 0.000000 0.000000 0.000000 0.000000 0.000000 0.000000 1.000000 1.000000 0.500000 0.000000 0.000000 0 
245 0.000000 0.000000 0.000000 0.000000 0.000000 0.000000 0.000000 0.000000 0.000000 0.000000 0.000000 0.000000 0.000000 1.000000 1.000000 0.500000 0.000000 0.000000 0 
246 0.000000 0.000000 0.000000 0.000000 0.000000 0.000000 0.000000 0.000000 0.000000 0.000000 0.000000 0.000000 0.000000 1.000000 1.000000 0.500000 0.000000 0.000000 0 
247 0.000000 0.000000 0.000000 0.000000 0.000000 0.000000 0.000000 0.000000 0.000000 0.000000 0.000000 0.000000 0.000000 1.000000 1.000000 0.500000 0.000000 0.000000 0 
248 0.000000 0.000000 0.000000 0.000000 0.000000 0.000000 0.000000 0.000000 0.000000 0.000000 0.000000 0.000000 0.000000 1.000000 1.000000 0.500000 0.000000 0.000000 0 
249 0.000000 0.000000 0.000000 0.000000 0.000000 0.000000 0.000000 0.000000 0.000000 0.000000 0.000000 0.000000 0.000000 1.000000 1.000000 0.500000 0.000000 0.000000 0 
250 0.000000 0.000000 0.000000 0.000000 0.000000 0.000000 0.000000 0.000000 0.000000 0.000000 0.000000 0.000000 0.000000 1.000000 1.000000 0.500000 0.000000 0.000000 0 
251 0.000000 0.000000 0.000000 0.000000 0.000000 0.000000 0.000000 0.000000 0.000000 0.000000 0.000000 0.000000 0.000000 1.000000 1.000000 0.500000 0.000000 0.000000 0 
252 0.000000 0.000000 0.000000 0.000000 0.000000 0.000000 0.000000 0.000000 0.000000 0.000000 0.000000 0.000000 0.000000 1.000000 1.000000 0.500000 0.000000 0.000000 0 
253 0.000000 0.000000 0.000000 0.000000 0.000000 0.000000 0.000000 0.000000 0.000000 0.000000 0.000000 0.000000 0.000000 1.000000 1.000000 0.500000 0.000000 0.000000 0 
254 0.000000 0.000000 0.000000 0.000000 0.000000 0.000000 0.000000 0.000000 0.000000 0.000000 0.000000 0.000000 0.000000 1.000000 1.000000 0.500000 0.000000 0.000000 0 
255 0.000000 0.000000 0.000000 0.000000 0.000000 0.000000 0.000000 0.000000 0.000000 0.000000 0.000000 0.000000 0.000000 1.000000 1.000000 0.500000 0.000000 0.000000 0 
256 0.000000 0.000000 0.000000 0.000000 0.000000 0.000000 0.000000 0.000000 0.000000 0.000000 0.000000 0.000000 0.000000 1.000000 1.000000 0.500000 0.000000 0.000000 0 
257 0.000000 0.000000 0.000000 0.000000 0.000000 0.000000 0.000000 0.000000 0.000000 0.000000 0.000000 0.000000 0.000000 1.000000 1.000000 0.500000 0.000000 0.000000 0 
258 0.000000 0.000000 0.000000 0.000000 0.000000 0.000000 0.000000 0.000000 0.000000 0.000000 0.000000 0.000000 0.000000 1.000000 1.000000 0.500000 0.000000 0.000000 0 
259 0.000000 0.000000 0.000000 0.000000 0.000000 0.000000 0.000000 0.000000 0.000000 0.000000 0.000000 0.000000 0.000000 1.000000 1.000000 0.500000 0.000000 0.000000 0 
260 0.000000 0.000000 0.000000 0.000000 0.000000 0.000000 0.000000 0.000000 0.000000 0.000000 0.000000 0.000000 0.000000 1.000000 1.000000 0.500000 0.000000 0.000000 0 
261 0.000000 0.000000 0.000000 0.000000 0.000000 0.000000 0.000000 0.000000 0.000000 0.000000 0.000000 0.000000 0.000000 1.000000 1.000000 0.500000 0.000000 0.000000 0 
262 0.000000 0.000000 0.000000 0.000000 0.000000 0.000000 0.000000 0.000000 0.000000 0.000000 0.000000 0.000000 0.000000 1.000000 1.000000 0.500000 0.000000 0.000000 0 
263 0.000000 0.000000 0.000000 0.000000 0.000000 0.000000 0.000000 0.000000 0.000000 0.000000 0.000000 0.000000 0.000000 1.000000 1.000000 0.500000 0.000000 0.000000 0 
264 0.000000 0.000000 0.000000 0.000000 0.000000 0.000000 0.000000 0.000000 0.000000 0.000000 0.000000 0.000000 0.000000 1.000000 1.000000 0.500000 0.000000 0.000000 0 
265 0.000000 0.000000 0.000000 0.000000 0.000000 0.000000 0.000000 0.000000 0.000000 0.000000 0.000000 0.000000 0.000000 1.000000 1.000000 0.500000 0.000000 0.000000 0 
266 0.000000 0.000000 0.000000 0.000000 0.000000 0.000000 0.000000 0.000000 0.000000 0.000000 0.000000 0.000000 0.000000 1.000000 1.000000 0.500000 0.000000 0.000000 0 
267 0.000000 0.000000 0.000000 0.000000 0.000000 0.000000 0.000000 0.000000 0.000000 0.000000 0.000000 0.000000 0.000000 1.000000 1.000000 0.500000 0.000000 0.000000 0 
268 0.000000 0.000000 0.000000 0.000000 0.000000 0.000000 0.000000 0.000000 0.000000 0.000000 0.000000 0.000000 0.000000 1.000000 1.000000 0.500000 0.000000 0.000000 0 
269 0.000000 0.000000 0.000000 0.000000 0.000000 0.000000 0.000000 0.000000 0.000000 0.000000 0.000000 0.000000 0.000000 1.000000 1.000000 0.500000 0.000000 0.000000 0 
270 0.000000 0.000000 0.000000 0.000000 0.000000 0.000000 0.000000 0.000000 0.000000 0.000000 0.000000 0.000000 0.000000 1.000000 1.000000 0.500000 0.000000 0.000000 0 
271 0.000000 0.000000 0.000000 0.000000 0.000000 0.000000 0.000000 0.000000 0.000000 0.000000 0.000000 0.000000 0.000000 1.000000 1.000000 0.500000 0.000000 0.000000 0 
272 0.000000 0.000000 0.000000 0.000000 0.000000 0.000000 0.000000 0.000000 0.000000 0.000000 0.000000 0.000000 0.000000 1.000000 1.000000 0.500000 0.000000 0.000000 0 
273 0.000000 0.000000 0.000000 0.000000 0.000000 0.000000 0.000000 0.000000 0.000000 0.000000 0.000000 0.000000 0.000000 1.000000 1.000000 0.500000 0.000000 0.000000 0 
274 0.000000 0.000000 0.000000 0.000000 0.000000 0.000000 0.000000 0.000000 0.000000 0.000000 0.000000 0.000000 0.000000 1.000000 1.000000 0.500000 0.000000 0.000000 0 
275 0.000000 0.000000 0.000000 0.000000 0.000000 0.000000 0.000000 0.000000 0.000000 0.000000 0.000000 0.000000 0.000000 1.000000 1.000000 0.500000 0.000000 0.000000 0 
276 0.000000 0.000000 0.000000 0.000000 0.000000 0.000000 0.000000 0.000000 0.000000 0.000000 0.000000 0.000000 0.000000 1.000000 1.000000 0.500000 0.000000 0.000000 0 
277 0.000000 0.000000 0.000000 0.000000 0.000000 0.000000 0.000000 0.000000 0.000000 0.000000 0.000000 0.000000 0.000000 1.000000 1.000000 0.500000 0.000000 0.000000 0 
278 0.000000 0.000000 0.000000 0.000000 0.000000 0.000000 0.000000 0.000000 0.000000 0.000000 0.000000 0.000000 0.000000 1.000000 1.000000 0.500000 0.000000 0.000000 0 
279 0.000000 0.000000 0.000000 0.000000 0.000000 0.000000 0.000000 0.000000 0.000000 0.000000 0.000000 0.000000 0.000000 1.000000 1.000000 0.500000 0.000000 0.000000 0 
280 0.000000 0.000000 0.000000 0.000000 0.000000 0.000000 0.000000 0.000000 0.000000 0.000000 0.000000 0.000000 0.000000 1.000000 1.000000 0.500000 0.000000 0.000000 0 
281 0.000000 0.000000 0.000000 0.000000 0.000000 0.000000 0.000000 0.000000 0.000000 0.000000 0.000000 0.000000 0.000000 1.000000 1.000000 0.500000 0.000000 0.000000 0 
282 0.000000 0.000000 0.000000 0.000000 0.000000 0.000000 0.000000 0.000000 0.000000 0.000000 0.000000 0.000000 0.000000 1.000000 1.000000 0.500000 0.000000 0.000000 0 
283 0.000000 0.000000 0.000000 0.000000 0.000000 0.000000 0.000000 0.000000 0.000000 0.000000 0.000000 0.000000 0.000000 1.000000 1.000000 0.500000 0.000000 0.000000 0 
284 0.000000 0.000000 0.000000 0.000000 0.000000 0.000000 0.000000 0.000000 0.000000 0.000000 0.000000 0.000000 0.000000 1.000000 1.000000 0.500000 0.000000 0.000000 0 
285 0.000000 0.000000 0.000000 0.000000 0.000000 0.000000 0.000000 0.000000 0.000000 0.000000 0.000000 0.000000 0.000000 1.000000 1.000000 0.500000 0.000000 0.000000 0 
286 0.000000 0.000000 0.000000 0.000000 0.000000 0.000000 0.000000 0.000000 0.000000 0.000000 0.000000 0.000000 0.000000 1.000000 1.000000 0.500000 0.000000 0.000000 0 
287 0.000000 0.000000 0.000000 0.000000 0.000000 0.000000 0.000000 0.000000 0.000000 0.000000 0.000000 0.000000 0.000000 1.000000 1.000000 0.500000 0.000000 0.000000 0 
288 0.000000 0.000000 0.000000 0.000000 0.000000 0.000000 0.000000 0.000000 0.000000 0.000000 0.000000 0.000000 0.000000 1.000000 1.000000 0.500000 0.000000 0.000000 0 
289 0.000000 0.000000 0.000000 0.000000 0.000000 0.000000 0.000000 0.000000 0.000000 0.000000 0.000000 0.000000 0.000000 1.000000 1.000000 0.500000 0.000000 0.000000 0 
290 0.000000 0.000000 0.000000 0.000000 0.000000 0.000000 0.000000 0.000000 0.000000 0.000000 0.000000 0.000000 0.000000 1.000000 1.000000 0.500000 0.000000 0.000000 0 
291 0.000000 0.000000 0.000000 0.000000 0.000000 0.000000 0.000000 0.000000 0.000000 0.000000 0.000000 0.000000 0.000000 1.000000 1.000000 0.500000 0.000000 0.000000 0 
292 0.000000 0.000000 0.000000 0.000000 0.000000 0.000000 0.000000 0.000000 0.000000 0.000000 0.000000 0.000000 0.000000 1.000000 1.000000 0.500000 0.000000 0.000000 0 
293 0.000000 0.000000 0.000000 0.000000 0.000000 0.000000 0.000000 0.000000 0.000000 0.000000 0.000000 0.000000 0.000000 1.000000 1.000000 0.500000 0.000000 0.000000 0 
294 0.000000 0.000000 0.000000 0.000000 0.000000 0.000000 0.000000 0.000000 0.000000 0.000000 0.000000 0.000000 0.000000 1.000000 1.000000 0.500000 0.000000 0.000000 0 
295 0.000000 0.000000 0.000000 0.000000 0.000000 0.000000 0.000000 0.000000 0.000000 0.000000 0.000000 0.000000 0.000000 1.000000 1.000000 0.500000 0.000000 0.000000 0 
296 0.000000 0.000000 0.000000 0.000000 0.000000 0.000000 0.000000 0.000000 0.000000 0.000000 0.000000 0.000000 0.000000 1.000000 1.000000 0.500000 0.000000 0.000000 0 
297 0.000000 0.000000 0.000000 0.000000 0.000000 0.000000 0.000000 0.000000 0.000000 0.000000 0.000000 0.000000 0.000000 1.000000 1.000000 0.500000 0.000000 0.000000 0 
298 0.000000 0.000000 0.000000 0.000000 0.000000 0.000000 0.000000 0.000000 0.000000 0.000000 0.000000 0.000000 0.000000 1.000000 1.000000 0.500000 0.000000 0.000000 0 
299 0.000000 0.000000 0.000000 0.000000 0.000000 0.000000 0.000000 0.000000 0.000000 0.000000 0.000000 0.000000 0.000000 1.000000 1.000000 0.500000 0.000000 0.000000 0 
300 0.000000 0.000000 0.000000 0.000000 0.000000 0.000000 0.000000 0.000000 0.000000 0.000000 0.000000 0.000000 0.000000 1.000000 1.000000 0.500000 0.000000 0.000000 0 
301 0.000000 0.000000 0.000000 0.000000 0.000000 0.000000 0.000000 0.000000 0.000000 0.000000 0.000000 0.000000 0.000000 1.000000 1.000000 0.500000 0.000000 0.000000 0 
302 0.000000 0.000000 0.000000 0.000000 0.000000 0.000000 0.000000 0.000000 0.000000 0.000000 0.000000 0.000000 0.000000 1.000000 1.000000 0.500000 0.000000 0.000000 0 
303 0.000000 0.000000 0.000000 0.000000 0.000000 0.000000 0.000000 0.000000 0.000000 0.000000 0.000000 0.000000 0.000000 1.000000 1.000000 0.500000 0.000000 0.000000 0 
304 0.000000 0.000000 0.000000 0.000000 0.000000 0.000000 0.000000 0.000000 0.000000 0.000000 0.000000 0.000000 0.000000 1.000000 1.000000 0.500000 0.000000 0.000000 0 
305 0.000000 0.000000 0.000000 0.000000 0.000000 0.000000 0.000000 0.000000 0.000000 0.000000 0.000000 0.000000 0.000000 1.000000 1.000000 0.500000 0.000000 0.000000 0 
306 0.000000 0.000000 0.000000 0.000000 0.000000 0.000000 0.000000 0.000000 0.000000 0.000000 0.000000 0.000000 0.000000 1.000000 1.000000 0.500000 0.000000 0.000000 0 
307 0.000000 0.000000 0.000000 0.000000 0.000000 0.000000 0.000000 0.000000 0.000000 0.000000 0.000000 0.000000 0.000000 1.000000 1.000000 0.500000 0.000000 0.000000 0 
308 0.000000 0.000000 0.000000 0.000000 0.000000 0.000000 0.000000 0.000000 0.000000 0.000000 0.000000 0.000000 0.000000 1.000000 1.000000 0.500000 0.000000 0.000000 0 
309 0.000000 0.000000 0.000000 0.000000 0.000000 0.000000 0.000000 0.000000 0.000000 0.000000 0.000000 0.000000 0.000000 1.000000 1.000000 0.500000 0.000000 0.000000 0 
310 0.000000 0.000000 0.000000 0.000000 0.000000 0.000000 0.000000 0.000000 0.000000 0.000000 0.000000 0.000000 0.000000 1.000000 1.000000 0.500000 0.000000 0.000000 0 
311 0.000000 0.000000 0.000000 0.000000 0.000000 0.000000 0.000000 0.000000 0.000000 0.000000 0.000000 0.000000 0.000000 1.000000 1.000000 0.500000 0.000000 0.000000 0 
312 0.000000 0.000000 0.000000 0.000000 0.000000 0.000000 0.000000 0.000000 0.000000 0.000000 0.000000 0.000000 0.000000 1.000000 1.000000 0.500000 0.000000 0.000000 0 
313 0.000000 0.000000 0.000000 0.000000 0.000000 0.000000 0.000000 0.000000 0.000000 0.000000 0.000000 0.000000 0.000000 1.000000 1.000000 0.500000 0.000000 0.000000 0 
314 0.000000 0.000000 0.000000 0.000000 0.000000 0.000000 0.000000 0.000000 0.000000 0.000000 0.000000 0.000000 0.000000 1.000000 1.000000 0.500000 0.000000 0.000000 0 
315 0.000000 0.000000 0.000000 0.000000 0.000000 0.000000 0.000000 0.000000 0.000000 0.000000 0.000000 0.000000 0.000000 1.000000 1.000000 0.500000 0.000000 0.000000 0 
316 0.000000 0.000000 0.000000 0.000000 0.000000 0.000000 0.000000 0.000000 0.000000 0.000000 0.000000 0.000000 0.000000 1.000000 1.000000 0.500000 0.000000 0.000000 0 
317 0.000000 0.000000 0.000000 0.000000 0.000000 0.000000 0.000000 0.000000 0.000000 0.000000 0.000000 0.000000 0.000000 1.000000 1.000000 0.500000 0.000000 0.000000 0 
318 0.000000 0.000000 0.000000 0.000000 0.000000 0.000000 0.000000 0.000000 0.000000 0.000000 0.000000 0.000000 0.000000 1.000000 1.000000 0.500000 0.000000 0.000000 0 
319 0.000000 0.000000 0.000000 0.000000 0.000000 0.000000 0.000000 0.000000 0.000000 0.000000 0.000000 0.000000 0.000000 1.000000 1.000000 0.500000 0.000000 0.000000 0 
320 0.000000 0.000000 0.000000 0.000000 0.000000 0.000000 0.000000 0.000000 0.000000 0.000000 0.000000 0.000000 0.000000 1.000000 1.000000 0.500000 0.000000 0.000000 0 
321 0.000000 0.000000 0.000000 0.000000 0.000000 0.000000 0.000000 0.000000 0.000000 0.000000 0.000000 0.000000 0.000000 1.000000 1.000000 0.500000 0.000000 0.000000 0 
322 0.000000 0.000000 0.000000 0.000000 0.000000 0.000000 0.000000 0.000000 0.000000 0.000000 0.000000 0.000000 0.000000 1.000000 1.000000 0.500000 0.000000 0.000000 0 
323 0.000000 0.000000 0.000000 0.000000 0.000000 0.000000 0.000000 0.000000 0.000000 0.000000 0.000000 0.000000 0.000000 1.000000 1.000000 0.500000 0.000000 0.000000 0 
324 0.000000 0.000000 0.000000 0.000000 0.000000 0.000000 0.000000 0.000000 0.000000 0.000000 0.000000 0.000000 0.000000 1.000000 1.000000 0.500000 0.000000 0.000000 0 
325 0.000000 0.000000 0.000000 0.000000 0.000000 0.000000 0.000000 0.000000 0.000000 0.000000 0.000000 0.000000 0.000000 1.000000 1.000000 0.500000 0.000000 0.000000 0 
326 0.000000 0.000000 0.000000 0.000000 0.000000 0.000000 0.000000 0.000000 0.000000 0.000000 0.000000 0.000000 0.000000 1.000000 1.000000 0.500000 0.000000 0.000000 0 
327 0.000000 0.000000 0.000000 0.000000 0.000000 0.000000 0.000000 0.000000 0.000000 0.000000 0.000000 0.000000 0.000000 1.000000 1.000000 0.500000 0.000000 0.000000 0 
328 0.000000 0.000000 0.000000 0.000000 0.000000 0.000000 0.000000 0.000000 0.000000 0.000000 0.000000 0.000000 0.000000 1.000000 1.000000 0.500000 0.000000 0.000000 0 
329 0.000000 0.000000 0.000000 0.000000 0.000000 0.000000 0.000000 0.000000 0.000000 0.000000 0.000000 0.000000 0.000000 1.000000 1.000000 0.500000 0.000000 0.000000 0 
330 0.000000 0.000000 0.000000 0.000000 0.000000 0.000000 0.000000 0.000000 0.000000 0.000000 0.000000 0.000000 0.000000 1.000000 1.000000 0.500000 0.000000 0.000000 0 
331 0.000000 0.000000 0.000000 0.000000 0.000000 0.000000 0.000000 0.000000 0.000000 0.000000 0.000000 0.000000 0.000000 1.000000 1.000000 0.500000 0.000000 0.000000 0 
332 0.000000 0.000000 0.000000 0.000000 0.000000 0.000000 0.000000 0.000000 0.000000 0.000000 0.000000 0.000000 0.000000 1.000000 1.000000 0.500000 0.000000 0.000000 0 
333 0.000000 0.000000 0.000000 0.000000 0.000000 0.000000 0.000000 0.000000 0.000000 0.000000 0.000000 0.000000 0.000000 1.000000 1.000000 0.500000 0.000000 0.000000 0 
334 0.000000 0.000000 0.000000 0.000000 0.000000 0.000000 0.000000 0.000000 0.000000 0.000000 0.000000 0.000000 0.000000 1.000000 1.000000 0.500000 0.000000 0.000000 0 
335 0.000000 0.000000 0.000000 0.000000 0.000000 0.000000 0.000000 0.000000 0.000000 0.000000 0.000000 0.000000 0.000000 1.000000 1.000000 0.500000 0.000000 0.000000 0 
336 0.000000 0.000000 0.000000 0.000000 0.000000 0.000000 0.000000 0.000000 0.000000 0.000000 0.000000 0.000000 0.000000 1.000000 1.000000 0.500000 0.000000 0.000000 0 
337 0.000000 0.000000 0.000000 0.000000 0.000000 0.000000 0.000000 0.000000 0.000000 0.000000 0.000000 0.000000 0.000000 1.000000 1.000000 0.500000 0.000000 0.000000 0 
338 0.000000 0.000000 0.000000 0.000000 0.000000 0.000000 0.000000 0.000000 0.000000 0.000000 0.000000 0.000000 0.000000 1.000000 1.000000 0.500000 0.000000 0.000000 0 
339 0.000000 0.000000 0.000000 0.000000 0.000000 0.000000 0.000000 0.000000 0.000000 0.000000 0.000000 0.000000 0.000000 1.000000 1.000000 0.500000 0.000000 0.000000 0 
340 0.000000 0.000000 0.000000 0.000000 0.000000 0.000000 0.000000 0.000000 0.000000 0.000000 0.000000 0.000000 0.000000 1.000000 1.000000 0.500000 0.000000 0.000000 0 
341 0.000000 0.000000 0.000000 0.000000 0.000000 0.000000 0.000000 0.000000 0.000000 0.000000 0.000000 0.000000 0.000000 1.000000 1.000000 0.500000 0.000000 0.000000 0 
342 0.000000 0.000000 0.000000 0.000000 0.000000 0.000000 0.000000 0.000000 0.000000 0.000000 0.000000 0.000000 0.000000 1.000000 1.000000 0.500000 0.000000 0.000000 0 
343 0.000000 0.000000 0.000000 0.000000 0.000000 0.000000 0.000000 0.000000 0.000000 0.000000 0.000000 0.000000 0.000000 1.000000 1.000000 0.500000 0.000000 0.000000 0 
344 0.000000 0.000000 0.000000 0.000000 0.000000 0.000000 0.000000 0.000000 0.000000 0.000000 0.000000 0.000000 0.000000 1.000000 1.000000 0.500000 0.000000 0.000000 0 
345 0.000000 0.000000 0.000000 0.000000 0.000000 0.000000 0.000000 0.000000 0.000000 0.000000 0.000000 0.000000 0.000000 1.000000 1.000000 0.500000 0.000000 0.000000 0 
346 0.000000 0.000000 0.000000 0.000000 0.000000 0.000000 0.000000 0.000000 0.000000 0.000000 0.000000 0.000000 0.000000 1.000000 1.000000 0.500000 0.000000 0.000000 0 
347 0.000000 0.000000 0.000000 0.000000 0.000000 0.000000 0.000000 0.000000 0.000000 0.000000 0.000000 0.000000 0.000000 1.000000 1.000000 0.500000 0.000000 0.000000 0 
348 0.000000 0.000000 0.000000 0.000000 0.000000 0.000000 0.000000 0.000000 0.000000 0.000000 0.000000 0.000000 0.000000 1.000000 1.000000 0.500000 0.000000 0.000000 0 
349 0.000000 0.000000 0.000000 0.000000 0.000000 0.000000 0.000000 0.000000 0.000000 0.000000 0.000000 0.000000 0.000000 1.000000 1.000000 0.500000 0.000000 0.000000 0 
350 0.000000 0.000000 0.000000 0.000000 0.000000 0.000000 0.000000 0.000000 0.000000 0.000000 0.000000 0.000000 0.000000 1.000000 1.000000 0.500000 0.000000 0.000000 0 
351 0.000000 0.000000 0.000000 0.000000 0.000000 0.000000 0.000000 0.000000 0.000000 0.000000 0.000000 0.000000 0.000000 1.000000 1.000000 0.500000 0.000000 0.000000 0 
352 0.000000 0.000000 0.000000 0.000000 0.000000 0.000000 0.000000 0.000000 0.000000 0.000000 0.000000 0.000000 0.000000 1.000000 1.000000 0.500000 0.000000 0.000000 0 
353 0.000000 0.000000 0.000000 0.000000 0.000000 0.000000 0.000000 0.000000 0.000000 0.000000 0.000000 0.000000 0.000000 1.000000 1.000000 0.500000 0.000000 0.000000 0 
354 0.000000 0.000000 0.000000 0.000000 0.000000 0.000000 0.000000 0.000000 0.000000 0.000000 0.000000 0.000000 0.000000 1.000000 1.000000 0.500000 0.000000 0.000000 0 
355 0.000000 0.000000 0.000000 0.000000 0.000000 0.000000 0.000000 0.000000 0.000000 0.000000 0.000000 0.000000 0.000000 1.000000 1.000000 0.500000 0.000000 0.000000 0 
356 0.000000 0.000000 0.000000 0.000000 0.000000 0.000000 0.000000 0.000000 0.000000 0.000000 0.000000 0.000000 0.000000 1.000000 1.000000 0.500000 0.000000 0.000000 0 
357 0.000000 0.000000 0.000000 0.000000 0.000000 0.000000 0.000000 0.000000 0.000000 0.000000 0.000000 0.000000 0.000000 1.000000 1.000000 0.500000 0.000000 0.000000 0 
358 0.000000 0.000000 0.000000 0.000000 0.000000 0.000000 0.000000 0.000000 0.000000 0.000000 0.000000 0.000000 0.000000 1.000000 1.000000 0.500000 0.000000 0.000000 0 
359 0.000000 0.000000 0.000000 0.000000 0.000000 0.000000 0.000000 0.000000 0.000000 0.000000 0.000000 0.000000 0.000000 1.000000 1.000000 0.500000 0.000000 0.000000 0 
360 0.000000 0.000000 0.000000 0.000000 0.000000 0.000000 0.000000 0.000000 0.000000 0.000000 0.000000 0.000000 0.000000 1.000000 1.000000 0.500000 0.000000 0.000000 0 
361 0.000000 0.000000 0.000000 0.000000 0.000000 0.000000 0.000000 0.000000 0.000000 0.000000 0.000000 0.000000 0.000000 1.000000 1.000000 0.500000 0.000000 0.000000 0 
362 0.000000 0.000000 0.000000 0.000000 0.000000 0.000000 0.000000 0.000000 0.000000 0.000000 0.000000 0.000000 0.000000 1.000000 1.000000 0.500000 0.000000 0.000000 0 
363 0.000000 0.000000 0.000000 0.000000 0.000000 0.000000 0.000000 0.000000 0.000000 0.000000 0.000000 0.000000 0.000000 1.000000 1.000000 0.500000 0.000000 0.000000 0 
364 0.000000 0.000000 0.000000 0.000000 0.000000 0.000000 0.000000 0.000000 0.000000 0.000000 0.000000 0.000000 0.000000 1.000000 1.000000 0.500000 0.000000 0.000000 0 
365 0.000000 0.000000 0.000000 0.000000 0.000000 0.000000 0.000000 0.000000 0.000000 0.000000 0.000000 0.000000 0.000000 1.000000 1.000000 0.500000 0.000000 0.000000 0 
366 0.000000 0.000000 0.000000 0.000000 0.000000 0.000000 0.000000 0.000000 0.000000 0.000000 0.000000 0.000000 0.000000 1.000000 1.000000 0.500000 0.000000 0.000000 0 
367 0.000000 0.000000 0.000000 0.000000 0.000000 0.000000 0.000000 0.000000 0.000000 0.000000 0.000000 0.000000 0.000000 1.000000 1.000000 0.500000 0.000000 0.000000 0 
368 0.000000 0.000000 0.000000 0.000000 0.000000 0.000000 0.000000 0.000000 0.000000 0.000000 0.000000 0.000000 0.000000 1.000000 1.000000 0.500000 0.000000 0.000000 0 
369 0.000000 0.000000 0.000000 0.000000 0.000000 0.000000 0.000000 0.000000 0.000000 0.000000 0.000000 0.000000 0.000000 1.000000 1.000000 0.500000 0.000000 0.000000 0 
370 0.000000 0.000000 0.000000 0.000000 0.000000 0.000000 0.000000 0.000000 0.000000 0.000000 0.000000 0.000000 0.000000 1.000000 1.000000 0.500000 0.000000 0.000000 0 
371 0.000000 0.000000 0.000000 0.000000 0.000000 0.000000 0.000000 0.000000 0.000000 0.000000 0.000000 0.000000 0.000000 1.000000 1.000000 0.500000 0.000000 0.000000 0 
372 0.000000 0.000000 0.000000 0.000000 0.000000 0.000000 0.000000 0.000000 0.000000 0.000000 0.000000 0.000000 0.000000 1.000000 1.000000 0.500000 0.000000 0.000000 0 
373 0.000000 0.000000 0.000000 0.000000 0.000000 0.000000 0.000000 0.000000 0.000000 0.000000 0.000000 0.000000 0.000000 1.000000 1.000000 0.500000 0.000000 0.000000 0 
374 0.000000 0.000000 0.000000 0.000000 0.000000 0.000000 0.000000 0.000000 0.000000 0.000000 0.000000 0.000000 0.000000 1.000000 1.000000 0.500000 0.000000 0.000000 0 
375 0.000000 0.000000 0.000000 0.000000 0.000000 0.000000 0.000000 0.000000 0.000000 0.000000 0.000000 0.000000 0.000000 1.000000 1.000000 0.500000 0.000000 0.000000 0 
376 0.000000 0.000000 0.000000 0.000000 0.000000 0.000000 0.000000 0.000000 0.000000 0.000000 0.000000 0.000000 0.000000 1.000000 1.000000 0.500000 0.000000 0.000000 0 
377 0.000000 0.000000 0.000000 0.000000 0.000000 0.000000 0.000000 0.000000 0.000000 0.000000 0.000000 0.000000 0.000000 1.000000 1.000000 0.500000 0.000000 0.000000 0 
378 0.000000 0.000000 0.000000 0.000000 0.000000 0.000000 0.000000 0.000000 0.000000 0.000000 0.000000 0.000000 0.000000 1.000000 1.000000 0.500000 0.000000 0.000000 0 
379 0.000000 0.000000 0.000000 0.000000 0.000000 0.000000 0.000000 0.000000 0.000000 0.000000 0.000000 0.000000 0.000000 1.000000 1.000000 0.500000 0.000000 0.000000 0 
380 0.000000 0.000000 0.000000 0.000000 0.000000 0.000000 0.000000 0.000000 0.000000 0.000000 0.000000 0.000000 0.000000 1.000000 1.000000 0.500000 0.000000 0.000000 0 
381 0.000000 0.000000 0.000000 0.000000 0.000000 0.000000 0.000000 0.000000 0.000000 0.000000 0.000000 0.000000 0.000000 1.000000 1.000000 0.500000 0.000000 0.000000 0 
382 0.000000 0.000000 0.000000 0.000000 0.000000 0.000000 0.000000 0.000000 0.000000 0.000000 0.000000 0.000000 0.000000 1.000000 1.000000 0.500000 0.000000 0.000000 0 
383 0.000000 0.000000 0.000000 0.000000 0.000000 0.000000 0.000000 0.000000 0.000000 0.000000 0.000000 0.000000 0.000000 1.000000 1.000000 0.500000 0.000000 0.000000 0 
384 0.000000 0.000000 0.000000 0.000000 0.000000 0.000000 0.000000 0.000000 0.000000 0.000000 0.000000 0.000000 0.000000 1.000000 1.000000 0.500000 0.000000 0.000000 0 
385 0.000000 0.000000 0.000000 0.000000 0.000000 0.000000 0.000000 0.000000 0.000000 0.000000 0.000000 0.000000 0.000000 1.000000 1.000000 0.500000 0.000000 0.000000 0 
386 0.000000 0.000000 0.000000 0.000000 0.000000 0.000000 0.000000 0.000000 0.000000 0.000000 0.000000 0.000000 0.000000 1.000000 1.000000 0.500000 0.000000 0.000000 0 
387 0.000000 0.000000 0.000000 0.000000 0.000000 0.000000 0.000000 0.000000 0.000000 0.000000 0.000000 0.000000 0.000000 1.000000 1.000000 0.500000 0.000000 0.000000 0 
388 0.000000 0.000000 0.000000 0.000000 0.000000 0.000000 0.000000 0.000000 0.000000 0.000000 0.000000 0.000000 0.000000 1.000000 1.000000 0.500000 0.000000 0.000000 0 
389 0.000000 0.000000 0.000000 0.000000 0.000000 0.000000 0.000000 0.000000 0.000000 0.000000 0.000000 0.000000 0.000000 1.000000 1.000000 0.500000 0.000000 0.000000 0 
390 0.000000 0.000000 0.000000 0.000000 0.000000 0.000000 0.000000 0.000000 0.000000 0.000000 0.000000 0.000000 0.000000 1.000000 1.000000 0.500000 0.000000 0.000000 0 
391 0.000000 0.000000 0.000000 0.000000 0.000000 0.000000 0.000000 0.000000 0.000000 0.000000 0.000000 0.000000 0.000000 1.000000 1.000000 0.500000 0.000000 0.000000 0 
392 0.000000 0.000000 0.000000 0.000000 0.000000 0.000000 0.000000 0.000000 0.000000 0.000000 0.000000 0.000000 0.000000 1.000000 1.000000 0.500000 0.000000 0.000000 0 
393 0.000000 0.000000 0.000000 0.000000 0.000000 0.000000 0.000000 0.000000 0.000000 0.000000 0.000000 0.000000 0.000000 1.000000 1.000000 0.500000 0.000000 0.000000 0 
394 0.000000 0.000000 0.000000 0.000000 0.000000 0.000000 0.000000 0.000000 0.000000 0.000000 0.000000 0.000000 0.000000 1.000000 1.000000 0.500000 0.000000 0.000000 0 
395 0.000000 0.000000 0.000000 0.000000 0.000000 0.000000 0.000000 0.000000 0.000000 0.000000 0.000000 0.000000 0.000000 1.000000 1.000000 0.500000 0.000000 0.000000 0 
396 0.000000 0.000000 0.000000 0.000000 0.000000 0.000000 0.000000 0.000000 0.000000 0.000000 0.000000 0.000000 0.000000 1.000000 1.000000 0.500000 0.000000 0.000000 0 
397 0.000000 0.000000 0.000000 0.000000 0.000000 0.000000 0.000000 0.000000 0.000000 0.000000 0.000000 0.000000 0.000000 1.000000 1.000000 0.500000 0.000000 0.000000 0 
398 0.000000 0.000000 0.000000 0.000000 0.000000 0.000000 0.000000 0.000000 0.000000 0.000000 0.000000 0.000000 0.000000 1.000000 1.000000 0.500000 0.000000 0.000000 0 
399 0.000000 0.000000 0.000000 0.000000 0.000000 0.000000 0.000000 0.000000 0.000000 0.000000 0.000000 0.000000 0.000000 1.000000 1.000000 0.500000 0.000000 0.000000 0 
400 0.000000 0.000000 0.000000 0.000000 0.000000 0.000000 0.000000 0.000000 0.000000 0.000000 0.000000 0.000000 0.000000 1.000000 1.000000 0.500000 0.000000 0.000000 0 
401 0.000000 0.000000 0.000000 0.000000 0.000000 0.000000 0.000000 0.000000 0.000000 0.000000 0.000000 0.000000 0.000000 1.000000 1.000000 0.500000 0.000000 0.000000 0 
402 0.000000 0.000000 0.000000 0.000000 0.000000 0.000000 0.000000 0.000000 0.000000 0.000000 0.000000 0.000000 0.000000 1.000000 1.000000 0.500000 0.000000 0.000000 0 
403 0.000000 0.000000 0.000000 0.000000 0.000000 0.000000 0.000000 0.000000 0.000000 0.000000 0.000000 0.000000 0.000000 1.000000 1.000000 0.500000 0.000000 0.000000 0 
404 0.000000 0.000000 0.000000 0.000000 0.000000 0.000000 0.000000 0.000000 0.000000 0.000000 0.000000 0.000000 0.000000 1.000000 1.000000 0.500000 0.000000 0.000000 0 
405 0.000000 0.000000 0.000000 0.000000 0.000000 0.000000 0.000000 0.000000 0.000000 0.000000 0.000000 0.000000 0.000000 1.000000 1.000000 0.500000 0.000000 0.000000 0 
406 0.000000 0.000000 0.000000 0.000000 0.000000 0.000000 0.000000 0.000000 0.000000 0.000000 0.000000 0.000000 0.000000 1.000000 1.000000 0.500000 0.000000 0.000000 0 
407 0.000000 0.000000 0.000000 0.000000 0.000000 0.000000 0.000000 0.000000 0.000000 0.000000 0.000000 0.000000 0.000000 1.000000 1.000000 0.500000 0.000000 0.000000 0 
408 0.000000 0.000000 0.000000 0.000000 0.000000 0.000000 0.000000 0.000000 0.000000 0.000000 0.000000 0.000000 0.000000 1.000000 1.000000 0.500000 0.000000 0.000000 0 
409 0.000000 0.000000 0.000000 0.000000 0.000000 0.000000 0.000000 0.000000 0.000000 0.000000 0.000000 0.000000 0.000000 1.000000 1.000000 0.500000 0.000000 0.000000 0 
410 0.000000 0.000000 0.000000 0.000000 0.000000 0.000000 0.000000 0.000000 0.000000 0.000000 0.000000 0.000000 0.000000 1.000000 1.000000 0.500000 0.000000 0.000000 0 
411 0.000000 0.000000 0.000000 0.000000 0.000000 0.000000 0.000000 0.000000 0.000000 0.000000 0.000000 0.000000 0.000000 1.000000 1.000000 0.500000 0.000000 0.000000 0 
412 0.000000 0.000000 0.000000 0.000000 0.000000 0.000000 0.000000 0.000000 0.000000 0.000000 0.000000 0.000000 0.000000 1.000000 1.000000 0.500000 0.000000 0.000000 0 
413 0.000000 0.000000 0.000000 0.000000 0.000000 0.000000 0.000000 0.000000 0.000000 0.000000 0.000000 0.000000 0.000000 1.000000 1.000000 0.500000 0.000000 0.000000 0 
414 0.000000 0.000000 0.000000 0.000000 0.000000 0.000000 0.000000 0.000000 0.000000 0.000000 0.000000 0.000000 0.000000 1.000000 1.000000 0.500000 0.000000 0.000000 0 
415 0.000000 0.000000 0.000000 0.000000 0.000000 0.000000 0.000000 0.000000 0.000000 0.000000 0.000000 0.000000 0.000000 1.000000 1.000000 0.500000 0.000000 0.000000 0 
416 0.000000 0.000000 0.000000 0.000000 0.000000 0.000000 0.000000 0.000000 0.000000 0.000000 0.000000 0.000000 0.000000 1.000000 1.000000 0.500000 0.000000 0.000000 0 
417 0.000000 0.000000 0.000000 0.000000 0.000000 0.000000 0.000000 0.000000 0.000000 0.000000 0.000000 0.000000 0.000000 1.000000 1.000000 0.500000 0.000000 0.000000 0 
418 0.000000 0.000000 0.000000 0.000000 0.000000 0.000000 0.000000 0.000000 0.000000 0.000000 0.000000 0.000000 0.000000 1.000000 1.000000 0.500000 0.000000 0.000000 0 
419 0.000000 0.000000 0.000000 0.000000 0.000000 0.000000 0.000000 0.000000 0.000000 0.000000 0.000000 0.000000 0.000000 1.000000 1.000000 0.500000 0.000000 0.000000 0 
420 0.000000 0.000000 0.000000 0.000000 0.000000 0.000000 0.000000 0.000000 0.000000 0.000000 0.000000 0.000000 0.000000 1.000000 1.000000 0.500000 0.000000 0.000000 0 
421 0.000000 0.000000 0.000000 0.000000 0.000000 0.000000 0.000000 0.000000 0.000000 0.000000 0.000000 0.000000 0.000000 1.000000 1.000000 0.500000 0.000000 0.000000 0 
422 0.000000 0.000000 0.000000 0.000000 0.000000 0.000000 0.000000 0.000000 0.000000 0.000000 0.000000 0.000000 0.000000 1.000000 1.000000 0.500000 0.000000 0.000000 0 
423 0.000000 0.000000 0.000000 0.000000 0.000000 0.000000 0.000000 0.000000 0.000000 0.000000 0.000000 0.000000 0.000000 1.000000 1.000000 0.500000 0.000000 0.000000 0 
424 0.000000 0.000000 0.000000 0.000000 0.000000 0.000000 0.000000 0.000000 0.000000 0.000000 0.000000 0.000000 0.000000 1.000000 1.000000 0.500000 0.000000 0.000000 0 
425 0.000000 0.000000 0.000000 0.000000 0.000000 0.000000 0.000000 0.000000 0.000000 0.000000 0.000000 0.000000 0.000000 1.000000 1.000000 0.500000 0.000000 0.000000 0 
426 0.000000 0.000000 0.000000 0.000000 0.000000 0.000000 0.000000 0.000000 0.000000 0.000000 0.000000 0.000000 0.000000 1.000000 1.000000 0.500000 0.000000 0.000000 0 
427 0.000000 0.000000 0.000000 0.000000 0.000000 0.000000 0.000000 0.000000 0.000000 0.000000 0.000000 0.000000 0.000000 1.000000 1.000000 0.500000 0.000000 0.000000 0 
428 0.000000 0.000000 0.000000 0.000000 0.000000 0.000000 0.000000 0.000000 0.000000 0.000000 0.000000 0.000000 0.000000 1.000000 1.000000 0.500000 0.000000 0.000000 0 
429 0.000000 0.000000 0.000000 0.000000 0.000000 0.000000 0.000000 0.000000 0.000000 0.000000 0.000000 0.000000 0.000000 1.000000 1.000000 0.500000 0.000000 0.000000 0 
430 0.000000 0.000000 0.000000 0.000000 0.000000 0.000000 0.000000 0.000000 0.000000 0.000000 0.000000 0.000000 0.000000 1.000000 1.000000 0.500000 0.000000 0.000000 0 
431 0.000000 0.000000 0.000000 0.000000 0.000000 0.000000 0.000000 0.000000 0.000000 0.000000 0.000000 0.000000 0.000000 1.000000 1.000000 0.500000 0.000000 0.000000 0 
432 0.000000 0.000000 0.000000 0.000000 0.000000 0.000000 0.000000 0.000000 0.000000 0.000000 0.000000 0.000000 0.000000 1.000000 1.000000 0.500000 0.000000 0.000000 0 
433 0.000000 0.000000 0.000000 0.000000 0.000000 0.000000 0.000000 0.000000 0.000000 0.000000 0.000000 0.000000 0.000000 1.000000 1.000000 0.500000 0.000000 0.000000 0 
434 0.000000 0.000000 0.000000 0.000000 0.000000 0.000000 0.000000 0.000000 0.000000 0.000000 0.000000 0.000000 0.000000 1.000000 1.000000 0.500000 0.000000 0.000000 0 
435 0.000000 0.000000 0.000000 0.000000 0.000000 0.000000 0.000000 0.000000 0.000000 0.000000 0.000000 0.000000 0.000000 1.000000 1.000000 0.500000 0.000000 0.000000 0 
436 0.000000 0.000000 0.000000 0.000000 0.000000 0.000000 0.000000 0.000000 0.000000 0.000000 0.000000 0.000000 0.000000 1.000000 1.000000 0.500000 0.000000 0.000000 0 
437 0.000000 0.000000 0.000000 0.000000 0.000000 0.000000 0.000000 0.000000 0.000000 0.000000 0.000000 0.000000 0.000000 1.000000 1.000000 0.500000 0.000000 0.000000 0 
438 0.000000 0.000000 0.000000 0.000000 0.000000 0.000000 0.000000 0.000000 0.000000 0.000000 0.000000 0.000000 0.000000 1.000000 1.000000 0.500000 0.000000 0.000000 0 
439 0.000000 0.000000 0.000000 0.000000 0.000000 0.000000 0.000000 0.000000 0.000000 0.000000 0.000000 0.000000 0.000000 1.000000 1.000000 0.500000 0.000000 0.000000 0 
440 0.000000 0.000000 0.000000 0.000000 0.000000 0.000000 0.000000 0.000000 0.000000 0.000000 0.000000 0.000000 0.000000 1.000000 1.000000 0.500000 0.000000 0.000000 0 
441 0.000000 0.000000 0.000000 0.000000 0.000000 0.000000 0.000000 0.000000 0.000000 0.000000 0.000000 0.000000 0.000000 1.000000 1.000000 0.500000 0.000000 0.000000 0 
442 0.000000 0.000000 0.000000 0.000000 0.000000 0.000000 0.000000 0.000000 0.000000 0.000000 0.000000 0.000000 0.000000 1.000000 1.000000 0.500000 0.000000 0.000000 0 
443 0.000000 0.000000 0.000000 0.000000 0.000000 0.000000 0.000000 0.000000 0.000000 0.000000 0.000000 0.000000 0.000000 1.000000 1.000000 0.500000 0.000000 0.000000 0 
444 0.000000 0.000000 0.000000 0.000000 0.000000 0.000000 0.000000 0.000000 0.000000 0.000000 0.000000 0.000000 0.000000 1.000000 1.000000 0.500000 0.000000 0.000000 0 
445 0.000000 0.000000 0.000000 0.000000 0.000000 0.000000 0.000000 0.000000 0.000000 0.000000 0.000000 0.000000 0.000000 1.000000 1.000000 0.500000 0.000000 0.000000 0 
446 0.000000 0.000000 0.000000 0.000000 0.000000 0.000000 0.000000 0.000000 0.000000 0.000000 0.000000 0.000000 0.000000 1.000000 1.000000 0.500000 0.000000 0.000000 0 
447 0.000000 0.000000 0.000000 0.000000 0.000000 0.000000 0.000000 0.000000 0.000000 0.000000 0.000000 0.000000 0.000000 1.000000 1.000000 0.500000 0.000000 0.000000 0 
448 0.000000 0.000000 0.000000 0.000000 0.000000 0.000000 0.000000 0.000000 0.000000 0.000000 0.000000 0.000000 0.000000 1.000000 1.000000 0.500000 0.000000 0.000000 0 
449 0.000000 0.000000 0.000000 0.000000 0.000000 0.000000 0.000000 0.000000 0.000000 0.000000 0.000000 0.000000 0.000000 1.000000 1.000000 0.500000 0.000000 0.000000 0 
450 0.000000 0.000000 0.000000 0.000000 0.000000 0.000000 0.000000 0.000000 0.000000 0.000000 0.000000 0.000000 0.000000 1.000000 1.000000 0.500000 0.000000 0.000000 0 
451 0.000000 0.000000 0.000000 0.000000 0.000000 0.000000 0.000000 0.000000 0.000000 0.000000 0.000000 0.000000 0.000000 1.000000 1.000000 0.500000 0.000000 0.000000 0 
452 0.000000 0.000000 0.000000 0.000000 0.000000 0.000000 0.000000 0.000000 0.000000 0.000000 0.000000 0.000000 0.000000 1.000000 1.000000 0.500000 0.000000 0.000000 0 
453 0.000000 0.000000 0.000000 0.000000 0.000000 0.000000 0.000000 0.000000 0.000000 0.000000 0.000000 0.000000 0.000000 1.000000 1.000000 0.500000 0.000000 0.000000 0 
454 0.000000 0.000000 0.000000 0.000000 0.000000 0.000000 0.000000 0.000000 0.000000 0.000000 0.000000 0.000000 0.000000 1.000000 1.000000 0.500000 0.000000 0.000000 0 
455 0.000000 0.000000 0.000000 0.000000 0.000000 0.000000 0.000000 0.000000 0.000000 0.000000 0.000000 0.000000 0.000000 1.000000 1.000000 0.500000 0.000000 0.000000 0 
456 0.000000 0.000000 0.000000 0.000000 0.000000 0.000000 0.000000 0.000000 0.000000 0.000000 0.000000 0.000000 0.000000 1.000000 1.000000 0.500000 0.000000 0.000000 0 
457 0.000000 0.000000 0.000000 0.000000 0.000000 0.000000 0.000000 0.000000 0.000000 0.000000 0.000000 0.000000 0.000000 1.000000 1.000000 0.500000 0.000000 0.000000 0 
458 0.000000 0.000000 0.000000 0.000000 0.000000 0.000000 0.000000 0.000000 0.000000 0.000000 0.000000 0.000000 0.000000 1.000000 1.000000 0.500000 0.000000 0.000000 0 
459 0.000000 0.000000 0.000000 0.000000 0.000000 0.000000 0.000000 0.000000 0.000000 0.000000 0.000000 0.000000 0.000000 1.000000 1.000000 0.500000 0.000000 0.000000 0 
460 0.000000 0.000000 0.000000 0.000000 0.000000 0.000000 0.000000 0.000000 0.000000 0.000000 0.000000 0.000000 0.000000 1.000000 1.000000 0.500000 0.000000 0.000000 0 
461 0.000000 0.000000 0.000000 0.000000 0.000000 0.000000 0.000000 0.000000 0.000000 0.000000 0.000000 0.000000 0.000000 1.000000 1.000000 0.500000 0.000000 0.000000 0 
462 0.000000 0.000000 0.000000 0.000000 0.000000 0.000000 0.000000 0.000000 0.000000 0.000000 0.000000 0.000000 0.000000 1.000000 1.000000 0.500000 0.000000 0.000000 0 
463 0.000000 0.000000 0.000000 0.000000 0.000000 0.000000 0.000000 0.000000 0.000000 0.000000 0.000000 0.000000 0.000000 1.000000 1.000000 0.500000 0.000000 0.000000 0 
464 0.000000 0.000000 0.000000 0.000000 0.000000 0.000000 0.000000 0.000000 0.000000 0.000000 0.000000 0.000000 0.000000 1.000000 1.000000 0.500000 0.000000 0.000000 0 
465 0.000000 0.000000 0.000000 0.000000 0.000000 0.000000 0.000000 0.000000 0.000000 0.000000 0.000000 0.000000 0.000000 1.000000 1.000000 0.500000 0.000000 0.000000 0 
466 0.000000 0.000000 0.000000 0.000000 0.000000 0.000000 0.000000 0.000000 0.000000 0.000000 0.000000 0.000000 0.000000 1.000000 1.000000 0.500000 0.000000 0.000000 0 
467 0.000000 0.000000 0.000000 0.000000 0.000000 0.000000 0.000000 0.000000 0.000000 0.000000 0.000000 0.000000 0.000000 1.000000 1.000000 0.500000 0.000000 0.000000 0 
468 0.000000 0.000000 0.000000 0.000000 0.000000 0.000000 0.000000 0.000000 0.000000 0.000000 0.000000 0.000000 0.000000 1.000000 1.000000 0.500000 0.000000 0.000000 0 
469 0.000000 0.000000 0.000000 0.000000 0.000000 0.000000 0.000000 0.000000 0.000000 0.000000 0.000000 0.000000 0.000000 1.000000 1.000000 0.500000 0.000000 0.000000 0 
470 0.000000 0.000000 0.000000 0.000000 0.000000 0.000000 0.000000 0.000000 0.000000 0.000000 0.000000 0.000000 0.000000 1.000000 1.000000 0.500000 0.000000 0.000000 0 
471 0.000000 0.000000 0.000000 0.000000 0.000000 0.000000 0.000000 0.000000 0.000000 0.000000 0.000000 0.000000 0.000000 1.000000 1.000000 0.500000 0.000000 0.000000 0 
472 0.000000 0.000000 0.000000 0.000000 0.000000 0.000000 0.000000 0.000000 0.000000 0.000000 0.000000 0.000000 0.000000 1.000000 1.000000 0.500000 0.000000 0.000000 0 
473 0.000000 0.000000 0.000000 0.000000 0.000000 0.000000 0.000000 0.000000 0.000000 0.000000 0.000000 0.000000 0.000000 1.000000 1.000000 0.500000 0.000000 0.000000 0 
474 0.000000 0.000000 0.000000 0.000000 0.000000 0.000000 0.000000 0.000000 0.000000 0.000000 0.000000 0.000000 0.000000 1.000000 1.000000 0.500000 0.000000 0.000000 0 
475 0.000000 0.000000 0.000000 0.000000 0.000000 0.000000 0.000000 0.000000 0.000000 0.000000 0.000000 0.000000 0.000000 1.000000 1.000000 0.500000 0.000000 0.000000 0 
476 0.000000 0.000000 0.000000 0.000000 0.000000 0.000000 0.000000 0.000000 0.000000 0.000000 0.000000 0.000000 0.000000 1.000000 1.000000 0.500000 0.000000 0.000000 0 
477 0.000000 0.000000 0.000000 0.000000 0.000000 0.000000 0.000000 0.000000 0.000000 0.000000 0.000000 0.000000 0.000000 1.000000 1.000000 0.500000 0.000000 0.000000 0 
478 0.000000 0.000000 0.000000 0.000000 0.000000 0.000000 0.000000 0.000000 0.000000 0.000000 0.000000 0.000000 0.000000 1.000000 1.000000 0.500000 0.000000 0.000000 0 
479 0.000000 0.000000 0.000000 0.000000 0.000000 0.000000 0.000000 0.000000 0.000000 0.000000 0.000000 0.000000 0.000000 1.000000 1.000000 0.500000 0.000000 0.000000 0 
480 0.000000 0.000000 0.000000 0.000000 0.000000 0.000000 0.000000 0.000000 0.000000 0.000000 0.000000 0.000000 0.000000 1.000000 1.000000 0.500000 0.000000 0.000000 0 
481 0.000000 0.000000 0.000000 0.000000 0.000000 0.000000 0.000000 0.000000 0.000000 0.000000 0.000000 0.000000 0.000000 1.000000 1.000000 0.500000 0.000000 0.000000 0 
482 0.000000 0.000000 0.000000 0.000000 0.000000 0.000000 0.000000 0.000000 0.000000 0.000000 0.000000 0.000000 0.000000 1.000000 1.000000 0.500000 0.000000 0.000000 0 
483 0.000000 0.000000 0.000000 0.000000 0.000000 0.000000 0.000000 0.000000 0.000000 0.000000 0.000000 0.000000 0.000000 1.000000 1.000000 0.500000 0.000000 0.000000 0 
484 0.000000 0.000000 0.000000 0.000000 0.000000 0.000000 0.000000 0.000000 0.000000 0.000000 0.000000 0.000000 0.000000 1.000000 1.000000 0.500000 0.000000 0.000000 0 
485 0.000000 0.000000 0.000000 0.000000 0.000000 0.000000 0.000000 0.000000 0.000000 0.000000 0.000000 0.000000 0.000000 1.000000 1.000000 0.500000 0.000000 0.000000 0 
486 0.000000 0.000000 0.000000 0.000000 0.000000 0.000000 0.000000 0.000000 0.000000 0.000000 0.000000 0.000000 0.000000 1.000000 1.000000 0.500000 0.000000 0.000000 0 
487 0.000000 0.000000 0.000000 0.000000 0.000000 0.000000 0.000000 0.000000 0.000000 0.000000 0.000000 0.000000 0.000000 1.000000 1.000000 0.500000 0.000000 0.000000 0 
488 0.000000 0.000000 0.000000 0.000000 0.000000 0.000000 0.000000 0.000000 0.000000 0.000000 0.000000 0.000000 0.000000 1.000000 1.000000 0.500000 0.000000 0.000000 0 
489 0.000000 0.000000 0.000000 0.000000 0.000000 0.000000 0.000000 0.000000 0.000000 0.000000 0.000000 0.000000 0.000000 1.000000 1.000000 0.500000 0.000000 0.000000 0 
490 0.000000 0.000000 0.000000 0.000000 0.000000 0.000000 0.000000 0.000000 0.000000 0.000000 0.000000 0.000000 0.000000 1.000000 1.000000 0.500000 0.000000 0.000000 0 
491 0.000000 0.000000 0.000000 0.000000 0.000000 0.000000 0.000000 0.000000 0.000000 0.000000 0.000000 0.000000 0.000000 1.000000 1.000000 0.500000 0.000000 0.000000 0 
492 0.000000 0.000000 0.000000 0.000000 0.000000 0.000000 0.000000 0.000000 0.000000 0.000000 0.000000 0.000000 0.000000 1.000000 1.000000 0.500000 0.000000 0.000000 0 
493 0.000000 0.000000 0.000000 0.000000 0.000000 0.000000 0.000000 0.000000 0.000000 0.000000 0.000000 0.000000 0.000000 1.000000 1.000000 0.500000 0.000000 0.000000 0 
494 0.000000 0.000000 0.000000 0.000000 0.000000 0.000000 0.000000 0.000000 0.000000 0.000000 0.000000 0.000000 0.000000 1.000000 1.000000 0.500000 0.000000 0.000000 0 
495 0.000000 0.000000 0.000000 0.000000 0.000000 0.000000 0.000000 0.000000 0.000000 0.000000 0.000000 0.000000 0.000000 1.000000 1.000000 0.500000 0.000000 0.000000 0 
496 0.000000 0.000000 0.000000 0.000000 0.000000 0.000000 0.000000 0.000000 0.000000 0.000000 0.000000 0.000000 0.000000 1.000000 1.000000 0.500000 0.000000 0.000000 0 
497 0.000000 0.000000 0.000000 0.000000 0.000000 0.000000 0.000000 0.000000 0.000000 0.000000 0.000000 0.000000 0.000000 1.000000 1.000000 0.500000 0.000000 0.000000 0 
498 0.000000 0.000000 0.000000 0.000000 0.000000 0.000000 0.000000 0.000000 0.000000 0.000000 0.000000 0.000000 0.000000 1.000000 1.000000 0.500000 0.000000 0.000000 0 
499 0.000000 0.000000 0.000000 0.000000 0.000000 0.000000 0.000000 0.000000 0.000000 0.000000 0.000000 0.000000 0.000000 1.000000 1.000000 0.500000 0.000000 0.000000 0 
500 0.000000 0.000000 0.000000 0.000000 0.000000 0.000000 0.000000 0.000000 0.000000 0.000000 0.000000 0.000000 0.000000 1.000000 1.000000 0.500000 0.000000 0.000000 0 
501 0.000000 0.000000 0.000000 0.000000 0.000000 0.000000 0.000000 0.000000 0.000000 0.000000 0.000000 0.000000 0.000000 1.000000 1.000000 0.500000 0.000000 0.000000 0 
502 0.000000 0.000000 0.000000 0.000000 0.000000 0.000000 0.000000 0.000000 0.000000 0.000000 0.000000 0.000000 0.000000 1.000000 1.000000 0.500000 0.000000 0.000000 0 
503 0.000000 0.000000 0.000000 0.000000 0.000000 0.000000 0.000000 0.000000 0.000000 0.000000 0.000000 0.000000 0.000000 1.000000 1.000000 0.500000 0.000000 0.000000 0 
504 0.000000 0.000000 0.000000 0.000000 0.000000 0.000000 0.000000 0.000000 0.000000 0.000000 0.000000 0.000000 0.000000 1.000000 1.000000 0.500000 0.000000 0.000000 0 
505 0.000000 0.000000 0.000000 0.000000 0.000000 0.000000 0.000000 0.000000 0.000000 0.000000 0.000000 0.000000 0.000000 1.000000 1.000000 0.500000 0.000000 0.000000 0 
506 0.000000 0.000000 0.000000 0.000000 0.000000 0.000000 0.000000 0.000000 0.000000 0.000000 0.000000 0.000000 0.000000 1.000000 1.000000 0.500000 0.000000 0.000000 0 
507 0.000000 0.000000 0.000000 0.000000 0.000000 0.000000 0.000000 0.000000 0.000000 0.000000 0.000000 0.000000 0.000000 1.000000 1.000000 0.500000 0.000000 0.000000 0 
508 0.000000 0.000000 0.000000 0.000000 0.000000 0.000000 0.000000 0.000000 0.000000 0.000000 0.000000 0.000000 0.000000 1.000000 1.000000 0.500000 0.000000 0.000000 0 
509 0.000000 0.000000 0.000000 0.000000 0.000000 0.000000 0.000000 0.000000 0.000000 0.000000 0.000000 0.000000 0.000000 1.000000 1.000000 0.500000 0.000000 0.000000 0 
510 0.000000 0.000000 0.000000 0.000000 0.000000 0.000000 0.000000 0.000000 0.000000 0.000000 0.000000 0.000000 0.000000 1.000000 1.000000 0.500000 0.000000 0.000000 0 
511 0.000000 0.000000 0.000000 0.000000 0.000000 0.000000 0.000000 0.000000 0.000000 0.000000 0.000000 0.000000 0.000000 1.000000 1.000000 0.500000 0.000000 0.000000 0 
512 0.000000 0.000000 0.000000 0.000000 0.000000 0.000000 0.000000 0.000000 0.000000 0.000000 0.000000 0.000000 0.000000 1.000000 1.000000 0.500000 0.000000 0.000000 0 
513 0.000000 0.000000 0.000000 0.000000 0.000000 0.000000 0.000000 0.000000 0.000000 0.000000 0.000000 0.000000 0.000000 1.000000 1.000000 0.500000 0.000000 0.000000 0 
514 0.000000 0.000000 0.000000 0.000000 0.000000 0.000000 0.000000 0.000000 0.000000 0.000000 0.000000 0.000000 0.000000 1.000000 1.000000 0.500000 0.000000 0.000000 0 
515 0.000000 0.000000 0.000000 0.000000 0.000000 0.000000 0.000000 0.000000 0.000000 0.000000 0.000000 0.000000 0.000000 1.000000 1.000000 0.500000 0.000000 0.000000 0 
516 0.000000 0.000000 0.000000 0.000000 0.000000 0.000000 0.000000 0.000000 0.000000 0.000000 0.000000 0.000000 0.000000 1.000000 1.000000 0.500000 0.000000 0.000000 0 
517 0.000000 0.000000 0.000000 0.000000 0.000000 0.000000 0.000000 0.000000 0.000000 0.000000 0.000000 0.000000 0.000000 1.000000 1.000000 0.500000 0.000000 0.000000 0 
518 0.000000 0.000000 0.000000 0.000000 0.000000 0.000000 0.000000 0.000000 0.000000 0.000000 0.000000 0.000000 0.000000 1.000000 1.000000 0.500000 0.000000 0.000000 0 
519 0.000000 0.000000 0.000000 0.000000 0.000000 0.000000 0.000000 0.000000 0.000000 0.000000 0.000000 0.000000 0.000000 1.000000 1.000000 0.500000 0.000000 0.000000 0 
520 0.000000 0.000000 0.000000 0.000000 0.000000 0.000000 0.000000 0.000000 0.000000 0.000000 0.000000 0.000000 0.000000 1.000000 1.000000 0.500000 0.000000 0.000000 0 
521 0.000000 0.000000 0.000000 0.000000 0.000000 0.000000 0.000000 0.000000 0.000000 0.000000 0.000000 0.000000 0.000000 1.000000 1.000000 0.500000 0.000000 0.000000 0 
522 0.000000 0.000000 0.000000 0.000000 0.000000 0.000000 0.000000 0.000000 0.000000 0.000000 0.000000 0.000000 0.000000 1.000000 1.000000 0.500000 0.000000 0.000000 0 
523 0.000000 0.000000 0.000000 0.000000 0.000000 0.000000 0.000000 0.000000 0.000000 0.000000 0.000000 0.000000 0.000000 1.000000 1.000000 0.500000 0.000000 0.000000 0 
524 0.000000 0.000000 0.000000 0.000000 0.000000 0.000000 0.000000 0.000000 0.000000 0.000000 0.000000 0.000000 0.000000 1.000000 1.000000 0.500000 0.000000 0.000000 0 
525 0.000000 0.000000 0.000000 0.000000 0.000000 0.000000 0.000000 0.000000 0.000000 0.000000 0.000000 0.000000 0.000000 1.000000 1.000000 0.500000 0.000000 0.000000 0 
526 0.000000 0.000000 0.000000 0.000000 0.000000 0.000000 0.000000 0.000000 0.000000 0.000000 0.000000 0.000000 0.000000 1.000000 1.000000 0.500000 0.000000 0.000000 0 
527 0.000000 0.000000 0.000000 0.000000 0.000000 0.000000 0.000000 0.000000 0.000000 0.000000 0.000000 0.000000 0.000000 1.000000 1.000000 0.500000 0.000000 0.000000 0 
528 0.000000 0.000000 0.000000 0.000000 0.000000 0.000000 0.000000 0.000000 0.000000 0.000000 0.000000 0.000000 0.000000 1.000000 1.000000 0.500000 0.000000 0.000000 0 
529 0.000000 0.000000 0.000000 0.000000 0.000000 0.000000 0.000000 0.000000 0.000000 0.000000 0.000000 0.000000 0.000000 1.000000 1.000000 0.500000 0.000000 0.000000 0 
530 0.000000 0.000000 0.000000 0.000000 0.000000 0.000000 0.000000 0.000000 0.000000 0.000000 0.000000 0.000000 0.000000 1.000000 1.000000 0.500000 0.000000 0.000000 0 
531 0.000000 0.000000 0.000000 0.000000 0.000000 0.000000 0.000000 0.000000 0.000000 0.000000 0.000000 0.000000 0.000000 1.000000 1.000000 0.500000 0.000000 0.000000 0 
532 0.000000 0.000000 0.000000 0.000000 0.000000 0.000000 0.000000 0.000000 0.000000 0.000000 0.000000 0.000000 0.000000 1.000000 1.000000 0.500000 0.000000 0.000000 0 
533 0.000000 0.000000 0.000000 0.000000 0.000000 0.000000 0.000000 0.000000 0.000000 0.000000 0.000000 0.000000 0.000000 1.000000 1.000000 0.500000 0.000000 0.000000 0 
534 0.000000 0.000000 0.000000 0.000000 0.000000 0.000000 0.000000 0.000000 0.000000 0.000000 0.000000 0.000000 0.000000 1.000000 1.000000 0.500000 0.000000 0.000000 0 
535 0.000000 0.000000 0.000000 0.000000 0.000000 0.000000 0.000000 0.000000 0.000000 0.000000 0.000000 0.000000 0.000000 1.000000 1.000000 0.500000 0.000000 0.000000 0 
536 0.000000 0.000000 0.000000 0.000000 0.000000 0.000000 0.000000 0.000000 0.000000 0.000000 0.000000 0.000000 0.000000 1.000000 1.000000 0.500000 0.000000 0.000000 0 
537 0.000000 0.000000 0.000000 0.000000 0.000000 0.000000 0.000000 0.000000 0.000000 0.000000 0.000000 0.000000 0.000000 1.000000 1.000000 0.500000 0.000000 0.000000 0 
538 0.000000 0.000000 0.000000 0.000000 0.000000 0.000000 0.000000 0.000000 0.000000 0.000000 0.000000 0.000000 0.000000 1.000000 1.000000 0.500000 0.000000 0.000000 0 
539 0.000000 0.000000 0.000000 0.000000 0.000000 0.000000 0.000000 0.000000 0.000000 0.000000 0.000000 0.000000 0.000000 1.000000 1.000000 0.500000 0.000000 0.000000 0 
540 0.000000 0.000000 0.000000 0.000000 0.000000 0.000000 0.000000 0.000000 0.000000 0.000000 0.000000 0.000000 0.000000 1.000000 1.000000 0.500000 0.000000 0.000000 0 
541 0.000000 0.000000 0.000000 0.000000 0.000000 0.000000 0.000000 0.000000 0.000000 0.000000 0.000000 0.000000 0.000000 1.000000 1.000000 0.500000 0.000000 0.000000 0 
542 0.000000 0.000000 0.000000 0.000000 0.000000 0.000000 0.000000 0.000000 0.000000 0.000000 0.000000 0.000000 0.000000 1.000000 1.000000 0.500000 0.000000 0.000000 0 
543 0.000000 0.000000 0.000000 0.000000 0.000000 0.000000 0.000000 0.000000 0.000000 0.000000 0.000000 0.000000 0.000000 1.000000 1.000000 0.500000 0.000000 0.000000 0 
544 0.000000 0.000000 0.000000 0.000000 0.000000 0.000000 0.000000 0.000000 0.000000 0.000000 0.000000 0.000000 0.000000 1.000000 1.000000 0.500000 0.000000 0.000000 0 
545 0.000000 0.000000 0.000000 0.000000 0.000000 0.000000 0.000000 0.000000 0.000000 0.000000 0.000000 0.000000 0.000000 1.000000 1.000000 0.500000 0.000000 0.000000 0 
546 0.000000 0.000000 0.000000 0.000000 0.000000 0.000000 0.000000 0.000000 0.000000 0.000000 0.000000 0.000000 0.000000 1.000000 1.000000 0.500000 0.000000 0.000000 0 
547 0.000000 0.000000 0.000000 0.000000 0.000000 0.000000 0.000000 0.000000 0.000000 0.000000 0.000000 0.000000 0.000000 1.000000 1.000000 0.500000 0.000000 0.000000 0 
548 0.000000 0.000000 0.000000 0.000000 0.000000 0.000000 0.000000 0.000000 0.000000 0.000000 0.000000 0.000000 0.000000 1.000000 1.000000 0.500000 0.000000 0.000000 0 
549 0.000000 0.000000 0.000000 0.000000 0.000000 0.000000 0.000000 0.000000 0.000000 0.000000 0.000000 0.000000 0.000000 1.000000 1.000000 0.500000 0.000000 0.000000 0 
550 0.000000 0.000000 0.000000 0.000000 0.000000 0.000000 0.000000 0.000000 0.000000 0.000000 0.000000 0.000000 0.000000 1.000000 1.000000 0.500000 0.000000 0.000000 0 
551 0.000000 0.000000 0.000000 0.000000 0.000000 0.000000 0.000000 0.000000 0.000000 0.000000 0.000000 0.000000 0.000000 1.000000 1.000000 0.500000 0.000000 0.000000 0 
552 0.000000 0.000000 0.000000 0.000000 0.000000 0.000000 0.000000 0.000000 0.000000 0.000000 0.000000 0.000000 0.000000 1.000000 1.000000 0.500000 0.000000 0.000000 0 
553 0.000000 0.000000 0.000000 0.000000 0.000000 0.000000 0.000000 0.000000 0.000000 0.000000 0.000000 0.000000 0.000000 1.000000 1.000000 0.500000 0.000000 0.000000 0 
554 0.000000 0.000000 0.000000 0.000000 0.000000 0.000000 0.000000 0.000000 0.000000 0.000000 0.000000 0.000000 0.000000 1.000000 1.000000 0.500000 0.000000 0.000000 0 
555 0.000000 0.000000 0.000000 0.000000 0.000000 0.000000 0.000000 0.000000 0.000000 0.000000 0.000000 0.000000 0.000000 1.000000 1.000000 0.500000 0.000000 0.000000 0 
556 0.000000 0.000000 0.000000 0.000000 0.000000 0.000000 0.000000 0.000000 0.000000 0.000000 0.000000 0.000000 0.000000 1.000000 1.000000 0.500000 0.000000 0.000000 0 
557 0.000000 0.000000 0.000000 0.000000 0.000000 0.000000 0.000000 0.000000 0.000000 0.000000 0.000000 0.000000 0.000000 1.000000 1.000000 0.500000 0.000000 0.000000 0 
558 0.000000 0.000000 0.000000 0.000000 0.000000 0.000000 0.000000 0.000000 0.000000 0.000000 0.000000 0.000000 0.000000 1.000000 1.000000 0.500000 0.000000 0.000000 0 
559 0.000000 0.000000 0.000000 0.000000 0.000000 0.000000 0.000000 0.000000 0.000000 0.000000 0.000000 0.000000 0.000000 1.000000 1.000000 0.500000 0.000000 0.000000 0 
560 0.000000 0.000000 0.000000 0.000000 0.000000 0.000000 0.000000 0.000000 0.000000 0.000000 0.000000 0.000000 0.000000 1.000000 1.000000 0.500000 0.000000 0.000000 0 
561 0.000000 0.000000 0.000000 0.000000 0.000000 0.000000 0.000000 0.000000 0.000000 0.000000 0.000000 0.000000 0.000000 1.000000 1.000000 0.500000 0.000000 0.000000 0 
562 0.000000 0.000000 0.000000 0.000000 0.000000 0.000000 0.000000 0.000000 0.000000 0.000000 0.000000 0.000000 0.000000 1.000000 1.000000 0.500000 0.000000 0.000000 0 
563 0.000000 0.000000 0.000000 0.000000 0.000000 0.000000 0.000000 0.000000 0.000000 0.000000 0.000000 0.000000 0.000000 1.000000 1.000000 0.500000 0.000000 0.000000 0 
564 0.000000 0.000000 0.000000 0.000000 0.000000 0.000000 0.000000 0.000000 0.000000 0.000000 0.000000 0.000000 0.000000 1.000000 1.000000 0.500000 0.000000 0.000000 0 
565 0.000000 0.000000 0.000000 0.000000 0.000000 0.000000 0.000000 0.000000 0.000000 0.000000 0.000000 0.000000 0.000000 1.000000 1.000000 0.500000 0.000000 0.000000 0 
566 0.000000 0.000000 0.000000 0.000000 0.000000 0.000000 0.000000 0.000000 0.000000 0.000000 0.000000 0.000000 0.000000 1.000000 1.000000 0.500000 0.000000 0.000000 0 
567 0.000000 0.000000 0.000000 0.000000 0.000000 0.000000 0.000000 0.000000 0.000000 0.000000 0.000000 0.000000 0.000000 1.000000 1.000000 0.500000 0.000000 0.000000 0 
568 0.000000 0.000000 0.000000 0.000000 0.000000 0.000000 0.000000 0.000000 0.000000 0.000000 0.000000 0.000000 0.000000 1.000000 1.000000 0.500000 0.000000 0.000000 0 
569 0.000000 0.000000 0.000000 0.000000 0.000000 0.000000 0.000000 0.000000 0.000000 0.000000 0.000000 0.000000 0.000000 1.000000 1.000000 0.500000 0.000000 0.000000 0 
570 0.000000 0.000000 0.000000 0.000000 0.000000 0.000000 0.000000 0.000000 0.000000 0.000000 0.000000 0.000000 0.000000 1.000000 1.000000 0.500000 0.000000 0.000000 0 
571 0.000000 0.000000 0.000000 0.000000 0.000000 0.000000 0.000000 0.000000 0.000000 0.000000 0.000000 0.000000 0.000000 1.000000 1.000000 0.500000 0.000000 0.000000 0 
572 0.000000 0.000000 0.000000 0.000000 0.000000 0.000000 0.000000 0.000000 0.000000 0.000000 0.000000 0.000000 0.000000 1.000000 1.000000 0.500000 0.000000 0.000000 0 
573 0.000000 0.000000 0.000000 0.000000 0.000000 0.000000 0.000000 0.000000 0.000000 0.000000 0.000000 0.000000 0.000000 1.000000 1.000000 0.500000 0.000000 0.000000 0 
574 0.000000 0.000000 0.000000 0.000000 0.000000 0.000000 0.000000 0.000000 0.000000 0.000000 0.000000 0.000000 0.000000 1.000000 1.000000 0.500000 0.000000 0.000000 0 
575 0.000000 0.000000 0.000000 0.000000 0.000000 0.000000 0.000000 0.000000 0.000000 0.000000 0.000000 0.000000 0.000000 1.000000 1.000000 0.500000 0.000000 0.000000 0 
576 0.000000 0.000000 0.000000 0.000000 0.000000 0.000000 0.000000 0.000000 0.000000 0.000000 0.000000 0.000000 0.000000 1.000000 1.000000 0.500000 0.000000 0.000000 0 
577 0.000000 0.000000 0.000000 0.000000 0.000000 0.000000 0.000000 0.000000 0.000000 0.000000 0.000000 0.000000 0.000000 1.000000 1.000000 0.500000 0.000000 0.000000 0 
578 0.000000 0.000000 0.000000 0.000000 0.000000 0.000000 0.000000 0.000000 0.000000 0.000000 0.000000 0.000000 0.000000 1.000000 1.000000 0.500000 0.000000 0.000000 0 
579 0.000000 0.000000 0.000000 0.000000 0.000000 0.000000 0.000000 0.000000 0.000000 0.000000 0.000000 0.000000 0.000000 1.000000 1.000000 0.500000 0.000000 0.000000 0 
580 0.000000 0.000000 0.000000 0.000000 0.000000 0.000000 0.000000 0.000000 0.000000 0.000000 0.000000 0.000000 0.000000 1.000000 1.000000 0.500000 0.000000 0.000000 0 
581 0.000000 0.000000 0.000000 0.000000 0.000000 0.000000 0.000000 0.000000 0.000000 0.000000 0.000000 0.000000 0.000000 1.000000 1.000000 0.500000 0.000000 0.000000 0 
582 0.000000 0.000000 0.000000 0.000000 0.000000 0.000000 0.000000 0.000000 0.000000 0.000000 0.000000 0.000000 0.000000 1.000000 1.000000 0.500000 0.000000 0.000000 0 
583 0.000000 0.000000 0.000000 0.000000 0.000000 0.000000 0.000000 0.000000 0.000000 0.000000 0.000000 0.000000 0.000000 1.000000 1.000000 0.500000 0.000000 0.000000 0 
584 0.000000 0.000000 0.000000 0.000000 0.000000 0.000000 0.000000 0.000000 0.000000 0.000000 0.000000 0.000000 0.000000 1.000000 1.000000 0.500000 0.000000 0.000000 0 
585 0.000000 0.000000 0.000000 0.000000 0.000000 0.000000 0.000000 0.000000 0.000000 0.000000 0.000000 0.000000 0.000000 1.000000 1.000000 0.500000 0.000000 0.000000 0 
586 0.000000 0.000000 0.000000 0.000000 0.000000 0.000000 0.000000 0.000000 0.000000 0.000000 0.000000 0.000000 0.000000 1.000000 1.000000 0.500000 0.000000 0.000000 0 
587 0.000000 0.000000 0.000000 0.000000 0.000000 0.000000 0.000000 0.000000 0.000000 0.000000 0.000000 0.000000 0.000000 1.000000 1.000000 0.500000 0.000000 0.000000 0 
588 0.000000 0.000000 0.000000 0.000000 0.000000 0.000000 0.000000 0.000000 0.000000 0.000000 0.000000 0.000000 0.000000 1.000000 1.000000 0.500000 0.000000 0.000000 0 
589 0.000000 0.000000 0.000000 0.000000 0.000000 0.000000 0.000000 0.000000 0.000000 0.000000 0.000000 0.000000 0.000000 1.000000 1.000000 0.500000 0.000000 0.000000 0 
590 0.000000 0.000000 0.000000 0.000000 0.000000 0.000000 0.000000 0.000000 0.000000 0.000000 0.000000 0.000000 0.000000 1.000000 1.000000 0.500000 0.000000 0.000000 0 
591 0.000000 0.000000 0.000000 0.000000 0.000000 0.000000 0.000000 0.000000 0.000000 0.000000 0.000000 0.000000 0.000000 1.000000 1.000000 0.500000 0.000000 0.000000 0 
592 0.000000 0.000000 0.000000 0.000000 0.000000 0.000000 0.000000 0.000000 0.000000 0.000000 0.000000 0.000000 0.000000 1.000000 1.000000 0.500000 0.000000 0.000000 0 
593 0.000000 0.000000 0.000000 0.000000 0.000000 0.000000 0.000000 0.000000 0.000000 0.000000 0.000000 0.000000 0.000000 1.000000 1.000000 0.500000 0.000000 0.000000 0 
594 0.000000 0.000000 0.000000 0.000000 0.000000 0.000000 0.000000 0.000000 0.000000 0.000000 0.000000 0.000000 0.000000 1.000000 1.000000 0.500000 0.000000 0.000000 0 
595 0.000000 0.000000 0.000000 0.000000 0.000000 0.000000 0.000000 0.000000 0.000000 0.000000 0.000000 0.000000 0.000000 1.000000 1.000000 0.500000 0.000000 0.000000 0 
596 0.000000 0.000000 0.000000 0.000000 0.000000 0.000000 0.000000 0.000000 0.000000 0.000000 0.000000 0.000000 0.000000 1.000000 1.000000 0.500000 0.000000 0.000000 0 
597 0.000000 0.000000 0.000000 0.000000 0.000000 0.000000 0.000000 0.000000 0.000000 0.000000 0.000000 0.000000 0.000000 1.000000 1.000000 0.500000 0.000000 0.000000 0 
598 0.000000 0.000000 0.000000 0.000000 0.000000 0.000000 0.000000 0.000000 0.000000 0.000000 0.000000 0.000000 0.000000 1.000000 1.000000 0.500000 0.000000 0.000000 0 
599 0.000000 0.000000 0.000000 0.000000 0.000000 0.000000 0.000000 0.000000 0.000000 0.000000 0.000000 0.000000 0.000000 1.000000 1.000000 0.500000 0.000000 0.000000 0 
600 0.000000 0.000000 0.000000 0.000000 0.000000 0.000000 0.000000 0.000000 0.000000 0.000000 0.000000 0.000000 0.000000 1.000000 1.000000 0.500000 0.000000 0.000000 0 
601 0.000000 0.000000 0.000000 0.000000 0.000000 0.000000 0.000000 0.000000 0.000000 0.000000 0.000000 0.000000 0.000000 1.000000 1.000000 0.500000 0.000000 0.000000 0 
602 0.000000 0.000000 0.000000 0.000000 0.000000 0.000000 0.000000 0.000000 0.000000 0.000000 0.000000 0.000000 0.000000 1.000000 1.000000 0.500000 0.000000 0.000000 0 
603 0.000000 0.000000 0.000000 0.000000 0.000000 0.000000 0.000000 0.000000 0.000000 0.000000 0.000000 0.000000 0.000000 1.000000 1.000000 0.500000 0.000000 0.000000 0 
604 0.000000 0.000000 0.000000 0.000000 0.000000 0.000000 0.000000 0.000000 0.000000 0.000000 0.000000 0.000000 0.000000 1.000000 1.000000 0.500000 0.000000 0.000000 0 
605 0.000000 0.000000 0.000000 0.000000 0.000000 0.000000 0.000000 0.000000 0.000000 0.000000 0.000000 0.000000 0.000000 1.000000 1.000000 0.500000 0.000000 0.000000 0 
606 0.000000 0.000000 0.000000 0.000000 0.000000 0.000000 0.000000 0.000000 0.000000 0.000000 0.000000 0.000000 0.000000 1.000000 1.000000 0.500000 0.000000 0.000000 0 
607 0.000000 0.000000 0.000000 0.000000 0.000000 0.000000 0.000000 0.000000 0.000000 0.000000 0.000000 0.000000 0.000000 1.000000 1.000000 0.500000 0.000000 0.000000 0 
608 0.000000 0.000000 0.000000 0.000000 0.000000 0.000000 0.000000 0.000000 0.000000 0.000000 0.000000 0.000000 0.000000 1.000000 1.000000 0.500000 0.000000 0.000000 0 
609 0.000000 0.000000 0.000000 0.000000 0.000000 0.000000 0.000000 0.000000 0.000000 0.000000 0.000000 0.000000 0.000000 1.000000 1.000000 0.500000 0.000000 0.000000 0 
610 0.000000 0.000000 0.000000 0.000000 0.000000 0.000000 0.000000 0.000000 0.000000 0.000000 0.000000 0.000000 0.000000 1.000000 1.000000 0.500000 0.000000 0.000000 0 
611 0.000000 0.000000 0.000000 0.000000 0.000000 0.000000 0.000000 0.000000 0.000000 0.000000 0.000000 0.000000 0.000000 1.000000 1.000000 0.500000 0.000000 0.000000 0 
612 0.000000 0.000000 0.000000 0.000000 0.000000 0.000000 0.000000 0.000000 0.000000 0.000000 0.000000 0.000000 0.000000 1.000000 1.000000 0.500000 0.000000 0.000000 0 
613 0.000000 0.000000 0.000000 0.000000 0.000000 0.000000 0.000000 0.000000 0.000000 0.000000 0.000000 0.000000 0.000000 1.000000 1.000000 0.500000 0.000000 0.000000 0 
614 0.000000 0.000000 0.000000 0.000000 0.000000 0.000000 0.000000 0.000000 0.000000 0.000000 0.000000 0.000000 0.000000 1.000000 1.000000 0.500000 0.000000 0.000000 0 
615 0.000000 0.000000 0.000000 0.000000 0.000000 0.000000 0.000000 0.000000 0.000000 0.000000 0.000000 0.000000 0.000000 1.000000 1.000000 0.500000 0.000000 0.000000 0 
616 0.000000 0.000000 0.000000 0.000000 0.000000 0.000000 0.000000 0.000000 0.000000 0.000000 0.000000 0.000000 0.000000 1.000000 1.000000 0.500000 0.000000 0.000000 0 
617 0.000000 0.000000 0.000000 0.000000 0.000000 0.000000 0.000000 0.000000 0.000000 0.000000 0.000000 0.000000 0.000000 1.000000 1.000000 0.500000 0.000000 0.000000 0 
618 0.000000 0.000000 0.000000 0.000000 0.000000 0.000000 0.000000 0.000000 0.000000 0.000000 0.000000 0.000000 0.000000 1.000000 1.000000 0.500000 0.000000 0.000000 0 
619 0.000000 0.000000 0.000000 0.000000 0.000000 0.000000 0.000000 0.000000 0.000000 0.000000 0.000000 0.000000 0.000000 1.000000 1.000000 0.500000 0.000000 0.000000 0 
620 0.000000 0.000000 0.000000 0.000000 0.000000 0.000000 0.000000 0.000000 0.000000 0.000000 0.000000 0.000000 0.000000 1.000000 1.000000 0.500000 0.000000 0.000000 0 
621 0.000000 0.000000 0.000000 0.000000 0.000000 0.000000 0.000000 0.000000 0.000000 0.000000 0.000000 0.000000 0.000000 1.000000 1.000000 0.500000 0.000000 0.000000 0 
622 0.000000 0.000000 0.000000 0.000000 0.000000 0.000000 0.000000 0.000000 0.000000 0.000000 0.000000 0.000000 0.000000 1.000000 1.000000 0.500000 0.000000 0.000000 0 
623 0.000000 0.000000 0.000000 0.000000 0.000000 0.000000 0.000000 0.000000 0.000000 0.000000 0.000000 0.000000 0.000000 1.000000 1.000000 0.500000 0.000000 0.000000 0 
624 0.000000 0.000000 0.000000 0.000000 0.000000 0.000000 0.000000 0.000000 0.000000 0.000000 0.000000 0.000000 0.000000 1.000000 1.000000 0.500000 0.000000 0.000000 0 
625 0.000000 0.000000 0.000000 0.000000 0.000000 0.000000 0.000000 0.000000 0.000000 0.000000 0.000000 0.000000 0.000000 1.000000 1.000000 0.500000 0.000000 0.000000 0 
626 0.000000 0.000000 0.000000 0.000000 0.000000 0.000000 0.000000 0.000000 0.000000 0.000000 0.000000 0.000000 0.000000 1.000000 1.000000 0.500000 0.000000 0.000000 0 
627 0.000000 0.000000 0.000000 0.000000 0.000000 0.000000 0.000000 0.000000 0.000000 0.000000 0.000000 0.000000 0.000000 1.000000 1.000000 0.500000 0.000000 0.000000 0 
628 0.000000 0.000000 0.000000 0.000000 0.000000 0.000000 0.000000 0.000000 0.000000 0.000000 0.000000 0.000000 0.000000 1.000000 1.000000 0.500000 0.000000 0.000000 0 
629 0.000000 0.000000 0.000000 0.000000 0.000000 0.000000 0.000000 0.000000 0.000000 0.000000 0.000000 0.000000 0.000000 1.000000 1.000000 0.500000 0.000000 0.000000 0 
630 0.000000 0.000000 0.000000 0.000000 0.000000 0.000000 0.000000 0.000000 0.000000 0.000000 0.000000 0.000000 0.000000 1.000000 1.000000 0.500000 0.000000 0.000000 0 
631 0.000000 0.000000 0.000000 0.000000 0.000000 0.000000 0.000000 0.000000 0.000000 0.000000 0.000000 0.000000 0.000000 1.000000 1.000000 0.500000 0.000000 0.000000 0 
632 0.000000 0.000000 0.000000 0.000000 0.000000 0.000000 0.000000 0.000000 0.000000 0.000000 0.000000 0.000000 0.000000 1.000000 1.000000 0.500000 0.000000 0.000000 0 
633 0.000000 0.000000 0.000000 0.000000 0.000000 0.000000 0.000000 0.000000 0.000000 0.000000 0.000000 0.000000 0.000000 1.000000 1.000000 0.500000 0.000000 0.000000 0 
634 0.000000 0.000000 0.000000 0.000000 0.000000 0.000000 0.000000 0.000000 0.000000 0.000000 0.000000 0.000000 0.000000 1.000000 1.000000 0.500000 0.000000 0.000000 0 
635 0.000000 0.000000 0.000000 0.000000 0.000000 0.000000 0.000000 0.000000 0.000000 0.000000 0.000000 0.000000 0.000000 1.000000 1.000000 0.500000 0.000000 0.000000 0 
636 0.000000 0.000000 0.000000 0.000000 0.000000 0.000000 0.000000 0.000000 0.000000 0.000000 0.000000 0.000000 0.000000 1.000000 1.000000 0.500000 0.000000 0.000000 0 
637 0.000000 0.000000 0.000000 0.000000 0.000000 0.000000 0.000000 0.000000 0.000000 0.000000 0.000000 0.000000 0.000000 1.000000 1.000000 0.500000 0.000000 0.000000 0 
638 0.000000 0.000000 0.000000 0.000000 0.000000 0.000000 0.000000 0.000000 0.000000 0.000000 0.000000 0.000000 0.000000 1.000000 1.000000 0.500000 0.000000 0.000000 0 
639 0.000000 0.000000 0.000000 0.000000 0.000000 0.000000 0.000000 0.000000 0.000000 0.000000 0.000000 0.000000 0.000000 1.000000 1.000000 0.500000 0.000000 0.000000 0 
640 0.000000 0.000000 0.000000 0.000000 0.000000 0.000000 0.000000 0.000000 0.000000 0.000000 0.000000 0.000000 0.000000 1.000000 1.000000 0.500000 0.000000 0.000000 0 
641 0.000000 0.000000 0.000000 0.000000 0.000000 0.000000 0.000000 0.000000 0.000000 0.000000 0.000000 0.000000 0.000000 1.000000 1.000000 0.500000 0.000000 0.000000 0 
642 0.000000 0.000000 0.000000 0.000000 0.000000 0.000000 0.000000 0.000000 0.000000 0.000000 0.000000 0.000000 0.000000 1.000000 1.000000 0.500000 0.000000 0.000000 0 
643 0.000000 0.000000 0.000000 0.000000 0.000000 0.000000 0.000000 0.000000 0.000000 0.000000 0.000000 0.000000 0.000000 1.000000 1.000000 0.500000 0.000000 0.000000 0 
644 0.000000 0.000000 0.000000 0.000000 0.000000 0.000000 0.000000 0.000000 0.000000 0.000000 0.000000 0.000000 0.000000 1.000000 1.000000 0.500000 0.000000 0.000000 0 
645 0.000000 0.000000 0.000000 0.000000 0.000000 0.000000 0.000000 0.000000 0.000000 0.000000 0.000000 0.000000 0.000000 1.000000 1.000000 0.500000 0.000000 0.000000 0 
646 0.000000 0.000000 0.000000 0.000000 0.000000 0.000000 0.000000 0.000000 0.000000 0.000000 0.000000 0.000000 0.000000 1.000000 1.000000 0.500000 0.000000 0.000000 0 
647 0.000002 0.000000 0.000000 0.000000 0.000000 0.000000 0.000000 0.000002 0.000002 0.000007 0.000007 0.000002 0.000000 1.000000 1.000000 0.500000 0.000000 0.000000 0 
648 0.000013 0.000000 0.000000 0.000000 0.000000 0.000000 0.000000 0.000013 0.000013 0.000053 0.000053 0.000013 0.000000 1.000000 1.000000 0.500000 0.000000 0.000000 0 
649 0.000043 0.000000 0.000000 0.000000 0.000000 0.000000 0.000000 0.000043 0.000043 0.000173 0.000173 0.000043 0.000000 1.000000 1.000000 0.500000 0.000000 0.000000 0 
650 0.000093 0.000000 0.000000 0.000000 0.000000 0.000000 0.000000 0.000093 0.000093 0.000372 0.000372 0.000093 0.000000 1.000000 1.000000 0.500000 0.000000 0.000000 0 
651 0.000163 0.000001 0.000001 0.000001 0.000000 0.000000 0.000000 0.000163 0.000163 0.000651 0.000651 0.000163 0.000000 1.000000 1.000000 0.500000 0.000000 0.000000 0 
652 0.000253 0.000001 0.000001 0.000001 0.000000 0.000000 0.000000 0.000253 0.000253 0.001008 0.001008 0.000252 0.000000 1.000000 1.000000 0.500000 0.000000 0.000000 0 
653 0.000363 0.000002 0.000002 0.000002 0.000000 0.000000 0.000000 0.000363 0.000363 0.001444 0.001444 0.000361 0.000000 1.000000 1.000000 0.500000 0.000000 0.000000 0 
654 0.000493 0.000004 0.000004 0.000004 0.000000 0.000000 0.000000 0.000493 0.000493 0.001958 0.001958 0.000490 0.000000 1.000000 1.000000 0.500000 0.000000 0.000000 0 
655 0.000643 0.000006 0.000006 0.000006 0.000000 0.000000 0.000000 0.000643 0.000643 0.002551 0.002551 0.000638 0.000000 1.000000 1.000000 0.500000 0.000000 0.000000 0 
656 0.000813 0.000008 0.000008 0.000008 0.000000 0.000000 0.000000 0.000813 0.000813 0.003220 0.003220 0.000805 0.000000 1.000000 1.000000 0.500000 0.000000 0.000000 0 
657 0.001003 0.000011 0.000011 0.000011 0.000000 0.000000 0.000000 0.001003 0.001003 0.003968 0.003968 0.000992 0.000000 1.000000 1.000000 0.500000 0.000000 0.000000 0 
658 0.001213 0.000015 0.000015 0.000015 0.000000 0.000000 0.000000 0.001213 0.001213 0.004792 0.004792 0.001198 0.000000 1.000000 1.000000 0.500000 0.000000 0.000000 0 
659 0.001443 0.000020 0.000020 0.000020 0.000000 0.000000 0.000000 0.001443 0.001443 0.005693 0.005693 0.001423 0.000000 1.000000 1.000000 0.500000 0.000000 0.000000 0 
660 0.001693 0.000026 0.000026 0.000026 0.000000 0.000000 0.000000 0.001693 0.001693 0.006670 0.006670 0.001667 0.000000 1.000000 1.000000 0.500000 0.000000 0.000000 0 
661 0.001963 0.000033 0.000033 0.000033 0.000000 0.000000 0.000000 0.001963 0.001963 0.007723 0.007723 0.001931 0.000000 1.000000 1.000000 0.500000 0.000000 0.000000 0 
662 0.002253 0.000040 0.000040 0.000040 0.000000 0.000000 0.000000 0.002253 0.002253 0.008852 0.008852 0.002213 0.000000 1.000000 1.000000 0.500000 0.000000 0.000000 0 
663 0.002563 0.000049 0.000049 0.000049 0.000000 0.000000 0.000000 0.002563 0.002563 0.010057 0.010057 0.002514 0.000000 1.000000 1.000000 0.500000 0.000000 0.000000 0 
664 0.002893 0.000059 0.000059 0.000059 0.000000 0.000000 0.000000 0.002893 0.002893 0.011337 0.011337 0.002834 0.000000 1.000000 1.000000 0.500000 0.000000 0.000000 0 
665 0.003243 0.000071 0.000071 0.000071 0.000000 0.000000 0.000000 0.003243 0.003243 0.012691 0.012691 0.003173 0.000000 1.000000 1.000000 0.500000 0.000000 0.000000 0 
666 0.003613 0.000083 0.000083 0.000083 0.000000 0.000000 0.000000 0.003613 0.003613 0.014120 0.014120 0.003530 0.000000 1.000000 1.000000 0.500000 0.000000 0.000000 0 
667 0.004003 0.000097 0.000097 0.000097 0.000000 0.000000 0.000000 0.004003 0.004003 0.015624 0.015624 0.003906 0.000000 1.000000 1.000000 0.500000 0.000000 0.000000 0 
668 0.004413 0.000113 0.000113 0.000113 0.000000 0.000000 0.000000 0.004413 0.004413 0.017201 0.017201 0.004300 0.000000 1.000000 1.000000 0.500000 0.000000 0.000000 0 
669 0.004843 0.000130 0.000130 0.000130 0.000000 0.000000 0.000000 0.004843 0.004843 0.018853 0.018853 0.004713 0.000000 1.000000 1.000000 0.500000 0.000000 0.000000 0 
670 0.005293 0.000149 0.000149 0.000149 0.000000 0.000000 0.000000 0.005293 0.005293 0.020577 0.020577 0.005144 0.000000 1.000000 1.000000 0.500000 0.000000 0.000000 0 
671 0.005763 0.000170 0.000170 0.000170 0.000000 0.000000 0.000000 0.005763 0.005763 0.022375 0.022375 0.005594 0.000000 1.000000 1.000000 0.500000 0.000000 0.000000 0 
672 0.006253 0.000192 0.000192 0.000192 0.000000 0.000000 0.000000 0.006253 0.006253 0.024245 0.024245 0.006061 0.000000 1.000000 1.000000 0.500000 0.000000 0.000000 0 
673 0.006763 0.000216 0.000216 0.000216 0.000000 0.000000 0.000000 0.006763 0.006763 0.026188 0.026188 0.006547 0.000000 1.000000 1.000000 0.500000 0.000000 0.000000 0 
674 0.007293 0.000242 0.000242 0.000242 0.000000 0.000000 0.000000 0.007293 0.007293 0.028204 0.028204 0.007051 0.000000 1.000000 1.000000 0.500000 0.000000 0.000000 0 
675 0.007843 0.000271 0.000271 0.000271 0.000000 0.000000 0.000000 0.007843 0.007843 0.030291 0.030291 0.007573 0.000000 1.000000 1.000000 0.500000 0.000000 0.000000 0 
676 0.008413 0.000301 0.000301 0.000301 0.000000 0.000000 0.000000 0.008413 0.008413 0.032450 0.032450 0.008112 0.000000 1.000000 1.000000 0.500000 0.000000 0.000000 0 
677 0.009003 0.000333 0.000333 0.000333 0.000000 0.000000 0.000000 0.009003 0.009003 0.034680 0.034680 0.008670 0.000000 1.000000 1.000000 0.500000 0.000000 0.000000 0 
678 0.009613 0.000368 0.000368 0.000368 0.000000 0.000000 0.000000 0.009613 0.009613 0.036981 0.036981 0.009245 0.000000 1.000000 1.000000 0.500000 0.000000 0.000000 0 
679 0.010243 0.000405 0.000405 0.000405 0.000000 0.000000 0.000000 0.010243 0.010243 0.039353 0.039353 0.009838 0.000000 1.000000 1.000000 0.500000 0.000000 0.000000 0 
680 0.010893 0.000444 0.000444 0.000444 0.000000 0.000000 0.000000 0.010893 0.010893 0.041796 0.041796 0.010449 0.000000 1.000000 1.000000 0.500000 0.000000 0.000000 0 
681 0.011563 0.000486 0.000486 0.000486 0.000000 0.000000 0.000000 0.011563 0.011563 0.044309 0.044309 0.011077 0.000000 1.000000 1.000000 0.500000 0.000000 0.000000 0 
682 0.012253 0.000530 0.000530 0.000530 0.000000 0.000000 0.000000 0.012253 0.012253 0.046891 0.046891 0.011723 0.000000 1.000000 1.000000 0.500000 0.000000 0.000000 0 
683 0.012963 0.000577 0.000577 0.000577 0.000000 0.000000 0.000000 0.012963 0.012963 0.049544 0.049544 0.012386 0.000000 1.000000 1.000000 0.500000 0.000000 0.000000 0 
684 0.013693 0.000627 0.000627 0.000627 0.000000 0.000000 0.000000 0.013693 0.013693 0.052266 0.052266 0.013066 0.000000 1.000000 1.000000 0.500000 0.000000 0.000000 0 
685 0.014443 0.000679 0.000679 0.000679 0.000000 0.000000 0.000000 0.014443 0.014443 0.055057 0.055057 0.013764 0.000000 1.000000 1.000000 0.500000 0.000000 0.000000 0 
686 0.015213 0.000734 0.000734 0.000734 0.000000 0.000000 0.000000 0.015213 0.015213 0.057916 0.057916 0.014479 0.000000 1.000000 1.000000 0.500000 0.000000 0.000000 0 
687 0.016003 0.000792 0.000792 0.000792 0.000000 0.000000 0.000000 0.016003 0.016003 0.060845 0.060845 0.015211 0.000000 1.000000 1.000000 0.500000 0.000000 0.000000 0 
688 0.016813 0.000853 0.000853 0.000853 0.000000 0.000000 0.000000 0.016813 0.016813 0.063841 0.063841 0.015960 0.000000 1.000000 1.000000 0.500000 0.000000 0.000000 0 
689 0.017643 0.000917 0.000917 0.000917 0.000000 0.000000 0.000000 0.017643 0.017643 0.066906 0.066906 0.016727 0.000000 1.000000 1.000000 0.500000 0.000000 0.000000 0 
690 0.018493 0.000984 0.000984 0.000984 0.000000 0.000000 0.000000 0.018493 0.018493 0.070038 0.070038 0.017510 0.000000 1.000000 1.000000 0.500000 0.000000 0.000000 0 
691 0.019363 0.001054 0.001054 0.001054 0.000000 0.000000 0.000000 0.019363 0.019363 0.073238 0.073238 0.018310 0.000000 1.000000 1.000000 0.500000 0.000000 0.000000 0 
692 0.020253 0.001127 0.001127 0.001127 0.000000 0.000000 0.000000 0.020253 0.020253 0.076505 0.076505 0.019126 0.000000 1.000000 1.000000 0.500000 0.000000 0.000000 0 
693 0.021163 0.001204 0.001204 0.001204 0.000000 0.000000 0.000000 0.021163 0.021163 0.079839 0.079839 0.019960 0.000000 1.000000 1.000000 0.500000 0.000000 0.000000 0 
694 0.022093 0.001283 0.001283 0.001283 0.000000 0.000000 0.000000 0.022093 0.022093 0.083240 0.083240 0.020810 0.000000 1.000000 1.000000 0.500000 0.000000 0.000000 0 
695 0.023043 0.001367 0.001367 0.001367 0.000000 0.000000 0.000000 0.023043 0.023043 0.086707 0.086707 0.021677 0.000000 1.000000 1.000000 0.500000 0.000000 0.000000 0 
696 0.024013 0.001453 0.001453 0.001453 0.000000 0.000000 0.000000 0.024013 0.024013 0.090240 0.090240 0.022560 0.000000 1.000000 1.000000 0.500000 0.000000 0.000000 0 
697 0.025002 0.001544 0.001544 0.001544 0.000000 0.000000 0.000000 0.025002 0.025002 0.093832 0.093832 0.023458 0.000000 1.000000 1.000000 0.500000 0.000000 0.000000 0 
698 0.026000 0.001637 0.001637 0.001637 0.000000 0.000000 0.000000 0.026000 0.026000 0.097450 0.097450 0.024363 0.000000 1.000000 1.000000 0.500000 0.000000 0.000000 0 
699 0.027000 0.001735 0.001735 0.001735 0.000000 0.000000 0.000000 0.027000 0.027000 0.101061 0.101061 0.025265 0.000000 1.000000 1.000000 0.500000 0.000000 0.000000 0 
700 0.028000 0.001836 0.001836 0.001836 0.000000 0.000000 0.000000 0.028000 0.028000 0.104656 0.104656 0.026164 0.000000 1.000000 1.000000 0.500000 0.000000 0.000000 0 
701 0.029000 0.001941 0.001941 0.001941 0.000000 0.000000 0.000000 0.029000 0.029000 0.108238 0.108238 0.027059 0.000000 1.000000 1.000000 0.500000 0.000000 0.000000 0 
702 0.030000 0.002049 0.002049 0.002049 0.000000 0.000000 0.000000 0.030000 0.030000 0.111805 0.111805 0.027951 0.000000 1.000000 1.000000 0.500000 0.000000 0.000000 0 
703 0.031000 0.002161 0.002161 0.002161 0.000000 0.000000 0.000000 0.031000 0.031000 0.115358 0.115358 0.028839 0.000000 1.000000 1.000000 0.500000 0.000000 0.000000 0 
704 0.032000 0.002276 0.002276 0.002276 0.000000 0.000000 0.000000 0.032000 0.032000 0.118896 0.118896 0.029724 0.000000 1.000000 1.000000 0.500000 0.000000 0.000000 0 
705 0.033000 0.002395 0.002395 0.002395 0.000000 0.000000 0.000000 0.033000 0.033000 0.122421 0.122421 0.030605 0.000000 1.000000 1.000000 0.500000 0.000000 0.000000 0 
706 0.034000 0.002517 0.002517 0.002517 0.000000 0.000000 0.000000 0.034000 0.034000 0.125931 0.125931 0.031483 0.000000 1.000000 1.000000 0.500000 0.000000 0.000000 0 
707 0.035000 0.002643 0.002643 0.002643 0.000000 0.000000 0.000000 0.035000 0.035000 0.129427 0.129427 0.032357 0.000000 1.000000 1.000000 0.500000 0.000000 0.000000 0 
708 0.036000 0.002773 0.002773 0.002773 0.000000 0.000000 0.000000 0.036000 0.036000 0.132910 0.132910 0.033227 0.000000 1.000000 1.000000 0.500000 0.000000 0.000000 0 
709 0.037000 0.002906 0.002906 0.002906 0.000000 0.000000 0.000000 0.037000 0.037000 0.136378 0.136378 0.034094 0.000000 1.000000 1.000000 0.500000 0.000000 0.000000 0 
710 0.038000 0.003042 0.003042 0.003042 0.000000 0.000000 0.000000 0.038000 0.038000 0.139832 0.139832 0.034958 0.000000 1.000000 1.000000 0.500000 0.000000 0.000000 0 
711 0.039000 0.003182 0.003182 0.003182 0.000000 0.000000 0.000000 0.039000 0.039000 0.143273 0.143273 0.035818 0.000000 1.000000 1.000000 0.500000 0.000000 0.000000 0 
712 0.040000 0.003325 0.003325 0.003325 0.000000 0.000000 0.000000 0.040000 0.040000 0.146700 0.146700 0.036675 0.000000 1.000000 1.000000 0.500000 0.000000 0.000000 0 
713 0.041000 0.003472 0.003472 0.003472 0.000000 0.000000 0.000000 0.041000 0.041000 0.150113 0.150113 0.037528 0.000000 1.000000 1.000000 0.500000 0.000000 0.000000 0 
714 0.042000 0.003622 0.003622 0.003622 0.000000 0.000000 0.000000 0.042000 0.042000 0.153513 0.153513 0.038378 0.000000 1.000000 1.000000 0.500000 0.000000 0.000000 0 
715 0.043000 0.003775 0.003775 0.003775 0.000000 0.000000 0.000000 0.043000 0.043000 0.156899 0.156899 0.039225 0.000000 1.000000 1.000000 0.500000 0.000000 0.000000 0 
716 0.044000 0.003932 0.003932 0.003932 0.000000 0.000000 0.000000 0.044000 0.044000 0.160271 0.160271 0.040068 0.000000 1.000000 1.000000 0.500000 0.000000 0.000000 0 
717 0.045000 0.004093 0.004093 0.004093 0.000000 0.000000 0.000000 0.045000 0.045000 0.163630 0.163630 0.040907 0.000000 1.000000 1.000000 0.500000 0.000000 0.000000 0 
718 0.046000 0.004256 0.004256 0.004256 0.000000 0.000000 0.000000 0.046000 0.046000 0.166975 0.166975 0.041744 0.000000 1.000000 1.000000 0.500000 0.000000 0.000000 0 
719 0.047000 0.004423 0.004423 0.004423 0.000000 0.000000 0.000000 0.047000 0.047000 0.170308 0.170308 0.042577 0.000000 1.000000 1.000000 0.500000 0.000000 0.000000 0 
720 0.048000 0.004593 0.004593 0.004593 0.000000 0.000000 0.000000 0.048000 0.048000 0.173626 0.173626 0.043407 0.000000 1.000000 1.000000 0.500000 0.000000 0.000000 0 
721 0.049000 0.004767 0.004767 0.004767 0.000000 0.000000 0.000000 0.049000 0.049000 0.176932 0.176932 0.044233 0.000000 1.000000 1.000000 0.500000 0.000000 0.000000 0 
722 0.050000 0.004944 0.004944 0.004944 0.000000 0.000000 0.000000 0.050000 0.050000 0.180224 0.180224 0.045056 0.000000 1.000000 1.000000 0.500000 0.000000 0.000000 0 
723 0.051000 0.005124 0.005124 0.005124 0.000000 0.000000 0.000000 0.051000 0.051000 0.183503 0.183503 0.045876 0.000000 1.000000 1.000000 0.500000 0.000000 0.000000 0 
724 0.052000 0.005308 0.005308 0.005308 0.000000 0.000000 0.000000 0.052000 0.052000 0.186769 0.186769 0.046692 0.000000 1.000000 1.000000 0.500000 0.000000 0.000000 0 
725 0.053000 0.005494 0.005494 0.005494 0.000000 0.000000 0.000000 0.053000 0.053000 0.190022 0.190022 0.047506 0.000000 1.000000 1.000000 0.500000 0.000000 0.000000 0 
726 0.054000 0.005684 0.005684 0.005684 0.000000 0.000000 0.000000 0.054000 0.054000 0.193262 0.193262 0.048316 0.000000 1.000000 1.000000 0.500000 0.000000 0.000000 0 
727 0.055000 0.005878 0.005878 0.005878 0.000000 0.000000 0.000000 0.055000 0.055000 0.196489 0.196489 0.049122 0.000000 1.000000 1.000000 0.500000 0.000000 0.000000 0 
728 0.056000 0.006074 0.006074 0.006074 0.000000 0.000000 0.000000 0.056000 0.056000 0.199703 0.199703 0.049926 0.000000 1.000000 1.000000 0.500000 0.000000 0.000000 0 
729 0.057000 0.006274 0.006274 0.006274 0.000000 0.000000 0.000000 0.057000 0.057000 0.202904 0.202904 0.050726 0.000000 1.000000 1.000000 0.500000 0.000000 0.000000 0 
730 0.058000 0.006477 0.006477 0.006477 0.000000 0.000000 0.000000 0.058000 0.058000 0.206093 0.206093 0.051523 0.000000 1.000000 1.000000 0.500000 0.000000 0.000000 0 
731 0.059000 0.006683 0.006683 0.006683 0.000000 0.000000 0.000000 0.059000 0.059000 0.209268 0.209268 0.052317 0.000000 1.000000 1.000000 0.500000 0.000000 0.000000 0 
732 0.060000 0.006892 0.006892 0.006892 0.000000 0.000000 0.000000 0.060000 0.060000 0.212431 0.212431 0.053108 0.000000 1.000000 1.000000 0.500000 0.000000 0.000000 0 
733 0.061000 0.007105 0.007105 0.007105 0.000000 0.000000 0.000000 0.061000 0.061000 0.215581 0.215581 0.053895 0.000000 1.000000 1.000000 0.500000 0.000000 0.000000 0 
734 0.062000 0.007320 0.007320 0.007320 0.000000 0.000000 0.000000 0.062000 0.062000 0.218719 0.218719 0.054680 0.000000 1.000000 1.000000 0.500000 0.000000 0.000000 0 
735 0.063000 0.007539 0.007539 0.007539 0.000000 0.000000 0.000000 0.063000 0.063000 0.221844 0.221844 0.055461 0.000000 1.000000 1.000000 0.500000 0.000000 0.000000 0 
736 0.064000 0.007761 0.007761 0.007761 0.000000 0.000000 0.000000 0.064000 0.064000 0.224957 0.224957 0.056239 0.000000 1.000000 1.000000 0.500000 0.000000 0.000000 0 
737 0.065000 0.007986 0.007986 0.007986 0.000000 0.000000 0.000000 0.065000 0.065000 0.228057 0.228057 0.057014 0.000000 1.000000 1.000000 0.500000 0.000000 0.000000 0 
738 0.066000 0.008214 0.008214 0.008214 0.000000 0.000000 0.000000 0.066000 0.066000 0.231145 0.231145 0.057786 0.000000 1.000000 1.000000 0.500000 0.000000 0.000000 0 
739 0.067000 0.008445 0.008445 0.008445 0.000000 0.000000 0.000000 0.067000 0.067000 0.234220 0.234220 0.058555 0.000000 1.000000 1.000000 0.500000 0.000000 0.000000 0 
740 0.068000 0.008679 0.008679 0.008679 0.000000 0.000000 0.000000 0.068000 0.068000 0.237283 0.237283 0.059321 0.000000 1.000000 1.000000 0.500000 0.000000 0.000000 0 
741 0.069000 0.008916 0.008916 0.008916 0.000000 0.000000 0.000000 0.069000 0.069000 0.240334 0.240334 0.060084 0.000000 1.000000 1.000000 0.500000 0.000000 0.000000 0 
742 0.070000 0.009157 0.009157 0.009157 0.000000 0.000000 0.000000 0.070000 0.070000 0.243373 0.243373 0.060843 0.000000 1.000000 1.000000 0.500000 0.000000 0.000000 0 
743 0.071000 0.009400 0.009400 0.009400 0.000000 0.000000 0.000000 0.071000 0.071000 0.246399 0.246399 0.061600 0.000000 1.000000 1.000000 0.500000 0.000000 0.000000 0 
744 0.072000 0.009647 0.009647 0.009647 0.000000 0.000000 0.000000 0.072000 0.072000 0.249414 0.249414 0.062353 0.000000 1.000000 1.000000 0.500000 0.000000 0.000000 0 
745 0.073000 0.009896 0.009896 0.009896 0.000000 0.000000 0.000000 0.073000 0.073000 0.252416 0.252416 0.063104 0.000000 1.000000 1.000000 0.500000 0.000000 0.000000 0 
746 0.074000 0.010148 0.010148 0.010148 0.000000 0.000000 0.000000 0.074000 0.074000 0.255406 0.255406 0.063852 0.000000 1.000000 1.000000 0.500000 0.000000 0.000000 0 
747 0.075000 0.010404 0.010404 0.010404 0.000000 0.000000 0.000000 0.075000 0.075000 0.258385 0.258385 0.064596 0.000000 1.000000 1.000000 0.500000 0.000000 0.000000 0 
748 0.076000 0.010662 0.010662 0.010662 0.000000 0.000000 0.000000 0.076000 0.076000 0.261351 0.261351 0.065338 0.000000 1.000000 1.000000 0.500000 0.000000 0.000000 0 
749 0.077000 0.010924 0.010924 0.010924 0.000000 0.000000 0.000000 0.077000 0.077000 0.264306 0.264306 0.066076 0.000000 1.000000 1.000000 0.500000 0.000000 0.000000 0 
750 0.078000 0.011188 0.011188 0.011188 0.000000 0.000000 0.000000 0.078000 0.078000 0.267249 0.267249 0.066812 0.000000 1.000000 1.000000 0.500000 0.000000 0.000000 0 
751 0.079000 0.011455 0.011455 0.011455 0.000000 0.000000 0.000000 0.079000 0.079000 0.270180 0.270180 0.067545 0.000000 1.000000 1.000000 0.500000 0.000000 0.000000 0 
752 0.080000 0.011725 0.011725 0.011725 0.000000 0.000000 0.000000 0.080000 0.080000 0.273099 0.273099 0.068275 0.000000 1.000000 1.000000 0.500000 0.000000 0.000000 0 
753 0.081000 0.011998 0.011998 0.011998 0.000000 0.000000 0.000000 0.081000 0.081000 0.276007 0.276007 0.069002 0.000000 1.000000 1.000000 0.500000 0.000000 0.000000 0 
754 0.082000 0.012274 0.012274 0.012274 0.000000 0.000000 0.000000 0.082000 0.082000 0.278903 0.278903 0.069726 0.000000 1.000000 1.000000 0.500000 0.000000 0.000000 0 
755 0.083000 0.012553 0.012553 0.012553 0.000000 0.000000 0.000000 0.083000 0.083000 0.281787 0.281787 0.070447 0.000000 1.000000 1.000000 0.500000 0.000000 0.000000 0 
756 0.084000 0.012835 0.012835 0.012835 0.000000 0.000000 0.000000 0.084000 0.084000 0.284660 0.284660 0.071165 0.000000 1.000000 1.000000 0.500000 0.000000 0.000000 0 
757 0.085000 0.013120 0.013120 0.013120 0.000000 0.000000 0.000000 0.085000 0.085000 0.287521 0.287521 0.071880 0.000000 1.000000 1.000000 0.500000 0.000000 0.000000 0 
758 0.086000 0.013407 0.013407 0.013407 0.000000 0.000000 0.000000 0.086000 0.086000 0.290371 0.290371 0.072593 0.000000 1.000000 1.000000 0.500000 0.000000 0.000000 0 
759 0.087000 0.013698 0.013698 0.013698 0.000000 0.000000 0.000000 0.087000 0.087000 0.293210 0.293210 0.073302 0.000000 1.000000 1.000000 0.500000 0.000000 0.000000 0 
760 0.088000 0.013991 0.013991 0.013991 0.000000 0.000000 0.000000 0.088000 0.088000 0.296037 0.296037 0.074009 0.000000 1.000000 1.000000 0.500000 0.000000 0.000000 0 
761 0.089000 0.014287 0.014287 0.014287 0.000000 0.000000 0.000000 0.089000 0.089000 0.298853 0.298853 0.074713 0.000000 1.000000 1.000000 0.500000 0.000000 0.000000 0 
762 0.090000 0.014586 0.014586 0.014586 0.000000 0.000000 0.000000 0.090000 0.090000 0.301657 0.301657 0.075414 0.000000 1.000000 1.000000 0.500000 0.000000 0.000000 0 
763 0.091000 0.014887 0.014887 0.014887 0.000000 0.000000 0.000000 0.091000 0.091000 0.304451 0.304451 0.076113 0.000000 1.000000 1.000000 0.500000 0.000000 0.000000 0 
764 0.092000 0.015192 0.015192 0.015192 0.000000 0.000000 0.000000 0.092000 0.092000 0.307233 0.307233 0.076808 0.000000 1.000000 1.000000 0.500000 0.000000 0.000000 0 
765 0.093000 0.015499 0.015499 0.015499 0.000000 0.000000 0.000000 0.093000 0.093000 0.310004 0.310004 0.077501 0.000000 1.000000 1.000000 0.500000 0.000000 0.000000 0 
766 0.094000 0.015809 0.015809 0.015809 0.000000 0.000000 0.000000 0.094000 0.094000 0.312764 0.312764 0.078191 0.000000 1.000000 1.000000 0.500000 0.000000 0.000000 0 
767 0.095000 0.016122 0.016122 0.016122 0.000000 0.000000 0.000000 0.095000 0.095000 0.315513 0.315513 0.078878 0.000000 1.000000 1.000000 0.500000 0.000000 0.000000 0 
768 0.096000 0.016437 0.016437 0.016437 0.000000 0.000000 0.000000 0.096000 0.096000 0.318251 0.318251 0.079563 0.000000 1.000000 1.000000 0.500000 0.000000 0.000000 0 
769 0.097000 0.016756 0.016756 0.016756 0.000000 0.000000 0.000000 0.097000 0.097000 0.320978 0.320978 0.080244 0.000000 1.000000 1.000000 0.500000 0.000000 0.000000 0 
770 0.098000 0.017077 0.017077 0.017077 0.000000 0.000000 0.000000 0.098000 0.098000 0.323694 0.323694 0.080923 0.000000 1.000000 1.000000 0.500000 0.000000 0.000000 0 
771 0.099000 0.017400 0.017400 0.017400 0.000000 0.000000 0.000000 0.099000 0.099000 0.326399 0.326399 0.081600 0.000000 1.000000 1.000000 0.500000 0.000000 0.000000 0 
772 0.100000 0.017727 0.017727 0.017727 0.000000 0.000000 0.000000 0.100000 0.100000 0.329093 0.329093 0.082273 0.000000 1.000000 1.000000 0.500000 0.000000 0.000000 0 
773 0.101000 0.018056 0.018056 0.018056 0.000000 0.000000 0.000000 0.101000 0.101000 0.331777 0.331777 0.082944 0.000000 1.000000 1.000000 0.500000 0.000000 0.000000 0 
774 0.102000 0.018388 0.018388 0.018388 0.000000 0.000000 0.000000 0.102000 0.102000 0.334450 0.334450 0.083612 0.000000 1.000000 1.000000 0.500000 0.000000 0.000000 0 
775 0.103000 0.018722 0.018722 0.018722 0.000000 0.000000 0.000000 0.103000 0.103000 0.337112 0.337112 0.084278 0.000000 1.000000 1.000000 0.500000 0.000000 0.000000 0 
776 0.104000 0.019059 0.019059 0.019059 0.000000 0.000000 0.000000 0.104000 0.104000 0.339764 0.339764 0.084941 0.000000 1.000000 1.000000 0.500000 0.000000 0.000000 0 
777 0.105000 0.019399 0.019399 0.019399 0.000000 0.000000 0.000000 0.105000 0.105000 0.342405 0.342405 0.085601 0.000000 1.000000 1.000000 0.500000 0.000000 0.000000 0 
778 0.106000 0.019741 0.019741 0.019741 0.000000 0.000000 0.000000 0.106000 0.106000 0.345035 0.345035 0.086259 0.000000 1.000000 1.000000 0.500000 0.000000 0.000000 0 
779 0.107000 0.020086 0.020086 0.020086 0.000000 0.000000 0.000000 0.107000 0.107000 0.347655 0.347655 0.086914 0.000000 1.000000 1.000000 0.500000 0.000000 0.000000 0 
780 0.108000 0.020434 0.020434 0.020434 0.000000 0.000000 0.000000 0.108000 0.108000 0.350264 0.350264 0.087566 0.000000 1.000000 1.000000 0.500000 0.000000 0.000000 0 
781 0.109000 0.020784 0.020784 0.020784 0.000000 0.000000 0.000000 0.109000 0.109000 0.352863 0.352863 0.088216 0.000000 1.000000 1.000000 0.500000 0.000000 0.000000 0 
782 0.110000 0.021137 0.021137 0.021137 0.000000 0.000000 0.000000 0.110000 0.110000 0.355452 0.355452 0.088863 0.000000 1.000000 1.000000 0.500000 0.000000 0.000000 0 
783 0.111000 0.021493 0.021493 0.021493 0.000000 0.000000 0.000000 0.111000 0.111000 0.358030 0.358030 0.089507 0.000000 1.000000 1.000000 0.500000 0.000000 0.000000 0 
784 0.112000 0.021851 0.021851 0.021851 0.000000 0.000000 0.000000 0.112000 0.112000 0.360598 0.360598 0.090149 0.000000 1.000000 1.000000 0.500000 0.000000 0.000000 0 
785 0.113000 0.022211 0.022211 0.022211 0.000000 0.000000 0.000000 0.113000 0.113000 0.363155 0.363155 0.090789 0.000000 1.000000 1.000000 0.500000 0.000000 0.000000 0 
786 0.114000 0.022574 0.022574 0.022574 0.000000 0.000000 0.000000 0.114000 0.114000 0.365703 0.365703 0.091426 0.000000 1.000000 1.000000 0.500000 0.000000 0.000000 0 
787 0.115000 0.022940 0.022940 0.022940 0.000000 0.000000 0.000000 0.115000 0.115000 0.368240 0.368240 0.092060 0.000000 1.000000 1.000000 0.500000 0.000000 0.000000 0 
788 0.116000 0.023308 0.023308 0.023308 0.000000 0.000000 0.000000 0.116000 0.116000 0.370767 0.370767 0.092692 0.000000 1.000000 1.000000 0.500000 0.000000 0.000000 0 
789 0.117000 0.023679 0.023679 0.023679 0.000000 0.000000 0.000000 0.117000 0.117000 0.373284 0.373284 0.093321 0.000000 1.000000 1.000000 0.500000 0.000000 0.000000 0 
790 0.118000 0.024052 0.024052 0.024052 0.000000 0.000000 0.000000 0.118000 0.118000 0.375791 0.375791 0.093948 0.000000 1.000000 1.000000 0.500000 0.000000 0.000000 0 
791 0.119000 0.024428 0.024428 0.024428 0.000000 0.000000 0.000000 0.119000 0.119000 0.378288 0.378288 0.094572 0.000000 1.000000 1.000000 0.500000 0.000000 0.000000 0 
792 0.120000 0.024806 0.024806 0.024806 0.000000 0.000000 0.000000 0.120000 0.120000 0.380774 0.380774 0.095194 0.000000 1.000000 1.000000 0.500000 0.000000 0.000000 0 
793 0.121000 0.025187 0.025187 0.025187 0.000000 0.000000 0.000000 0.121000 0.121000 0.383251 0.383251 0.095813 0.000000 1.000000 1.000000 0.500000 0.000000 0.000000 0 
794 0.122000 0.025570 0.025570 0.025570 0.000000 0.000000 0.000000 0.122000 0.122000 0.385718 0.385718 0.096430 0.000000 1.000000 1.000000 0.500000 0.000000 0.000000 0 
795 0.123000 0.025956 0.025956 0.025956 0.000000 0.000000 0.000000 0.123000 0.123000 0.388176 0.388176 0.097044 0.000000 1.000000 1.000000 0.500000 0.000000 0.000000 0 
796 0.124000 0.026344 0.026344 0.026344 0.000000 0.000000 0.000000 0.124000 0.124000 0.390623 0.390623 0.097656 0.000000 1.000000 1.000000 0.500000 0.000000 0.000000 0 
797 0.125000 0.026735 0.026735 0.026735 0.000000 0.000000 0.000000 0.125000 0.125000 0.393060 0.393060 0.098265 0.000000 1.000000 1.000000 0.500000 0.000000 0.000000 0 
798 0.126000 0.027128 0.027128 0.027128 0.000000 0.000000 0.000000 0.126000 0.126000 0.395488 0.395488 0.098872 0.000000 1.000000 1.000000 0.500000 0.000000 0.000000 0 
799 0.127000 0.027523 0.027523 0.027523 0.000000 0.000000 0.000000 0.127000 0.127000 0.397906 0.397906 0.099477 0.000000 1.000000 1.000000 0.500000 0.000000 0.000000 0 
800 0.128000 0.027921 0.027921 0.027921 0.000000 0.000000 0.000000 0.128000 0.128000 0.400314 0.400314 0.100079 0.000000 1.000000 1.000000 0.500000 0.000000 0.000000 0 
801 0.129000 0.028322 0.028322 0.028322 0.000000 0.000000 0.000000 0.129000 0.129000 0.402713 0.402713 0.100678 0.000000 1.000000 1.000000 0.500000 0.000000 0.000000 0 
802 0.130000 0.028724 0.028724 0.028724 0.000000 0.000000 0.000000 0.130000 0.130000 0.405102 0.405102 0.101276 0.000000 1.000000 1.000000 0.500000 0.000000 0.000000 0 
803 0.131000 0.029130 0.029130 0.029130 0.000000 0.000000 0.000000 0.131000 0.131000 0.407482 0.407482 0.101870 0.000000 1.000000 1.000000 0.500000 0.000000 0.000000 0 
804 0.132000 0.029537 0.029537 0.029537 0.000000 0.000000 0.000000 0.132000 0.132000 0.409852 0.409852 0.102463 0.000000 1.000000 1.000000 0.500000 0.000000 0.000000 0 
805 0.133000 0.029947 0.029947 0.029947 0.000000 0.000000 0.000000 0.133000 0.133000 0.412213 0.412213 0.103053 0.000000 1.000000 1.000000 0.500000 0.000000 0.000000 0 
806 0.134000 0.030359 0.030359 0.030359 0.000000 0.000000 0.000000 0.134000 0.134000 0.414564 0.414564 0.103641 0.000000 1.000000 1.000000 0.500000 0.000000 0.000000 0 
807 0.135000 0.030774 0.030774 0.030774 0.000000 0.000000 0.000000 0.135000 0.135000 0.416906 0.416906 0.104226 0.000000 1.000000 1.000000 0.500000 0.000000 0.000000 0 
808 0.136000 0.031191 0.031191 0.031191 0.000000 0.000000 0.000000 0.136000 0.136000 0.419238 0.419238 0.104809 0.000000 1.000000 1.000000 0.500000 0.000000 0.000000 0 
809 0.137000 0.031610 0.031610 0.031610 0.000000 0.000000 0.000000 0.137000 0.137000 0.421561 0.421561 0.105390 0.000000 1.000000 1.000000 0.500000 0.000000 0.000000 0 
810 0.138000 0.032031 0.032031 0.032031 0.000000 0.000000 0.000000 0.138000 0.138000 0.423875 0.423875 0.105969 0.000000 1.000000 1.000000 0.500000 0.000000 0.000000 0 
811 0.139000 0.032455 0.032455 0.032455 0.000000 0.000000 0.000000 0.139000 0.139000 0.426179 0.426179 0.106545 0.000000 1.000000 1.000000 0.500000 0.000000 0.000000 0 
812 0.140000 0.032881 0.032881 0.032881 0.000000 0.000000 0.000000 0.140000 0.140000 0.428475 0.428475 0.107119 0.000000 1.000000 1.000000 0.500000 0.000000 0.000000 0 
813 0.141000 0.033310 0.033310 0.033310 0.000000 0.000000 0.000000 0.141000 0.141000 0.430761 0.430761 0.107690 0.000000 1.000000 1.000000 0.500000 0.000000 0.000000 0 
814 0.142000 0.033741 0.033741 0.033741 0.000000 0.000000 0.000000 0.142000 0.142000 0.433038 0.433038 0.108259 0.000000 1.000000 1.000000 0.500000 0.000000 0.000000 0 
815 0.143000 0.034174 0.034174 0.034174 0.000000 0.000000 0.000000 0.143000 0.143000 0.435305 0.435305 0.108826 0.000000 1.000000 1.000000 0.500000 0.000000 0.000000 0 
816 0.144000 0.034609 0.034609 0.034609 0.000000 0.000000 0.000000 0.144000 0.144000 0.437564 0.437564 0.109391 0.000000 1.000000 1.000000 0.500000 0.000000 0.000000 0 
817 0.145000 0.035047 0.035047 0.035047 0.000000 0.000000 0.000000 0.145000 0.145000 0.439814 0.439814 0.109953 0.000000 1.000000 1.000000 0.500000 0.000000 0.000000 0 
818 0.146000 0.035486 0.035486 0.035486 0.000000 0.000000 0.000000 0.146000 0.146000 0.442055 0.442055 0.110514 0.000000 1.000000 1.000000 0.500000 0.000000 0.000000 0 
819 0.147000 0.035928 0.035928 0.035928 0.000000 0.000000 0.000000 0.147000 0.147000 0.444286 0.444286 0.111072 0.000000 1.000000 1.000000 0.500000 0.000000 0.000000 0 
820 0.148000 0.036373 0.036373 0.036373 0.000000 0.000000 0.000000 0.148000 0.148000 0.446509 0.446509 0.111627 0.000000 1.000000 1.000000 0.500000 0.000000 0.000000 0 
821 0.149000 0.036819 0.036819 0.036819 0.000000 0.000000 0.000000 0.149000 0.149000 0.448723 0.448723 0.112181 0.000000 1.000000 1.000000 0.500000 0.000000 0.000000 0 
822 0.150000 0.037268 0.037268 0.037268 0.000000 0.000000 0.000000 0.150000 0.150000 0.450928 0.450928 0.112732 0.000000 1.000000 1.000000 0.500000 0.000000 0.000000 0 
823 0.151000 0.037719 0.037719 0.037719 0.000000 0.000000 0.000000 0.151000 0.151000 0.453125 0.453125 0.113281 0.000000 1.000000 1.000000 0.500000 0.000000 0.000000 0 
824 0.152000 0.038172 0.038172 0.038172 0.000000 0.000000 0.000000 0.152000 0.152000 0.455312 0.455312 0.113828 0.000000 1.000000 1.000000 0.500000 0.000000 0.000000 0 
825 0.153000 0.038627 0.038627 0.038627 0.000000 0.000000 0.000000 0.153000 0.153000 0.457491 0.457491 0.114373 0.000000 1.000000 1.000000 0.500000 0.000000 0.000000 0 
826 0.154000 0.039085 0.039085 0.039085 0.000000 0.000000 0.000000 0.154000 0.154000 0.459661 0.459661 0.114915 0.000000 1.000000 1.000000 0.500000 0.000000 0.000000 0 
827 0.155000 0.039544 0.039544 0.039544 0.000000 0.000000 0.000000 0.155000 0.155000 0.461822 0.461822 0.115456 0.000000 1.000000 1.000000 0.500000 0.000000 0.000000 0 
828 0.156000 0.040006 0.040006 0.040006 0.000000 0.000000 0.000000 0.156000 0.156000 0.463975 0.463975 0.115994 0.000000 1.000000 1.000000 0.500000 0.000000 0.000000 0 
829 0.157000 0.040470 0.040470 0.040470 0.000000 0.000000 0.000000 0.157000 0.157000 0.466119 0.466119 0.116530 0.000000 1.000000 1.000000 0.500000 0.000000 0.000000 0 
830 0.158000 0.040936 0.040936 0.040936 0.000000 0.000000 0.000000 0.158000 0.158000 0.468255 0.468255 0.117064 0.000000 1.000000 1.000000 0.500000 0.000000 0.000000 0 
831 0.159000 0.041405 0.041405 0.041405 0.000000 0.000000 0.000000 0.159000 0.159000 0.470382 0.470382 0.117595 0.000000 1.000000 1.000000 0.500000 0.000000 0.000000 0 
832 0.160000 0.041875 0.041875 0.041875 0.000000 0.000000 0.000000 0.160000 0.160000 0.472500 0.472500 0.118125 0.000000 1.000000 1.000000 0.500000 0.000000 0.000000 0 
833 0.161000 0.042347 0.042347 0.042347 0.000000 0.000000 0.000000 0.161000 0.161000 0.474610 0.474610 0.118653 0.000000 1.000000 1.000000 0.500000 0.000000 0.000000 0 
834 0.162000 0.042822 0.042822 0.042822 0.000000 0.000000 0.000000 0.162000 0.162000 0.476712 0.476712 0.119178 0.000000 1.000000 1.000000 0.500000 0.000000 0.000000 0 
835 0.163000 0.043299 0.043299 0.043299 0.000000 0.000000 0.000000 0.163000 0.163000 0.478805 0.478805 0.119701 0.000000 1.000000 1.000000 0.500000 0.000000 0.000000 0 
836 0.164000 0.043778 0.043778 0.043778 0.000000 0.000000 0.000000 0.164000 0.164000 0.480890 0.480890 0.120222 0.000000 1.000000 1.000000 0.500000 0.000000 0.000000 0 
837 0.165000 0.044258 0.044258 0.044258 0.000000 0.000000 0.000000 0.165000 0.165000 0.482966 0.482966 0.120742 0.000000 1.000000 1.000000 0.500000 0.000000 0.000000 0 
838 0.166000 0.044741 0.044741 0.044741 0.000000 0.000000 0.000000 0.166000 0.166000 0.485034 0.485034 0.121259 0.000000 1.000000 1.000000 0.500000 0.000000 0.000000 0 
839 0.167000 0.045226 0.045226 0.045226 0.000000 0.000000 0.000000 0.167000 0.167000 0.487094 0.487094 0.121774 0.000000 1.000000 1.000000 0.500000 0.000000 0.000000 0 
840 0.168000 0.045714 0.045714 0.045714 0.000000 0.000000 0.000000 0.168000 0.168000 0.489146 0.489146 0.122286 0.000000 1.000000 1.000000 0.500000 0.000000 0.000000 0 
841 0.169000 0.046203 0.046203 0.046203 0.000000 0.000000 0.000000 0.169000 0.169000 0.491189 0.491189 0.122797 0.000000 1.000000 1.000000 0.500000 0.000000 0.000000 0 
842 0.170000 0.046694 0.046694 0.046694 0.000000 0.000000 0.000000 0.170000 0.170000 0.493224 0.493224 0.123306 0.000000 1.000000 1.000000 0.500000 0.000000 0.000000 0 
843 0.171000 0.047187 0.047187 0.047187 0.000000 0.000000 0.000000 0.171000 0.171000 0.495251 0.495251 0.123813 0.000000 1.000000 1.000000 0.500000 0.000000 0.000000 0 
844 0.172000 0.047682 0.047682 0.047682 0.000000 0.000000 0.000000 0.172000 0.172000 0.497270 0.497270 0.124318 0.000000 1.000000 1.000000 0.500000 0.000000 0.000000 0 
845 0.173000 0.048180 0.048180 0.048180 0.000000 0.000000 0.000000 0.173000 0.173000 0.499281 0.499281 0.124820 0.000000 1.000000 1.000000 0.500000 0.000000 0.000000 0 
846 0.174000 0.048679 0.048679 0.048679 0.000000 0.000000 0.000000 0.174000 0.174000 0.501284 0.501284 0.125321 0.000000 1.000000 1.000000 0.500000 0.000000 0.000000 0 
847 0.175000 0.049180 0.049180 0.049180 0.000000 0.000000 0.000000 0.175000 0.175000 0.503279 0.503279 0.125820 0.000000 1.000000 1.000000 0.500000 0.000000 0.000000 0 
848 0.176000 0.049684 0.049684 0.049684 0.000000 0.000000 0.000000 0.176000 0.176000 0.505266 0.505266 0.126316 0.000000 1.000000 1.000000 0.500000 0.000000 0.000000 0 
849 0.177000 0.050189 0.050189 0.050189 0.000000 0.000000 0.000000 0.177000 0.177000 0.507245 0.507245 0.126811 0.000000 1.000000 1.000000 0.500000 0.000000 0.000000 0 
850 0.178000 0.050696 0.050696 0.050696 0.000000 0.000000 0.000000 0.178000 0.178000 0.509216 0.509216 0.127304 0.000000 1.000000 1.000000 0.500000 0.000000 0.000000 0 
851 0.179000 0.051205 0.051205 0.051205 0.000000 0.000000 0.000000 0.179000 0.179000 0.511179 0.511179 0.127795 0.000000 1.000000 1.000000 0.500000 0.000000 0.000000 0 
852 0.180000 0.051716 0.051716 0.051716 0.000000 0.000000 0.000000 0.180000 0.180000 0.513134 0.513134 0.128284 0.000000 1.000000 1.000000 0.500000 0.000000 0.000000 0 
853 0.181000 0.052230 0.052230 0.052230 0.000000 0.000000 0.000000 0.181000 0.181000 0.515082 0.515082 0.128770 0.000000 1.000000 1.000000 0.500000 0.000000 0.000000 0 
854 0.182000 0.052745 0.052745 0.052745 0.000000 0.000000 0.000000 0.182000 0.182000 0.517021 0.517021 0.129255 0.000000 1.000000 1.000000 0.500000 0.000000 0.000000 0 
855 0.183000 0.053262 0.053262 0.053262 0.000000 0.000000 0.000000 0.183000 0.183000 0.518953 0.518953 0.129738 0.000000 1.000000 1.000000 0.500000 0.000000 0.000000 0 
856 0.184000 0.053781 0.053781 0.053781 0.000000 0.000000 0.000000 0.184000 0.184000 0.520878 0.520878 0.130219 0.000000 1.000000 1.000000 0.500000 0.000000 0.000000 0 
857 0.185000 0.054301 0.054301 0.054301 0.000000 0.000000 0.000000 0.185000 0.185000 0.522794 0.522794 0.130699 0.000000 1.000000 1.000000 0.500000 0.000000 0.000000 0 
858 0.186000 0.054824 0.054824 0.054824 0.000000 0.000000 0.000000 0.186000 0.186000 0.524703 0.524703 0.131176 0.000000 1.000000 1.000000 0.500000 0.000000 0.000000 0 
859 0.187000 0.055349 0.055349 0.055349 0.000000 0.000000 0.000000 0.187000 0.187000 0.526604 0.526604 0.131651 0.000000 1.000000 1.000000 0.500000 0.000000 0.000000 0 
860 0.188000 0.055876 0.055876 0.055876 0.000000 0.000000 0.000000 0.188000 0.188000 0.528498 0.528498 0.132124 0.000000 1.000000 1.000000 0.500000 0.000000 0.000000 0 
861 0.189000 0.056404 0.056404 0.056404 0.000000 0.000000 0.000000 0.189000 0.189000 0.530384 0.530384 0.132596 0.000000 1.000000 1.000000 0.500000 0.000000 0.000000 0 
862 0.190000 0.056934 0.056934 0.056934 0.000000 0.000000 0.000000 0.190000 0.190000 0.532262 0.532262 0.133066 0.000000 1.000000 1.000000 0.500000 0.000000 0.000000 0 
863 0.191000 0.057467 0.057467 0.057467 0.000000 0.000000 0.000000 0.191000 0.191000 0.534133 0.534133 0.133533 0.000000 1.000000 1.000000 0.500000 0.000000 0.000000 0 
864 0.192000 0.058001 0.058001 0.058001 0.000000 0.000000 0.000000 0.192000 0.192000 0.535997 0.535997 0.133999 0.000000 1.000000 1.000000 0.500000 0.000000 0.000000 0 
865 0.193000 0.058537 0.058537 0.058537 0.000000 0.000000 0.000000 0.193000 0.193000 0.537853 0.537853 0.134463 0.000000 1.000000 1.000000 0.500000 0.000000 0.000000 0 
866 0.194000 0.059075 0.059075 0.059075 0.000000 0.000000 0.000000 0.194000 0.194000 0.539701 0.539701 0.134925 0.000000 1.000000 1.000000 0.500000 0.000000 0.000000 0 
867 0.195000 0.059614 0.059614 0.059614 0.000000 0.000000 0.000000 0.195000 0.195000 0.541542 0.541542 0.135386 0.000000 1.000000 1.000000 0.500000 0.000000 0.000000 0 
868 0.196000 0.060156 0.060156 0.060156 0.000000 0.000000 0.000000 0.196000 0.196000 0.543376 0.543376 0.135844 0.000000 1.000000 1.000000 0.500000 0.000000 0.000000 0 
869 0.197000 0.060699 0.060699 0.060699 0.000000 0.000000 0.000000 0.197000 0.197000 0.545203 0.545203 0.136301 0.000000 1.000000 1.000000 0.500000 0.000000 0.000000 0 
870 0.198000 0.061245 0.061245 0.061245 0.000000 0.000000 0.000000 0.198000 0.198000 0.547022 0.547022 0.136755 0.000000 1.000000 1.000000 0.500000 0.000000 0.000000 0 
871 0.199000 0.061792 0.061792 0.061792 0.000000 0.000000 0.000000 0.199000 0.199000 0.548834 0.548834 0.137208 0.000000 1.000000 1.000000 0.500000 0.000000 0.000000 0 
872 0.200000 0.062340 0.062340 0.062340 0.000000 0.000000 0.000000 0.200000 0.200000 0.550638 0.550638 0.137660 0.000000 1.000000 1.000000 0.500000 0.000000 0.000000 0 
873 0.201000 0.062891 0.062891 0.062891 0.000000 0.000000 0.000000 0.201000 0.201000 0.552436 0.552436 0.138109 0.000000 1.000000 1.000000 0.500000 0.000000 0.000000 0 
874 0.202000 0.063443 0.063443 0.063443 0.000000 0.000000 0.000000 0.202000 0.202000 0.554226 0.554226 0.138557 0.000000 1.000000 1.000000 0.500000 0.000000 0.000000 0 
875 0.203000 0.063998 0.063998 0.063998 0.000000 0.000000 0.000000 0.203000 0.203000 0.556009 0.556009 0.139002 0.000000 1.000000 1.000000 0.500000 0.000000 0.000000 0 
876 0.204000 0.064554 0.064554 0.064554 0.000000 0.000000 0.000000 0.204000 0.204000 0.557785 0.557785 0.139446 0.000000 1.000000 1.000000 0.500000 0.000000 0.000000 0 
877 0.205000 0.065111 0.065111 0.065111 0.000000 0.000000 0.000000 0.205000 0.205000 0.559554 0.559554 0.139889 0.000000 1.000000 1.000000 0.500000 0.000000 0.000000 0 
878 0.206000 0.065671 0.065671 0.065671 0.000000 0.000000 0.000000 0.206000 0.206000 0.561316 0.561316 0.140329 0.000000 1.000000 1.000000 0.500000 0.000000 0.000000 0 
879 0.207000 0.066232 0.066232 0.066232 0.000000 0.000000 0.000000 0.207000 0.207000 0.563071 0.563071 0.140768 0.000000 1.000000 1.000000 0.500000 0.000000 0.000000 0 
880 0.208000 0.066795 0.066795 0.066795 0.000000 0.000000 0.000000 0.208000 0.208000 0.564818 0.564818 0.141205 0.000000 1.000000 1.000000 0.500000 0.000000 0.000000 0 
881 0.209000 0.067360 0.067360 0.067360 0.000000 0.000000 0.000000 0.209000 0.209000 0.566559 0.566559 0.141640 0.000000 1.000000 1.000000 0.500000 0.000000 0.000000 0 
882 0.210000 0.067927 0.067927 0.067927 0.000000 0.000000 0.000000 0.210000 0.210000 0.568293 0.568293 0.142073 0.000000 1.000000 1.000000 0.500000 0.000000 0.000000 0 
883 0.211000 0.068495 0.068495 0.068495 0.000000 0.000000 0.000000 0.211000 0.211000 0.570020 0.570020 0.142505 0.000000 1.000000 1.000000 0.500000 0.000000 0.000000 0 
884 0.212000 0.069065 0.069065 0.069065 0.000000 0.000000 0.000000 0.212000 0.212000 0.571740 0.571740 0.142935 0.000000 1.000000 1.000000 0.500000 0.000000 0.000000 0 
885 0.213000 0.069637 0.069637 0.069637 0.000000 0.000000 0.000000 0.213000 0.213000 0.573453 0.573453 0.143363 0.000000 1.000000 1.000000 0.500000 0.000000 0.000000 0 
886 0.214000 0.070210 0.070210 0.070210 0.000000 0.000000 0.000000 0.214000 0.214000 0.575159 0.575159 0.143790 0.000000 1.000000 1.000000 0.500000 0.000000 0.000000 0 
887 0.215000 0.070785 0.070785 0.070785 0.000000 0.000000 0.000000 0.215000 0.215000 0.576858 0.576858 0.144215 0.000000 1.000000 1.000000 0.500000 0.000000 0.000000 0 
888 0.216000 0.071362 0.071362 0.071362 0.000000 0.000000 0.000000 0.216000 0.216000 0.578551 0.578551 0.144638 0.000000 1.000000 1.000000 0.500000 0.000000 0.000000 0 
889 0.217000 0.071941 0.071941 0.071941 0.000000 0.000000 0.000000 0.217000 0.217000 0.580237 0.580237 0.145059 0.000000 1.000000 1.000000 0.500000 0.000000 0.000000 0 
890 0.218000 0.072521 0.072521 0.072521 0.000000 0.000000 0.000000 0.218000 0.218000 0.581916 0.581916 0.145479 0.000000 1.000000 1.000000 0.500000 0.000000 0.000000 0 
891 0.219000 0.073103 0.073103 0.073103 0.000000 0.000000 0.000000 0.219000 0.219000 0.583588 0.583588 0.145897 0.000000 1.000000 1.000000 0.500000 0.000000 0.000000 0 
892 0.220000 0.073687 0.073687 0.073687 0.000000 0.000000 0.000000 0.220000 0.220000 0.585254 0.585254 0.146313 0.000000 1.000000 1.000000 0.500000 0.000000 0.000000 0 
893 0.221000 0.074272 0.074272 0.074272 0.000000 0.000000 0.000000 0.221000 0.221000 0.586913 0.586913 0.146728 0.000000 1.000000 1.000000 0.500000 0.000000 0.000000 0 
894 0.222000 0.074859 0.074859 0.074859 0.000000 0.000000 0.000000 0.222000 0.222000 0.588565 0.588565 0.147141 0.000000 1.000000 1.000000 0.500000 0.000000 0.000000 0 
895 0.223000 0.075447 0.075447 0.075447 0.000000 0.000000 0.000000 0.223000 0.223000 0.590211 0.590211 0.147553 0.000000 1.000000 1.000000 0.500000 0.000000 0.000000 0 
896 0.224000 0.076038 0.076038 0.076038 0.000000 0.000000 0.000000 0.224000 0.224000 0.591850 0.591850 0.147962 0.000000 1.000000 1.000000 0.500000 0.000000 0.000000 0 
897 0.225000 0.076629 0.076629 0.076629 0.000000 0.000000 0.000000 0.225000 0.225000 0.593482 0.593482 0.148371 0.000000 1.000000 1.000000 0.500000 0.000000 0.000000 0 
898 0.226000 0.077223 0.077223 0.077223 0.000000 0.000000 0.000000 0.226000 0.226000 0.595108 0.595108 0.148777 0.000000 1.000000 1.000000 0.500000 0.000000 0.000000 0 
899 0.227000 0.077818 0.077818 0.077818 0.000000 0.000000 0.000000 0.227000 0.227000 0.596728 0.596728 0.149182 0.000000 1.000000 1.000000 0.500000 0.000000 0.000000 0 
900 0.228000 0.078415 0.078415 0.078415 0.000000 0.000000 0.000000 0.228000 0.228000 0.598341 0.598341 0.149585 0.000000 1.000000 1.000000 0.500000 0.000000 0.000000 0 
901 0.229000 0.079013 0.079013 0.079013 0.000000 0.000000 0.000000 0.229000 0.229000 0.599948 0.599948 0.149987 0.000000 1.000000 1.000000 0.500000 0.000000 0.000000 0 
902 0.230000 0.079613 0.079613 0.079613 0.000000 0.000000 0.000000 0.230000 0.230000 0.601548 0.601548 0.150387 0.000000 1.000000 1.000000 0.500000 0.000000 0.000000 0 
903 0.231000 0.080215 0.080215 0.080215 0.000000 0.000000 0.000000 0.231000 0.231000 0.603142 0.603142 0.150785 0.000000 1.000000 1.000000 0.500000 0.000000 0.000000 0 
904 0.232000 0.080818 0.080818 0.080818 0.000000 0.000000 0.000000 0.232000 0.232000 0.604729 0.604729 0.151182 0.000000 1.000000 1.000000 0.500000 0.000000 0.000000 0 
905 0.233000 0.081422 0.081422 0.081422 0.000000 0.000000 0.000000 0.233000 0.233000 0.606310 0.606310 0.151578 0.000000 1.000000 1.000000 0.500000 0.000000 0.000000 0 
906 0.234000 0.082029 0.082029 0.082029 0.000000 0.000000 0.000000 0.234000 0.234000 0.607885 0.607885 0.151971 0.000000 1.000000 1.000000 0.500000 0.000000 0.000000 0 
907 0.235000 0.082637 0.082637 0.082637 0.000000 0.000000 0.000000 0.235000 0.235000 0.609453 0.609453 0.152363 0.000000 1.000000 1.000000 0.500000 0.000000 0.000000 0 
908 0.236000 0.083246 0.083246 0.083246 0.000000 0.000000 0.000000 0.236000 0.236000 0.611016 0.611016 0.152754 0.000000 1.000000 1.000000 0.500000 0.000000 0.000000 0 
909 0.237000 0.083857 0.083857 0.083857 0.000000 0.000000 0.000000 0.237000 0.237000 0.612572 0.612572 0.153143 0.000000 1.000000 1.000000 0.500000 0.000000 0.000000 0 
910 0.238000 0.084470 0.084470 0.084470 0.000000 0.000000 0.000000 0.238000 0.238000 0.614121 0.614121 0.153530 0.000000 1.000000 1.000000 0.500000 0.000000 0.000000 0 
911 0.239000 0.085084 0.085084 0.085084 0.000000 0.000000 0.000000 0.239000 0.239000 0.615665 0.615665 0.153916 0.000000 1.000000 1.000000 0.500000 0.000000 0.000000 0 
912 0.240000 0.085699 0.085699 0.085699 0.000000 0.000000 0.000000 0.240000 0.240000 0.617202 0.617202 0.154301 0.000000 1.000000 1.000000 0.500000 0.000000 0.000000 0 
913 0.241000 0.086317 0.086317 0.086317 0.000000 0.000000 0.000000 0.241000 0.241000 0.618733 0.618733 0.154683 0.000000 1.000000 1.000000 0.500000 0.000000 0.000000 0 
914 0.242000 0.086935 0.086935 0.086935 0.000000 0.000000 0.000000 0.242000 0.242000 0.620258 0.620258 0.155065 0.000000 1.000000 1.000000 0.500000 0.000000 0.000000 0 
915 0.243000 0.087556 0.087556 0.087556 0.000000 0.000000 0.000000 0.243000 0.243000 0.621777 0.621777 0.155444 0.000000 1.000000 1.000000 0.500000 0.000000 0.000000 0 
916 0.244000 0.088177 0.088177 0.088177 0.000000 0.000000 0.000000 0.244000 0.244000 0.623290 0.623290 0.155823 0.000000 1.000000 1.000000 0.500000 0.000000 0.000000 0 
917 0.245000 0.088801 0.088801 0.088801 0.000000 0.000000 0.000000 0.245000 0.245000 0.624797 0.624797 0.156199 0.000000 1.000000 1.000000 0.500000 0.000000 0.000000 0 
918 0.246000 0.089426 0.089426 0.089426 0.000000 0.000000 0.000000 0.246000 0.246000 0.626298 0.626298 0.156574 0.000000 1.000000 1.000000 0.500000 0.000000 0.000000 0 
919 0.247000 0.090052 0.090052 0.090052 0.000000 0.000000 0.000000 0.247000 0.247000 0.627793 0.627793 0.156948 0.000000 1.000000 1.000000 0.500000 0.000000 0.000000 0 
920 0.248000 0.090680 0.090680 0.090680 0.000000 0.000000 0.000000 0.248000 0.248000 0.629282 0.629282 0.157320 0.000000 1.000000 1.000000 0.500000 0.000000 0.000000 0 
921 0.249000 0.091309 0.091309 0.091309 0.000000 0.000000 0.000000 0.249000 0.249000 0.630764 0.630764 0.157691 0.000000 1.000000 1.000000 0.500000 0.000000 0.000000 0 
922 0.250000 0.091940 0.091940 0.091940 0.000000 0.000000 0.000000 0.250000 0.250000 0.632241 0.632241 0.158060 0.000000 1.000000 1.000000 0.500000 0.000000 0.000000 0 
923 0.251000 0.092572 0.092572 0.092572 0.000000 0.000000 0.000000 0.251000 0.251000 0.633712 0.633712 0.158428 0.000000 1.000000 1.000000 0.500000 0.000000 0.000000 0 
924 0.252000 0.093206 0.093206 0.093206 0.000000 0.000000 0.000000 0.252000 0.252000 0.635178 0.635178 0.158794 0.000000 1.000000 1.000000 0.500000 0.000000 0.000000 0 
925 0.253000 0.093841 0.093841 0.093841 0.000000 0.000000 0.000000 0.253000 0.253000 0.636637 0.636637 0.159159 0.000000 1.000000 1.000000 0.500000 0.000000 0.000000 0 
926 0.254000 0.094477 0.094477 0.094477 0.000000 0.000000 0.000000 0.254000 0.254000 0.638090 0.638090 0.159523 0.000000 1.000000 1.000000 0.500000 0.000000 0.000000 0 
927 0.255000 0.095116 0.095116 0.095116 0.000000 0.000000 0.000000 0.255000 0.255000 0.639538 0.639538 0.159884 0.000000 1.000000 1.000000 0.500000 0.000000 0.000000 0 
928 0.256000 0.095755 0.095755 0.095755 0.000000 0.000000 0.000000 0.256000 0.256000 0.640980 0.640980 0.160245 0.000000 1.000000 1.000000 0.500000 0.000000 0.000000 0 
929 0.257000 0.096396 0.096396 0.096396 0.000000 0.000000 0.000000 0.257000 0.257000 0.642416 0.642416 0.160604 0.000000 1.000000 1.000000 0.500000 0.000000 0.000000 0 
930 0.258000 0.097038 0.097038 0.097038 0.000000 0.000000 0.000000 0.258000 0.258000 0.643846 0.643846 0.160962 0.000000 1.000000 1.000000 0.500000 0.000000 0.000000 0 
931 0.259000 0.097682 0.097682 0.097682 0.000000 0.000000 0.000000 0.259000 0.259000 0.645271 0.645271 0.161318 0.000000 1.000000 1.000000 0.500000 0.000000 0.000000 0 
932 0.260000 0.098328 0.098328 0.098328 0.000000 0.000000 0.000000 0.260000 0.260000 0.646690 0.646690 0.161672 0.000000 1.000000 1.000000 0.500000 0.000000 0.000000 0 
933 0.261000 0.098974 0.098974 0.098974 0.000000 0.000000 0.000000 0.261000 0.261000 0.648103 0.648103 0.162026 0.000000 1.000000 1.000000 0.500000 0.000000 0.000000 0 
934 0.262000 0.099622 0.099622 0.099622 0.000000 0.000000 0.000000 0.262000 0.262000 0.649511 0.649511 0.162378 0.000000 1.000000 1.000000 0.500000 0.000000 0.000000 0 
935 0.263000 0.100272 0.100272 0.100272 0.000000 0.000000 0.000000 0.263000 0.263000 0.650913 0.650913 0.162728 0.000000 1.000000 1.000000 0.500000 0.000000 0.000000 0 
936 0.264000 0.100923 0.100923 0.100923 0.000000 0.000000 0.000000 0.264000 0.264000 0.652309 0.652309 0.163077 0.000000 1.000000 1.000000 0.500000 0.000000 0.000000 0 
937 0.265000 0.101575 0.101575 0.101575 0.000000 0.000000 0.000000 0.265000 0.265000 0.653700 0.653700 0.163425 0.000000 1.000000 1.000000 0.500000 0.000000 0.000000 0 
938 0.266000 0.102229 0.102229 0.102229 0.000000 0.000000 0.000000 0.266000 0.266000 0.655085 0.655085 0.163771 0.000000 1.000000 1.000000 0.500000 0.000000 0.000000 0 
939 0.267000 0.102884 0.102884 0.102884 0.000000 0.000000 0.000000 0.267000 0.267000 0.656465 0.656465 0.164116 0.000000 1.000000 1.000000 0.500000 0.000000 0.000000 0 
940 0.268000 0.103540 0.103540 0.103540 0.000000 0.000000 0.000000 0.268000 0.268000 0.657839 0.657839 0.164460 0.000000 1.000000 1.000000 0.500000 0.000000 0.000000 0 
941 0.269000 0.104198 0.104198 0.104198 0.000000 0.000000 0.000000 0.269000 0.269000 0.659207 0.659207 0.164802 0.000000 1.000000 1.000000 0.500000 0.000000 0.000000 0 
942 0.270000 0.104857 0.104857 0.104857 0.000000 0.000000 0.000000 0.270000 0.270000 0.660570 0.660570 0.165143 0.000000 1.000000 1.000000 0.500000 0.000000 0.000000 0 
943 0.271000 0.105518 0.105518 0.105518 0.000000 0.000000 0.000000 0.271000 0.271000 0.661928 0.661928 0.165482 0.000000 1.000000 1.000000 0.500000 0.000000 0.000000 0 
944 0.272000 0.106180 0.106180 0.106180 0.000000 0.000000 0.000000 0.272000 0.272000 0.663280 0.663280 0.165820 0.000000 1.000000 1.000000 0.500000 0.000000 0.000000 0 
945 0.273000 0.106843 0.106843 0.106843 0.000000 0.000000 0.000000 0.273000 0.273000 0.664627 0.664627 0.166157 0.000000 1.000000 1.000000 0.500000 0.000000 0.000000 0 
946 0.274000 0.107508 0.107508 0.107508 0.000000 0.000000 0.000000 0.274000 0.274000 0.665969 0.665969 0.166492 0.000000 1.000000 1.000000 0.500000 0.000000 0.000000 0 
947 0.275000 0.108174 0.108174 0.108174 0.000000 0.000000 0.000000 0.275000 0.275000 0.667305 0.667305 0.166826 0.000000 1.000000 1.000000 0.500000 0.000000 0.000000 0 
948 0.276000 0.108841 0.108841 0.108841 0.000000 0.000000 0.000000 0.276000 0.276000 0.668636 0.668636 0.167159 0.000000 1.000000 1.000000 0.500000 0.000000 0.000000 0 
949 0.277000 0.109510 0.109510 0.109510 0.000000 0.000000 0.000000 0.277000 0.277000 0.669961 0.669961 0.167490 0.000000 1.000000 1.000000 0.500000 0.000000 0.000000 0 
950 0.278000 0.110180 0.110180 0.110180 0.000000 0.000000 0.000000 0.278000 0.278000 0.671281 0.671281 0.167820 0.000000 1.000000 1.000000 0.500000 0.000000 0.000000 0 
951 0.279000 0.110851 0.110851 0.110851 0.000000 0.000000 0.000000 0.279000 0.279000 0.672596 0.672596 0.168149 0.000000 1.000000 1.000000 0.500000 0.000000 0.000000 0 
952 0.280000 0.111524 0.111524 0.111524 0.000000 0.000000 0.000000 0.280000 0.280000 0.673906 0.673906 0.168476 0.000000 1.000000 1.000000 0.500000 0.000000 0.000000 0 
953 0.281000 0.112197 0.112197 0.112197 0.000000 0.000000 0.000000 0.281000 0.281000 0.675210 0.675210 0.168803 0.000000 1.000000 1.000000 0.500000 0.000000 0.000000 0 
954 0.282000 0.112873 0.112873 0.112873 0.000000 0.000000 0.000000 0.282000 0.282000 0.676509 0.676509 0.169127 0.000000 1.000000 1.000000 0.500000 0.000000 0.000000 0 
955 0.283000 0.113549 0.113549 0.113549 0.000000 0.000000 0.000000 0.283000 0.283000 0.677803 0.677803 0.169451 0.000000 1.000000 1.000000 0.500000 0.000000 0.000000 0 
956 0.284000 0.114227 0.114227 0.114227 0.000000 0.000000 0.000000 0.284000 0.284000 0.679092 0.679092 0.169773 0.000000 1.000000 1.000000 0.500000 0.000000 0.000000 0 
957 0.285000 0.114906 0.114906 0.114906 0.000000 0.000000 0.000000 0.285000 0.285000 0.680376 0.680376 0.170094 0.000000 1.000000 1.000000 0.500000 0.000000 0.000000 0 
958 0.286000 0.115586 0.115586 0.115586 0.000000 0.000000 0.000000 0.286000 0.286000 0.681654 0.681654 0.170414 0.000000 1.000000 1.000000 0.500000 0.000000 0.000000 0 
959 0.287000 0.116268 0.116268 0.116268 0.000000 0.000000 0.000000 0.287000 0.287000 0.682928 0.682928 0.170732 0.000000 1.000000 1.000000 0.500000 0.000000 0.000000 0 
960 0.288000 0.116951 0.116951 0.116951 0.000000 0.000000 0.000000 0.288000 0.288000 0.684196 0.684196 0.171049 0.000000 1.000000 1.000000 0.500000 0.000000 0.000000 0 
961 0.289000 0.117635 0.117635 0.117635 0.000000 0.000000 0.000000 0.289000 0.289000 0.685459 0.685459 0.171365 0.000000 1.000000 1.000000 0.500000 0.000000 0.000000 0 
962 0.290000 0.118321 0.118321 0.118321 0.000000 0.000000 0.000000 0.290000 0.290000 0.686717 0.686717 0.171679 0.000000 1.000000 1.000000 0.500000 0.000000 0.000000 0 
963 0.291000 0.119007 0.119007 0.119007 0.000000 0.000000 0.000000 0.291000 0.291000 0.687970 0.687970 0.171993 0.000000 1.000000 1.000000 0.500000 0.000000 0.000000 0 
964 0.292000 0.119695 0.119695 0.119695 0.000000 0.000000 0.000000 0.292000 0.292000 0.689219 0.689219 0.172305 0.000000 1.000000 1.000000 0.500000 0.000000 0.000000 0 
965 0.293000 0.120385 0.120385 0.120385 0.000000 0.000000 0.000000 0.293000 0.293000 0.690462 0.690462 0.172615 0.000000 1.000000 1.000000 0.500000 0.000000 0.000000 0 
966 0.294000 0.121075 0.121075 0.121075 0.000000 0.000000 0.000000 0.294000 0.294000 0.691700 0.691700 0.172925 0.000000 1.000000 1.000000 0.500000 0.000000 0.000000 0 
967 0.295000 0.121767 0.121767 0.121767 0.000000 0.000000 0.000000 0.295000 0.295000 0.692933 0.692933 0.173233 0.000000 1.000000 1.000000 0.500000 0.000000 0.000000 0 
968 0.296000 0.122460 0.122460 0.122460 0.000000 0.000000 0.000000 0.296000 0.296000 0.694161 0.694161 0.173540 0.000000 1.000000 1.000000 0.500000 0.000000 0.000000 0 
969 0.297000 0.123154 0.123154 0.123154 0.000000 0.000000 0.000000 0.297000 0.297000 0.695385 0.695385 0.173846 0.000000 1.000000 1.000000 0.500000 0.000000 0.000000 0 
970 0.298000 0.123849 0.123849 0.123849 0.000000 0.000000 0.000000 0.298000 0.298000 0.696603 0.696603 0.174151 0.000000 1.000000 1.000000 0.500000 0.000000 0.000000 0 
971 0.299000 0.124546 0.124546 0.124546 0.000000 0.000000 0.000000 0.299000 0.299000 0.697817 0.697817 0.174454 0.000000 1.000000 1.000000 0.500000 0.000000 0.000000 0 
972 0.300000 0.125244 0.125244 0.125244 0.000000 0.000000 0.000000 0.300000 0.300000 0.699025 0.699025 0.174756 0.000000 1.000000 1.000000 0.500000 0.000000 0.000000 0 
973 0.301000 0.125943 0.125943 0.125943 0.000000 0.000000 0.000000 0.301000 0.301000 0.700229 0.700229 0.175057 0.000000 1.000000 1.000000 0.500000 0.000000 0.000000 0 
974 0.302000 0.126643 0.126643 0.126643 0.000000 0.000000 0.000000 0.302000 0.302000 0.701428 0.701428 0.175357 0.000000 1.000000 1.000000 0.500000 0.000000 0.000000 0 
975 0.303000 0.127344 0.127344 0.127344 0.000000 0.000000 0.000000 0.303000 0.303000 0.702623 0.702623 0.175656 0.000000 1.000000 1.000000 0.500000 0.000000 0.000000 0 
976 0.304000 0.128047 0.128047 0.128047 0.000000 0.000000 0.000000 0.304000 0.304000 0.703812 0.703812 0.175953 0.000000 1.000000 1.000000 0.500000 0.000000 0.000000 0 
977 0.305000 0.128751 0.128751 0.128751 0.000000 0.000000 0.000000 0.305000 0.305000 0.704997 0.704997 0.176249 0.000000 1.000000 1.000000 0.500000 0.000000 0.000000 0 
978 0.306000 0.129456 0.129456 0.129456 0.000000 0.000000 0.000000 0.306000 0.306000 0.706177 0.706177 0.176544 0.000000 1.000000 1.000000 0.500000 0.000000 0.000000 0 
979 0.307000 0.130162 0.130162 0.130162 0.000000 0.000000 0.000000 0.307000 0.307000 0.707352 0.707352 0.176838 0.000000 1.000000 1.000000 0.500000 0.000000 0.000000 0 
980 0.308000 0.130869 0.130869 0.130869 0.000000 0.000000 0.000000 0.308000 0.308000 0.708523 0.708523 0.177131 0.000000 1.000000 1.000000 0.500000 0.000000 0.000000 0 
981 0.309000 0.131578 0.131578 0.131578 0.000000 0.000000 0.000000 0.309000 0.309000 0.709689 0.709689 0.177422 0.000000 1.000000 1.000000 0.500000 0.000000 0.000000 0 
982 0.310000 0.132287 0.132287 0.132287 0.000000 0.000000 0.000000 0.310000 0.310000 0.710850 0.710850 0.177713 0.000000 1.000000 1.000000 0.500000 0.000000 0.000000 0 
983 0.311000 0.132998 0.132998 0.132998 0.000000 0.000000 0.000000 0.311000 0.311000 0.712007 0.712007 0.178002 0.000000 1.000000 1.000000 0.500000 0.000000 0.000000 0 
984 0.312000 0.133710 0.133710 0.133710 0.000000 0.000000 0.000000 0.312000 0.312000 0.713159 0.713159 0.178290 0.000000 1.000000 1.000000 0.500000 0.000000 0.000000 0 
985 0.313000 0.134424 0.134424 0.134424 0.000000 0.000000 0.000000 0.313000 0.313000 0.714306 0.714306 0.178576 0.000000 1.000000 1.000000 0.500000 0.000000 0.000000 0 
986 0.314000 0.135138 0.135138 0.135138 0.000000 0.000000 0.000000 0.314000 0.314000 0.715449 0.715449 0.178862 0.000000 1.000000 1.000000 0.500000 0.000000 0.000000 0 
987 0.315000 0.135853 0.135853 0.135853 0.000000 0.000000 0.000000 0.315000 0.315000 0.716587 0.716587 0.179147 0.000000 1.000000 1.000000 0.500000 0.000000 0.000000 0 
988 0.316000 0.136570 0.136570 0.136570 0.000000 0.000000 0.000000 0.316000 0.316000 0.717721 0.717721 0.179430 0.000000 1.000000 1.000000 0.500000 0.000000 0.000000 0 
989 0.317000 0.137288 0.137288 0.137288 0.000000 0.000000 0.000000 0.317000 0.317000 0.718850 0.718850 0.179712 0.000000 1.000000 1.000000 0.500000 0.000000 0.000000 0 
990 0.318000 0.138006 0.138006 0.138006 0.000000 0.000000 0.000000 0.318000 0.318000 0.719974 0.719974 0.179994 0.000000 1.000000 1.000000 0.500000 0.000000 0.000000 0 
991 0.319000 0.138726 0.138726 0.138726 0.000000 0.000000 0.000000 0.319000 0.319000 0.721094 0.721094 0.180274 0.000000 1.000000 1.000000 0.500000 0.000000 0.000000 0 
992 0.320000 0.139447 0.139447 0.139447 0.000000 0.000000 0.000000 0.320000 0.320000 0.722210 0.722210 0.180553 0.000000 1.000000 1.000000 0.500000 0.000000 0.000000 0 
993 0.321000 0.140170 0.140170 0.140170 0.000000 0.000000 0.000000 0.321000 0.321000 0.723321 0.723321 0.180830 0.000000 1.000000 1.000000 0.500000 0.000000 0.000000 0 
994 0.322000 0.140893 0.140893 0.140893 0.000000 0.000000 0.000000 0.322000 0.322000 0.724428 0.724428 0.181107 0.000000 1.000000 1.000000 0.500000 0.000000 0.000000 0 
995 0.323000 0.141617 0.141617 0.141617 0.000000 0.000000 0.000000 0.323000 0.323000 0.725530 0.725530 0.181383 0.000000 1.000000 1.000000 0.500000 0.000000 0.000000 0 
996 0.324000 0.142343 0.142343 0.142343 0.000000 0.000000 0.000000 0.324000 0.324000 0.726628 0.726628 0.181657 0.000000 1.000000 1.000000 0.500000 0.000000 0.000000 0 
997 0.325000 0.143070 0.143070 0.143070 0.000000 0.000000 0.000000 0.325000 0.325000 0.727722 0.727722 0.181930 0.000000 1.000000 1.000000 0.500000 0.000000 0.000000 0 
998 0.326000 0.143797 0.143797 0.143797 0.000000 0.000000 0.000000 0.326000 0.326000 0.728811 0.728811 0.182203 0.000000 1.000000 1.000000 0.500000 0.000000 0.000000 0 
999 0.327000 0.144526 0.144526 0.144526 0.000000 0.000000 0.000000 0.327000 0.327000 0.729895 0.729895 0.182474 0.000000 1.000000 1.000000 0.500000 0.000000 0.000000 0 
1000 0.328000 0.145256 0.145256 0.145256 0.000000 0.000000 0.000000 0.328000 0.328000 0.730976 0.730976 0.182744 0.000000 1.000000 1.000000 0.500000 0.000000 0.000000 0 
1001 0.329000 0.145987 0.145987 0.145987 0.000000 0.000000 0.000000 0.329000 0.329000 0.732052 0.732052 0.183013 1.000000 1.000000 1.000000 0.500000 0.000000 0.000000 0 
1002 0.330000 0.146719 0.146719 0.146719 0.000000 0.000000 0.000000 0.330000 0.330000 0.733124 0.733124 0.183281 1.000000 1.000000 1.000000 0.500000 0.000000 0.000000 0 
1003 0.331000 0.147452 0.147452 0.147452 0.000000 0.000000 0.000000 0.331000 0.331000 0.734191 0.734191 0.183548 1.000000 1.000000 1.000000 0.500000 0.000000 0.000000 0 
1004 0.332000 0.148186 0.148186 0.148186 0.000000 0.000000 0.000000 0.332000 0.332000 0.735254 0.735254 0.183814 1.000000 1.000000 1.000000 0.500000 0.000000 0.000000 0 
1005 0.333000 0.148922 0.148922 0.148922 0.000000 0.000000 0.000000 0.333000 0.333000 0.736313 0.736313 0.184078 1.000000 1.000000 1.000000 0.500000 0.000000 0.000000 0 
1006 0.334000 0.149658 0.149658 0.149658 0.000000 0.000000 0.000000 0.334000 0.334000 0.737368 0.737368 0.184342 1.000000 1.000000 1.000000 0.500000 0.000000 0.000000 0 
1007 0.335000 0.150395 0.150395 0.150395 0.000000 0.000000 0.000000 0.335000 0.335000 0.738419 0.738419 0.184605 1.000000 1.000000 1.000000 0.500000 0.000000 0.000000 0 
1008 0.336000 0.151134 0.151134 0.151134 0.000000 0.000000 0.000000 0.336000 0.336000 0.739465 0.739465 0.184866 1.000000 1.000000 1.000000 0.500000 0.000000 0.000000 0 
1009 0.337000 0.151873 0.151873 0.151873 0.000000 0.000000 0.000000 0.337000 0.337000 0.740507 0.740507 0.185127 1.000000 1.000000 1.000000 0.500000 0.000000 0.000000 0 
1010 0.338000 0.152614 0.152614 0.152614 0.000000 0.000000 0.000000 0.338000 0.338000 0.741545 0.741545 0.185386 1.000000 1.000000 1.000000 0.500000 0.000000 0.000000 0 
1011 0.339000 0.153355 0.153355 0.153355 0.000000 0.000000 0.000000 0.339000 0.339000 0.742579 0.742579 0.185645 1.000000 1.000000 1.000000 0.500000 0.000000 0.000000 0 
1012 0.340000 0.154098 0.154098 0.154098 0.000000 0.000000 0.000000 0.340000 0.340000 0.743609 0.743609 0.185902 1.000000 1.000000 1.000000 0.500000 0.000000 0.000000 0 
1013 0.341000 0.154841 0.154841 0.154841 0.000000 0.000000 0.000000 0.341000 0.341000 0.744634 0.744634 0.186159 1.000000 1.000000 1.000000 0.500000 0.000000 0.000000 0 
1014 0.342000 0.155586 0.155586 0.155586 0.000000 0.000000 0.000000 0.342000 0.342000 0.745656 0.745656 0.186414 1.000000 1.000000 1.000000 0.500000 0.000000 0.000000 0 
1015 0.343000 0.156332 0.156332 0.156332 0.000000 0.000000 0.000000 0.343000 0.343000 0.746673 0.746673 0.186668 1.000000 1.000000 1.000000 0.500000 0.000000 0.000000 0 
1016 0.344000 0.157078 0.157078 0.157078 0.000000 0.000000 0.000000 0.344000 0.344000 0.747686 0.747686 0.186922 1.000000 1.000000 1.000000 0.500000 0.000000 0.000000 0 
1017 0.345000 0.157826 0.157826 0.157826 0.000000 0.000000 0.000000 0.345000 0.345000 0.748696 0.748696 0.187174 1.000000 1.000000 1.000000 0.500000 0.000000 0.000000 0 
1018 0.346000 0.158575 0.158575 0.158575 0.000000 0.000000 0.000000 0.346000 0.346000 0.749701 0.749701 0.187425 1.000000 1.000000 1.000000 0.500000 0.000000 0.000000 0 
1019 0.347000 0.159324 0.159324 0.159324 0.000000 0.000000 0.000000 0.347000 0.347000 0.750702 0.750702 0.187676 1.000000 1.000000 1.000000 0.500000 0.000000 0.000000 0 
1020 0.348000 0.160075 0.160075 0.160075 0.000000 0.000000 0.000000 0.348000 0.348000 0.751699 0.751699 0.187925 1.000000 1.000000 1.000000 0.500000 0.000000 0.000000 0 
1021 0.349000 0.160827 0.160827 0.160827 0.000000 0.000000 0.000000 0.349000 0.349000 0.752692 0.752692 0.188173 1.000000 1.000000 1.000000 0.500000 0.000000 0.000000 0 
1022 0.350000 0.161580 0.161580 0.161580 0.000000 0.000000 0.000000 0.350000 0.350000 0.753682 0.753682 0.188420 1.000000 1.000000 1.000000 0.500000 0.000000 0.000000 0 
1023 0.351000 0.162333 0.162333 0.162333 0.000000 0.000000 0.000000 0.351000 0.351000 0.754667 0.754667 0.188667 1.000000 1.000000 1.000000 0.500000 0.000000 0.000000 0 
1024 0.352000 0.163088 0.163088 0.163088 0.000000 0.000000 0.000000 0.352000 0.352000 0.755648 0.755648 0.188912 1.000000 1.000000 1.000000 0.500000 0.000000 0.000000 0 
1025 0.353000 0.163844 0.163844 0.163844 0.000000 0.000000 0.000000 0.353000 0.353000 0.756626 0.756626 0.189156 1.000000 1.000000 1.000000 0.500000 0.000000 0.000000 0 
1026 0.354000 0.164600 0.164600 0.164600 0.000000 0.000000 0.000000 0.354000 0.354000 0.757599 0.757599 0.189400 1.000000 1.000000 1.000000 0.500000 0.000000 0.000000 0 
1027 0.355000 0.165358 0.165358 0.165358 0.000000 0.000000 0.000000 0.355000 0.355000 0.758569 0.758569 0.189642 1.000000 1.000000 1.000000 0.500000 0.000000 0.000000 0 
1028 0.356000 0.166116 0.166116 0.166116 0.000000 0.000000 0.000000 0.356000 0.356000 0.759535 0.759535 0.189884 1.000000 1.000000 1.000000 0.500000 0.000000 0.000000 0 
1029 0.357000 0.166876 0.166876 0.166876 0.000000 0.000000 0.000000 0.357000 0.357000 0.760496 0.760496 0.190124 1.000000 1.000000 1.000000 0.500000 0.000000 0.000000 0 
1030 0.358000 0.167636 0.167636 0.167636 0.000000 0.000000 0.000000 0.358000 0.358000 0.761454 0.761454 0.190364 1.000000 1.000000 1.000000 0.500000 0.000000 0.000000 0 
1031 0.359000 0.168398 0.168398 0.168398 0.000000 0.000000 0.000000 0.359000 0.359000 0.762409 0.762409 0.190602 1.000000 1.000000 1.000000 0.500000 0.000000 0.000000 0 
1032 0.360000 0.169160 0.169160 0.169160 0.000000 0.000000 0.000000 0.360000 0.360000 0.763359 0.763359 0.190840 1.000000 1.000000 1.000000 0.500000 0.000000 0.000000 0 
1033 0.361000 0.169924 0.169924 0.169924 0.000000 0.000000 0.000000 0.361000 0.361000 0.764306 0.764306 0.191076 1.000000 1.000000 1.000000 0.500000 0.000000 0.000000 0 
1034 0.362000 0.170688 0.170688 0.170688 0.000000 0.000000 0.000000 0.362000 0.362000 0.765248 0.765248 0.191312 1.000000 1.000000 1.000000 0.500000 0.000000 0.000000 0 
1035 0.363000 0.171453 0.171453 0.171453 0.000000 0.000000 0.000000 0.363000 0.363000 0.766187 0.766187 0.191547 1.000000 1.000000 1.000000 0.500000 0.000000 0.000000 0 
1036 0.364000 0.172219 0.172219 0.172219 0.000000 0.000000 0.000000 0.364000 0.364000 0.767123 0.767123 0.191781 1.000000 1.000000 1.000000 0.500000 0.000000 0.000000 0 
1037 0.365000 0.172986 0.172986 0.172986 0.000000 0.000000 0.000000 0.365000 0.365000 0.768054 0.768054 0.192014 1.000000 1.000000 1.000000 0.500000 0.000000 0.000000 0 
1038 0.366000 0.173755 0.173755 0.173755 0.000000 0.000000 0.000000 0.366000 0.366000 0.768982 0.768982 0.192245 1.000000 1.000000 1.000000 0.500000 0.000000 0.000000 0 
1039 0.367000 0.174524 0.174524 0.174524 0.000000 0.000000 0.000000 0.367000 0.367000 0.769906 0.769906 0.192476 1.000000 1.000000 1.000000 0.500000 0.000000 0.000000 0 
1040 0.368000 0.175293 0.175293 0.175293 0.000000 0.000000 0.000000 0.368000 0.368000 0.770826 0.770826 0.192707 1.000000 1.000000 1.000000 0.500000 0.000000 0.000000 0 
1041 0.369000 0.176064 0.176064 0.176064 0.000000 0.000000 0.000000 0.369000 0.369000 0.771743 0.771743 0.192936 1.000000 1.000000 1.000000 0.500000 0.000000 0.000000 0 
1042 0.370000 0.176836 0.176836 0.176836 0.000000 0.000000 0.000000 0.370000 0.370000 0.772656 0.772656 0.193164 1.000000 1.000000 1.000000 0.500000 0.000000 0.000000 0 
1043 0.371000 0.177609 0.177609 0.177609 0.000000 0.000000 0.000000 0.371000 0.371000 0.773565 0.773565 0.193391 1.000000 1.000000 1.000000 0.500000 0.000000 0.000000 0 
1044 0.372000 0.178382 0.178382 0.178382 0.000000 0.000000 0.000000 0.372000 0.372000 0.774471 0.774471 0.193618 1.000000 1.000000 1.000000 0.500000 0.000000 0.000000 0 
1045 0.373000 0.179157 0.179157 0.179157 0.000000 0.000000 0.000000 0.373000 0.373000 0.775373 0.775373 0.193843 1.000000 1.000000 1.000000 0.500000 0.000000 0.000000 0 
1046 0.374000 0.179932 0.179932 0.179932 0.000000 0.000000 0.000000 0.374000 0.374000 0.776272 0.776272 0.194068 1.000000 1.000000 1.000000 0.500000 0.000000 0.000000 0 
1047 0.375000 0.180708 0.180708 0.180708 0.000000 0.000000 0.000000 0.375000 0.375000 0.777167 0.777167 0.194292 1.000000 1.000000 1.000000 0.500000 0.000000 0.000000 0 
1048 0.376000 0.181485 0.181485 0.181485 0.000000 0.000000 0.000000 0.376000 0.376000 0.778058 0.778058 0.194515 1.000000 1.000000 1.000000 0.500000 0.000000 0.000000 0 
1049 0.377000 0.182264 0.182264 0.182264 0.000000 0.000000 0.000000 0.377000 0.377000 0.778946 0.778946 0.194736 1.000000 1.000000 1.000000 0.500000 0.000000 0.000000 0 
1050 0.378000 0.183043 0.183043 0.183043 0.000000 0.000000 0.000000 0.378000 0.378000 0.779830 0.779830 0.194957 1.000000 1.000000 1.000000 0.500000 0.000000 0.000000 0 
1051 0.379000 0.183822 0.183822 0.183822 0.000000 0.000000 0.000000 0.379000 0.379000 0.780711 0.780711 0.195178 1.000000 1.000000 1.000000 0.500000 0.000000 0.000000 0 
1052 0.380000 0.184603 0.184603 0.184603 0.000000 0.000000 0.000000 0.380000 0.380000 0.781588 0.781588 0.195397 1.000000 1.000000 1.000000 0.500000 0.000000 0.000000 0 
1053 0.381000 0.185385 0.185385 0.185385 0.000000 0.000000 0.000000 0.381000 0.381000 0.782461 0.782461 0.195615 1.000000 1.000000 1.000000 0.500000 0.000000 0.000000 0 
1054 0.382000 0.186167 0.186167 0.186167 0.000000 0.000000 0.000000 0.382000 0.382000 0.783332 0.783332 0.195833 1.000000 1.000000 1.000000 0.500000 0.000000 0.000000 0 
1055 0.383000 0.186950 0.186950 0.186950 0.000000 0.000000 0.000000 0.383000 0.383000 0.784198 0.784198 0.196050 1.000000 1.000000 1.000000 0.500000 0.000000 0.000000 0 
1056 0.384000 0.187735 0.187735 0.187735 0.000000 0.000000 0.000000 0.384000 0.384000 0.785062 0.785062 0.196265 1.000000 1.000000 1.000000 0.500000 0.000000 0.000000 0 
1057 0.385000 0.188520 0.188520 0.188520 0.000000 0.000000 0.000000 0.385000 0.385000 0.785921 0.785921 0.196480 1.000000 1.000000 1.000000 0.500000 0.000000 0.000000 0 
1058 0.386000 0.189306 0.189306 0.189306 0.000000 0.000000 0.000000 0.386000 0.386000 0.786778 0.786778 0.196694 1.000000 1.000000 1.000000 0.500000 0.000000 0.000000 0 
1059 0.387000 0.190092 0.190092 0.190092 0.000000 0.000000 0.000000 0.387000 0.387000 0.787630 0.787630 0.196908 1.000000 1.000000 1.000000 0.500000 0.000000 0.000000 0 
1060 0.388000 0.190880 0.190880 0.190880 0.000000 0.000000 0.000000 0.388000 0.388000 0.788480 0.788480 0.197120 1.000000 1.000000 1.000000 0.500000 0.000000 0.000000 0 
1061 0.389000 0.191668 0.191668 0.191668 0.000000 0.000000 0.000000 0.389000 0.389000 0.789326 0.789326 0.197332 1.000000 1.000000 1.000000 0.500000 0.000000 0.000000 0 
1062 0.390000 0.192458 0.192458 0.192458 0.000000 0.000000 0.000000 0.390000 0.390000 0.790169 0.790169 0.197542 1.000000 1.000000 1.000000 0.500000 0.000000 0.000000 0 
1063 0.391000 0.193248 0.193248 0.193248 0.000000 0.000000 0.000000 0.391000 0.391000 0.791008 0.791008 0.197752 1.000000 1.000000 1.000000 0.500000 0.000000 0.000000 0 
1064 0.392000 0.194039 0.194039 0.194039 0.000000 0.000000 0.000000 0.392000 0.392000 0.791844 0.791844 0.197961 1.000000 1.000000 1.000000 0.500000 0.000000 0.000000 0 
1065 0.393000 0.194831 0.194831 0.194831 0.000000 0.000000 0.000000 0.393000 0.393000 0.792677 0.792677 0.198169 1.000000 1.000000 1.000000 0.500000 0.000000 0.000000 0 
1066 0.394000 0.195624 0.195624 0.195624 0.000000 0.000000 0.000000 0.394000 0.394000 0.793506 0.793506 0.198376 1.000000 1.000000 1.000000 0.500000 0.000000 0.000000 0 
1067 0.395000 0.196417 0.196417 0.196417 0.000000 0.000000 0.000000 0.395000 0.395000 0.794332 0.794332 0.198583 1.000000 1.000000 1.000000 0.500000 0.000000 0.000000 0 
1068 0.396000 0.197211 0.197211 0.197211 0.000000 0.000000 0.000000 0.396000 0.396000 0.795155 0.795155 0.198789 1.000000 1.000000 1.000000 0.500000 0.000000 0.000000 0 
1069 0.397000 0.198007 0.198007 0.198007 0.000000 0.000000 0.000000 0.397000 0.397000 0.795974 0.795974 0.198993 1.000000 1.000000 1.000000 0.500000 0.000000 0.000000 0 
1070 0.398000 0.198802 0.198802 0.198802 0.000000 0.000000 0.000000 0.398000 0.398000 0.796790 0.796790 0.199198 1.000000 1.000000 1.000000 0.500000 0.000000 0.000000 0 
1071 0.399000 0.199599 0.199599 0.199599 0.000000 0.000000 0.000000 0.399000 0.399000 0.797603 0.797603 0.199401 1.000000 1.000000 1.000000 0.500000 0.000000 0.000000 0 
1072 0.400000 0.200397 0.200397 0.200397 0.000000 0.000000 0.000000 0.400000 0.400000 0.798412 0.798412 0.199603 1.000000 1.000000 1.000000 0.500000 0.000000 0.000000 0 
1073 0.401000 0.201195 0.201195 0.201195 0.000000 0.000000 0.000000 0.401000 0.401000 0.799219 0.799219 0.199805 1.000000 1.000000 1.000000 0.500000 0.000000 0.000000 0 
1074 0.402000 0.201995 0.201995 0.201995 0.000000 0.000000 0.000000 0.402000 0.402000 0.800022 0.800022 0.200005 1.000000 1.000000 1.000000 0.500000 0.000000 0.000000 0 
1075 0.403000 0.202795 0.202795 0.202795 0.000000 0.000000 0.000000 0.403000 0.403000 0.800822 0.800822 0.200205 1.000000 1.000000 1.000000 0.500000 0.000000 0.000000 0 
1076 0.404000 0.203595 0.203595 0.203595 0.000000 0.000000 0.000000 0.404000 0.404000 0.801619 0.801619 0.200405 1.000000 1.000000 1.000000 0.500000 0.000000 0.000000 0 
1077 0.405000 0.204397 0.204397 0.204397 0.000000 0.000000 0.000000 0.405000 0.405000 0.802412 0.802412 0.200603 1.000000 1.000000 1.000000 0.500000 0.000000 0.000000 0 
1078 0.406000 0.205199 0.205199 0.205199 0.000000 0.000000 0.000000 0.406000 0.406000 0.803202 0.803202 0.200801 1.000000 1.000000 1.000000 0.500000 0.000000 0.000000 0 
1079 0.407000 0.206003 0.206003 0.206003 0.000000 0.000000 0.000000 0.407000 0.407000 0.803990 0.803990 0.200997 1.000000 1.000000 1.000000 0.500000 0.000000 0.000000 0 
1080 0.408000 0.206807 0.206807 0.206807 0.000000 0.000000 0.000000 0.408000 0.408000 0.804774 0.804774 0.201193 1.000000 1.000000 1.000000 0.500000 0.000000 0.000000 0 
1081 0.409000 0.207611 0.207611 0.207611 0.000000 0.000000 0.000000 0.409000 0.409000 0.805555 0.805555 0.201389 1.000000 1.000000 1.000000 0.500000 0.000000 0.000000 0 
1082 0.410000 0.208417 0.208417 0.208417 0.000000 0.000000 0.000000 0.410000 0.410000 0.806332 0.806332 0.201583 1.000000 1.000000 1.000000 0.500000 0.000000 0.000000 0 
1083 0.411000 0.209223 0.209223 0.209223 0.000000 0.000000 0.000000 0.411000 0.411000 0.807107 0.807107 0.201777 1.000000 1.000000 1.000000 0.500000 0.000000 0.000000 0 
1084 0.412000 0.210030 0.210030 0.210030 0.000000 0.000000 0.000000 0.412000 0.412000 0.807879 0.807879 0.201970 1.000000 1.000000 1.000000 0.500000 0.000000 0.000000 0 
1085 0.413000 0.210838 0.210838 0.210838 0.000000 0.000000 0.000000 0.413000 0.413000 0.808647 0.808647 0.202162 1.000000 1.000000 1.000000 0.500000 0.000000 0.000000 0 
1086 0.414000 0.211647 0.211647 0.211647 0.000000 0.000000 0.000000 0.414000 0.414000 0.809413 0.809413 0.202353 1.000000 1.000000 1.000000 0.500000 0.000000 0.000000 0 
1087 0.415000 0.212456 0.212456 0.212456 0.000000 0.000000 0.000000 0.415000 0.415000 0.810175 0.810175 0.202544 1.000000 1.000000 1.000000 0.500000 0.000000 0.000000 0 
1088 0.416000 0.213266 0.213266 0.213266 0.000000 0.000000 0.000000 0.416000 0.416000 0.810934 0.810934 0.202734 1.000000 1.000000 1.000000 0.500000 0.000000 0.000000 0 
1089 0.417000 0.214077 0.214077 0.214077 0.000000 0.000000 0.000000 0.417000 0.417000 0.811690 0.811690 0.202923 1.000000 1.000000 1.000000 0.500000 0.000000 0.000000 0 
1090 0.418000 0.214889 0.214889 0.214889 0.000000 0.000000 0.000000 0.418000 0.418000 0.812444 0.812444 0.203111 1.000000 1.000000 1.000000 0.500000 0.000000 0.000000 0 
1091 0.419000 0.215702 0.215702 0.215702 0.000000 0.000000 0.000000 0.419000 0.419000 0.813194 0.813194 0.203298 1.000000 1.000000 1.000000 0.500000 0.000000 0.000000 0 
1092 0.420000 0.216515 0.216515 0.216515 0.000000 0.000000 0.000000 0.420000 0.420000 0.813941 0.813941 0.203485 1.000000 1.000000 1.000000 0.500000 0.000000 0.000000 0 
1093 0.421000 0.217329 0.217329 0.217329 0.000000 0.000000 0.000000 0.421000 0.421000 0.814685 0.814685 0.203671 1.000000 1.000000 1.000000 0.500000 0.000000 0.000000 0 
1094 0.422000 0.218143 0.218143 0.218143 0.000000 0.000000 0.000000 0.422000 0.422000 0.815427 0.815427 0.203857 1.000000 1.000000 1.000000 0.500000 0.000000 0.000000 0 
1095 0.423000 0.218959 0.218959 0.218959 0.000000 0.000000 0.000000 0.423000 0.423000 0.816165 0.816165 0.204041 1.000000 1.000000 1.000000 0.500000 0.000000 0.000000 0 
1096 0.424000 0.219775 0.219775 0.219775 0.000000 0.000000 0.000000 0.424000 0.424000 0.816900 0.816900 0.204225 1.000000 1.000000 1.000000 0.500000 0.000000 0.000000 0 
1097 0.425000 0.220592 0.220592 0.220592 0.000000 0.000000 0.000000 0.425000 0.425000 0.817633 0.817633 0.204408 1.000000 1.000000 1.000000 0.500000 0.000000 0.000000 0 
1098 0.426000 0.221409 0.221409 0.221409 0.000000 0.000000 0.000000 0.426000 0.426000 0.818362 0.818362 0.204591 1.000000 1.000000 1.000000 0.500000 0.000000 0.000000 0 
1099 0.427000 0.222228 0.222228 0.222228 0.000000 0.000000 0.000000 0.427000 0.427000 0.819089 0.819089 0.204772 1.000000 1.000000 1.000000 0.500000 0.000000 0.000000 0 
1100 0.428000 0.223047 0.223047 0.223047 0.000000 0.000000 0.000000 0.428000 0.428000 0.819812 0.819812 0.204953 1.000000 1.000000 1.000000 0.500000 0.000000 0.000000 0 
1101 0.429000 0.223867 0.223867 0.223867 0.000000 0.000000 0.000000 0.429000 0.429000 0.820533 0.820533 0.205133 1.000000 1.000000 1.000000 0.500000 0.000000 0.000000 0 
1102 0.430000 0.224687 0.224687 0.224687 0.000000 0.000000 0.000000 0.430000 0.430000 0.821251 0.821251 0.205313 1.000000 1.000000 1.000000 0.500000 0.000000 0.000000 0 
1103 0.431000 0.225509 0.225509 0.225509 0.000000 0.000000 0.000000 0.431000 0.431000 0.821966 0.821966 0.205491 1.000000 1.000000 1.000000 0.500000 0.000000 0.000000 0 
1104 0.432000 0.226330 0.226330 0.226330 0.000000 0.000000 0.000000 0.432000 0.432000 0.822678 0.822678 0.205670 1.000000 1.000000 1.000000 0.500000 0.000000 0.000000 0 
1105 0.433000 0.227153 0.227153 0.227153 0.000000 0.000000 0.000000 0.433000 0.433000 0.823387 0.823387 0.205847 1.000000 1.000000 1.000000 0.500000 0.000000 0.000000 0 
1106 0.434000 0.227977 0.227977 0.227977 0.000000 0.000000 0.000000 0.434000 0.434000 0.824094 0.824094 0.206023 1.000000 1.000000 1.000000 0.500000 0.000000 0.000000 0 
1107 0.435000 0.228801 0.228801 0.228801 0.000000 0.000000 0.000000 0.435000 0.435000 0.824797 0.824797 0.206199 1.000000 1.000000 1.000000 0.500000 0.000000 0.000000 0 
1108 0.436000 0.229625 0.229625 0.229625 0.000000 0.000000 0.000000 0.436000 0.436000 0.825498 0.825498 0.206375 1.000000 1.000000 1.000000 0.500000 0.000000 0.000000 0 
1109 0.437000 0.230451 0.230451 0.230451 0.000000 0.000000 0.000000 0.437000 0.437000 0.826196 0.826196 0.206549 1.000000 1.000000 1.000000 0.500000 0.000000 0.000000 0 
1110 0.438000 0.231277 0.231277 0.231277 0.000000 0.000000 0.000000 0.438000 0.438000 0.826891 0.826891 0.206723 1.000000 1.000000 1.000000 0.500000 0.000000 0.000000 0 
1111 0.439000 0.232104 0.232104 0.232104 0.000000 0.000000 0.000000 0.439000 0.439000 0.827584 0.827584 0.206896 1.000000 1.000000 1.000000 0.500000 0.000000 0.000000 0 
1112 0.440000 0.232932 0.232932 0.232932 0.000000 0.000000 0.000000 0.440000 0.440000 0.828274 0.828274 0.207068 1.000000 1.000000 1.000000 0.500000 0.000000 0.000000 0 
1113 0.441000 0.233760 0.233760 0.233760 0.000000 0.000000 0.000000 0.441000 0.441000 0.828960 0.828960 0.207240 1.000000 1.000000 1.000000 0.500000 0.000000 0.000000 0 
1114 0.442000 0.234589 0.234589 0.234589 0.000000 0.000000 0.000000 0.442000 0.442000 0.829645 0.829645 0.207411 1.000000 1.000000 1.000000 0.500000 0.000000 0.000000 0 
1115 0.443000 0.235418 0.235418 0.235418 0.000000 0.000000 0.000000 0.443000 0.443000 0.830326 0.830326 0.207582 1.000000 1.000000 1.000000 0.500000 0.000000 0.000000 0 
1116 0.444000 0.236249 0.236249 0.236249 0.000000 0.000000 0.000000 0.444000 0.444000 0.831005 0.831005 0.207751 1.000000 1.000000 1.000000 0.500000 0.000000 0.000000 0 
1117 0.445000 0.237080 0.237080 0.237080 0.000000 0.000000 0.000000 0.445000 0.445000 0.831681 0.831681 0.207920 1.000000 1.000000 1.000000 0.500000 0.000000 0.000000 0 
1118 0.446000 0.237911 0.237911 0.237911 0.000000 0.000000 0.000000 0.446000 0.446000 0.832354 0.832354 0.208089 1.000000 1.000000 1.000000 0.500000 0.000000 0.000000 0 
1119 0.447000 0.238744 0.238744 0.238744 0.000000 0.000000 0.000000 0.447000 0.447000 0.833025 0.833025 0.208256 1.000000 1.000000 1.000000 0.500000 0.000000 0.000000 0 
1120 0.448000 0.239577 0.239577 0.239577 0.000000 0.000000 0.000000 0.448000 0.448000 0.833692 0.833692 0.208423 1.000000 1.000000 1.000000 0.500000 0.000000 0.000000 0 
1121 0.449000 0.240411 0.240411 0.240411 0.000000 0.000000 0.000000 0.449000 0.449000 0.834358 0.834358 0.208589 1.000000 1.000000 1.000000 0.500000 0.000000 0.000000 0 
1122 0.450000 0.241245 0.241245 0.241245 0.000000 0.000000 0.000000 0.450000 0.450000 0.835020 0.835020 0.208755 1.000000 1.000000 1.000000 0.500000 0.000000 0.000000 0 
1123 0.451000 0.242080 0.242080 0.242080 0.000000 0.000000 0.000000 0.451000 0.451000 0.835680 0.835680 0.208920 1.000000 1.000000 1.000000 0.500000 0.000000 0.000000 0 
1124 0.452000 0.242916 0.242916 0.242916 0.000000 0.000000 0.000000 0.452000 0.452000 0.836337 0.836337 0.209084 1.000000 1.000000 1.000000 0.500000 0.000000 0.000000 0 
1125 0.453000 0.243752 0.243752 0.243752 0.000000 0.000000 0.000000 0.453000 0.453000 0.836992 0.836992 0.209248 1.000000 1.000000 1.000000 0.500000 0.000000 0.000000 0 
1126 0.454000 0.244589 0.244589 0.244589 0.000000 0.000000 0.000000 0.454000 0.454000 0.837644 0.837644 0.209411 1.000000 1.000000 1.000000 0.500000 0.000000 0.000000 0 
1127 0.455000 0.245427 0.245427 0.245427 0.000000 0.000000 0.000000 0.455000 0.455000 0.838294 0.838294 0.209573 1.000000 1.000000 1.000000 0.500000 0.000000 0.000000 0 
1128 0.456000 0.246265 0.246265 0.246265 0.000000 0.000000 0.000000 0.456000 0.456000 0.838940 0.838940 0.209735 1.000000 1.000000 1.000000 0.500000 0.000000 0.000000 0 
1129 0.457000 0.247104 0.247104 0.247104 0.000000 0.000000 0.000000 0.457000 0.457000 0.839585 0.839585 0.209896 1.000000 1.000000 1.000000 0.500000 0.000000 0.000000 0 
1130 0.458000 0.247943 0.247943 0.247943 0.000000 0.000000 0.000000 0.458000 0.458000 0.840226 0.840226 0.210057 1.000000 1.000000 1.000000 0.500000 0.000000 0.000000 0 
1131 0.459000 0.248784 0.248784 0.248784 0.000000 0.000000 0.000000 0.459000 0.459000 0.840865 0.840865 0.210216 1.000000 1.000000 1.000000 0.500000 0.000000 0.000000 0 
1132 0.460000 0.249625 0.249625 0.249625 0.000000 0.000000 0.000000 0.460000 0.460000 0.841502 0.841502 0.210375 1.000000 1.000000 1.000000 0.500000 0.000000 0.000000 0 
1133 0.461000 0.250466 0.250466 0.250466 0.000000 0.000000 0.000000 0.461000 0.461000 0.842136 0.842136 0.210534 1.000000 1.000000 1.000000 0.500000 0.000000 0.000000 0 
1134 0.462000 0.251308 0.251308 0.251308 0.000000 0.000000 0.000000 0.462000 0.462000 0.842767 0.842767 0.210692 1.000000 1.000000 1.000000 0.500000 0.000000 0.000000 0 
1135 0.463000 0.252151 0.252151 0.252151 0.000000 0.000000 0.000000 0.463000 0.463000 0.843396 0.843396 0.210849 1.000000 1.000000 1.000000 0.500000 0.000000 0.000000 0 
1136 0.464000 0.252994 0.252994 0.252994 0.000000 0.000000 0.000000 0.464000 0.464000 0.844023 0.844023 0.211006 1.000000 1.000000 1.000000 0.500000 0.000000 0.000000 0 
1137 0.465000 0.253838 0.253838 0.253838 0.000000 0.000000 0.000000 0.465000 0.465000 0.844647 0.844647 0.211162 1.000000 1.000000 1.000000 0.500000 0.000000 0.000000 0 
1138 0.466000 0.254683 0.254683 0.254683 0.000000 0.000000 0.000000 0.466000 0.466000 0.845268 0.845268 0.211317 1.000000 1.000000 1.000000 0.500000 0.000000 0.000000 0 
1139 0.467000 0.255528 0.255528 0.255528 0.000000 0.000000 0.000000 0.467000 0.467000 0.845887 0.845887 0.211472 1.000000 1.000000 1.000000 0.500000 0.000000 0.000000 0 
1140 0.468000 0.256374 0.256374 0.256374 0.000000 0.000000 0.000000 0.468000 0.468000 0.846503 0.846503 0.211626 1.000000 1.000000 1.000000 0.500000 0.000000 0.000000 0 
1141 0.469000 0.257221 0.257221 0.257221 0.000000 0.000000 0.000000 0.469000 0.469000 0.847117 0.847117 0.211779 1.000000 1.000000 1.000000 0.500000 0.000000 0.000000 0 
1142 0.470000 0.258068 0.258068 0.258068 0.000000 0.000000 0.000000 0.470000 0.470000 0.847729 0.847729 0.211932 1.000000 1.000000 1.000000 0.500000 0.000000 0.000000 0 
1143 0.471000 0.258915 0.258915 0.258915 0.000000 0.000000 0.000000 0.471000 0.471000 0.848338 0.848338 0.212085 1.000000 1.000000 1.000000 0.500000 0.000000 0.000000 0 
1144 0.472000 0.259764 0.259764 0.259764 0.000000 0.000000 0.000000 0.472000 0.472000 0.848945 0.848945 0.212236 1.000000 1.000000 1.000000 0.500000 0.000000 0.000000 0 
1145 0.473000 0.260613 0.260613 0.260613 0.000000 0.000000 0.000000 0.473000 0.473000 0.849549 0.849549 0.212387 1.000000 1.000000 1.000000 0.500000 0.000000 0.000000 0 
1146 0.474000 0.261462 0.261462 0.261462 0.000000 0.000000 0.000000 0.474000 0.474000 0.850151 0.850151 0.212538 1.000000 1.000000 1.000000 0.500000 0.000000 0.000000 0 
1147 0.475000 0.262312 0.262312 0.262312 0.000000 0.000000 0.000000 0.475000 0.475000 0.850750 0.850750 0.212688 1.000000 1.000000 1.000000 0.500000 0.000000 0.000000 0 
1148 0.476000 0.263163 0.263163 0.263163 0.000000 0.000000 0.000000 0.476000 0.476000 0.851347 0.851347 0.212837 1.000000 1.000000 1.000000 0.500000 0.000000 0.000000 0 
1149 0.477000 0.264015 0.264015 0.264015 0.000000 0.000000 0.000000 0.477000 0.477000 0.851942 0.851942 0.212985 1.000000 1.000000 1.000000 0.500000 0.000000 0.000000 0 
1150 0.478000 0.264867 0.264867 0.264867 0.000000 0.000000 0.000000 0.478000 0.478000 0.852534 0.852534 0.213133 1.000000 1.000000 1.000000 0.500000 0.000000 0.000000 0 
1151 0.479000 0.265719 0.265719 0.265719 0.000000 0.000000 0.000000 0.479000 0.479000 0.853124 0.853124 0.213281 1.000000 1.000000 1.000000 0.500000 0.000000 0.000000 0 
1152 0.480000 0.266572 0.266572 0.266572 0.000000 0.000000 0.000000 0.480000 0.480000 0.853711 0.853711 0.213428 1.000000 1.000000 1.000000 0.500000 0.000000 0.000000 0 
1153 0.481000 0.267426 0.267426 0.267426 0.000000 0.000000 0.000000 0.481000 0.481000 0.854296 0.854296 0.213574 1.000000 1.000000 1.000000 0.500000 0.000000 0.000000 0 
1154 0.482000 0.268280 0.268280 0.268280 0.000000 0.000000 0.000000 0.482000 0.482000 0.854879 0.854879 0.213720 1.000000 1.000000 1.000000 0.500000 0.000000 0.000000 0 
1155 0.483000 0.269135 0.269135 0.269135 0.000000 0.000000 0.000000 0.483000 0.483000 0.855460 0.855460 0.213865 1.000000 1.000000 1.000000 0.500000 0.000000 0.000000 0 
1156 0.484000 0.269991 0.269991 0.269991 0.000000 0.000000 0.000000 0.484000 0.484000 0.856038 0.856038 0.214009 1.000000 1.000000 1.000000 0.500000 0.000000 0.000000 0 
1157 0.485000 0.270847 0.270847 0.270847 0.000000 0.000000 0.000000 0.485000 0.485000 0.856614 0.856614 0.214153 1.000000 1.000000 1.000000 0.500000 0.000000 0.000000 0 
1158 0.486000 0.271703 0.271703 0.271703 0.000000 0.000000 0.000000 0.486000 0.486000 0.857187 0.857187 0.214297 1.000000 1.000000 1.000000 0.500000 0.000000 0.000000 0 
1159 0.487000 0.272560 0.272560 0.272560 0.000000 0.000000 0.000000 0.487000 0.487000 0.857759 0.857759 0.214440 1.000000 1.000000 1.000000 0.500000 0.000000 0.000000 0 
1160 0.488000 0.273418 0.273418 0.273418 0.000000 0.000000 0.000000 0.488000 0.488000 0.858328 0.858328 0.214582 1.000000 1.000000 1.000000 0.500000 0.000000 0.000000 0 
1161 0.489000 0.274276 0.274276 0.274276 0.000000 0.000000 0.000000 0.489000 0.489000 0.858894 0.858894 0.214724 1.000000 1.000000 1.000000 0.500000 0.000000 0.000000 0 
1162 0.490000 0.275135 0.275135 0.275135 0.000000 0.000000 0.000000 0.490000 0.490000 0.859459 0.859459 0.214865 1.000000 1.000000 1.000000 0.500000 0.000000 0.000000 0 
1163 0.491000 0.275995 0.275995 0.275995 0.000000 0.000000 0.000000 0.491000 0.491000 0.860021 0.860021 0.215005 1.000000 1.000000 1.000000 0.500000 0.000000 0.000000 0 
1164 0.492000 0.276855 0.276855 0.276855 0.000000 0.000000 0.000000 0.492000 0.492000 0.860581 0.860581 0.215145 1.000000 1.000000 1.000000 0.500000 0.000000 0.000000 0 
1165 0.493000 0.277715 0.277715 0.277715 0.000000 0.000000 0.000000 0.493000 0.493000 0.861138 0.861138 0.215285 1.000000 1.000000 1.000000 0.500000 0.000000 0.000000 0 
1166 0.494000 0.278577 0.278577 0.278577 0.000000 0.000000 0.000000 0.494000 0.494000 0.861694 0.861694 0.215423 1.000000 1.000000 1.000000 0.500000 0.000000 0.000000 0 
1167 0.495000 0.279438 0.279438 0.279438 0.000000 0.000000 0.000000 0.495000 0.495000 0.862247 0.862247 0.215562 1.000000 1.000000 1.000000 0.500000 0.000000 0.000000 0 
1168 0.496000 0.280300 0.280300 0.280300 0.000000 0.000000 0.000000 0.496000 0.496000 0.862798 0.862798 0.215700 1.000000 1.000000 1.000000 0.500000 0.000000 0.000000 0 
1169 0.497000 0.281163 0.281163 0.281163 0.000000 0.000000 0.000000 0.497000 0.497000 0.863347 0.863347 0.215837 1.000000 1.000000 1.000000 0.500000 0.000000 0.000000 0 
1170 0.498000 0.282027 0.282027 0.282027 0.000000 0.000000 0.000000 0.498000 0.498000 0.863894 0.863894 0.215973 1.000000 1.000000 1.000000 0.500000 0.000000 0.000000 0 
1171 0.499000 0.282891 0.282891 0.282891 0.000000 0.000000 0.000000 0.499000 0.499000 0.864438 0.864438 0.216109 1.000000 1.000000 1.000000 0.500000 0.000000 0.000000 0 
1172 0.500000 0.283755 0.283755 0.283755 0.000000 0.000000 0.000000 0.500000 0.500000 0.864980 0.864980 0.216245 1.000000 1.000000 1.000000 0.500000 0.000000 0.000000 0 
1173 0.501000 0.284620 0.284620 0.284620 0.000000 0.000000 0.000000 0.501000 0.501000 0.865520 0.865520 0.216380 1.000000 1.000000 1.000000 0.500000 0.000000 0.000000 0 
1174 0.502000 0.285485 0.285485 0.285485 0.000000 0.000000 0.000000 0.502000 0.502000 0.866058 0.866058 0.216515 1.000000 1.000000 1.000000 0.500000 0.000000 0.000000 0 
1175 0.503000 0.286352 0.286352 0.286352 0.000000 0.000000 0.000000 0.503000 0.503000 0.866594 0.866594 0.216648 1.000000 1.000000 1.000000 0.500000 0.000000 0.000000 0 
1176 0.504000 0.287218 0.287218 0.287218 0.000000 0.000000 0.000000 0.504000 0.504000 0.867128 0.867128 0.216782 1.000000 1.000000 1.000000 0.500000 0.000000 0.000000 0 
1177 0.505000 0.288085 0.288085 0.288085 0.000000 0.000000 0.000000 0.505000 0.505000 0.867659 0.867659 0.216915 1.000000 1.000000 1.000000 0.500000 0.000000 0.000000 0 
1178 0.506000 0.288953 0.288953 0.288953 0.000000 0.000000 0.000000 0.506000 0.506000 0.868188 0.868188 0.217047 1.000000 1.000000 1.000000 0.500000 0.000000 0.000000 0 
1179 0.507000 0.289821 0.289821 0.289821 0.000000 0.000000 0.000000 0.507000 0.507000 0.868716 0.868716 0.217179 1.000000 1.000000 1.000000 0.500000 0.000000 0.000000 0 
1180 0.508000 0.290690 0.290690 0.290690 0.000000 0.000000 0.000000 0.508000 0.508000 0.869241 0.869241 0.217310 1.000000 1.000000 1.000000 0.500000 0.000000 0.000000 0 
1181 0.509000 0.291559 0.291559 0.291559 0.000000 0.000000 0.000000 0.509000 0.509000 0.869764 0.869764 0.217441 1.000000 1.000000 1.000000 0.500000 0.000000 0.000000 0 
1182 0.510000 0.292429 0.292429 0.292429 0.000000 0.000000 0.000000 0.510000 0.510000 0.870285 0.870285 0.217571 1.000000 1.000000 1.000000 0.500000 0.000000 0.000000 0 
1183 0.511000 0.293299 0.293299 0.293299 0.000000 0.000000 0.000000 0.511000 0.511000 0.870804 0.870804 0.217701 1.000000 1.000000 1.000000 0.500000 0.000000 0.000000 0 
1184 0.512000 0.294170 0.294170 0.294170 0.000000 0.000000 0.000000 0.512000 0.512000 0.871320 0.871320 0.217830 1.000000 1.000000 1.000000 0.500000 0.000000 0.000000 0 
1185 0.513000 0.295041 0.295041 0.295041 0.000000 0.000000 0.000000 0.513000 0.513000 0.871835 0.871835 0.217959 1.000000 1.000000 1.000000 0.500000 0.000000 0.000000 0 
1186 0.514000 0.295913 0.295913 0.295913 0.000000 0.000000 0.000000 0.514000 0.514000 0.872348 0.872348 0.218087 1.000000 1.000000 1.000000 0.500000 0.000000 0.000000 0 
1187 0.515000 0.296785 0.296785 0.296785 0.000000 0.000000 0.000000 0.515000 0.515000 0.872858 0.872858 0.218215 1.000000 1.000000 1.000000 0.500000 0.000000 0.000000 0 
1188 0.516000 0.297658 0.297658 0.297658 0.000000 0.000000 0.000000 0.516000 0.516000 0.873367 0.873367 0.218342 1.000000 1.000000 1.000000 0.500000 0.000000 0.000000 0 
1189 0.517000 0.298532 0.298532 0.298532 0.000000 0.000000 0.000000 0.517000 0.517000 0.873874 0.873874 0.218468 1.000000 1.000000 1.000000 0.500000 0.000000 0.000000 0 
1190 0.518000 0.299405 0.299405 0.299405 0.000000 0.000000 0.000000 0.518000 0.518000 0.874378 0.874378 0.218595 1.000000 1.000000 1.000000 0.500000 0.000000 0.000000 0 
1191 0.519000 0.300280 0.300280 0.300280 0.000000 0.000000 0.000000 0.519000 0.519000 0.874881 0.874881 0.218720 1.000000 1.000000 1.000000 0.500000 0.000000 0.000000 0 
1192 0.520000 0.301155 0.301155 0.301155 0.000000 0.000000 0.000000 0.520000 0.520000 0.875381 0.875381 0.218845 1.000000 1.000000 1.000000 0.500000 0.000000 0.000000 0 
1193 0.521000 0.302030 0.302030 0.302030 0.000000 0.000000 0.000000 0.521000 0.521000 0.875879 0.875879 0.218970 1.000000 1.000000 1.000000 0.500000 0.000000 0.000000 0 
1194 0.522000 0.302906 0.302906 0.302906 0.000000 0.000000 0.000000 0.522000 0.522000 0.876376 0.876376 0.219094 1.000000 1.000000 1.000000 0.500000 0.000000 0.000000 0 
1195 0.523000 0.303782 0.303782 0.303782 0.000000 0.000000 0.000000 0.523000 0.523000 0.876870 0.876870 0.219218 1.000000 1.000000 1.000000 0.500000 0.000000 0.000000 0 
1196 0.524000 0.304659 0.304659 0.304659 0.000000 0.000000 0.000000 0.524000 0.524000 0.877363 0.877363 0.219341 1.000000 1.000000 1.000000 0.500000 0.000000 0.000000 0 
1197 0.525000 0.305537 0.305537 0.305537 0.000000 0.000000 0.000000 0.525000 0.525000 0.877854 0.877854 0.219463 1.000000 1.000000 1.000000 0.500000 0.000000 0.000000 0 
1198 0.526000 0.306414 0.306414 0.306414 0.000000 0.000000 0.000000 0.526000 0.526000 0.878342 0.878342 0.219586 1.000000 1.000000 1.000000 0.500000 0.000000 0.000000 0 
1199 0.527000 0.307293 0.307293 0.307293 0.000000 0.000000 0.000000 0.527000 0.527000 0.878829 0.878829 0.219707 1.000000 1.000000 1.000000 0.500000 0.000000 0.000000 0 
1200 0.528000 0.308172 0.308172 0.308172 0.000000 0.000000 0.000000 0.528000 0.528000 0.879313 0.879313 0.219828 1.000000 1.000000 1.000000 0.500000 0.000000 0.000000 0 
1201 0.529000 0.309051 0.309051 0.309051 0.000000 0.000000 0.000000 0.529000 0.529000 0.879796 0.879796 0.219949 1.000000 1.000000 1.000000 0.500000 0.000000 0.000000 0 
1202 0.530000 0.309931 0.309931 0.309931 0.000000 0.000000 0.000000 0.530000 0.530000 0.880277 0.880277 0.220069 1.000000 1.000000 1.000000 0.500000 0.000000 0.000000 0 
1203 0.531000 0.310811 0.310811 0.310811 0.000000 0.000000 0.000000 0.531000 0.531000 0.880756 0.880756 0.220189 1.000000 1.000000 1.000000 0.500000 0.000000 0.000000 0 
1204 0.532000 0.311692 0.311692 0.311692 0.000000 0.000000 0.000000 0.532000 0.532000 0.881233 0.881233 0.220308 1.000000 1.000000 1.000000 0.500000 0.000000 0.000000 0 
1205 0.533000 0.312573 0.312573 0.312573 0.000000 0.000000 0.000000 0.533000 0.533000 0.881708 0.881708 0.220427 1.000000 1.000000 1.000000 0.500000 0.000000 0.000000 0 
1206 0.534000 0.313455 0.313455 0.313455 0.000000 0.000000 0.000000 0.534000 0.534000 0.882181 0.882181 0.220545 1.000000 1.000000 1.000000 0.500000 0.000000 0.000000 0 
1207 0.535000 0.314337 0.314337 0.314337 0.000000 0.000000 0.000000 0.535000 0.535000 0.882652 0.882652 0.220663 1.000000 1.000000 1.000000 0.500000 0.000000 0.000000 0 
1208 0.536000 0.315220 0.315220 0.315220 0.000000 0.000000 0.000000 0.536000 0.536000 0.883122 0.883122 0.220780 1.000000 1.000000 1.000000 0.500000 0.000000 0.000000 0 
1209 0.537000 0.316103 0.316103 0.316103 0.000000 0.000000 0.000000 0.537000 0.537000 0.883589 0.883589 0.220897 1.000000 1.000000 1.000000 0.500000 0.000000 0.000000 0 
1210 0.538000 0.316986 0.316986 0.316986 0.000000 0.000000 0.000000 0.538000 0.538000 0.884055 0.884055 0.221014 1.000000 1.000000 1.000000 0.500000 0.000000 0.000000 0 
1211 0.539000 0.317870 0.317870 0.317870 0.000000 0.000000 0.000000 0.539000 0.539000 0.884519 0.884519 0.221130 1.000000 1.000000 1.000000 0.500000 0.000000 0.000000 0 
1212 0.540000 0.318755 0.318755 0.318755 0.000000 0.000000 0.000000 0.540000 0.540000 0.884981 0.884981 0.221245 1.000000 1.000000 1.000000 0.500000 0.000000 0.000000 0 
1213 0.541000 0.319640 0.319640 0.319640 0.000000 0.000000 0.000000 0.541000 0.541000 0.885441 0.885441 0.221360 1.000000 1.000000 1.000000 0.500000 0.000000 0.000000 0 
1214 0.542000 0.320525 0.320525 0.320525 0.000000 0.000000 0.000000 0.542000 0.542000 0.885899 0.885899 0.221475 1.000000 1.000000 1.000000 0.500000 0.000000 0.000000 0 
1215 0.543000 0.321411 0.321411 0.321411 0.000000 0.000000 0.000000 0.543000 0.543000 0.886355 0.886355 0.221589 1.000000 1.000000 1.000000 0.500000 0.000000 0.000000 0 
1216 0.544000 0.322298 0.322298 0.322298 0.000000 0.000000 0.000000 0.544000 0.544000 0.886810 0.886810 0.221702 1.000000 1.000000 1.000000 0.500000 0.000000 0.000000 0 
1217 0.545000 0.323184 0.323184 0.323184 0.000000 0.000000 0.000000 0.545000 0.545000 0.887263 0.887263 0.221816 1.000000 1.000000 1.000000 0.500000 0.000000 0.000000 0 
1218 0.546000 0.324072 0.324072 0.324072 0.000000 0.000000 0.000000 0.546000 0.546000 0.887714 0.887714 0.221928 1.000000 1.000000 1.000000 0.500000 0.000000 0.000000 0 
1219 0.547000 0.324959 0.324959 0.324959 0.000000 0.000000 0.000000 0.547000 0.547000 0.888163 0.888163 0.222041 1.000000 1.000000 1.000000 0.500000 0.000000 0.000000 0 
1220 0.548000 0.325847 0.325847 0.325847 0.000000 0.000000 0.000000 0.548000 0.548000 0.888610 0.888610 0.222153 1.000000 1.000000 1.000000 0.500000 0.000000 0.000000 0 
1221 0.549000 0.326736 0.326736 0.326736 0.000000 0.000000 0.000000 0.549000 0.549000 0.889056 0.889056 0.222264 1.000000 1.000000 1.000000 0.500000 0.000000 0.000000 0 
1222 0.550000 0.327625 0.327625 0.327625 0.000000 0.000000 0.000000 0.550000 0.550000 0.889499 0.889499 0.222375 1.000000 1.000000 1.000000 0.500000 0.000000 0.000000 0 
1223 0.551000 0.328515 0.328515 0.328515 0.000000 0.000000 0.000000 0.551000 0.551000 0.889941 0.889941 0.222485 1.000000 1.000000 1.000000 0.500000 0.000000 0.000000 0 
1224 0.552000 0.329405 0.329405 0.329405 0.000000 0.000000 0.000000 0.552000 0.552000 0.890382 0.890382 0.222595 1.000000 1.000000 1.000000 0.500000 0.000000 0.000000 0 
1225 0.553000 0.330295 0.330295 0.330295 0.000000 0.000000 0.000000 0.553000 0.553000 0.890820 0.890820 0.222705 1.000000 1.000000 1.000000 0.500000 0.000000 0.000000 0 
1226 0.554000 0.331186 0.331186 0.331186 0.000000 0.000000 0.000000 0.554000 0.554000 0.891257 0.891257 0.222814 1.000000 1.000000 1.000000 0.500000 0.000000 0.000000 0 
1227 0.555000 0.332077 0.332077 0.332077 0.000000 0.000000 0.000000 0.555000 0.555000 0.891692 0.891692 0.222923 1.000000 1.000000 1.000000 0.500000 0.000000 0.000000 0 
1228 0.556000 0.332969 0.332969 0.332969 0.000000 0.000000 0.000000 0.556000 0.556000 0.892125 0.892125 0.223031 1.000000 1.000000 1.000000 0.500000 0.000000 0.000000 0 
1229 0.557000 0.333861 0.333861 0.333861 0.000000 0.000000 0.000000 0.557000 0.557000 0.892557 0.892557 0.223139 1.000000 1.000000 1.000000 0.500000 0.000000 0.000000 0 
1230 0.558000 0.334753 0.334753 0.334753 0.000000 0.000000 0.000000 0.558000 0.558000 0.892986 0.892986 0.223247 1.000000 1.000000 1.000000 0.500000 0.000000 0.000000 0 
1231 0.559000 0.335646 0.335646 0.335646 0.000000 0.000000 0.000000 0.559000 0.559000 0.893414 0.893414 0.223354 1.000000 1.000000 1.000000 0.500000 0.000000 0.000000 0 
1232 0.560000 0.336540 0.336540 0.336540 0.000000 0.000000 0.000000 0.560000 0.560000 0.893841 0.893841 0.223460 1.000000 1.000000 1.000000 0.500000 0.000000 0.000000 0 
1233 0.561000 0.337434 0.337434 0.337434 0.000000 0.000000 0.000000 0.561000 0.561000 0.894265 0.894265 0.223566 1.000000 1.000000 1.000000 0.500000 0.000000 0.000000 0 
1234 0.562000 0.338328 0.338328 0.338328 0.000000 0.000000 0.000000 0.562000 0.562000 0.894688 0.894688 0.223672 1.000000 1.000000 1.000000 0.500000 0.000000 0.000000 0 
1235 0.563000 0.339223 0.339223 0.339223 0.000000 0.000000 0.000000 0.563000 0.563000 0.895110 0.895110 0.223777 1.000000 1.000000 1.000000 0.500000 0.000000 0.000000 0 
1236 0.564000 0.340118 0.340118 0.340118 0.000000 0.000000 0.000000 0.564000 0.564000 0.895529 0.895529 0.223882 1.000000 1.000000 1.000000 0.500000 0.000000 0.000000 0 
1237 0.565000 0.341013 0.341013 0.341013 0.000000 0.000000 0.000000 0.565000 0.565000 0.895947 0.895947 0.223987 1.000000 1.000000 1.000000 0.500000 0.000000 0.000000 0 
1238 0.566000 0.341909 0.341909 0.341909 0.000000 0.000000 0.000000 0.566000 0.566000 0.896363 0.896363 0.224091 1.000000 1.000000 1.000000 0.500000 0.000000 0.000000 0 
1239 0.567000 0.342806 0.342806 0.342806 0.000000 0.000000 0.000000 0.567000 0.567000 0.896778 0.896778 0.224194 1.000000 1.000000 1.000000 0.500000 0.000000 0.000000 0 
1240 0.568000 0.343702 0.343702 0.343702 0.000000 0.000000 0.000000 0.568000 0.568000 0.897191 0.897191 0.224298 1.000000 1.000000 1.000000 0.500000 0.000000 0.000000 0 
1241 0.569000 0.344600 0.344600 0.344600 0.000000 0.000000 0.000000 0.569000 0.569000 0.897602 0.897602 0.224400 1.000000 1.000000 1.000000 0.500000 0.000000 0.000000 0 
1242 0.570000 0.345497 0.345497 0.345497 0.000000 0.000000 0.000000 0.570000 0.570000 0.898012 0.898012 0.224503 1.000000 1.000000 1.000000 0.500000 0.000000 0.000000 0 
1243 0.571000 0.346395 0.346395 0.346395 0.000000 0.000000 0.000000 0.571000 0.571000 0.898419 0.898419 0.224605 1.000000 1.000000 1.000000 0.500000 0.000000 0.000000 0 
1244 0.572000 0.347294 0.347294 0.347294 0.000000 0.000000 0.000000 0.572000 0.572000 0.898826 0.898826 0.224706 1.000000 1.000000 1.000000 0.500000 0.000000 0.000000 0 
1245 0.573000 0.348192 0.348192 0.348192 0.000000 0.000000 0.000000 0.573000 0.573000 0.899230 0.899230 0.224808 1.000000 1.000000 1.000000 0.500000 0.000000 0.000000 0 
1246 0.574000 0.349092 0.349092 0.349092 0.000000 0.000000 0.000000 0.574000 0.574000 0.899634 0.899634 0.224908 1.000000 1.000000 1.000000 0.500000 0.000000 0.000000 0 
1247 0.575000 0.349991 0.349991 0.349991 0.000000 0.000000 0.000000 0.575000 0.575000 0.900035 0.900035 0.225009 1.000000 1.000000 1.000000 0.500000 0.000000 0.000000 0 
1248 0.576000 0.350891 0.350891 0.350891 0.000000 0.000000 0.000000 0.576000 0.576000 0.900435 0.900435 0.225109 1.000000 1.000000 1.000000 0.500000 0.000000 0.000000 0 
1249 0.577000 0.351792 0.351792 0.351792 0.000000 0.000000 0.000000 0.577000 0.577000 0.900833 0.900833 0.225208 1.000000 1.000000 1.000000 0.500000 0.000000 0.000000 0 
1250 0.578000 0.352693 0.352693 0.352693 0.000000 0.000000 0.000000 0.578000 0.578000 0.901230 0.901230 0.225307 1.000000 1.000000 1.000000 0.500000 0.000000 0.000000 0 
1251 0.579000 0.353594 0.353594 0.353594 0.000000 0.000000 0.000000 0.579000 0.579000 0.901625 0.901625 0.225406 1.000000 1.000000 1.000000 0.500000 0.000000 0.000000 0 
1252 0.580000 0.354495 0.354495 0.354495 0.000000 0.000000 0.000000 0.580000 0.580000 0.902018 0.902018 0.225505 1.000000 1.000000 1.000000 0.500000 0.000000 0.000000 0 
1253 0.581000 0.355397 0.355397 0.355397 0.000000 0.000000 0.000000 0.581000 0.581000 0.902410 0.902410 0.225603 1.000000 1.000000 1.000000 0.500000 0.000000 0.000000 0 
1254 0.582000 0.356300 0.356300 0.356300 0.000000 0.000000 0.000000 0.582000 0.582000 0.902801 0.902801 0.225700 1.000000 1.000000 1.000000 0.500000 0.000000 0.000000 0 
1255 0.583000 0.357203 0.357203 0.357203 0.000000 0.000000 0.000000 0.583000 0.583000 0.903189 0.903189 0.225797 1.000000 1.000000 1.000000 0.500000 0.000000 0.000000 0 
1256 0.584000 0.358106 0.358106 0.358106 0.000000 0.000000 0.000000 0.584000 0.584000 0.903577 0.903577 0.225894 1.000000 1.000000 1.000000 0.500000 0.000000 0.000000 0 
1257 0.585000 0.359009 0.359009 0.359009 0.000000 0.000000 0.000000 0.585000 0.585000 0.903962 0.903962 0.225991 1.000000 1.000000 1.000000 0.500000 0.000000 0.000000 0 
1258 0.586000 0.359913 0.359913 0.359913 0.000000 0.000000 0.000000 0.586000 0.586000 0.904347 0.904347 0.226087 1.000000 1.000000 1.000000 0.500000 0.000000 0.000000 0 
1259 0.587000 0.360818 0.360818 0.360818 0.000000 0.000000 0.000000 0.587000 0.587000 0.904729 0.904729 0.226182 1.000000 1.000000 1.000000 0.500000 0.000000 0.000000 0 
1260 0.588000 0.361722 0.361722 0.361722 0.000000 0.000000 0.000000 0.588000 0.588000 0.905110 0.905110 0.226278 1.000000 1.000000 1.000000 0.500000 0.000000 0.000000 0 
1261 0.589000 0.362628 0.362628 0.362628 0.000000 0.000000 0.000000 0.589000 0.589000 0.905490 0.905490 0.226372 1.000000 1.000000 1.000000 0.500000 0.000000 0.000000 0 
1262 0.590000 0.363533 0.363533 0.363533 0.000000 0.000000 0.000000 0.590000 0.590000 0.905868 0.905868 0.226467 1.000000 1.000000 1.000000 0.500000 0.000000 0.000000 0 
1263 0.591000 0.364439 0.364439 0.364439 0.000000 0.000000 0.000000 0.591000 0.591000 0.906244 0.906244 0.226561 1.000000 1.000000 1.000000 0.500000 0.000000 0.000000 0 
1264 0.592000 0.365345 0.365345 0.365345 0.000000 0.000000 0.000000 0.592000 0.592000 0.906619 0.906619 0.226655 1.000000 1.000000 1.000000 0.500000 0.000000 0.000000 0 
1265 0.593000 0.366252 0.366252 0.366252 0.000000 0.000000 0.000000 0.593000 0.593000 0.906993 0.906993 0.226748 1.000000 1.000000 1.000000 0.500000 0.000000 0.000000 0 
1266 0.594000 0.367159 0.367159 0.367159 0.000000 0.000000 0.000000 0.594000 0.594000 0.907365 0.907365 0.226841 1.000000 1.000000 1.000000 0.500000 0.000000 0.000000 0 
1267 0.595000 0.368066 0.368066 0.368066 0.000000 0.000000 0.000000 0.595000 0.595000 0.907736 0.907736 0.226934 1.000000 1.000000 1.000000 0.500000 0.000000 0.000000 0 
1268 0.596000 0.368974 0.368974 0.368974 0.000000 0.000000 0.000000 0.596000 0.596000 0.908105 0.908105 0.227026 1.000000 1.000000 1.000000 0.500000 0.000000 0.000000 0 
1269 0.597000 0.369882 0.369882 0.369882 0.000000 0.000000 0.000000 0.597000 0.597000 0.908472 0.908472 0.227118 1.000000 1.000000 1.000000 0.500000 0.000000 0.000000 0 
1270 0.598000 0.370790 0.370790 0.370790 0.000000 0.000000 0.000000 0.598000 0.598000 0.908838 0.908838 0.227210 1.000000 1.000000 1.000000 0.500000 0.000000 0.000000 0 
1271 0.599000 0.371699 0.371699 0.371699 0.000000 0.000000 0.000000 0.599000 0.599000 0.909203 0.909203 0.227301 1.000000 1.000000 1.000000 0.500000 0.000000 0.000000 0 
1272 0.600000 0.372608 0.372608 0.372608 0.000000 0.000000 0.000000 0.600000 0.600000 0.909566 0.909566 0.227392 1.000000 1.000000 1.000000 0.500000 0.000000 0.000000 0 
1273 0.601000 0.373518 0.373518 0.373518 0.000000 0.000000 0.000000 0.601000 0.601000 0.909928 0.909928 0.227482 1.000000 1.000000 1.000000 0.500000 0.000000 0.000000 0 
1274 0.602000 0.374428 0.374428 0.374428 0.000000 0.000000 0.000000 0.602000 0.602000 0.910288 0.910288 0.227572 1.000000 1.000000 1.000000 0.500000 0.000000 0.000000 0 
1275 0.603000 0.375338 0.375338 0.375338 0.000000 0.000000 0.000000 0.603000 0.603000 0.910647 0.910647 0.227662 1.000000 1.000000 1.000000 0.500000 0.000000 0.000000 0 
1276 0.604000 0.376249 0.376249 0.376249 0.000000 0.000000 0.000000 0.604000 0.604000 0.911004 0.911004 0.227751 1.000000 1.000000 1.000000 0.500000 0.000000 0.000000 0 
1277 0.605000 0.377160 0.377160 0.377160 0.000000 0.000000 0.000000 0.605000 0.605000 0.911360 0.911360 0.227840 1.000000 1.000000 1.000000 0.500000 0.000000 0.000000 0 
1278 0.606000 0.378071 0.378071 0.378071 0.000000 0.000000 0.000000 0.606000 0.606000 0.911715 0.911715 0.227929 1.000000 1.000000 1.000000 0.500000 0.000000 0.000000 0 
1279 0.607000 0.378983 0.378983 0.378983 0.000000 0.000000 0.000000 0.607000 0.607000 0.912068 0.912068 0.228017 1.000000 1.000000 1.000000 0.500000 0.000000 0.000000 0 
1280 0.608000 0.379895 0.379895 0.379895 0.000000 0.000000 0.000000 0.608000 0.608000 0.912420 0.912420 0.228105 1.000000 1.000000 1.000000 0.500000 0.000000 0.000000 0 
1281 0.609000 0.380807 0.380807 0.380807 0.000000 0.000000 0.000000 0.609000 0.609000 0.912770 0.912770 0.228193 1.000000 1.000000 1.000000 0.500000 0.000000 0.000000 0 
1282 0.610000 0.381720 0.381720 0.381720 0.000000 0.000000 0.000000 0.610000 0.610000 0.913119 0.913119 0.228280 1.000000 1.000000 1.000000 0.500000 0.000000 0.000000 0 
1283 0.611000 0.382633 0.382633 0.382633 0.000000 0.000000 0.000000 0.611000 0.611000 0.913467 0.913467 0.228367 1.000000 1.000000 1.000000 0.500000 0.000000 0.000000 0 
1284 0.612000 0.383547 0.383547 0.383547 0.000000 0.000000 0.000000 0.612000 0.612000 0.913813 0.913813 0.228453 1.000000 1.000000 1.000000 0.500000 0.000000 0.000000 0 
1285 0.613000 0.384461 0.384461 0.384461 0.000000 0.000000 0.000000 0.613000 0.613000 0.914157 0.914157 0.228539 1.000000 1.000000 1.000000 0.500000 0.000000 0.000000 0 
1286 0.614000 0.385375 0.385375 0.385375 0.000000 0.000000 0.000000 0.614000 0.614000 0.914501 0.914501 0.228625 1.000000 1.000000 1.000000 0.500000 0.000000 0.000000 0 
1287 0.615000 0.386289 0.386289 0.386289 0.000000 0.000000 0.000000 0.615000 0.615000 0.914843 0.914843 0.228711 1.000000 1.000000 1.000000 0.500000 0.000000 0.000000 0 
1288 0.616000 0.387204 0.387204 0.387204 0.000000 0.000000 0.000000 0.616000 0.616000 0.915183 0.915183 0.228796 1.000000 1.000000 1.000000 0.500000 0.000000 0.000000 0 
1289 0.617000 0.388119 0.388119 0.388119 0.000000 0.000000 0.000000 0.617000 0.617000 0.915523 0.915523 0.228881 1.000000 1.000000 1.000000 0.500000 0.000000 0.000000 0 
1290 0.618000 0.389035 0.389035 0.389035 0.000000 0.000000 0.000000 0.618000 0.618000 0.915861 0.915861 0.228965 1.000000 1.000000 1.000000 0.500000 0.000000 0.000000 0 
1291 0.619000 0.389951 0.389951 0.389951 0.000000 0.000000 0.000000 0.619000 0.619000 0.916197 0.916197 0.229049 1.000000 1.000000 1.000000 0.500000 0.000000 0.000000 0 
1292 0.620000 0.390867 0.390867 0.390867 0.000000 0.000000 0.000000 0.620000 0.620000 0.916532 0.916532 0.229133 1.000000 1.000000 1.000000 0.500000 0.000000 0.000000 0 
1293 0.621000 0.391783 0.391783 0.391783 0.000000 0.000000 0.000000 0.621000 0.621000 0.916866 0.916866 0.229217 1.000000 1.000000 1.000000 0.500000 0.000000 0.000000 0 
1294 0.622000 0.392700 0.392700 0.392700 0.000000 0.000000 0.000000 0.622000 0.622000 0.917199 0.917199 0.229300 1.000000 1.000000 1.000000 0.500000 0.000000 0.000000 0 
1295 0.623000 0.393618 0.393618 0.393618 0.000000 0.000000 0.000000 0.623000 0.623000 0.917530 0.917530 0.229382 1.000000 1.000000 1.000000 0.500000 0.000000 0.000000 0 
1296 0.624000 0.394535 0.394535 0.394535 0.000000 0.000000 0.000000 0.624000 0.624000 0.917860 0.917860 0.229465 1.000000 1.000000 1.000000 0.500000 0.000000 0.000000 0 
1297 0.625000 0.395453 0.395453 0.395453 0.000000 0.000000 0.000000 0.625000 0.625000 0.918188 0.918188 0.229547 1.000000 1.000000 1.000000 0.500000 0.000000 0.000000 0 
1298 0.626000 0.396371 0.396371 0.396371 0.000000 0.000000 0.000000 0.626000 0.626000 0.918516 0.918516 0.229629 1.000000 1.000000 1.000000 0.500000 0.000000 0.000000 0 
1299 0.627000 0.397290 0.397290 0.397290 0.000000 0.000000 0.000000 0.627000 0.627000 0.918842 0.918842 0.229710 1.000000 1.000000 1.000000 0.500000 0.000000 0.000000 0 
1300 0.628000 0.398208 0.398208 0.398208 0.000000 0.000000 0.000000 0.628000 0.628000 0.919166 0.919166 0.229792 1.000000 1.000000 1.000000 0.500000 0.000000 0.000000 0 
1301 0.629000 0.399128 0.399128 0.399128 0.000000 0.000000 0.000000 0.629000 0.629000 0.919490 0.919490 0.229872 1.000000 1.000000 1.000000 0.500000 0.000000 0.000000 0 
1302 0.630000 0.400047 0.400047 0.400047 0.000000 0.000000 0.000000 0.630000 0.630000 0.919812 0.919812 0.229953 1.000000 1.000000 1.000000 0.500000 0.000000 0.000000 0 
1303 0.631000 0.400967 0.400967 0.400967 0.000000 0.000000 0.000000 0.631000 0.631000 0.920132 0.920132 0.230033 1.000000 1.000000 1.000000 0.500000 0.000000 0.000000 0 
1304 0.632000 0.401887 0.401887 0.401887 0.000000 0.000000 0.000000 0.632000 0.632000 0.920452 0.920452 0.230113 1.000000 1.000000 1.000000 0.500000 0.000000 0.000000 0 
1305 0.633000 0.402807 0.402807 0.402807 0.000000 0.000000 0.000000 0.633000 0.633000 0.920770 0.920770 0.230193 1.000000 1.000000 1.000000 0.500000 0.000000 0.000000 0 
1306 0.634000 0.403728 0.403728 0.403728 0.000000 0.000000 0.000000 0.634000 0.634000 0.921087 0.921087 0.230272 1.000000 1.000000 1.000000 0.500000 0.000000 0.000000 0 
1307 0.635000 0.404649 0.404649 0.404649 0.000000 0.000000 0.000000 0.635000 0.635000 0.921403 0.921403 0.230351 1.000000 1.000000 1.000000 0.500000 0.000000 0.000000 0 
1308 0.636000 0.405571 0.405571 0.405571 0.000000 0.000000 0.000000 0.636000 0.636000 0.921717 0.921717 0.230429 1.000000 1.000000 1.000000 0.500000 0.000000 0.000000 0 
1309 0.637000 0.406492 0.406492 0.406492 0.000000 0.000000 0.000000 0.637000 0.637000 0.922030 0.922030 0.230508 1.000000 1.000000 1.000000 0.500000 0.000000 0.000000 0 
1310 0.638000 0.407414 0.407414 0.407414 0.000000 0.000000 0.000000 0.638000 0.638000 0.922342 0.922342 0.230586 1.000000 1.000000 1.000000 0.500000 0.000000 0.000000 0 
1311 0.639000 0.408337 0.408337 0.408337 0.000000 0.000000 0.000000 0.639000 0.639000 0.922653 0.922653 0.230663 1.000000 1.000000 1.000000 0.500000 0.000000 0.000000 0 
1312 0.640000 0.409259 0.409259 0.409259 0.000000 0.000000 0.000000 0.640000 0.640000 0.922962 0.922962 0.230741 1.000000 1.000000 1.000000 0.500000 0.000000 0.000000 0 
1313 0.641000 0.410182 0.410182 0.410182 0.000000 0.000000 0.000000 0.641000 0.641000 0.923270 0.923270 0.230818 1.000000 1.000000 1.000000 0.500000 0.000000 0.000000 0 
1314 0.642000 0.411106 0.411106 0.411106 0.000000 0.000000 0.000000 0.642000 0.642000 0.923577 0.923577 0.230894 1.000000 1.000000 1.000000 0.500000 0.000000 0.000000 0 
1315 0.643000 0.412029 0.412029 0.412029 0.000000 0.000000 0.000000 0.643000 0.643000 0.923883 0.923883 0.230971 1.000000 1.000000 1.000000 0.500000 0.000000 0.000000 0 
1316 0.644000 0.412953 0.412953 0.412953 0.000000 0.000000 0.000000 0.644000 0.644000 0.924187 0.924187 0.231047 1.000000 1.000000 1.000000 0.500000 0.000000 0.000000 0 
1317 0.645000 0.413877 0.413877 0.413877 0.000000 0.000000 0.000000 0.645000 0.645000 0.924491 0.924491 0.231123 1.000000 1.000000 1.000000 0.500000 0.000000 0.000000 0 
1318 0.646000 0.414802 0.414802 0.414802 0.000000 0.000000 0.000000 0.646000 0.646000 0.924793 0.924793 0.231198 1.000000 1.000000 1.000000 0.500000 0.000000 0.000000 0 
1319 0.647000 0.415727 0.415727 0.415727 0.000000 0.000000 0.000000 0.647000 0.647000 0.925093 0.925093 0.231273 1.000000 1.000000 1.000000 0.500000 0.000000 0.000000 0 
1320 0.648000 0.416652 0.416652 0.416652 0.000000 0.000000 0.000000 0.648000 0.648000 0.925393 0.925393 0.231348 1.000000 1.000000 1.000000 0.500000 0.000000 0.000000 0 
1321 0.649000 0.417577 0.417577 0.417577 0.000000 0.000000 0.000000 0.649000 0.649000 0.925691 0.925691 0.231423 1.000000 1.000000 1.000000 0.500000 0.000000 0.000000 0 
1322 0.650000 0.418503 0.418503 0.418503 0.000000 0.000000 0.000000 0.650000 0.650000 0.925989 0.925989 0.231497 1.000000 1.000000 1.000000 0.500000 0.000000 0.000000 0 
1323 0.651000 0.419429 0.419429 0.419429 0.000000 0.000000 0.000000 0.651000 0.651000 0.926285 0.926285 0.231571 1.000000 1.000000 1.000000 0.500000 0.000000 0.000000 0 
1324 0.652000 0.420355 0.420355 0.420355 0.000000 0.000000 0.000000 0.652000 0.652000 0.926580 0.926580 0.231645 1.000000 1.000000 1.000000 0.500000 0.000000 0.000000 0 
1325 0.653000 0.421282 0.421282 0.421282 0.000000 0.000000 0.000000 0.653000 0.653000 0.926873 0.926873 0.231718 1.000000 1.000000 1.000000 0.500000 0.000000 0.000000 0 
1326 0.654000 0.422209 0.422209 0.422209 0.000000 0.000000 0.000000 0.654000 0.654000 0.927166 0.927166 0.231791 1.000000 1.000000 1.000000 0.500000 0.000000 0.000000 0 
1327 0.655000 0.423136 0.423136 0.423136 0.000000 0.000000 0.000000 0.655000 0.655000 0.927457 0.927457 0.231864 1.000000 1.000000 1.000000 0.500000 0.000000 0.000000 0 
1328 0.656000 0.424063 0.424063 0.424063 0.000000 0.000000 0.000000 0.656000 0.656000 0.927747 0.927747 0.231937 1.000000 1.000000 1.000000 0.500000 0.000000 0.000000 0 
1329 0.657000 0.424991 0.424991 0.424991 0.000000 0.000000 0.000000 0.657000 0.657000 0.928036 0.928036 0.232009 1.000000 1.000000 1.000000 0.500000 0.000000 0.000000 0 
1330 0.658000 0.425919 0.425919 0.425919 0.000000 0.000000 0.000000 0.658000 0.658000 0.928324 0.928324 0.232081 1.000000 1.000000 1.000000 0.500000 0.000000 0.000000 0 
1331 0.659000 0.426847 0.426847 0.426847 0.000000 0.000000 0.000000 0.659000 0.659000 0.928611 0.928611 0.232153 1.000000 1.000000 1.000000 0.500000 0.000000 0.000000 0 
1332 0.660000 0.427776 0.427776 0.427776 0.000000 0.000000 0.000000 0.660000 0.660000 0.928896 0.928896 0.232224 1.000000 1.000000 1.000000 0.500000 0.000000 0.000000 0 
1333 0.661000 0.428705 0.428705 0.428705 0.000000 0.000000 0.000000 0.661000 0.661000 0.929181 0.929181 0.232295 1.000000 1.000000 1.000000 0.500000 0.000000 0.000000 0 
1334 0.662000 0.429634 0.429634 0.429634 0.000000 0.000000 0.000000 0.662000 0.662000 0.929464 0.929464 0.232366 1.000000 1.000000 1.000000 0.500000 0.000000 0.000000 0 
1335 0.663000 0.430563 0.430563 0.430563 0.000000 0.000000 0.000000 0.663000 0.663000 0.929746 0.929746 0.232437 1.000000 1.000000 1.000000 0.500000 0.000000 0.000000 0 
1336 0.664000 0.431493 0.431493 0.431493 0.000000 0.000000 0.000000 0.664000 0.664000 0.930027 0.930027 0.232507 1.000000 1.000000 1.000000 0.500000 0.000000 0.000000 0 
1337 0.665000 0.432423 0.432423 0.432423 0.000000 0.000000 0.000000 0.665000 0.665000 0.930307 0.930307 0.232577 1.000000 1.000000 1.000000 0.500000 0.000000 0.000000 0 
1338 0.666000 0.433354 0.433354 0.433354 0.000000 0.000000 0.000000 0.666000 0.666000 0.930586 0.930586 0.232646 1.000000 1.000000 1.000000 0.500000 0.000000 0.000000 0 
1339 0.667000 0.434284 0.434284 0.434284 0.000000 0.000000 0.000000 0.667000 0.667000 0.930864 0.930864 0.232716 1.000000 1.000000 1.000000 0.500000 0.000000 0.000000 0 
1340 0.668000 0.435215 0.435215 0.435215 0.000000 0.000000 0.000000 0.668000 0.668000 0.931140 0.931140 0.232785 1.000000 1.000000 1.000000 0.500000 0.000000 0.000000 0 
1341 0.669000 0.436146 0.436146 0.436146 0.000000 0.000000 0.000000 0.669000 0.669000 0.931416 0.931416 0.232854 1.000000 1.000000 1.000000 0.500000 0.000000 0.000000 0 
1342 0.670000 0.437078 0.437078 0.437078 0.000000 0.000000 0.000000 0.670000 0.670000 0.931690 0.931690 0.232922 1.000000 1.000000 1.000000 0.500000 0.000000 0.000000 0 
1343 0.671000 0.438009 0.438009 0.438009 0.000000 0.000000 0.000000 0.671000 0.671000 0.931963 0.931963 0.232991 1.000000 1.000000 1.000000 0.500000 0.000000 0.000000 0 
1344 0.672000 0.438941 0.438941 0.438941 0.000000 0.000000 0.000000 0.672000 0.672000 0.932235 0.932235 0.233059 1.000000 1.000000 1.000000 0.500000 0.000000 0.000000 0 
1345 0.673000 0.439873 0.439873 0.439873 0.000000 0.000000 0.000000 0.673000 0.673000 0.932506 0.932506 0.233127 1.000000 1.000000 1.000000 0.500000 0.000000 0.000000 0 
1346 0.674000 0.440806 0.440806 0.440806 0.000000 0.000000 0.000000 0.674000 0.674000 0.932776 0.932776 0.233194 1.000000 1.000000 1.000000 0.500000 0.000000 0.000000 0 
1347 0.675000 0.441739 0.441739 0.441739 0.000000 0.000000 0.000000 0.675000 0.675000 0.933045 0.933045 0.233261 1.000000 1.000000 1.000000 0.500000 0.000000 0.000000 0 
1348 0.676000 0.442672 0.442672 0.442672 0.000000 0.000000 0.000000 0.676000 0.676000 0.933313 0.933313 0.233328 1.000000 1.000000 1.000000 0.500000 0.000000 0.000000 0 
1349 0.677000 0.443605 0.443605 0.443605 0.000000 0.000000 0.000000 0.677000 0.677000 0.933580 0.933580 0.233395 1.000000 1.000000 1.000000 0.500000 0.000000 0.000000 0 
1350 0.678000 0.444539 0.444539 0.444539 0.000000 0.000000 0.000000 0.678000 0.678000 0.933845 0.933845 0.233461 1.000000 1.000000 1.000000 0.500000 0.000000 0.000000 0 
1351 0.679000 0.445472 0.445472 0.445472 0.000000 0.000000 0.000000 0.679000 0.679000 0.934110 0.934110 0.233528 1.000000 1.000000 1.000000 0.500000 0.000000 0.000000 0 
1352 0.680000 0.446407 0.446407 0.446407 0.000000 0.000000 0.000000 0.680000 0.680000 0.934374 0.934374 0.233593 1.000000 1.000000 1.000000 0.500000 0.000000 0.000000 0 
1353 0.681000 0.447341 0.447341 0.447341 0.000000 0.000000 0.000000 0.681000 0.681000 0.934636 0.934636 0.233659 1.000000 1.000000 1.000000 0.500000 0.000000 0.000000 0 
1354 0.682000 0.448276 0.448276 0.448276 0.000000 0.000000 0.000000 0.682000 0.682000 0.934898 0.934898 0.233724 1.000000 1.000000 1.000000 0.500000 0.000000 0.000000 0 
1355 0.683000 0.449210 0.449210 0.449210 0.000000 0.000000 0.000000 0.683000 0.683000 0.935158 0.935158 0.233790 1.000000 1.000000 1.000000 0.500000 0.000000 0.000000 0 
1356 0.684000 0.450146 0.450146 0.450146 0.000000 0.000000 0.000000 0.684000 0.684000 0.935417 0.935417 0.233854 1.000000 1.000000 1.000000 0.500000 0.000000 0.000000 0 
1357 0.685000 0.451081 0.451081 0.451081 0.000000 0.000000 0.000000 0.685000 0.685000 0.935676 0.935676 0.233919 1.000000 1.000000 1.000000 0.500000 0.000000 0.000000 0 
1358 0.686000 0.452017 0.452017 0.452017 0.000000 0.000000 0.000000 0.686000 0.686000 0.935933 0.935933 0.233983 1.000000 1.000000 1.000000 0.500000 0.000000 0.000000 0 
1359 0.687000 0.452953 0.452953 0.452953 0.000000 0.000000 0.000000 0.687000 0.687000 0.936189 0.936189 0.234047 1.000000 1.000000 1.000000 0.500000 0.000000 0.000000 0 
1360 0.688000 0.453889 0.453889 0.453889 0.000000 0.000000 0.000000 0.688000 0.688000 0.936445 0.936445 0.234111 1.000000 1.000000 1.000000 0.500000 0.000000 0.000000 0 
1361 0.689000 0.454825 0.454825 0.454825 0.000000 0.000000 0.000000 0.689000 0.689000 0.936699 0.936699 0.234175 1.000000 1.000000 1.000000 0.500000 0.000000 0.000000 0 
1362 0.690000 0.455762 0.455762 0.455762 0.000000 0.000000 0.000000 0.690000 0.690000 0.936952 0.936952 0.234238 1.000000 1.000000 1.000000 0.500000 0.000000 0.000000 0 
1363 0.691000 0.456699 0.456699 0.456699 0.000000 0.000000 0.000000 0.691000 0.691000 0.937204 0.937204 0.234301 1.000000 1.000000 1.000000 0.500000 0.000000 0.000000 0 
1364 0.692000 0.457636 0.457636 0.457636 0.000000 0.000000 0.000000 0.692000 0.692000 0.937455 0.937455 0.234364 1.000000 1.000000 1.000000 0.500000 0.000000 0.000000 0 
1365 0.693000 0.458574 0.458574 0.458574 0.000000 0.000000 0.000000 0.693000 0.693000 0.937705 0.937705 0.234426 1.000000 1.000000 1.000000 0.500000 0.000000 0.000000 0 
1366 0.694000 0.459511 0.459511 0.459511 0.000000 0.000000 0.000000 0.694000 0.694000 0.937955 0.937955 0.234489 1.000000 1.000000 1.000000 0.500000 0.000000 0.000000 0 
1367 0.695000 0.460449 0.460449 0.460449 0.000000 0.000000 0.000000 0.695000 0.695000 0.938203 0.938203 0.234551 1.000000 1.000000 1.000000 0.500000 0.000000 0.000000 0 
1368 0.696000 0.461387 0.461387 0.461387 0.000000 0.000000 0.000000 0.696000 0.696000 0.938450 0.938450 0.234613 1.000000 1.000000 1.000000 0.500000 0.000000 0.000000 0 
1369 0.697000 0.462326 0.462326 0.462326 0.000000 0.000000 0.000000 0.697000 0.697000 0.938696 0.938696 0.234674 1.000000 1.000000 1.000000 0.500000 0.000000 0.000000 0 
1370 0.698000 0.463265 0.463265 0.463265 0.000000 0.000000 0.000000 0.698000 0.698000 0.938941 0.938941 0.234735 1.000000 1.000000 1.000000 0.500000 0.000000 0.000000 0 
1371 0.699000 0.464204 0.464204 0.464204 0.000000 0.000000 0.000000 0.699000 0.699000 0.939186 0.939186 0.234796 1.000000 1.000000 1.000000 0.500000 0.000000 0.000000 0 
1372 0.700000 0.465143 0.465143 0.465143 0.000000 0.000000 0.000000 0.700000 0.700000 0.939429 0.939429 0.234857 1.000000 1.000000 1.000000 0.500000 0.000000 0.000000 0 
1373 0.701000 0.466082 0.466082 0.466082 0.000000 0.000000 0.000000 0.701000 0.701000 0.939671 0.939671 0.234918 1.000000 1.000000 1.000000 0.500000 0.000000 0.000000 0 
1374 0.702000 0.467022 0.467022 0.467022 0.000000 0.000000 0.000000 0.702000 0.702000 0.939913 0.939913 0.234978 1.000000 1.000000 1.000000 0.500000 0.000000 0.000000 0 
1375 0.703000 0.467962 0.467962 0.467962 0.000000 0.000000 0.000000 0.703000 0.703000 0.940153 0.940153 0.235038 1.000000 1.000000 1.000000 0.500000 0.000000 0.000000 0 
1376 0.704000 0.468902 0.468902 0.468902 0.000000 0.000000 0.000000 0.704000 0.704000 0.940392 0.940392 0.235098 1.000000 1.000000 1.000000 0.500000 0.000000 0.000000 0 
1377 0.705000 0.469842 0.469842 0.469842 0.000000 0.000000 0.000000 0.705000 0.705000 0.940631 0.940631 0.235158 1.000000 1.000000 1.000000 0.500000 0.000000 0.000000 0 
1378 0.706000 0.470783 0.470783 0.470783 0.000000 0.000000 0.000000 0.706000 0.706000 0.940868 0.940868 0.235217 1.000000 1.000000 1.000000 0.500000 0.000000 0.000000 0 
1379 0.707000 0.471724 0.471724 0.471724 0.000000 0.000000 0.000000 0.707000 0.707000 0.941105 0.941105 0.235276 1.000000 1.000000 1.000000 0.500000 0.000000 0.000000 0 
1380 0.708000 0.472665 0.472665 0.472665 0.000000 0.000000 0.000000 0.708000 0.708000 0.941340 0.941340 0.235335 1.000000 1.000000 1.000000 0.500000 0.000000 0.000000 0 
1381 0.709000 0.473606 0.473606 0.473606 0.000000 0.000000 0.000000 0.709000 0.709000 0.941575 0.941575 0.235394 1.000000 1.000000 1.000000 0.500000 0.000000 0.000000 0 
1382 0.710000 0.474548 0.474548 0.474548 0.000000 0.000000 0.000000 0.710000 0.710000 0.941809 0.941809 0.235452 1.000000 1.000000 1.000000 0.500000 0.000000 0.000000 0 
1383 0.711000 0.475490 0.475490 0.475490 0.000000 0.000000 0.000000 0.711000 0.711000 0.942041 0.942041 0.235510 1.000000 1.000000 1.000000 0.500000 0.000000 0.000000 0 
1384 0.712000 0.476432 0.476432 0.476432 0.000000 0.000000 0.000000 0.712000 0.712000 0.942273 0.942273 0.235568 1.000000 1.000000 1.000000 0.500000 0.000000 0.000000 0 
1385 0.713000 0.477374 0.477374 0.477374 0.000000 0.000000 0.000000 0.713000 0.713000 0.942504 0.942504 0.235626 1.000000 1.000000 1.000000 0.500000 0.000000 0.000000 0 
1386 0.714000 0.478316 0.478316 0.478316 0.000000 0.000000 0.000000 0.714000 0.714000 0.942734 0.942734 0.235684 1.000000 1.000000 1.000000 0.500000 0.000000 0.000000 0 
1387 0.715000 0.479259 0.479259 0.479259 0.000000 0.000000 0.000000 0.715000 0.715000 0.942963 0.942963 0.235741 1.000000 1.000000 1.000000 0.500000 0.000000 0.000000 0 
1388 0.716000 0.480202 0.480202 0.480202 0.000000 0.000000 0.000000 0.716000 0.716000 0.943191 0.943191 0.235798 1.000000 1.000000 1.000000 0.500000 0.000000 0.000000 0 
1389 0.717000 0.481145 0.481145 0.481145 0.000000 0.000000 0.000000 0.717000 0.717000 0.943419 0.943419 0.235855 1.000000 1.000000 1.000000 0.500000 0.000000 0.000000 0 
1390 0.718000 0.482089 0.482089 0.482089 0.000000 0.000000 0.000000 0.718000 0.718000 0.943645 0.943645 0.235911 1.000000 1.000000 1.000000 0.500000 0.000000 0.000000 0 
1391 0.719000 0.483032 0.483032 0.483032 0.000000 0.000000 0.000000 0.719000 0.719000 0.943870 0.943870 0.235968 1.000000 1.000000 1.000000 0.500000 0.000000 0.000000 0 
1392 0.720000 0.483976 0.483976 0.483976 0.000000 0.000000 0.000000 0.720000 0.720000 0.944095 0.944095 0.236024 1.000000 1.000000 1.000000 0.500000 0.000000 0.000000 0 
1393 0.721000 0.484920 0.484920 0.484920 0.000000 0.000000 0.000000 0.721000 0.721000 0.944318 0.944318 0.236080 1.000000 1.000000 1.000000 0.500000 0.000000 0.000000 0 
1394 0.722000 0.485865 0.485865 0.485865 0.000000 0.000000 0.000000 0.722000 0.722000 0.944541 0.944541 0.236135 1.000000 1.000000 1.000000 0.500000 0.000000 0.000000 0 
1395 0.723000 0.486809 0.486809 0.486809 0.000000 0.000000 0.000000 0.723000 0.723000 0.944763 0.944763 0.236191 1.000000 1.000000 1.000000 0.500000 0.000000 0.000000 0 
1396 0.724000 0.487754 0.487754 0.487754 0.000000 0.000000 0.000000 0.724000 0.724000 0.944984 0.944984 0.236246 1.000000 1.000000 1.000000 0.500000 0.000000 0.000000 0 
1397 0.725000 0.488699 0.488699 0.488699 0.000000 0.000000 0.000000 0.725000 0.725000 0.945204 0.945204 0.236301 1.000000 1.000000 1.000000 0.500000 0.000000 0.000000 0 
1398 0.726000 0.489644 0.489644 0.489644 0.000000 0.000000 0.000000 0.726000 0.726000 0.945423 0.945423 0.236356 1.000000 1.000000 1.000000 0.500000 0.000000 0.000000 0 
1399 0.727000 0.490590 0.490590 0.490590 0.000000 0.000000 0.000000 0.727000 0.727000 0.945642 0.945642 0.236410 1.000000 1.000000 1.000000 0.500000 0.000000 0.000000 0 
1400 0.728000 0.491535 0.491535 0.491535 0.000000 0.000000 0.000000 0.728000 0.728000 0.945859 0.945859 0.236465 1.000000 1.000000 1.000000 0.500000 0.000000 0.000000 0 
1401 0.729000 0.492481 0.492481 0.492481 0.000000 0.000000 0.000000 0.729000 0.729000 0.946076 0.946076 0.236519 1.000000 1.000000 1.000000 0.500000 0.000000 0.000000 0 
1402 0.730000 0.493427 0.493427 0.493427 0.000000 0.000000 0.000000 0.730000 0.730000 0.946291 0.946291 0.236573 1.000000 1.000000 1.000000 0.500000 0.000000 0.000000 0 
1403 0.731000 0.494373 0.494373 0.494373 0.000000 0.000000 0.000000 0.731000 0.731000 0.946506 0.946506 0.236627 1.000000 1.000000 1.000000 0.500000 0.000000 0.000000 0 
1404 0.732000 0.495320 0.495320 0.495320 0.000000 0.000000 0.000000 0.732000 0.732000 0.946720 0.946720 0.236680 1.000000 1.000000 1.000000 0.500000 0.000000 0.000000 0 
1405 0.733000 0.496267 0.496267 0.496267 0.000000 0.000000 0.000000 0.733000 0.733000 0.946933 0.946933 0.236733 1.000000 1.000000 1.000000 0.500000 0.000000 0.000000 0 
1406 0.734000 0.497214 0.497214 0.497214 0.000000 0.000000 0.000000 0.734000 0.734000 0.947145 0.947145 0.236786 1.000000 1.000000 1.000000 0.500000 0.000000 0.000000 0 
1407 0.735000 0.498161 0.498161 0.498161 0.000000 0.000000 0.000000 0.735000 0.735000 0.947357 0.947357 0.236839 1.000000 1.000000 1.000000 0.500000 0.000000 0.000000 0 
1408 0.736000 0.499108 0.499108 0.499108 0.000000 0.000000 0.000000 0.736000 0.736000 0.947567 0.947567 0.236892 1.000000 1.000000 1.000000 0.500000 0.000000 0.000000 0 
1409 0.737000 0.500056 0.500056 0.500056 0.000000 0.000000 0.000000 0.737000 0.737000 0.947777 0.947777 0.236944 1.000000 1.000000 1.000000 0.500000 0.000000 0.000000 0 
1410 0.738000 0.501003 0.501003 0.501003 0.000000 0.000000 0.000000 0.738000 0.738000 0.947986 0.947986 0.236997 1.000000 1.000000 1.000000 0.500000 0.000000 0.000000 0 
1411 0.739000 0.501951 0.501951 0.501951 0.000000 0.000000 0.000000 0.739000 0.739000 0.948194 0.948194 0.237049 1.000000 1.000000 1.000000 0.500000 0.000000 0.000000 0 
1412 0.740000 0.502900 0.502900 0.502900 0.000000 0.000000 0.000000 0.740000 0.740000 0.948401 0.948401 0.237100 1.000000 1.000000 1.000000 0.500000 0.000000 0.000000 0 
1413 0.741000 0.503848 0.503848 0.503848 0.000000 0.000000 0.000000 0.741000 0.741000 0.948608 0.948608 0.237152 1.000000 1.000000 1.000000 0.500000 0.000000 0.000000 0 
1414 0.742000 0.504797 0.504797 0.504797 0.000000 0.000000 0.000000 0.742000 0.742000 0.948813 0.948813 0.237203 1.000000 1.000000 1.000000 0.500000 0.000000 0.000000 0 
1415 0.743000 0.505745 0.505745 0.505745 0.000000 0.000000 0.000000 0.743000 0.743000 0.949018 0.949018 0.237255 1.000000 1.000000 1.000000 0.500000 0.000000 0.000000 0 
1416 0.744000 0.506695 0.506695 0.506695 0.000000 0.000000 0.000000 0.744000 0.744000 0.949222 0.949222 0.237305 1.000000 1.000000 1.000000 0.500000 0.000000 0.000000 0 
1417 0.745000 0.507644 0.507644 0.507644 0.000000 0.000000 0.000000 0.745000 0.745000 0.949425 0.949425 0.237356 1.000000 1.000000 1.000000 0.500000 0.000000 0.000000 0 
1418 0.746000 0.508593 0.508593 0.508593 0.000000 0.000000 0.000000 0.746000 0.746000 0.949627 0.949627 0.237407 1.000000 1.000000 1.000000 0.500000 0.000000 0.000000 0 
1419 0.747000 0.509543 0.509543 0.509543 0.000000 0.000000 0.000000 0.747000 0.747000 0.949829 0.949829 0.237457 1.000000 1.000000 1.000000 0.500000 0.000000 0.000000 0 
1420 0.748000 0.510493 0.510493 0.510493 0.000000 0.000000 0.000000 0.748000 0.748000 0.950030 0.950030 0.237507 1.000000 1.000000 1.000000 0.500000 0.000000 0.000000 0 
1421 0.749000 0.511443 0.511443 0.511443 0.000000 0.000000 0.000000 0.749000 0.749000 0.950229 0.950229 0.237557 1.000000 1.000000 1.000000 0.500000 0.000000 0.000000 0 
1422 0.750000 0.512393 0.512393 0.512393 0.000000 0.000000 0.000000 0.750000 0.750000 0.950429 0.950429 0.237607 1.000000 1.000000 1.000000 0.500000 0.000000 0.000000 0 
1423 0.751000 0.513343 0.513343 0.513343 0.000000 0.000000 0.000000 0.751000 0.751000 0.950627 0.950627 0.237657 1.000000 1.000000 1.000000 0.500000 0.000000 0.000000 0 
1424 0.752000 0.514294 0.514294 0.514294 0.000000 0.000000 0.000000 0.752000 0.752000 0.950824 0.950824 0.237706 1.000000 1.000000 1.000000 0.500000 0.000000 0.000000 0 
1425 0.753000 0.515245 0.515245 0.515245 0.000000 0.000000 0.000000 0.753000 0.753000 0.951021 0.951021 0.237755 1.000000 1.000000 1.000000 0.500000 0.000000 0.000000 0 
1426 0.754000 0.516196 0.516196 0.516196 0.000000 0.000000 0.000000 0.754000 0.754000 0.951217 0.951217 0.237804 1.000000 1.000000 1.000000 0.500000 0.000000 0.000000 0 
1427 0.755000 0.517147 0.517147 0.517147 0.000000 0.000000 0.000000 0.755000 0.755000 0.951412 0.951412 0.237853 1.000000 1.000000 1.000000 0.500000 0.000000 0.000000 0 
1428 0.756000 0.518098 0.518098 0.518098 0.000000 0.000000 0.000000 0.756000 0.756000 0.951606 0.951606 0.237902 1.000000 1.000000 1.000000 0.500000 0.000000 0.000000 0 
1429 0.757000 0.519050 0.519050 0.519050 0.000000 0.000000 0.000000 0.757000 0.757000 0.951800 0.951800 0.237950 1.000000 1.000000 1.000000 0.500000 0.000000 0.000000 0 
1430 0.758000 0.520002 0.520002 0.520002 0.000000 0.000000 0.000000 0.758000 0.758000 0.951993 0.951993 0.237998 1.000000 1.000000 1.000000 0.500000 0.000000 0.000000 0 
1431 0.759000 0.520954 0.520954 0.520954 0.000000 0.000000 0.000000 0.759000 0.759000 0.952185 0.952185 0.238046 1.000000 1.000000 1.000000 0.500000 0.000000 0.000000 0 
1432 0.760000 0.521906 0.521906 0.521906 0.000000 0.000000 0.000000 0.760000 0.760000 0.952376 0.952376 0.238094 1.000000 1.000000 1.000000 0.500000 0.000000 0.000000 0 
1433 0.761000 0.522858 0.522858 0.522858 0.000000 0.000000 0.000000 0.761000 0.761000 0.952567 0.952567 0.238142 1.000000 1.000000 1.000000 0.500000 0.000000 0.000000 0 
1434 0.762000 0.523811 0.523811 0.523811 0.000000 0.000000 0.000000 0.762000 0.762000 0.952756 0.952756 0.238189 1.000000 1.000000 1.000000 0.500000 0.000000 0.000000 0 
1435 0.763000 0.524764 0.524764 0.524764 0.000000 0.000000 0.000000 0.763000 0.763000 0.952945 0.952945 0.238236 1.000000 1.000000 1.000000 0.500000 0.000000 0.000000 0 
1436 0.764000 0.525717 0.525717 0.525717 0.000000 0.000000 0.000000 0.764000 0.764000 0.953133 0.953133 0.238283 1.000000 1.000000 1.000000 0.500000 0.000000 0.000000 0 
1437 0.765000 0.526670 0.526670 0.526670 0.000000 0.000000 0.000000 0.765000 0.765000 0.953321 0.953321 0.238330 1.000000 1.000000 1.000000 0.500000 0.000000 0.000000 0 
1438 0.766000 0.527623 0.527623 0.527623 0.000000 0.000000 0.000000 0.766000 0.766000 0.953508 0.953508 0.238377 1.000000 1.000000 1.000000 0.500000 0.000000 0.000000 0 
1439 0.767000 0.528577 0.528577 0.528577 0.000000 0.000000 0.000000 0.767000 0.767000 0.953694 0.953694 0.238423 1.000000 1.000000 1.000000 0.500000 0.000000 0.000000 0 
1440 0.768000 0.529530 0.529530 0.529530 0.000000 0.000000 0.000000 0.768000 0.768000 0.953879 0.953879 0.238470 1.000000 1.000000 1.000000 0.500000 0.000000 0.000000 0 
1441 0.769000 0.530484 0.530484 0.530484 0.000000 0.000000 0.000000 0.769000 0.769000 0.954063 0.954063 0.238516 1.000000 1.000000 1.000000 0.500000 0.000000 0.000000 0 
1442 0.770000 0.531438 0.531438 0.531438 0.000000 0.000000 0.000000 0.770000 0.770000 0.954247 0.954247 0.238562 1.000000 1.000000 1.000000 0.500000 0.000000 0.000000 0 
1443 0.771000 0.532392 0.532392 0.532392 0.000000 0.000000 0.000000 0.771000 0.771000 0.954430 0.954430 0.238608 1.000000 1.000000 1.000000 0.500000 0.000000 0.000000 0 
1444 0.772000 0.533347 0.533347 0.533347 0.000000 0.000000 0.000000 0.772000 0.772000 0.954612 0.954612 0.238653 1.000000 1.000000 1.000000 0.500000 0.000000 0.000000 0 
1445 0.773000 0.534302 0.534302 0.534302 0.000000 0.000000 0.000000 0.773000 0.773000 0.954794 0.954794 0.238698 1.000000 1.000000 1.000000 0.500000 0.000000 0.000000 0 
1446 0.774000 0.535256 0.535256 0.535256 0.000000 0.000000 0.000000 0.774000 0.774000 0.954975 0.954975 0.238744 1.000000 1.000000 1.000000 0.500000 0.000000 0.000000 0 
1447 0.775000 0.536211 0.536211 0.536211 0.000000 0.000000 0.000000 0.775000 0.775000 0.955155 0.955155 0.238789 1.000000 1.000000 1.000000 0.500000 0.000000 0.000000 0 
1448 0.776000 0.537166 0.537166 0.537166 0.000000 0.000000 0.000000 0.776000 0.776000 0.955334 0.955334 0.238834 1.000000 1.000000 1.000000 0.500000 0.000000 0.000000 0 
1449 0.777000 0.538122 0.538122 0.538122 0.000000 0.000000 0.000000 0.777000 0.777000 0.955513 0.955513 0.238878 1.000000 1.000000 1.000000 0.500000 0.000000 0.000000 0 
1450 0.778000 0.539077 0.539077 0.539077 0.000000 0.000000 0.000000 0.778000 0.778000 0.955691 0.955691 0.238923 1.000000 1.000000 1.000000 0.500000 0.000000 0.000000 0 
1451 0.779000 0.540033 0.540033 0.540033 0.000000 0.000000 0.000000 0.779000 0.779000 0.955868 0.955868 0.238967 1.000000 1.000000 1.000000 0.500000 0.000000 0.000000 0 
1452 0.780000 0.540989 0.540989 0.540989 0.000000 0.000000 0.000000 0.780000 0.780000 0.956045 0.956045 0.239011 1.000000 1.000000 1.000000 0.500000 0.000000 0.000000 0 
1453 0.781000 0.541945 0.541945 0.541945 0.000000 0.000000 0.000000 0.781000 0.781000 0.956220 0.956220 0.239055 1.000000 1.000000 1.000000 0.500000 0.000000 0.000000 0 
1454 0.782000 0.542901 0.542901 0.542901 0.000000 0.000000 0.000000 0.782000 0.782000 0.956396 0.956396 0.239099 1.000000 1.000000 1.000000 0.500000 0.000000 0.000000 0 
1455 0.783000 0.543858 0.543858 0.543858 0.000000 0.000000 0.000000 0.783000 0.783000 0.956570 0.956570 0.239142 1.000000 1.000000 1.000000 0.500000 0.000000 0.000000 0 
1456 0.784000 0.544814 0.544814 0.544814 0.000000 0.000000 0.000000 0.784000 0.784000 0.956744 0.956744 0.239186 1.000000 1.000000 1.000000 0.500000 0.000000 0.000000 0 
1457 0.785000 0.545771 0.545771 0.545771 0.000000 0.000000 0.000000 0.785000 0.785000 0.956917 0.956917 0.239229 1.000000 1.000000 1.000000 0.500000 0.000000 0.000000 0 
1458 0.786000 0.546728 0.546728 0.546728 0.000000 0.000000 0.000000 0.786000 0.786000 0.957089 0.957089 0.239272 1.000000 1.000000 1.000000 0.500000 0.000000 0.000000 0 
1459 0.787000 0.547685 0.547685 0.547685 0.000000 0.000000 0.000000 0.787000 0.787000 0.957261 0.957261 0.239315 1.000000 1.000000 1.000000 0.500000 0.000000 0.000000 0 
1460 0.788000 0.548642 0.548642 0.548642 0.000000 0.000000 0.000000 0.788000 0.788000 0.957432 0.957432 0.239358 1.000000 1.000000 1.000000 0.500000 0.000000 0.000000 0 
1461 0.789000 0.549600 0.549600 0.549600 0.000000 0.000000 0.000000 0.789000 0.789000 0.957602 0.957602 0.239400 1.000000 1.000000 1.000000 0.500000 0.000000 0.000000 0 
1462 0.790000 0.550557 0.550557 0.550557 0.000000 0.000000 0.000000 0.790000 0.790000 0.957772 0.957772 0.239443 1.000000 1.000000 1.000000 0.500000 0.000000 0.000000 0 
1463 0.791000 0.551515 0.551515 0.551515 0.000000 0.000000 0.000000 0.791000 0.791000 0.957940 0.957940 0.239485 1.000000 1.000000 1.000000 0.500000 0.000000 0.000000 0 
1464 0.792000 0.552473 0.552473 0.552473 0.000000 0.000000 0.000000 0.792000 0.792000 0.958109 0.958109 0.239527 1.000000 1.000000 1.000000 0.500000 0.000000 0.000000 0 
1465 0.793000 0.553431 0.553431 0.553431 0.000000 0.000000 0.000000 0.793000 0.793000 0.958276 0.958276 0.239569 1.000000 1.000000 1.000000 0.500000 0.000000 0.000000 0 
1466 0.794000 0.554389 0.554389 0.554389 0.000000 0.000000 0.000000 0.794000 0.794000 0.958443 0.958443 0.239611 1.000000 1.000000 1.000000 0.500000 0.000000 0.000000 0 
1467 0.795000 0.555348 0.555348 0.555348 0.000000 0.000000 0.000000 0.795000 0.795000 0.958609 0.958609 0.239652 1.000000 1.000000 1.000000 0.500000 0.000000 0.000000 0 
1468 0.796000 0.556306 0.556306 0.556306 0.000000 0.000000 0.000000 0.796000 0.796000 0.958775 0.958775 0.239694 1.000000 1.000000 1.000000 0.500000 0.000000 0.000000 0 
1469 0.797000 0.557265 0.557265 0.557265 0.000000 0.000000 0.000000 0.797000 0.797000 0.958940 0.958940 0.239735 1.000000 1.000000 1.000000 0.500000 0.000000 0.000000 0 
1470 0.798000 0.558224 0.558224 0.558224 0.000000 0.000000 0.000000 0.798000 0.798000 0.959104 0.959104 0.239776 1.000000 1.000000 1.000000 0.500000 0.000000 0.000000 0 
1471 0.799000 0.559183 0.559183 0.559183 0.000000 0.000000 0.000000 0.799000 0.799000 0.959268 0.959268 0.239817 1.000000 1.000000 1.000000 0.500000 0.000000 0.000000 0 
1472 0.800000 0.560142 0.560142 0.560142 0.000000 0.000000 0.000000 0.800000 0.800000 0.959431 0.959431 0.239858 1.000000 1.000000 1.000000 0.500000 0.000000 0.000000 0 
1473 0.801000 0.561102 0.561102 0.561102 0.000000 0.000000 0.000000 0.801000 0.801000 0.959593 0.959593 0.239898 1.000000 1.000000 1.000000 0.500000 0.000000 0.000000 0 
1474 0.802000 0.562061 0.562061 0.562061 0.000000 0.000000 0.000000 0.802000 0.802000 0.959754 0.959754 0.239939 1.000000 1.000000 1.000000 0.500000 0.000000 0.000000 0 
1475 0.803000 0.563021 0.563021 0.563021 0.000000 0.000000 0.000000 0.803000 0.803000 0.959915 0.959915 0.239979 1.000000 1.000000 1.000000 0.500000 0.000000 0.000000 0 
1476 0.804000 0.563981 0.563981 0.563981 0.000000 0.000000 0.000000 0.804000 0.804000 0.960076 0.960076 0.240019 1.000000 1.000000 1.000000 0.500000 0.000000 0.000000 0 
1477 0.805000 0.564941 0.564941 0.564941 0.000000 0.000000 0.000000 0.805000 0.805000 0.960235 0.960235 0.240059 1.000000 1.000000 1.000000 0.500000 0.000000 0.000000 0 
1478 0.806000 0.565901 0.565901 0.565901 0.000000 0.000000 0.000000 0.806000 0.806000 0.960395 0.960395 0.240099 1.000000 1.000000 1.000000 0.500000 0.000000 0.000000 0 
1479 0.807000 0.566862 0.566862 0.566862 0.000000 0.000000 0.000000 0.807000 0.807000 0.960553 0.960553 0.240138 1.000000 1.000000 1.000000 0.500000 0.000000 0.000000 0 
1480 0.808000 0.567822 0.567822 0.567822 0.000000 0.000000 0.000000 0.808000 0.808000 0.960711 0.960711 0.240178 1.000000 1.000000 1.000000 0.500000 0.000000 0.000000 0 
1481 0.809000 0.568783 0.568783 0.568783 0.000000 0.000000 0.000000 0.809000 0.809000 0.960868 0.960868 0.240217 1.000000 1.000000 1.000000 0.500000 0.000000 0.000000 0 
1482 0.810000 0.569744 0.569744 0.569744 0.000000 0.000000 0.000000 0.810000 0.810000 0.961024 0.961024 0.240256 1.000000 1.000000 1.000000 0.500000 0.000000 0.000000 0 
1483 0.811000 0.570705 0.570705 0.570705 0.000000 0.000000 0.000000 0.811000 0.811000 0.961180 0.961180 0.240295 1.000000 1.000000 1.000000 0.500000 0.000000 0.000000 0 
1484 0.812000 0.571666 0.571666 0.571666 0.000000 0.000000 0.000000 0.812000 0.812000 0.961336 0.961336 0.240334 1.000000 1.000000 1.000000 0.500000 0.000000 0.000000 0 
1485 0.813000 0.572627 0.572627 0.572627 0.000000 0.000000 0.000000 0.813000 0.813000 0.961490 0.961490 0.240373 1.000000 1.000000 1.000000 0.500000 0.000000 0.000000 0 
1486 0.814000 0.573589 0.573589 0.573589 0.000000 0.000000 0.000000 0.814000 0.814000 0.961644 0.961644 0.240411 1.000000 1.000000 1.000000 0.500000 0.000000 0.000000 0 
1487 0.815000 0.574551 0.574551 0.574551 0.000000 0.000000 0.000000 0.815000 0.815000 0.961798 0.961798 0.240449 1.000000 1.000000 1.000000 0.500000 0.000000 0.000000 0 
1488 0.816000 0.575512 0.575512 0.575512 0.000000 0.000000 0.000000 0.816000 0.816000 0.961951 0.961951 0.240488 1.000000 1.000000 1.000000 0.500000 0.000000 0.000000 0 
1489 0.817000 0.576474 0.576474 0.576474 0.000000 0.000000 0.000000 0.817000 0.817000 0.962103 0.962103 0.240526 1.000000 1.000000 1.000000 0.500000 0.000000 0.000000 0 
1490 0.818000 0.577436 0.577436 0.577436 0.000000 0.000000 0.000000 0.818000 0.818000 0.962254 0.962254 0.240564 1.000000 1.000000 1.000000 0.500000 0.000000 0.000000 0 
1491 0.819000 0.578399 0.578399 0.578399 0.000000 0.000000 0.000000 0.819000 0.819000 0.962405 0.962405 0.240601 1.000000 1.000000 1.000000 0.500000 0.000000 0.000000 0 
1492 0.820000 0.579361 0.579361 0.579361 0.000000 0.000000 0.000000 0.820000 0.820000 0.962556 0.962556 0.240639 1.000000 1.000000 1.000000 0.500000 0.000000 0.000000 0 
1493 0.821000 0.580324 0.580324 0.580324 0.000000 0.000000 0.000000 0.821000 0.821000 0.962705 0.962705 0.240676 1.000000 1.000000 1.000000 0.500000 0.000000 0.000000 0 
1494 0.822000 0.581286 0.581286 0.581286 0.000000 0.000000 0.000000 0.822000 0.822000 0.962855 0.962855 0.240714 1.000000 1.000000 1.000000 0.500000 0.000000 0.000000 0 
1495 0.823000 0.582249 0.582249 0.582249 0.000000 0.000000 0.000000 0.823000 0.823000 0.963003 0.963003 0.240751 1.000000 1.000000 1.000000 0.500000 0.000000 0.000000 0 
1496 0.824000 0.583212 0.583212 0.583212 0.000000 0.000000 0.000000 0.824000 0.824000 0.963151 0.963151 0.240788 1.000000 1.000000 1.000000 0.500000 0.000000 0.000000 0 
1497 0.825000 0.584175 0.584175 0.584175 0.000000 0.000000 0.000000 0.825000 0.825000 0.963299 0.963299 0.240825 1.000000 1.000000 1.000000 0.500000 0.000000 0.000000 0 
1498 0.826000 0.585139 0.585139 0.585139 0.000000 0.000000 0.000000 0.826000 0.826000 0.963445 0.963445 0.240861 1.000000 1.000000 1.000000 0.500000 0.000000 0.000000 0 
1499 0.827000 0.586102 0.586102 0.586102 0.000000 0.000000 0.000000 0.827000 0.827000 0.963592 0.963592 0.240898 1.000000 1.000000 1.000000 0.500000 0.000000 0.000000 0 
1500 0.828000 0.587066 0.587066 0.587066 0.000000 0.000000 0.000000 0.828000 0.828000 0.963737 0.963737 0.240934 1.000000 1.000000 1.000000 0.500000 0.000000 0.000000 0 
1501 0.829000 0.588029 0.588029 0.588029 0.000000 0.000000 0.000000 0.829000 0.829000 0.963882 0.963882 0.240971 1.000000 1.000000 1.000000 0.500000 0.000000 0.000000 0 
1502 0.830000 0.588993 0.588993 0.588993 0.000000 0.000000 0.000000 0.830000 0.830000 0.964027 0.964027 0.241007 1.000000 1.000000 1.000000 0.500000 0.000000 0.000000 0 
1503 0.831000 0.589957 0.589957 0.589957 0.000000 0.000000 0.000000 0.831000 0.831000 0.964171 0.964171 0.241043 1.000000 1.000000 1.000000 0.500000 0.000000 0.000000 0 
1504 0.832000 0.590921 0.590921 0.590921 0.000000 0.000000 0.000000 0.832000 0.832000 0.964314 0.964314 0.241079 1.000000 1.000000 1.000000 0.500000 0.000000 0.000000 0 
1505 0.833000 0.591886 0.591886 0.591886 0.000000 0.000000 0.000000 0.833000 0.833000 0.964457 0.964457 0.241114 1.000000 1.000000 1.000000 0.500000 0.000000 0.000000 0 
1506 0.834000 0.592850 0.592850 0.592850 0.000000 0.000000 0.000000 0.834000 0.834000 0.964599 0.964599 0.241150 1.000000 1.000000 1.000000 0.500000 0.000000 0.000000 0 
1507 0.835000 0.593815 0.593815 0.593815 0.000000 0.000000 0.000000 0.835000 0.835000 0.964741 0.964741 0.241185 1.000000 1.000000 1.000000 0.500000 0.000000 0.000000 0 
1508 0.836000 0.594780 0.594780 0.594780 0.000000 0.000000 0.000000 0.836000 0.836000 0.964882 0.964882 0.241220 1.000000 1.000000 1.000000 0.500000 0.000000 0.000000 0 
1509 0.837000 0.595744 0.595744 0.595744 0.000000 0.000000 0.000000 0.837000 0.837000 0.965022 0.965022 0.241256 1.000000 1.000000 1.000000 0.500000 0.000000 0.000000 0 
1510 0.838000 0.596710 0.596710 0.596710 0.000000 0.000000 0.000000 0.838000 0.838000 0.965162 0.965162 0.241290 1.000000 1.000000 1.000000 0.500000 0.000000 0.000000 0 
1511 0.839000 0.597675 0.597675 0.597675 0.000000 0.000000 0.000000 0.839000 0.839000 0.965301 0.965301 0.241325 1.000000 1.000000 1.000000 0.500000 0.000000 0.000000 0 
1512 0.840000 0.598640 0.598640 0.598640 0.000000 0.000000 0.000000 0.840000 0.840000 0.965440 0.965440 0.241360 1.000000 1.000000 1.000000 0.500000 0.000000 0.000000 0 
1513 0.841000 0.599605 0.599605 0.599605 0.000000 0.000000 0.000000 0.841000 0.841000 0.965578 0.965578 0.241395 1.000000 1.000000 1.000000 0.500000 0.000000 0.000000 0 
1514 0.842000 0.600571 0.600571 0.600571 0.000000 0.000000 0.000000 0.842000 0.842000 0.965716 0.965716 0.241429 1.000000 1.000000 1.000000 0.500000 0.000000 0.000000 0 
1515 0.843000 0.601537 0.601537 0.601537 0.000000 0.000000 0.000000 0.843000 0.843000 0.965853 0.965853 0.241463 1.000000 1.000000 1.000000 0.500000 0.000000 0.000000 0 
1516 0.844000 0.602503 0.602503 0.602503 0.000000 0.000000 0.000000 0.844000 0.844000 0.965990 0.965990 0.241497 1.000000 1.000000 1.000000 0.500000 0.000000 0.000000 0 
1517 0.845000 0.603469 0.603469 0.603469 0.000000 0.000000 0.000000 0.845000 0.845000 0.966126 0.966126 0.241531 1.000000 1.000000 1.000000 0.500000 0.000000 0.000000 0 
1518 0.846000 0.604435 0.604435 0.604435 0.000000 0.000000 0.000000 0.846000 0.846000 0.966261 0.966261 0.241565 1.000000 1.000000 1.000000 0.500000 0.000000 0.000000 0 
1519 0.847000 0.605401 0.605401 0.605401 0.000000 0.000000 0.000000 0.847000 0.847000 0.966396 0.966396 0.241599 1.000000 1.000000 1.000000 0.500000 0.000000 0.000000 0 
1520 0.848000 0.606367 0.606367 0.606367 0.000000 0.000000 0.000000 0.848000 0.848000 0.966531 0.966531 0.241633 1.000000 1.000000 1.000000 0.500000 0.000000 0.000000 0 
1521 0.849000 0.607334 0.607334 0.607334 0.000000 0.000000 0.000000 0.849000 0.849000 0.966665 0.966665 0.241666 1.000000 1.000000 1.000000 0.500000 0.000000 0.000000 0 
1522 0.850000 0.608301 0.608301 0.608301 0.000000 0.000000 0.000000 0.850000 0.850000 0.966798 0.966798 0.241699 1.000000 1.000000 1.000000 0.500000 0.000000 0.000000 0 
1523 0.851000 0.609267 0.609267 0.609267 0.000000 0.000000 0.000000 0.851000 0.851000 0.966931 0.966931 0.241733 1.000000 1.000000 1.000000 0.500000 0.000000 0.000000 0 
1524 0.852000 0.610234 0.610234 0.610234 0.000000 0.000000 0.000000 0.852000 0.852000 0.967063 0.967063 0.241766 1.000000 1.000000 1.000000 0.500000 0.000000 0.000000 0 
1525 0.853000 0.611201 0.611201 0.611201 0.000000 0.000000 0.000000 0.853000 0.853000 0.967195 0.967195 0.241799 1.000000 1.000000 1.000000 0.500000 0.000000 0.000000 0 
1526 0.854000 0.612169 0.612169 0.612169 0.000000 0.000000 0.000000 0.854000 0.854000 0.967326 0.967326 0.241831 1.000000 1.000000 1.000000 0.500000 0.000000 0.000000 0 
1527 0.855000 0.613136 0.613136 0.613136 0.000000 0.000000 0.000000 0.855000 0.855000 0.967457 0.967457 0.241864 1.000000 1.000000 1.000000 0.500000 0.000000 0.000000 0 
1528 0.856000 0.614103 0.614103 0.614103 0.000000 0.000000 0.000000 0.856000 0.856000 0.967587 0.967587 0.241897 1.000000 1.000000 1.000000 0.500000 0.000000 0.000000 0 
1529 0.857000 0.615071 0.615071 0.615071 0.000000 0.000000 0.000000 0.857000 0.857000 0.967716 0.967716 0.241929 1.000000 1.000000 1.000000 0.500000 0.000000 0.000000 0 
1530 0.858000 0.616039 0.616039 0.616039 0.000000 0.000000 0.000000 0.858000 0.858000 0.967846 0.967846 0.241961 1.000000 1.000000 1.000000 0.500000 0.000000 0.000000 0 
1531 0.859000 0.617006 0.617006 0.617006 0.000000 0.000000 0.000000 0.859000 0.859000 0.967974 0.967974 0.241994 1.000000 1.000000 1.000000 0.500000 0.000000 0.000000 0 
1532 0.860000 0.617974 0.617974 0.617974 0.000000 0.000000 0.000000 0.860000 0.860000 0.968102 0.968102 0.242026 1.000000 1.000000 1.000000 0.500000 0.000000 0.000000 0 
1533 0.861000 0.618943 0.618943 0.618943 0.000000 0.000000 0.000000 0.861000 0.861000 0.968230 0.968230 0.242057 1.000000 1.000000 1.000000 0.500000 0.000000 0.000000 0 
1534 0.862000 0.619911 0.619911 0.619911 0.000000 0.000000 0.000000 0.862000 0.862000 0.968357 0.968357 0.242089 1.000000 1.000000 1.000000 0.500000 0.000000 0.000000 0 
1535 0.863000 0.620879 0.620879 0.620879 0.000000 0.000000 0.000000 0.863000 0.863000 0.968484 0.968484 0.242121 1.000000 1.000000 1.000000 0.500000 0.000000 0.000000 0 
1536 0.864000 0.621848 0.621848 0.621848 0.000000 0.000000 0.000000 0.864000 0.864000 0.968610 0.968610 0.242152 1.000000 1.000000 1.000000 0.500000 0.000000 0.000000 0 
1537 0.865000 0.622816 0.622816 0.622816 0.000000 0.000000 0.000000 0.865000 0.865000 0.968735 0.968735 0.242184 1.000000 1.000000 1.000000 0.500000 0.000000 0.000000 0 
1538 0.866000 0.623785 0.623785 0.623785 0.000000 0.000000 0.000000 0.866000 0.866000 0.968860 0.968860 0.242215 1.000000 1.000000 1.000000 0.500000 0.000000 0.000000 0 
1539 0.867000 0.624754 0.624754 0.624754 0.000000 0.000000 0.000000 0.867000 0.867000 0.968985 0.968985 0.242246 1.000000 1.000000 1.000000 0.500000 0.000000 0.000000 0 
1540 0.868000 0.625723 0.625723 0.625723 0.000000 0.000000 0.000000 0.868000 0.868000 0.969109 0.969109 0.242277 1.000000 1.000000 1.000000 0.500000 0.000000 0.000000 0 
1541 0.869000 0.626692 0.626692 0.626692 0.000000 0.000000 0.000000 0.869000 0.869000 0.969232 0.969232 0.242308 1.000000 1.000000 1.000000 0.500000 0.000000 0.000000 0 
1542 0.870000 0.627661 0.627661 0.627661 0.000000 0.000000 0.000000 0.870000 0.870000 0.969355 0.969355 0.242339 1.000000 1.000000 1.000000 0.500000 0.000000 0.000000 0 
1543 0.871000 0.628630 0.628630 0.628630 0.000000 0.000000 0.000000 0.871000 0.871000 0.969478 0.969478 0.242370 1.000000 1.000000 1.000000 0.500000 0.000000 0.000000 0 
1544 0.872000 0.629600 0.629600 0.629600 0.000000 0.000000 0.000000 0.872000 0.872000 0.969600 0.969600 0.242400 1.000000 1.000000 1.000000 0.500000 0.000000 0.000000 0 
1545 0.873000 0.630570 0.630570 0.630570 0.000000 0.000000 0.000000 0.873000 0.873000 0.969722 0.969722 0.242430 1.000000 1.000000 1.000000 0.500000 0.000000 0.000000 0 
1546 0.874000 0.631539 0.631539 0.631539 0.000000 0.000000 0.000000 0.874000 0.874000 0.969843 0.969843 0.242461 1.000000 1.000000 1.000000 0.500000 0.000000 0.000000 0 
1547 0.875000 0.632509 0.632509 0.632509 0.000000 0.000000 0.000000 0.875000 0.875000 0.969963 0.969963 0.242491 1.000000 1.000000 1.000000 0.500000 0.000000 0.000000 0 
1548 0.876000 0.633479 0.633479 0.633479 0.000000 0.000000 0.000000 0.876000 0.876000 0.970084 0.970084 0.242521 1.000000 1.000000 1.000000 0.500000 0.000000 0.000000 0 
1549 0.877000 0.634449 0.634449 0.634449 0.000000 0.000000 0.000000 0.877000 0.877000 0.970203 0.970203 0.242551 1.000000 1.000000 1.000000 0.500000 0.000000 0.000000 0 
1550 0.878000 0.635419 0.635419 0.635419 0.000000 0.000000 0.000000 0.878000 0.878000 0.970322 0.970322 0.242581 1.000000 1.000000 1.000000 0.500000 0.000000 0.000000 0 
1551 0.879000 0.636390 0.636390 0.636390 0.000000 0.000000 0.000000 0.879000 0.879000 0.970441 0.970441 0.242610 1.000000 1.000000 1.000000 0.500000 0.000000 0.000000 0 
1552 0.880000 0.637360 0.637360 0.637360 0.000000 0.000000 0.000000 0.880000 0.880000 0.970559 0.970559 0.242640 1.000000 1.000000 1.000000 0.500000 0.000000 0.000000 0 
1553 0.881000 0.638331 0.638331 0.638331 0.000000 0.000000 0.000000 0.881000 0.881000 0.970677 0.970677 0.242669 1.000000 1.000000 1.000000 0.500000 0.000000 0.000000 0 
1554 0.882000 0.639301 0.639301 0.639301 0.000000 0.000000 0.000000 0.882000 0.882000 0.970794 0.970794 0.242699 1.000000 1.000000 1.000000 0.500000 0.000000 0.000000 0 
1555 0.883000 0.640272 0.640272 0.640272 0.000000 0.000000 0.000000 0.883000 0.883000 0.970911 0.970911 0.242728 1.000000 1.000000 1.000000 0.500000 0.000000 0.000000 0 
1556 0.884000 0.641243 0.641243 0.641243 0.000000 0.000000 0.000000 0.884000 0.884000 0.971028 0.971028 0.242757 1.000000 1.000000 1.000000 0.500000 0.000000 0.000000 0 
1557 0.885000 0.642214 0.642214 0.642214 0.000000 0.000000 0.000000 0.885000 0.885000 0.971144 0.971144 0.242786 1.000000 1.000000 1.000000 0.500000 0.000000 0.000000 0 
1558 0.886000 0.643185 0.643185 0.643185 0.000000 0.000000 0.000000 0.886000 0.886000 0.971259 0.971259 0.242815 1.000000 1.000000 1.000000 0.500000 0.000000 0.000000 0 
1559 0.887000 0.644157 0.644157 0.644157 0.000000 0.000000 0.000000 0.887000 0.887000 0.971374 0.971374 0.242843 1.000000 1.000000 1.000000 0.500000 0.000000 0.000000 0 
1560 0.888000 0.645128 0.645128 0.645128 0.000000 0.000000 0.000000 0.888000 0.888000 0.971488 0.971488 0.242872 1.000000 1.000000 1.000000 0.500000 0.000000 0.000000 0 
1561 0.889000 0.646099 0.646099 0.646099 0.000000 0.000000 0.000000 0.889000 0.889000 0.971603 0.971603 0.242901 1.000000 1.000000 1.000000 0.500000 0.000000 0.000000 0 
1562 0.890000 0.647071 0.647071 0.647071 0.000000 0.000000 0.000000 0.890000 0.890000 0.971716 0.971716 0.242929 1.000000 1.000000 1.000000 0.500000 0.000000 0.000000 0 
1563 0.891000 0.648043 0.648043 0.648043 0.000000 0.000000 0.000000 0.891000 0.891000 0.971829 0.971829 0.242957 1.000000 1.000000 1.000000 0.500000 0.000000 0.000000 0 
1564 0.892000 0.649015 0.649015 0.649015 0.000000 0.000000 0.000000 0.892000 0.892000 0.971942 0.971942 0.242985 1.000000 1.000000 1.000000 0.500000 0.000000 0.000000 0 
1565 0.893000 0.649986 0.649986 0.649986 0.000000 0.000000 0.000000 0.893000 0.893000 0.972054 0.972054 0.243014 1.000000 1.000000 1.000000 0.500000 0.000000 0.000000 0 
1566 0.894000 0.650959 0.650959 0.650959 0.000000 0.000000 0.000000 0.894000 0.894000 0.972166 0.972166 0.243041 1.000000 1.000000 1.000000 0.500000 0.000000 0.000000 0 
1567 0.895000 0.651931 0.651931 0.651931 0.000000 0.000000 0.000000 0.895000 0.895000 0.972277 0.972277 0.243069 1.000000 1.000000 1.000000 0.500000 0.000000 0.000000 0 
1568 0.896000 0.652903 0.652903 0.652903 0.000000 0.000000 0.000000 0.896000 0.896000 0.972388 0.972388 0.243097 1.000000 1.000000 1.000000 0.500000 0.000000 0.000000 0 
1569 0.897000 0.653875 0.653875 0.653875 0.000000 0.000000 0.000000 0.897000 0.897000 0.972499 0.972499 0.243125 1.000000 1.000000 1.000000 0.500000 0.000000 0.000000 0 
1570 0.898000 0.654848 0.654848 0.654848 0.000000 0.000000 0.000000 0.898000 0.898000 0.972609 0.972609 0.243152 1.000000 1.000000 1.000000 0.500000 0.000000 0.000000 0 
1571 0.899000 0.655820 0.655820 0.655820 0.000000 0.000000 0.000000 0.899000 0.899000 0.972718 0.972718 0.243180 1.000000 1.000000 1.000000 0.500000 0.000000 0.000000 0 
1572 0.900000 0.656793 0.656793 0.656793 0.000000 0.000000 0.000000 0.900000 0.900000 0.972827 0.972827 0.243207 1.000000 1.000000 1.000000 0.500000 0.000000 0.000000 0 
1573 0.901000 0.657766 0.657766 0.657766 0.000000 0.000000 0.000000 0.901000 0.901000 0.972936 0.972936 0.243234 1.000000 1.000000 1.000000 0.500000 0.000000 0.000000 0 
1574 0.902000 0.658739 0.658739 0.658739 0.000000 0.000000 0.000000 0.902000 0.902000 0.973044 0.973044 0.243261 1.000000 1.000000 1.000000 0.500000 0.000000 0.000000 0 
1575 0.903000 0.659712 0.659712 0.659712 0.000000 0.000000 0.000000 0.903000 0.903000 0.973152 0.973152 0.243288 1.000000 1.000000 1.000000 0.500000 0.000000 0.000000 0 
1576 0.904000 0.660685 0.660685 0.660685 0.000000 0.000000 0.000000 0.904000 0.904000 0.973259 0.973259 0.243315 1.000000 1.000000 1.000000 0.500000 0.000000 0.000000 0 
1577 0.905000 0.661658 0.661658 0.661658 0.000000 0.000000 0.000000 0.905000 0.905000 0.973366 0.973366 0.243342 1.000000 1.000000 1.000000 0.500000 0.000000 0.000000 0 
1578 0.906000 0.662632 0.662632 0.662632 0.000000 0.000000 0.000000 0.906000 0.906000 0.973473 0.973473 0.243368 1.000000 1.000000 1.000000 0.500000 0.000000 0.000000 0 
1579 0.907000 0.663605 0.663605 0.663605 0.000000 0.000000 0.000000 0.907000 0.907000 0.973579 0.973579 0.243395 1.000000 1.000000 1.000000 0.500000 0.000000 0.000000 0 
1580 0.908000 0.664579 0.664579 0.664579 0.000000 0.000000 0.000000 0.908000 0.908000 0.973685 0.973685 0.243421 1.000000 1.000000 1.000000 0.500000 0.000000 0.000000 0 
1581 0.909000 0.665552 0.665552 0.665552 0.000000 0.000000 0.000000 0.909000 0.909000 0.973790 0.973790 0.243448 1.000000 1.000000 1.000000 0.500000 0.000000 0.000000 0 
1582 0.910000 0.666526 0.666526 0.666526 0.000000 0.000000 0.000000 0.910000 0.910000 0.973895 0.973895 0.243474 1.000000 1.000000 1.000000 0.500000 0.000000 0.000000 0 
1583 0.911000 0.667500 0.667500 0.667500 0.000000 0.000000 0.000000 0.911000 0.911000 0.973999 0.973999 0.243500 1.000000 1.000000 1.000000 0.500000 0.000000 0.000000 0 
1584 0.912000 0.668474 0.668474 0.668474 0.000000 0.000000 0.000000 0.912000 0.912000 0.974103 0.974103 0.243526 1.000000 1.000000 1.000000 0.500000 0.000000 0.000000 0 
1585 0.913000 0.669448 0.669448 0.669448 0.000000 0.000000 0.000000 0.913000 0.913000 0.974207 0.974207 0.243552 1.000000 1.000000 1.000000 0.500000 0.000000 0.000000 0 
1586 0.914000 0.670422 0.670422 0.670422 0.000000 0.000000 0.000000 0.914000 0.914000 0.974310 0.974310 0.243578 1.000000 1.000000 1.000000 0.500000 0.000000 0.000000 0 
1587 0.915000 0.671397 0.671397 0.671397 0.000000 0.000000 0.000000 0.915000 0.915000 0.974413 0.974413 0.243603 1.000000 1.000000 1.000000 0.500000 0.000000 0.000000 0 
1588 0.916000 0.672371 0.672371 0.672371 0.000000 0.000000 0.000000 0.916000 0.916000 0.974515 0.974515 0.243629 1.000000 1.000000 1.000000 0.500000 0.000000 0.000000 0 
1589 0.917000 0.673346 0.673346 0.673346 0.000000 0.000000 0.000000 0.917000 0.917000 0.974617 0.974617 0.243654 1.000000 1.000000 1.000000 0.500000 0.000000 0.000000 0 
1590 0.918000 0.674320 0.674320 0.674320 0.000000 0.000000 0.000000 0.918000 0.918000 0.974719 0.974719 0.243680 1.000000 1.000000 1.000000 0.500000 0.000000 0.000000 0 
1591 0.919000 0.675295 0.675295 0.675295 0.000000 0.000000 0.000000 0.919000 0.919000 0.974820 0.974820 0.243705 1.000000 1.000000 1.000000 0.500000 0.000000 0.000000 0 
1592 0.920000 0.676270 0.676270 0.676270 0.000000 0.000000 0.000000 0.920000 0.920000 0.974920 0.974920 0.243730 1.000000 1.000000 1.000000 0.500000 0.000000 0.000000 0 
1593 0.921000 0.677245 0.677245 0.677245 0.000000 0.000000 0.000000 0.921000 0.921000 0.975021 0.975021 0.243755 1.000000 1.000000 1.000000 0.500000 0.000000 0.000000 0 
1594 0.922000 0.678220 0.678220 0.678220 0.000000 0.000000 0.000000 0.922000 0.922000 0.975121 0.975121 0.243780 1.000000 1.000000 1.000000 0.500000 0.000000 0.000000 0 
1595 0.923000 0.679195 0.679195 0.679195 0.000000 0.000000 0.000000 0.923000 0.923000 0.975220 0.975220 0.243805 1.000000 1.000000 1.000000 0.500000 0.000000 0.000000 0 
1596 0.924000 0.680170 0.680170 0.680170 0.000000 0.000000 0.000000 0.924000 0.924000 0.975319 0.975319 0.243830 1.000000 1.000000 1.000000 0.500000 0.000000 0.000000 0 
1597 0.925000 0.681145 0.681145 0.681145 0.000000 0.000000 0.000000 0.925000 0.925000 0.975418 0.975418 0.243855 1.000000 1.000000 1.000000 0.500000 0.000000 0.000000 0 
1598 0.926000 0.682121 0.682121 0.682121 0.000000 0.000000 0.000000 0.926000 0.926000 0.975516 0.975516 0.243879 1.000000 1.000000 1.000000 0.500000 0.000000 0.000000 0 
1599 0.927000 0.683096 0.683096 0.683096 0.000000 0.000000 0.000000 0.927000 0.927000 0.975614 0.975614 0.243904 1.000000 1.000000 1.000000 0.500000 0.000000 0.000000 0 
1600 0.928000 0.684072 0.684072 0.684072 0.000000 0.000000 0.000000 0.928000 0.928000 0.975712 0.975712 0.243928 1.000000 1.000000 1.000000 0.500000 0.000000 0.000000 0 
1601 0.929000 0.685048 0.685048 0.685048 0.000000 0.000000 0.000000 0.929000 0.929000 0.975809 0.975809 0.243952 1.000000 1.000000 1.000000 0.500000 0.000000 0.000000 0 
1602 0.930000 0.686024 0.686024 0.686024 0.000000 0.000000 0.000000 0.930000 0.930000 0.975906 0.975906 0.243976 1.000000 1.000000 1.000000 0.500000 0.000000 0.000000 0 
1603 0.931000 0.686999 0.686999 0.686999 0.000000 0.000000 0.000000 0.931000 0.931000 0.976002 0.976002 0.244001 1.000000 1.000000 1.000000 0.500000 0.000000 0.000000 0 
1604 0.932000 0.687975 0.687975 0.687975 0.000000 0.000000 0.000000 0.932000 0.932000 0.976098 0.976098 0.244025 1.000000 1.000000 1.000000 0.500000 0.000000 0.000000 0 
1605 0.933000 0.688952 0.688952 0.688952 0.000000 0.000000 0.000000 0.933000 0.933000 0.976194 0.976194 0.244048 1.000000 1.000000 1.000000 0.500000 0.000000 0.000000 0 
1606 0.934000 0.689928 0.689928 0.689928 0.000000 0.000000 0.000000 0.934000 0.934000 0.976289 0.976289 0.244072 1.000000 1.000000 1.000000 0.500000 0.000000 0.000000 0 
1607 0.935000 0.690904 0.690904 0.690904 0.000000 0.000000 0.000000 0.935000 0.935000 0.976384 0.976384 0.244096 1.000000 1.000000 1.000000 0.500000 0.000000 0.000000 0 
1608 0.936000 0.691880 0.691880 0.691880 0.000000 0.000000 0.000000 0.936000 0.936000 0.976478 0.976478 0.244120 1.000000 1.000000 1.000000 0.500000 0.000000 0.000000 0 
1609 0.937000 0.692857 0.692857 0.692857 0.000000 0.000000 0.000000 0.937000 0.937000 0.976572 0.976572 0.244143 1.000000 1.000000 1.000000 0.500000 0.000000 0.000000 0 
1610 0.938000 0.693833 0.693833 0.693833 0.000000 0.000000 0.000000 0.938000 0.938000 0.976666 0.976666 0.244167 1.000000 1.000000 1.000000 0.500000 0.000000 0.000000 0 
1611 0.939000 0.694810 0.694810 0.694810 0.000000 0.000000 0.000000 0.939000 0.939000 0.976759 0.976759 0.244190 1.000000 1.000000 1.000000 0.500000 0.000000 0.000000 0 
1612 0.940000 0.695787 0.695787 0.695787 0.000000 0.000000 0.000000 0.940000 0.940000 0.976852 0.976852 0.244213 1.000000 1.000000 1.000000 0.500000 0.000000 0.000000 0 
1613 0.941000 0.696764 0.696764 0.696764 0.000000 0.000000 0.000000 0.941000 0.941000 0.976945 0.976945 0.244236 1.000000 1.000000 1.000000 0.500000 0.000000 0.000000 0 
1614 0.942000 0.697741 0.697741 0.697741 0.000000 0.000000 0.000000 0.942000 0.942000 0.977037 0.977037 0.244259 1.000000 1.000000 1.000000 0.500000 0.000000 0.000000 0 
1615 0.943000 0.698718 0.698718 0.698718 0.000000 0.000000 0.000000 0.943000 0.943000 0.977129 0.977129 0.244282 1.000000 1.000000 1.000000 0.500000 0.000000 0.000000 0 
1616 0.944000 0.699695 0.699695 0.699695 0.000000 0.000000 0.000000 0.944000 0.944000 0.977221 0.977221 0.244305 1.000000 1.000000 1.000000 0.500000 0.000000 0.000000 0 
1617 0.945000 0.700672 0.700672 0.700672 0.000000 0.000000 0.000000 0.945000 0.945000 0.977312 0.977312 0.244328 1.000000 1.000000 1.000000 0.500000 0.000000 0.000000 0 
1618 0.946000 0.701649 0.701649 0.701649 0.000000 0.000000 0.000000 0.946000 0.946000 0.977402 0.977402 0.244351 1.000000 1.000000 1.000000 0.500000 0.000000 0.000000 0 
1619 0.947000 0.702627 0.702627 0.702627 0.000000 0.000000 0.000000 0.947000 0.947000 0.977493 0.977493 0.244373 1.000000 1.000000 1.000000 0.500000 0.000000 0.000000 0 
1620 0.948000 0.703604 0.703604 0.703604 0.000000 0.000000 0.000000 0.948000 0.948000 0.977583 0.977583 0.244396 1.000000 1.000000 1.000000 0.500000 0.000000 0.000000 0 
1621 0.949000 0.704582 0.704582 0.704582 0.000000 0.000000 0.000000 0.949000 0.949000 0.977672 0.977672 0.244418 1.000000 1.000000 1.000000 0.500000 0.000000 0.000000 0 
1622 0.950000 0.705560 0.705560 0.705560 0.000000 0.000000 0.000000 0.950000 0.950000 0.977762 0.977762 0.244440 1.000000 1.000000 1.000000 0.500000 0.000000 0.000000 0 
1623 0.951000 0.706537 0.706537 0.706537 0.000000 0.000000 0.000000 0.951000 0.951000 0.977851 0.977851 0.244463 1.000000 1.000000 1.000000 0.500000 0.000000 0.000000 0 
1624 0.952000 0.707515 0.707515 0.707515 0.000000 0.000000 0.000000 0.952000 0.952000 0.977939 0.977939 0.244485 1.000000 1.000000 1.000000 0.500000 0.000000 0.000000 0 
1625 0.953000 0.708493 0.708493 0.708493 0.000000 0.000000 0.000000 0.953000 0.953000 0.978028 0.978028 0.244507 1.000000 1.000000 1.000000 0.500000 0.000000 0.000000 0 
1626 0.954000 0.709471 0.709471 0.709471 0.000000 0.000000 0.000000 0.954000 0.954000 0.978115 0.978115 0.244529 1.000000 1.000000 1.000000 0.500000 0.000000 0.000000 0 
1627 0.955000 0.710449 0.710449 0.710449 0.000000 0.000000 0.000000 0.955000 0.955000 0.978203 0.978203 0.244551 1.000000 1.000000 1.000000 0.500000 0.000000 0.000000 0 
1628 0.956000 0.711427 0.711427 0.711427 0.000000 0.000000 0.000000 0.956000 0.956000 0.978290 0.978290 0.244573 1.000000 1.000000 1.000000 0.500000 0.000000 0.000000 0 
1629 0.957000 0.712406 0.712406 0.712406 0.000000 0.000000 0.000000 0.957000 0.957000 0.978377 0.978377 0.244594 1.000000 1.000000 1.000000 0.500000 0.000000 0.000000 0 
1630 0.958000 0.713384 0.713384 0.713384 0.000000 0.000000 0.000000 0.958000 0.958000 0.978464 0.978464 0.244616 1.000000 1.000000 1.000000 0.500000 0.000000 0.000000 0 
1631 0.959000 0.714363 0.714363 0.714363 0.000000 0.000000 0.000000 0.959000 0.959000 0.978550 0.978550 0.244637 1.000000 1.000000 1.000000 0.500000 0.000000 0.000000 0 
1632 0.960000 0.715341 0.715341 0.715341 0.000000 0.000000 0.000000 0.960000 0.960000 0.978635 0.978635 0.244659 1.000000 1.000000 1.000000 0.500000 0.000000 0.000000 0 
1633 0.961000 0.716320 0.716320 0.716320 0.000000 0.000000 0.000000 0.961000 0.961000 0.978721 0.978721 0.244680 1.000000 1.000000 1.000000 0.500000 0.000000 0.000000 0 
1634 0.962000 0.717298 0.717298 0.717298 0.000000 0.000000 0.000000 0.962000 0.962000 0.978806 0.978806 0.244702 1.000000 1.000000 1.000000 0.500000 0.000000 0.000000 0 
1635 0.963000 0.718277 0.718277 0.718277 0.000000 0.000000 0.000000 0.963000 0.963000 0.978891 0.978891 0.244723 1.000000 1.000000 1.000000 0.500000 0.000000 0.000000 0 
1636 0.964000 0.719256 0.719256 0.719256 0.000000 0.000000 0.000000 0.964000 0.964000 0.978975 0.978975 0.244744 1.000000 1.000000 1.000000 0.500000 0.000000 0.000000 0 
1637 0.965000 0.720235 0.720235 0.720235 0.000000 0.000000 0.000000 0.965000 0.965000 0.979059 0.979059 0.244765 1.000000 1.000000 1.000000 0.500000 0.000000 0.000000 0 
1638 0.966000 0.721214 0.721214 0.721214 0.000000 0.000000 0.000000 0.966000 0.966000 0.979143 0.979143 0.244786 1.000000 1.000000 1.000000 0.500000 0.000000 0.000000 0 
1639 0.967000 0.722193 0.722193 0.722193 0.000000 0.000000 0.000000 0.967000 0.967000 0.979227 0.979227 0.244807 1.000000 1.000000 1.000000 0.500000 0.000000 0.000000 0 
1640 0.968000 0.723173 0.723173 0.723173 0.000000 0.000000 0.000000 0.968000 0.968000 0.979310 0.979310 0.244827 1.000000 1.000000 1.000000 0.500000 0.000000 0.000000 0 
1641 0.969000 0.724152 0.724152 0.724152 0.000000 0.000000 0.000000 0.969000 0.969000 0.979392 0.979392 0.244848 1.000000 1.000000 1.000000 0.500000 0.000000 0.000000 0 
1642 0.970000 0.725131 0.725131 0.725131 0.000000 0.000000 0.000000 0.970000 0.970000 0.979475 0.979475 0.244869 1.000000 1.000000 1.000000 0.500000 0.000000 0.000000 0 
1643 0.971000 0.726111 0.726111 0.726111 0.000000 0.000000 0.000000 0.971000 0.971000 0.979557 0.979557 0.244889 1.000000 1.000000 1.000000 0.500000 0.000000 0.000000 0 
1644 0.972000 0.727090 0.727090 0.727090 0.000000 0.000000 0.000000 0.972000 0.972000 0.979639 0.979639 0.244910 1.000000 1.000000 1.000000 0.500000 0.000000 0.000000 0 
1645 0.973000 0.728070 0.728070 0.728070 0.000000 0.000000 0.000000 0.973000 0.973000 0.979720 0.979720 0.244930 1.000000 1.000000 1.000000 0.500000 0.000000 0.000000 0 
1646 0.974000 0.729050 0.729050 0.729050 0.000000 0.000000 0.000000 0.974000 0.974000 0.979801 0.979801 0.244950 1.000000 1.000000 1.000000 0.500000 0.000000 0.000000 0 
1647 0.975000 0.730029 0.730029 0.730029 0.000000 0.000000 0.000000 0.975000 0.975000 0.979882 0.979882 0.244971 1.000000 1.000000 1.000000 0.500000 0.000000 0.000000 0 
1648 0.976000 0.731009 0.731009 0.731009 0.000000 0.000000 0.000000 0.976000 0.976000 0.979963 0.979963 0.244991 1.000000 1.000000 1.000000 0.500000 0.000000 0.000000 0 
1649 0.977000 0.731989 0.731989 0.731989 0.000000 0.000000 0.000000 0.977000 0.977000 0.980043 0.980043 0.245011 1.000000 1.000000 1.000000 0.500000 0.000000 0.000000 0 
1650 0.978000 0.732969 0.732969 0.732969 0.000000 0.000000 0.000000 0.978000 0.978000 0.980123 0.980123 0.245031 1.000000 1.000000 1.000000 0.500000 0.000000 0.000000 0 
1651 0.979000 0.733949 0.733949 0.733949 0.000000 0.000000 0.000000 0.979000 0.979000 0.980202 0.980202 0.245051 1.000000 1.000000 1.000000 0.500000 0.000000 0.000000 0 
1652 0.980000 0.734930 0.734930 0.734930 0.000000 0.000000 0.000000 0.980000 0.980000 0.980281 0.980281 0.245070 1.000000 1.000000 1.000000 0.500000 0.000000 0.000000 0 
1653 0.981000 0.735910 0.735910 0.735910 0.000000 0.000000 0.000000 0.981000 0.981000 0.980360 0.980360 0.245090 1.000000 1.000000 1.000000 0.500000 0.000000 0.000000 0 
1654 0.982000 0.736890 0.736890 0.736890 0.000000 0.000000 0.000000 0.982000 0.982000 0.980439 0.980439 0.245110 1.000000 1.000000 1.000000 0.500000 0.000000 0.000000 0 
1655 0.983000 0.737871 0.737871 0.737871 0.000000 0.000000 0.000000 0.983000 0.983000 0.980517 0.980517 0.245129 1.000000 1.000000 1.000000 0.500000 0.000000 0.000000 0 
1656 0.984000 0.738851 0.738851 0.738851 0.000000 0.000000 0.000000 0.984000 0.984000 0.980595 0.980595 0.245149 1.000000 1.000000 1.000000 0.500000 0.000000 0.000000 0 
1657 0.985000 0.739832 0.739832 0.739832 0.000000 0.000000 0.000000 0.985000 0.985000 0.980672 0.980672 0.245168 1.000000 1.000000 1.000000 0.500000 0.000000 0.000000 0 
1658 0.986000 0.740813 0.740813 0.740813 0.000000 0.000000 0.000000 0.986000 0.986000 0.980750 0.980750 0.245187 1.000000 1.000000 1.000000 0.500000 0.000000 0.000000 0 
1659 0.987000 0.741793 0.741793 0.741793 0.000000 0.000000 0.000000 0.987000 0.987000 0.980827 0.980827 0.245207 1.000000 1.000000 1.000000 0.500000 0.000000 0.000000 0 
1660 0.988000 0.742774 0.742774 0.742774 0.000000 0.000000 0.000000 0.988000 0.988000 0.980903 0.980903 0.245226 1.000000 1.000000 1.000000 0.500000 0.000000 0.000000 0 
1661 0.989000 0.743755 0.743755 0.743755 0.000000 0.000000 0.000000 0.989000 0.989000 0.980980 0.980980 0.245245 1.000000 1.000000 1.000000 0.500000 0.000000 0.000000 0 
1662 0.990000 0.744736 0.744736 0.744736 0.000000 0.000000 0.000000 0.990000 0.990000 0.981056 0.981056 0.245264 1.000000 1.000000 1.000000 0.500000 0.000000 0.000000 0 
1663 0.991000 0.745717 0.745717 0.745717 0.000000 0.000000 0.000000 0.991000 0.991000 0.981132 0.981132 0.245283 1.000000 1.000000 1.000000 0.500000 0.000000 0.000000 0 
1664 0.992000 0.746698 0.746698 0.746698 0.000000 0.000000 0.000000 0.992000 0.992000 0.981207 0.981207 0.245302 1.000000 1.000000 1.000000 0.500000 0.000000 0.000000 0 
1665 0.993000 0.747679 0.747679 0.747679 0.000000 0.000000 0.000000 0.993000 0.993000 0.981282 0.981282 0.245321 1.000000 1.000000 1.000000 0.500000 0.000000 0.000000 0 
1666 0.994000 0.748661 0.748661 0.748661 0.000000 0.000000 0.000000 0.994000 0.994000 0.981357 0.981357 0.245339 1.000000 1.000000 1.000000 0.500000 0.000000 0.000000 0 
1667 0.995000 0.749642 0.749642 0.749642 0.000000 0.000000 0.000000 0.995000 0.995000 0.981432 0.981432 0.245358 1.000000 1.000000 1.000000 0.500000 0.000000 0.000000 0 
1668 0.996000 0.750623 0.750623 0.750623 0.000000 0.000000 0.000000 0.996000 0.996000 0.981506 0.981506 0.245377 1.000000 1.000000 1.000000 0.500000 0.000000 0.000000 0 
1669 0.997000 0.751605 0.751605 0.751605 0.000000 0.000000 0.000000 0.997000 0.997000 0.981580 0.981580 0.245395 1.000000 1.000000 1.000000 0.500000 0.000000 0.000000 0 
1670 0.998000 0.752587 0.752587 0.752587 0.000000 0.000000 0.000000 0.998000 0.998000 0.981654 0.981654 0.245413 1.000000 1.000000 1.000000 0.500000 0.000000 0.000000 0 
1671 0.999000 0.753568 0.753568 0.753568 0.000000 0.000000 0.000000 0.999000 0.999000 0.981727 0.981727 0.245432 1.000000 1.000000 1.000000 0.500000 0.000000 0.000000 0 
1672 1.000000 0.754550 0.754550 0.754550 0.000000 0.000000 0.000000 1.000000 1.000000 0.981800 0.981800 0.245450 1.000000 1.000000 1.000000 0.500000 0.000000 0.000000 0 
1673 1.001000 0.755532 0.755532 0.755532 0.000000 0.000000 0.000000 1.001000 1.001000 0.981873 0.981873 0.245468 1.000000 1.000000 1.000000 0.500000 0.000000 0.000000 0 
1674 1.002000 0.756514 0.756514 0.756514 0.000000 0.000000 0.000000 1.002000 1.002000 0.981946 0.981946 0.245486 1.000000 1.000000 1.000000 0.500000 0.000000 0.000000 0 
1675 1.003000 0.757496 0.757496 0.757496 0.000000 0.000000 0.000000 1.003000 1.003000 0.982018 0.982018 0.245504 1.000000 1.000000 1.000000 0.500000 0.000000 0.000000 0 
1676 1.004000 0.758478 0.758478 0.758478 0.000000 0.000000 0.000000 1.004000 1.004000 0.982090 0.982090 0.245522 1.000000 1.000000 1.000000 0.500000 0.000000 0.000000 0 
1677 1.005000 0.759460 0.759460 0.759460 0.000000 0.000000 0.000000 1.005000 1.005000 0.982161 0.982161 0.245540 1.000000 1.000000 1.000000 0.500000 0.000000 0.000000 0 
1678 1.006000 0.760442 0.760442 0.760442 0.000000 0.000000 0.000000 1.006000 1.006000 0.982233 0.982233 0.245558 1.000000 1.000000 1.000000 0.500000 0.000000 0.000000 0 
1679 1.007000 0.761424 0.761424 0.761424 0.000000 0.000000 0.000000 1.007000 1.007000 0.982304 0.982304 0.245576 1.000000 1.000000 1.000000 0.500000 0.000000 0.000000 0 
1680 1.008000 0.762406 0.762406 0.762406 0.000000 0.000000 0.000000 1.008000 1.008000 0.982375 0.982375 0.245594 1.000000 1.000000 1.000000 0.500000 0.000000 0.000000 0 
1681 1.009000 0.763389 0.763389 0.763389 0.000000 0.000000 0.000000 1.009000 1.009000 0.982445 0.982445 0.245611 1.000000 1.000000 1.000000 0.500000 0.000000 0.000000 0 
1682 1.010000 0.764371 0.764371 0.764371 0.000000 0.000000 0.000000 1.010000 1.010000 0.982515 0.982515 0.245629 1.000000 1.000000 1.000000 0.500000 0.000000 0.000000 0 
1683 1.011000 0.765354 0.765354 0.765354 0.000000 0.000000 0.000000 1.011000 1.011000 0.982585 0.982585 0.245646 1.000000 1.000000 1.000000 0.500000 0.000000 0.000000 0 
1684 1.012000 0.766336 0.766336 0.766336 0.000000 0.000000 0.000000 1.012000 1.012000 0.982655 0.982655 0.245664 1.000000 1.000000 1.000000 0.500000 0.000000 0.000000 0 
1685 1.013000 0.767319 0.767319 0.767319 0.000000 0.000000 0.000000 1.013000 1.013000 0.982724 0.982724 0.245681 1.000000 1.000000 1.000000 0.500000 0.000000 0.000000 0 
1686 1.014000 0.768302 0.768302 0.768302 0.000000 0.000000 0.000000 1.014000 1.014000 0.982793 0.982793 0.245698 1.000000 1.000000 1.000000 0.500000 0.000000 0.000000 0 
1687 1.015000 0.769284 0.769284 0.769284 0.000000 0.000000 0.000000 1.015000 1.015000 0.982862 0.982862 0.245716 1.000000 1.000000 1.000000 0.500000 0.000000 0.000000 0 
1688 1.016000 0.770267 0.770267 0.770267 0.000000 0.000000 0.000000 1.016000 1.016000 0.982931 0.982931 0.245733 1.000000 1.000000 1.000000 0.500000 0.000000 0.000000 0 
1689 1.017000 0.771250 0.771250 0.771250 0.000000 0.000000 0.000000 1.017000 1.017000 0.982999 0.982999 0.245750 1.000000 1.000000 1.000000 0.500000 0.000000 0.000000 0 
1690 1.018000 0.772233 0.772233 0.772233 0.000000 0.000000 0.000000 1.018000 1.018000 0.983067 0.983067 0.245767 1.000000 1.000000 1.000000 0.500000 0.000000 0.000000 0 
1691 1.019000 0.773216 0.773216 0.773216 0.000000 0.000000 0.000000 1.019000 1.019000 0.983135 0.983135 0.245784 1.000000 1.000000 1.000000 0.500000 0.000000 0.000000 0 
1692 1.020000 0.774199 0.774199 0.774199 0.000000 0.000000 0.000000 1.020000 1.020000 0.983202 0.983202 0.245801 1.000000 1.000000 1.000000 0.500000 0.000000 0.000000 0 
1693 1.021000 0.775183 0.775183 0.775183 0.000000 0.000000 0.000000 1.021000 1.021000 0.983269 0.983269 0.245817 1.000000 1.000000 1.000000 0.500000 0.000000 0.000000 0 
1694 1.022000 0.776166 0.776166 0.776166 0.000000 0.000000 0.000000 1.022000 1.022000 0.983336 0.983336 0.245834 1.000000 1.000000 1.000000 0.500000 0.000000 0.000000 0 
1695 1.023000 0.777149 0.777149 0.777149 0.000000 0.000000 0.000000 1.023000 1.023000 0.983403 0.983403 0.245851 1.000000 1.000000 1.000000 0.500000 0.000000 0.000000 0 
1696 1.024000 0.778133 0.778133 0.778133 0.000000 0.000000 0.000000 1.024000 1.024000 0.983469 0.983469 0.245867 1.000000 1.000000 1.000000 0.500000 0.000000 0.000000 0 
1697 1.025000 0.779116 0.779116 0.779116 0.000000 0.000000 0.000000 1.025000 1.025000 0.983535 0.983535 0.245884 1.000000 1.000000 1.000000 0.500000 0.000000 0.000000 0 
1698 1.026000 0.780100 0.780100 0.780100 0.000000 0.000000 0.000000 1.026000 1.026000 0.983601 0.983601 0.245900 1.000000 1.000000 1.000000 0.500000 0.000000 0.000000 0 
1699 1.027000 0.781083 0.781083 0.781083 0.000000 0.000000 0.000000 1.027000 1.027000 0.983667 0.983667 0.245917 1.000000 1.000000 1.000000 0.500000 0.000000 0.000000 0 
1700 1.028000 0.782067 0.782067 0.782067 0.000000 0.000000 0.000000 1.028000 1.028000 0.983732 0.983732 0.245933 1.000000 1.000000 1.000000 0.500000 0.000000 0.000000 0 
1701 1.029000 0.783051 0.783051 0.783051 0.000000 0.000000 0.000000 1.029000 1.029000 0.983797 0.983797 0.245949 1.000000 1.000000 1.000000 0.500000 0.000000 0.000000 0 
1702 1.030000 0.784034 0.784034 0.784034 0.000000 0.000000 0.000000 1.030000 1.030000 0.983862 0.983862 0.245966 1.000000 1.000000 1.000000 0.500000 0.000000 0.000000 0 
1703 1.031000 0.785018 0.785018 0.785018 0.000000 0.000000 0.000000 1.031000 1.031000 0.983927 0.983927 0.245982 1.000000 1.000000 1.000000 0.500000 0.000000 0.000000 0 
1704 1.032000 0.786002 0.786002 0.786002 0.000000 0.000000 0.000000 1.032000 1.032000 0.983991 0.983991 0.245998 1.000000 1.000000 1.000000 0.500000 0.000000 0.000000 0 
1705 1.033000 0.786986 0.786986 0.786986 0.000000 0.000000 0.000000 1.033000 1.033000 0.984055 0.984055 0.246014 1.000000 1.000000 1.000000 0.500000 0.000000 0.000000 0 
1706 1.034000 0.787970 0.787970 0.787970 0.000000 0.000000 0.000000 1.034000 1.034000 0.984119 0.984119 0.246030 1.000000 1.000000 1.000000 0.500000 0.000000 0.000000 0 
1707 1.035000 0.788954 0.788954 0.788954 0.000000 0.000000 0.000000 1.035000 1.035000 0.984182 0.984182 0.246046 1.000000 1.000000 1.000000 0.500000 0.000000 0.000000 0 
1708 1.036000 0.789939 0.789939 0.789939 0.000000 0.000000 0.000000 1.036000 1.036000 0.984246 0.984246 0.246061 1.000000 1.000000 1.000000 0.500000 0.000000 0.000000 0 
1709 1.037000 0.790923 0.790923 0.790923 0.000000 0.000000 0.000000 1.037000 1.037000 0.984309 0.984309 0.246077 1.000000 1.000000 1.000000 0.500000 0.000000 0.000000 0 
1710 1.038000 0.791907 0.791907 0.791907 0.000000 0.000000 0.000000 1.038000 1.038000 0.984371 0.984371 0.246093 1.000000 1.000000 1.000000 0.500000 0.000000 0.000000 0 
1711 1.039000 0.792892 0.792892 0.792892 0.000000 0.000000 0.000000 1.039000 1.039000 0.984434 0.984434 0.246108 1.000000 1.000000 1.000000 0.500000 0.000000 0.000000 0 
1712 1.040000 0.793876 0.793876 0.793876 0.000000 0.000000 0.000000 1.040000 1.040000 0.984496 0.984496 0.246124 1.000000 1.000000 1.000000 0.500000 0.000000 0.000000 0 
1713 1.041000 0.794860 0.794860 0.794860 0.000000 0.000000 0.000000 1.041000 1.041000 0.984558 0.984558 0.246140 1.000000 1.000000 1.000000 0.500000 0.000000 0.000000 0 
1714 1.042000 0.795845 0.795845 0.795845 0.000000 0.000000 0.000000 1.042000 1.042000 0.984620 0.984620 0.246155 1.000000 1.000000 1.000000 0.500000 0.000000 0.000000 0 
1715 1.043000 0.796830 0.796830 0.796830 0.000000 0.000000 0.000000 1.043000 1.043000 0.984681 0.984681 0.246170 1.000000 1.000000 1.000000 0.500000 0.000000 0.000000 0 
1716 1.044000 0.797814 0.797814 0.797814 0.000000 0.000000 0.000000 1.044000 1.044000 0.984743 0.984743 0.246186 1.000000 1.000000 1.000000 0.500000 0.000000 0.000000 0 
1717 1.045000 0.798799 0.798799 0.798799 0.000000 0.000000 0.000000 1.045000 1.045000 0.984804 0.984804 0.246201 1.000000 1.000000 1.000000 0.500000 0.000000 0.000000 0 
1718 1.046000 0.799784 0.799784 0.799784 0.000000 0.000000 0.000000 1.046000 1.046000 0.984865 0.984865 0.246216 1.000000 1.000000 1.000000 0.500000 0.000000 0.000000 0 
1719 1.047000 0.800769 0.800769 0.800769 0.000000 0.000000 0.000000 1.047000 1.047000 0.984925 0.984925 0.246231 1.000000 1.000000 1.000000 0.500000 0.000000 0.000000 0 
1720 1.048000 0.801754 0.801754 0.801754 0.000000 0.000000 0.000000 1.048000 1.048000 0.984985 0.984985 0.246246 1.000000 1.000000 1.000000 0.500000 0.000000 0.000000 0 
1721 1.049000 0.802739 0.802739 0.802739 0.000000 0.000000 0.000000 1.049000 1.049000 0.985045 0.985045 0.246261 1.000000 1.000000 1.000000 0.500000 0.000000 0.000000 0 
1722 1.050000 0.803724 0.803724 0.803724 0.000000 0.000000 0.000000 1.050000 1.050000 0.985105 0.985105 0.246276 1.000000 1.000000 1.000000 0.500000 0.000000 0.000000 0 
1723 1.051000 0.804709 0.804709 0.804709 0.000000 0.000000 0.000000 1.051000 1.051000 0.985165 0.985165 0.246291 1.000000 1.000000 1.000000 0.500000 0.000000 0.000000 0 
1724 1.052000 0.805694 0.805694 0.805694 0.000000 0.000000 0.000000 1.052000 1.052000 0.985224 0.985224 0.246306 1.000000 1.000000 1.000000 0.500000 0.000000 0.000000 0 
1725 1.053000 0.806679 0.806679 0.806679 0.000000 0.000000 0.000000 1.053000 1.053000 0.985283 0.985283 0.246321 1.000000 1.000000 1.000000 0.500000 0.000000 0.000000 0 
1726 1.054000 0.807664 0.807664 0.807664 0.000000 0.000000 0.000000 1.054000 1.054000 0.985342 0.985342 0.246336 1.000000 1.000000 1.000000 0.500000 0.000000 0.000000 0 
1727 1.055000 0.808650 0.808650 0.808650 0.000000 0.000000 0.000000 1.055000 1.055000 0.985401 0.985401 0.246350 1.000000 1.000000 1.000000 0.500000 0.000000 0.000000 0 
1728 1.056000 0.809635 0.809635 0.809635 0.000000 0.000000 0.000000 1.056000 1.056000 0.985459 0.985459 0.246365 1.000000 1.000000 1.000000 0.500000 0.000000 0.000000 0 
1729 1.057000 0.810621 0.810621 0.810621 0.000000 0.000000 0.000000 1.057000 1.057000 0.985517 0.985517 0.246379 1.000000 1.000000 1.000000 0.500000 0.000000 0.000000 0 
1730 1.058000 0.811606 0.811606 0.811606 0.000000 0.000000 0.000000 1.058000 1.058000 0.985575 0.985575 0.246394 1.000000 1.000000 1.000000 0.500000 0.000000 0.000000 0 
1731 1.059000 0.812592 0.812592 0.812592 0.000000 0.000000 0.000000 1.059000 1.059000 0.985633 0.985633 0.246408 1.000000 1.000000 1.000000 0.500000 0.000000 0.000000 0 
1732 1.060000 0.813577 0.813577 0.813577 0.000000 0.000000 0.000000 1.060000 1.060000 0.985690 0.985690 0.246423 1.000000 1.000000 1.000000 0.500000 0.000000 0.000000 0 
1733 1.061000 0.814563 0.814563 0.814563 0.000000 0.000000 0.000000 1.061000 1.061000 0.985748 0.985748 0.246437 1.000000 1.000000 1.000000 0.500000 0.000000 0.000000 0 
1734 1.062000 0.815549 0.815549 0.815549 0.000000 0.000000 0.000000 1.062000 1.062000 0.985805 0.985805 0.246451 1.000000 1.000000 1.000000 0.500000 0.000000 0.000000 0 
1735 1.063000 0.816535 0.816535 0.816535 0.000000 0.000000 0.000000 1.063000 1.063000 0.985861 0.985861 0.246465 1.000000 1.000000 1.000000 0.500000 0.000000 0.000000 0 
1736 1.064000 0.817520 0.817520 0.817520 0.000000 0.000000 0.000000 1.064000 1.064000 0.985918 0.985918 0.246480 1.000000 1.000000 1.000000 0.500000 0.000000 0.000000 0 
1737 1.065000 0.818506 0.818506 0.818506 0.000000 0.000000 0.000000 1.065000 1.065000 0.985974 0.985974 0.246494 1.000000 1.000000 1.000000 0.500000 0.000000 0.000000 0 
1738 1.066000 0.819492 0.819492 0.819492 0.000000 0.000000 0.000000 1.066000 1.066000 0.986030 0.986030 0.246508 1.000000 1.000000 1.000000 0.500000 0.000000 0.000000 0 
1739 1.067000 0.820478 0.820478 0.820478 0.000000 0.000000 0.000000 1.067000 1.067000 0.986086 0.986086 0.246522 1.000000 1.000000 1.000000 0.500000 0.000000 0.000000 0 
1740 1.068000 0.821465 0.821465 0.821465 0.000000 0.000000 0.000000 1.068000 1.068000 0.986142 0.986142 0.246535 1.000000 1.000000 1.000000 0.500000 0.000000 0.000000 0 
1741 1.069000 0.822451 0.822451 0.822451 0.000000 0.000000 0.000000 1.069000 1.069000 0.986197 0.986197 0.246549 1.000000 1.000000 1.000000 0.500000 0.000000 0.000000 0 
1742 1.070000 0.823437 0.823437 0.823437 0.000000 0.000000 0.000000 1.070000 1.070000 0.986253 0.986253 0.246563 1.000000 1.000000 1.000000 0.500000 0.000000 0.000000 0 
1743 1.071000 0.824423 0.824423 0.824423 0.000000 0.000000 0.000000 1.071000 1.071000 0.986308 0.986308 0.246577 1.000000 1.000000 1.000000 0.500000 0.000000 0.000000 0 
1744 1.072000 0.825409 0.825409 0.825409 0.000000 0.000000 0.000000 1.072000 1.072000 0.986362 0.986362 0.246591 1.000000 1.000000 1.000000 0.500000 0.000000 0.000000 0 
1745 1.073000 0.826396 0.826396 0.826396 0.000000 0.000000 0.000000 1.073000 1.073000 0.986417 0.986417 0.246604 1.000000 1.000000 1.000000 0.500000 0.000000 0.000000 0 
1746 1.074000 0.827382 0.827382 0.827382 0.000000 0.000000 0.000000 1.074000 1.074000 0.986471 0.986471 0.246618 1.000000 1.000000 1.000000 0.500000 0.000000 0.000000 0 
1747 1.075000 0.828369 0.828369 0.828369 0.000000 0.000000 0.000000 1.075000 1.075000 0.986525 0.986525 0.246631 1.000000 1.000000 1.000000 0.500000 0.000000 0.000000 0 
1748 1.076000 0.829355 0.829355 0.829355 0.000000 0.000000 0.000000 1.076000 1.076000 0.986579 0.986579 0.246645 1.000000 1.000000 1.000000 0.500000 0.000000 0.000000 0 
1749 1.077000 0.830342 0.830342 0.830342 0.000000 0.000000 0.000000 1.077000 1.077000 0.986633 0.986633 0.246658 1.000000 1.000000 1.000000 0.500000 0.000000 0.000000 0 
1750 1.078000 0.831328 0.831328 0.831328 0.000000 0.000000 0.000000 1.078000 1.078000 0.986686 0.986686 0.246672 1.000000 1.000000 1.000000 0.500000 0.000000 0.000000 0 
1751 1.079000 0.832315 0.832315 0.832315 0.000000 0.000000 0.000000 1.079000 1.079000 0.986740 0.986740 0.246685 1.000000 1.000000 1.000000 0.500000 0.000000 0.000000 0 
1752 1.080000 0.833302 0.833302 0.833302 0.000000 0.000000 0.000000 1.080000 1.080000 0.986793 0.986793 0.246698 1.000000 1.000000 1.000000 0.500000 0.000000 0.000000 0 
1753 1.081000 0.834289 0.834289 0.834289 0.000000 0.000000 0.000000 1.081000 1.081000 0.986846 0.986846 0.246711 1.000000 1.000000 1.000000 0.500000 0.000000 0.000000 0 
1754 1.082000 0.835275 0.835275 0.835275 0.000000 0.000000 0.000000 1.082000 1.082000 0.986898 0.986898 0.246725 1.000000 1.000000 1.000000 0.500000 0.000000 0.000000 0 
1755 1.083000 0.836262 0.836262 0.836262 0.000000 0.000000 0.000000 1.083000 1.083000 0.986951 0.986951 0.246738 1.000000 1.000000 1.000000 0.500000 0.000000 0.000000 0 
1756 1.084000 0.837249 0.837249 0.837249 0.000000 0.000000 0.000000 1.084000 1.084000 0.987003 0.987003 0.246751 1.000000 1.000000 1.000000 0.500000 0.000000 0.000000 0 
1757 1.085000 0.838236 0.838236 0.838236 0.000000 0.000000 0.000000 1.085000 1.085000 0.987055 0.987055 0.246764 1.000000 1.000000 1.000000 0.500000 0.000000 0.000000 0 
1758 1.086000 0.839223 0.839223 0.839223 0.000000 0.000000 0.000000 1.086000 1.086000 0.987107 0.987107 0.246777 1.000000 1.000000 1.000000 0.500000 0.000000 0.000000 0 
1759 1.087000 0.840210 0.840210 0.840210 0.000000 0.000000 0.000000 1.087000 1.087000 0.987158 0.987158 0.246790 1.000000 1.000000 1.000000 0.500000 0.000000 0.000000 0 
1760 1.088000 0.841198 0.841198 0.841198 0.000000 0.000000 0.000000 1.088000 1.088000 0.987209 0.987209 0.246802 1.000000 1.000000 1.000000 0.500000 0.000000 0.000000 0 
1761 1.089000 0.842185 0.842185 0.842185 0.000000 0.000000 0.000000 1.089000 1.089000 0.987261 0.987261 0.246815 1.000000 1.000000 1.000000 0.500000 0.000000 0.000000 0 
1762 1.090000 0.843172 0.843172 0.843172 0.000000 0.000000 0.000000 1.090000 1.090000 0.987312 0.987312 0.246828 1.000000 1.000000 1.000000 0.500000 0.000000 0.000000 0 
1763 1.091000 0.844159 0.844159 0.844159 0.000000 0.000000 0.000000 1.091000 1.091000 0.987362 0.987362 0.246841 1.000000 1.000000 1.000000 0.500000 0.000000 0.000000 0 
1764 1.092000 0.845147 0.845147 0.845147 0.000000 0.000000 0.000000 1.092000 1.092000 0.987413 0.987413 0.246853 1.000000 1.000000 1.000000 0.500000 0.000000 0.000000 0 
1765 1.093000 0.846134 0.846134 0.846134 0.000000 0.000000 0.000000 1.093000 1.093000 0.987463 0.987463 0.246866 1.000000 1.000000 1.000000 0.500000 0.000000 0.000000 0 
1766 1.094000 0.847122 0.847122 0.847122 0.000000 0.000000 0.000000 1.094000 1.094000 0.987513 0.987513 0.246878 1.000000 1.000000 1.000000 0.500000 0.000000 0.000000 0 
1767 1.095000 0.848109 0.848109 0.848109 0.000000 0.000000 0.000000 1.095000 1.095000 0.987563 0.987563 0.246891 1.000000 1.000000 1.000000 0.500000 0.000000 0.000000 0 
1768 1.096000 0.849097 0.849097 0.849097 0.000000 0.000000 0.000000 1.096000 1.096000 0.987613 0.987613 0.246903 1.000000 1.000000 1.000000 0.500000 0.000000 0.000000 0 
1769 1.097000 0.850084 0.850084 0.850084 0.000000 0.000000 0.000000 1.097000 1.097000 0.987663 0.987663 0.246916 1.000000 1.000000 1.000000 0.500000 0.000000 0.000000 0 
1770 1.098000 0.851072 0.851072 0.851072 0.000000 0.000000 0.000000 1.098000 1.098000 0.987712 0.987712 0.246928 1.000000 1.000000 1.000000 0.500000 0.000000 0.000000 0 
1771 1.099000 0.852060 0.852060 0.852060 0.000000 0.000000 0.000000 1.099000 1.099000 0.987761 0.987761 0.246940 1.000000 1.000000 1.000000 0.500000 0.000000 0.000000 0 
1772 1.100000 0.853047 0.853047 0.853047 0.000000 0.000000 0.000000 1.100000 1.100000 0.987810 0.987810 0.246953 1.000000 1.000000 1.000000 0.500000 0.000000 0.000000 0 
1773 1.101000 0.854035 0.854035 0.854035 0.000000 0.000000 0.000000 1.101000 1.101000 0.987859 0.987859 0.246965 1.000000 1.000000 1.000000 0.500000 0.000000 0.000000 0 
1774 1.102000 0.855023 0.855023 0.855023 0.000000 0.000000 0.000000 1.102000 1.102000 0.987907 0.987907 0.246977 1.000000 1.000000 1.000000 0.500000 0.000000 0.000000 0 
1775 1.103000 0.856011 0.856011 0.856011 0.000000 0.000000 0.000000 1.103000 1.103000 0.987956 0.987956 0.246989 1.000000 1.000000 1.000000 0.500000 0.000000 0.000000 0 
1776 1.104000 0.856999 0.856999 0.856999 0.000000 0.000000 0.000000 1.104000 1.104000 0.988004 0.988004 0.247001 1.000000 1.000000 1.000000 0.500000 0.000000 0.000000 0 
1777 1.105000 0.857987 0.857987 0.857987 0.000000 0.000000 0.000000 1.105000 1.105000 0.988052 0.988052 0.247013 1.000000 1.000000 1.000000 0.500000 0.000000 0.000000 0 
1778 1.106000 0.858975 0.858975 0.858975 0.000000 0.000000 0.000000 1.106000 1.106000 0.988100 0.988100 0.247025 1.000000 1.000000 1.000000 0.500000 0.000000 0.000000 0 
1779 1.107000 0.859963 0.859963 0.859963 0.000000 0.000000 0.000000 1.107000 1.107000 0.988147 0.988147 0.247037 1.000000 1.000000 1.000000 0.500000 0.000000 0.000000 0 
1780 1.108000 0.860951 0.860951 0.860951 0.000000 0.000000 0.000000 1.108000 1.108000 0.988195 0.988195 0.247049 1.000000 1.000000 1.000000 0.500000 0.000000 0.000000 0 
1781 1.109000 0.861940 0.861940 0.861940 0.000000 0.000000 0.000000 1.109000 1.109000 0.988242 0.988242 0.247060 1.000000 1.000000 1.000000 0.500000 0.000000 0.000000 0 
1782 1.110000 0.862928 0.862928 0.862928 0.000000 0.000000 0.000000 1.110000 1.110000 0.988289 0.988289 0.247072 1.000000 1.000000 1.000000 0.500000 0.000000 0.000000 0 
1783 1.111000 0.863916 0.863916 0.863916 0.000000 0.000000 0.000000 1.111000 1.111000 0.988336 0.988336 0.247084 1.000000 1.000000 1.000000 0.500000 0.000000 0.000000 0 
1784 1.112000 0.864904 0.864904 0.864904 0.000000 0.000000 0.000000 1.112000 1.112000 0.988383 0.988383 0.247096 1.000000 1.000000 1.000000 0.500000 0.000000 0.000000 0 
1785 1.113000 0.865893 0.865893 0.865893 0.000000 0.000000 0.000000 1.113000 1.113000 0.988429 0.988429 0.247107 1.000000 1.000000 1.000000 0.500000 0.000000 0.000000 0 
1786 1.114000 0.866881 0.866881 0.866881 0.000000 0.000000 0.000000 1.114000 1.114000 0.988475 0.988475 0.247119 1.000000 1.000000 1.000000 0.500000 0.000000 0.000000 0 
1787 1.115000 0.867870 0.867870 0.867870 0.000000 0.000000 0.000000 1.115000 1.115000 0.988521 0.988521 0.247130 1.000000 1.000000 1.000000 0.500000 0.000000 0.000000 0 
1788 1.116000 0.868858 0.868858 0.868858 0.000000 0.000000 0.000000 1.116000 1.116000 0.988567 0.988567 0.247142 1.000000 1.000000 1.000000 0.500000 0.000000 0.000000 0 
1789 1.117000 0.869847 0.869847 0.869847 0.000000 0.000000 0.000000 1.117000 1.117000 0.988613 0.988613 0.247153 1.000000 1.000000 1.000000 0.500000 0.000000 0.000000 0 
1790 1.118000 0.870835 0.870835 0.870835 0.000000 0.000000 0.000000 1.118000 1.118000 0.988659 0.988659 0.247165 1.000000 1.000000 1.000000 0.500000 0.000000 0.000000 0 
1791 1.119000 0.871824 0.871824 0.871824 0.000000 0.000000 0.000000 1.119000 1.119000 0.988704 0.988704 0.247176 1.000000 1.000000 1.000000 0.500000 0.000000 0.000000 0 
1792 1.120000 0.872813 0.872813 0.872813 0.000000 0.000000 0.000000 1.120000 1.120000 0.988749 0.988749 0.247187 1.000000 1.000000 1.000000 0.500000 0.000000 0.000000 0 
1793 1.121000 0.873801 0.873801 0.873801 0.000000 0.000000 0.000000 1.121000 1.121000 0.988794 0.988794 0.247199 1.000000 1.000000 1.000000 0.500000 0.000000 0.000000 0 
1794 1.122000 0.874790 0.874790 0.874790 0.000000 0.000000 0.000000 1.122000 1.122000 0.988839 0.988839 0.247210 1.000000 1.000000 1.000000 0.500000 0.000000 0.000000 0 
1795 1.123000 0.875779 0.875779 0.875779 0.000000 0.000000 0.000000 1.123000 1.123000 0.988884 0.988884 0.247221 1.000000 1.000000 1.000000 0.500000 0.000000 0.000000 0 
1796 1.124000 0.876768 0.876768 0.876768 0.000000 0.000000 0.000000 1.124000 1.124000 0.988928 0.988928 0.247232 1.000000 1.000000 1.000000 0.500000 0.000000 0.000000 0 
1797 1.125000 0.877757 0.877757 0.877757 0.000000 0.000000 0.000000 1.125000 1.125000 0.988972 0.988972 0.247243 1.000000 1.000000 1.000000 0.500000 0.000000 0.000000 0 
1798 1.126000 0.878746 0.878746 0.878746 0.000000 0.000000 0.000000 1.126000 1.126000 0.989016 0.989016 0.247254 1.000000 1.000000 1.000000 0.500000 0.000000 0.000000 0 
1799 1.127000 0.879735 0.879735 0.879735 0.000000 0.000000 0.000000 1.127000 1.127000 0.989060 0.989060 0.247265 1.000000 1.000000 1.000000 0.500000 0.000000 0.000000 0 
1800 1.128000 0.880724 0.880724 0.880724 0.000000 0.000000 0.000000 1.128000 1.128000 0.989104 0.989104 0.247276 1.000000 1.000000 1.000000 0.500000 0.000000 0.000000 0 
1801 1.129000 0.881713 0.881713 0.881713 0.000000 0.000000 0.000000 1.129000 1.129000 0.989148 0.989148 0.247287 1.000000 1.000000 1.000000 0.500000 0.000000 0.000000 0 
1802 1.130000 0.882702 0.882702 0.882702 0.000000 0.000000 0.000000 1.130000 1.130000 0.989191 0.989191 0.247298 1.000000 1.000000 1.000000 0.500000 0.000000 0.000000 0 
1803 1.131000 0.883691 0.883691 0.883691 0.000000 0.000000 0.000000 1.131000 1.131000 0.989234 0.989234 0.247309 1.000000 1.000000 1.000000 0.500000 0.000000 0.000000 0 
1804 1.132000 0.884681 0.884681 0.884681 0.000000 0.000000 0.000000 1.132000 1.132000 0.989277 0.989277 0.247319 1.000000 1.000000 1.000000 0.500000 0.000000 0.000000 0 
1805 1.133000 0.885670 0.885670 0.885670 0.000000 0.000000 0.000000 1.133000 1.133000 0.989320 0.989320 0.247330 1.000000 1.000000 1.000000 0.500000 0.000000 0.000000 0 
1806 1.134000 0.886659 0.886659 0.886659 0.000000 0.000000 0.000000 1.134000 1.134000 0.989363 0.989363 0.247341 1.000000 1.000000 1.000000 0.500000 0.000000 0.000000 0 
1807 1.135000 0.887649 0.887649 0.887649 0.000000 0.000000 0.000000 1.135000 1.135000 0.989406 0.989406 0.247351 1.000000 1.000000 1.000000 0.500000 0.000000 0.000000 0 
1808 1.136000 0.888638 0.888638 0.888638 0.000000 0.000000 0.000000 1.136000 1.136000 0.989448 0.989448 0.247362 1.000000 1.000000 1.000000 0.500000 0.000000 0.000000 0 
1809 1.137000 0.889627 0.889627 0.889627 0.000000 0.000000 0.000000 1.137000 1.137000 0.989490 0.989490 0.247373 1.000000 1.000000 1.000000 0.500000 0.000000 0.000000 0 
1810 1.138000 0.890617 0.890617 0.890617 0.000000 0.000000 0.000000 1.138000 1.138000 0.989532 0.989532 0.247383 1.000000 1.000000 1.000000 0.500000 0.000000 0.000000 0 
1811 1.139000 0.891606 0.891606 0.891606 0.000000 0.000000 0.000000 1.139000 1.139000 0.989574 0.989574 0.247394 1.000000 1.000000 1.000000 0.500000 0.000000 0.000000 0 
1812 1.140000 0.892596 0.892596 0.892596 0.000000 0.000000 0.000000 1.140000 1.140000 0.989616 0.989616 0.247404 1.000000 1.000000 1.000000 0.500000 0.000000 0.000000 0 
1813 1.141000 0.893586 0.893586 0.893586 0.000000 0.000000 0.000000 1.141000 1.141000 0.989657 0.989657 0.247414 1.000000 1.000000 1.000000 0.500000 0.000000 0.000000 0 
1814 1.142000 0.894575 0.894575 0.894575 0.000000 0.000000 0.000000 1.142000 1.142000 0.989699 0.989699 0.247425 1.000000 1.000000 1.000000 0.500000 0.000000 0.000000 0 
1815 1.143000 0.895565 0.895565 0.895565 0.000000 0.000000 0.000000 1.143000 1.143000 0.989740 0.989740 0.247435 1.000000 1.000000 1.000000 0.500000 0.000000 0.000000 0 
1816 1.144000 0.896555 0.896555 0.896555 0.000000 0.000000 0.000000 1.144000 1.144000 0.989781 0.989781 0.247445 1.000000 1.000000 1.000000 0.500000 0.000000 0.000000 0 
1817 1.145000 0.897545 0.897545 0.897545 0.000000 0.000000 0.000000 1.145000 1.145000 0.989822 0.989822 0.247455 1.000000 1.000000 1.000000 0.500000 0.000000 0.000000 0 
1818 1.146000 0.898534 0.898534 0.898534 0.000000 0.000000 0.000000 1.146000 1.146000 0.989863 0.989863 0.247466 1.000000 1.000000 1.000000 0.500000 0.000000 0.000000 0 
1819 1.147000 0.899524 0.899524 0.899524 0.000000 0.000000 0.000000 1.147000 1.147000 0.989903 0.989903 0.247476 1.000000 1.000000 1.000000 0.500000 0.000000 0.000000 0 
1820 1.148000 0.900514 0.900514 0.900514 0.000000 0.000000 0.000000 1.148000 1.148000 0.989943 0.989943 0.247486 1.000000 1.000000 1.000000 0.500000 0.000000 0.000000 0 
1821 1.149000 0.901504 0.901504 0.901504 0.000000 0.000000 0.000000 1.149000 1.149000 0.989984 0.989984 0.247496 1.000000 1.000000 1.000000 0.500000 0.000000 0.000000 0 
1822 1.150000 0.902494 0.902494 0.902494 0.000000 0.000000 0.000000 1.150000 1.150000 0.990024 0.990024 0.247506 1.000000 1.000000 1.000000 0.500000 0.000000 0.000000 0 
1823 1.151000 0.903484 0.903484 0.903484 0.000000 0.000000 0.000000 1.151000 1.151000 0.990064 0.990064 0.247516 1.000000 1.000000 1.000000 0.500000 0.000000 0.000000 0 
1824 1.152000 0.904474 0.904474 0.904474 0.000000 0.000000 0.000000 1.152000 1.152000 0.990103 0.990103 0.247526 1.000000 1.000000 1.000000 0.500000 0.000000 0.000000 0 
1825 1.153000 0.905464 0.905464 0.905464 0.000000 0.000000 0.000000 1.153000 1.153000 0.990143 0.990143 0.247536 1.000000 1.000000 1.000000 0.500000 0.000000 0.000000 0 
1826 1.154000 0.906454 0.906454 0.906454 0.000000 0.000000 0.000000 1.154000 1.154000 0.990182 0.990182 0.247546 1.000000 1.000000 1.000000 0.500000 0.000000 0.000000 0 
1827 1.155000 0.907445 0.907445 0.907445 0.000000 0.000000 0.000000 1.155000 1.155000 0.990222 0.990222 0.247555 1.000000 1.000000 1.000000 0.500000 0.000000 0.000000 0 
1828 1.156000 0.908435 0.908435 0.908435 0.000000 0.000000 0.000000 1.156000 1.156000 0.990261 0.990261 0.247565 1.000000 1.000000 1.000000 0.500000 0.000000 0.000000 0 
1829 1.157000 0.909425 0.909425 0.909425 0.000000 0.000000 0.000000 1.157000 1.157000 0.990300 0.990300 0.247575 1.000000 1.000000 1.000000 0.500000 0.000000 0.000000 0 
1830 1.158000 0.910415 0.910415 0.910415 0.000000 0.000000 0.000000 1.158000 1.158000 0.990339 0.990339 0.247585 1.000000 1.000000 1.000000 0.500000 0.000000 0.000000 0 
1831 1.159000 0.911406 0.911406 0.911406 0.000000 0.000000 0.000000 1.159000 1.159000 0.990377 0.990377 0.247594 1.000000 1.000000 1.000000 0.500000 0.000000 0.000000 0 
1832 1.160000 0.912396 0.912396 0.912396 0.000000 0.000000 0.000000 1.160000 1.160000 0.990416 0.990416 0.247604 1.000000 1.000000 1.000000 0.500000 0.000000 0.000000 0 
1833 1.161000 0.913386 0.913386 0.913386 0.000000 0.000000 0.000000 1.161000 1.161000 0.990454 0.990454 0.247614 1.000000 1.000000 1.000000 0.500000 0.000000 0.000000 0 
1834 1.162000 0.914377 0.914377 0.914377 0.000000 0.000000 0.000000 1.162000 1.162000 0.990492 0.990492 0.247623 1.000000 1.000000 1.000000 0.500000 0.000000 0.000000 0 
1835 1.163000 0.915367 0.915367 0.915367 0.000000 0.000000 0.000000 1.163000 1.163000 0.990530 0.990530 0.247633 1.000000 1.000000 1.000000 0.500000 0.000000 0.000000 0 
1836 1.164000 0.916358 0.916358 0.916358 0.000000 0.000000 0.000000 1.164000 1.164000 0.990568 0.990568 0.247642 1.000000 1.000000 1.000000 0.500000 0.000000 0.000000 0 
1837 1.165000 0.917349 0.917349 0.917349 0.000000 0.000000 0.000000 1.165000 1.165000 0.990606 0.990606 0.247651 1.000000 1.000000 1.000000 0.500000 0.000000 0.000000 0 
1838 1.166000 0.918339 0.918339 0.918339 0.000000 0.000000 0.000000 1.166000 1.166000 0.990643 0.990643 0.247661 1.000000 1.000000 1.000000 0.500000 0.000000 0.000000 0 
1839 1.167000 0.919330 0.919330 0.919330 0.000000 0.000000 0.000000 1.167000 1.167000 0.990681 0.990681 0.247670 1.000000 1.000000 1.000000 0.500000 0.000000 0.000000 0 
1840 1.168000 0.920320 0.920320 0.920320 0.000000 0.000000 0.000000 1.168000 1.168000 0.990718 0.990718 0.247680 1.000000 1.000000 1.000000 0.500000 0.000000 0.000000 0 
1841 1.169000 0.921311 0.921311 0.921311 0.000000 0.000000 0.000000 1.169000 1.169000 0.990755 0.990755 0.247689 1.000000 1.000000 1.000000 0.500000 0.000000 0.000000 0 
1842 1.170000 0.922302 0.922302 0.922302 0.000000 0.000000 0.000000 1.170000 1.170000 0.990792 0.990792 0.247698 1.000000 1.000000 1.000000 0.500000 0.000000 0.000000 0 
1843 1.171000 0.923293 0.923293 0.923293 0.000000 0.000000 0.000000 1.171000 1.171000 0.990829 0.990829 0.247707 1.000000 1.000000 1.000000 0.500000 0.000000 0.000000 0 
1844 1.172000 0.924284 0.924284 0.924284 0.000000 0.000000 0.000000 1.172000 1.172000 0.990866 0.990866 0.247716 1.000000 1.000000 1.000000 0.500000 0.000000 0.000000 0 
1845 1.173000 0.925274 0.925274 0.925274 0.000000 0.000000 0.000000 1.173000 1.173000 0.990902 0.990902 0.247726 1.000000 1.000000 1.000000 0.500000 0.000000 0.000000 0 
1846 1.174000 0.926265 0.926265 0.926265 0.000000 0.000000 0.000000 1.174000 1.174000 0.990939 0.990939 0.247735 1.000000 1.000000 1.000000 0.500000 0.000000 0.000000 0 
1847 1.175000 0.927256 0.927256 0.927256 0.000000 0.000000 0.000000 1.175000 1.175000 0.990975 0.990975 0.247744 1.000000 1.000000 1.000000 0.500000 0.000000 0.000000 0 
1848 1.176000 0.928247 0.928247 0.928247 0.000000 0.000000 0.000000 1.176000 1.176000 0.991011 0.991011 0.247753 1.000000 1.000000 1.000000 0.500000 0.000000 0.000000 0 
1849 1.177000 0.929238 0.929238 0.929238 0.000000 0.000000 0.000000 1.177000 1.177000 0.991047 0.991047 0.247762 1.000000 1.000000 1.000000 0.500000 0.000000 0.000000 0 
1850 1.178000 0.930229 0.930229 0.930229 0.000000 0.000000 0.000000 1.178000 1.178000 0.991083 0.991083 0.247771 1.000000 1.000000 1.000000 0.500000 0.000000 0.000000 0 
1851 1.179000 0.931220 0.931220 0.931220 0.000000 0.000000 0.000000 1.179000 1.179000 0.991118 0.991118 0.247780 1.000000 1.000000 1.000000 0.500000 0.000000 0.000000 0 
1852 1.180000 0.932212 0.932212 0.932212 0.000000 0.000000 0.000000 1.180000 1.180000 0.991154 0.991154 0.247788 1.000000 1.000000 1.000000 0.500000 0.000000 0.000000 0 
1853 1.181000 0.933203 0.933203 0.933203 0.000000 0.000000 0.000000 1.181000 1.181000 0.991189 0.991189 0.247797 1.000000 1.000000 1.000000 0.500000 0.000000 0.000000 0 
1854 1.182000 0.934194 0.934194 0.934194 0.000000 0.000000 0.000000 1.182000 1.182000 0.991225 0.991225 0.247806 1.000000 1.000000 1.000000 0.500000 0.000000 0.000000 0 
1855 1.183000 0.935185 0.935185 0.935185 0.000000 0.000000 0.000000 1.183000 1.183000 0.991260 0.991260 0.247815 1.000000 1.000000 1.000000 0.500000 0.000000 0.000000 0 
1856 1.184000 0.936176 0.936176 0.936176 0.000000 0.000000 0.000000 1.184000 1.184000 0.991295 0.991295 0.247824 1.000000 1.000000 1.000000 0.500000 0.000000 0.000000 0 
1857 1.185000 0.937168 0.937168 0.937168 0.000000 0.000000 0.000000 1.185000 1.185000 0.991329 0.991329 0.247832 1.000000 1.000000 1.000000 0.500000 0.000000 0.000000 0 
1858 1.186000 0.938159 0.938159 0.938159 0.000000 0.000000 0.000000 1.186000 1.186000 0.991364 0.991364 0.247841 1.000000 1.000000 1.000000 0.500000 0.000000 0.000000 0 
1859 1.187000 0.939150 0.939150 0.939150 0.000000 0.000000 0.000000 1.187000 1.187000 0.991399 0.991399 0.247850 1.000000 1.000000 1.000000 0.500000 0.000000 0.000000 0 
1860 1.188000 0.940142 0.940142 0.940142 0.000000 0.000000 0.000000 1.188000 1.188000 0.991433 0.991433 0.247858 1.000000 1.000000 1.000000 0.500000 0.000000 0.000000 0 
1861 1.189000 0.941133 0.941133 0.941133 0.000000 0.000000 0.000000 1.189000 1.189000 0.991467 0.991467 0.247867 1.000000 1.000000 1.000000 0.500000 0.000000 0.000000 0 
1862 1.190000 0.942125 0.942125 0.942125 0.000000 0.000000 0.000000 1.190000 1.190000 0.991502 0.991502 0.247875 1.000000 1.000000 1.000000 0.500000 0.000000 0.000000 0 
1863 1.191000 0.943116 0.943116 0.943116 0.000000 0.000000 0.000000 1.191000 1.191000 0.991536 0.991536 0.247884 1.000000 1.000000 1.000000 0.500000 0.000000 0.000000 0 
1864 1.192000 0.944108 0.944108 0.944108 0.000000 0.000000 0.000000 1.192000 1.192000 0.991569 0.991569 0.247892 1.000000 1.000000 1.000000 0.500000 0.000000 0.000000 0 
1865 1.193000 0.945099 0.945099 0.945099 0.000000 0.000000 0.000000 1.193000 1.193000 0.991603 0.991603 0.247901 1.000000 1.000000 1.000000 0.500000 0.000000 0.000000 0 
1866 1.194000 0.946091 0.946091 0.946091 0.000000 0.000000 0.000000 1.194000 1.194000 0.991637 0.991637 0.247909 1.000000 1.000000 1.000000 0.500000 0.000000 0.000000 0 
1867 1.195000 0.947082 0.947082 0.947082 0.000000 0.000000 0.000000 1.195000 1.195000 0.991670 0.991670 0.247918 1.000000 1.000000 1.000000 0.500000 0.000000 0.000000 0 
1868 1.196000 0.948074 0.948074 0.948074 0.000000 0.000000 0.000000 1.196000 1.196000 0.991703 0.991703 0.247926 1.000000 1.000000 1.000000 0.500000 0.000000 0.000000 0 
1869 1.197000 0.949066 0.949066 0.949066 0.000000 0.000000 0.000000 1.197000 1.197000 0.991737 0.991737 0.247934 1.000000 1.000000 1.000000 0.500000 0.000000 0.000000 0 
1870 1.198000 0.950058 0.950058 0.950058 0.000000 0.000000 0.000000 1.198000 1.198000 0.991770 0.991770 0.247942 1.000000 1.000000 1.000000 0.500000 0.000000 0.000000 0 
1871 1.199000 0.951049 0.951049 0.951049 0.000000 0.000000 0.000000 1.199000 1.199000 0.991803 0.991803 0.247951 1.000000 1.000000 1.000000 0.500000 0.000000 0.000000 0 
1872 1.200000 0.952041 0.952041 0.952041 0.000000 0.000000 0.000000 1.200000 1.200000 0.991835 0.991835 0.247959 1.000000 1.000000 1.000000 0.500000 0.000000 0.000000 0 
1873 1.201000 0.953033 0.953033 0.953033 0.000000 0.000000 0.000000 1.201000 1.201000 0.991868 0.991868 0.247967 1.000000 1.000000 1.000000 0.500000 0.000000 0.000000 0 
1874 1.202000 0.954025 0.954025 0.954025 0.000000 0.000000 0.000000 1.202000 1.202000 0.991901 0.991901 0.247975 1.000000 1.000000 1.000000 0.500000 0.000000 0.000000 0 
1875 1.203000 0.955017 0.955017 0.955017 0.000000 0.000000 0.000000 1.203000 1.203000 0.991933 0.991933 0.247983 1.000000 1.000000 1.000000 0.500000 0.000000 0.000000 0 
1876 1.204000 0.956009 0.956009 0.956009 0.000000 0.000000 0.000000 1.204000 1.204000 0.991965 0.991965 0.247991 1.000000 1.000000 1.000000 0.500000 0.000000 0.000000 0 
1877 1.205000 0.957001 0.957001 0.957001 0.000000 0.000000 0.000000 1.205000 1.205000 0.991997 0.991997 0.247999 1.000000 1.000000 1.000000 0.500000 0.000000 0.000000 0 
1878 1.206000 0.957993 0.957993 0.957993 0.000000 0.000000 0.000000 1.206000 1.206000 0.992029 0.992029 0.248007 1.000000 1.000000 1.000000 0.500000 0.000000 0.000000 0 
1879 1.207000 0.958985 0.958985 0.958985 0.000000 0.000000 0.000000 1.207000 1.207000 0.992061 0.992061 0.248015 1.000000 1.000000 1.000000 0.500000 0.000000 0.000000 0 
1880 1.208000 0.959977 0.959977 0.959977 0.000000 0.000000 0.000000 1.208000 1.208000 0.992093 0.992093 0.248023 1.000000 1.000000 1.000000 0.500000 0.000000 0.000000 0 
1881 1.209000 0.960969 0.960969 0.960969 0.000000 0.000000 0.000000 1.209000 1.209000 0.992125 0.992125 0.248031 1.000000 1.000000 1.000000 0.500000 0.000000 0.000000 0 
1882 1.210000 0.961961 0.961961 0.961961 0.000000 0.000000 0.000000 1.210000 1.210000 0.992156 0.992156 0.248039 1.000000 1.000000 1.000000 0.500000 0.000000 0.000000 0 
1883 1.211000 0.962953 0.962953 0.962953 0.000000 0.000000 0.000000 1.211000 1.211000 0.992188 0.992188 0.248047 1.000000 1.000000 1.000000 0.500000 0.000000 0.000000 0 
1884 1.212000 0.963945 0.963945 0.963945 0.000000 0.000000 0.000000 1.212000 1.212000 0.992219 0.992219 0.248055 1.000000 1.000000 1.000000 0.500000 0.000000 0.000000 0 
1885 1.213000 0.964938 0.964938 0.964938 0.000000 0.000000 0.000000 1.213000 1.213000 0.992250 0.992250 0.248062 1.000000 1.000000 1.000000 0.500000 0.000000 0.000000 0 
1886 1.214000 0.965930 0.965930 0.965930 0.000000 0.000000 0.000000 1.214000 1.214000 0.992281 0.992281 0.248070 1.000000 1.000000 1.000000 0.500000 0.000000 0.000000 0 
1887 1.215000 0.966922 0.966922 0.966922 0.000000 0.000000 0.000000 1.215000 1.215000 0.992312 0.992312 0.248078 1.000000 1.000000 1.000000 0.500000 0.000000 0.000000 0 
1888 1.216000 0.967914 0.967914 0.967914 0.000000 0.000000 0.000000 1.216000 1.216000 0.992343 0.992343 0.248086 1.000000 1.000000 1.000000 0.500000 0.000000 0.000000 0 
1889 1.217000 0.968907 0.968907 0.968907 0.000000 0.000000 0.000000 1.217000 1.217000 0.992373 0.992373 0.248093 1.000000 1.000000 1.000000 0.500000 0.000000 0.000000 0 
1890 1.218000 0.969899 0.969899 0.969899 0.000000 0.000000 0.000000 1.218000 1.218000 0.992404 0.992404 0.248101 1.000000 1.000000 1.000000 0.500000 0.000000 0.000000 0 
1891 1.219000 0.970891 0.970891 0.970891 0.000000 0.000000 0.000000 1.219000 1.219000 0.992434 0.992434 0.248109 1.000000 1.000000 1.000000 0.500000 0.000000 0.000000 0 
1892 1.220000 0.971884 0.971884 0.971884 0.000000 0.000000 0.000000 1.220000 1.220000 0.992464 0.992464 0.248116 1.000000 1.000000 1.000000 0.500000 0.000000 0.000000 0 
1893 1.221000 0.972876 0.972876 0.972876 0.000000 0.000000 0.000000 1.221000 1.221000 0.992494 0.992494 0.248124 1.000000 1.000000 1.000000 0.500000 0.000000 0.000000 0 
1894 1.222000 0.973869 0.973869 0.973869 0.000000 0.000000 0.000000 1.222000 1.222000 0.992525 0.992525 0.248131 1.000000 1.000000 1.000000 0.500000 0.000000 0.000000 0 
1895 1.223000 0.974861 0.974861 0.974861 0.000000 0.000000 0.000000 1.223000 1.223000 0.992554 0.992554 0.248139 1.000000 1.000000 1.000000 0.500000 0.000000 0.000000 0 
1896 1.224000 0.975854 0.975854 0.975854 0.000000 0.000000 0.000000 1.224000 1.224000 0.992584 0.992584 0.248146 1.000000 1.000000 1.000000 0.500000 0.000000 0.000000 0 
1897 1.225000 0.976847 0.976847 0.976847 0.000000 0.000000 0.000000 1.225000 1.225000 0.992614 0.992614 0.248153 1.000000 1.000000 1.000000 0.500000 0.000000 0.000000 0 
1898 1.226000 0.977839 0.977839 0.977839 0.000000 0.000000 0.000000 1.226000 1.226000 0.992643 0.992643 0.248161 1.000000 1.000000 1.000000 0.500000 0.000000 0.000000 0 
1899 1.227000 0.978832 0.978832 0.978832 0.000000 0.000000 0.000000 1.227000 1.227000 0.992673 0.992673 0.248168 1.000000 1.000000 1.000000 0.500000 0.000000 0.000000 0 
1900 1.228000 0.979824 0.979824 0.979824 0.000000 0.000000 0.000000 1.228000 1.228000 0.992702 0.992702 0.248176 1.000000 1.000000 1.000000 0.500000 0.000000 0.000000 0 
1901 1.229000 0.980817 0.980817 0.980817 0.000000 0.000000 0.000000 1.229000 1.229000 0.992731 0.992731 0.248183 1.000000 1.000000 1.000000 0.500000 0.000000 0.000000 0 
1902 1.230000 0.981810 0.981810 0.981810 0.000000 0.000000 0.000000 1.230000 1.230000 0.992760 0.992760 0.248190 1.000000 1.000000 1.000000 0.500000 0.000000 0.000000 0 
1903 1.231000 0.982803 0.982803 0.982803 0.000000 0.000000 0.000000 1.231000 1.231000 0.992789 0.992789 0.248197 1.000000 1.000000 1.000000 0.500000 0.000000 0.000000 0 
1904 1.232000 0.983795 0.983795 0.983795 0.000000 0.000000 0.000000 1.232000 1.232000 0.992818 0.992818 0.248205 1.000000 1.000000 1.000000 0.500000 0.000000 0.000000 0 
1905 1.233000 0.984788 0.984788 0.984788 0.000000 0.000000 0.000000 1.233000 1.233000 0.992847 0.992847 0.248212 1.000000 1.000000 1.000000 0.500000 0.000000 0.000000 0 
1906 1.234000 0.985781 0.985781 0.985781 0.000000 0.000000 0.000000 1.234000 1.234000 0.992876 0.992876 0.248219 1.000000 1.000000 1.000000 0.500000 0.000000 0.000000 0 
1907 1.235000 0.986774 0.986774 0.986774 0.000000 0.000000 0.000000 1.235000 1.235000 0.992904 0.992904 0.248226 1.000000 1.000000 1.000000 0.500000 0.000000 0.000000 0 
1908 1.236000 0.987767 0.987767 0.987767 0.000000 0.000000 0.000000 1.236000 1.236000 0.992932 0.992932 0.248233 1.000000 1.000000 1.000000 0.500000 0.000000 0.000000 0 
1909 1.237000 0.988760 0.988760 0.988760 0.000000 0.000000 0.000000 1.237000 1.237000 0.992961 0.992961 0.248240 1.000000 1.000000 1.000000 0.500000 0.000000 0.000000 0 
1910 1.238000 0.989753 0.989753 0.989753 0.000000 0.000000 0.000000 1.238000 1.238000 0.992989 0.992989 0.248247 1.000000 1.000000 1.000000 0.500000 0.000000 0.000000 0 
1911 1.239000 0.990746 0.990746 0.990746 0.000000 0.000000 0.000000 1.239000 1.239000 0.993017 0.993017 0.248254 1.000000 1.000000 1.000000 0.500000 0.000000 0.000000 0 
1912 1.240000 0.991739 0.991739 0.991739 0.000000 0.000000 0.000000 1.240000 1.240000 0.993045 0.993045 0.248261 1.000000 1.000000 1.000000 0.500000 0.000000 0.000000 0 
1913 1.241000 0.992732 0.992732 0.992732 0.000000 0.000000 0.000000 1.241000 1.241000 0.993073 0.993073 0.248268 1.000000 1.000000 1.000000 0.500000 0.000000 0.000000 0 
1914 1.242000 0.993725 0.993725 0.993725 0.000000 0.000000 0.000000 1.242000 1.242000 0.993100 0.993100 0.248275 1.000000 1.000000 1.000000 0.500000 0.000000 0.000000 0 
1915 1.243000 0.994718 0.994718 0.994718 0.000000 0.000000 0.000000 1.243000 1.243000 0.993128 0.993128 0.248282 1.000000 1.000000 1.000000 0.500000 0.000000 0.000000 0 
1916 1.244000 0.995711 0.995711 0.995711 0.000000 0.000000 0.000000 1.244000 1.244000 0.993155 0.993155 0.248289 1.000000 1.000000 1.000000 0.500000 0.000000 0.000000 0 
1917 1.245000 0.996704 0.996704 0.996704 0.000000 0.000000 0.000000 1.245000 1.245000 0.993183 0.993183 0.248296 1.000000 1.000000 1.000000 0.500000 0.000000 0.000000 0 
1918 1.246000 0.997697 0.997697 0.997697 0.000000 0.000000 0.000000 1.246000 1.246000 0.993210 0.993210 0.248303 1.000000 1.000000 1.000000 0.500000 0.000000 0.000000 0 
1919 1.247000 0.998691 0.998691 0.998691 0.000000 0.000000 0.000000 1.247000 1.247000 0.993237 0.993237 0.248309 1.000000 1.000000 1.000000 0.500000 0.000000 0.000000 0 
1920 1.248000 0.999684 0.999684 0.999684 0.000000 0.000000 0.000000 1.248000 1.248000 0.993264 0.993264 0.248316 1.000000 1.000000 1.000000 0.500000 0.000000 0.000000 0 
1921 1.249000 1.000677 1.000677 1.000677 0.000000 0.000000 0.000000 1.249000 1.249000 0.993291 0.993291 0.248323 1.000000 1.000000 1.000000 0.500000 0.000000 0.000000 0 
1922 1.250000 1.001670 1.001670 1.001670 0.000000 0.000000 0.000000 1.250000 1.250000 0.993318 0.993318 0.248330 1.000000 1.000000 1.000000 0.500000 0.000000 0.000000 0 
1923 1.251000 1.002664 1.002664 1.002664 0.000000 0.000000 0.000000 1.251000 1.251000 0.993345 0.993345 0.248336 1.000000 1.000000 1.000000 0.500000 0.000000 0.000000 0 
1924 1.252000 1.003657 1.003657 1.003657 0.000000 0.000000 0.000000 1.252000 1.252000 0.993371 0.993371 0.248343 1.000000 1.000000 1.000000 0.500000 0.000000 0.000000 0 
1925 1.253000 1.004651 1.004651 1.004651 0.000000 0.000000 0.000000 1.253000 1.253000 0.993398 0.993398 0.248349 1.000000 1.000000 1.000000 0.500000 0.000000 0.000000 0 
1926 1.254000 1.005644 1.005644 1.005644 0.000000 0.000000 0.000000 1.254000 1.254000 0.993424 0.993424 0.248356 1.000000 1.000000 1.000000 0.500000 0.000000 0.000000 0 
1927 1.255000 1.006637 1.006637 1.006637 0.000000 0.000000 0.000000 1.255000 1.255000 0.993451 0.993451 0.248363 1.000000 1.000000 1.000000 0.500000 0.000000 0.000000 0 
1928 1.256000 1.007631 1.007631 1.007631 0.000000 0.000000 0.000000 1.256000 1.256000 0.993477 0.993477 0.248369 1.000000 1.000000 1.000000 0.500000 0.000000 0.000000 0 
1929 1.257000 1.008624 1.008624 1.008624 0.000000 0.000000 0.000000 1.257000 1.257000 0.993503 0.993503 0.248376 1.000000 1.000000 1.000000 0.500000 0.000000 0.000000 0 
1930 1.258000 1.009618 1.009618 1.009618 0.000000 0.000000 0.000000 1.258000 1.258000 0.993529 0.993529 0.248382 1.000000 1.000000 1.000000 0.500000 0.000000 0.000000 0 
1931 1.259000 1.010611 1.010611 1.010611 0.000000 0.000000 0.000000 1.259000 1.259000 0.993555 0.993555 0.248389 1.000000 1.000000 1.000000 0.500000 0.000000 0.000000 0 
1932 1.260000 1.011605 1.011605 1.011605 0.000000 0.000000 0.000000 1.260000 1.260000 0.993581 0.993581 0.248395 1.000000 1.000000 1.000000 0.500000 0.000000 0.000000 0 
1933 1.261000 1.012598 1.012598 1.012598 0.000000 0.000000 0.000000 1.261000 1.261000 0.993606 0.993606 0.248402 1.000000 1.000000 1.000000 0.500000 0.000000 0.000000 0 
1934 1.262000 1.013592 1.013592 1.013592 0.000000 0.000000 0.000000 1.262000 1.262000 0.993632 0.993632 0.248408 1.000000 1.000000 1.000000 0.500000 0.000000 0.000000 0 
1935 1.263000 1.014586 1.014586 1.014586 0.000000 0.000000 0.000000 1.263000 1.263000 0.993657 0.993657 0.248414 1.000000 1.000000 1.000000 0.500000 0.000000 0.000000 0 
1936 1.264000 1.015579 1.015579 1.015579 0.000000 0.000000 0.000000 1.264000 1.264000 0.993683 0.993683 0.248421 1.000000 1.000000 1.000000 0.500000 0.000000 0.000000 0 
1937 1.265000 1.016573 1.016573 1.016573 0.000000 0.000000 0.000000 1.265000 1.265000 0.993708 0.993708 0.248427 1.000000 1.000000 1.000000 0.500000 0.000000 0.000000 0 
1938 1.266000 1.017567 1.017567 1.017567 0.000000 0.000000 0.000000 1.266000 1.266000 0.993733 0.993733 0.248433 1.000000 1.000000 1.000000 0.500000 0.000000 0.000000 0 
1939 1.267000 1.018560 1.018560 1.018560 0.000000 0.000000 0.000000 1.267000 1.267000 0.993758 0.993758 0.248440 1.000000 1.000000 1.000000 0.500000 0.000000 0.000000 0 
1940 1.268000 1.019554 1.019554 1.019554 0.000000 0.000000 0.000000 1.268000 1.268000 0.993783 0.993783 0.248446 1.000000 1.000000 1.000000 0.500000 0.000000 0.000000 0 
1941 1.269000 1.020548 1.020548 1.020548 0.000000 0.000000 0.000000 1.269000 1.269000 0.993808 0.993808 0.248452 1.000000 1.000000 1.000000 0.500000 0.000000 0.000000 0 
1942 1.270000 1.021542 1.021542 1.021542 0.000000 0.000000 0.000000 1.270000 1.270000 0.993833 0.993833 0.248458 1.000000 1.000000 1.000000 0.500000 0.000000 0.000000 0 
1943 1.271000 1.022536 1.022536 1.022536 0.000000 0.000000 0.000000 1.271000 1.271000 0.993857 0.993857 0.248464 1.000000 1.000000 1.000000 0.500000 0.000000 0.000000 0 
1944 1.272000 1.023529 1.023529 1.023529 0.000000 0.000000 0.000000 1.272000 1.272000 0.993882 0.993882 0.248471 1.000000 1.000000 1.000000 0.500000 0.000000 0.000000 0 
1945 1.273000 1.024523 1.024523 1.024523 0.000000 0.000000 0.000000 1.273000 1.273000 0.993907 0.993907 0.248477 1.000000 1.000000 1.000000 0.500000 0.000000 0.000000 0 
1946 1.274000 1.025517 1.025517 1.025517 0.000000 0.000000 0.000000 1.274000 1.274000 0.993931 0.993931 0.248483 1.000000 1.000000 1.000000 0.500000 0.000000 0.000000 0 
1947 1.275000 1.026511 1.026511 1.026511 0.000000 0.000000 0.000000 1.275000 1.275000 0.993955 0.993955 0.248489 1.000000 1.000000 1.000000 0.500000 0.000000 0.000000 0 
1948 1.276000 1.027505 1.027505 1.027505 0.000000 0.000000 0.000000 1.276000 1.276000 0.993979 0.993979 0.248495 1.000000 1.000000 1.000000 0.500000 0.000000 0.000000 0 
1949 1.277000 1.028499 1.028499 1.028499 0.000000 0.000000 0.000000 1.277000 1.277000 0.994003 0.994003 0.248501 1.000000 1.000000 1.000000 0.500000 0.000000 0.000000 0 
1950 1.278000 1.029493 1.029493 1.029493 0.000000 0.000000 0.000000 1.278000 1.278000 0.994027 0.994027 0.248507 1.000000 1.000000 1.000000 0.500000 0.000000 0.000000 0 
1951 1.279000 1.030487 1.030487 1.030487 0.000000 0.000000 0.000000 1.279000 1.279000 0.994051 0.994051 0.248513 1.000000 1.000000 1.000000 0.500000 0.000000 0.000000 0 
1952 1.280000 1.031481 1.031481 1.031481 0.000000 0.000000 0.000000 1.280000 1.280000 0.994075 0.994075 0.248519 1.000000 1.000000 1.000000 0.500000 0.000000 0.000000 0 
1953 1.281000 1.032475 1.032475 1.032475 0.000000 0.000000 0.000000 1.281000 1.281000 0.994099 0.994099 0.248525 1.000000 1.000000 1.000000 0.500000 0.000000 0.000000 0 
1954 1.282000 1.033469 1.033469 1.033469 0.000000 0.000000 0.000000 1.282000 1.282000 0.994122 0.994122 0.248531 1.000000 1.000000 1.000000 0.500000 0.000000 0.000000 0 
1955 1.283000 1.034464 1.034464 1.034464 0.000000 0.000000 0.000000 1.283000 1.283000 0.994146 0.994146 0.248536 1.000000 1.000000 1.000000 0.500000 0.000000 0.000000 0 
1956 1.284000 1.035458 1.035458 1.035458 0.000000 0.000000 0.000000 1.284000 1.284000 0.994169 0.994169 0.248542 1.000000 1.000000 1.000000 0.500000 0.000000 0.000000 0 
1957 1.285000 1.036452 1.036452 1.036452 0.000000 0.000000 0.000000 1.285000 1.285000 0.994193 0.994193 0.248548 1.000000 1.000000 1.000000 0.500000 0.000000 0.000000 0 
1958 1.286000 1.037446 1.037446 1.037446 0.000000 0.000000 0.000000 1.286000 1.286000 0.994216 0.994216 0.248554 1.000000 1.000000 1.000000 0.500000 0.000000 0.000000 0 
1959 1.287000 1.038440 1.038440 1.038440 0.000000 0.000000 0.000000 1.287000 1.287000 0.994239 0.994239 0.248560 1.000000 1.000000 1.000000 0.500000 0.000000 0.000000 0 
1960 1.288000 1.039434 1.039434 1.039434 0.000000 0.000000 0.000000 1.288000 1.288000 0.994262 0.994262 0.248566 1.000000 1.000000 1.000000 0.500000 0.000000 0.000000 0 
1961 1.289000 1.040429 1.040429 1.040429 0.000000 0.000000 0.000000 1.289000 1.289000 0.994285 0.994285 0.248571 1.000000 1.000000 1.000000 0.500000 0.000000 0.000000 0 
1962 1.290000 1.041423 1.041423 1.041423 0.000000 0.000000 0.000000 1.290000 1.290000 0.994308 0.994308 0.248577 1.000000 1.000000 1.000000 0.500000 0.000000 0.000000 0 
1963 1.291000 1.042417 1.042417 1.042417 0.000000 0.000000 0.000000 1.291000 1.291000 0.994331 0.994331 0.248583 1.000000 1.000000 1.000000 0.500000 0.000000 0.000000 0 
1964 1.292000 1.043412 1.043412 1.043412 0.000000 0.000000 0.000000 1.292000 1.292000 0.994353 0.994353 0.248588 1.000000 1.000000 1.000000 0.500000 0.000000 0.000000 0 
1965 1.293000 1.044406 1.044406 1.044406 0.000000 0.000000 0.000000 1.293000 1.293000 0.994376 0.994376 0.248594 1.000000 1.000000 1.000000 0.500000 0.000000 0.000000 0 
1966 1.294000 1.045400 1.045400 1.045400 0.000000 0.000000 0.000000 1.294000 1.294000 0.994398 0.994398 0.248600 1.000000 1.000000 1.000000 0.500000 0.000000 0.000000 0 
1967 1.295000 1.046395 1.046395 1.046395 0.000000 0.000000 0.000000 1.295000 1.295000 0.994421 0.994421 0.248605 1.000000 1.000000 1.000000 0.500000 0.000000 0.000000 0 
1968 1.296000 1.047389 1.047389 1.047389 0.000000 0.000000 0.000000 1.296000 1.296000 0.994443 0.994443 0.248611 1.000000 1.000000 1.000000 0.500000 0.000000 0.000000 0 
1969 1.297000 1.048384 1.048384 1.048384 0.000000 0.000000 0.000000 1.297000 1.297000 0.994465 0.994465 0.248616 1.000000 1.000000 1.000000 0.500000 0.000000 0.000000 0 
1970 1.298000 1.049378 1.049378 1.049378 0.000000 0.000000 0.000000 1.298000 1.298000 0.994487 0.994487 0.248622 1.000000 1.000000 1.000000 0.500000 0.000000 0.000000 0 
1971 1.299000 1.050373 1.050373 1.050373 0.000000 0.000000 0.000000 1.299000 1.299000 0.994510 0.994510 0.248627 1.000000 1.000000 1.000000 0.500000 0.000000 0.000000 0 
1972 1.300000 1.051367 1.051367 1.051367 0.000000 0.000000 0.000000 1.300000 1.300000 0.994532 0.994532 0.248633 1.000000 1.000000 1.000000 0.500000 0.000000 0.000000 0 
1973 1.301000 1.052362 1.052362 1.052362 0.000000 0.000000 0.000000 1.301000 1.301000 0.994553 0.994553 0.248638 1.000000 1.000000 1.000000 0.500000 0.000000 0.000000 0 
1974 1.302000 1.053356 1.053356 1.053356 0.000000 0.000000 0.000000 1.302000 1.302000 0.994575 0.994575 0.248644 1.000000 1.000000 1.000000 0.500000 0.000000 0.000000 0 
1975 1.303000 1.054351 1.054351 1.054351 0.000000 0.000000 0.000000 1.303000 1.303000 0.994597 0.994597 0.248649 1.000000 1.000000 1.000000 0.500000 0.000000 0.000000 0 
1976 1.304000 1.055345 1.055345 1.055345 0.000000 0.000000 0.000000 1.304000 1.304000 0.994618 0.994618 0.248655 1.000000 1.000000 1.000000 0.500000 0.000000 0.000000 0 
1977 1.305000 1.056340 1.056340 1.056340 0.000000 0.000000 0.000000 1.305000 1.305000 0.994640 0.994640 0.248660 1.000000 1.000000 1.000000 0.500000 0.000000 0.000000 0 
1978 1.306000 1.057335 1.057335 1.057335 0.000000 0.000000 0.000000 1.306000 1.306000 0.994661 0.994661 0.248665 1.000000 1.000000 1.000000 0.500000 0.000000 0.000000 0 
1979 1.307000 1.058329 1.058329 1.058329 0.000000 0.000000 0.000000 1.307000 1.307000 0.994683 0.994683 0.248671 1.000000 1.000000 1.000000 0.500000 0.000000 0.000000 0 
1980 1.308000 1.059324 1.059324 1.059324 0.000000 0.000000 0.000000 1.308000 1.308000 0.994704 0.994704 0.248676 1.000000 1.000000 1.000000 0.500000 0.000000 0.000000 0 
1981 1.309000 1.060319 1.060319 1.060319 0.000000 0.000000 0.000000 1.309000 1.309000 0.994725 0.994725 0.248681 1.000000 1.000000 1.000000 0.500000 0.000000 0.000000 0 
1982 1.310000 1.061313 1.061313 1.061313 0.000000 0.000000 0.000000 1.310000 1.310000 0.994746 0.994746 0.248687 1.000000 1.000000 1.000000 0.500000 0.000000 0.000000 0 
1983 1.311000 1.062308 1.062308 1.062308 0.000000 0.000000 0.000000 1.311000 1.311000 0.994767 0.994767 0.248692 1.000000 1.000000 1.000000 0.500000 0.000000 0.000000 0 
1984 1.312000 1.063303 1.063303 1.063303 0.000000 0.000000 0.000000 1.312000 1.312000 0.994788 0.994788 0.248697 1.000000 1.000000 1.000000 0.500000 0.000000 0.000000 0 
1985 1.313000 1.064298 1.064298 1.064298 0.000000 0.000000 0.000000 1.313000 1.313000 0.994809 0.994809 0.248702 1.000000 1.000000 1.000000 0.500000 0.000000 0.000000 0 
1986 1.314000 1.065293 1.065293 1.065293 0.000000 0.000000 0.000000 1.314000 1.314000 0.994830 0.994830 0.248707 1.000000 1.000000 1.000000 0.500000 0.000000 0.000000 0 
1987 1.315000 1.066287 1.066287 1.066287 0.000000 0.000000 0.000000 1.315000 1.315000 0.994851 0.994851 0.248713 1.000000 1.000000 1.000000 0.500000 0.000000 0.000000 0 
1988 1.316000 1.067282 1.067282 1.067282 0.000000 0.000000 0.000000 1.316000 1.316000 0.994871 0.994871 0.248718 1.000000 1.000000 1.000000 0.500000 0.000000 0.000000 0 
1989 1.317000 1.068277 1.068277 1.068277 0.000000 0.000000 0.000000 1.317000 1.317000 0.994892 0.994892 0.248723 1.000000 1.000000 1.000000 0.500000 0.000000 0.000000 0 
1990 1.318000 1.069272 1.069272 1.069272 0.000000 0.000000 0.000000 1.318000 1.318000 0.994912 0.994912 0.248728 1.000000 1.000000 1.000000 0.500000 0.000000 0.000000 0 
1991 1.319000 1.070267 1.070267 1.070267 0.000000 0.000000 0.000000 1.319000 1.319000 0.994932 0.994932 0.248733 1.000000 1.000000 1.000000 0.500000 0.000000 0.000000 0 
1992 1.320000 1.071262 1.071262 1.071262 0.000000 0.000000 0.000000 1.320000 1.320000 0.994953 0.994953 0.248738 1.000000 1.000000 1.000000 0.500000 0.000000 0.000000 0 
1993 1.321000 1.072257 1.072257 1.072257 0.000000 0.000000 0.000000 1.321000 1.321000 0.994973 0.994973 0.248743 1.000000 1.000000 1.000000 0.500000 0.000000 0.000000 0 
1994 1.322000 1.073252 1.073252 1.073252 0.000000 0.000000 0.000000 1.322000 1.322000 0.994993 0.994993 0.248748 1.000000 1.000000 1.000000 0.500000 0.000000 0.000000 0 
1995 1.323000 1.074247 1.074247 1.074247 0.000000 0.000000 0.000000 1.323000 1.323000 0.995013 0.995013 0.248753 1.000000 1.000000 1.000000 0.500000 0.000000 0.000000 0 
1996 1.324000 1.075242 1.075242 1.075242 0.000000 0.000000 0.000000 1.324000 1.324000 0.995033 0.995033 0.248758 1.000000 1.000000 1.000000 0.500000 0.000000 0.000000 0 
1997 1.325000 1.076237 1.076237 1.076237 0.000000 0.000000 0.000000 1.325000 1.325000 0.995053 0.995053 0.248763 1.000000 1.000000 1.000000 0.500000 0.000000 0.000000 0 
1998 1.326000 1.077232 1.077232 1.077232 0.000000 0.000000 0.000000 1.326000 1.326000 0.995073 0.995073 0.248768 1.000000 1.000000 1.000000 0.500000 0.000000 0.000000 0 
1999 1.327000 1.078227 1.078227 1.078227 0.000000 0.000000 0.000000 1.327000 1.327000 0.995092 0.995092 0.248773 1.000000 1.000000 1.000000 0.500000 0.000000 0.000000 0 
2000 1.328000 1.079222 1.079222 1.079222 0.000000 0.000000 0.000000 1.328000 1.328000 0.995112 0.995112 0.248778 1.000000 1.000000 1.000000 0.500000 0.000000 0.000000 0 
2001 1.329000 1.080217 1.080217 1.080217 0.000000 0.000000 0.000000 1.329000 1.329000 0.995132 0.995132 0.248783 1.000000 1.000000 1.000000 0.500000 0.000000 0.000000 0 
2002 1.330000 1.081212 1.081212 1.081212 0.000000 0.000000 0.000000 1.330000 1.330000 0.995151 0.995151 0.248788 1.000000 1.000000 1.000000 0.500000 0.000000 0.000000 0 
2003 1.331000 1.082207 1.082207 1.082207 0.000000 0.000000 0.000000 1.331000 1.331000 0.995170 0.995170 0.248793 1.000000 1.000000 1.000000 0.500000 0.000000 0.000000 0 
2004 1.332000 1.083203 1.083203 1.083203 0.000000 0.000000 0.000000 1.332000 1.332000 0.995190 0.995190 0.248797 1.000000 1.000000 1.000000 0.500000 0.000000 0.000000 0 
2005 1.333000 1.084198 1.084198 1.084198 0.000000 0.000000 0.000000 1.333000 1.333000 0.995209 0.995209 0.248802 1.000000 1.000000 1.000000 0.500000 0.000000 0.000000 0 
2006 1.334000 1.085193 1.085193 1.085193 0.000000 0.000000 0.000000 1.334000 1.334000 0.995228 0.995228 0.248807 1.000000 1.000000 1.000000 0.500000 0.000000 0.000000 0 
2007 1.335000 1.086188 1.086188 1.086188 0.000000 0.000000 0.000000 1.335000 1.335000 0.995247 0.995247 0.248812 1.000000 1.000000 1.000000 0.500000 0.000000 0.000000 0 
2008 1.336000 1.087183 1.087183 1.087183 0.000000 0.000000 0.000000 1.336000 1.336000 0.995266 0.995266 0.248817 1.000000 1.000000 1.000000 0.500000 0.000000 0.000000 0 
2009 1.337000 1.088179 1.088179 1.088179 0.000000 0.000000 0.000000 1.337000 1.337000 0.995285 0.995285 0.248821 1.000000 1.000000 1.000000 0.500000 0.000000 0.000000 0 
2010 1.338000 1.089174 1.089174 1.089174 0.000000 0.000000 0.000000 1.338000 1.338000 0.995304 0.995304 0.248826 1.000000 1.000000 1.000000 0.500000 0.000000 0.000000 0 
2011 1.339000 1.090169 1.090169 1.090169 0.000000 0.000000 0.000000 1.339000 1.339000 0.995323 0.995323 0.248831 1.000000 1.000000 1.000000 0.500000 0.000000 0.000000 0 
2012 1.340000 1.091165 1.091165 1.091165 0.000000 0.000000 0.000000 1.340000 1.340000 0.995342 0.995342 0.248835 1.000000 1.000000 1.000000 0.500000 0.000000 0.000000 0 
2013 1.341000 1.092160 1.092160 1.092160 0.000000 0.000000 0.000000 1.341000 1.341000 0.995360 0.995360 0.248840 1.000000 1.000000 1.000000 0.500000 0.000000 0.000000 0 
2014 1.342000 1.093155 1.093155 1.093155 0.000000 0.000000 0.000000 1.342000 1.342000 0.995379 0.995379 0.248845 1.000000 1.000000 1.000000 0.500000 0.000000 0.000000 0 
2015 1.343000 1.094151 1.094151 1.094151 0.000000 0.000000 0.000000 1.343000 1.343000 0.995397 0.995397 0.248849 1.000000 1.000000 1.000000 0.500000 0.000000 0.000000 0 
2016 1.344000 1.095146 1.095146 1.095146 0.000000 0.000000 0.000000 1.344000 1.344000 0.995416 0.995416 0.248854 1.000000 1.000000 1.000000 0.500000 0.000000 0.000000 0 
2017 1.345000 1.096142 1.096142 1.096142 0.000000 0.000000 0.000000 1.345000 1.345000 0.995434 0.995434 0.248858 0.000000 1.000000 1.000000 0.500000 0.000000 0.000000 0 
2018 1.346000 1.097137 1.097137 1.097137 0.000000 0.000000 0.000000 1.346000 1.346000 0.995452 0.995452 0.248863 0.000000 1.000000 1.000000 0.500000 0.000000 0.000000 0 
2019 1.347000 1.098132 1.098132 1.098132 0.000000 0.000000 0.000000 1.347000 1.347000 0.995470 0.995470 0.248868 0.000000 1.000000 1.000000 0.500000 0.000000 0.000000 0 
2020 1.348000 1.099128 1.099128 1.099128 0.000000 0.000000 0.000000 1.348000 1.348000 0.995489 0.995489 0.248872 0.000000 1.000000 1.000000 0.500000 0.000000 0.000000 0 
2021 1.349000 1.100123 1.100123 1.100123 0.000000 0.000000 0.000000 1.349000 1.349000 0.995507 0.995507 0.248877 0.000000 1.000000 1.000000 0.500000 0.000000 0.000000 0 
2022 1.350000 1.101119 1.101119 1.101119 0.000000 0.000000 0.000000 1.350000 1.350000 0.995525 0.995525 0.248881 0.000000 1.000000 1.000000 0.500000 0.000000 0.000000 0 
2023 1.351000 1.102114 1.102114 1.102114 0.000000 0.000000 0.000000 1.351000 1.351000 0.995542 0.995542 0.248886 0.000000 1.000000 1.000000 0.500000 0.000000 0.000000 0 
2024 1.352000 1.103110 1.103110 1.103110 0.000000 0.000000 0.000000 1.352000 1.352000 0.995560 0.995560 0.248890 0.000000 1.000000 1.000000 0.500000 0.000000 0.000000 0 
2025 1.353000 1.104105 1.104105 1.104105 0.000000 0.000000 0.000000 1.353000 1.353000 0.995578 0.995578 0.248895 0.000000 1.000000 1.000000 0.500000 0.000000 0.000000 0 
2026 1.354000 1.105101 1.105101 1.105101 0.000000 0.000000 0.000000 1.354000 1.354000 0.995596 0.995596 0.248899 0.000000 1.000000 1.000000 0.500000 0.000000 0.000000 0 
2027 1.355000 1.106097 1.106097 1.106097 0.000000 0.000000 0.000000 1.355000 1.355000 0.995613 0.995613 0.248903 0.000000 1.000000 1.000000 0.500000 0.000000 0.000000 0 
2028 1.356000 1.107092 1.107092 1.107092 0.000000 0.000000 0.000000 1.356000 1.356000 0.995631 0.995631 0.248908 0.000000 1.000000 1.000000 0.500000 0.000000 0.000000 0 
2029 1.357000 1.108088 1.108088 1.108088 0.000000 0.000000 0.000000 1.357000 1.357000 0.995648 0.995648 0.248912 0.000000 1.000000 1.000000 0.500000 0.000000 0.000000 0 
2030 1.358000 1.109084 1.109084 1.109084 0.000000 0.000000 0.000000 1.358000 1.358000 0.995666 0.995666 0.248916 0.000000 1.000000 1.000000 0.500000 0.000000 0.000000 0 
2031 1.359000 1.110079 1.110079 1.110079 0.000000 0.000000 0.000000 1.359000 1.359000 0.995683 0.995683 0.248921 0.000000 1.000000 1.000000 0.500000 0.000000 0.000000 0 
2032 1.360000 1.111075 1.111075 1.111075 0.000000 0.000000 0.000000 1.360000 1.360000 0.995700 0.995700 0.248925 0.000000 1.000000 1.000000 0.500000 0.000000 0.000000 0 
2033 1.361000 1.112071 1.112071 1.112071 0.000000 0.000000 0.000000 1.361000 1.361000 0.995718 0.995718 0.248929 0.000000 1.000000 1.000000 0.500000 0.000000 0.000000 0 
2034 1.362000 1.113066 1.113066 1.113066 0.000000 0.000000 0.000000 1.362000 1.362000 0.995735 0.995735 0.248934 0.000000 1.000000 1.000000 0.500000 0.000000 0.000000 0 
2035 1.363000 1.114062 1.114062 1.114062 0.000000 0.000000 0.000000 1.363000 1.363000 0.995752 0.995752 0.248938 0.000000 1.000000 1.000000 0.500000 0.000000 0.000000 0 
2036 1.364000 1.115058 1.115058 1.115058 0.000000 0.000000 0.000000 1.364000 1.364000 0.995769 0.995769 0.248942 0.000000 1.000000 1.000000 0.500000 0.000000 0.000000 0 
2037 1.365000 1.116054 1.116054 1.116054 0.000000 0.000000 0.000000 1.365000 1.365000 0.995786 0.995786 0.248946 0.000000 1.000000 1.000000 0.500000 0.000000 0.000000 0 
2038 1.366000 1.117049 1.117049 1.117049 0.000000 0.000000 0.000000 1.366000 1.366000 0.995803 0.995803 0.248951 0.000000 1.000000 1.000000 0.500000 0.000000 0.000000 0 
2039 1.367000 1.118045 1.118045 1.118045 0.000000 0.000000 0.000000 1.367000 1.367000 0.995819 0.995819 0.248955 0.000000 1.000000 1.000000 0.500000 0.000000 0.000000 0 
2040 1.368000 1.119041 1.119041 1.119041 0.000000 0.000000 0.000000 1.368000 1.368000 0.995836 0.995836 0.248959 0.000000 1.000000 1.000000 0.500000 0.000000 0.000000 0 
2041 1.369000 1.120037 1.120037 1.120037 0.000000 0.000000 0.000000 1.369000 1.369000 0.995853 0.995853 0.248963 0.000000 1.000000 1.000000 0.500000 0.000000 0.000000 0 
2042 1.370000 1.121033 1.121033 1.121033 0.000000 0.000000 0.000000 1.370000 1.370000 0.995869 0.995869 0.248967 0.000000 1.000000 1.000000 0.500000 0.000000 0.000000 0 
2043 1.371000 1.122029 1.122029 1.122029 0.000000 0.000000 0.000000 1.371000 1.371000 0.995886 0.995886 0.248971 0.000000 1.000000 1.000000 0.500000 0.000000 0.000000 0 
2044 1.372000 1.123024 1.123024 1.123024 0.000000 0.000000 0.000000 1.372000 1.372000 0.995902 0.995902 0.248976 0.000000 1.000000 1.000000 0.500000 0.000000 0.000000 0 
2045 1.373000 1.124020 1.124020 1.124020 0.000000 0.000000 0.000000 1.373000 1.373000 0.995919 0.995919 0.248980 0.000000 1.000000 1.000000 0.500000 0.000000 0.000000 0 
2046 1.374000 1.125016 1.125016 1.125016 0.000000 0.000000 0.000000 1.374000 1.374000 0.995935 0.995935 0.248984 0.000000 1.000000 1.000000 0.500000 0.000000 0.000000 0 
2047 1.375000 1.126012 1.126012 1.126012 0.000000 0.000000 0.000000 1.375000 1.375000 0.995951 0.995951 0.248988 0.000000 1.000000 1.000000 0.500000 0.000000 0.000000 0 
2048 1.376000 1.127008 1.127008 1.127008 0.000000 0.000000 0.000000 1.376000 1.376000 0.995967 0.995967 0.248992 0.000000 1.000000 1.000000 0.500000 0.000000 0.000000 0 
2049 1.377000 1.128004 1.128004 1.128004 0.000000 0.000000 0.000000 1.377000 1.377000 0.995984 0.995984 0.248996 0.000000 1.000000 1.000000 0.500000 0.000000 0.000000 0 
2050 1.378000 1.129000 1.129000 1.129000 0.000000 0.000000 0.000000 1.378000 1.378000 0.996000 0.996000 0.249000 0.000000 1.000000 1.000000 0.500000 0.000000 0.000000 0 
2051 1.379000 1.129996 1.129996 1.129996 0.000000 0.000000 0.000000 1.379000 1.379000 0.996016 0.996016 0.249004 0.000000 1.000000 1.000000 0.500000 0.000000 0.000000 0 
2052 1.380000 1.130992 1.130992 1.130992 0.000000 0.000000 0.000000 1.380000 1.380000 0.996032 0.996032 0.249008 0.000000 1.000000 1.000000 0.500000 0.000000 0.000000 0 
2053 1.381000 1.131988 1.131988 1.131988 0.000000 0.000000 0.000000 1.381000 1.381000 0.996047 0.996047 0.249012 0.000000 1.000000 1.000000 0.500000 0.000000 0.000000 0 
2054 1.382000 1.132984 1.132984 1.132984 0.000000 0.000000 0.000000 1.382000 1.382000 0.996063 0.996063 0.249016 0.000000 1.000000 1.000000 0.500000 0.000000 0.000000 0 
2055 1.383000 1.133980 1.133980 1.133980 0.000000 0.000000 0.000000 1.383000 1.383000 0.996079 0.996079 0.249020 0.000000 1.000000 1.000000 0.500000 0.000000 0.000000 0 
2056 1.384000 1.134976 1.134976 1.134976 0.000000 0.000000 0.000000 1.384000 1.384000 0.996095 0.996095 0.249024 0.000000 1.000000 1.000000 0.500000 0.000000 0.000000 0 
2057 1.385000 1.135972 1.135972 1.135972 0.000000 0.000000 0.000000 1.385000 1.385000 0.996110 0.996110 0.249028 0.000000 1.000000 1.000000 0.500000 0.000000 0.000000 0 
2058 1.386000 1.136969 1.136969 1.136969 0.000000 0.000000 0.000000 1.386000 1.386000 0.996126 0.996126 0.249031 0.000000 1.000000 1.000000 0.500000 0.000000 0.000000 0 
2059 1.387000 1.137965 1.137965 1.137965 0.000000 0.000000 0.000000 1.387000 1.387000 0.996141 0.996141 0.249035 0.000000 1.000000 1.000000 0.500000 0.000000 0.000000 0 
2060 1.388000 1.138961 1.138961 1.138961 0.000000 0.000000 0.000000 1.388000 1.388000 0.996157 0.996157 0.249039 0.000000 1.000000 1.000000 0.500000 0.000000 0.000000 0 
2061 1.389000 1.139957 1.139957 1.139957 0.000000 0.000000 0.000000 1.389000 1.389000 0.996172 0.996172 0.249043 0.000000 1.000000 1.000000 0.500000 0.000000 0.000000 0 
2062 1.390000 1.140953 1.140953 1.140953 0.000000 0.000000 0.000000 1.390000 1.390000 0.996188 0.996188 0.249047 0.000000 1.000000 1.000000 0.500000 0.000000 0.000000 0 
2063 1.391000 1.141949 1.141949 1.141949 0.000000 0.000000 0.000000 1.391000 1.391000 0.996203 0.996203 0.249051 0.000000 1.000000 1.000000 0.500000 0.000000 0.000000 0 
2064 1.392000 1.142946 1.142946 1.142946 0.000000 0.000000 0.000000 1.392000 1.392000 0.996218 0.996218 0.249054 0.000000 1.000000 1.000000 0.500000 0.000000 0.000000 0 
2065 1.393000 1.143942 1.143942 1.143942 1.120037 0.000000 0.000000 1.393000 1.393000 0.996233 0.996233 0.249058 0.000000 1.000000 1.000000 0.500000 0.000000 0.000000 0 
2066 1.394000 1.144938 1.144938 1.144938 1.120037 0.000000 0.000000 1.394000 1.394000 0.996248 0.996248 0.249062 0.000000 1.000000 1.000000 0.500000 0.000000 0.000000 0 
2067 1.395000 1.145934 1.145934 1.145934 1.120037 0.000000 0.000000 1.395000 1.395000 0.996263 0.996263 0.249066 0.000000 1.000000 1.000000 0.500000 0.000000 0.000000 0 
2068 1.396000 1.146930 1.146930 1.120037 1.120037 -0.026893 -0.013447 1.382553 1.409447 0.942491 1.157639 0.289410 0.000000 1.000000 1.000000 0.500000 0.000000 0.000000 1 
2069 1.397000 1.147873 1.148088 1.120037 1.120037 -0.027836 -0.013918 1.383082 1.410918 0.940836 1.163524 0.290881 0.000000 1.000000 1.000000 0.500000 0.000000 0.000000 1 
2070 1.398000 1.148814 1.149252 1.120037 1.120037 -0.028777 -0.014388 1.383612 1.412388 0.939191 1.169406 0.292351 0.000000 1.000000 1.000000 0.500000 0.000000 0.000000 1 
2071 1.399000 1.149753 1.150421 1.120037 1.120037 -0.029716 -0.014858 1.384142 1.413858 0.937556 1.175284 0.293821 0.000000 1.000000 1.000000 0.500000 0.000000 0.000000 1 
2072 1.400000 1.150691 1.151596 1.120037 1.120037 -0.030654 -0.015327 1.384673 1.415327 0.935931 1.181159 0.295290 0.000000 1.000000 1.000000 0.500000 0.000000 0.000000 1 
2073 1.401000 1.151626 1.152777 1.120037 1.120037 -0.031589 -0.015795 1.385205 1.416795 0.934315 1.187031 0.296758 0.000000 1.000000 1.000000 0.500000 0.000000 0.000000 1 
2074 1.402000 1.152561 1.153965 1.120037 1.120037 -0.032524 -0.016262 1.385738 1.418262 0.932709 1.192900 0.298225 0.000000 1.000000 1.000000 0.500000 0.000000 0.000000 1 
2075 1.403000 1.153494 1.155157 1.120037 1.120037 -0.033457 -0.016728 1.386272 1.419728 0.931113 1.198765 0.299691 0.000000 1.000000 1.000000 0.500000 0.000000 0.000000 1 
2076 1.404000 1.154425 1.156356 1.120037 1.120037 -0.034388 -0.017194 1.386806 1.421194 0.929526 1.204627 0.301157 0.000000 1.000000 1.000000 0.500000 0.000000 0.000000 1 
2077 1.405000 1.155354 1.157561 1.120037 1.120037 -0.035317 -0.017659 1.387341 1.422659 0.927949 1.210486 0.302622 0.000000 1.000000 1.000000 0.500000 0.000000 0.000000 1 
2078 1.406000 1.156282 1.158771 1.120037 1.120037 -0.036245 -0.018123 1.387877 1.424123 0.926381 1.216342 0.304086 0.000000 1.000000 1.000000 0.500000 0.000000 0.000000 1 
2079 1.407000 1.157208 1.159988 1.120037 1.120037 -0.037171 -0.018586 1.388414 1.425586 0.924823 1.222195 0.305549 0.000000 1.000000 1.000000 0.500000 0.000000 0.000000 1 
2080 1.408000 1.158133 1.161210 1.120037 1.120037 -0.038096 -0.019048 1.388952 1.427048 0.923274 1.228045 0.307011 0.000000 1.000000 1.000000 0.500000 0.000000 0.000000 1 
2081 1.409000 1.159057 1.162438 1.120037 1.120037 -0.039020 -0.019510 1.389490 1.428510 0.921735 1.233891 0.308473 0.000000 1.000000 1.000000 0.500000 0.000000 0.000000 1 
2082 1.410000 1.159978 1.163672 1.120037 1.120037 -0.039941 -0.019971 1.390029 1.429971 0.920204 1.239735 0.309934 0.000000 1.000000 1.000000 0.500000 0.000000 0.000000 1 
2083 1.411000 1.160899 1.164912 1.120037 1.120037 -0.040862 -0.020431 1.390569 1.431431 0.918683 1.245575 0.311394 0.000000 1.000000 1.000000 0.500000 0.000000 0.000000 1 
2084 1.412000 1.161817 1.166157 1.120037 1.120037 -0.041780 -0.020890 1.391110 1.432890 0.917171 1.251412 0.312853 0.000000 1.000000 1.000000 0.500000 0.000000 0.000000 1 
2085 1.413000 1.162734 1.167408 1.120037 1.120037 -0.042697 -0.021349 1.391651 1.434349 0.915668 1.257247 0.314312 0.000000 1.000000 1.000000 0.500000 0.000000 0.000000 1 
2086 1.414000 1.163650 1.168666 1.120037 1.120037 -0.043613 -0.021807 1.392193 1.435807 0.914174 1.263078 0.315770 0.000000 1.000000 1.000000 0.500000 0.000000 0.000000 1 
2087 1.415000 1.164564 1.169929 1.120037 1.120037 -0.044527 -0.022264 1.392736 1.437264 0.912689 1.268906 0.317227 0.000000 1.000000 1.000000 0.500000 0.000000 0.000000 1 
2088 1.416000 1.165477 1.171198 1.120037 1.120037 -0.045440 -0.022720 1.393280 1.438720 0.911213 1.274732 0.318683 0.000000 1.000000 1.000000 0.500000 0.000000 0.000000 1 
2089 1.417000 1.166388 1.172472 1.120037 1.120037 -0.046351 -0.023176 1.393824 1.440176 0.909745 1.280554 0.320139 0.000000 1.000000 1.000000 0.500000 0.000000 0.000000 1 
2090 1.418000 1.167298 1.173753 1.120037 1.120037 -0.047261 -0.023630 1.394370 1.441630 0.908287 1.286374 0.321593 0.000000 1.000000 1.000000 0.500000 0.000000 0.000000 1 
2091 1.419000 1.168206 1.175039 1.120037 1.120037 -0.048169 -0.024085 1.394915 1.443085 0.906837 1.292190 0.323048 0.000000 1.000000 1.000000 0.500000 0.000000 0.000000 1 
2092 1.420000 1.169113 1.176332 1.120037 1.120037 -0.049076 -0.024538 1.395462 1.444538 0.905396 1.298004 0.324501 0.000000 1.000000 1.000000 0.500000 0.000000 0.000000 1 
2093 1.421000 1.170018 1.177630 1.120037 1.120037 -0.049981 -0.024991 1.396009 1.445991 0.903964 1.303815 0.325954 0.000000 1.000000 1.000000 0.500000 0.000000 0.000000 1 
2094 1.422000 1.170922 1.178933 1.120037 1.120037 -0.050885 -0.025443 1.396557 1.447443 0.902540 1.309623 0.327406 0.000000 1.000000 1.000000 0.500000 0.000000 0.000000 1 
2095 1.423000 1.171825 1.180243 1.120037 1.120037 -0.051788 -0.025894 1.397106 1.448894 0.901125 1.315428 0.328857 0.000000 1.000000 1.000000 0.500000 0.000000 0.000000 1 
2096 1.424000 1.172726 1.181558 1.120037 1.120037 -0.052689 -0.026345 1.397655 1.450345 0.899718 1.321230 0.330308 0.000000 1.000000 1.000000 0.500000 0.000000 0.000000 1 
2097 1.425000 1.173626 1.182880 1.120037 1.120037 -0.053589 -0.026794 1.398206 1.451794 0.898320 1.327029 0.331757 0.000000 1.000000 1.000000 0.500000 0.000000 0.000000 1 
2098 1.426000 1.174524 1.184207 1.120037 1.120037 -0.054487 -0.027244 1.398756 1.453244 0.896930 1.332826 0.333207 0.000000 1.000000 1.000000 0.500000 0.000000 0.000000 1 
2099 1.427000 1.175421 1.185540 1.120037 1.120037 -0.055384 -0.027692 1.399308 1.454692 0.895548 1.338620 0.334655 0.000000 1.000000 1.000000 0.500000 0.000000 0.000000 1 
2100 1.428000 1.176317 1.186878 1.120037 1.120037 -0.056280 -0.028140 1.399860 1.456140 0.894175 1.344411 0.336103 0.000000 1.000000 1.000000 0.500000 0.000000 0.000000 1 
2101 1.429000 1.177211 1.188223 1.120037 1.120037 -0.057174 -0.028587 1.400413 1.457587 0.892810 1.350199 0.337550 0.000000 1.000000 1.000000 0.500000 0.000000 0.000000 1 
2102 1.430000 1.178104 1.189573 1.120037 1.120037 -0.058067 -0.029033 1.400967 1.459033 0.891453 1.355985 0.338996 0.000000 1.000000 1.000000 0.500000 0.000000 0.000000 1 
2103 1.431000 1.178995 1.190929 1.120037 1.120037 -0.058958 -0.029479 1.401521 1.460479 0.890104 1.361768 0.340442 0.000000 1.000000 1.000000 0.500000 0.000000 0.000000 1 
2104 1.432000 1.179885 1.192291 1.120037 1.120037 -0.059848 -0.029924 1.402076 1.461924 0.888764 1.367548 0.341887 0.000000 1.000000 1.000000 0.500000 0.000000 0.000000 1 
2105 1.433000 1.180774 1.193658 1.120037 1.120037 -0.060737 -0.030368 1.402632 1.463368 0.887431 1.373326 0.343331 0.000000 1.000000 1.000000 0.500000 0.000000 0.000000 1 
2106 1.434000 1.181661 1.195031 1.120037 1.120037 -0.061624 -0.030812 1.403188 1.464812 0.886106 1.379101 0.344775 0.000000 1.000000 1.000000 0.500000 0.000000 0.000000 1 
2107 1.435000 1.182547 1.196410 1.120037 1.120037 -0.062510 -0.031255 1.403745 1.466255 0.884790 1.384873 0.346218 0.000000 1.000000 1.000000 0.500000 0.000000 0.000000 1 
2108 1.436000 1.183432 1.197795 1.120037 1.120037 -0.063395 -0.031698 1.404302 1.467698 0.883481 1.390642 0.347661 0.000000 1.000000 1.000000 0.500000 0.000000 0.000000 1 
2109 1.437000 1.184316 1.199186 1.120037 1.120037 -0.064279 -0.032139 1.404861 1.469139 0.882180 1.396409 0.349102 0.000000 1.000000 1.000000 0.500000 0.000000 0.000000 1 
2110 1.438000 1.185198 1.200582 1.120037 1.120037 -0.065161 -0.032580 1.405420 1.470580 0.880887 1.402174 0.350543 0.000000 1.000000 1.000000 0.500000 0.000000 0.000000 1 
2111 1.439000 1.186079 1.201985 1.120037 1.120037 -0.066042 -0.033021 1.405979 1.472021 0.879602 1.407935 0.351984 0.000000 1.000000 1.000000 0.500000 0.000000 0.000000 1 
2112 1.440000 1.186958 1.203393 1.120037 1.120037 -0.066921 -0.033461 1.406539 1.473461 0.878324 1.413695 0.353424 0.000000 1.000000 1.000000 0.500000 0.000000 0.000000 1 
2113 1.441000 1.187837 1.204806 1.120037 1.120037 -0.067800 -0.033900 1.407100 1.474900 0.877054 1.419451 0.354863 0.000000 1.000000 1.000000 0.500000 0.000000 0.000000 1 
2114 1.442000 1.188714 1.206226 1.120037 1.120037 -0.068677 -0.034338 1.407662 1.476338 0.875792 1.425205 0.356301 0.000000 1.000000 1.000000 0.500000 0.000000 0.000000 1 
2115 1.443000 1.189589 1.207651 1.120037 1.120037 -0.069552 -0.034776 1.408224 1.477776 0.874537 1.430957 0.357739 0.000000 1.000000 1.000000 0.500000 0.000000 0.000000 1 
2116 1.444000 1.190464 1.209082 1.120037 1.120037 -0.070427 -0.035214 1.408786 1.479214 0.873290 1.436706 0.359177 0.000000 1.000000 1.000000 0.500000 0.000000 0.000000 1 
2117 1.445000 1.191337 1.210519 1.120037 1.120037 -0.071300 -0.035650 1.409350 1.480650 0.872050 1.442453 0.360613 0.000000 1.000000 1.000000 0.500000 0.000000 0.000000 1 
2118 1.446000 1.192209 1.211961 1.120037 1.120037 -0.072172 -0.036086 1.409914 1.482086 0.870818 1.448197 0.362049 0.000000 1.000000 1.000000 0.500000 0.000000 0.000000 1 
2119 1.447000 1.193080 1.213409 1.120037 1.120037 -0.073043 -0.036522 1.410478 1.483522 0.869593 1.453938 0.363485 0.000000 1.000000 1.000000 0.500000 0.000000 0.000000 1 
2120 1.448000 1.193950 1.214863 1.120037 1.120037 -0.073913 -0.036956 1.411044 1.484956 0.868375 1.459678 0.364919 0.000000 1.000000 1.000000 0.500000 0.000000 0.000000 1 
2121 1.449000 1.194818 1.216323 1.120037 1.120037 -0.074781 -0.037391 1.411609 1.486391 0.867165 1.465414 0.366354 0.000000 1.000000 1.000000 0.500000 0.000000 0.000000 1 
2122 1.450000 1.195685 1.217788 1.120037 1.120037 -0.075648 -0.037824 1.412176 1.487824 0.865962 1.471149 0.367787 0.000000 1.000000 1.000000 0.500000 0.000000 0.000000 1 
2123 1.451000 1.196551 1.219259 1.120037 1.120037 -0.076514 -0.038257 1.412743 1.489257 0.864766 1.476881 0.369220 0.000000 1.000000 1.000000 0.500000 0.000000 0.000000 1 
2124 1.452000 1.197416 1.220736 1.120037 1.120037 -0.077379 -0.038690 1.413310 1.490690 0.863578 1.482610 0.370653 0.000000 1.000000 1.000000 0.500000 0.000000 0.000000 1 
2125 1.453000 1.198280 1.222219 1.120037 1.120037 -0.078243 -0.039121 1.413879 1.492121 0.862396 1.488337 0.372084 0.000000 1.000000 1.000000 0.500000 0.000000 0.000000 1 
2126 1.454000 1.199142 1.223707 1.120037 1.120037 -0.079105 -0.039553 1.414447 1.493553 0.861222 1.494062 0.373516 0.000000 1.000000 1.000000 0.500000 0.000000 0.000000 1 
2127 1.455000 1.200003 1.225201 1.120037 1.120037 -0.079966 -0.039983 1.415017 1.494983 0.860055 1.499784 0.374946 0.000000 1.000000 1.000000 0.500000 0.000000 0.000000 1 
2128 1.456000 1.200863 1.226701 1.120037 1.120037 -0.080826 -0.040413 1.415587 1.496413 0.858894 1.505505 0.376376 0.000000 1.000000 1.000000 0.500000 0.000000 0.000000 1 
2129 1.457000 1.201722 1.228207 1.120037 1.120037 -0.081685 -0.040843 1.416157 1.497843 0.857741 1.511222 0.377806 0.000000 1.000000 1.000000 0.500000 0.000000 0.000000 1 
2130 1.458000 1.202580 1.229718 1.120037 1.120037 -0.082543 -0.041271 1.416729 1.499271 0.856595 1.516938 0.379234 0.000000 1.000000 1.000000 0.500000 0.000000 0.000000 1 
2131 1.459000 1.203437 1.231235 1.120037 1.120037 -0.083400 -0.041700 1.417300 1.500700 0.855455 1.522651 0.380663 0.000000 1.000000 1.000000 0.500000 0.000000 0.000000 1 
2132 1.460000 1.204292 1.232757 1.120037 1.120037 -0.084255 -0.042127 1.417873 1.502127 0.854322 1.528362 0.382090 2.000000 1.000000 1.000000 0.500000 0.000000 0.000000 1 
2133 1.461000 1.205146 1.234286 1.120037 1.120037 -0.085109 -0.042555 1.418445 1.503555 0.853196 1.534071 0.383518 2.000000 1.000000 1.000000 0.500000 0.000000 0.000000 1 
2134 1.462000 1.205999 1.235820 1.120037 1.120037 -0.085962 -0.042981 1.419019 1.504981 0.852077 1.539777 0.384944 2.000000 1.000000 1.000000 0.500000 0.000000 0.000000 1 
2135 1.463000 1.206852 1.237360 1.120037 1.120037 -0.086815 -0.043407 1.419593 1.506407 0.850965 1.545481 0.386370 2.000000 1.000000 1.000000 0.500000 0.000000 0.000000 1 
2136 1.464000 1.207703 1.238905 1.120037 1.120037 -0.087666 -0.043833 1.420167 1.507833 0.849859 1.551183 0.387796 2.000000 1.000000 1.000000 0.500000 0.000000 0.000000 1 
2137 1.465000 1.208552 1.240456 1.120037 1.120037 -0.088515 -0.044258 1.420742 1.509258 0.848760 1.556883 0.389221 2.000000 1.000000 1.000000 0.500000 0.000000 0.000000 1 
2138 1.466000 1.209401 1.242013 1.120037 1.120037 -0.089364 -0.044682 1.421318 1.510682 0.847667 1.562580 0.390645 2.000000 1.000000 1.000000 0.500000 0.000000 0.000000 1 
2139 1.467000 1.210249 1.243576 1.120037 1.120037 -0.090212 -0.045106 1.421894 1.512106 0.846581 1.568276 0.392069 2.000000 1.000000 1.000000 0.500000 0.000000 0.000000 1 
2140 1.468000 1.211095 1.245144 1.120037 1.120037 -0.091058 -0.045529 1.422471 1.513529 0.845502 1.573969 0.393492 2.000000 1.000000 1.000000 0.500000 0.000000 0.000000 1 
2141 1.469000 1.211941 1.246718 1.120037 1.120037 -0.091904 -0.045952 1.423048 1.514952 0.844429 1.579660 0.394915 2.000000 1.000000 1.000000 0.500000 0.000000 0.000000 1 
2142 1.470000 1.212785 1.248298 1.120037 1.120037 -0.092748 -0.046374 1.423626 1.516374 0.843362 1.585349 0.396337 2.000000 1.000000 1.000000 0.500000 0.000000 0.000000 1 
2143 1.471000 1.213629 1.249883 1.120037 1.120037 -0.093592 -0.046796 1.424204 1.517796 0.842302 1.591035 0.397759 2.000000 1.000000 1.000000 0.500000 0.000000 0.000000 1 
2144 1.472000 1.214471 1.251474 1.120037 1.120037 -0.094434 -0.047217 1.424783 1.519217 0.841248 1.596720 0.399180 2.000000 1.000000 1.000000 0.500000 0.000000 0.000000 1 
2145 1.473000 1.215312 1.253071 1.120037 1.120037 -0.095275 -0.047638 1.425362 1.520638 0.840201 1.602402 0.400601 2.000000 1.000000 1.000000 0.500000 0.000000 0.000000 1 
2146 1.474000 1.216152 1.254673 1.120037 1.120037 -0.096115 -0.048058 1.425942 1.522058 0.839159 1.608083 0.402021 2.000000 1.000000 1.000000 0.500000 0.000000 0.000000 1 
2147 1.475000 1.216992 1.256281 1.120037 1.120037 -0.096955 -0.048477 1.426523 1.523477 0.838124 1.613761 0.403440 2.000000 1.000000 1.000000 0.500000 0.000000 0.000000 1 
2148 1.476000 1.217830 1.257895 1.120037 1.120037 -0.097793 -0.048896 1.427104 1.524896 0.837096 1.619437 0.404859 2.000000 1.000000 1.000000 0.500000 0.000000 0.000000 1 
2149 1.477000 1.218667 1.259514 1.120037 1.120037 -0.098630 -0.049315 1.427685 1.526315 0.836073 1.625112 0.406278 2.000000 1.000000 1.000000 0.500000 0.000000 0.000000 1 
2150 1.478000 1.219503 1.261139 1.120037 1.120037 -0.099466 -0.049733 1.428267 1.527733 0.835057 1.630784 0.407696 2.000000 1.000000 1.000000 0.500000 0.000000 0.000000 1 
2151 1.479000 1.220338 1.262770 1.120037 1.120037 -0.100301 -0.050150 1.428850 1.529150 0.834046 1.636454 0.409113 2.000000 1.000000 1.000000 0.500000 0.000000 0.000000 1 
2152 1.480000 1.221172 1.264407 1.120037 1.120037 -0.101135 -0.050567 1.429433 1.530567 0.833042 1.642122 0.410530 2.000000 1.000000 1.000000 0.500000 0.000000 0.000000 1 
2153 1.481000 1.222005 1.266049 1.120037 1.120037 -0.101968 -0.050984 1.430016 1.531984 0.832044 1.647788 0.411947 2.000000 1.000000 1.000000 0.500000 0.000000 0.000000 1 
2154 1.482000 1.222837 1.267697 1.120037 1.120037 -0.102800 -0.051400 1.430600 1.533400 0.831052 1.653452 0.413363 2.000000 1.000000 1.000000 0.500000 0.000000 0.000000 1 
2155 1.483000 1.223668 1.269350 1.120037 1.120037 -0.103631 -0.051816 1.431184 1.534816 0.830065 1.659114 0.414779 2.000000 1.000000 1.000000 0.500000 0.000000 0.000000 1 
2156 1.484000 1.224498 1.271009 1.120037 1.120037 -0.104461 -0.052231 1.431769 1.536231 0.829085 1.664774 0.416194 2.000000 1.000000 1.000000 0.500000 0.000000 0.000000 1 
2157 1.485000 1.225327 1.272674 1.120037 1.120037 -0.105290 -0.052645 1.432355 1.537645 0.828110 1.670433 0.417608 2.000000 1.000000 1.000000 0.500000 0.000000 0.000000 1 
2158 1.486000 1.226155 1.274344 1.120037 1.120037 -0.106118 -0.053059 1.432941 1.539059 0.827142 1.676089 0.419022 2.000000 1.000000 1.000000 0.500000 0.000000 0.000000 1 
2159 1.487000 1.226983 1.276020 1.120037 1.120037 -0.106946 -0.053473 1.433527 1.540473 0.826179 1.681743 0.420436 2.000000 1.000000 1.000000 0.500000 0.000000 0.000000 1 
2160 1.488000 1.227809 1.277702 1.120037 1.120037 -0.107772 -0.053886 1.434114 1.541886 0.825222 1.687395 0.421849 2.000000 1.000000 1.000000 0.500000 0.000000 0.000000 1 
2161 1.489000 1.228634 1.279390 1.120037 1.120037 -0.108597 -0.054298 1.434702 1.543298 0.824270 1.693046 0.423261 2.000000 1.000000 1.000000 0.500000 0.000000 0.000000 1 
2162 1.490000 1.229458 1.281083 1.120037 1.120037 -0.109421 -0.054711 1.435289 1.544711 0.823325 1.698694 0.424674 2.000000 1.000000 1.000000 0.500000 0.000000 0.000000 1 
2163 1.491000 1.230282 1.282781 1.120037 1.120037 -0.110245 -0.055122 1.435878 1.546122 0.822385 1.704341 0.426085 2.000000 1.000000 1.000000 0.500000 0.000000 0.000000 1 
2164 1.492000 1.231104 1.284486 1.120037 1.120037 -0.111067 -0.055533 1.436467 1.547533 0.821451 1.709986 0.427496 2.000000 1.000000 1.000000 0.500000 0.000000 0.000000 1 
2165 1.493000 1.231925 1.286196 1.120037 1.120037 -0.111888 -0.055944 1.437056 1.548944 0.820522 1.715629 0.428907 2.000000 1.000000 1.000000 0.500000 0.000000 0.000000 1 
2166 1.494000 1.232746 1.287911 1.120037 1.120037 -0.112709 -0.056354 1.437646 1.550354 0.819599 1.721270 0.430317 2.000000 1.000000 1.000000 0.500000 0.000000 0.000000 1 
2167 1.495000 1.233565 1.289633 1.120037 1.120037 -0.113528 -0.056764 1.438236 1.551764 0.818681 1.726909 0.431727 2.000000 1.000000 1.000000 0.500000 0.000000 0.000000 1 
2168 1.496000 1.234384 1.291360 1.120037 1.120037 -0.114347 -0.057174 1.438826 1.553174 0.817769 1.732546 0.433137 2.000000 1.000000 1.000000 0.500000 0.000000 0.000000 1 
2169 1.497000 1.235202 1.293092 1.120037 1.120037 -0.115165 -0.057582 1.439418 1.554582 0.816862 1.738182 0.434545 2.000000 1.000000 1.000000 0.500000 0.000000 0.000000 1 
2170 1.498000 1.236019 1.294830 1.120037 1.120037 -0.115982 -0.057991 1.440009 1.555991 0.815961 1.743816 0.435954 2.000000 1.000000 1.000000 0.500000 0.000000 0.000000 1 
2171 1.499000 1.236835 1.296574 1.120037 1.120037 -0.116798 -0.058399 1.440601 1.557399 0.815065 1.749448 0.437362 2.000000 1.000000 1.000000 0.500000 0.000000 0.000000 1 
2172 1.500000 1.237650 1.298324 1.120037 1.120037 -0.117613 -0.058806 1.441194 1.558806 0.814175 1.755078 0.438769 2.000000 1.000000 1.000000 0.500000 0.000000 0.000000 1 
2173 1.501000 1.238464 1.300079 1.120037 1.120037 -0.118427 -0.059213 1.441787 1.560213 0.813290 1.760706 0.440176 2.000000 1.000000 1.000000 0.500000 0.000000 0.000000 1 
2174 1.502000 1.239277 1.301839 1.120037 1.120037 -0.119240 -0.059620 1.442380 1.561620 0.812410 1.766333 0.441583 2.000000 1.000000 1.000000 0.500000 0.000000 0.000000 1 
2175 1.503000 1.240090 1.303606 1.120037 1.120037 -0.120053 -0.060026 1.442974 1.563026 0.811536 1.771957 0.442989 2.000000 1.000000 1.000000 0.500000 0.000000 0.000000 1 
2176 1.504000 1.240901 1.305378 1.120037 1.120037 -0.120864 -0.060432 1.443568 1.564432 0.810667 1.777580 0.444395 2.000000 1.000000 1.000000 0.500000 0.000000 0.000000 1 
2177 1.505000 1.241712 1.307155 1.120037 1.120037 -0.121675 -0.060837 1.444163 1.565837 0.809803 1.783202 0.445800 2.000000 1.000000 1.000000 0.500000 0.000000 0.000000 1 
2178 1.506000 1.242522 1.308938 1.120037 1.120037 -0.122485 -0.061242 1.444758 1.567242 0.808944 1.788821 0.447205 2.000000 1.000000 1.000000 0.500000 0.000000 0.000000 1 
2179 1.507000 1.243331 1.310727 1.120037 1.120037 -0.123294 -0.061647 1.445353 1.568647 0.808090 1.794439 0.448610 2.000000 1.000000 1.000000 0.500000 0.000000 0.000000 1 
2180 1.508000 1.244139 1.312522 1.120037 1.120037 -0.124102 -0.062051 1.445949 1.570051 0.807242 1.800055 0.450014 2.000000 1.000000 1.000000 0.500000 0.000000 0.000000 1 
2181 1.509000 1.244946 1.314322 1.120037 1.120037 -0.124909 -0.062454 1.446546 1.571454 0.806398 1.805670 0.451417 2.000000 1.000000 1.000000 0.500000 0.000000 0.000000 1 
2182 1.510000 1.245752 1.316127 1.120037 1.120037 -0.125715 -0.062858 1.447142 1.572858 0.805560 1.811283 0.452821 2.000000 1.000000 1.000000 0.500000 0.000000 0.000000 1 
2183 1.511000 1.246558 1.317939 1.120037 1.120037 -0.126521 -0.063260 1.447740 1.574260 0.804726 1.816894 0.454223 2.000000 1.000000 1.000000 0.500000 0.000000 0.000000 1 
2184 1.512000 1.247363 1.319756 1.120037 1.120037 -0.127326 -0.063663 1.448337 1.575663 0.803898 1.822503 0.455626 2.000000 1.000000 1.000000 0.500000 0.000000 0.000000 1 
2185 1.513000 1.248167 1.321578 1.120037 1.120037 -0.128130 -0.064065 1.448935 1.577065 0.803075 1.828111 0.457028 2.000000 1.000000 1.000000 0.500000 0.000000 0.000000 1 
2186 1.514000 1.248970 1.323406 1.120037 1.120037 -0.128933 -0.064466 1.449534 1.578466 0.802256 1.833717 0.458429 2.000000 1.000000 1.000000 0.500000 0.000000 0.000000 1 
2187 1.515000 1.249772 1.325240 1.120037 1.120037 -0.129735 -0.064867 1.450133 1.579867 0.801443 1.839322 0.459830 2.000000 1.000000 1.000000 0.500000 0.000000 0.000000 1 
2188 1.516000 1.250573 1.327079 1.120037 1.120037 -0.130536 -0.065268 1.450732 1.581268 0.800634 1.844925 0.461231 2.000000 1.000000 1.000000 0.500000 0.000000 0.000000 1 
2189 1.517000 1.251374 1.328924 1.120037 1.120037 -0.131337 -0.065668 1.451332 1.582668 0.799830 1.850526 0.462631 2.000000 1.000000 1.000000 0.500000 0.000000 0.000000 1 
2190 1.518000 1.252174 1.330775 1.120037 1.120037 -0.132137 -0.066068 1.451932 1.584068 0.799031 1.856126 0.464031 2.000000 1.000000 1.000000 0.500000 0.000000 0.000000 1 
2191 1.519000 1.252973 1.332631 1.120037 1.120037 -0.132936 -0.066468 1.452532 1.585468 0.798237 1.861724 0.465431 2.000000 1.000000 1.000000 0.500000 0.000000 0.000000 1 
2192 1.520000 1.253771 1.334492 1.120037 1.120037 -0.133734 -0.066867 1.453133 1.586867 0.797448 1.867320 0.466830 2.000000 1.000000 1.000000 0.500000 0.000000 0.000000 1 
2193 1.521000 1.254569 1.336360 1.120037 1.120037 -0.134532 -0.067266 1.453734 1.588266 0.796663 1.872915 0.468229 2.000000 1.000000 1.000000 0.500000 0.000000 0.000000 1 
2194 1.522000 1.255365 1.338233 1.120037 1.120037 -0.135328 -0.067664 1.454336 1.589664 0.795883 1.878508 0.469627 2.000000 1.000000 1.000000 0.500000 0.000000 0.000000 1 
2195 1.523000 1.256161 1.340111 1.120037 1.120037 -0.136124 -0.068062 1.454938 1.591062 0.795108 1.884100 0.471025 2.000000 1.000000 1.000000 0.500000 0.000000 0.000000 1 
2196 1.524000 1.256956 1.341995 1.120037 1.120037 -0.136919 -0.068460 1.455540 1.592460 0.794337 1.889690 0.472423 2.000000 1.000000 1.000000 0.500000 0.000000 0.000000 1 
2197 1.525000 1.257751 1.343885 1.120037 1.120037 -0.137714 -0.068857 1.456143 1.593857 0.793571 1.895279 0.473820 2.000000 1.000000 1.000000 0.500000 0.000000 0.000000 1 
2198 1.526000 1.258544 1.345780 1.120037 1.120037 -0.138507 -0.069254 1.456746 1.595254 0.792810 1.900866 0.475217 2.000000 1.000000 1.000000 0.500000 0.000000 0.000000 1 
2199 1.527000 1.259337 1.347681 1.120037 1.120037 -0.139300 -0.069650 1.457350 1.596650 0.792053 1.906452 0.476613 2.000000 1.000000 1.000000 0.500000 0.000000 0.000000 1 
2200 1.528000 1.260129 1.349588 1.120037 1.120037 -0.140092 -0.070046 1.457954 1.598046 0.791300 1.912036 0.478009 2.000000 1.000000 1.000000 0.500000 0.000000 0.000000 1 
2201 1.529000 1.260920 1.351500 1.120037 1.120037 -0.140883 -0.070442 1.458558 1.599442 0.790553 1.917618 0.479405 2.000000 1.000000 1.000000 0.500000 0.000000 0.000000 1 
2202 1.530000 1.261711 1.353417 1.120037 1.120037 -0.141674 -0.070837 1.459163 1.600837 0.789809 1.923200 0.480800 2.000000 1.000000 1.000000 0.500000 0.000000 0.000000 1 
2203 1.531000 1.262501 1.355340 1.120037 1.120037 -0.142464 -0.071232 1.459768 1.602232 0.789070 1.928779 0.482195 2.000000 1.000000 1.000000 0.500000 0.000000 0.000000 1 
2204 1.532000 1.263290 1.357269 1.120037 1.120037 -0.143253 -0.071626 1.460374 1.603626 0.788336 1.934357 0.483589 2.000000 1.000000 1.000000 0.500000 0.000000 0.000000 1 
2205 1.533000 1.264078 1.359204 1.120037 1.120037 -0.144041 -0.072021 1.460979 1.605021 0.787606 1.939934 0.484984 2.000000 1.000000 1.000000 0.500000 0.000000 0.000000 1 
2206 1.534000 1.264866 1.361144 1.120037 1.120037 -0.144829 -0.072414 1.461586 1.606414 0.786880 1.945509 0.486377 2.000000 1.000000 1.000000 0.500000 0.000000 0.000000 1 
2207 1.535000 1.265652 1.363089 1.120037 1.120037 -0.145615 -0.072808 1.462192 1.607808 0.786159 1.951083 0.487771 2.000000 1.000000 1.000000 0.500000 0.000000 0.000000 1 
2208 1.536000 1.266439 1.365040 1.120037 1.120037 -0.146402 -0.073201 1.462799 1.609201 0.785442 1.956655 0.489164 2.000000 1.000000 1.000000 0.500000 0.000000 0.000000 1 
2209 1.537000 1.267224 1.366997 1.120037 1.120037 -0.147187 -0.073594 1.463406 1.610594 0.784729 1.962226 0.490557 2.000000 1.000000 1.000000 0.500000 0.000000 0.000000 1 
2210 1.538000 1.268009 1.368959 1.120037 1.120037 -0.147972 -0.073986 1.464014 1.611986 0.784021 1.967796 0.491949 2.000000 1.000000 1.000000 0.500000 0.000000 0.000000 1 
2211 1.539000 1.268793 1.370927 1.120037 1.120037 -0.148756 -0.074378 1.464622 1.613378 0.783317 1.973364 0.493341 2.000000 1.000000 1.000000 0.500000 0.000000 0.000000 1 
2212 1.540000 1.269576 1.372900 1.120037 1.120037 -0.149539 -0.074770 1.465230 1.614770 0.782617 1.978930 0.494733 2.000000 1.000000 1.000000 0.500000 0.000000 0.000000 1 
2213 1.541000 1.270359 1.374879 1.120037 1.120037 -0.150322 -0.075161 1.465839 1.616161 0.781921 1.984496 0.496124 2.000000 1.000000 1.000000 0.500000 0.000000 0.000000 1 
2214 1.542000 1.271141 1.376864 1.120037 1.120037 -0.151104 -0.075552 1.466448 1.617552 0.781230 1.990059 0.497515 2.000000 1.000000 1.000000 0.500000 0.000000 0.000000 1 
2215 1.543000 1.271922 1.378854 1.120037 1.120037 -0.151885 -0.075942 1.467058 1.618942 0.780542 1.995622 0.498905 2.000000 1.000000 1.000000 0.500000 0.000000 0.000000 1 
2216 1.544000 1.272702 1.380849 1.120037 1.120037 -0.152665 -0.076333 1.467667 1.620333 0.779859 2.001183 0.500296 2.000000 1.000000 1.000000 0.500000 0.000000 0.000000 1 
2217 1.545000 1.273482 1.382850 1.120037 1.120037 -0.153445 -0.076723 1.468277 1.621723 0.779180 2.006743 0.501686 2.000000 1.000000 1.000000 0.500000 0.000000 0.000000 1 
2218 1.546000 1.274262 1.384857 1.120037 1.120037 -0.154225 -0.077112 1.468888 1.623112 0.778505 2.012301 0.503075 2.000000 1.000000 1.000000 0.500000 0.000000 0.000000 1 
2219 1.547000 1.275040 1.386869 1.120037 1.120037 -0.155003 -0.077502 1.469498 1.624502 0.777834 2.017858 0.504465 2.000000 1.000000 1.000000 0.500000 0.000000 0.000000 1 
2220 1.548000 1.275818 1.388887 1.120037 1.120037 -0.155781 -0.077890 1.470110 1.625890 0.777167 2.023414 0.505853 2.000000 1.000000 1.000000 0.500000 0.000000 0.000000 1 
2221 1.549000 1.276595 1.390911 1.120037 1.120037 -0.156558 -0.078279 1.470721 1.627279 0.776504 2.028968 0.507242 2.000000 1.000000 1.000000 0.500000 0.000000 0.000000 1 
2222 1.550000 1.277372 1.392940 1.120037 1.120037 -0.157335 -0.078667 1.471333 1.628667 0.775845 2.034521 0.508630 2.000000 1.000000 1.000000 0.500000 0.000000 0.000000 1 
2223 1.551000 1.278147 1.394974 1.120037 1.120037 -0.158110 -0.079055 1.471945 1.630055 0.775190 2.040073 0.510018 2.000000 1.000000 1.000000 0.500000 0.000000 0.000000 1 
2224 1.552000 1.278923 1.397014 1.120037 1.120037 -0.158886 -0.079443 1.472557 1.631443 0.774539 2.045623 0.511406 2.000000 1.000000 1.000000 0.500000 0.000000 0.000000 1 
2225 1.553000 1.279697 1.399060 1.120037 1.120037 -0.159660 -0.079830 1.473170 1.632830 0.773891 2.051172 0.512793 2.000000 1.000000 1.000000 0.500000 0.000000 0.000000 1 
2226 1.554000 1.280471 1.401111 1.120037 1.120037 -0.160434 -0.080217 1.473783 1.634217 0.773248 2.056720 0.514180 2.000000 1.000000 1.000000 0.500000 0.000000 0.000000 1 
2227 1.555000 1.281244 1.403168 1.120037 1.120037 -0.161207 -0.080604 1.474396 1.635604 0.772609 2.062266 0.515567 2.000000 1.000000 1.000000 0.500000 0.000000 0.000000 1 
2228 1.556000 1.282017 1.405230 1.120037 1.120037 -0.161980 -0.080990 1.475010 1.636990 0.771973 2.067812 0.516953 2.000000 1.000000 1.000000 0.500000 0.000000 0.000000 1 
2229 1.557000 1.282789 1.407298 1.120037 1.120037 -0.162752 -0.081376 1.475624 1.638376 0.771341 2.073356 0.518339 2.000000 1.000000 1.000000 0.500000 0.000000 0.000000 1 
2230 1.558000 1.283560 1.409371 1.120037 1.120037 -0.163523 -0.081762 1.476238 1.639762 0.770713 2.078898 0.519725 2.000000 1.000000 1.000000 0.500000 0.000000 0.000000 1 
2231 1.559000 1.284331 1.411450 1.120037 1.120037 -0.164294 -0.082147 1.476853 1.641147 0.770089 2.084440 0.521110 2.000000 1.000000 1.000000 0.500000 0.000000 0.000000 1 
2232 1.560000 1.285101 1.413535 1.120037 1.120037 -0.165064 -0.082532 1.477468 1.642532 0.769468 2.089980 0.522495 2.000000 1.000000 1.000000 0.500000 0.000000 0.000000 1 
2233 1.561000 1.285870 1.415625 1.120037 1.120037 -0.165833 -0.082917 1.478083 1.643917 0.768851 2.095519 0.523880 2.000000 1.000000 1.000000 0.500000 0.000000 0.000000 1 
2234 1.562000 1.286639 1.417720 1.120037 1.120037 -0.166602 -0.083301 1.478699 1.645301 0.768238 2.101057 0.525264 2.000000 1.000000 1.000000 0.500000 0.000000 0.000000 1 
2235 1.563000 1.287408 1.419821 1.120037 1.120037 -0.167371 -0.083685 1.479315 1.646685 0.767629 2.106593 0.526648 2.000000 1.000000 1.000000 0.500000 0.000000 0.000000 1 
2236 1.564000 1.288175 1.421928 1.120037 1.120037 -0.168138 -0.084069 1.479931 1.648069 0.767023 2.112128 0.528032 2.000000 1.000000 1.000000 0.500000 0.000000 0.000000 1 
2237 1.565000 1.288942 1.424040 1.120037 1.120037 -0.168905 -0.084453 1.480547 1.649453 0.766421 2.117662 0.529416 2.000000 1.000000 1.000000 0.500000 0.000000 0.000000 1 
2238 1.566000 1.289709 1.426158 1.120037 1.120037 -0.169672 -0.084836 1.481164 1.650836 0.765822 2.123195 0.530799 2.000000 1.000000 1.000000 0.500000 0.000000 0.000000 1 
2239 1.567000 1.290474 1.428281 1.120037 1.120037 -0.170437 -0.085219 1.481781 1.652219 0.765228 2.128727 0.532182 2.000000 1.000000 1.000000 0.500000 0.000000 0.000000 1 
2240 1.568000 1.291240 1.430409 1.120037 1.120037 -0.171203 -0.085601 1.482399 1.653601 0.764636 2.134257 0.533564 2.000000 1.000000 1.000000 0.500000 0.000000 0.000000 1 
2241 1.569000 1.292004 1.432544 1.120037 1.120037 -0.171967 -0.085984 1.483016 1.654984 0.764048 2.139787 0.534947 2.000000 1.000000 1.000000 0.500000 0.000000 0.000000 1 
2242 1.570000 1.292768 1.434684 1.120037 1.120037 -0.172731 -0.086366 1.483634 1.656366 0.763464 2.145315 0.536329 2.000000 1.000000 1.000000 0.500000 0.000000 0.000000 1 
2243 1.571000 1.293532 1.436829 1.120037 1.120037 -0.173495 -0.086747 1.484253 1.657747 0.762883 2.150842 0.537710 2.000000 1.000000 1.000000 0.500000 0.000000 0.000000 1 
2244 1.572000 1.294295 1.438980 1.120037 1.120037 -0.174258 -0.087129 1.484871 1.659129 0.762306 2.156367 0.539092 2.000000 1.000000 1.000000 0.500000 0.000000 0.000000 1 
2245 1.573000 1.295057 1.441136 1.120037 1.120037 -0.175020 -0.087510 1.485490 1.660510 0.761732 2.161892 0.540473 2.000000 1.000000 1.000000 0.500000 0.000000 0.000000 1 
2246 1.574000 1.295819 1.443298 1.120037 1.120037 -0.175782 -0.087891 1.486109 1.661891 0.761162 2.167415 0.541854 2.000000 1.000000 1.000000 0.500000 0.000000 0.000000 1 
2247 1.575000 1.296580 1.445465 1.120037 1.120037 -0.176543 -0.088271 1.486729 1.663271 0.760595 2.172938 0.543234 2.000000 1.000000 1.000000 0.500000 0.000000 0.000000 1 
2248 1.576000 1.297340 1.447638 1.120037 1.120037 -0.177303 -0.088652 1.487348 1.664652 0.760031 2.178459 0.544615 2.000000 1.000000 1.000000 0.500000 0.000000 0.000000 1 
2249 1.577000 1.298100 1.449817 1.120037 1.120037 -0.178063 -0.089032 1.487968 1.666032 0.759471 2.183979 0.545995 2.000000 1.000000 1.000000 0.500000 0.000000 0.000000 1 
2250 1.578000 1.298860 1.452001 1.120037 1.120037 -0.178823 -0.089411 1.488589 1.667411 0.758914 2.189498 0.547374 2.000000 1.000000 1.000000 0.500000 0.000000 0.000000 1 
2251 1.579000 1.299619 1.454190 1.120037 1.120037 -0.179582 -0.089791 1.489209 1.668791 0.758361 2.195016 0.548754 2.000000 1.000000 1.000000 0.500000 0.000000 0.000000 1 
2252 1.580000 1.300377 1.456385 1.120037 1.120037 -0.180340 -0.090170 1.489830 1.670170 0.757811 2.200532 0.550133 2.000000 1.000000 1.000000 0.500000 0.000000 0.000000 1 
2253 1.581000 1.301135 1.458586 1.120037 1.120037 -0.181098 -0.090549 1.490451 1.671549 0.757264 2.206048 0.551512 2.000000 1.000000 1.000000 0.500000 0.000000 0.000000 1 
2254 1.582000 1.301892 1.460792 1.120037 1.120037 -0.181855 -0.090928 1.491072 1.672928 0.756720 2.211563 0.552891 2.000000 1.000000 1.000000 0.500000 0.000000 0.000000 1 
2255 1.583000 1.302649 1.463003 1.120037 1.120037 -0.182612 -0.091306 1.491694 1.674306 0.756180 2.217076 0.554269 2.000000 1.000000 1.000000 0.500000 0.000000 0.000000 1 
2256 1.584000 1.303405 1.465220 1.120037 1.120037 -0.183368 -0.091684 1.492316 1.675684 0.755643 2.222588 0.555647 2.000000 1.000000 1.000000 0.500000 0.000000 0.000000 1 
2257 1.585000 1.304161 1.467443 1.120037 1.120037 -0.184124 -0.092062 1.492938 1.677062 0.755109 2.228100 0.557025 2.000000 1.000000 1.000000 0.500000 0.000000 0.000000 1 
2258 1.586000 1.304916 1.469671 1.120037 1.120037 -0.184879 -0.092439 1.493561 1.678439 0.754578 2.233610 0.558402 2.000000 1.000000 1.000000 0.500000 0.000000 0.000000 1 
2259 1.587000 1.305671 1.471905 1.120037 1.120037 -0.185634 -0.092817 1.494183 1.679817 0.754051 2.239119 0.559780 2.000000 1.000000 1.000000 0.500000 0.000000 0.000000 1 
2260 1.588000 1.306425 1.474144 1.120037 1.120037 -0.186388 -0.093194 1.494806 1.681194 0.753526 2.244627 0.561157 2.000000 1.000000 1.000000 0.500000 0.000000 0.000000 1 
2261 1.589000 1.307178 1.476389 1.120037 1.120037 -0.187141 -0.093571 1.495429 1.682571 0.753005 2.250134 0.562534 2.000000 1.000000 1.000000 0.500000 0.000000 0.000000 1 
2262 1.590000 1.307931 1.478639 1.120037 1.120037 -0.187894 -0.093947 1.496053 1.683947 0.752487 2.255640 0.563910 2.000000 1.000000 1.000000 0.500000 0.000000 0.000000 1 
2263 1.591000 1.308684 1.480894 1.120037 1.120037 -0.188647 -0.094323 1.496677 1.685323 0.751972 2.261145 0.565286 2.000000 1.000000 1.000000 0.500000 0.000000 0.000000 1 
2264 1.592000 1.309436 1.483155 1.120037 1.120037 -0.189399 -0.094699 1.497301 1.686699 0.751460 2.266649 0.566662 2.000000 1.000000 1.000000 0.500000 0.000000 0.000000 1 
2265 1.593000 1.310187 1.485422 1.120037 1.120037 -0.190150 -0.095075 1.497925 1.688075 0.750952 2.272152 0.568038 2.000000 1.000000 1.000000 0.500000 0.000000 0.000000 1 
2266 1.594000 1.310938 1.487694 1.120037 1.120037 -0.190901 -0.095450 1.498550 1.689450 0.750446 2.277654 0.569413 2.000000 1.000000 1.000000 0.500000 0.000000 0.000000 1 
2267 1.595000 1.311688 1.489972 1.120037 1.120037 -0.191651 -0.095826 1.499174 1.690826 0.749943 2.283155 0.570789 2.000000 1.000000 1.000000 0.500000 0.000000 0.000000 1 
2268 1.596000 1.312438 1.492255 1.120037 1.120037 -0.192401 -0.096201 1.499799 1.692201 0.749444 2.288655 0.572164 2.000000 1.000000 1.000000 0.500000 0.000000 0.000000 1 
2269 1.597000 1.313188 1.494544 1.120037 1.120037 -0.193151 -0.096575 1.500425 1.693575 0.748947 2.294154 0.573538 2.000000 1.000000 1.000000 0.500000 0.000000 0.000000 1 
2270 1.598000 1.313937 1.496838 1.120037 1.120037 -0.193900 -0.096950 1.501050 1.694950 0.748453 2.299652 0.574913 2.000000 1.000000 1.000000 0.500000 0.000000 0.000000 1 
2271 1.599000 1.314685 1.499137 1.120037 1.120037 -0.194648 -0.097324 1.501676 1.696324 0.747963 2.305148 0.576287 2.000000 1.000000 1.000000 0.500000 0.000000 0.000000 1 
2272 1.600000 1.315433 1.501443 1.120037 1.120037 -0.195396 -0.097698 1.502302 1.697698 0.747475 2.310644 0.577661 2.000000 1.000000 1.000000 0.500000 0.000000 0.000000 1 
2273 1.601000 1.316181 1.503753 1.120037 1.120037 -0.196144 -0.098072 1.502928 1.699072 0.746990 2.316139 0.579035 2.000000 1.000000 1.000000 0.500000 0.000000 0.000000 1 
2274 1.602000 1.316928 1.506069 1.120037 1.120037 -0.196891 -0.098445 1.503555 1.700445 0.746508 2.321633 0.580408 2.000000 1.000000 1.000000 0.500000 0.000000 0.000000 1 
2275 1.603000 1.317674 1.508391 1.120037 1.120037 -0.197637 -0.098819 1.504181 1.701819 0.746029 2.327126 0.581782 2.000000 1.000000 1.000000 0.500000 0.000000 0.000000 1 
2276 1.604000 1.318420 1.510718 1.120037 1.120037 -0.198383 -0.099192 1.504808 1.703192 0.745553 2.332618 0.583155 2.000000 1.000000 1.000000 0.500000 0.000000 0.000000 1 
2277 1.605000 1.319166 1.513051 1.120037 1.120037 -0.199129 -0.099564 1.505436 1.704564 0.745080 2.338109 0.584527 2.000000 1.000000 1.000000 0.500000 0.000000 0.000000 1 
2278 1.606000 1.319911 1.515389 1.120037 1.120037 -0.199874 -0.099937 1.506063 1.705937 0.744609 2.343600 0.585900 2.000000 1.000000 1.000000 0.500000 0.000000 0.000000 1 
2279 1.607000 1.320655 1.517733 1.120037 1.120037 -0.200618 -0.100309 1.506691 1.707309 0.744141 2.349089 0.587272 2.000000 1.000000 1.000000 0.500000 0.000000 0.000000 1 
2280 1.608000 1.321400 1.520082 1.120037 1.120037 -0.201363 -0.100681 1.507319 1.708681 0.743677 2.354577 0.588644 2.000000 1.000000 1.000000 0.500000 0.000000 0.000000 1 
2281 1.609000 1.322143 1.522436 1.120037 1.120037 -0.202106 -0.101053 1.507947 1.710053 0.743214 2.360065 0.590016 2.000000 1.000000 1.000000 0.500000 0.000000 0.000000 1 
2282 1.610000 1.322886 1.524796 1.120037 1.120037 -0.202849 -0.101425 1.508575 1.711425 0.742755 2.365551 0.591388 2.000000 1.000000 1.000000 0.500000 0.000000 0.000000 1 
2283 1.611000 1.323629 1.527162 1.120037 1.120037 -0.203592 -0.101796 1.509204 1.712796 0.742299 2.371036 0.592759 2.000000 1.000000 1.000000 0.500000 0.000000 0.000000 1 
2284 1.612000 1.324372 1.529533 1.120037 1.120037 -0.204335 -0.102167 1.509833 1.714167 0.741845 2.376521 0.594130 2.000000 1.000000 1.000000 0.500000 0.000000 0.000000 1 
2285 1.613000 1.325113 1.531909 1.120037 1.120037 -0.205076 -0.102538 1.510462 1.715538 0.741394 2.382005 0.595501 2.000000 1.000000 1.000000 0.500000 0.000000 0.000000 1 
2286 1.614000 1.325855 1.534291 1.120037 1.120037 -0.205818 -0.102909 1.511091 1.716909 0.740945 2.387488 0.596872 2.000000 1.000000 1.000000 0.500000 0.000000 0.000000 1 
2287 1.615000 1.326596 1.536679 1.120037 1.120037 -0.206559 -0.103279 1.511721 1.718279 0.740500 2.392969 0.598242 2.000000 1.000000 1.000000 0.500000 0.000000 0.000000 1 
2288 1.616000 1.327336 1.539072 1.120037 1.120037 -0.207299 -0.103650 1.512350 1.719650 0.740057 2.398450 0.599613 2.000000 1.000000 1.000000 0.500000 0.000000 0.000000 1 
2289 1.617000 1.328076 1.541470 1.120037 1.120037 -0.208039 -0.104020 1.512980 1.721020 0.739616 2.403931 0.600983 2.000000 1.000000 1.000000 0.500000 0.000000 0.000000 1 
2290 1.618000 1.328816 1.543874 1.120037 1.120037 -0.208779 -0.104389 1.513611 1.722389 0.739179 2.409410 0.602352 2.000000 1.000000 1.000000 0.500000 0.000000 0.000000 1 
2291 1.619000 1.329555 1.546284 1.120037 1.120037 -0.209518 -0.104759 1.514241 1.723759 0.738744 2.414888 0.603722 2.000000 1.000000 1.000000 0.500000 0.000000 0.000000 1 
2292 1.620000 1.330294 1.548698 1.120037 1.120037 -0.210257 -0.105128 1.514872 1.725128 0.738311 2.420366 0.605091 2.000000 1.000000 1.000000 0.500000 0.000000 0.000000 1 
2293 1.621000 1.331032 1.551119 1.120037 1.120037 -0.210995 -0.105498 1.515502 1.726498 0.737881 2.425842 0.606461 2.000000 1.000000 1.000000 0.500000 0.000000 0.000000 1 
2294 1.622000 1.331770 1.553545 1.120037 1.120037 -0.211733 -0.105866 1.516134 1.727866 0.737454 2.431318 0.607829 2.000000 1.000000 1.000000 0.500000 0.000000 0.000000 1 
2295 1.623000 1.332507 1.555976 1.120037 1.120037 -0.212470 -0.106235 1.516765 1.729235 0.737029 2.436793 0.609198 2.000000 1.000000 1.000000 0.500000 0.000000 0.000000 1 
2296 1.624000 1.333244 1.558413 1.120037 1.120037 -0.213207 -0.106604 1.517396 1.730604 0.736607 2.442267 0.610567 2.000000 1.000000 1.000000 0.500000 0.000000 0.000000 1 
2297 1.625000 1.333981 1.560855 1.120037 1.120037 -0.213944 -0.106972 1.518028 1.731972 0.736187 2.447740 0.611935 2.000000 1.000000 1.000000 0.500000 0.000000 0.000000 1 
2298 1.626000 1.334717 1.563303 1.120037 1.120037 -0.214680 -0.107340 1.518660 1.733340 0.735770 2.453213 0.613303 2.000000 1.000000 1.000000 0.500000 0.000000 0.000000 1 
2299 1.627000 1.335453 1.565756 1.120037 1.120037 -0.215416 -0.107708 1.519292 1.734708 0.735356 2.458684 0.614671 2.000000 1.000000 1.000000 0.500000 0.000000 0.000000 1 
2300 1.628000 1.336188 1.568215 1.120037 1.120037 -0.216151 -0.108076 1.519924 1.736076 0.734944 2.464155 0.616039 2.000000 1.000000 1.000000 0.500000 0.000000 0.000000 1 
2301 1.629000 1.336923 1.570679 1.120037 1.120037 -0.216886 -0.108443 1.520557 1.737443 0.734534 2.469625 0.617406 2.000000 1.000000 1.000000 0.500000 0.000000 0.000000 1 
2302 1.630000 1.337658 1.573148 1.120037 1.120037 -0.217621 -0.108810 1.521190 1.738810 0.734127 2.475094 0.618773 2.000000 1.000000 1.000000 0.500000 0.000000 0.000000 1 
2303 1.631000 1.338392 1.575624 1.120037 1.120037 -0.218355 -0.109178 1.521822 1.740178 0.733722 2.480562 0.620141 2.000000 1.000000 1.000000 0.500000 0.000000 0.000000 1 
2304 1.632000 1.339126 1.578104 1.120037 1.120037 -0.219089 -0.109544 1.522456 1.741544 0.733320 2.486029 0.621507 2.000000 1.000000 1.000000 0.500000 0.000000 0.000000 1 
2305 1.633000 1.339859 1.580590 1.120037 1.120037 -0.219822 -0.109911 1.523089 1.742911 0.732920 2.491496 0.622874 2.000000 1.000000 1.000000 0.500000 0.000000 0.000000 1 
2306 1.634000 1.340592 1.583082 1.120037 1.120037 -0.220555 -0.110277 1.523723 1.744277 0.732522 2.496962 0.624240 2.000000 1.000000 1.000000 0.500000 0.000000 0.000000 1 
2307 1.635000 1.341324 1.585579 1.120037 1.120037 -0.221287 -0.110644 1.524356 1.745644 0.732127 2.502427 0.625607 2.000000 1.000000 1.000000 0.500000 0.000000 0.000000 1 
2308 1.636000 1.342057 1.588081 1.120037 1.120037 -0.222020 -0.111010 1.524990 1.747010 0.731734 2.507891 0.626973 2.000000 1.000000 1.000000 0.500000 0.000000 0.000000 1 
2309 1.637000 1.342788 1.590589 1.120037 1.120037 -0.222751 -0.111376 1.525624 1.748376 0.731344 2.513355 0.628339 2.000000 1.000000 1.000000 0.500000 0.000000 0.000000 1 
2310 1.638000 1.343520 1.593102 1.120037 1.120037 -0.223483 -0.111741 1.526259 1.749741 0.730956 2.518817 0.629704 2.000000 1.000000 1.000000 0.500000 0.000000 0.000000 1 
2311 1.639000 1.344251 1.595621 1.120037 1.120037 -0.224214 -0.112107 1.526893 1.751107 0.730570 2.524279 0.631070 2.000000 1.000000 1.000000 0.500000 0.000000 0.000000 1 
2312 1.640000 1.344981 1.598145 1.120037 1.120037 -0.224944 -0.112472 1.527528 1.752472 0.730187 2.529740 0.632435 2.000000 1.000000 1.000000 0.500000 0.000000 0.000000 1 
2313 1.641000 1.345711 1.600675 1.120037 1.120037 -0.225674 -0.112837 1.528163 1.753837 0.729806 2.535201 0.633800 2.000000 1.000000 1.000000 0.500000 0.000000 0.000000 1 
2314 1.642000 1.346441 1.603210 1.120037 1.120037 -0.226404 -0.113202 1.528798 1.755202 0.729427 2.540660 0.635165 2.000000 1.000000 1.000000 0.500000 0.000000 0.000000 1 
2315 1.643000 1.347171 1.605751 1.120037 1.120037 -0.227134 -0.113567 1.529433 1.756567 0.729050 2.546119 0.636530 2.000000 1.000000 1.000000 0.500000 0.000000 0.000000 1 
2316 1.644000 1.347900 1.608297 1.120037 1.120037 -0.227863 -0.113931 1.530069 1.757931 0.728676 2.551577 0.637894 2.000000 1.000000 1.000000 0.500000 0.000000 0.000000 1 
2317 1.645000 1.348628 1.610849 1.120037 1.120037 -0.228591 -0.114296 1.530704 1.759296 0.728304 2.557035 0.639259 2.000000 1.000000 1.000000 0.500000 0.000000 0.000000 1 
2318 1.646000 1.349357 1.613406 1.120037 1.120037 -0.229320 -0.114660 1.531340 1.760660 0.727934 2.562491 0.640623 2.000000 1.000000 1.000000 0.500000 0.000000 0.000000 1 
2319 1.647000 1.350085 1.615968 1.120037 1.120037 -0.230048 -0.115024 1.531976 1.762024 0.727566 2.567947 0.641987 2.000000 1.000000 1.000000 0.500000 0.000000 0.000000 1 
2320 1.648000 1.350812 1.618536 1.120037 1.120037 -0.230775 -0.115388 1.532612 1.763388 0.727201 2.573402 0.643351 2.000000 1.000000 1.000000 0.500000 0.000000 0.000000 1 
2321 1.649000 1.351539 1.621110 1.120037 1.120037 -0.231502 -0.115751 1.533249 1.764751 0.726838 2.578857 0.644714 2.000000 1.000000 1.000000 0.500000 0.000000 0.000000 1 
2322 1.650000 1.352266 1.623688 1.120037 1.120037 -0.232229 -0.116115 1.533885 1.766115 0.726477 2.584310 0.646078 2.000000 1.000000 1.000000 0.500000 0.000000 0.000000 1 
2323 1.651000 1.352993 1.626273 1.120037 1.120037 -0.232956 -0.116478 1.534522 1.767478 0.726118 2.589763 0.647441 2.000000 1.000000 1.000000 0.500000 0.000000 0.000000 1 
2324 1.652000 1.353719 1.628863 1.120037 1.120037 -0.233682 -0.116841 1.535159 1.768841 0.725761 2.595216 0.648804 2.000000 1.000000 1.000000 0.500000 0.000000 0.000000 1 
2325 1.653000 1.354445 1.631458 1.120037 1.120037 -0.234408 -0.117204 1.535796 1.770204 0.725407 2.600667 0.650167 2.000000 1.000000 1.000000 0.500000 0.000000 0.000000 1 
2326 1.654000 1.355170 1.634058 1.120037 1.120037 -0.235133 -0.117566 1.536434 1.771566 0.725054 2.606118 0.651529 2.000000 1.000000 1.000000 0.500000 0.000000 0.000000 1 
2327 1.655000 1.355895 1.636665 1.120037 1.120037 -0.235858 -0.117929 1.537071 1.772929 0.724704 2.611568 0.652892 2.000000 1.000000 1.000000 0.500000 0.000000 0.000000 1 
2328 1.656000 1.356620 1.639276 1.120037 1.120037 -0.236583 -0.118291 1.537709 1.774291 0.724356 2.617017 0.654254 2.000000 1.000000 1.000000 0.500000 0.000000 0.000000 1 
2329 1.657000 1.357344 1.641893 1.120037 1.120037 -0.237307 -0.118654 1.538346 1.775654 0.724009 2.622466 0.655617 2.000000 1.000000 1.000000 0.500000 0.000000 0.000000 1 
2330 1.658000 1.358068 1.644516 1.120037 1.120037 -0.238031 -0.119016 1.538984 1.777016 0.723665 2.627914 0.656979 2.000000 1.000000 1.000000 0.500000 0.000000 0.000000 1 
2331 1.659000 1.358792 1.647143 1.120037 1.120037 -0.238755 -0.119377 1.539623 1.778377 0.723323 2.633362 0.658340 2.000000 1.000000 1.000000 0.500000 0.000000 0.000000 1 
2332 1.660000 1.359515 1.649777 1.120037 1.120037 -0.239478 -0.119739 1.540261 1.779739 0.722984 2.638808 0.659702 2.000000 1.000000 1.000000 0.500000 0.000000 0.000000 1 
2333 1.661000 1.360238 1.652416 1.120037 1.120037 -0.240201 -0.120101 1.540899 1.781101 0.722646 2.644254 0.661064 2.000000 1.000000 1.000000 0.500000 0.000000 0.000000 1 
2334 1.662000 1.360961 1.655060 1.120037 1.120037 -0.240924 -0.120462 1.541538 1.782462 0.722310 2.649699 0.662425 2.000000 1.000000 1.000000 0.500000 0.000000 0.000000 1 
2335 1.663000 1.361683 1.657710 1.120037 1.120037 -0.241646 -0.120823 1.542177 1.783823 0.721976 2.655144 0.663786 2.000000 1.000000 1.000000 0.500000 0.000000 0.000000 1 
2336 1.664000 1.362405 1.660365 1.120037 1.120037 -0.242368 -0.121184 1.542816 1.785184 0.721644 2.660588 0.665147 2.000000 1.000000 1.000000 0.500000 0.000000 0.000000 1 
2337 1.665000 1.363127 1.663025 1.120037 1.120037 -0.243090 -0.121545 1.543455 1.786545 0.721314 2.666031 0.666508 2.000000 1.000000 1.000000 0.500000 0.000000 0.000000 1 
2338 1.666000 1.363848 1.665691 1.120037 1.120037 -0.243811 -0.121905 1.544095 1.787905 0.720986 2.671474 0.667868 2.000000 1.000000 1.000000 0.500000 0.000000 0.000000 1 
2339 1.667000 1.364569 1.668363 1.120037 1.120037 -0.244532 -0.122266 1.544734 1.789266 0.720660 2.676916 0.669229 2.000000 1.000000 1.000000 0.500000 0.000000 0.000000 1 
2340 1.668000 1.365290 1.671040 1.120037 1.120037 -0.245253 -0.122626 1.545374 1.790626 0.720336 2.682357 0.670589 2.000000 1.000000 1.000000 0.500000 0.000000 0.000000 1 
2341 1.669000 1.366010 1.673722 1.120037 1.120037 -0.245973 -0.122986 1.546014 1.791986 0.720014 2.687798 0.671949 2.000000 1.000000 1.000000 0.500000 0.000000 0.000000 1 
2342 1.670000 1.366730 1.676410 1.120037 1.120037 -0.246693 -0.123346 1.546654 1.793346 0.719694 2.693238 0.673309 2.000000 1.000000 1.000000 0.500000 0.000000 0.000000 1 
2343 1.671000 1.367450 1.679103 1.120037 1.120037 -0.247413 -0.123706 1.547294 1.794706 0.719376 2.698677 0.674669 2.000000 1.000000 1.000000 0.500000 0.000000 0.000000 1 
2344 1.672000 1.368169 1.681802 1.120037 1.120037 -0.248132 -0.124066 1.547934 1.796066 0.719060 2.704116 0.676029 2.000000 1.000000 1.000000 0.500000 0.000000 0.000000 1 
2345 1.673000 1.368888 1.684506 1.120037 1.120037 -0.248851 -0.124426 1.548574 1.797426 0.718746 2.709554 0.677389 2.000000 1.000000 1.000000 0.500000 0.000000 0.000000 1 
2346 1.674000 1.369607 1.687215 1.120037 1.120037 -0.249570 -0.124785 1.549215 1.798785 0.718433 2.714992 0.678748 2.000000 1.000000 1.000000 0.500000 0.000000 0.000000 1 
2347 1.675000 1.370325 1.689930 1.120037 1.120037 -0.250288 -0.125144 1.549856 1.800144 0.718122 2.720429 0.680107 2.000000 1.000000 1.000000 0.500000 0.000000 0.000000 1 
2348 1.676000 1.371043 1.692651 1.120037 1.120037 -0.251006 -0.125503 1.550497 1.801503 0.717814 2.725865 0.681466 2.000000 1.000000 1.000000 0.500000 0.000000 0.000000 1 
2349 1.677000 1.371761 1.695377 1.120037 1.120037 -0.251724 -0.125862 1.551138 1.802862 0.717507 2.731300 0.682825 2.000000 1.000000 1.000000 0.500000 0.000000 0.000000 1 
2350 1.678000 1.372479 1.698108 1.120037 1.120037 -0.252442 -0.126221 1.551779 1.804221 0.717202 2.736735 0.684184 2.000000 1.000000 1.000000 0.500000 0.000000 0.000000 1 
2351 1.679000 1.373196 1.700845 1.120037 1.120037 -0.253159 -0.126579 1.552421 1.805579 0.716899 2.742170 0.685542 2.000000 1.000000 1.000000 0.500000 0.000000 0.000000 1 
2352 1.680000 1.373913 1.703587 1.120037 1.120037 -0.253876 -0.126938 1.553062 1.806938 0.716597 2.747604 0.686901 2.000000 1.000000 1.000000 0.500000 0.000000 0.000000 1 
2353 1.681000 1.374629 1.706335 1.120037 1.120037 -0.254592 -0.127296 1.553704 1.808296 0.716298 2.753037 0.688259 2.000000 1.000000 1.000000 0.500000 0.000000 0.000000 1 
2354 1.682000 1.375346 1.709088 1.120037 1.120037 -0.255309 -0.127654 1.554346 1.809654 0.716000 2.758469 0.689617 2.000000 1.000000 1.000000 0.500000 0.000000 0.000000 1 
2355 1.683000 1.376062 1.711846 1.120037 1.120037 -0.256025 -0.128012 1.554988 1.811012 0.715704 2.763901 0.690975 2.000000 1.000000 1.000000 0.500000 0.000000 0.000000 1 
2356 1.684000 1.376777 1.714610 1.120037 1.120037 -0.256740 -0.128370 1.555630 1.812370 0.715410 2.769333 0.692333 2.000000 1.000000 1.000000 0.500000 0.000000 0.000000 1 
2357 1.685000 1.377493 1.717379 1.120037 1.120037 -0.257456 -0.128728 1.556272 1.813728 0.715117 2.774764 0.693691 2.000000 1.000000 1.000000 0.500000 0.000000 0.000000 1 
2358 1.686000 1.378208 1.720154 1.120037 1.120037 -0.258171 -0.129085 1.556915 1.815085 0.714826 2.780194 0.695048 2.000000 1.000000 1.000000 0.500000 0.000000 0.000000 1 
2359 1.687000 1.378923 1.722934 1.120037 1.120037 -0.258886 -0.129443 1.557557 1.816443 0.714537 2.785624 0.696406 2.000000 1.000000 1.000000 0.500000 0.000000 0.000000 1 
2360 1.688000 1.379637 1.725720 1.120037 1.120037 -0.259600 -0.129800 1.558200 1.817800 0.714250 2.791053 0.697763 2.000000 1.000000 1.000000 0.500000 0.000000 0.000000 1 
2361 1.689000 1.380352 1.728511 1.120037 1.120037 -0.260315 -0.130157 1.558843 1.819157 0.713965 2.796481 0.699120 2.000000 1.000000 1.000000 0.500000 0.000000 0.000000 1 
2362 1.690000 1.381066 1.731307 1.120037 1.120037 -0.261029 -0.130514 1.559486 1.820514 0.713681 2.801909 0.700477 2.000000 1.000000 1.000000 0.500000 0.000000 0.000000 1 
2363 1.691000 1.381779 1.734109 1.120037 1.120037 -0.261742 -0.130871 1.560129 1.821871 0.713399 2.807336 0.701834 2.000000 1.000000 1.000000 0.500000 0.000000 0.000000 1 
2364 1.692000 1.382493 1.736917 1.120037 1.120037 -0.262456 -0.131228 1.560772 1.823228 0.713118 2.812763 0.703191 2.000000 1.000000 1.000000 0.500000 0.000000 0.000000 1 
2365 1.693000 1.383206 1.739729 1.120037 1.120037 -0.263169 -0.131584 1.561416 1.824584 0.712840 2.818189 0.704547 2.000000 1.000000 1.000000 0.500000 0.000000 0.000000 1 
2366 1.694000 1.383919 1.742548 1.120037 1.120037 -0.263882 -0.131941 1.562059 1.825941 0.712563 2.823615 0.705904 2.000000 1.000000 1.000000 0.500000 0.000000 0.000000 1 
2367 1.695000 1.384631 1.745371 1.120037 1.120037 -0.264594 -0.132297 1.562703 1.827297 0.712287 2.829040 0.707260 2.000000 1.000000 1.000000 0.500000 0.000000 0.000000 1 
2368 1.696000 1.385343 1.748200 1.120037 1.120037 -0.265306 -0.132653 1.563347 1.828653 0.712014 2.834465 0.708616 2.000000 1.000000 1.000000 0.500000 0.000000 0.000000 1 
2369 1.697000 1.386055 1.751035 1.120037 1.120037 -0.266018 -0.133009 1.563991 1.830009 0.711742 2.839889 0.709972 2.000000 1.000000 1.000000 0.500000 0.000000 0.000000 1 
2370 1.698000 1.386767 1.753875 1.120037 1.120037 -0.266730 -0.133365 1.564635 1.831365 0.711471 2.845312 0.711328 2.000000 1.000000 1.000000 0.500000 0.000000 0.000000 1 
2371 1.699000 1.387479 1.756720 1.120037 1.120037 -0.267442 -0.133721 1.565279 1.832721 0.711202 2.850735 0.712684 2.000000 1.000000 1.000000 0.500000 0.000000 0.000000 1 
2372 1.700000 1.388190 1.759571 1.120037 1.120037 -0.268153 -0.134076 1.565924 1.834076 0.710935 2.856158 0.714039 2.000000 1.000000 1.000000 0.500000 0.000000 0.000000 1 
2373 1.701000 1.388901 1.762427 1.120037 1.120037 -0.268864 -0.134432 1.566568 1.835432 0.710669 2.861580 0.715395 2.000000 1.000000 1.000000 0.500000 0.000000 0.000000 1 
2374 1.702000 1.389611 1.765288 1.120037 1.120037 -0.269574 -0.134787 1.567213 1.836787 0.710405 2.867001 0.716750 2.000000 1.000000 1.000000 0.500000 0.000000 0.000000 1 
2375 1.703000 1.390322 1.768155 1.120037 1.120037 -0.270285 -0.135142 1.567858 1.838142 0.710143 2.872422 0.718105 2.000000 1.000000 1.000000 0.500000 0.000000 0.000000 1 
2376 1.704000 1.391032 1.771028 1.120037 1.120037 -0.270995 -0.135497 1.568503 1.839497 0.709882 2.877842 0.719460 2.000000 1.000000 1.000000 0.500000 0.000000 0.000000 1 
2377 1.705000 1.391742 1.773906 1.120037 1.120037 -0.271705 -0.135852 1.569148 1.840852 0.709623 2.883262 0.720815 2.000000 1.000000 1.000000 0.500000 0.000000 0.000000 1 
2378 1.706000 1.392451 1.776789 1.120037 1.120037 -0.272414 -0.136207 1.569793 1.842207 0.709365 2.888681 0.722170 2.000000 1.000000 1.000000 0.500000 0.000000 0.000000 1 
2379 1.707000 1.393161 1.779678 1.120037 1.120037 -0.273124 -0.136562 1.570438 1.843562 0.709109 2.894100 0.723525 2.000000 1.000000 1.000000 0.500000 0.000000 0.000000 1 
2380 1.708000 1.393870 1.782572 1.120037 1.120037 -0.273833 -0.136916 1.571084 1.844916 0.708854 2.899518 0.724879 2.000000 1.000000 1.000000 0.500000 0.000000 0.000000 1 
2381 1.709000 1.394579 1.785471 1.120037 1.120037 -0.274542 -0.137271 1.571729 1.846271 0.708601 2.904936 0.726234 2.000000 1.000000 1.000000 0.500000 0.000000 0.000000 1 
2382 1.710000 1.395287 1.788376 1.120037 1.120037 -0.275250 -0.137625 1.572375 1.847625 0.708350 2.910353 0.727588 2.000000 1.000000 1.000000 0.500000 0.000000 0.000000 1 
2383 1.711000 1.395996 1.791287 1.120037 1.120037 -0.275959 -0.137979 1.573021 1.848979 0.708099 2.915770 0.728942 2.000000 1.000000 1.000000 0.500000 0.000000 0.000000 1 
2384 1.712000 1.396704 1.794202 1.120037 1.120037 -0.276667 -0.138333 1.573667 1.850333 0.707851 2.921186 0.730296 2.000000 1.000000 1.000000 0.500000 0.000000 0.000000 1 
2385 1.713000 1.397412 1.797124 1.120037 1.120037 -0.277375 -0.138687 1.574313 1.851687 0.707604 2.926601 0.731650 2.000000 1.000000 1.000000 0.500000 0.000000 0.000000 1 
2386 1.714000 1.398119 1.800050 1.120037 1.120037 -0.278082 -0.139041 1.574959 1.853041 0.707358 2.932017 0.733004 2.000000 1.000000 1.000000 0.500000 0.000000 0.000000 1 
2387 1.715000 1.398827 1.802982 1.120037 1.120037 -0.278790 -0.139395 1.575605 1.854395 0.707114 2.937431 0.734358 2.000000 1.000000 1.000000 0.500000 0.000000 0.000000 1 
2388 1.716000 1.399534 1.805920 1.120037 1.120037 -0.279497 -0.139748 1.576252 1.855748 0.706871 2.942846 0.735711 2.000000 1.000000 1.000000 0.500000 0.000000 0.000000 1 
2389 1.717000 1.400241 1.808862 1.120037 1.120037 -0.280204 -0.140102 1.576898 1.857102 0.706630 2.948259 0.737065 2.000000 1.000000 1.000000 0.500000 0.000000 0.000000 1 
2390 1.718000 1.400947 1.811811 1.120037 1.120037 -0.280910 -0.140455 1.577545 1.858455 0.706390 2.953673 0.738418 2.000000 1.000000 1.000000 0.500000 0.000000 0.000000 1 
2391 1.719000 1.401654 1.814764 1.120037 1.120037 -0.281617 -0.140808 1.578192 1.859808 0.706152 2.959085 0.739771 2.000000 1.000000 1.000000 0.500000 0.000000 0.000000 1 
2392 1.720000 1.402360 1.817723 1.120037 1.120037 -0.282323 -0.141161 1.578839 1.861161 0.705915 2.964498 0.741124 2.000000 1.000000 1.000000 0.500000 0.000000 0.000000 1 
2393 1.721000 1.403066 1.820688 1.120037 1.120037 -0.283029 -0.141514 1.579486 1.862514 0.705680 2.969909 0.742477 2.000000 1.000000 1.000000 0.500000 0.000000 0.000000 1 
2394 1.722000 1.403771 1.823658 1.120037 1.120037 -0.283734 -0.141867 1.580133 1.863867 0.705445 2.975321 0.743830 2.000000 1.000000 1.000000 0.500000 0.000000 0.000000 1 
2395 1.723000 1.404477 1.826633 1.120037 1.120037 -0.284440 -0.142220 1.580780 1.865220 0.705213 2.980732 0.745183 2.000000 1.000000 1.000000 0.500000 0.000000 0.000000 1 
2396 1.724000 1.405182 1.829614 1.120037 1.120037 -0.285145 -0.142573 1.581427 1.866573 0.704981 2.986142 0.746536 2.000000 1.000000 1.000000 0.500000 0.000000 0.000000 1 
2397 1.725000 1.405887 1.832600 1.120037 1.120037 -0.285850 -0.142925 1.582075 1.867925 0.704752 2.991552 0.747888 2.000000 1.000000 1.000000 0.500000 0.000000 0.000000 1 
2398 1.726000 1.406592 1.835592 1.120037 1.120037 -0.286555 -0.143277 1.582723 1.869277 0.704523 2.996962 0.749240 2.000000 1.000000 1.000000 0.500000 0.000000 0.000000 1 
2399 1.727000 1.407296 1.838589 1.120037 1.120037 -0.287259 -0.143630 1.583370 1.870630 0.704296 3.002371 0.750593 2.000000 1.000000 1.000000 0.500000 0.000000 0.000000 1 
2400 1.728000 1.408001 1.841591 1.120037 1.120037 -0.287964 -0.143982 1.584018 1.871982 0.704070 3.007779 0.751945 2.000000 1.000000 1.000000 0.500000 0.000000 0.000000 1 
2401 1.729000 1.408705 1.844599 1.120037 1.120037 -0.288668 -0.144334 1.584666 1.873334 0.703846 3.013187 0.753297 2.000000 1.000000 1.000000 0.500000 0.000000 0.000000 1 
2402 1.730000 1.409409 1.847612 1.120037 1.120037 -0.289372 -0.144686 1.585314 1.874686 0.703623 3.018595 0.754649 2.000000 1.000000 1.000000 0.500000 0.000000 0.000000 1 
2403 1.731000 1.410112 1.850630 1.120037 1.120037 -0.290075 -0.145038 1.585962 1.876038 0.703401 3.024002 0.756001 2.000000 1.000000 1.000000 0.500000 0.000000 0.000000 1 
2404 1.732000 1.410816 1.853654 1.120037 1.120037 -0.290779 -0.145389 1.586611 1.877389 0.703181 3.029409 0.757352 2.000000 1.000000 1.000000 0.500000 0.000000 0.000000 1 
2405 1.733000 1.411519 1.856684 1.120037 1.120037 -0.291482 -0.145741 1.587259 1.878741 0.702961 3.034816 0.758704 2.000000 1.000000 1.000000 0.500000 0.000000 0.000000 1 
2406 1.734000 1.412222 1.859719 1.120037 1.120037 -0.292185 -0.146092 1.587908 1.880092 0.702744 3.040221 0.760055 2.000000 1.000000 1.000000 0.500000 0.000000 0.000000 1 
2407 1.735000 1.412924 1.862759 1.120037 1.120037 -0.292887 -0.146444 1.588556 1.881444 0.702527 3.045627 0.761407 2.000000 1.000000 1.000000 0.500000 0.000000 0.000000 1 
2408 1.736000 1.413627 1.865805 1.120037 1.120037 -0.293590 -0.146795 1.589205 1.882795 0.702312 3.051032 0.762758 2.000000 1.000000 1.000000 0.500000 0.000000 0.000000 1 
2409 1.737000 1.414329 1.868856 1.120037 1.120037 -0.294292 -0.147146 1.589854 1.884146 0.702098 3.056437 0.764109 2.000000 1.000000 1.000000 0.500000 0.000000 0.000000 1 
2410 1.738000 1.415031 1.871912 1.120037 1.120037 -0.294994 -0.147497 1.590503 1.885497 0.701886 3.061841 0.765460 2.000000 1.000000 1.000000 0.500000 0.000000 0.000000 1 
2411 1.739000 1.415733 1.874974 1.120037 1.120037 -0.295696 -0.147848 1.591152 1.886848 0.701674 3.067245 0.766811 2.000000 1.000000 1.000000 0.500000 0.000000 0.000000 1 
2412 1.740000 1.416435 1.878041 1.120037 1.120037 -0.296398 -0.148199 1.591801 1.888199 0.701464 3.072648 0.768162 2.000000 1.000000 1.000000 0.500000 0.000000 0.000000 1 
2413 1.741000 1.417136 1.881114 1.120037 1.120037 -0.297099 -0.148550 1.592450 1.889550 0.701255 3.078051 0.769513 2.000000 1.000000 1.000000 0.500000 0.000000 0.000000 1 
2414 1.742000 1.417838 1.884192 1.120037 1.120037 -0.297801 -0.148900 1.593100 1.890900 0.701048 3.083453 0.770863 2.000000 1.000000 1.000000 0.500000 0.000000 0.000000 1 
2415 1.743000 1.418539 1.887275 1.120037 1.120037 -0.298502 -0.149251 1.593749 1.892251 0.700842 3.088855 0.772214 2.000000 1.000000 1.000000 0.500000 0.000000 0.000000 1 
2416 1.744000 1.419240 1.890364 1.120037 1.120037 -0.299203 -0.149601 1.594399 1.893601 0.700637 3.094257 0.773564 2.000000 1.000000 1.000000 0.500000 0.000000 0.000000 1 
2417 1.745000 1.419940 1.893458 1.120037 1.120037 -0.299903 -0.149952 1.595048 1.894952 0.700433 3.099658 0.774915 2.000000 1.000000 1.000000 0.500000 0.000000 0.000000 1 
2418 1.746000 1.420641 1.896558 1.120037 1.120037 -0.300604 -0.150302 1.595698 1.896302 0.700230 3.105059 0.776265 2.000000 1.000000 1.000000 0.500000 0.000000 0.000000 1 
2419 1.747000 1.421341 1.899663 1.120037 1.120037 -0.301304 -0.150652 1.596348 1.897652 0.700029 3.110460 0.777615 2.000000 1.000000 1.000000 0.500000 0.000000 0.000000 1 
2420 1.748000 1.422041 1.902774 1.120037 1.120037 -0.302004 -0.151002 1.596998 1.899002 0.699829 3.115860 0.778965 2.000000 1.000000 1.000000 0.500000 0.000000 0.000000 1 
2421 1.749000 1.422741 1.905889 1.120037 1.120037 -0.302704 -0.151352 1.597648 1.900352 0.699630 3.121259 0.780315 2.000000 1.000000 1.000000 0.500000 0.000000 0.000000 1 
2422 1.750000 1.423440 1.909011 1.120037 1.120037 -0.303403 -0.151702 1.598298 1.901702 0.699432 3.126659 0.781665 2.000000 1.000000 1.000000 0.500000 0.000000 0.000000 1 
2423 1.751000 1.424140 1.912137 1.120037 1.120037 -0.304103 -0.152051 1.598949 1.903051 0.699235 3.132058 0.783014 2.000000 1.000000 1.000000 0.500000 0.000000 0.000000 1 
2424 1.752000 1.424839 1.915269 1.120037 1.120037 -0.304802 -0.152401 1.599599 1.904401 0.699040 3.137456 0.784364 2.000000 1.000000 1.000000 0.500000 0.000000 0.000000 1 
2425 1.753000 1.425538 1.918407 1.120037 1.120037 -0.305501 -0.152751 1.600249 1.905751 0.698846 3.142854 0.785714 2.000000 1.000000 1.000000 0.500000 0.000000 0.000000 1 
2426 1.754000 1.426237 1.921550 1.120037 1.120037 -0.306200 -0.153100 1.600900 1.907100 0.698653 3.148252 0.787063 2.000000 1.000000 1.000000 0.500000 0.000000 0.000000 1 
2427 1.755000 1.426936 1.924698 1.120037 1.120037 -0.306899 -0.153449 1.601551 1.908449 0.698461 3.153649 0.788412 2.000000 1.000000 1.000000 0.500000 0.000000 0.000000 1 
2428 1.756000 1.427634 1.927852 1.120037 1.120037 -0.307597 -0.153799 1.602201 1.909799 0.698270 3.159046 0.789762 2.000000 1.000000 1.000000 0.500000 0.000000 0.000000 1 
2429 1.757000 1.428332 1.931011 1.120037 1.120037 -0.308295 -0.154148 1.602852 1.911148 0.698080 3.164443 0.791111 2.000000 1.000000 1.000000 0.500000 0.000000 0.000000 1 
2430 1.758000 1.429030 1.934175 1.120037 1.120037 -0.308993 -0.154497 1.603503 1.912497 0.697892 3.169839 0.792460 2.000000 1.000000 1.000000 0.500000 0.000000 0.000000 1 
2431 1.759000 1.429728 1.937345 1.120037 1.120037 -0.309691 -0.154846 1.604154 1.913846 0.697704 3.175235 0.793809 2.000000 1.000000 1.000000 0.500000 0.000000 0.000000 1 
2432 1.760000 1.430426 1.940520 1.120037 1.120037 -0.310389 -0.155194 1.604806 1.915194 0.697518 3.180630 0.795157 2.000000 1.000000 1.000000 0.500000 0.000000 0.000000 1 
2433 1.761000 1.431123 1.943701 1.120037 1.120037 -0.311086 -0.155543 1.605457 1.916543 0.697333 3.186025 0.796506 2.000000 1.000000 1.000000 0.500000 0.000000 0.000000 1 
2434 1.762000 1.431821 1.946887 1.120037 1.120037 -0.311784 -0.155892 1.606108 1.917892 0.697149 3.191420 0.797855 2.000000 1.000000 1.000000 0.500000 0.000000 0.000000 1 
2435 1.763000 1.432518 1.950078 1.120037 1.120037 -0.312481 -0.156240 1.606760 1.919240 0.696966 3.196814 0.799203 2.000000 1.000000 1.000000 0.500000 0.000000 0.000000 1 
2436 1.764000 1.433215 1.953275 1.120037 1.120037 -0.313178 -0.156589 1.607411 1.920589 0.696784 3.202208 0.800552 2.000000 1.000000 1.000000 0.500000 0.000000 0.000000 1 
2437 1.765000 1.433912 1.956477 1.120037 1.120037 -0.313875 -0.156937 1.608063 1.921937 0.696604 3.207601 0.801900 2.000000 1.000000 1.000000 0.500000 0.000000 0.000000 1 
2438 1.766000 1.434608 1.959685 1.120037 1.120037 -0.314571 -0.157286 1.608714 1.923286 0.696424 3.212995 0.803249 2.000000 1.000000 1.000000 0.500000 0.000000 0.000000 1 
2439 1.767000 1.435305 1.962898 1.120037 1.120037 -0.315268 -0.157634 1.609366 1.924634 0.696246 3.218387 0.804597 2.000000 1.000000 1.000000 0.500000 0.000000 0.000000 1 
2440 1.768000 1.436001 1.966116 1.120037 1.120037 -0.315964 -0.157982 1.610018 1.925982 0.696068 3.223780 0.805945 2.000000 1.000000 1.000000 0.500000 0.000000 0.000000 1 
2441 1.769000 1.436697 1.969340 1.120037 1.120037 -0.316660 -0.158330 1.610670 1.927330 0.695892 3.229172 0.807293 2.000000 1.000000 1.000000 0.500000 0.000000 0.000000 1 
2442 1.770000 1.437393 1.972569 1.120037 1.120037 -0.317356 -0.158678 1.611322 1.928678 0.695716 3.234564 0.808641 2.000000 1.000000 1.000000 0.500000 0.000000 0.000000 1 
2443 1.771000 1.438089 1.975804 1.120037 1.120037 -0.318052 -0.159026 1.611974 1.930026 0.695542 3.239955 0.809989 2.000000 1.000000 1.000000 0.500000 0.000000 0.000000 1 
2444 1.772000 1.438784 1.979044 1.120037 1.120037 -0.318747 -0.159374 1.612626 1.931374 0.695369 3.245346 0.811337 2.000000 1.000000 1.000000 0.500000 0.000000 0.000000 1 
2445 1.773000 1.439480 1.982289 1.120037 1.120037 -0.319443 -0.159721 1.613279 1.932721 0.695197 3.250737 0.812684 2.000000 1.000000 1.000000 0.500000 0.000000 0.000000 1 
2446 1.774000 1.440175 1.985540 1.120037 1.120037 -0.320138 -0.160069 1.613931 1.934069 0.695025 3.256128 0.814032 2.000000 1.000000 1.000000 0.500000 0.000000 0.000000 1 
2447 1.775000 1.440870 1.988796 1.120037 1.120037 -0.320833 -0.160416 1.614584 1.935416 0.694855 3.261518 0.815379 2.000000 1.000000 1.000000 0.500000 0.000000 0.000000 1 
2448 1.776000 1.441565 1.992057 1.120037 1.120037 -0.321528 -0.160764 1.615236 1.936764 0.694686 3.266907 0.816727 2.000000 1.000000 1.000000 0.500000 0.000000 0.000000 1 
2449 1.777000 1.442259 1.995324 1.120037 1.120037 -0.322222 -0.161111 1.615889 1.938111 0.694518 3.272297 0.818074 2.000000 1.000000 1.000000 0.500000 0.000000 0.000000 1 
2450 1.778000 1.442954 1.998597 1.120037 1.120037 -0.322917 -0.161458 1.616542 1.939458 0.694351 3.277686 0.819421 2.000000 1.000000 1.000000 0.500000 0.000000 0.000000 1 
2451 1.779000 1.443648 2.001874 1.120037 1.120037 -0.323611 -0.161806 1.617194 1.940806 0.694185 3.283074 0.820769 2.000000 1.000000 1.000000 0.500000 0.000000 0.000000 1 
2452 1.780000 1.444342 2.005157 1.120037 1.120037 -0.324305 -0.162153 1.617847 1.942153 0.694020 3.288463 0.822116 2.000000 1.000000 1.000000 0.500000 0.000000 0.000000 1 
2453 1.781000 1.445036 2.008446 1.120037 1.120037 -0.324999 -0.162500 1.618500 1.943500 0.693856 3.293851 0.823463 2.000000 1.000000 1.000000 0.500000 0.000000 0.000000 1 
2454 1.782000 1.445730 2.011740 1.120037 1.120037 -0.325693 -0.162847 1.619153 1.944847 0.693692 3.299239 0.824810 2.000000 1.000000 1.000000 0.500000 0.000000 0.000000 1 
2455 1.783000 1.446424 2.015039 1.120037 1.120037 -0.326387 -0.163193 1.619807 1.946193 0.693530 3.304626 0.826156 2.000000 1.000000 1.000000 0.500000 0.000000 0.000000 1 
2456 1.784000 1.447117 2.018344 1.120037 1.120037 -0.327080 -0.163540 1.620460 1.947540 0.693369 3.310013 0.827503 2.000000 1.000000 1.000000 0.500000 0.000000 0.000000 1 
2457 1.785000 1.447811 2.021654 1.120037 1.120037 -0.327774 -0.163887 1.621113 1.948887 0.693209 3.315400 0.828850 2.000000 1.000000 1.000000 0.500000 0.000000 0.000000 1 
2458 1.786000 1.448504 2.024969 1.120037 1.120037 -0.328467 -0.164234 1.621766 1.950234 0.693050 3.320786 0.830197 2.000000 1.000000 1.000000 0.500000 0.000000 0.000000 1 
2459 1.787000 1.449197 2.028290 1.120037 1.120037 -0.329160 -0.164580 1.622420 1.951580 0.692891 3.326172 0.831543 2.000000 1.000000 1.000000 0.500000 0.000000 0.000000 1 
2460 1.788000 1.449890 2.031616 1.120037 1.120037 -0.329853 -0.164927 1.623073 1.952927 0.692734 3.331558 0.832890 2.000000 1.000000 1.000000 0.500000 0.000000 0.000000 1 
2461 1.789000 1.450583 2.034947 1.120037 1.120037 -0.330546 -0.165273 1.623727 1.954273 0.692578 3.336943 0.834236 2.000000 1.000000 1.000000 0.500000 0.000000 0.000000 1 
2462 1.790000 1.451275 2.038284 1.120037 1.120037 -0.331238 -0.165619 1.624381 1.955619 0.692422 3.342329 0.835582 2.000000 1.000000 1.000000 0.500000 0.000000 0.000000 1 
2463 1.791000 1.451968 2.041627 1.120037 1.120037 -0.331931 -0.165965 1.625035 1.956965 0.692268 3.347713 0.836928 2.000000 1.000000 1.000000 0.500000 0.000000 0.000000 1 
2464 1.792000 1.452660 2.044974 1.120037 1.120037 -0.332623 -0.166312 1.625688 1.958312 0.692114 3.353098 0.838275 2.000000 1.000000 1.000000 0.500000 0.000000 0.000000 1 
2465 1.793000 1.453352 2.048328 1.120037 1.120037 -0.333315 -0.166658 1.626342 1.959658 0.691961 3.358482 0.839621 2.000000 1.000000 1.000000 0.500000 0.000000 0.000000 1 
2466 1.794000 1.454044 2.051686 1.120037 1.120037 -0.334007 -0.167004 1.626996 1.961004 0.691809 3.363866 0.840967 2.000000 1.000000 1.000000 0.500000 0.000000 0.000000 1 
2467 1.795000 1.454736 2.055050 1.120037 1.120037 -0.334699 -0.167349 1.627651 1.962349 0.691659 3.369250 0.842312 2.000000 1.000000 1.000000 0.500000 0.000000 0.000000 1 
2468 1.796000 1.455428 2.058419 1.120037 1.120037 -0.335391 -0.167695 1.628305 1.963695 0.691509 3.374633 0.843658 2.000000 1.000000 1.000000 0.500000 0.000000 0.000000 1 
2469 1.797000 1.456119 2.061794 1.120037 1.120037 -0.336082 -0.168041 1.628959 1.965041 0.691360 3.380016 0.845004 2.000000 1.000000 1.000000 0.500000 0.000000 0.000000 1 
2470 1.798000 1.456810 2.065174 1.120037 1.120037 -0.336773 -0.168387 1.629613 1.966387 0.691211 3.385399 0.846350 2.000000 1.000000 1.000000 0.500000 0.000000 0.000000 1 
2471 1.799000 1.457502 2.068559 1.120037 1.120037 -0.337465 -0.168732 1.630268 1.967732 0.691064 3.390781 0.847695 2.000000 1.000000 1.000000 0.500000 0.000000 0.000000 1 
2472 1.800000 1.458193 2.071950 1.120037 1.120037 -0.338156 -0.169078 1.630922 1.969078 0.690918 3.396163 0.849041 2.000000 1.000000 1.000000 0.500000 0.000000 0.000000 1 
2473 1.801000 1.458884 2.075346 1.120037 1.120037 -0.338847 -0.169423 1.631577 1.970423 0.690772 3.401545 0.850386 2.000000 1.000000 1.000000 0.500000 0.000000 0.000000 1 
2474 1.802000 1.459574 2.078748 1.120037 1.120037 -0.339537 -0.169769 1.632231 1.971769 0.690628 3.406927 0.851732 2.000000 1.000000 1.000000 0.500000 0.000000 0.000000 1 
2475 1.803000 1.460265 2.082155 1.120037 1.120037 -0.340228 -0.170114 1.632886 1.973114 0.690484 3.412308 0.853077 2.000000 1.000000 1.000000 0.500000 0.000000 0.000000 1 
2476 1.804000 1.460956 2.085567 1.120037 1.120037 -0.340919 -0.170459 1.633541 1.974459 0.690341 3.417689 0.854422 2.000000 1.000000 1.000000 0.500000 0.000000 0.000000 1 
2477 1.805000 1.461646 2.088985 1.120037 1.120037 -0.341609 -0.170804 1.634196 1.975804 0.690199 3.423070 0.855767 2.000000 1.000000 1.000000 0.500000 0.000000 0.000000 1 
2478 1.806000 1.462336 2.092408 1.120037 1.120037 -0.342299 -0.171150 1.634850 1.977150 0.690058 3.428450 0.857113 2.000000 1.000000 1.000000 0.500000 0.000000 0.000000 1 
2479 1.807000 1.463026 2.095836 1.120037 1.120037 -0.342989 -0.171495 1.635505 1.978495 0.689917 3.433830 0.858458 2.000000 1.000000 1.000000 0.500000 0.000000 0.000000 1 
2480 1.808000 1.463716 2.099270 1.120037 1.120037 -0.343679 -0.171840 1.636160 1.979840 0.689778 3.439210 0.859803 2.000000 1.000000 1.000000 0.500000 0.000000 0.000000 1 
2481 1.809000 1.464406 2.102709 1.120037 1.120037 -0.344369 -0.172184 1.636816 1.981184 0.689639 3.444590 0.861147 2.000000 1.000000 1.000000 0.500000 0.000000 0.000000 1 
2482 1.810000 1.465095 2.106154 1.120037 1.120037 -0.345058 -0.172529 1.637471 1.982529 0.689501 3.449969 0.862492 2.000000 1.000000 1.000000 0.500000 0.000000 0.000000 1 
2483 1.811000 1.465785 2.109604 1.120037 1.120037 -0.345748 -0.172874 1.638126 1.983874 0.689364 3.455348 0.863837 2.000000 1.000000 1.000000 0.500000 0.000000 0.000000 1 
2484 1.812000 1.466474 2.113059 1.120037 1.120037 -0.346437 -0.173219 1.638781 1.985219 0.689228 3.460727 0.865182 2.000000 1.000000 1.000000 0.500000 0.000000 0.000000 1 
2485 1.813000 1.467164 2.116520 1.120037 1.120037 -0.347127 -0.173563 1.639437 1.986563 0.689093 3.466105 0.866526 2.000000 1.000000 1.000000 0.500000 0.000000 0.000000 1 
2486 1.814000 1.467853 2.119986 1.120037 1.120037 -0.347816 -0.173908 1.640092 1.987908 0.688958 3.471483 0.867871 2.000000 1.000000 1.000000 0.500000 0.000000 0.000000 1 
2487 1.815000 1.468542 2.123457 1.120037 1.120037 -0.348505 -0.174252 1.640748 1.989252 0.688825 3.476861 0.869215 2.000000 1.000000 1.000000 0.500000 0.000000 0.000000 1 
2488 1.816000 1.469230 2.126934 1.120037 1.120037 -0.349193 -0.174597 1.641403 1.990597 0.688692 3.482239 0.870560 2.000000 1.000000 1.000000 0.500000 0.000000 0.000000 1 
2489 1.817000 1.469919 2.130417 1.120037 1.120037 -0.349882 -0.174941 1.642059 1.991941 0.688559 3.487616 0.871904 2.000000 1.000000 1.000000 0.500000 0.000000 0.000000 1 
2490 1.818000 1.470608 2.133904 1.120037 1.120037 -0.350571 -0.175285 1.642715 1.993285 0.688428 3.492993 0.873248 2.000000 1.000000 1.000000 0.500000 0.000000 0.000000 1 
2491 1.819000 1.471296 2.137397 1.120037 1.120037 -0.351259 -0.175630 1.643370 1.994630 0.688298 3.498370 0.874593 2.000000 1.000000 1.000000 0.500000 0.000000 0.000000 1 
2492 1.820000 1.471984 2.140896 1.120037 1.120037 -0.351947 -0.175974 1.644026 1.995974 0.688168 3.503747 0.875937 2.000000 1.000000 1.000000 0.500000 0.000000 0.000000 1 
2493 1.821000 1.472673 2.144399 1.120037 1.120037 -0.352636 -0.176318 1.644682 1.997318 0.688039 3.509123 0.877281 2.000000 1.000000 1.000000 0.500000 0.000000 0.000000 1 
2494 1.822000 1.473361 2.147908 1.120037 1.120037 -0.353324 -0.176662 1.645338 1.998662 0.687910 3.514499 0.878625 2.000000 1.000000 1.000000 0.500000 0.000000 0.000000 1 
2495 1.823000 1.474048 2.151423 1.120037 1.120037 -0.354011 -0.177006 1.645994 2.000006 0.687783 3.519875 0.879969 2.000000 1.000000 1.000000 0.500000 0.000000 0.000000 1 
2496 1.824000 1.474736 2.154943 1.120037 1.120037 -0.354699 -0.177350 1.646650 2.001350 0.687656 3.525251 0.881313 2.000000 1.000000 1.000000 0.500000 0.000000 0.000000 1 
2497 1.825000 1.475424 2.158468 1.120037 1.120037 -0.355387 -0.177693 1.647307 2.002693 0.687530 3.530626 0.882656 2.000000 1.000000 1.000000 0.500000 0.000000 0.000000 1 
2498 1.826000 1.476111 2.161999 1.120037 1.120037 -0.356074 -0.178037 1.647963 2.004037 0.687405 3.536001 0.884000 2.000000 1.000000 1.000000 0.500000 0.000000 0.000000 1 
2499 1.827000 1.476799 2.165535 1.120037 1.120037 -0.356762 -0.178381 1.648619 2.005381 0.687281 3.541376 0.885344 2.000000 1.000000 1.000000 0.500000 0.000000 0.000000 1 
2500 1.828000 1.477486 2.169076 1.120037 1.120037 -0.357449 -0.178725 1.649275 2.006725 0.687157 3.546750 0.886688 2.000000 1.000000 1.000000 0.500000 0.000000 0.000000 1 
2501 1.829000 1.478173 2.172623 1.120037 1.120037 -0.358136 -0.179068 1.649932 2.008068 0.687034 3.552125 0.888031 2.000000 1.000000 1.000000 0.500000 0.000000 0.000000 1 
2502 1.830000 1.478860 2.176175 1.120037 1.120037 -0.358823 -0.179412 1.650588 2.009412 0.686912 3.557499 0.889375 2.000000 1.000000 1.000000 0.500000 0.000000 0.000000 1 
2503 1.831000 1.479547 2.179732 1.120037 1.120037 -0.359510 -0.179755 1.651245 2.010755 0.686790 3.562873 0.890718 2.000000 1.000000 1.000000 0.500000 0.000000 0.000000 1 
2504 1.832000 1.480234 2.183295 1.120037 1.120037 -0.360197 -0.180099 1.651901 2.012099 0.686670 3.568246 0.892062 2.000000 1.000000 1.000000 0.500000 0.000000 0.000000 1 
2505 1.833000 1.480921 2.186863 1.120037 1.120037 -0.360884 -0.180442 1.652558 2.013442 0.686550 3.573619 0.893405 2.000000 1.000000 1.000000 0.500000 0.000000 0.000000 1 
2506 1.834000 1.481607 2.190437 1.120037 1.120037 -0.361570 -0.180785 1.653215 2.014785 0.686430 3.578993 0.894748 2.000000 1.000000 1.000000 0.500000 0.000000 0.000000 1 
2507 1.835000 1.482294 2.194016 1.120037 1.120037 -0.362257 -0.181128 1.653872 2.016128 0.686312 3.584365 0.896091 2.000000 1.000000 1.000000 0.500000 0.000000 0.000000 1 
2508 1.836000 1.482980 2.197600 1.120037 1.120037 -0.362943 -0.181472 1.654528 2.017472 0.686194 3.589738 0.897435 2.000000 1.000000 1.000000 0.500000 0.000000 0.000000 1 
2509 1.837000 1.483666 2.201190 1.120037 1.120037 -0.363629 -0.181815 1.655185 2.018815 0.686077 3.595110 0.898778 2.000000 1.000000 1.000000 0.500000 0.000000 0.000000 1 
2510 1.838000 1.484352 2.204785 1.120037 1.120037 -0.364315 -0.182158 1.655842 2.020158 0.685960 3.600483 0.900121 2.000000 1.000000 1.000000 0.500000 0.000000 0.000000 1 
2511 1.839000 1.485038 2.208386 1.120037 1.120037 -0.365001 -0.182501 1.656499 2.021501 0.685845 3.605854 0.901464 2.000000 1.000000 1.000000 0.500000 0.000000 0.000000 1 
2512 1.840000 1.485724 2.211992 1.120037 1.120037 -0.365687 -0.182844 1.657156 2.022844 0.685730 3.611226 0.902807 2.000000 1.000000 1.000000 0.500000 0.000000 0.000000 1 
2513 1.841000 1.486410 2.215603 1.120037 1.120037 -0.366373 -0.183186 1.657814 2.024186 0.685615 3.616598 0.904149 2.000000 1.000000 1.000000 0.500000 0.000000 0.000000 1 
2514 1.842000 1.487095 2.219219 1.120037 1.120037 -0.367058 -0.183529 1.658471 2.025529 0.685501 3.621969 0.905492 2.000000 1.000000 1.000000 0.500000 0.000000 0.000000 1 
2515 1.843000 1.487781 2.222841 1.120037 1.120037 -0.367744 -0.183872 1.659128 2.026872 0.685388 3.627340 0.906835 2.000000 1.000000 1.000000 0.500000 0.000000 0.000000 1 
2516 1.844000 1.488466 2.226469 1.120037 1.120037 -0.368429 -0.184215 1.659785 2.028215 0.685276 3.632711 0.908178 2.000000 1.000000 1.000000 0.500000 0.000000 0.000000 1 
2517 1.845000 1.489152 2.230101 1.120037 1.120037 -0.369115 -0.184557 1.660443 2.029557 0.685164 3.638081 0.909520 2.000000 1.000000 1.000000 0.500000 0.000000 0.000000 1 
2518 1.846000 1.489837 2.233740 1.120037 1.120037 -0.369800 -0.184900 1.661100 2.030900 0.685053 3.643452 0.910863 2.000000 1.000000 1.000000 0.500000 0.000000 0.000000 1 
2519 1.847000 1.490522 2.237383 1.120037 1.120037 -0.370485 -0.185242 1.661758 2.032242 0.684943 3.648822 0.912205 2.000000 1.000000 1.000000 0.500000 0.000000 0.000000 1 
2520 1.848000 1.491207 2.241032 1.120037 1.120037 -0.371170 -0.185585 1.662415 2.033585 0.684833 3.654192 0.913548 2.000000 1.000000 1.000000 0.500000 0.000000 0.000000 1 
2521 1.849000 1.491892 2.244686 1.120037 1.120037 -0.371855 -0.185927 1.663073 2.034927 0.684724 3.659561 0.914890 2.000000 1.000000 1.000000 0.500000 0.000000 0.000000 1 
2522 1.850000 1.492576 2.248346 1.120037 1.120037 -0.372539 -0.186270 1.663730 2.036270 0.684616 3.664931 0.916233 2.000000 1.000000 1.000000 0.500000 0.000000 0.000000 1 
2523 1.851000 1.493261 2.252011 1.120037 1.120037 -0.373224 -0.186612 1.664388 2.037612 0.684508 3.670300 0.917575 2.000000 1.000000 1.000000 0.500000 0.000000 0.000000 1 
2524 1.852000 1.493945 2.255681 1.120037 1.120037 -0.373908 -0.186954 1.665046 2.038954 0.684401 3.675669 0.918917 2.000000 1.000000 1.000000 0.500000 0.000000 0.000000 1 
2525 1.853000 1.494630 2.259357 1.120037 1.120037 -0.374593 -0.187296 1.665704 2.040296 0.684295 3.681038 0.920259 2.000000 1.000000 1.000000 0.500000 0.000000 0.000000 1 
2526 1.854000 1.495314 2.263038 1.120037 1.120037 -0.375277 -0.187639 1.666361 2.041639 0.684189 3.686406 0.921602 2.000000 1.000000 1.000000 0.500000 0.000000 0.000000 1 
2527 1.855000 1.495998 2.266724 1.120037 1.120037 -0.375961 -0.187981 1.667019 2.042981 0.684084 3.691775 0.922944 2.000000 1.000000 1.000000 0.500000 0.000000 0.000000 1 
2528 1.856000 1.496682 2.270416 1.120037 1.120037 -0.376645 -0.188323 1.667677 2.044323 0.683980 3.697143 0.924286 2.000000 1.000000 1.000000 0.500000 0.000000 0.000000 1 
2529 1.857000 1.497366 2.274113 1.120037 1.120037 -0.377329 -0.188665 1.668335 2.045665 0.683876 3.702511 0.925628 2.000000 1.000000 1.000000 0.500000 0.000000 0.000000 1 
2530 1.858000 1.498050 2.277815 1.120037 1.120037 -0.378013 -0.189007 1.668993 2.047007 0.683772 3.707879 0.926970 2.000000 1.000000 1.000000 0.500000 0.000000 0.000000 1 
2531 1.859000 1.498734 2.281523 1.120037 1.120037 -0.378697 -0.189349 1.669651 2.048349 0.683670 3.713246 0.928312 2.000000 1.000000 1.000000 0.500000 0.000000 0.000000 1 
2532 1.860000 1.499418 2.285237 1.120037 1.120037 -0.379381 -0.189690 1.670310 2.049690 0.683568 3.718613 0.929653 2.000000 1.000000 1.000000 0.500000 0.000000 0.000000 1 
2533 1.861000 1.500101 2.288955 1.120037 1.120037 -0.380064 -0.190032 1.670968 2.051032 0.683466 3.723981 0.930995 2.000000 1.000000 1.000000 0.500000 0.000000 0.000000 1 
2534 1.862000 1.500785 2.292679 1.120037 1.120037 -0.380748 -0.190374 1.671626 2.052374 0.683366 3.729347 0.932337 2.000000 1.000000 1.000000 0.500000 0.000000 0.000000 1 
2535 1.863000 1.501468 2.296408 1.120037 1.120037 -0.381431 -0.190716 1.672284 2.053716 0.683265 3.734714 0.933679 2.000000 1.000000 1.000000 0.500000 0.000000 0.000000 1 
2536 1.864000 1.502151 2.300143 1.120037 1.120037 -0.382114 -0.191057 1.672943 2.055057 0.683166 3.740081 0.935020 2.000000 1.000000 1.000000 0.500000 0.000000 0.000000 1 
2537 1.865000 1.502835 2.303883 1.120037 1.120037 -0.382798 -0.191399 1.673601 2.056399 0.683067 3.745447 0.936362 2.000000 1.000000 1.000000 0.500000 0.000000 0.000000 1 
2538 1.866000 1.503518 2.307629 1.120037 1.120037 -0.383481 -0.191740 1.674260 2.057740 0.682968 3.750813 0.937703 2.000000 1.000000 1.000000 0.500000 0.000000 0.000000 1 
2539 1.867000 1.504201 2.311379 1.120037 1.120037 -0.384164 -0.192082 1.674918 2.059082 0.682871 3.756179 0.939045 2.000000 1.000000 1.000000 0.500000 0.000000 0.000000 1 
2540 1.868000 1.504883 2.315136 1.120037 1.120037 -0.384846 -0.192423 1.675577 2.060423 0.682773 3.761545 0.940386 2.000000 1.000000 1.000000 0.500000 0.000000 0.000000 1 
2541 1.869000 1.505566 2.318897 1.120037 1.120037 -0.385529 -0.192765 1.676235 2.061765 0.682677 3.766910 0.941728 2.000000 1.000000 1.000000 0.500000 0.000000 0.000000 1 
2542 1.870000 1.506249 2.322664 1.120037 1.120037 -0.386212 -0.193106 1.676894 2.063106 0.682581 3.772276 0.943069 2.000000 1.000000 1.000000 0.500000 0.000000 0.000000 1 
2543 1.871000 1.506931 2.326436 1.120037 1.120037 -0.386894 -0.193447 1.677553 2.064447 0.682485 3.777641 0.944410 2.000000 1.000000 1.000000 0.500000 0.000000 0.000000 1 
2544 1.872000 1.507614 2.330214 1.120037 1.120037 -0.387577 -0.193788 1.678212 2.065788 0.682390 3.783006 0.945751 2.000000 1.000000 1.000000 0.500000 0.000000 0.000000 1 
2545 1.873000 1.508296 2.333997 1.120037 1.120037 -0.388259 -0.194130 1.678870 2.067130 0.682296 3.788371 0.947093 2.000000 1.000000 1.000000 0.500000 0.000000 0.000000 1 
2546 1.874000 1.508979 2.337785 1.120037 1.120037 -0.388942 -0.194471 1.679529 2.068471 0.682202 3.793735 0.948434 2.000000 1.000000 1.000000 0.500000 0.000000 0.000000 1 
2547 1.875000 1.509661 2.341579 1.120037 1.120037 -0.389624 -0.194812 1.680188 2.069812 0.682109 3.799100 0.949775 2.000000 1.000000 1.000000 0.500000 0.000000 0.000000 1 
2548 1.876000 1.510343 2.345378 1.120037 1.120037 -0.390306 -0.195153 1.680847 2.071153 0.682016 3.804464 0.951116 2.000000 1.000000 1.000000 0.500000 0.000000 0.000000 1 
2549 1.877000 1.511025 2.349183 1.120037 1.120037 -0.390988 -0.195494 1.681506 2.072494 0.681924 3.809828 0.952457 2.000000 1.000000 1.000000 0.500000 0.000000 0.000000 1 
2550 1.878000 1.511707 2.352993 1.120037 1.120037 -0.391670 -0.195835 1.682165 2.073835 0.681833 3.815192 0.953798 2.000000 1.000000 1.000000 0.500000 0.000000 0.000000 1 
2551 1.879000 1.512389 2.356808 1.120037 1.120037 -0.392352 -0.196176 1.682824 2.075176 0.681742 3.820555 0.955139 2.000000 1.000000 1.000000 0.500000 0.000000 0.000000 1 
2552 1.880000 1.513070 2.360628 1.120037 1.120037 -0.393033 -0.196517 1.683483 2.076517 0.681651 3.825919 0.956480 2.000000 1.000000 1.000000 0.500000 0.000000 0.000000 1 
2553 1.881000 1.513752 2.364454 1.120037 1.120037 -0.393715 -0.196858 1.684142 2.077858 0.681561 3.831282 0.957821 2.000000 1.000000 1.000000 0.500000 0.000000 0.000000 1 
2554 1.882000 1.514434 2.368286 1.120037 1.120037 -0.394397 -0.197198 1.684802 2.079198 0.681472 3.836645 0.959161 2.000000 1.000000 1.000000 0.500000 0.000000 0.000000 1 
2555 1.883000 1.515115 2.372122 1.120037 1.120037 -0.395078 -0.197539 1.685461 2.080539 0.681383 3.842008 0.960502 2.000000 1.000000 1.000000 0.500000 0.000000 0.000000 1 
2556 1.884000 1.515797 2.375964 1.120037 1.120037 -0.395760 -0.197880 1.686120 2.081880 0.681295 3.847371 0.961843 2.000000 1.000000 1.000000 0.500000 0.000000 0.000000 1 
2557 1.885000 1.516478 2.379812 1.120037 1.120037 -0.396441 -0.198220 1.686780 2.083220 0.681207 3.852734 0.963183 2.000000 1.000000 1.000000 0.500000 0.000000 0.000000 1 
2558 1.886000 1.517159 2.383664 1.120037 1.120037 -0.397122 -0.198561 1.687439 2.084561 0.681120 3.858096 0.964524 2.000000 1.000000 1.000000 0.500000 0.000000 0.000000 1 
2559 1.887000 1.517840 2.387522 1.120037 1.120037 -0.397803 -0.198902 1.688098 2.085902 0.681033 3.863458 0.965865 2.000000 1.000000 1.000000 0.500000 0.000000 0.000000 1 
2560 1.888000 1.518521 2.391386 1.120037 1.120037 -0.398484 -0.199242 1.688758 2.087242 0.680947 3.868820 0.967205 2.000000 1.000000 1.000000 0.500000 0.000000 0.000000 1 
2561 1.889000 1.519202 2.395255 1.120037 1.120037 -0.399165 -0.199583 1.689417 2.088583 0.680861 3.874182 0.968546 2.000000 1.000000 1.000000 0.500000 0.000000 0.000000 1 
2562 1.890000 1.519883 2.399129 1.120037 1.120037 -0.399846 -0.199923 1.690077 2.089923 0.680776 3.879544 0.969886 2.000000 1.000000 1.000000 0.500000 0.000000 0.000000 1 
2563 1.891000 1.520564 2.403008 1.120037 1.120037 -0.400527 -0.200263 1.690737 2.091263 0.680691 3.884906 0.971226 2.000000 1.000000 1.000000 0.500000 0.000000 0.000000 1 
2564 1.892000 1.521244 2.406893 1.120037 1.120037 -0.401207 -0.200604 1.691396 2.092604 0.680607 3.890267 0.972567 2.000000 1.000000 1.000000 0.500000 0.000000 0.000000 1 
2565 1.893000 1.521925 2.410784 1.120037 1.120037 -0.401888 -0.200944 1.692056 2.093944 0.680524 3.895628 0.973907 2.000000 1.000000 1.000000 0.500000 0.000000 0.000000 1 
2566 1.894000 1.522606 2.414679 1.120037 1.120037 -0.402569 -0.201284 1.692716 2.095284 0.680440 3.900989 0.975247 2.000000 1.000000 1.000000 0.500000 0.000000 0.000000 1 
2567 1.895000 1.523286 2.418580 1.120037 1.120037 -0.403249 -0.201625 1.693375 2.096625 0.680358 3.906350 0.976588 2.000000 1.000000 1.000000 0.500000 0.000000 0.000000 1 
2568 1.896000 1.523966 2.422487 1.120037 1.120037 -0.403929 -0.201965 1.694035 2.097965 0.680276 3.911711 0.977928 2.000000 1.000000 1.000000 0.500000 0.000000 0.000000 1 
2569 1.897000 1.524647 2.426398 1.120037 1.120037 -0.404610 -0.202305 1.694695 2.099305 0.680194 3.917071 0.979268 2.000000 1.000000 1.000000 0.500000 0.000000 0.000000 1 
2570 1.898000 1.525327 2.430315 1.120037 1.120037 -0.405290 -0.202645 1.695355 2.100645 0.680113 3.922432 0.980608 2.000000 1.000000 1.000000 0.500000 0.000000 0.000000 1 
2571 1.899000 1.526007 2.434238 1.120037 1.120037 -0.405970 -0.202985 1.696015 2.101985 0.680032 3.927792 0.981948 2.000000 1.000000 1.000000 0.500000 0.000000 0.000000 1 
2572 1.900000 1.526687 2.438166 1.120037 1.120037 -0.406650 -0.203325 1.696675 2.103325 0.679952 3.933152 0.983288 2.000000 1.000000 1.000000 0.500000 0.000000 0.000000 1 
2573 1.901000 1.527367 2.442099 1.120037 1.120037 -0.407330 -0.203665 1.697335 2.104665 0.679872 3.938512 0.984628 2.000000 1.000000 1.000000 0.500000 0.000000 0.000000 1 
2574 1.902000 1.528047 2.446037 1.120037 1.120037 -0.408010 -0.204005 1.697995 2.106005 0.679793 3.943872 0.985968 2.000000 1.000000 1.000000 0.500000 0.000000 0.000000 1 
2575 1.903000 1.528727 2.449981 1.120037 1.120037 -0.408690 -0.204345 1.698655 2.107345 0.679714 3.949231 0.987308 2.000000 1.000000 1.000000 0.500000 0.000000 0.000000 1 
2576 1.904000 1.529406 2.453930 1.120037 1.120037 -0.409369 -0.204685 1.699315 2.108685 0.679636 3.954591 0.988648 2.000000 1.000000 1.000000 0.500000 0.000000 0.000000 1 
2577 1.905000 1.530086 2.457885 1.120037 1.120037 -0.410049 -0.205024 1.699976 2.110024 0.679558 3.959950 0.989987 2.000000 1.000000 1.000000 0.500000 0.000000 0.000000 1 
2578 1.906000 1.530766 2.461845 1.120037 1.120037 -0.410729 -0.205364 1.700636 2.111364 0.679481 3.965309 0.991327 2.000000 1.000000 1.000000 0.500000 0.000000 0.000000 1 
2579 1.907000 1.531445 2.465810 1.120037 1.120037 -0.411408 -0.205704 1.701296 2.112704 0.679404 3.970668 0.992667 2.000000 1.000000 1.000000 0.500000 0.000000 0.000000 1 
2580 1.908000 1.532124 2.469781 1.120037 1.120037 -0.412087 -0.206044 1.701956 2.114044 0.679327 3.976027 0.994007 2.000000 1.000000 1.000000 0.500000 0.000000 0.000000 1 
2581 1.909000 1.532804 2.473757 1.120037 1.120037 -0.412767 -0.206383 1.702617 2.115383 0.679252 3.981385 0.995346 2.000000 1.000000 1.000000 0.500000 0.000000 0.000000 1 
2582 1.910000 1.533483 2.477738 1.120037 1.120037 -0.413446 -0.206723 1.703277 2.116723 0.679176 3.986744 0.996686 2.000000 1.000000 1.000000 0.500000 0.000000 0.000000 1 
2583 1.911000 1.534162 2.481725 1.120037 1.120037 -0.414125 -0.207063 1.703937 2.118063 0.679101 3.992102 0.998026 2.000000 1.000000 1.000000 0.500000 0.000000 0.000000 1 
2584 1.912000 1.534841 2.485717 1.120037 1.120037 -0.414804 -0.207402 1.704598 2.119402 0.679026 3.997461 0.999365 2.000000 1.000000 1.000000 0.500000 0.000000 0.000000 1 
2585 1.913000 1.535520 2.489715 1.120037 1.120037 -0.415483 -0.207742 1.705258 2.120742 0.678952 4.002819 1.000705 2.000000 1.000000 1.000000 0.500000 0.000000 0.000000 1 
2586 1.914000 1.536199 2.493717 1.120037 1.120037 -0.416162 -0.208081 1.705919 2.122081 0.678878 4.008177 1.002044 2.000000 1.000000 1.000000 0.500000 0.000000 0.000000 1 
2587 1.915000 1.536878 2.497726 1.120037 1.120037 -0.416841 -0.208421 1.706579 2.123421 0.678805 4.013534 1.003384 2.000000 1.000000 1.000000 0.500000 0.000000 0.000000 1 
2588 1.916000 1.537557 2.501739 1.120037 1.120037 -0.417520 -0.208760 1.707240 2.124760 0.678732 4.018892 1.004723 2.000000 1.000000 1.000000 0.500000 0.000000 0.000000 1 
2589 1.917000 1.538236 2.505758 1.120037 1.120037 -0.418199 -0.209099 1.707901 2.126099 0.678660 4.024249 1.006062 2.000000 1.000000 1.000000 0.500000 0.000000 0.000000 1 
2590 1.918000 1.538914 2.509782 1.120037 1.120037 -0.418877 -0.209439 1.708561 2.127439 0.678588 4.029607 1.007402 2.000000 1.000000 1.000000 0.500000 0.000000 0.000000 1 
2591 1.919000 1.539593 2.513812 1.120037 1.120037 -0.419556 -0.209778 1.709222 2.128778 0.678516 4.034964 1.008741 2.000000 1.000000 1.000000 0.500000 0.000000 0.000000 1 
2592 1.920000 1.540271 2.517847 1.120037 1.120037 -0.420234 -0.210117 1.709883 2.130117 0.678445 4.040321 1.010080 2.000000 1.000000 1.000000 0.500000 0.000000 0.000000 1 
2593 1.921000 1.540950 2.521887 1.120037 1.120037 -0.420913 -0.210456 1.710544 2.131456 0.678375 4.045678 1.011419 2.000000 1.000000 1.000000 0.500000 0.000000 0.000000 1 
2594 1.922000 1.541628 2.525933 1.120037 1.120037 -0.421591 -0.210796 1.711204 2.132796 0.678304 4.051035 1.012759 2.000000 1.000000 1.000000 0.500000 0.000000 0.000000 1 
2595 1.923000 1.542307 2.529984 1.120037 1.120037 -0.422270 -0.211135 1.711865 2.134135 0.678235 4.056391 1.014098 2.000000 1.000000 1.000000 0.500000 0.000000 0.000000 1 
2596 1.924000 1.542985 2.534040 1.120037 1.120037 -0.422948 -0.211474 1.712526 2.135474 0.678165 4.061748 1.015437 2.000000 1.000000 1.000000 0.500000 0.000000 0.000000 1 
2597 1.925000 1.543663 2.538102 1.120037 1.120037 -0.423626 -0.211813 1.713187 2.136813 0.678096 4.067104 1.016776 2.000000 1.000000 1.000000 0.500000 0.000000 0.000000 1 
2598 1.926000 1.544341 2.542169 1.120037 1.120037 -0.424304 -0.212152 1.713848 2.138152 0.678028 4.072460 1.018115 2.000000 1.000000 1.000000 0.500000 0.000000 0.000000 1 
2599 1.927000 1.545019 2.546241 1.120037 1.120037 -0.424982 -0.212491 1.714509 2.139491 0.677960 4.077816 1.019454 2.000000 1.000000 1.000000 0.500000 0.000000 0.000000 1 
2600 1.928000 1.545697 2.550319 1.120037 1.120037 -0.425660 -0.212830 1.715170 2.140830 0.677892 4.083172 1.020793 2.000000 1.000000 1.000000 0.500000 0.000000 0.000000 1 
2601 1.929000 1.546375 2.554402 1.120037 1.120037 -0.426338 -0.213169 1.715831 2.142169 0.677824 4.088528 1.022132 2.000000 1.000000 1.000000 0.500000 0.000000 0.000000 1 
2602 1.930000 1.547053 2.558491 1.120037 1.120037 -0.427016 -0.213508 1.716492 2.143508 0.677757 4.093884 1.023471 2.000000 1.000000 1.000000 0.500000 0.000000 0.000000 1 
2603 1.931000 1.547731 2.562585 1.120037 1.120037 -0.427694 -0.213847 1.717153 2.144847 0.677691 4.099239 1.024810 2.000000 1.000000 1.000000 0.500000 0.000000 0.000000 1 
2604 1.932000 1.548408 2.566684 1.120037 1.120037 -0.428371 -0.214186 1.717814 2.146186 0.677625 4.104594 1.026149 2.000000 1.000000 1.000000 0.500000 0.000000 0.000000 1 
2605 1.933000 1.549086 2.570789 1.120037 1.120037 -0.429049 -0.214524 1.718476 2.147524 0.677559 4.109950 1.027487 2.000000 1.000000 1.000000 0.500000 0.000000 0.000000 1 
2606 1.934000 1.549763 2.574899 1.120037 1.120037 -0.429726 -0.214863 1.719137 2.148863 0.677494 4.115305 1.028826 2.000000 1.000000 1.000000 0.500000 0.000000 0.000000 1 
2607 1.935000 1.550441 2.579014 1.120037 1.120037 -0.430404 -0.215202 1.719798 2.150202 0.677429 4.120660 1.030165 2.000000 1.000000 1.000000 0.500000 0.000000 0.000000 1 
2608 1.936000 1.551118 2.583135 1.120037 1.120037 -0.431081 -0.215541 1.720459 2.151541 0.677364 4.126015 1.031504 2.000000 1.000000 1.000000 0.500000 0.000000 0.000000 1 
2609 1.937000 1.551796 2.587261 1.120037 1.120037 -0.431759 -0.215879 1.721121 2.152879 0.677300 4.131369 1.032842 2.000000 1.000000 1.000000 0.500000 0.000000 0.000000 1 
2610 1.938000 1.552473 2.591392 1.120037 1.120037 -0.432436 -0.216218 1.721782 2.154218 0.677236 4.136724 1.034181 2.000000 1.000000 1.000000 0.500000 0.000000 0.000000 1 
2611 1.939000 1.553150 2.595529 1.120037 1.120037 -0.433113 -0.216557 1.722443 2.155557 0.677173 4.142078 1.035520 2.000000 1.000000 1.000000 0.500000 0.000000 0.000000 1 
2612 1.940000 1.553827 2.599671 1.120037 1.120037 -0.433790 -0.216895 1.723105 2.156895 0.677110 4.147433 1.036858 2.000000 1.000000 1.000000 0.500000 0.000000 0.000000 1 
2613 1.941000 1.554504 2.603818 1.120037 1.120037 -0.434467 -0.217234 1.723766 2.158234 0.677047 4.152787 1.038197 2.000000 1.000000 1.000000 0.500000 0.000000 0.000000 1 
2614 1.942000 1.555182 2.607971 1.120037 1.120037 -0.435145 -0.217572 1.724428 2.159572 0.676985 4.158141 1.039535 2.000000 1.000000 1.000000 0.500000 0.000000 0.000000 1 
2615 1.943000 1.555859 2.612129 1.120037 1.120037 -0.435822 -0.217911 1.725089 2.160911 0.676923 4.163495 1.040874 2.000000 1.000000 1.000000 0.500000 0.000000 0.000000 1 
2616 1.944000 1.556535 2.616293 1.120037 1.120037 -0.436498 -0.218249 1.725751 2.162249 0.676861 4.168849 1.042212 2.000000 1.000000 1.000000 0.500000 0.000000 0.000000 1 
2617 1.945000 1.557212 2.620462 1.120037 1.120037 -0.437175 -0.218588 1.726412 2.163588 0.676800 4.174203 1.043551 2.000000 1.000000 1.000000 0.500000 0.000000 0.000000 1 
2618 1.946000 1.557889 2.624636 1.120037 1.120037 -0.437852 -0.218926 1.727074 2.164926 0.676739 4.179556 1.044889 2.000000 1.000000 1.000000 0.500000 0.000000 0.000000 1 
2619 1.947000 1.558566 2.628815 1.120037 1.120037 -0.438529 -0.219264 1.727736 2.166264 0.676679 4.184910 1.046227 2.000000 1.000000 1.000000 0.500000 0.000000 0.000000 1 
2620 1.948000 1.559243 2.633000 1.120037 1.120037 -0.439206 -0.219603 1.728397 2.167603 0.676619 4.190263 1.047566 2.000000 1.000000 1.000000 0.500000 0.000000 0.000000 1 
2621 1.949000 1.559919 2.637190 1.120037 1.120037 -0.439882 -0.219941 1.729059 2.168941 0.676559 4.195616 1.048904 2.000000 1.000000 1.000000 0.500000 0.000000 0.000000 1 
2622 1.950000 1.560596 2.641386 1.120037 1.120037 -0.440559 -0.220279 1.729721 2.170279 0.676500 4.200969 1.050242 2.000000 1.000000 1.000000 0.500000 0.000000 0.000000 1 
2623 1.951000 1.561272 2.645587 1.120037 1.120037 -0.441235 -0.220618 1.730382 2.171618 0.676441 4.206322 1.051581 2.000000 1.000000 1.000000 0.500000 0.000000 0.000000 1 
2624 1.952000 1.561949 2.649793 1.120037 1.120037 -0.441912 -0.220956 1.731044 2.172956 0.676382 4.211675 1.052919 2.000000 1.000000 1.000000 0.500000 0.000000 0.000000 1 
2625 1.953000 1.562625 2.654005 1.120037 1.120037 -0.442588 -0.221294 1.731706 2.174294 0.676324 4.217028 1.054257 2.000000 1.000000 1.000000 0.500000 0.000000 0.000000 1 
2626 1.954000 1.563301 2.658222 1.120037 1.120037 -0.443264 -0.221632 1.732368 2.175632 0.676266 4.222381 1.055595 2.000000 1.000000 1.000000 0.500000 0.000000 0.000000 1 
2627 1.955000 1.563978 2.662444 1.120037 1.120037 -0.443941 -0.221970 1.733030 2.176970 0.676208 4.227733 1.056933 2.000000 1.000000 1.000000 0.500000 0.000000 0.000000 1 
2628 1.956000 1.564654 2.666672 1.120037 1.120037 -0.444617 -0.222308 1.733692 2.178308 0.676151 4.233086 1.058271 2.000000 1.000000 1.000000 0.500000 0.000000 0.000000 1 
2629 1.957000 1.565330 2.670905 1.120037 1.120037 -0.445293 -0.222646 1.734354 2.179646 0.676094 4.238438 1.059609 2.000000 1.000000 1.000000 0.500000 0.000000 0.000000 1 
2630 1.958000 1.566006 2.675144 1.120037 1.120037 -0.445969 -0.222985 1.735015 2.180985 0.676038 4.243790 1.060948 2.000000 1.000000 1.000000 0.500000 0.000000 0.000000 1 
2631 1.959000 1.566682 2.679387 1.120037 1.120037 -0.446645 -0.223323 1.735677 2.182323 0.675981 4.249142 1.062286 2.000000 1.000000 1.000000 0.500000 0.000000 0.000000 1 
2632 1.960000 1.567358 2.683637 1.120037 1.120037 -0.447321 -0.223661 1.736339 2.183661 0.675925 4.254494 1.063624 2.000000 1.000000 1.000000 0.500000 0.000000 0.000000 1 
2633 1.961000 1.568034 2.687891 1.120037 1.120037 -0.447997 -0.223999 1.737001 2.184999 0.675870 4.259846 1.064962 2.000000 1.000000 1.000000 0.500000 0.000000 0.000000 1 
2634 1.962000 1.568710 2.692151 1.120037 1.120037 -0.448673 -0.224336 1.737664 2.186336 0.675815 4.265198 1.066299 2.000000 1.000000 1.000000 0.500000 0.000000 0.000000 1 
2635 1.963000 1.569386 2.696416 1.120037 1.120037 -0.449349 -0.224674 1.738326 2.187674 0.675760 4.270549 1.067637 2.000000 1.000000 1.000000 0.500000 0.000000 0.000000 1 
2636 1.964000 1.570061 2.700687 1.120037 1.120037 -0.450024 -0.225012 1.738988 2.189012 0.675705 4.275901 1.068975 2.000000 1.000000 1.000000 0.500000 0.000000 0.000000 1 
2637 1.965000 1.570737 2.704963 1.120037 1.120037 -0.450700 -0.225350 1.739650 2.190350 0.675651 4.281252 1.070313 2.000000 1.000000 1.000000 0.500000 0.000000 0.000000 1 
2638 1.966000 1.571413 2.709244 1.120037 1.120037 -0.451376 -0.225688 1.740312 2.191688 0.675597 4.286604 1.071651 2.000000 1.000000 1.000000 0.500000 0.000000 0.000000 1 
2639 1.967000 1.572088 2.713530 1.120037 1.120037 -0.452051 -0.226026 1.740974 2.193026 0.675544 4.291955 1.072989 2.000000 1.000000 1.000000 0.500000 0.000000 0.000000 1 
2640 1.968000 1.572764 2.717822 1.120037 1.120037 -0.452727 -0.226363 1.741637 2.194363 0.675490 4.297306 1.074326 2.000000 1.000000 1.000000 0.500000 0.000000 0.000000 1 
2641 1.969000 1.573439 2.722120 1.120037 1.120037 -0.453402 -0.226701 1.742299 2.195701 0.675437 4.302657 1.075664 2.000000 1.000000 1.000000 0.500000 0.000000 0.000000 1 
2642 1.970000 1.574115 2.726422 1.120037 1.120037 -0.454078 -0.227039 1.742961 2.197039 0.675385 4.308008 1.077002 2.000000 1.000000 1.000000 0.500000 0.000000 0.000000 1 
2643 1.971000 1.574790 2.730730 1.120037 1.120037 -0.454753 -0.227377 1.743623 2.198377 0.675332 4.313359 1.078340 2.000000 1.000000 1.000000 0.500000 0.000000 0.000000 1 
2644 1.972000 1.575466 2.735044 1.120037 1.120037 -0.455429 -0.227714 1.744286 2.199714 0.675280 4.318709 1.079677 2.000000 1.000000 1.000000 0.500000 0.000000 0.000000 1 
2645 1.973000 1.576141 2.739362 1.120037 1.120037 -0.456104 -0.228052 1.744948 2.201052 0.675229 4.324060 1.081015 2.000000 1.000000 1.000000 0.500000 0.000000 0.000000 1 
2646 1.974000 1.576816 2.743687 1.120037 1.120037 -0.456779 -0.228390 1.745610 2.202390 0.675177 4.329410 1.082353 2.000000 1.000000 1.000000 0.500000 0.000000 0.000000 1 
2647 1.975000 1.577491 2.748016 1.120037 1.120037 -0.457454 -0.228727 1.746273 2.203727 0.675126 4.334761 1.083690 2.000000 1.000000 1.000000 0.500000 0.000000 0.000000 1 
2648 1.976000 1.578166 2.752351 1.120037 1.120037 -0.458129 -0.229065 1.746935 2.205065 0.675076 4.340111 1.085028 2.000000 1.000000 1.000000 0.500000 0.000000 0.000000 1 
2649 1.977000 1.578841 2.756691 1.120037 1.120037 -0.458804 -0.229402 1.747598 2.206402 0.675025 4.345461 1.086365 2.000000 1.000000 1.000000 0.500000 0.000000 0.000000 1 
2650 1.978000 1.579517 2.761036 1.120037 1.120037 -0.459480 -0.229740 1.748260 2.207740 0.674975 4.350811 1.087703 2.000000 1.000000 1.000000 0.500000 0.000000 0.000000 1 
2651 1.979000 1.580191 2.765387 1.120037 1.120037 -0.460154 -0.230077 1.748923 2.209077 0.674925 4.356161 1.089040 2.000000 1.000000 1.000000 0.500000 0.000000 0.000000 1 
2652 1.980000 1.580866 2.769743 1.120037 1.120037 -0.460829 -0.230415 1.749585 2.210415 0.674875 4.361511 1.090378 2.000000 1.000000 1.000000 0.500000 0.000000 0.000000 1 
2653 1.981000 1.581541 2.774105 1.120037 1.120037 -0.461504 -0.230752 1.750248 2.211752 0.674826 4.366861 1.091715 2.000000 1.000000 1.000000 0.500000 0.000000 0.000000 1 
2654 1.982000 1.582216 2.778472 1.120037 1.120037 -0.462179 -0.231090 1.750910 2.213090 0.674777 4.372210 1.093053 2.000000 1.000000 1.000000 0.500000 0.000000 0.000000 1 
2655 1.983000 1.582891 2.782844 1.120037 1.120037 -0.462854 -0.231427 1.751573 2.214427 0.674729 4.377560 1.094390 2.000000 1.000000 1.000000 0.500000 0.000000 0.000000 1 
2656 1.984000 1.583566 2.787221 1.120037 1.120037 -0.463529 -0.231764 1.752236 2.215764 0.674680 4.382909 1.095727 2.000000 1.000000 1.000000 0.500000 0.000000 0.000000 1 
2657 1.985000 1.584240 2.791604 1.120037 1.120037 -0.464203 -0.232102 1.752898 2.217102 0.674632 4.388259 1.097065 2.000000 1.000000 1.000000 0.500000 0.000000 0.000000 1 
2658 1.986000 1.584915 2.795993 1.120037 1.120037 -0.464878 -0.232439 1.753561 2.218439 0.674584 4.393608 1.098402 2.000000 1.000000 1.000000 0.500000 0.000000 0.000000 1 
2659 1.987000 1.585590 2.800386 1.120037 1.120037 -0.465553 -0.232776 1.754224 2.219776 0.674537 4.398957 1.099739 2.000000 1.000000 1.000000 0.500000 0.000000 0.000000 1 
2660 1.988000 1.586264 2.804785 1.120037 1.120037 -0.466227 -0.233114 1.754886 2.221114 0.674490 4.404306 1.101077 2.000000 1.000000 1.000000 0.500000 0.000000 0.000000 1 
2661 1.989000 1.586939 2.809189 1.120037 1.120037 -0.466902 -0.233451 1.755549 2.222451 0.674443 4.409655 1.102414 2.000000 1.000000 1.000000 0.500000 0.000000 0.000000 1 
2662 1.990000 1.587613 2.813599 1.120037 1.120037 -0.467576 -0.233788 1.756212 2.223788 0.674396 4.415004 1.103751 2.000000 1.000000 1.000000 0.500000 0.000000 0.000000 1 
2663 1.991000 1.588287 2.818014 1.120037 1.120037 -0.468250 -0.234125 1.756875 2.225125 0.674350 4.420353 1.105088 2.000000 1.000000 1.000000 0.500000 0.000000 0.000000 1 
2664 1.992000 1.588962 2.822434 1.120037 1.120037 -0.468925 -0.234462 1.757538 2.226462 0.674304 4.425701 1.106425 2.000000 1.000000 1.000000 0.500000 0.000000 0.000000 1 
2665 1.993000 1.589636 2.826860 1.120037 1.120037 -0.469599 -0.234800 1.758200 2.227800 0.674258 4.431050 1.107763 2.000000 1.000000 1.000000 0.500000 0.000000 0.000000 1 
2666 1.994000 1.590310 2.831291 1.120037 1.120037 -0.470273 -0.235137 1.758863 2.229137 0.674212 4.436399 1.109100 2.000000 1.000000 1.000000 0.500000 0.000000 0.000000 1 
2667 1.995000 1.590985 2.835728 1.120037 1.120037 -0.470948 -0.235474 1.759526 2.230474 0.674167 4.441747 1.110437 2.000000 1.000000 1.000000 0.500000 0.000000 0.000000 1 
2668 1.996000 1.591659 2.840169 1.120037 1.120037 -0.471622 -0.235811 1.760189 2.231811 0.674122 4.447095 1.111774 2.000000 1.000000 1.000000 0.500000 0.000000 0.000000 1 
2669 1.997000 1.592333 2.844616 1.120037 1.120037 -0.472296 -0.236148 1.760852 2.233148 0.674077 4.452444 1.113111 2.000000 1.000000 1.000000 0.500000 0.000000 0.000000 1 
2670 1.998000 1.593007 2.849069 1.120037 1.120037 -0.472970 -0.236485 1.761515 2.234485 0.674033 4.457792 1.114448 2.000000 1.000000 1.000000 0.500000 0.000000 0.000000 1 
2671 1.999000 1.593681 2.853527 1.120037 1.120037 -0.473644 -0.236822 1.762178 2.235822 0.673989 4.463140 1.115785 2.000000 1.000000 1.000000 0.500000 0.000000 0.000000 1 
2672 2.000000 1.594355 2.857990 1.120037 1.120037 -0.474318 -0.237159 1.762841 2.237159 0.673945 4.468488 1.117122 2.000000 1.000000 1.000000 0.500000 0.000000 0.000000 1 
2673 2.001000 1.595029 2.862458 1.120037 1.120037 -0.474992 -0.237496 1.763504 2.238496 0.673901 4.473836 1.118459 2.000000 1.000000 1.000000 0.500000 0.000000 0.000000 1 
2674 2.002000 1.595703 2.866932 1.120037 1.120037 -0.475666 -0.237833 1.764167 2.239833 0.673858 4.479183 1.119796 2.000000 1.000000 1.000000 0.500000 0.000000 0.000000 1 
2675 2.003000 1.596377 2.871411 1.120037 1.120037 -0.476340 -0.238170 1.764830 2.241170 0.673814 4.484531 1.121133 2.000000 1.000000 1.000000 0.500000 0.000000 0.000000 1 
2676 2.004000 1.597050 2.875896 1.120037 1.120037 -0.477013 -0.238507 1.765493 2.242507 0.673772 4.489879 1.122470 2.000000 1.000000 1.000000 0.500000 0.000000 0.000000 1 
2677 2.005000 1.597724 2.880386 1.120037 1.120037 -0.477687 -0.238844 1.766156 2.243844 0.673729 4.495226 1.123807 2.000000 1.000000 1.000000 0.500000 0.000000 0.000000 1 
2678 2.006000 1.598398 2.884881 1.120037 1.120037 -0.478361 -0.239180 1.766820 2.245180 0.673687 4.500574 1.125143 2.000000 1.000000 1.000000 0.500000 0.000000 0.000000 1 
2679 2.007000 1.599072 2.889382 1.120037 1.120037 -0.479035 -0.239517 1.767483 2.246517 0.673644 4.505921 1.126480 2.000000 1.000000 1.000000 0.500000 0.000000 0.000000 1 
2680 2.008000 1.599745 2.893887 1.120037 1.120037 -0.479708 -0.239854 1.768146 2.247854 0.673603 4.511268 1.127817 2.000000 1.000000 1.000000 0.500000 0.000000 0.000000 1 
2681 2.009000 1.600419 2.898399 1.120037 1.120037 -0.480382 -0.240191 1.768809 2.249191 0.673561 4.516616 1.129154 2.000000 1.000000 1.000000 0.500000 0.000000 0.000000 1 
2682 2.010000 1.601092 2.902915 1.120037 1.120037 -0.481055 -0.240528 1.769472 2.250528 0.673520 4.521963 1.130491 2.000000 1.000000 1.000000 0.500000 0.000000 0.000000 1 
2683 2.011000 1.601766 2.907437 1.120037 1.120037 -0.481729 -0.240864 1.770136 2.251864 0.673478 4.527310 1.131827 2.000000 1.000000 1.000000 0.500000 0.000000 0.000000 1 
2684 2.012000 1.602439 2.911965 1.120037 1.120037 -0.482402 -0.241201 1.770799 2.253201 0.673438 4.532657 1.133164 2.000000 1.000000 1.000000 0.500000 0.000000 0.000000 1 
2685 2.013000 1.603113 2.916497 1.120037 1.120037 -0.483076 -0.241538 1.771462 2.254538 0.673397 4.538004 1.134501 2.000000 1.000000 1.000000 0.500000 0.000000 0.000000 1 
2686 2.014000 1.603786 2.921035 1.120037 1.120037 -0.483749 -0.241875 1.772125 2.255875 0.673357 4.543350 1.135838 2.000000 1.000000 1.000000 0.500000 0.000000 0.000000 1 
2687 2.015000 1.604460 2.925579 1.120037 1.120037 -0.484423 -0.242211 1.772789 2.257211 0.673316 4.548697 1.137174 2.000000 1.000000 1.000000 0.500000 0.000000 0.000000 1 
2688 2.016000 1.605133 2.930127 1.120037 1.120037 -0.485096 -0.242548 1.773452 2.258548 0.673277 4.554044 1.138511 2.000000 1.000000 1.000000 0.500000 0.000000 0.000000 1 
2689 2.017000 1.605806 2.934681 1.120037 1.120037 -0.485769 -0.242885 1.774115 2.259885 0.673237 4.559390 1.139848 2.000000 1.000000 1.000000 0.500000 0.000000 0.000000 1 
2690 2.018000 1.606479 2.939241 1.120037 1.120037 -0.486442 -0.243221 1.774779 2.261221 0.673197 4.564737 1.141184 2.000000 1.000000 1.000000 0.500000 0.000000 0.000000 1 
2691 2.019000 1.607153 2.943805 1.120037 1.120037 -0.487116 -0.243558 1.775442 2.262558 0.673158 4.570083 1.142521 2.000000 1.000000 1.000000 0.500000 0.000000 0.000000 1 
2692 2.020000 1.607826 2.948376 1.120037 1.120037 -0.487789 -0.243894 1.776106 2.263894 0.673119 4.575430 1.143857 2.000000 1.000000 1.000000 0.500000 0.000000 0.000000 1 
2693 2.021000 1.608499 2.952951 1.120037 1.120037 -0.488462 -0.244231 1.776769 2.265231 0.673081 4.580776 1.145194 2.000000 1.000000 1.000000 0.500000 0.000000 0.000000 1 
2694 2.022000 1.609172 2.957532 1.120037 1.120037 -0.489135 -0.244567 1.777433 2.266567 0.673042 4.586122 1.146530 2.000000 1.000000 1.000000 0.500000 0.000000 0.000000 1 
2695 2.023000 1.609845 2.962118 1.120037 1.120037 -0.489808 -0.244904 1.778096 2.267904 0.673004 4.591468 1.147867 2.000000 1.000000 1.000000 0.500000 0.000000 0.000000 1 
2696 2.024000 1.610518 2.966709 1.120037 1.120037 -0.490481 -0.245241 1.778759 2.269241 0.672966 4.596814 1.149204 2.000000 1.000000 1.000000 0.500000 0.000000 0.000000 1 
2697 2.025000 1.611191 2.971306 1.120037 1.120037 -0.491154 -0.245577 1.779423 2.270577 0.672928 4.602160 1.150540 2.000000 1.000000 1.000000 0.500000 0.000000 0.000000 1 
2698 2.026000 1.611864 2.975908 1.120037 1.120037 -0.491827 -0.245913 1.780087 2.271913 0.672890 4.607506 1.151876 2.000000 1.000000 1.000000 0.500000 0.000000 0.000000 1 
2699 2.027000 1.612537 2.980516 1.120037 1.120037 -0.492500 -0.246250 1.780750 2.273250 0.672853 4.612852 1.153213 2.000000 1.000000 1.000000 0.500000 0.000000 0.000000 1 
2700 2.028000 1.613210 2.985129 1.120037 1.120037 -0.493173 -0.246586 1.781414 2.274586 0.672816 4.618197 1.154549 2.000000 1.000000 1.000000 0.500000 0.000000 0.000000 1 
2701 2.029000 1.613882 2.989747 1.120037 1.120037 -0.493845 -0.246923 1.782077 2.275923 0.672779 4.623543 1.155886 2.000000 1.000000 1.000000 0.500000 0.000000 0.000000 1 
2702 2.030000 1.614555 2.994370 1.120037 1.120037 -0.494518 -0.247259 1.782741 2.277259 0.672742 4.628889 1.157222 2.000000 1.000000 1.000000 0.500000 0.000000 0.000000 1 
2703 2.031000 1.615228 2.998999 1.120037 1.120037 -0.495191 -0.247596 1.783404 2.278596 0.672706 4.634234 1.158559 2.000000 1.000000 1.000000 0.500000 0.000000 0.000000 1 
2704 2.032000 1.615901 3.003634 1.120037 1.120037 -0.495864 -0.247932 1.784068 2.279932 0.672670 4.639579 1.159895 2.000000 1.000000 1.000000 0.500000 0.000000 0.000000 1 
2705 2.033000 1.616573 3.008273 1.120037 1.120037 -0.496536 -0.248268 1.784732 2.281268 0.672634 4.644925 1.161231 2.000000 1.000000 1.000000 0.500000 0.000000 0.000000 1 
2706 2.034000 1.617246 3.012918 1.120037 1.120037 -0.497209 -0.248605 1.785395 2.282605 0.672598 4.650270 1.162568 2.000000 1.000000 1.000000 0.500000 0.000000 0.000000 1 
2707 2.035000 1.617919 3.017568 1.120037 1.120037 -0.497882 -0.248941 1.786059 2.283941 0.672562 4.655615 1.163904 2.000000 1.000000 1.000000 0.500000 0.000000 0.000000 1 
2708 2.036000 1.618591 3.022224 1.120037 1.120037 -0.498554 -0.249277 1.786723 2.285277 0.672527 4.660960 1.165240 2.000000 1.000000 1.000000 0.500000 0.000000 0.000000 1 
2709 2.037000 1.619264 3.026885 1.120037 1.120037 -0.499227 -0.249613 1.787387 2.286613 0.672492 4.666305 1.166576 2.000000 1.000000 1.000000 0.500000 0.000000 0.000000 1 
2710 2.038000 1.619936 3.031551 1.120037 1.120037 -0.499899 -0.249950 1.788050 2.287950 0.672457 4.671650 1.167913 2.000000 1.000000 1.000000 0.500000 0.000000 0.000000 1 
2711 2.039000 1.620609 3.036223 1.120037 1.120037 -0.500572 -0.250286 1.788714 2.289286 0.672422 4.676995 1.169249 2.000000 1.000000 1.000000 0.500000 0.000000 0.000000 1 
2712 2.040000 1.621281 3.040900 1.120037 1.120037 -0.501244 -0.250622 1.789378 2.290622 0.672388 4.682340 1.170585 2.000000 1.000000 1.000000 0.500000 0.000000 0.000000 1 
2713 2.041000 1.621953 3.045582 1.120037 1.120037 -0.501916 -0.250958 1.790042 2.291958 0.672353 4.687685 1.171921 2.000000 1.000000 1.000000 0.500000 0.000000 0.000000 1 
2714 2.042000 1.622626 3.050270 1.120037 1.120037 -0.502589 -0.251294 1.790706 2.293294 0.672319 4.693030 1.173257 2.000000 1.000000 1.000000 0.500000 0.000000 0.000000 1 
2715 2.043000 1.623298 3.054963 1.120037 1.120037 -0.503261 -0.251631 1.791369 2.294631 0.672285 4.698374 1.174594 2.000000 1.000000 1.000000 0.500000 0.000000 0.000000 1 
2716 2.044000 1.623970 3.059661 1.120037 1.120037 -0.503933 -0.251967 1.792033 2.295967 0.672251 4.703719 1.175930 2.000000 1.000000 1.000000 0.500000 0.000000 0.000000 1 
2717 2.045000 1.624643 3.064365 1.120037 1.120037 -0.504606 -0.252303 1.792697 2.297303 0.672218 4.709063 1.177266 2.000000 1.000000 1.000000 0.500000 0.000000 0.000000 1 
2718 2.046000 1.625315 3.069074 1.120037 1.120037 -0.505278 -0.252639 1.793361 2.298639 0.672185 4.714408 1.178602 2.000000 1.000000 1.000000 0.500000 0.000000 0.000000 1 
2719 2.047000 1.625987 3.073788 1.120037 1.120037 -0.505950 -0.252975 1.794025 2.299975 0.672152 4.719752 1.179938 2.000000 1.000000 1.000000 0.500000 0.000000 0.000000 1 
2720 2.048000 1.626659 3.078508 1.120037 1.120037 -0.506622 -0.253311 1.794689 2.301311 0.672119 4.725096 1.181274 2.000000 1.000000 1.000000 0.500000 0.000000 0.000000 1 
2721 2.049000 1.627331 3.083233 1.120037 1.120037 -0.507294 -0.253647 1.795353 2.302647 0.672086 4.730441 1.182610 2.000000 1.000000 1.000000 0.500000 0.000000 0.000000 1 
2722 2.050000 1.628003 3.087964 1.120037 1.120037 -0.507966 -0.253983 1.796017 2.303983 0.672053 4.735785 1.183946 2.000000 1.000000 1.000000 0.500000 0.000000 0.000000 1 
2723 2.051000 1.628675 3.092700 1.120037 1.120037 -0.508638 -0.254319 1.796681 2.305319 0.672021 4.741129 1.185282 2.000000 1.000000 1.000000 0.500000 0.000000 0.000000 1 
2724 2.052000 1.629348 3.097441 1.120037 1.120037 -0.509311 -0.254655 1.797345 2.306655 0.671989 4.746473 1.186618 2.000000 1.000000 1.000000 0.500000 0.000000 0.000000 1 
2725 2.053000 1.630019 3.102187 1.120037 1.120037 -0.509982 -0.254991 1.798009 2.307991 0.671957 4.751817 1.187954 2.000000 1.000000 1.000000 0.500000 0.000000 0.000000 1 
2726 2.054000 1.630691 3.106939 1.120037 1.120037 -0.510654 -0.255327 1.798673 2.309327 0.671925 4.757161 1.189290 2.000000 1.000000 1.000000 0.500000 0.000000 0.000000 1 
2727 2.055000 1.631363 3.111696 1.120037 1.120037 -0.511326 -0.255663 1.799337 2.310663 0.671894 4.762505 1.190626 2.000000 1.000000 1.000000 0.500000 0.000000 0.000000 1 
2728 2.056000 1.632035 3.116459 1.120037 1.120037 -0.511998 -0.255999 1.800001 2.311999 0.671862 4.767849 1.191962 2.000000 1.000000 1.000000 0.500000 0.000000 0.000000 1 
2729 2.057000 1.632707 3.121226 1.120037 1.120037 -0.512670 -0.256335 1.800665 2.313335 0.671831 4.773192 1.193298 2.000000 1.000000 1.000000 0.500000 0.000000 0.000000 1 
2730 2.058000 1.633379 3.126000 1.120037 1.120037 -0.513342 -0.256671 1.801329 2.314671 0.671800 4.778536 1.194634 2.000000 1.000000 1.000000 0.500000 0.000000 0.000000 1 
2731 2.059000 1.634051 3.130778 1.120037 1.120037 -0.514014 -0.257007 1.801993 2.316007 0.671769 4.783880 1.195970 2.000000 1.000000 1.000000 0.500000 0.000000 0.000000 1 
2732 2.060000 1.634723 3.135562 1.120037 1.120037 -0.514686 -0.257343 1.802657 2.317343 0.671739 4.789223 1.197306 2.000000 1.000000 1.000000 0.500000 0.000000 0.000000 1 
2733 2.061000 1.635394 3.140351 1.120037 1.120037 -0.515357 -0.257679 1.803321 2.318679 0.671708 4.794567 1.198642 2.000000 1.000000 1.000000 0.500000 0.000000 0.000000 1 
2734 2.062000 1.636066 3.145146 1.120037 1.120037 -0.516029 -0.258014 1.803986 2.320014 0.671678 4.799910 1.199977 2.000000 1.000000 1.000000 0.500000 0.000000 0.000000 1 
2735 2.063000 1.636738 3.149946 1.120037 1.120037 -0.516701 -0.258350 1.804650 2.321350 0.671648 4.805253 1.201313 2.000000 1.000000 1.000000 0.500000 0.000000 0.000000 1 
2736 2.064000 1.637409 3.154751 1.120037 1.120037 -0.517372 -0.258686 1.805314 2.322686 0.671618 4.810597 1.202649 2.000000 1.000000 1.000000 0.500000 0.000000 0.000000 1 
2737 2.065000 1.638081 3.159562 1.120037 1.120037 -0.518044 -0.259022 1.805978 2.324022 0.671588 4.815940 1.203985 2.000000 1.000000 1.000000 0.500000 0.000000 0.000000 1 
2738 2.066000 1.638753 3.164378 1.120037 1.120037 -0.518716 -0.259358 1.806642 2.325358 0.671559 4.821283 1.205321 2.000000 1.000000 1.000000 0.500000 0.000000 0.000000 1 
2739 2.067000 1.639424 3.169199 1.120037 1.120037 -0.519387 -0.259694 1.807306 2.326694 0.671530 4.826626 1.206657 2.000000 1.000000 1.000000 0.500000 0.000000 0.000000 1 
2740 2.068000 1.640096 3.174025 1.120037 1.120037 -0.520059 -0.260029 1.807971 2.328029 0.671500 4.831969 1.207992 2.000000 1.000000 1.000000 0.500000 0.000000 0.000000 1 
2741 2.069000 1.640767 3.178857 1.120037 1.120037 -0.520730 -0.260365 1.808635 2.329365 0.671471 4.837312 1.209328 2.000000 1.000000 1.000000 0.500000 0.000000 0.000000 1 
2742 2.070000 1.641439 3.183695 1.120037 1.120037 -0.521402 -0.260701 1.809299 2.330701 0.671443 4.842655 1.210664 2.000000 1.000000 1.000000 0.500000 0.000000 0.000000 1 
2743 2.071000 1.642110 3.188537 1.120037 1.120037 -0.522073 -0.261037 1.809963 2.332037 0.671414 4.847998 1.212000 2.000000 1.000000 1.000000 0.500000 0.000000 0.000000 1 
2744 2.072000 1.642781 3.193385 1.120037 1.120037 -0.522744 -0.261372 1.810628 2.333372 0.671385 4.853341 1.213335 2.000000 1.000000 1.000000 0.500000 0.000000 0.000000 1 
2745 2.073000 1.643453 3.198239 1.120037 1.120037 -0.523416 -0.261708 1.811292 2.334708 0.671357 4.858684 1.214671 2.000000 1.000000 1.000000 0.500000 0.000000 0.000000 1 
2746 2.074000 1.644124 3.203097 1.120037 1.120037 -0.524087 -0.262044 1.811956 2.336044 0.671329 4.864026 1.216007 2.000000 1.000000 1.000000 0.500000 0.000000 0.000000 1 
2747 2.075000 1.644795 3.207961 1.120037 1.120037 -0.524758 -0.262379 1.812621 2.337379 0.671301 4.869369 1.217342 2.000000 1.000000 1.000000 0.500000 0.000000 0.000000 1 
2748 2.076000 1.645467 3.212831 1.120037 1.120037 -0.525430 -0.262715 1.813285 2.338715 0.671273 4.874712 1.218678 2.000000 1.000000 1.000000 0.500000 0.000000 0.000000 1 
2749 2.077000 1.646138 3.217706 1.120037 1.120037 -0.526101 -0.263051 1.813949 2.340051 0.671246 4.880054 1.220014 2.000000 1.000000 1.000000 0.500000 0.000000 0.000000 1 
2750 2.078000 1.646809 3.222586 1.120037 1.120037 -0.526772 -0.263386 1.814614 2.341386 0.671218 4.885397 1.221349 2.000000 1.000000 1.000000 0.500000 0.000000 0.000000 1 
2751 2.079000 1.647481 3.227471 1.120037 1.120037 -0.527444 -0.263722 1.815278 2.342722 0.671191 4.890739 1.222685 2.000000 1.000000 1.000000 0.500000 0.000000 0.000000 1 
2752 2.080000 1.648152 3.232362 1.120037 1.120037 -0.528115 -0.264057 1.815943 2.344057 0.671164 4.896081 1.224020 2.000000 1.000000 1.000000 0.500000 0.000000 0.000000 1 
2753 2.081000 1.648823 3.237258 1.120037 1.120037 -0.528786 -0.264393 1.816607 2.345393 0.671137 4.901424 1.225356 2.000000 1.000000 1.000000 0.500000 0.000000 0.000000 1 
2754 2.082000 1.649494 3.242159 1.120037 1.120037 -0.529457 -0.264729 1.817271 2.346729 0.671110 4.906766 1.226692 2.000000 1.000000 1.000000 0.500000 0.000000 0.000000 1 
2755 2.083000 1.650165 3.247066 1.120037 1.120037 -0.530128 -0.265064 1.817936 2.348064 0.671083 4.912108 1.228027 2.000000 1.000000 1.000000 0.500000 0.000000 0.000000 1 
2756 2.084000 1.650836 3.251978 1.120037 1.120037 -0.530799 -0.265400 1.818600 2.349400 0.671057 4.917450 1.229363 2.000000 1.000000 1.000000 0.500000 0.000000 0.000000 1 
2757 2.085000 1.651507 3.256896 1.120037 1.120037 -0.531470 -0.265735 1.819265 2.350735 0.671030 4.922793 1.230698 2.000000 1.000000 1.000000 0.500000 0.000000 0.000000 1 
2758 2.086000 1.652178 3.261818 1.120037 1.120037 -0.532141 -0.266071 1.819929 2.352071 0.671004 4.928135 1.232034 2.000000 1.000000 1.000000 0.500000 0.000000 0.000000 1 
2759 2.087000 1.652849 3.266747 1.120037 1.120037 -0.532812 -0.266406 1.820594 2.353406 0.670978 4.933477 1.233369 2.000000 1.000000 1.000000 0.500000 0.000000 0.000000 1 
2760 2.088000 1.653520 3.271680 1.120037 1.120037 -0.533483 -0.266742 1.821258 2.354742 0.670952 4.938819 1.234705 2.000000 1.000000 1.000000 0.500000 0.000000 0.000000 1 
2761 2.089000 1.654191 3.276619 1.120037 1.120037 -0.534154 -0.267077 1.821923 2.356077 0.670927 4.944160 1.236040 2.000000 1.000000 1.000000 0.500000 0.000000 0.000000 1 
2762 2.090000 1.654862 3.281563 1.120037 1.120037 -0.534825 -0.267413 1.822587 2.357413 0.670901 4.949502 1.237376 2.000000 1.000000 1.000000 0.500000 0.000000 0.000000 1 
2763 2.091000 1.655533 3.286512 1.120037 1.120037 -0.535496 -0.267748 1.823252 2.358748 0.670876 4.954844 1.238711 2.000000 1.000000 1.000000 0.500000 0.000000 0.000000 1 
2764 2.092000 1.656204 3.291467 1.120037 1.120037 -0.536167 -0.268083 1.823917 2.360083 0.670850 4.960186 1.240046 2.000000 1.000000 1.000000 0.500000 0.000000 0.000000 1 
2765 2.093000 1.656875 3.296427 1.120037 1.120037 -0.536838 -0.268419 1.824581 2.361419 0.670825 4.965528 1.241382 2.000000 1.000000 1.000000 0.500000 0.000000 0.000000 1 
2766 2.094000 1.657546 3.301393 1.120037 1.120037 -0.537509 -0.268754 1.825246 2.362754 0.670800 4.970869 1.242717 2.000000 1.000000 1.000000 0.500000 0.000000 0.000000 1 
2767 2.095000 1.658216 3.306364 1.120037 1.120037 -0.538179 -0.269090 1.825910 2.364090 0.670775 4.976211 1.244053 2.000000 1.000000 1.000000 0.500000 0.000000 0.000000 1 
2768 2.096000 1.658887 3.311340 1.120037 1.120037 -0.538850 -0.269425 1.826575 2.365425 0.670751 4.981552 1.245388 2.000000 1.000000 1.000000 0.500000 0.000000 0.000000 1 
2769 2.097000 1.659558 3.316322 1.120037 1.120037 -0.539521 -0.269760 1.827240 2.366760 0.670726 4.986894 1.246723 2.000000 1.000000 1.000000 0.500000 0.000000 0.000000 1 
2770 2.098000 1.660229 3.321309 1.120037 1.120037 -0.540192 -0.270096 1.827904 2.368096 0.670702 4.992235 1.248059 2.000000 1.000000 1.000000 0.500000 0.000000 0.000000 1 
2771 2.099000 1.660899 3.326301 1.120037 1.120037 -0.540862 -0.270431 1.828569 2.369431 0.670678 4.997577 1.249394 2.000000 1.000000 1.000000 0.500000 0.000000 0.000000 1 
2772 2.100000 1.661570 3.331298 1.120037 1.120037 -0.541533 -0.270767 1.829233 2.370767 0.670654 5.002918 1.250730 2.000000 1.000000 1.000000 0.500000 0.000000 0.000000 1 
2773 2.101000 1.662241 3.336301 1.120037 1.120037 -0.542204 -0.271102 1.829898 2.372102 0.670630 5.008259 1.252065 2.000000 1.000000 1.000000 0.500000 0.000000 0.000000 1 
2774 2.102000 1.662911 3.341310 1.120037 1.120037 -0.542874 -0.271437 1.830563 2.373437 0.670606 5.013601 1.253400 2.000000 1.000000 1.000000 0.500000 0.000000 0.000000 1 
2775 2.103000 1.663582 3.346323 1.120037 1.120037 -0.543545 -0.271772 1.831228 2.374772 0.670582 5.018942 1.254735 2.000000 1.000000 1.000000 0.500000 0.000000 0.000000 1 
2776 2.104000 1.664253 3.351342 1.120037 1.120037 -0.544216 -0.272108 1.831892 2.376108 0.670559 5.024283 1.256071 2.000000 1.000000 1.000000 0.500000 0.000000 0.000000 1 
2777 2.105000 1.664923 3.356366 1.120037 1.120037 -0.544886 -0.272443 1.832557 2.377443 0.670535 5.029624 1.257406 2.000000 1.000000 1.000000 0.500000 0.000000 0.000000 1 
2778 2.106000 1.665594 3.361396 1.120037 1.120037 -0.545557 -0.272778 1.833222 2.378778 0.670512 5.034965 1.258741 2.000000 1.000000 1.000000 0.500000 0.000000 0.000000 1 
2779 2.107000 1.666264 3.366431 1.120037 1.120037 -0.546227 -0.273114 1.833886 2.380114 0.670489 5.040306 1.260077 2.000000 1.000000 1.000000 0.500000 0.000000 0.000000 1 
2780 2.108000 1.666935 3.371471 1.120037 1.120037 -0.546898 -0.273449 1.834551 2.381449 0.670466 5.045647 1.261412 2.000000 1.000000 1.000000 0.500000 0.000000 0.000000 1 
2781 2.109000 1.667605 3.376517 1.120037 1.120037 -0.547568 -0.273784 1.835216 2.382784 0.670443 5.050988 1.262747 2.000000 1.000000 1.000000 0.500000 0.000000 0.000000 1 
2782 2.110000 1.668276 3.381568 1.120037 1.120037 -0.548239 -0.274119 1.835881 2.384119 0.670421 5.056329 1.264082 2.000000 1.000000 1.000000 0.500000 0.000000 0.000000 1 
2783 2.111000 1.668946 3.386624 1.120037 1.120037 -0.548909 -0.274454 1.836546 2.385454 0.670398 5.061670 1.265417 2.000000 1.000000 1.000000 0.500000 0.000000 0.000000 1 
2784 2.112000 1.669616 3.391686 1.120037 1.120037 -0.549579 -0.274790 1.837210 2.386790 0.670376 5.067011 1.266753 2.000000 1.000000 1.000000 0.500000 0.000000 0.000000 1 
2785 2.113000 1.670287 3.396753 1.120037 1.120037 -0.550250 -0.275125 1.837875 2.388125 0.670354 5.072351 1.268088 2.000000 1.000000 1.000000 0.500000 0.000000 0.000000 1 
2786 2.114000 1.670957 3.401825 1.120037 1.120037 -0.550920 -0.275460 1.838540 2.389460 0.670332 5.077692 1.269423 2.000000 1.000000 1.000000 0.500000 0.000000 0.000000 1 
2787 2.115000 1.671627 3.406903 1.120037 1.120037 -0.551590 -0.275795 1.839205 2.390795 0.670310 5.083033 1.270758 2.000000 1.000000 1.000000 0.500000 0.000000 0.000000 1 
2788 2.116000 1.672298 3.411986 1.120037 1.120037 -0.552261 -0.276130 1.839870 2.392130 0.670288 5.088373 1.272093 2.000000 1.000000 1.000000 0.500000 0.000000 0.000000 1 
2789 2.117000 1.672968 3.417074 1.120037 1.120037 -0.552931 -0.276466 1.840534 2.393466 0.670266 5.093714 1.273429 2.000000 1.000000 1.000000 0.500000 0.000000 0.000000 1 
2790 2.118000 1.673638 3.422168 1.120037 1.120037 -0.553601 -0.276801 1.841199 2.394801 0.670244 5.099055 1.274764 2.000000 1.000000 1.000000 0.500000 0.000000 0.000000 1 
2791 2.119000 1.674309 3.427267 1.120037 1.120037 -0.554272 -0.277136 1.841864 2.396136 0.670223 5.104395 1.276099 2.000000 1.000000 1.000000 0.500000 0.000000 0.000000 1 
2792 2.120000 1.674979 3.432372 1.120037 1.120037 -0.554942 -0.277471 1.842529 2.397471 0.670202 5.109735 1.277434 2.000000 1.000000 1.000000 0.500000 0.000000 0.000000 1 
2793 2.121000 1.675649 3.437481 1.120037 1.120037 -0.555612 -0.277806 1.843194 2.398806 0.670180 5.115076 1.278769 2.000000 1.000000 1.000000 0.500000 0.000000 0.000000 1 
2794 2.122000 1.676319 3.442596 1.120037 1.120037 -0.556282 -0.278141 1.843859 2.400141 0.670159 5.120416 1.280104 2.000000 1.000000 1.000000 0.500000 0.000000 0.000000 1 
2795 2.123000 1.676989 3.447717 1.120037 1.120037 -0.556952 -0.278476 1.844524 2.401476 0.670138 5.125757 1.281439 2.000000 1.000000 1.000000 0.500000 0.000000 0.000000 1 
2796 2.124000 1.677659 3.452843 1.120037 1.120037 -0.557622 -0.278811 1.845189 2.402811 0.670117 5.131097 1.282774 2.000000 1.000000 1.000000 0.500000 0.000000 0.000000 1 
2797 2.125000 1.678330 3.457974 1.120037 1.120037 -0.558293 -0.279146 1.845854 2.404146 0.670097 5.136437 1.284109 2.000000 1.000000 1.000000 0.500000 0.000000 0.000000 1 
2798 2.126000 1.679000 3.463110 1.120037 1.120037 -0.558963 -0.279481 1.846519 2.405481 0.670076 5.141777 1.285444 2.000000 1.000000 1.000000 0.500000 0.000000 0.000000 1 
2799 2.127000 1.679670 3.468252 1.120037 1.120037 -0.559633 -0.279816 1.847184 2.406816 0.670056 5.147117 1.286779 2.000000 1.000000 1.000000 0.500000 0.000000 0.000000 1 
2800 2.128000 1.680340 3.473399 1.120037 1.120037 -0.560303 -0.280151 1.847849 2.408151 0.670035 5.152458 1.288114 2.000000 1.000000 1.000000 0.500000 0.000000 0.000000 1 
2801 2.129000 1.681010 3.478551 1.120037 1.120037 -0.560973 -0.280486 1.848514 2.409486 0.670015 5.157798 1.289449 2.000000 1.000000 1.000000 0.500000 0.000000 0.000000 1 
2802 2.130000 1.681680 3.483709 1.120037 1.120037 -0.561643 -0.280821 1.849179 2.410821 0.669995 5.163138 1.290784 2.000000 1.000000 1.000000 0.500000 0.000000 0.000000 1 
2803 2.131000 1.682350 3.488872 1.120037 1.120037 -0.562313 -0.281156 1.849844 2.412156 0.669975 5.168478 1.292119 2.000000 1.000000 1.000000 0.500000 0.000000 0.000000 1 
2804 2.132000 1.683020 3.494041 1.120037 1.120037 -0.562983 -0.281491 1.850509 2.413491 0.669955 5.173818 1.293454 2.000000 1.000000 1.000000 0.500000 0.000000 0.000000 1 
2805 2.133000 1.683690 3.499215 1.120037 1.120037 -0.563653 -0.281826 1.851174 2.414826 0.669936 5.179157 1.294789 2.000000 1.000000 1.000000 0.500000 0.000000 0.000000 1 
2806 2.134000 1.684360 3.504394 1.120037 1.120037 -0.564323 -0.282161 1.851839 2.416161 0.669916 5.184497 1.296124 2.000000 1.000000 1.000000 0.500000 0.000000 0.000000 1 
2807 2.135000 1.685030 3.509578 1.120037 1.120037 -0.564993 -0.282496 1.852504 2.417496 0.669896 5.189837 1.297459 2.000000 1.000000 1.000000 0.500000 0.000000 0.000000 1 
2808 2.136000 1.685699 3.514768 1.120037 1.120037 -0.565662 -0.282831 1.853169 2.418831 0.669877 5.195177 1.298794 2.000000 1.000000 1.000000 0.500000 0.000000 0.000000 1 
2809 2.137000 1.686369 3.519963 1.120037 1.120037 -0.566332 -0.283166 1.853834 2.420166 0.669858 5.200517 1.300129 2.000000 1.000000 1.000000 0.500000 0.000000 0.000000 1 
2810 2.138000 1.687039 3.525164 1.120037 1.120037 -0.567002 -0.283501 1.854499 2.421501 0.669839 5.205856 1.301464 2.000000 1.000000 1.000000 0.500000 0.000000 0.000000 1 
2811 2.139000 1.687709 3.530370 1.120037 1.120037 -0.567672 -0.283836 1.855164 2.422836 0.669820 5.211196 1.302799 2.000000 1.000000 1.000000 0.500000 0.000000 0.000000 1 
2812 2.140000 1.688379 3.535581 1.120037 1.120037 -0.568342 -0.284171 1.855829 2.424171 0.669801 5.216536 1.304134 2.000000 1.000000 1.000000 0.500000 0.000000 0.000000 1 
2813 2.141000 1.689049 3.540797 1.120037 1.120037 -0.569012 -0.284506 1.856494 2.425506 0.669782 5.221875 1.305469 2.000000 1.000000 1.000000 0.500000 0.000000 0.000000 1 
2814 2.142000 1.689718 3.546019 1.120037 1.120037 -0.569681 -0.284841 1.857159 2.426841 0.669763 5.227215 1.306804 2.000000 1.000000 1.000000 0.500000 0.000000 0.000000 1 
2815 2.143000 1.690388 3.551246 1.120037 1.120037 -0.570351 -0.285176 1.857824 2.428176 0.669745 5.232554 1.308139 2.000000 1.000000 1.000000 0.500000 0.000000 0.000000 1 
2816 2.144000 1.691058 3.556479 1.120037 1.120037 -0.571021 -0.285510 1.858490 2.429510 0.669726 5.237894 1.309473 2.000000 1.000000 1.000000 0.500000 0.000000 0.000000 1 
2817 2.145000 1.691728 3.561717 1.120037 1.120037 -0.571691 -0.285845 1.859155 2.430845 0.669708 5.243233 1.310808 2.000000 1.000000 1.000000 0.500000 0.000000 0.000000 1 
2818 2.146000 1.692397 3.566960 1.120037 1.120037 -0.572360 -0.286180 1.859820 2.432180 0.669690 5.248573 1.312143 2.000000 1.000000 1.000000 0.500000 0.000000 0.000000 1 
2819 2.147000 1.693067 3.572209 1.120037 1.120037 -0.573030 -0.286515 1.860485 2.433515 0.669671 5.253912 1.313478 2.000000 1.000000 1.000000 0.500000 0.000000 0.000000 1 
2820 2.148000 1.693737 3.577463 1.120037 1.120037 -0.573700 -0.286850 1.861150 2.434850 0.669653 5.259252 1.314813 2.000000 1.000000 1.000000 0.500000 0.000000 0.000000 1 
2821 2.149000 1.694406 3.582722 1.120037 1.120037 -0.574369 -0.287185 1.861815 2.436185 0.669635 5.264591 1.316148 2.000000 1.000000 1.000000 0.500000 0.000000 0.000000 1 
2822 2.150000 1.695076 3.587986 1.120037 1.120037 -0.575039 -0.287520 1.862480 2.437520 0.669618 5.269930 1.317483 2.000000 1.000000 1.000000 0.500000 0.000000 0.000000 1 
2823 2.151000 1.695746 3.593256 1.120037 1.120037 -0.575709 -0.287854 1.863146 2.438854 0.669600 5.275269 1.318817 2.000000 1.000000 1.000000 0.500000 0.000000 0.000000 1 
2824 2.152000 1.696415 3.598532 1.120037 1.120037 -0.576378 -0.288189 1.863811 2.440189 0.669582 5.280609 1.320152 2.000000 1.000000 1.000000 0.500000 0.000000 0.000000 1 
2825 2.153000 1.697085 3.603812 1.120037 1.120037 -0.577048 -0.288524 1.864476 2.441524 0.669565 5.285948 1.321487 2.000000 1.000000 1.000000 0.500000 0.000000 0.000000 1 
2826 2.154000 1.697754 3.609098 1.120037 1.120037 -0.577717 -0.288859 1.865141 2.442859 0.669547 5.291287 1.322822 2.000000 1.000000 1.000000 0.500000 0.000000 0.000000 1 
2827 2.155000 1.698424 3.614390 1.120037 1.120037 -0.578387 -0.289193 1.865807 2.444193 0.669530 5.296626 1.324156 2.000000 1.000000 1.000000 0.500000 0.000000 0.000000 1 
2828 2.156000 1.699094 3.619686 1.120037 1.120037 -0.579057 -0.289528 1.866472 2.445528 0.669513 5.301965 1.325491 2.000000 1.000000 1.000000 0.500000 0.000000 0.000000 1 
2829 2.157000 1.699763 3.624988 1.120037 1.120037 -0.579726 -0.289863 1.867137 2.446863 0.669496 5.307304 1.326826 2.000000 1.000000 1.000000 0.500000 0.000000 0.000000 1 
2830 2.158000 1.700433 3.630295 1.120037 1.120037 -0.580396 -0.290198 1.867802 2.448198 0.669479 5.312643 1.328161 2.000000 1.000000 1.000000 0.500000 0.000000 0.000000 1 
2831 2.159000 1.701102 3.635608 1.120037 1.120037 -0.581065 -0.290532 1.868468 2.449532 0.669462 5.317982 1.329495 2.000000 1.000000 1.000000 0.500000 0.000000 0.000000 1 
2832 2.160000 1.701771 3.640926 1.120037 1.120037 -0.581734 -0.290867 1.869133 2.450867 0.669445 5.323321 1.330830 2.000000 1.000000 1.000000 0.500000 0.000000 0.000000 1 
2833 2.161000 1.702441 3.646249 1.120037 1.120037 -0.582404 -0.291202 1.869798 2.452202 0.669429 5.328660 1.332165 2.000000 1.000000 1.000000 0.500000 0.000000 0.000000 1 
2834 2.162000 1.703110 3.651578 1.120037 1.120037 -0.583073 -0.291537 1.870463 2.453537 0.669412 5.333999 1.333500 2.000000 1.000000 1.000000 0.500000 0.000000 0.000000 1 
2835 2.163000 1.703780 3.656912 1.120037 1.120037 -0.583743 -0.291871 1.871129 2.454871 0.669396 5.339337 1.334834 2.000000 1.000000 1.000000 0.500000 0.000000 0.000000 1 
2836 2.164000 1.704449 3.662251 1.120037 1.120037 -0.584412 -0.292206 1.871794 2.456206 0.669379 5.344676 1.336169 2.000000 1.000000 1.000000 0.500000 0.000000 0.000000 1 
2837 2.165000 1.705119 3.667596 1.120037 1.120037 -0.585082 -0.292541 1.872459 2.457541 0.669363 5.350015 1.337504 2.000000 1.000000 1.000000 0.500000 0.000000 0.000000 1 
2838 2.166000 1.705788 3.672946 1.120037 1.120037 -0.585751 -0.292875 1.873125 2.458875 0.669347 5.355354 1.338838 2.000000 1.000000 1.000000 0.500000 0.000000 0.000000 1 
2839 2.167000 1.706457 3.678301 1.120037 1.120037 -0.586420 -0.293210 1.873790 2.460210 0.669331 5.360692 1.340173 2.000000 1.000000 1.000000 0.500000 0.000000 0.000000 1 
2840 2.168000 1.707127 3.683662 1.120037 1.120037 -0.587090 -0.293545 1.874455 2.461545 0.669315 5.366031 1.341508 2.000000 1.000000 1.000000 0.500000 0.000000 0.000000 1 
2841 2.169000 1.707796 3.689028 1.120037 1.120037 -0.587759 -0.293879 1.875121 2.462879 0.669299 5.371370 1.342842 2.000000 1.000000 1.000000 0.500000 0.000000 0.000000 1 
2842 2.170000 1.708465 3.694400 1.120037 1.120037 -0.588428 -0.294214 1.875786 2.464214 0.669283 5.376708 1.344177 2.000000 1.000000 1.000000 0.500000 0.000000 0.000000 1 
2843 2.171000 1.709134 3.699776 1.120037 1.120037 -0.589097 -0.294549 1.876451 2.465549 0.669267 5.382047 1.345512 2.000000 1.000000 1.000000 0.500000 0.000000 0.000000 1 
2844 2.172000 1.709804 3.705158 1.120037 1.120037 -0.589767 -0.294883 1.877117 2.466883 0.669252 5.387385 1.346846 2.000000 1.000000 1.000000 0.500000 0.000000 0.000000 1 
2845 2.173000 1.710473 3.710546 1.120037 1.120037 -0.590436 -0.295218 1.877782 2.468218 0.669236 5.392724 1.348181 2.000000 1.000000 1.000000 0.500000 0.000000 0.000000 1 
2846 2.174000 1.711142 3.715938 1.120037 1.120037 -0.591105 -0.295553 1.878447 2.469553 0.669221 5.398062 1.349516 2.000000 1.000000 1.000000 0.500000 0.000000 0.000000 1 
2847 2.175000 1.711811 3.721336 1.120037 1.120037 -0.591774 -0.295887 1.879113 2.470887 0.669205 5.403401 1.350850 2.000000 1.000000 1.000000 0.500000 0.000000 0.000000 1 
2848 2.176000 1.712481 3.726740 1.120037 1.120037 -0.592444 -0.296222 1.879778 2.472222 0.669190 5.408739 1.352185 2.000000 1.000000 1.000000 0.500000 0.000000 0.000000 1 
2849 2.177000 1.713150 3.732149 1.120037 1.120037 -0.593113 -0.296556 1.880444 2.473556 0.669175 5.414078 1.353519 2.000000 1.000000 1.000000 0.500000 0.000000 0.000000 1 
2850 2.178000 1.713819 3.737563 1.120037 1.120037 -0.593782 -0.296891 1.881109 2.474891 0.669160 5.419416 1.354854 2.000000 1.000000 1.000000 0.500000 0.000000 0.000000 1 
2851 2.179000 1.714488 3.742982 1.120037 1.120037 -0.594451 -0.297226 1.881774 2.476226 0.669145 5.424754 1.356189 2.000000 1.000000 1.000000 0.500000 0.000000 0.000000 1 
2852 2.180000 1.715157 3.748407 1.120037 1.120037 -0.595120 -0.297560 1.882440 2.477560 0.669130 5.430093 1.357523 2.000000 1.000000 1.000000 0.500000 0.000000 0.000000 1 
2853 2.181000 1.715826 3.753837 1.120037 1.120037 -0.595789 -0.297895 1.883105 2.478895 0.669115 5.435431 1.358858 2.000000 1.000000 1.000000 0.500000 0.000000 0.000000 1 
2854 2.182000 1.716496 3.759272 1.120037 1.120037 -0.596459 -0.298229 1.883771 2.480229 0.669101 5.440769 1.360192 2.000000 1.000000 1.000000 0.500000 0.000000 0.000000 1 
2855 2.183000 1.717165 3.764713 1.120037 1.120037 -0.597128 -0.298564 1.884436 2.481564 0.669086 5.446107 1.361527 2.000000 1.000000 1.000000 0.500000 0.000000 0.000000 1 
2856 2.184000 1.717834 3.770159 1.120037 1.120037 -0.597797 -0.298898 1.885102 2.482898 0.669072 5.451445 1.362861 2.000000 1.000000 1.000000 0.500000 0.000000 0.000000 1 
2857 2.185000 1.718503 3.775611 1.120037 1.120037 -0.598466 -0.299233 1.885767 2.484233 0.669057 5.456784 1.364196 2.000000 1.000000 1.000000 0.500000 0.000000 0.000000 1 
2858 2.186000 1.719172 3.781067 1.120037 1.120037 -0.599135 -0.299567 1.886433 2.485567 0.669043 5.462122 1.365530 2.000000 1.000000 1.000000 0.500000 0.000000 0.000000 1 
2859 2.187000 1.719841 3.786530 1.120037 1.120037 -0.599804 -0.299902 1.887098 2.486902 0.669029 5.467460 1.366865 2.000000 1.000000 1.000000 0.500000 0.000000 0.000000 1 
2860 2.188000 1.720510 3.791997 1.120037 1.120037 -0.600473 -0.300236 1.887764 2.488236 0.669014 5.472798 1.368199 2.000000 1.000000 1.000000 0.500000 0.000000 0.000000 1 
2861 2.189000 1.721179 3.797470 1.120037 1.120037 -0.601142 -0.300571 1.888429 2.489571 0.669000 5.478136 1.369534 2.000000 1.000000 1.000000 0.500000 0.000000 0.000000 1 
2862 2.190000 1.721848 3.802948 1.120037 1.120037 -0.601811 -0.300905 1.889095 2.490905 0.668986 5.483474 1.370868 2.000000 1.000000 1.000000 0.500000 0.000000 0.000000 1 
2863 2.191000 1.722517 3.808431 1.120037 1.120037 -0.602480 -0.301240 1.889760 2.492240 0.668972 5.488812 1.372203 2.000000 1.000000 1.000000 0.500000 0.000000 0.000000 1 
2864 2.192000 1.723186 3.813920 1.120037 1.120037 -0.603149 -0.301574 1.890426 2.493574 0.668959 5.494150 1.373537 2.000000 1.000000 1.000000 0.500000 0.000000 0.000000 1 
2865 2.193000 1.723855 3.819414 1.120037 1.120037 -0.603818 -0.301909 1.891091 2.494909 0.668945 5.499488 1.374872 2.000000 1.000000 1.000000 0.500000 0.000000 0.000000 1 
2866 2.194000 1.724524 3.824914 1.120037 1.120037 -0.604487 -0.302243 1.891757 2.496243 0.668931 5.504826 1.376206 2.000000 1.000000 1.000000 0.500000 0.000000 0.000000 1 
2867 2.195000 1.725193 3.830419 1.120037 1.120037 -0.605156 -0.302578 1.892422 2.497578 0.668918 5.510163 1.377541 2.000000 1.000000 1.000000 0.500000 0.000000 0.000000 1 
2868 2.196000 1.725862 3.835929 1.120037 1.120037 -0.605825 -0.302912 1.893088 2.498912 0.668904 5.515501 1.378875 2.000000 1.000000 1.000000 0.500000 0.000000 0.000000 1 
2869 2.197000 1.726531 3.841444 1.120037 1.120037 -0.606494 -0.303247 1.893753 2.500247 0.668891 5.520839 1.380210 2.000000 1.000000 1.000000 0.500000 0.000000 0.000000 1 
2870 2.198000 1.727199 3.846965 1.120037 1.120037 -0.607162 -0.303581 1.894419 2.501581 0.668877 5.526177 1.381544 2.000000 1.000000 1.000000 0.500000 0.000000 0.000000 1 
2871 2.199000 1.727868 3.852491 1.120037 1.120037 -0.607831 -0.303916 1.895084 2.502916 0.668864 5.531515 1.382879 2.000000 1.000000 1.000000 0.500000 0.000000 0.000000 1 
2872 2.200000 1.728537 3.858023 1.120037 1.120037 -0.608500 -0.304250 1.895750 2.504250 0.668851 5.536852 1.384213 2.000000 1.000000 1.000000 0.500000 0.000000 0.000000 1 
2873 2.201000 1.729206 3.863560 1.120037 1.120037 -0.609169 -0.304585 1.896415 2.505585 0.668838 5.542190 1.385548 2.000000 1.000000 1.000000 0.500000 0.000000 0.000000 1 
2874 2.202000 1.729875 3.869102 1.120037 1.120037 -0.609838 -0.304919 1.897081 2.506919 0.668825 5.547528 1.386882 2.000000 1.000000 1.000000 0.500000 0.000000 0.000000 1 
2875 2.203000 1.730544 3.874649 1.120037 1.120037 -0.610507 -0.305253 1.897747 2.508253 0.668812 5.552865 1.388216 2.000000 1.000000 1.000000 0.500000 0.000000 0.000000 1 
2876 2.204000 1.731213 3.880202 1.120037 1.120037 -0.611176 -0.305588 1.898412 2.509588 0.668799 5.558203 1.389551 2.000000 1.000000 1.000000 0.500000 0.000000 0.000000 1 
2877 2.205000 1.731881 3.885761 1.120037 1.120037 -0.611844 -0.305922 1.899078 2.510922 0.668786 5.563541 1.390885 2.000000 1.000000 1.000000 0.500000 0.000000 0.000000 1 
2878 2.206000 1.732550 3.891324 1.120037 1.120037 -0.612513 -0.306257 1.899743 2.512257 0.668773 5.568878 1.392220 2.000000 1.000000 1.000000 0.500000 0.000000 0.000000 1 
2879 2.207000 1.733219 3.896893 1.120037 1.120037 -0.613182 -0.306591 1.900409 2.513591 0.668761 5.574216 1.393554 2.000000 1.000000 1.000000 0.500000 0.000000 0.000000 1 
2880 2.208000 1.733888 3.902467 1.120037 1.120037 -0.613851 -0.306925 1.901075 2.514925 0.668748 5.579553 1.394888 2.000000 1.000000 1.000000 0.500000 0.000000 0.000000 1 
2881 2.209000 1.734556 3.908047 1.120037 1.120037 -0.614519 -0.307260 1.901740 2.516260 0.668736 5.584891 1.396223 2.000000 1.000000 1.000000 0.500000 0.000000 0.000000 1 
2882 2.210000 1.735225 3.913632 1.120037 1.120037 -0.615188 -0.307594 1.902406 2.517594 0.668723 5.590228 1.397557 2.000000 1.000000 1.000000 0.500000 0.000000 0.000000 1 
2883 2.211000 1.735894 3.919222 1.120037 1.120037 -0.615857 -0.307928 1.903072 2.518928 0.668711 5.595566 1.398891 2.000000 1.000000 1.000000 0.500000 0.000000 0.000000 1 
2884 2.212000 1.736563 3.924817 1.120037 1.120037 -0.616526 -0.308263 1.903737 2.520263 0.668699 5.600903 1.400226 2.000000 1.000000 1.000000 0.500000 0.000000 0.000000 1 
2885 2.213000 1.737231 3.930418 1.120037 1.120037 -0.617194 -0.308597 1.904403 2.521597 0.668686 5.606241 1.401560 2.000000 1.000000 1.000000 0.500000 0.000000 0.000000 1 
2886 2.214000 1.737900 3.936025 1.120037 1.120037 -0.617863 -0.308931 1.905069 2.522931 0.668674 5.611578 1.402894 2.000000 1.000000 1.000000 0.500000 0.000000 0.000000 1 
2887 2.215000 1.738569 3.941636 1.120037 1.120037 -0.618532 -0.309266 1.905734 2.524266 0.668662 5.616915 1.404229 2.000000 1.000000 1.000000 0.500000 0.000000 0.000000 1 
2888 2.216000 1.739237 3.947253 1.120037 1.120037 -0.619200 -0.309600 1.906400 2.525600 0.668650 5.622253 1.405563 2.000000 1.000000 1.000000 0.500000 0.000000 0.000000 1 
2889 2.217000 1.739906 3.952875 1.120037 1.120037 -0.619869 -0.309934 1.907066 2.526934 0.668638 5.627590 1.406897 2.000000 1.000000 1.000000 0.500000 0.000000 0.000000 1 
2890 2.218000 1.740575 3.958503 1.120037 1.120037 -0.620538 -0.310269 1.907731 2.528269 0.668627 5.632927 1.408232 2.000000 1.000000 1.000000 0.500000 0.000000 0.000000 1 
2891 2.219000 1.741243 3.964136 1.120037 1.120037 -0.621206 -0.310603 1.908397 2.529603 0.668615 5.638264 1.409566 2.000000 1.000000 1.000000 0.500000 0.000000 0.000000 1 
2892 2.220000 1.741912 3.969774 1.120037 1.120037 -0.621875 -0.310937 1.909063 2.530937 0.668603 5.643602 1.410900 2.000000 1.000000 1.000000 0.500000 0.000000 0.000000 1 
2893 2.221000 1.742580 3.975418 1.120037 1.120037 -0.622543 -0.311272 1.909728 2.532272 0.668592 5.648939 1.412235 2.000000 1.000000 1.000000 0.500000 0.000000 0.000000 1 
2894 2.222000 1.743249 3.981067 1.120037 1.120037 -0.623212 -0.311606 1.910394 2.533606 0.668580 5.654276 1.413569 2.000000 1.000000 1.000000 0.500000 0.000000 0.000000 1 
2895 2.223000 1.743918 3.986721 1.120037 1.120037 -0.623881 -0.311940 1.911060 2.534940 0.668569 5.659613 1.414903 2.000000 1.000000 1.000000 0.500000 0.000000 0.000000 1 
2896 2.224000 1.744586 3.992381 1.120037 1.120037 -0.624549 -0.312275 1.911725 2.536275 0.668557 5.664950 1.416238 2.000000 1.000000 1.000000 0.500000 0.000000 0.000000 1 
2897 2.225000 1.745255 3.998045 1.120037 1.120037 -0.625218 -0.312609 1.912391 2.537609 0.668546 5.670287 1.417572 2.000000 1.000000 1.000000 0.500000 0.000000 0.000000 1 
2898 2.226000 1.745923 4.003716 1.120037 1.120037 -0.625886 -0.312943 1.913057 2.538943 0.668534 5.675625 1.418906 2.000000 1.000000 1.000000 0.500000 0.000000 0.000000 1 
2899 2.227000 1.746592 4.009391 1.120037 1.120037 -0.626555 -0.313277 1.913723 2.540277 0.668523 5.680962 1.420240 2.000000 1.000000 1.000000 0.500000 0.000000 0.000000 1 
2900 2.228000 1.747260 4.015072 1.120037 1.120037 -0.627223 -0.313612 1.914388 2.541612 0.668512 5.686299 1.421575 2.000000 1.000000 1.000000 0.500000 0.000000 0.000000 1 
2901 2.229000 1.747929 4.020759 1.120037 1.120037 -0.627892 -0.313946 1.915054 2.542946 0.668501 5.691636 1.422909 2.000000 1.000000 1.000000 0.500000 0.000000 0.000000 1 
2902 2.230000 1.748597 4.026450 1.120037 1.120037 -0.628560 -0.314280 1.915720 2.544280 0.668490 5.696973 1.424243 2.000000 1.000000 1.000000 0.500000 0.000000 0.000000 1 
2903 2.231000 1.749266 4.032147 1.120037 1.120037 -0.629229 -0.314614 1.916386 2.545614 0.668479 5.702310 1.425577 2.000000 1.000000 1.000000 0.500000 0.000000 0.000000 1 
2904 2.232000 1.749934 4.037850 1.120037 1.120037 -0.629897 -0.314949 1.917051 2.546949 0.668468 5.707647 1.426912 2.000000 1.000000 1.000000 0.500000 0.000000 0.000000 1 
2905 2.233000 1.750603 4.043557 1.120037 1.120037 -0.630566 -0.315283 1.917717 2.548283 0.668457 5.712984 1.428246 2.000000 1.000000 1.000000 0.500000 0.000000 0.000000 1 
2906 2.234000 1.751271 4.049270 1.120037 1.120037 -0.631234 -0.315617 1.918383 2.549617 0.668447 5.718320 1.429580 2.000000 1.000000 1.000000 0.500000 0.000000 0.000000 1 
2907 2.235000 1.751940 4.054989 1.120037 1.120037 -0.631903 -0.315951 1.919049 2.550951 0.668436 5.723657 1.430914 2.000000 1.000000 1.000000 0.500000 0.000000 0.000000 1 
2908 2.236000 1.752608 4.060712 1.120037 1.120037 -0.632571 -0.316286 1.919714 2.552286 0.668425 5.728994 1.432249 2.000000 1.000000 1.000000 0.500000 0.000000 0.000000 1 
2909 2.237000 1.753277 4.066441 1.120037 1.120037 -0.633240 -0.316620 1.920380 2.553620 0.668415 5.734331 1.433583 2.000000 1.000000 1.000000 0.500000 0.000000 0.000000 1 
2910 2.238000 1.753945 4.072175 1.120037 1.120037 -0.633908 -0.316954 1.921046 2.554954 0.668404 5.739668 1.434917 2.000000 1.000000 1.000000 0.500000 0.000000 0.000000 1 
2911 2.239000 1.754613 4.077915 1.120037 1.120037 -0.634576 -0.317288 1.921712 2.556288 0.668394 5.745005 1.436251 2.000000 1.000000 1.000000 0.500000 0.000000 0.000000 1 
2912 2.240000 1.755282 4.083660 1.120037 1.120037 -0.635245 -0.317622 1.922378 2.557622 0.668384 5.750341 1.437585 2.000000 1.000000 1.000000 0.500000 0.000000 0.000000 1 
2913 2.241000 1.755950 4.089411 1.120037 1.120037 -0.635913 -0.317957 1.923043 2.558957 0.668373 5.755678 1.438920 2.000000 1.000000 1.000000 0.500000 0.000000 0.000000 1 
2914 2.242000 1.756618 4.095166 1.120037 1.120037 -0.636581 -0.318291 1.923709 2.560291 0.668363 5.761015 1.440254 2.000000 1.000000 1.000000 0.500000 0.000000 0.000000 1 
2915 2.243000 1.757287 4.100927 1.120037 1.120037 -0.637250 -0.318625 1.924375 2.561625 0.668353 5.766352 1.441588 2.000000 1.000000 1.000000 0.500000 0.000000 0.000000 1 
2916 2.244000 1.757955 4.106694 1.120037 1.120037 -0.637918 -0.318959 1.925041 2.562959 0.668343 5.771688 1.442922 2.000000 1.000000 1.000000 0.500000 0.000000 0.000000 1 
2917 2.245000 1.758624 4.112465 1.120037 1.120037 -0.638587 -0.319293 1.925707 2.564293 0.668333 5.777025 1.444256 2.000000 1.000000 1.000000 0.500000 0.000000 0.000000 1 
2918 2.246000 1.759292 4.118242 1.120037 1.120037 -0.639255 -0.319627 1.926373 2.565627 0.668323 5.782362 1.445590 2.000000 1.000000 1.000000 0.500000 0.000000 0.000000 1 
2919 2.247000 1.759960 4.124025 1.120037 1.120037 -0.639923 -0.319962 1.927038 2.566962 0.668313 5.787698 1.446925 2.000000 1.000000 1.000000 0.500000 0.000000 0.000000 1 
2920 2.248000 1.760629 4.129812 1.120037 1.120037 -0.640592 -0.320296 1.927704 2.568296 0.668303 5.793035 1.448259 2.000000 1.000000 1.000000 0.500000 0.000000 0.000000 1 
2921 2.249000 1.761297 4.135605 1.120037 1.120037 -0.641260 -0.320630 1.928370 2.569630 0.668293 5.798372 1.449593 2.000000 1.000000 1.000000 0.500000 0.000000 0.000000 1 
2922 2.250000 1.761965 4.141404 1.120037 1.120037 -0.641928 -0.320964 1.929036 2.570964 0.668283 5.803708 1.450927 2.000000 1.000000 1.000000 0.500000 0.000000 0.000000 1 
2923 2.251000 1.762633 4.147207 1.120037 1.120037 -0.642596 -0.321298 1.929702 2.572298 0.668274 5.809045 1.452261 2.000000 1.000000 1.000000 0.500000 0.000000 0.000000 1 
2924 2.252000 1.763302 4.153016 1.120037 1.120037 -0.643265 -0.321632 1.930368 2.573632 0.668264 5.814381 1.453595 2.000000 1.000000 1.000000 0.500000 0.000000 0.000000 1 
2925 2.253000 1.763970 4.158831 1.120037 1.120037 -0.643933 -0.321966 1.931034 2.574966 0.668254 5.819718 1.454929 2.000000 1.000000 1.000000 0.500000 0.000000 0.000000 1 
2926 2.254000 1.764638 4.164651 1.120037 1.120037 -0.644601 -0.322301 1.931699 2.576301 0.668245 5.825054 1.456264 2.000000 1.000000 1.000000 0.500000 0.000000 0.000000 1 
2927 2.255000 1.765306 4.170476 1.120037 1.120037 -0.645269 -0.322635 1.932365 2.577635 0.668235 5.830391 1.457598 2.000000 1.000000 1.000000 0.500000 0.000000 0.000000 1 
2928 2.256000 1.765975 4.176306 1.120037 1.120037 -0.645938 -0.322969 1.933031 2.578969 0.668226 5.835727 1.458932 2.000000 1.000000 1.000000 0.500000 0.000000 0.000000 1 
2929 2.257000 1.766643 4.182142 1.120037 1.120037 -0.646606 -0.323303 1.933697 2.580303 0.668217 5.841064 1.460266 2.000000 1.000000 1.000000 0.500000 0.000000 0.000000 1 
2930 2.258000 1.767311 4.187983 1.120037 1.120037 -0.647274 -0.323637 1.934363 2.581637 0.668207 5.846400 1.461600 2.000000 1.000000 1.000000 0.500000 0.000000 0.000000 1 
2931 2.259000 1.767979 4.193829 1.120037 1.120037 -0.647942 -0.323971 1.935029 2.582971 0.668198 5.851737 1.462934 2.000000 1.000000 1.000000 0.500000 0.000000 0.000000 1 
2932 2.260000 1.768648 4.199681 1.120037 1.120037 -0.648611 -0.324305 1.935695 2.584305 0.668189 5.857073 1.464268 2.000000 1.000000 1.000000 0.500000 0.000000 0.000000 1 
2933 2.261000 1.769316 4.205538 1.120037 1.120037 -0.649279 -0.324639 1.936361 2.585639 0.668180 5.862409 1.465602 2.000000 1.000000 1.000000 0.500000 0.000000 0.000000 1 
2934 2.262000 1.769984 4.211400 1.120037 1.120037 -0.649947 -0.324973 1.937027 2.586973 0.668171 5.867746 1.466936 2.000000 1.000000 1.000000 0.500000 0.000000 0.000000 1 
2935 2.263000 1.770652 4.217268 1.120037 1.120037 -0.650615 -0.325308 1.937692 2.588308 0.668162 5.873082 1.468271 2.000000 1.000000 1.000000 0.500000 0.000000 0.000000 1 
2936 2.264000 1.771320 4.223141 1.120037 1.120037 -0.651283 -0.325642 1.938358 2.589642 0.668153 5.878418 1.469605 2.000000 1.000000 1.000000 0.500000 0.000000 0.000000 1 
2937 2.265000 1.771988 4.229020 1.120037 1.120037 -0.651951 -0.325976 1.939024 2.590976 0.668144 5.883755 1.470939 2.000000 1.000000 1.000000 0.500000 0.000000 0.000000 1 
2938 2.266000 1.772657 4.234903 1.120037 1.120037 -0.652620 -0.326310 1.939690 2.592310 0.668135 5.889091 1.472273 2.000000 1.000000 1.000000 0.500000 0.000000 0.000000 1 
2939 2.267000 1.773325 4.240793 1.120037 1.120037 -0.653288 -0.326644 1.940356 2.593644 0.668126 5.894427 1.473607 2.000000 1.000000 1.000000 0.500000 0.000000 0.000000 1 
2940 2.268000 1.773993 4.246687 1.120037 1.120037 -0.653956 -0.326978 1.941022 2.594978 0.668117 5.899764 1.474941 2.000000 1.000000 1.000000 0.500000 0.000000 0.000000 1 
2941 2.269000 1.774661 4.252587 1.120037 1.120037 -0.654624 -0.327312 1.941688 2.596312 0.668109 5.905100 1.476275 2.000000 1.000000 1.000000 0.500000 0.000000 0.000000 1 
2942 2.270000 1.775329 4.258492 1.120037 1.120037 -0.655292 -0.327646 1.942354 2.597646 0.668100 5.910436 1.477609 2.000000 1.000000 1.000000 0.500000 0.000000 0.000000 1 
2943 2.271000 1.775997 4.264402 1.120037 1.120037 -0.655960 -0.327980 1.943020 2.598980 0.668091 5.915772 1.478943 2.000000 1.000000 1.000000 0.500000 0.000000 0.000000 1 
2944 2.272000 1.776665 4.270318 1.120037 1.120037 -0.656628 -0.328314 1.943686 2.600314 0.668083 5.921108 1.480277 2.000000 1.000000 1.000000 0.500000 0.000000 0.000000 1 
2945 2.273000 1.777333 4.276239 1.120037 1.120037 -0.657296 -0.328648 1.944352 2.601648 0.668074 5.926445 1.481611 2.000000 1.000000 1.000000 0.500000 0.000000 0.000000 1 
2946 2.274000 1.778001 4.282166 1.120037 1.120037 -0.657964 -0.328982 1.945018 2.602982 0.668066 5.931781 1.482945 2.000000 1.000000 1.000000 0.500000 0.000000 0.000000 1 
2947 2.275000 1.778669 4.288097 1.120037 1.120037 -0.658632 -0.329316 1.945684 2.604316 0.668057 5.937117 1.484279 2.000000 1.000000 1.000000 0.500000 0.000000 0.000000 1 
2948 2.276000 1.779337 4.294034 1.120037 1.120037 -0.659300 -0.329650 1.946350 2.605650 0.668049 5.942453 1.485613 2.000000 1.000000 1.000000 0.500000 0.000000 0.000000 1 
2949 2.277000 1.780006 4.299977 1.120037 1.120037 -0.659969 -0.329984 1.947016 2.606984 0.668041 5.947789 1.486947 2.000000 1.000000 1.000000 0.500000 0.000000 0.000000 1 
2950 2.278000 1.780674 4.305925 1.120037 1.120037 -0.660637 -0.330318 1.947682 2.608318 0.668033 5.953125 1.488281 2.000000 1.000000 1.000000 0.500000 0.000000 0.000000 1 
2951 2.279000 1.781342 4.311878 1.120037 1.120037 -0.661305 -0.330652 1.948348 2.609652 0.668024 5.958461 1.489615 2.000000 1.000000 1.000000 0.500000 0.000000 0.000000 1 
2952 2.280000 1.782010 4.317836 1.120037 1.120037 -0.661973 -0.330986 1.949014 2.610986 0.668016 5.963797 1.490949 2.000000 1.000000 1.000000 0.500000 0.000000 0.000000 1 
2953 2.281000 1.782678 4.323800 1.120037 1.120037 -0.662641 -0.331320 1.949680 2.612320 0.668008 5.969133 1.492283 2.000000 1.000000 1.000000 0.500000 0.000000 0.000000 1 
2954 2.282000 1.783346 4.329769 1.120037 1.120037 -0.663309 -0.331654 1.950346 2.613654 0.668000 5.974469 1.493617 2.000000 1.000000 1.000000 0.500000 0.000000 0.000000 1 
2955 2.283000 1.784014 4.335744 1.120037 1.120037 -0.663977 -0.331988 1.951012 2.614988 0.667992 5.979805 1.494951 2.000000 1.000000 1.000000 0.500000 0.000000 0.000000 1 
2956 2.284000 1.784682 4.341724 1.120037 1.120037 -0.664645 -0.332322 1.951678 2.616322 0.667984 5.985141 1.496285 2.000000 1.000000 1.000000 0.500000 0.000000 0.000000 1 
2957 2.285000 1.785350 4.347709 1.120037 1.120037 -0.665313 -0.332656 1.952344 2.617656 0.667976 5.990477 1.497619 2.000000 1.000000 1.000000 0.500000 0.000000 0.000000 1 
2958 2.286000 1.786018 4.353699 1.120037 1.120037 -0.665981 -0.332990 1.953010 2.618990 0.667968 5.995813 1.498953 2.000000 1.000000 1.000000 0.500000 0.000000 0.000000 1 
2959 2.287000 1.786686 4.359695 1.120037 1.120037 -0.666649 -0.333324 1.953676 2.620324 0.667961 6.001149 1.500287 2.000000 1.000000 1.000000 0.500000 0.000000 0.000000 1 
2960 2.288000 1.787354 4.365696 1.120037 1.120037 -0.667317 -0.333658 1.954342 2.621658 0.667953 6.006485 1.501621 2.000000 1.000000 1.000000 0.500000 0.000000 0.000000 1 
2961 2.289000 1.788021 4.371703 1.120037 1.120037 -0.667984 -0.333992 1.955008 2.622992 0.667945 6.011821 1.502955 2.000000 1.000000 1.000000 0.500000 0.000000 0.000000 1 
2962 2.290000 1.788689 4.377714 1.120037 1.120037 -0.668652 -0.334326 1.955674 2.624326 0.667937 6.017157 1.504289 2.000000 1.000000 1.000000 0.500000 0.000000 0.000000 1 
2963 2.291000 1.789357 4.383732 1.120037 1.120037 -0.669320 -0.334660 1.956340 2.625660 0.667930 6.022493 1.505623 2.000000 1.000000 1.000000 0.500000 0.000000 0.000000 1 
2964 2.292000 1.790025 4.389754 1.120037 1.120037 -0.669988 -0.334994 1.957006 2.626994 0.667922 6.027829 1.506957 2.000000 1.000000 1.000000 0.500000 0.000000 0.000000 1 
2965 2.293000 1.790693 4.395782 1.120037 1.120037 -0.670656 -0.335328 1.957672 2.628328 0.667915 6.033164 1.508291 2.000000 1.000000 1.000000 0.500000 0.000000 0.000000 1 
2966 2.294000 1.791361 4.401815 1.120037 1.120037 -0.671324 -0.335662 1.958338 2.629662 0.667907 6.038500 1.509625 2.000000 1.000000 1.000000 0.500000 0.000000 0.000000 1 
2967 2.295000 1.792029 4.407854 1.120037 1.120037 -0.671992 -0.335996 1.959004 2.630996 0.667900 6.043836 1.510959 2.000000 1.000000 1.000000 0.500000 0.000000 0.000000 1 
2968 2.296000 1.792697 4.413897 1.120037 1.120037 -0.672660 -0.336330 1.959670 2.632330 0.667892 6.049172 1.512293 2.000000 1.000000 1.000000 0.500000 0.000000 0.000000 1 
2969 2.297000 1.793365 4.419947 1.120037 1.120037 -0.673328 -0.336664 1.960336 2.633664 0.667885 6.054508 1.513627 2.000000 1.000000 1.000000 0.500000 0.000000 0.000000 1 
2970 2.298000 1.794033 4.426001 1.120037 1.120037 -0.673996 -0.336998 1.961002 2.634998 0.667878 6.059843 1.514961 2.000000 1.000000 1.000000 0.500000 0.000000 0.000000 1 
2971 2.299000 1.794701 4.432061 1.120037 1.120037 -0.674664 -0.337332 1.961668 2.636332 0.667870 6.065179 1.516295 2.000000 1.000000 1.000000 0.500000 0.000000 0.000000 1 
2972 2.300000 1.795368 4.438126 1.120037 1.120037 -0.675331 -0.337666 1.962334 2.637666 0.667863 6.070515 1.517629 2.000000 1.000000 1.000000 0.500000 0.000000 0.000000 1 
2973 2.301000 1.796036 4.444197 1.120037 1.120037 -0.675999 -0.338000 1.963000 2.639000 0.667856 6.075851 1.518963 2.000000 1.000000 1.000000 0.500000 0.000000 0.000000 1 
2974 2.302000 1.796704 4.450272 1.120037 1.120037 -0.676667 -0.338334 1.963666 2.640334 0.667849 6.081186 1.520297 2.000000 1.000000 1.000000 0.500000 0.000000 0.000000 1 
2975 2.303000 1.797372 4.456354 1.120037 1.120037 -0.677335 -0.338668 1.964332 2.641668 0.667842 6.086522 1.521631 2.000000 1.000000 1.000000 0.500000 0.000000 0.000000 1 
2976 2.304000 1.798040 4.462440 1.120037 1.120037 -0.678003 -0.339001 1.964999 2.643001 0.667835 6.091858 1.522964 2.000000 1.000000 1.000000 0.500000 0.000000 0.000000 1 
2977 2.305000 1.798708 4.468532 1.120037 1.120037 -0.678671 -0.339335 1.965665 2.644335 0.667828 6.097193 1.524298 2.000000 1.000000 1.000000 0.500000 0.000000 0.000000 1 
2978 2.306000 1.799376 4.474629 1.120037 1.120037 -0.679339 -0.339669 1.966331 2.645669 0.667821 6.102529 1.525632 2.000000 1.000000 1.000000 0.500000 0.000000 0.000000 1 
2979 2.307000 1.800043 4.480732 1.120037 1.120037 -0.680006 -0.340003 1.966997 2.647003 0.667814 6.107865 1.526966 2.000000 1.000000 1.000000 0.500000 0.000000 0.000000 1 
2980 2.308000 1.800711 4.486840 1.120037 1.120037 -0.680674 -0.340337 1.967663 2.648337 0.667807 6.113200 1.528300 2.000000 1.000000 1.000000 0.500000 0.000000 0.000000 1 
2981 2.309000 1.801379 4.492953 1.120037 1.120037 -0.681342 -0.340671 1.968329 2.649671 0.667800 6.118536 1.529634 2.000000 1.000000 1.000000 0.500000 0.000000 0.000000 1 
2982 2.310000 1.802047 4.499071 1.120037 1.120037 -0.682010 -0.341005 1.968995 2.651005 0.667793 6.123872 1.530968 2.000000 1.000000 1.000000 0.500000 0.000000 0.000000 1 
2983 2.311000 1.802715 4.505195 1.120037 1.120037 -0.682678 -0.341339 1.969661 2.652339 0.667787 6.129207 1.532302 2.000000 1.000000 1.000000 0.500000 0.000000 0.000000 1 
2984 2.312000 1.803382 4.511324 1.120037 1.120037 -0.683345 -0.341673 1.970327 2.653673 0.667780 6.134543 1.533636 2.000000 1.000000 1.000000 0.500000 0.000000 0.000000 1 
2985 2.313000 1.804050 4.517459 1.120037 1.120037 -0.684013 -0.342007 1.970993 2.655007 0.667773 6.139878 1.534970 2.000000 1.000000 1.000000 0.500000 0.000000 0.000000 1 
2986 2.314000 1.804718 4.523599 1.120037 1.120037 -0.684681 -0.342340 1.971660 2.656340 0.667767 6.145214 1.536303 2.000000 1.000000 1.000000 0.500000 0.000000 0.000000 1 
2987 2.315000 1.805386 4.529744 1.120037 1.120037 -0.685349 -0.342674 1.972326 2.657674 0.667760 6.150549 1.537637 2.000000 1.000000 1.000000 0.500000 0.000000 0.000000 1 
2988 2.316000 1.806053 4.535895 1.120037 1.120037 -0.686016 -0.343008 1.972992 2.659008 0.667753 6.155885 1.538971 2.000000 1.000000 1.000000 0.500000 0.000000 0.000000 1 
2989 2.317000 1.806721 4.542050 1.120037 1.120037 -0.686684 -0.343342 1.973658 2.660342 0.667747 6.161220 1.540305 2.000000 1.000000 1.000000 0.500000 0.000000 0.000000 1 
2990 2.318000 1.807389 4.548212 1.120037 1.120037 -0.687352 -0.343676 1.974324 2.661676 0.667740 6.166556 1.541639 2.000000 1.000000 1.000000 0.500000 0.000000 0.000000 1 
2991 2.319000 1.808057 4.554378 1.120037 1.120037 -0.688020 -0.344010 1.974990 2.663010 0.667734 6.171891 1.542973 2.000000 1.000000 1.000000 0.500000 0.000000 0.000000 1 
2992 2.320000 1.808724 4.560550 1.120037 1.120037 -0.688687 -0.344344 1.975656 2.664344 0.667728 6.177227 1.544307 2.000000 1.000000 1.000000 0.500000 0.000000 0.000000 1 
2993 2.321000 1.809392 4.566727 1.120037 1.120037 -0.689355 -0.344678 1.976322 2.665678 0.667721 6.182562 1.545641 2.000000 1.000000 1.000000 0.500000 0.000000 0.000000 1 
2994 2.322000 1.810060 4.572910 1.120037 1.120037 -0.690023 -0.345011 1.976989 2.667011 0.667715 6.187898 1.546974 2.000000 1.000000 1.000000 0.500000 0.000000 0.000000 1 
2995 2.323000 1.810728 4.579098 1.120037 1.120037 -0.690691 -0.345345 1.977655 2.668345 0.667709 6.193233 1.548308 2.000000 1.000000 1.000000 0.500000 0.000000 0.000000 1 
2996 2.324000 1.811395 4.585291 1.120037 1.120037 -0.691358 -0.345679 1.978321 2.669679 0.667702 6.198569 1.549642 2.000000 1.000000 1.000000 0.500000 0.000000 0.000000 1 
2997 2.325000 1.812063 4.591490 1.120037 1.120037 -0.692026 -0.346013 1.978987 2.671013 0.667696 6.203904 1.550976 2.000000 1.000000 1.000000 0.500000 0.000000 0.000000 1 
2998 2.326000 1.812731 4.597694 1.120037 1.120037 -0.692694 -0.346347 1.979653 2.672347 0.667690 6.209239 1.552310 2.000000 1.000000 1.000000 0.500000 0.000000 0.000000 1 
2999 2.327000 1.813398 4.603903 1.120037 1.120037 -0.693361 -0.346681 1.980319 2.673681 0.667684 6.214575 1.553644 2.000000 1.000000 1.000000 0.500000 0.000000 0.000000 1 
3000 2.328000 1.814066 4.610117 1.120037 1.120037 -0.694029 -0.347015 1.980985 2.675015 0.667678 6.219910 1.554978 2.000000 1.000000 1.000000 0.500000 0.000000 0.000000 1 
3001 2.329000 1.814734 4.616337 1.120037 1.120037 -0.694697 -0.347348 1.981652 2.676348 0.667672 6.225245 1.556311 2.000000 1.000000 1.000000 0.500000 0.000000 0.000000 1 
3002 2.330000 1.815401 4.622563 1.120037 1.120037 -0.695364 -0.347682 1.982318 2.677682 0.667666 6.230581 1.557645 2.000000 1.000000 1.000000 0.500000 0.000000 0.000000 1 
3003 2.331000 1.816069 4.628793 1.120037 1.120037 -0.696032 -0.348016 1.982984 2.679016 0.667660 6.235916 1.558979 2.000000 1.000000 1.000000 0.500000 0.000000 0.000000 1 
3004 2.332000 1.816737 4.635029 1.120037 1.120037 -0.696700 -0.348350 1.983650 2.680350 0.667654 6.241251 1.560313 2.000000 1.000000 1.000000 0.500000 0.000000 0.000000 1 
3005 2.333000 1.817404 4.641270 1.120037 1.120037 -0.697367 -0.348684 1.984316 2.681684 0.667648 6.246587 1.561647 2.000000 1.000000 1.000000 0.500000 0.000000 0.000000 1 
3006 2.334000 1.818072 4.647517 1.120037 1.120037 -0.698035 -0.349018 1.984982 2.683018 0.667642 6.251922 1.562981 2.000000 1.000000 1.000000 0.500000 0.000000 0.000000 1 
3007 2.335000 1.818740 4.653769 1.120037 1.120037 -0.698703 -0.349351 1.985649 2.684351 0.667636 6.257257 1.564314 2.000000 1.000000 1.000000 0.500000 0.000000 0.000000 1 
3008 2.336000 1.819407 4.660026 1.120037 1.120037 -0.699370 -0.349685 1.986315 2.685685 0.667630 6.262593 1.565648 2.000000 1.000000 1.000000 0.500000 0.000000 0.000000 1 
3009 2.337000 1.820075 4.666289 1.120037 1.120037 -0.700038 -0.350019 1.986981 2.687019 0.667624 6.267928 1.566982 2.000000 1.000000 1.000000 0.500000 0.000000 0.000000 1 
3010 2.338000 1.820743 4.672557 1.120037 1.120037 -0.700706 -0.350353 1.987647 2.688353 0.667619 6.273263 1.568316 2.000000 1.000000 1.000000 0.500000 0.000000 0.000000 1 
3011 2.339000 1.821410 4.678830 1.120037 1.120037 -0.701373 -0.350687 1.988313 2.689687 0.667613 6.278598 1.569650 2.000000 1.000000 1.000000 0.500000 0.000000 0.000000 1 
3012 2.340000 1.822078 4.685108 1.120037 1.120037 -0.702041 -0.351020 1.988980 2.691020 0.667607 6.283934 1.570983 2.000000 1.000000 1.000000 0.500000 0.000000 0.000000 1 
3013 2.341000 1.822745 4.691392 1.120037 1.120037 -0.702708 -0.351354 1.989646 2.692354 0.667602 6.289269 1.572317 2.000000 1.000000 1.000000 0.500000 0.000000 0.000000 1 
3014 2.342000 1.823413 4.697682 1.120037 1.120037 -0.703376 -0.351688 1.990312 2.693688 0.667596 6.294604 1.573651 2.000000 1.000000 1.000000 0.500000 0.000000 0.000000 1 
3015 2.343000 1.824081 4.703976 1.120037 1.120037 -0.704044 -0.352022 1.990978 2.695022 0.667590 6.299939 1.574985 2.000000 1.000000 1.000000 0.500000 0.000000 0.000000 1 
3016 2.344000 1.824748 4.710276 1.120037 1.120037 -0.704711 -0.352356 1.991644 2.696356 0.667585 6.305274 1.576319 2.000000 1.000000 1.000000 0.500000 0.000000 0.000000 1 
3017 2.345000 1.825416 4.716581 1.120037 1.120037 -0.705379 -0.352689 1.992311 2.697689 0.667579 6.310610 1.577652 2.000000 1.000000 1.000000 0.500000 0.000000 0.000000 1 
3018 2.346000 1.826083 4.722892 1.120037 1.120037 -0.706046 -0.353023 1.992977 2.699023 0.667574 6.315945 1.578986 2.000000 1.000000 1.000000 0.500000 0.000000 0.000000 1 
3019 2.347000 1.826751 4.729208 1.120037 1.120037 -0.706714 -0.353357 1.993643 2.700357 0.667568 6.321280 1.580320 2.000000 1.000000 1.000000 0.500000 0.000000 0.000000 1 
3020 2.348000 1.827418 4.735529 1.120037 1.120037 -0.707381 -0.353691 1.994309 2.701691 0.667563 6.326615 1.581654 2.000000 1.000000 1.000000 0.500000 0.000000 0.000000 1 
3021 2.349000 1.828086 4.741856 1.120037 1.120037 -0.708049 -0.354025 1.994975 2.703025 0.667558 6.331950 1.582988 2.000000 1.000000 1.000000 0.500000 0.000000 0.000000 1 
3022 2.350000 1.828754 4.748188 1.120037 1.120037 -0.708717 -0.354358 1.995642 2.704358 0.667552 6.337285 1.584321 2.000000 1.000000 1.000000 0.500000 0.000000 0.000000 1 
3023 2.351000 1.829421 4.754525 1.120037 1.120037 -0.709384 -0.354692 1.996308 2.705692 0.667547 6.342620 1.585655 2.000000 1.000000 1.000000 0.500000 0.000000 0.000000 1 
3024 2.352000 1.830089 4.760868 1.120037 1.120037 -0.710052 -0.355026 1.996974 2.707026 0.667542 6.347955 1.586989 2.000000 1.000000 1.000000 0.500000 0.000000 0.000000 1 
3025 2.353000 1.830756 4.767216 1.120037 1.120037 -0.710719 -0.355360 1.997640 2.708360 0.667536 6.353291 1.588323 2.000000 1.000000 1.000000 0.500000 0.000000 0.000000 1 
3026 2.354000 1.831424 4.773569 1.120037 1.120037 -0.711387 -0.355693 1.998307 2.709693 0.667531 6.358626 1.589656 2.000000 1.000000 1.000000 0.500000 0.000000 0.000000 1 
3027 2.355000 1.832091 4.779928 1.120037 1.120037 -0.712054 -0.356027 1.998973 2.711027 0.667526 6.363961 1.590990 2.000000 1.000000 1.000000 0.500000 0.000000 0.000000 1 
3028 2.356000 1.832759 4.786292 1.120037 1.120037 -0.712722 -0.356361 1.999639 2.712361 0.667521 6.369296 1.592324 2.000000 1.000000 1.000000 0.500000 0.000000 0.000000 1 
3029 2.357000 1.833426 4.792661 1.120037 1.120037 -0.713389 -0.356695 2.000305 2.713695 0.667516 6.374631 1.593658 2.000000 1.000000 1.000000 0.500000 0.000000 0.000000 1 
3030 2.358000 1.834094 4.799036 1.120037 1.120037 -0.714057 -0.357028 2.000972 2.715028 0.667511 6.379966 1.594991 2.000000 1.000000 1.000000 0.500000 0.000000 0.000000 1 
3031 2.359000 1.834761 4.805415 1.120037 1.120037 -0.714724 -0.357362 2.001638 2.716362 0.667506 6.385301 1.596325 2.000000 1.000000 1.000000 0.500000 0.000000 0.000000 1 
3032 2.360000 1.835429 4.811801 1.120037 1.120037 -0.715392 -0.357696 2.002304 2.717696 0.667501 6.390636 1.597659 2.000000 1.000000 1.000000 0.500000 0.000000 0.000000 1 
3033 2.361000 1.836096 4.818191 1.120037 1.120037 -0.716059 -0.358030 2.002970 2.719030 0.667496 6.395971 1.598993 2.000000 1.000000 1.000000 0.500000 0.000000 0.000000 1 
3034 2.362000 1.836764 4.824587 1.120037 1.120037 -0.716727 -0.358363 2.003637 2.720363 0.667491 6.401306 1.600326 2.000000 1.000000 1.000000 0.500000 0.000000 0.000000 1 
3035 2.363000 1.837431 4.830989 1.120037 1.120037 -0.717394 -0.358697 2.004303 2.721697 0.667486 6.406641 1.601660 2.000000 1.000000 1.000000 0.500000 0.000000 0.000000 1 
3036 2.364000 1.838099 4.837395 1.120037 1.120037 -0.718062 -0.359031 2.004969 2.723031 0.667481 6.411976 1.602994 2.000000 1.000000 1.000000 0.500000 0.000000 0.000000 1 
3037 2.365000 1.838766 4.843807 1.120037 1.120037 -0.718729 -0.359365 2.005635 2.724365 0.667476 6.417311 1.604328 2.000000 1.000000 1.000000 0.500000 0.000000 0.000000 1 
3038 2.366000 1.839434 4.850225 1.120037 1.120037 -0.719397 -0.359698 2.006302 2.725698 0.667471 6.422646 1.605661 2.000000 1.000000 1.000000 0.500000 0.000000 0.000000 1 
3039 2.367000 1.840101 4.856647 1.120037 1.120037 -0.720064 -0.360032 2.006968 2.727032 0.667466 6.427981 1.606995 2.000000 1.000000 1.000000 0.500000 0.000000 0.000000 1 
3040 2.368000 1.840769 4.863075 1.120037 1.120037 -0.720732 -0.360366 2.007634 2.728366 0.667461 6.433316 1.608329 2.000000 1.000000 1.000000 0.500000 0.000000 0.000000 1 
3041 2.369000 1.841436 4.869509 1.120037 1.120037 -0.721399 -0.360700 2.008300 2.729700 0.667457 6.438650 1.609663 2.000000 1.000000 1.000000 0.500000 0.000000 0.000000 1 
3042 2.370000 1.842104 4.875947 1.120037 1.120037 -0.722067 -0.361033 2.008967 2.731033 0.667452 6.443985 1.610996 2.000000 1.000000 1.000000 0.500000 0.000000 0.000000 1 
3043 2.371000 1.842771 4.882391 1.120037 1.120037 -0.722734 -0.361367 2.009633 2.732367 0.667447 6.449320 1.612330 2.000000 1.000000 1.000000 0.500000 0.000000 0.000000 1 
3044 2.372000 1.843439 4.888841 1.120037 1.120037 -0.723402 -0.361701 2.010299 2.733701 0.667442 6.454655 1.613664 2.000000 1.000000 1.000000 0.500000 0.000000 0.000000 1 
3045 2.373000 1.844106 4.895295 1.120037 1.120037 -0.724069 -0.362035 2.010965 2.735035 0.667438 6.459990 1.614998 2.000000 1.000000 1.000000 0.500000 0.000000 0.000000 1 
3046 2.374000 1.844773 4.901755 1.120037 1.120037 -0.724736 -0.362368 2.011632 2.736368 0.667433 6.465325 1.616331 2.000000 1.000000 1.000000 0.500000 0.000000 0.000000 1 
3047 2.375000 1.845441 4.908220 1.120037 1.120037 -0.725404 -0.362702 2.012298 2.737702 0.667429 6.470660 1.617665 2.000000 1.000000 1.000000 0.500000 0.000000 0.000000 1 
3048 2.376000 1.846108 4.914691 1.120037 1.120037 -0.726071 -0.363036 2.012964 2.739036 0.667424 6.475995 1.618999 2.000000 1.000000 1.000000 0.500000 0.000000 0.000000 1 
3049 2.377000 1.846776 4.921167 1.120037 1.120037 -0.726739 -0.363369 2.013631 2.740369 0.667419 6.481330 1.620332 2.000000 1.000000 1.000000 0.500000 0.000000 0.000000 1 
3050 2.378000 1.847443 4.927648 1.120037 1.120037 -0.727406 -0.363703 2.014297 2.741703 0.667415 6.486664 1.621666 2.000000 1.000000 1.000000 0.500000 0.000000 0.000000 1 
3051 2.379000 1.848111 4.934135 1.120037 1.120037 -0.728074 -0.364037 2.014963 2.743037 0.667410 6.491999 1.623000 2.000000 1.000000 1.000000 0.500000 0.000000 0.000000 1 
3052 2.380000 1.848778 4.940627 1.120037 1.120037 -0.728741 -0.364371 2.015629 2.744371 0.667406 6.497334 1.624334 2.000000 1.000000 1.000000 0.500000 0.000000 0.000000 1 
3053 2.381000 1.849445 4.947124 1.120037 1.120037 -0.729408 -0.364704 2.016296 2.745704 0.667402 6.502669 1.625667 2.000000 1.000000 1.000000 0.500000 0.000000 0.000000 1 
3054 2.382000 1.850113 4.953627 1.120037 1.120037 -0.730076 -0.365038 2.016962 2.747038 0.667397 6.508004 1.627001 2.000000 1.000000 1.000000 0.500000 0.000000 0.000000 1 
3055 2.383000 1.850780 4.960135 1.120037 1.120037 -0.730743 -0.365372 2.017628 2.748372 0.667393 6.513338 1.628335 2.000000 1.000000 1.000000 0.500000 0.000000 0.000000 1 
3056 2.384000 1.851448 4.966648 1.120037 1.120037 -0.731411 -0.365705 2.018295 2.749705 0.667388 6.518673 1.629668 2.000000 1.000000 1.000000 0.500000 0.000000 0.000000 1 
3057 2.385000 1.852115 4.973167 1.120037 1.120037 -0.732078 -0.366039 2.018961 2.751039 0.667384 6.524008 1.631002 2.000000 1.000000 1.000000 0.500000 0.000000 0.000000 1 
3058 2.386000 1.852782 4.979691 1.120037 1.120037 -0.732745 -0.366373 2.019627 2.752373 0.667380 6.529343 1.632336 2.000000 1.000000 1.000000 0.500000 0.000000 0.000000 1 
3059 2.387000 1.853450 4.986220 1.120037 1.120037 -0.733413 -0.366706 2.020294 2.753706 0.667375 6.534678 1.633669 2.000000 1.000000 1.000000 0.500000 0.000000 0.000000 1 
3060 2.388000 1.854117 4.992755 1.120037 1.120037 -0.734080 -0.367040 2.020960 2.755040 0.667371 6.540012 1.635003 2.000000 1.000000 1.000000 0.500000 0.000000 0.000000 1 
3061 2.389000 1.854784 4.999295 1.120037 1.120037 -0.734747 -0.367374 2.021626 2.756374 0.667367 6.545347 1.636337 2.000000 1.000000 1.000000 0.500000 0.000000 0.000000 1 
3062 2.390000 1.855452 5.005841 1.120037 1.120037 -0.735415 -0.367707 2.022293 2.757707 0.667363 6.550682 1.637670 2.000000 1.000000 1.000000 0.500000 0.000000 0.000000 1 
3063 2.391000 1.856119 5.012391 1.120037 1.120037 -0.736082 -0.368041 2.022959 2.759041 0.667359 6.556016 1.639004 2.000000 1.000000 1.000000 0.500000 0.000000 0.000000 1 
3064 2.392000 1.856787 5.018947 1.120037 1.120037 -0.736750 -0.368375 2.023625 2.760375 0.667354 6.561351 1.640338 2.000000 1.000000 1.000000 0.500000 0.000000 0.000000 1 
3065 2.393000 1.857454 5.025509 1.120037 1.120037 -0.737417 -0.368708 2.024292 2.761708 0.667350 6.566686 1.641671 2.000000 1.000000 1.000000 0.500000 0.000000 0.000000 1 
3066 2.394000 1.858121 5.032075 1.120037 1.120037 -0.738084 -0.369042 2.024958 2.763042 0.667346 6.572021 1.643005 2.000000 1.000000 1.000000 0.500000 0.000000 0.000000 1 
3067 2.395000 1.858789 5.038647 1.120037 1.120037 -0.738752 -0.369376 2.025624 2.764376 0.667342 6.577355 1.644339 2.000000 1.000000 1.000000 0.500000 0.000000 0.000000 1 
3068 2.396000 1.859456 5.045225 1.120037 1.120037 -0.739419 -0.369709 2.026291 2.765709 0.667338 6.582690 1.645672 2.000000 1.000000 1.000000 0.500000 0.000000 0.000000 1 
3069 2.397000 1.860123 5.051807 1.120037 1.120037 -0.740086 -0.370043 2.026957 2.767043 0.667334 6.588025 1.647006 2.000000 1.000000 1.000000 0.500000 0.000000 0.000000 1 
3070 2.398000 1.860791 5.058395 1.120037 1.120037 -0.740754 -0.370377 2.027623 2.768377 0.667330 6.593359 1.648340 2.000000 1.000000 1.000000 0.500000 0.000000 0.000000 1 
3071 2.399000 1.861458 5.064989 1.120037 1.120037 -0.741421 -0.370710 2.028290 2.769710 0.667326 6.598694 1.649673 2.000000 1.000000 1.000000 0.500000 0.000000 0.000000 1 
3072 2.400000 1.862125 5.071587 1.120037 1.120037 -0.742088 -0.371044 2.028956 2.771044 0.667322 6.604029 1.651007 2.000000 1.000000 1.000000 0.500000 0.000000 0.000000 1 
3073 2.401000 1.862793 5.078191 1.120037 1.120037 -0.742756 -0.371378 2.029622 2.772378 0.667318 6.609363 1.652341 2.000000 1.000000 1.000000 0.500000 0.000000 0.000000 1 
3074 2.402000 1.863460 5.084801 1.120037 1.120037 -0.743423 -0.371711 2.030289 2.773711 0.667314 6.614698 1.653674 2.000000 1.000000 1.000000 0.500000 0.000000 0.000000 1 
3075 2.403000 1.864127 5.091415 1.120037 1.120037 -0.744090 -0.372045 2.030955 2.775045 0.667310 6.620033 1.655008 2.000000 1.000000 1.000000 0.500000 0.000000 0.000000 1 
3076 2.404000 1.864795 5.098036 1.120037 1.120037 -0.744758 -0.372379 2.031621 2.776379 0.667307 6.625367 1.656342 2.000000 1.000000 1.000000 0.500000 0.000000 0.000000 1 
3077 2.405000 1.865462 5.104661 1.120037 1.120037 -0.745425 -0.372712 2.032288 2.777712 0.667303 6.630702 1.657675 2.000000 1.000000 1.000000 0.500000 0.000000 0.000000 1 
3078 2.406000 1.866129 5.111292 1.120037 1.120037 -0.746092 -0.373046 2.032954 2.779046 0.667299 6.636036 1.659009 2.000000 1.000000 1.000000 0.500000 0.000000 0.000000 1 
3079 2.407000 1.866796 5.117928 1.120037 1.120037 -0.746759 -0.373380 2.033620 2.780380 0.667295 6.641371 1.660343 2.000000 1.000000 1.000000 0.500000 0.000000 0.000000 1 
3080 2.408000 1.867464 5.124569 1.120037 1.120037 -0.747427 -0.373713 2.034287 2.781713 0.667291 6.646706 1.661676 2.000000 1.000000 1.000000 0.500000 0.000000 0.000000 1 
3081 2.409000 1.868131 5.131216 1.120037 1.120037 -0.748094 -0.374047 2.034953 2.783047 0.667288 6.652040 1.663010 2.000000 1.000000 1.000000 0.500000 0.000000 0.000000 1 
3082 2.410000 1.868798 5.137868 1.120037 1.120037 -0.748761 -0.374381 2.035619 2.784381 0.667284 6.657375 1.664344 2.000000 1.000000 1.000000 0.500000 0.000000 0.000000 1 
3083 2.411000 1.869466 5.144525 1.120037 1.120037 -0.749429 -0.374714 2.036286 2.785714 0.667280 6.662709 1.665677 2.000000 1.000000 1.000000 0.500000 0.000000 0.000000 1 
3084 2.412000 1.870133 5.151188 1.120037 1.120037 -0.750096 -0.375048 2.036952 2.787048 0.667276 6.668044 1.667011 2.000000 1.000000 1.000000 0.500000 0.000000 0.000000 1 
3085 2.413000 1.870800 5.157856 1.120037 1.120037 -0.750763 -0.375382 2.037618 2.788382 0.667273 6.673378 1.668345 2.000000 1.000000 1.000000 0.500000 0.000000 0.000000 1 
3086 2.414000 1.871467 5.164529 1.120037 1.120037 -0.751430 -0.375715 2.038285 2.789715 0.667269 6.678713 1.669678 2.000000 1.000000 1.000000 0.500000 0.000000 0.000000 1 
3087 2.415000 1.872135 5.171208 1.120037 1.120037 -0.752098 -0.376049 2.038951 2.791049 0.667266 6.684047 1.671012 2.000000 1.000000 1.000000 0.500000 0.000000 0.000000 1 
3088 2.416000 1.872802 5.177892 1.120037 1.120037 -0.752765 -0.376383 2.039617 2.792383 0.667262 6.689382 1.672346 2.000000 1.000000 1.000000 0.500000 0.000000 0.000000 1 
3089 2.417000 1.873469 5.184581 1.120037 1.120037 -0.753432 -0.376716 2.040284 2.793716 0.667258 6.694717 1.673679 2.000000 1.000000 1.000000 0.500000 0.000000 0.000000 1 
3090 2.418000 1.874137 5.191276 1.120037 1.120037 -0.754100 -0.377050 2.040950 2.795050 0.667255 6.700051 1.675013 2.000000 1.000000 1.000000 0.500000 0.000000 0.000000 1 
3091 2.419000 1.874804 5.197976 1.120037 1.120037 -0.754767 -0.377383 2.041617 2.796383 0.667251 6.705386 1.676346 2.000000 1.000000 1.000000 0.500000 0.000000 0.000000 1 
3092 2.420000 1.875471 5.204682 1.120037 1.120037 -0.755434 -0.377717 2.042283 2.797717 0.667248 6.710720 1.677680 2.000000 1.000000 1.000000 0.500000 0.000000 0.000000 1 
3093 2.421000 1.876138 5.211392 1.120037 1.120037 -0.756101 -0.378051 2.042949 2.799051 0.667244 6.716055 1.679014 2.000000 1.000000 1.000000 0.500000 0.000000 0.000000 1 
3094 2.422000 1.876806 5.218108 1.120037 1.120037 -0.756769 -0.378384 2.043616 2.800384 0.667241 6.721389 1.680347 2.000000 1.000000 1.000000 0.500000 0.000000 0.000000 1 
3095 2.423000 1.877473 5.224830 1.120037 1.120037 -0.757436 -0.378718 2.044282 2.801718 0.667237 6.726724 1.681681 2.000000 1.000000 1.000000 0.500000 0.000000 0.000000 1 
3096 2.424000 1.878140 5.231556 1.120037 1.120037 -0.758103 -0.379052 2.044948 2.803052 0.667234 6.732058 1.683015 2.000000 1.000000 1.000000 0.500000 0.000000 0.000000 1 
3097 2.425000 1.878807 5.238288 1.120037 1.120037 -0.758770 -0.379385 2.045615 2.804385 0.667231 6.737392 1.684348 2.000000 1.000000 1.000000 0.500000 0.000000 0.000000 1 
3098 2.426000 1.879474 5.245026 1.120037 1.120037 -0.759437 -0.379719 2.046281 2.805719 0.667227 6.742727 1.685682 2.000000 1.000000 1.000000 0.500000 0.000000 0.000000 1 
3099 2.427000 1.880142 5.251769 1.120037 1.120037 -0.760105 -0.380052 2.046948 2.807052 0.667224 6.748061 1.687015 2.000000 1.000000 1.000000 0.500000 0.000000 0.000000 1 
3100 2.428000 1.880809 5.258517 1.120037 1.120037 -0.760772 -0.380386 2.047614 2.808386 0.667221 6.753396 1.688349 2.000000 1.000000 1.000000 0.500000 0.000000 0.000000 1 
3101 2.429000 1.881476 5.265270 1.120037 1.120037 -0.761439 -0.380720 2.048280 2.809720 0.667217 6.758730 1.689683 2.000000 1.000000 1.000000 0.500000 0.000000 0.000000 1 
3102 2.430000 1.882143 5.272029 1.120037 1.120037 -0.762106 -0.381053 2.048947 2.811053 0.667214 6.764065 1.691016 2.000000 1.000000 1.000000 0.500000 0.000000 0.000000 1 
3103 2.431000 1.882811 5.278793 1.120037 1.120037 -0.762774 -0.381387 2.049613 2.812387 0.667211 6.769399 1.692350 2.000000 1.000000 1.000000 0.500000 0.000000 0.000000 1 
3104 2.432000 1.883478 5.285562 1.120037 1.120037 -0.763441 -0.381720 2.050280 2.813720 0.667207 6.774734 1.693683 2.000000 1.000000 1.000000 0.500000 0.000000 0.000000 1 
3105 2.433000 1.884145 5.292337 1.120037 1.120037 -0.764108 -0.382054 2.050946 2.815054 0.667204 6.780068 1.695017 2.000000 1.000000 1.000000 0.500000 0.000000 0.000000 1 
3106 2.434000 1.884812 5.299117 1.120037 1.120037 -0.764775 -0.382388 2.051612 2.816388 0.667201 6.785402 1.696351 2.000000 1.000000 1.000000 0.500000 0.000000 0.000000 1 
3107 2.435000 1.885479 5.305902 1.120037 1.120037 -0.765442 -0.382721 2.052279 2.817721 0.667198 6.790737 1.697684 2.000000 1.000000 1.000000 0.500000 0.000000 0.000000 1 
3108 2.436000 1.886147 5.312693 1.120037 1.120037 -0.766110 -0.383055 2.052945 2.819055 0.667194 6.796071 1.699018 2.000000 1.000000 1.000000 0.500000 0.000000 0.000000 1 
3109 2.437000 1.886814 5.319489 1.120037 1.120037 -0.766777 -0.383388 2.053612 2.820388 0.667191 6.801406 1.700351 2.000000 1.000000 1.000000 0.500000 0.000000 0.000000 1 
3110 2.438000 1.887481 5.326291 1.120037 1.120037 -0.767444 -0.383722 2.054278 2.821722 0.667188 6.806740 1.701685 2.000000 1.000000 1.000000 0.500000 0.000000 0.000000 1 
3111 2.439000 1.888148 5.333097 1.120037 1.120037 -0.768111 -0.384056 2.054944 2.823056 0.667185 6.812074 1.703019 2.000000 1.000000 1.000000 0.500000 0.000000 0.000000 1 
3112 2.440000 1.888815 5.339910 1.120037 1.120037 -0.768778 -0.384389 2.055611 2.824389 0.667182 6.817409 1.704352 2.000000 1.000000 1.000000 0.500000 0.000000 0.000000 1 
3113 2.441000 1.889483 5.346727 1.120037 1.120037 -0.769446 -0.384723 2.056277 2.825723 0.667179 6.822743 1.705686 2.000000 1.000000 1.000000 0.500000 0.000000 0.000000 1 
3114 2.442000 1.890150 5.353550 1.120037 1.120037 -0.770113 -0.385056 2.056944 2.827056 0.667176 6.828077 1.707019 2.000000 1.000000 1.000000 0.500000 0.000000 0.000000 1 
3115 2.443000 1.890817 5.360378 1.120037 1.120037 -0.770780 -0.385390 2.057610 2.828390 0.667173 6.833412 1.708353 2.000000 1.000000 1.000000 0.500000 0.000000 0.000000 1 
3116 2.444000 1.891484 5.367211 1.120037 1.120037 -0.771447 -0.385724 2.058276 2.829724 0.667170 6.838746 1.709687 2.000000 1.000000 1.000000 0.500000 0.000000 0.000000 1 
3117 2.445000 1.892151 5.374050 1.120037 1.120037 -0.772114 -0.386057 2.058943 2.831057 0.667167 6.844080 1.711020 2.000000 1.000000 1.000000 0.500000 0.000000 0.000000 1 
3118 2.446000 1.892818 5.380894 1.120037 1.120037 -0.772781 -0.386391 2.059609 2.832391 0.667164 6.849415 1.712354 2.000000 1.000000 1.000000 0.500000 0.000000 0.000000 1 
3119 2.447000 1.893486 5.387743 1.120037 1.120037 -0.773449 -0.386724 2.060276 2.833724 0.667161 6.854749 1.713687 2.000000 1.000000 1.000000 0.500000 0.000000 0.000000 1 
3120 2.448000 1.894153 5.394598 1.120037 1.120037 -0.774116 -0.387058 2.060942 2.835058 0.667158 6.860083 1.715021 2.000000 1.000000 1.000000 0.500000 0.000000 0.000000 1 
3121 2.449000 1.894820 5.401458 1.120037 1.120037 -0.774783 -0.387391 2.061609 2.836391 0.667155 6.865418 1.716354 2.000000 1.000000 1.000000 0.500000 0.000000 0.000000 1 
3122 2.450000 1.895487 5.408324 1.120037 1.120037 -0.775450 -0.387725 2.062275 2.837725 0.667152 6.870752 1.717688 2.000000 1.000000 1.000000 0.500000 0.000000 0.000000 1 
3123 2.451000 1.896154 5.415194 1.120037 1.120037 -0.776117 -0.388059 2.062941 2.839059 0.667149 6.876086 1.719022 2.000000 1.000000 1.000000 0.500000 0.000000 0.000000 1 
3124 2.452000 1.896821 5.422070 1.120037 1.120037 -0.776784 -0.388392 2.063608 2.840392 0.667146 6.881421 1.720355 2.000000 1.000000 1.000000 0.500000 0.000000 0.000000 1 
3125 2.453000 1.897488 5.428952 1.120037 1.120037 -0.777451 -0.388726 2.064274 2.841726 0.667143 6.886755 1.721689 2.000000 1.000000 1.000000 0.500000 0.000000 0.000000 1 
3126 2.454000 1.898156 5.435839 1.120037 1.120037 -0.778119 -0.389059 2.064941 2.843059 0.667140 6.892089 1.723022 2.000000 1.000000 1.000000 0.500000 0.000000 0.000000 1 
3127 2.455000 1.898823 5.442731 1.120037 1.120037 -0.778786 -0.389393 2.065607 2.844393 0.667137 6.897424 1.724356 2.000000 1.000000 1.000000 0.500000 0.000000 0.000000 1 
3128 2.456000 1.899490 5.449628 1.120037 1.120037 -0.779453 -0.389726 2.066274 2.845726 0.667135 6.902758 1.725689 2.000000 1.000000 1.000000 0.500000 0.000000 0.000000 1 
3129 2.457000 1.900157 5.456531 1.120037 1.120037 -0.780120 -0.390060 2.066940 2.847060 0.667132 6.908092 1.727023 2.000000 1.000000 1.000000 0.500000 0.000000 0.000000 1 
3130 2.458000 1.900824 5.463439 1.120037 1.120037 -0.780787 -0.390394 2.067606 2.848394 0.667129 6.913426 1.728357 2.000000 1.000000 1.000000 0.500000 0.000000 0.000000 1 
3131 2.459000 1.901491 5.470352 1.120037 1.120037 -0.781454 -0.390727 2.068273 2.849727 0.667126 6.918761 1.729690 2.000000 1.000000 1.000000 0.500000 0.000000 0.000000 1 
3132 2.460000 1.902158 5.477271 1.120037 1.120037 -0.782121 -0.391061 2.068939 2.851061 0.667123 6.924095 1.731024 2.000000 1.000000 1.000000 0.500000 0.000000 0.000000 1 
3133 2.461000 1.902826 5.484195 1.120037 1.120037 -0.782789 -0.391394 2.069606 2.852394 0.667121 6.929429 1.732357 2.000000 1.000000 1.000000 0.500000 0.000000 0.000000 1 
3134 2.462000 1.903493 5.491125 1.120037 1.120037 -0.783456 -0.391728 2.070272 2.853728 0.667118 6.934763 1.733691 2.000000 1.000000 1.000000 0.500000 0.000000 0.000000 1 
3135 2.463000 1.904160 5.498059 1.120037 1.120037 -0.784123 -0.392061 2.070939 2.855061 0.667115 6.940098 1.735024 2.000000 1.000000 1.000000 0.500000 0.000000 0.000000 1 
3136 2.464000 1.904827 5.505000 1.120037 1.120037 -0.784790 -0.392395 2.071605 2.856395 0.667113 6.945432 1.736358 2.000000 1.000000 1.000000 0.500000 0.000000 0.000000 1 
3137 2.465000 1.905494 5.511945 1.120037 1.120037 -0.785457 -0.392729 2.072271 2.857729 0.667110 6.950766 1.737692 2.000000 1.000000 1.000000 0.500000 0.000000 0.000000 1 
3138 2.466000 1.906161 5.518896 1.120037 1.120037 -0.786124 -0.393062 2.072938 2.859062 0.667107 6.956100 1.739025 2.000000 1.000000 1.000000 0.500000 0.000000 0.000000 1 
3139 2.467000 1.906828 5.525852 1.120037 1.120037 -0.786791 -0.393396 2.073604 2.860396 0.667105 6.961434 1.740359 2.000000 1.000000 1.000000 0.500000 0.000000 0.000000 1 
3140 2.468000 1.907495 5.532813 1.120037 1.120037 -0.787458 -0.393729 2.074271 2.861729 0.667102 6.966769 1.741692 2.000000 1.000000 1.000000 0.500000 0.000000 0.000000 1 
3141 2.469000 1.908162 5.539780 1.120037 1.120037 -0.788125 -0.394063 2.074937 2.863063 0.667099 6.972103 1.743026 2.000000 1.000000 1.000000 0.500000 0.000000 0.000000 1 
3142 2.470000 1.908830 5.546752 1.120037 1.120037 -0.788793 -0.394396 2.075604 2.864396 0.667097 6.977437 1.744359 2.000000 1.000000 1.000000 0.500000 0.000000 0.000000 1 
3143 2.471000 1.909497 5.553730 1.120037 1.120037 -0.789460 -0.394730 2.076270 2.865730 0.667094 6.982771 1.745693 2.000000 1.000000 1.000000 0.500000 0.000000 0.000000 1 
3144 2.472000 1.910164 5.560712 1.120037 1.120037 -0.790127 -0.395063 2.076937 2.867063 0.667092 6.988105 1.747026 2.000000 1.000000 1.000000 0.500000 0.000000 0.000000 1 
3145 2.473000 1.910831 5.567701 1.120037 1.120037 -0.790794 -0.395397 2.077603 2.868397 0.667089 6.993440 1.748360 2.000000 1.000000 1.000000 0.500000 0.000000 0.000000 1 
3146 2.474000 1.911498 5.574694 1.120037 1.120037 -0.791461 -0.395730 2.078270 2.869730 0.667087 6.998774 1.749693 2.000000 1.000000 1.000000 0.500000 0.000000 0.000000 1 
3147 2.475000 1.912165 5.581693 1.120037 1.120037 -0.792128 -0.396064 2.078936 2.871064 0.667084 7.004108 1.751027 2.000000 1.000000 1.000000 0.500000 0.000000 0.000000 1 
3148 2.476000 1.912832 5.588697 1.120037 1.120037 -0.792795 -0.396398 2.079602 2.872398 0.667082 7.009442 1.752361 2.000000 1.000000 1.000000 0.500000 0.000000 0.000000 1 
3149 2.477000 1.913499 5.595706 1.120037 1.120037 -0.793462 -0.396731 2.080269 2.873731 0.667079 7.014776 1.753694 2.000000 1.000000 1.000000 0.500000 0.000000 0.000000 1 
3150 2.478000 1.914166 5.602721 1.120037 1.120037 -0.794129 -0.397065 2.080935 2.875065 0.667077 7.020110 1.755028 2.000000 1.000000 1.000000 0.500000 0.000000 0.000000 1 
3151 2.479000 1.914833 5.609741 1.120037 1.120037 -0.794796 -0.397398 2.081602 2.876398 0.667074 7.025445 1.756361 2.000000 1.000000 1.000000 0.500000 0.000000 0.000000 1 
3152 2.480000 1.915500 5.616767 1.120037 1.120037 -0.795463 -0.397732 2.082268 2.877732 0.667072 7.030779 1.757695 2.000000 1.000000 1.000000 0.500000 0.000000 0.000000 1 
3153 2.481000 1.916167 5.623797 1.120037 1.120037 -0.796130 -0.398065 2.082935 2.879065 0.667069 7.036113 1.759028 2.000000 1.000000 1.000000 0.500000 0.000000 0.000000 1 
3154 2.482000 1.916835 5.630833 1.120037 1.120037 -0.796798 -0.398399 2.083601 2.880399 0.667067 7.041447 1.760362 2.000000 1.000000 1.000000 0.500000 0.000000 0.000000 1 
3155 2.483000 1.917502 5.637875 1.120037 1.120037 -0.797465 -0.398732 2.084268 2.881732 0.667064 7.046781 1.761695 2.000000 1.000000 1.000000 0.500000 0.000000 0.000000 1 
3156 2.484000 1.918169 5.644922 1.120037 1.120037 -0.798132 -0.399066 2.084934 2.883066 0.667062 7.052115 1.763029 2.000000 1.000000 1.000000 0.500000 0.000000 0.000000 1 
3157 2.485000 1.918836 5.651974 1.120037 1.120037 -0.798799 -0.399399 2.085601 2.884399 0.667060 7.057449 1.764362 2.000000 1.000000 1.000000 0.500000 0.000000 0.000000 1 
3158 2.486000 1.919503 5.659031 1.120037 1.120037 -0.799466 -0.399733 2.086267 2.885733 0.667057 7.062784 1.765696 2.000000 1.000000 1.000000 0.500000 0.000000 0.000000 1 
3159 2.487000 1.920170 5.666094 1.120037 1.120037 -0.800133 -0.400066 2.086934 2.887066 0.667055 7.068118 1.767029 2.000000 1.000000 1.000000 0.500000 0.000000 0.000000 1 
3160 2.488000 1.920837 5.673162 1.120037 1.120037 -0.800800 -0.400400 2.087600 2.888400 0.667053 7.073452 1.768363 2.000000 1.000000 1.000000 0.500000 0.000000 0.000000 1 
3161 2.489000 1.921504 5.680236 1.120037 1.120037 -0.801467 -0.400733 2.088267 2.889733 0.667050 7.078786 1.769696 2.000000 1.000000 1.000000 0.500000 0.000000 0.000000 1 
3162 2.490000 1.922171 5.687314 1.120037 1.120037 -0.802134 -0.401067 2.088933 2.891067 0.667048 7.084120 1.771030 2.000000 1.000000 1.000000 0.500000 0.000000 0.000000 1 
3163 2.491000 1.922838 5.694399 1.120037 1.120037 -0.802801 -0.401401 2.089599 2.892401 0.667046 7.089454 1.772364 2.000000 1.000000 1.000000 0.500000 0.000000 0.000000 1 
3164 2.492000 1.923505 5.701488 1.120037 1.120037 -0.803468 -0.401734 2.090266 2.893734 0.667043 7.094788 1.773697 2.000000 1.000000 1.000000 0.500000 0.000000 0.000000 1 
3165 2.493000 1.924172 5.708583 1.120037 1.120037 -0.804135 -0.402068 2.090932 2.895068 0.667041 7.100122 1.775031 2.000000 1.000000 1.000000 0.500000 0.000000 0.000000 1 
3166 2.494000 1.924839 5.715683 1.120037 1.120037 -0.804802 -0.402401 2.091599 2.896401 0.667039 7.105456 1.776364 2.000000 1.000000 1.000000 0.500000 0.000000 0.000000 1 
3167 2.495000 1.925506 5.722788 1.120037 1.120037 -0.805469 -0.402735 2.092265 2.897735 0.667037 7.110790 1.777698 2.000000 1.000000 1.000000 0.500000 0.000000 0.000000 1 
3168 2.496000 1.926173 5.729899 1.120037 1.120037 -0.806136 -0.403068 2.092932 2.899068 0.667035 7.116124 1.779031 2.000000 1.000000 1.000000 0.500000 0.000000 0.000000 1 
3169 2.497000 1.926840 5.737015 1.120037 1.120037 -0.806803 -0.403402 2.093598 2.900402 0.667032 7.121459 1.780365 2.000000 1.000000 1.000000 0.500000 0.000000 0.000000 1 
3170 2.498000 1.927507 5.744137 1.120037 1.120037 -0.807470 -0.403735 2.094265 2.901735 0.667030 7.126793 1.781698 2.000000 1.000000 1.000000 0.500000 0.000000 0.000000 1 
3171 2.499000 1.928174 5.751264 1.120037 1.120037 -0.808137 -0.404069 2.094931 2.903069 0.667028 7.132127 1.783032 2.000000 1.000000 1.000000 0.500000 0.000000 0.000000 1 
3172 2.500000 1.928841 5.758396 1.120037 1.120037 -0.808804 -0.404402 2.095598 2.904402 0.667026 7.137461 1.784365 2.000000 1.000000 1.000000 0.500000 0.000000 0.000000 1 
3173 2.501000 1.929508 5.765533 1.120037 1.120037 -0.809471 -0.404736 2.096264 2.905736 0.667024 7.142795 1.785699 2.000000 1.000000 1.000000 0.500000 0.000000 0.000000 1 
3174 2.502000 1.930175 5.772676 1.120037 1.120037 -0.810138 -0.405069 2.096931 2.907069 0.667021 7.148129 1.787032 2.000000 1.000000 1.000000 0.500000 0.000000 0.000000 1 
3175 2.503000 1.930842 5.779824 1.120037 1.120037 -0.810805 -0.405403 2.097597 2.908403 0.667019 7.153463 1.788366 2.000000 1.000000 1.000000 0.500000 0.000000 0.000000 1 
3176 2.504000 1.931509 5.786977 1.120037 1.120037 -0.811472 -0.405736 2.098264 2.909736 0.667017 7.158797 1.789699 2.000000 1.000000 1.000000 0.500000 0.000000 0.000000 1 
3177 2.505000 1.932176 5.794136 1.120037 1.120037 -0.812139 -0.406070 2.098930 2.911070 0.667015 7.164131 1.791033 2.000000 1.000000 1.000000 0.500000 0.000000 0.000000 1 
3178 2.506000 1.932843 5.801300 1.120037 1.120037 -0.812806 -0.406403 2.099597 2.912403 0.667013 7.169465 1.792366 2.000000 1.000000 1.000000 0.500000 0.000000 0.000000 1 
3179 2.507000 1.933511 5.808470 1.120037 1.120037 -0.813474 -0.406737 2.100263 2.913737 0.667011 7.174799 1.793700 2.000000 1.000000 1.000000 0.500000 0.000000 0.000000 1 
3180 2.508000 1.934178 5.815645 1.120037 1.120037 -0.814141 -0.407070 2.100930 2.915070 0.667009 7.180133 1.795033 2.000000 1.000000 1.000000 0.500000 0.000000 0.000000 1 
3181 2.509000 1.934845 5.822825 1.120037 1.120037 -0.814808 -0.407404 2.101596 2.916404 0.667007 7.185467 1.796367 2.000000 1.000000 1.000000 0.500000 0.000000 0.000000 1 
3182 2.510000 1.935512 5.830010 1.120037 1.120037 -0.815475 -0.407737 2.102263 2.917737 0.667005 7.190801 1.797700 2.000000 1.000000 1.000000 0.500000 0.000000 0.000000 1 
3183 2.511000 1.936179 5.837201 1.120037 1.120037 -0.816142 -0.408071 2.102929 2.919071 0.667003 7.196135 1.799034 2.000000 1.000000 1.000000 0.500000 0.000000 0.000000 1 
3184 2.512000 1.936846 5.844397 1.120037 1.120037 -0.816809 -0.408404 2.103596 2.920404 0.667001 7.201469 1.800367 2.000000 1.000000 1.000000 0.500000 0.000000 0.000000 1 
3185 2.513000 1.937513 5.851599 1.120037 1.120037 -0.817476 -0.408738 2.104262 2.921738 0.666999 7.206803 1.801701 2.000000 1.000000 1.000000 0.500000 0.000000 0.000000 1 
3186 2.514000 1.938180 5.858806 1.120037 1.120037 -0.818143 -0.409071 2.104929 2.923071 0.666997 7.212137 1.803034 2.000000 1.000000 1.000000 0.500000 0.000000 0.000000 1 
3187 2.515000 1.938847 5.866018 1.120037 1.120037 -0.818810 -0.409405 2.105595 2.924405 0.666995 7.217471 1.804368 2.000000 1.000000 1.000000 0.500000 0.000000 0.000000 1 
3188 2.516000 1.939514 5.873235 1.120037 1.120037 -0.819477 -0.409738 2.106262 2.925738 0.666993 7.222805 1.805701 2.000000 1.000000 1.000000 0.500000 0.000000 0.000000 1 
3189 2.517000 1.940181 5.880458 1.120037 1.120037 -0.820144 -0.410072 2.106928 2.927072 0.666991 7.228139 1.807035 2.000000 1.000000 1.000000 0.500000 0.000000 0.000000 1 
3190 2.518000 1.940848 5.887686 1.120037 1.120037 -0.820811 -0.410405 2.107595 2.928405 0.666989 7.233473 1.808368 2.000000 1.000000 1.000000 0.500000 0.000000 0.000000 1 
3191 2.519000 1.941515 5.894920 1.120037 1.120037 -0.821478 -0.410739 2.108261 2.929739 0.666987 7.238807 1.809702 2.000000 1.000000 1.000000 0.500000 0.000000 0.000000 1 
3192 2.520000 1.942181 5.902158 1.120037 1.120037 -0.822144 -0.411072 2.108928 2.931072 0.666985 7.244141 1.811035 2.000000 1.000000 1.000000 0.500000 0.000000 0.000000 1 
3193 2.521000 1.942848 5.909402 1.120037 1.120037 -0.822811 -0.411406 2.109594 2.932406 0.666983 7.249475 1.812369 2.000000 1.000000 1.000000 0.500000 0.000000 0.000000 1 
3194 2.522000 1.943515 5.916652 1.120037 1.120037 -0.823478 -0.411739 2.110261 2.933739 0.666981 7.254809 1.813702 2.000000 1.000000 1.000000 0.500000 0.000000 0.000000 1 
3195 2.523000 1.944182 5.923907 1.120037 1.120037 -0.824145 -0.412073 2.110927 2.935073 0.666979 7.260143 1.815036 2.000000 1.000000 1.000000 0.500000 0.000000 0.000000 1 
3196 2.524000 1.944849 5.931167 1.120037 1.120037 -0.824812 -0.412406 2.111594 2.936406 0.666977 7.265477 1.816369 2.000000 1.000000 1.000000 0.500000 0.000000 0.000000 1 
3197 2.525000 1.945516 5.938432 1.120037 1.120037 -0.825479 -0.412740 2.112260 2.937740 0.666976 7.270811 1.817703 2.000000 1.000000 1.000000 0.500000 0.000000 0.000000 1 
3198 2.526000 1.946183 5.945703 1.120037 1.120037 -0.826146 -0.413073 2.112927 2.939073 0.666974 7.276145 1.819036 2.000000 1.000000 1.000000 0.500000 0.000000 0.000000 1 
3199 2.527000 1.946850 5.952979 1.120037 1.120037 -0.826813 -0.413407 2.113593 2.940407 0.666972 7.281479 1.820370 2.000000 1.000000 1.000000 0.500000 0.000000 0.000000 1 
3200 2.528000 1.947517 5.960261 1.120037 1.120037 -0.827480 -0.413740 2.114260 2.941740 0.666970 7.286813 1.821703 2.000000 1.000000 1.000000 0.500000 0.000000 0.000000 1 
3201 2.529000 1.948184 5.967548 1.120037 1.120037 -0.828147 -0.414074 2.114926 2.943074 0.666968 7.292147 1.823037 2.000000 1.000000 1.000000 0.500000 0.000000 0.000000 1 
3202 2.530000 1.948851 5.974840 1.120037 1.120037 -0.828814 -0.414407 2.115593 2.944407 0.666966 7.297481 1.824370 2.000000 1.000000 1.000000 0.500000 0.000000 0.000000 1 
3203 2.531000 1.949518 5.982137 1.120037 1.120037 -0.829481 -0.414741 2.116259 2.945741 0.666965 7.302814 1.825704 2.000000 1.000000 1.000000 0.500000 0.000000 0.000000 1 
3204 2.532000 1.950185 5.989440 1.120037 1.120037 -0.830148 -0.415074 2.116926 2.947074 0.666963 7.308148 1.827037 2.000000 1.000000 1.000000 0.500000 0.000000 0.000000 1 
3205 2.533000 1.950852 5.996748 1.120037 1.120037 -0.830815 -0.415408 2.117592 2.948408 0.666961 7.313482 1.828371 2.000000 1.000000 1.000000 0.500000 0.000000 0.000000 1 
3206 2.534000 1.951519 6.004062 1.120037 1.120037 -0.831482 -0.415741 2.118259 2.949741 0.666959 7.318816 1.829704 2.000000 1.000000 1.000000 0.500000 0.000000 0.000000 1 
3207 2.535000 1.952186 6.011381 1.120037 1.120037 -0.832149 -0.416075 2.118925 2.951075 0.666958 7.324150 1.831038 2.000000 1.000000 1.000000 0.500000 0.000000 0.000000 1 
3208 2.536000 1.952853 6.018705 1.120037 1.120037 -0.832816 -0.416408 2.119592 2.952408 0.666956 7.329484 1.832371 2.000000 1.000000 1.000000 0.500000 0.000000 0.000000 1 
3209 2.537000 1.953520 6.026034 1.120037 1.120037 -0.833483 -0.416741 2.120259 2.953741 0.666954 7.334818 1.833704 2.000000 1.000000 1.000000 0.500000 0.000000 0.000000 1 
3210 2.538000 1.954187 6.033369 1.120037 1.120037 -0.834150 -0.417075 2.120925 2.955075 0.666952 7.340152 1.835038 2.000000 1.000000 1.000000 0.500000 0.000000 0.000000 1 
3211 2.539000 1.954854 6.040709 1.120037 1.120037 -0.834817 -0.417408 2.121592 2.956408 0.666951 7.345486 1.836371 2.000000 1.000000 1.000000 0.500000 0.000000 0.000000 1 
3212 2.540000 1.955521 6.048055 1.120037 1.120037 -0.835484 -0.417742 2.122258 2.957742 0.666949 7.350820 1.837705 2.000000 1.000000 1.000000 0.500000 0.000000 0.000000 1 
3213 2.541000 1.956188 6.055405 1.120037 1.120037 -0.836151 -0.418075 2.122925 2.959075 0.666947 7.356154 1.839038 2.000000 1.000000 1.000000 0.500000 0.000000 0.000000 1 
3214 2.542000 1.956855 6.062762 1.120037 1.120037 -0.836818 -0.418409 2.123591 2.960409 0.666946 7.361487 1.840372 2.000000 1.000000 1.000000 0.500000 0.000000 0.000000 1 
3215 2.543000 1.957522 6.070123 1.120037 1.120037 -0.837485 -0.418742 2.124258 2.961742 0.666944 7.366821 1.841705 2.000000 1.000000 1.000000 0.500000 0.000000 0.000000 1 
3216 2.544000 1.958189 6.077490 1.120037 1.120037 -0.838152 -0.419076 2.124924 2.963076 0.666942 7.372155 1.843039 2.000000 1.000000 1.000000 0.500000 0.000000 0.000000 1 
3217 2.545000 1.958856 6.084862 1.120037 1.120037 -0.838819 -0.419409 2.125591 2.964409 0.666941 7.377489 1.844372 2.000000 1.000000 1.000000 0.500000 0.000000 0.000000 1 
3218 2.546000 1.959523 6.092240 1.120037 1.120037 -0.839486 -0.419743 2.126257 2.965743 0.666939 7.382823 1.845706 2.000000 1.000000 1.000000 0.500000 0.000000 0.000000 1 
3219 2.547000 1.960189 6.099622 1.120037 1.120037 -0.840152 -0.420076 2.126924 2.967076 0.666937 7.388157 1.847039 2.000000 1.000000 1.000000 0.500000 0.000000 0.000000 1 
3220 2.548000 1.960856 6.107011 1.120037 1.120037 -0.840819 -0.420410 2.127590 2.968410 0.666936 7.393491 1.848373 2.000000 1.000000 1.000000 0.500000 0.000000 0.000000 1 
3221 2.549000 1.961523 6.114404 1.120037 1.120037 -0.841486 -0.420743 2.128257 2.969743 0.666934 7.398825 1.849706 2.000000 1.000000 1.000000 0.500000 0.000000 0.000000 1 
3222 2.550000 1.962190 6.121803 1.120037 1.120037 -0.842153 -0.421077 2.128923 2.971077 0.666932 7.404159 1.851040 2.000000 1.000000 1.000000 0.500000 0.000000 0.000000 1 
3223 2.551000 1.962857 6.129207 1.120037 1.120037 -0.842820 -0.421410 2.129590 2.972410 0.666931 7.409492 1.852373 2.000000 1.000000 1.000000 0.500000 0.000000 0.000000 1 
3224 2.552000 1.963524 6.136616 1.120037 1.120037 -0.843487 -0.421744 2.130256 2.973744 0.666929 7.414826 1.853707 2.000000 1.000000 1.000000 0.500000 0.000000 0.000000 1 
3225 2.553000 1.964191 6.144031 1.120037 1.120037 -0.844154 -0.422077 2.130923 2.975077 0.666928 7.420160 1.855040 2.000000 1.000000 1.000000 0.500000 0.000000 0.000000 1 
3226 2.554000 1.964858 6.151451 1.120037 1.120037 -0.844821 -0.422410 2.131590 2.976410 0.666926 7.425494 1.856373 2.000000 1.000000 1.000000 0.500000 0.000000 0.000000 1 
3227 2.555000 1.965525 6.158877 1.120037 1.120037 -0.845488 -0.422744 2.132256 2.977744 0.666925 7.430828 1.857707 2.000000 1.000000 1.000000 0.500000 0.000000 0.000000 1 
3228 2.556000 1.966192 6.166308 1.120037 1.120037 -0.846155 -0.423077 2.132923 2.979077 0.666923 7.436162 1.859040 2.000000 1.000000 1.000000 0.500000 0.000000 0.000000 1 
3229 2.557000 1.966859 6.173744 1.120037 1.120037 -0.846822 -0.423411 2.133589 2.980411 0.666921 7.441496 1.860374 2.000000 1.000000 1.000000 0.500000 0.000000 0.000000 1 
3230 2.558000 1.967526 6.181185 1.120037 1.120037 -0.847489 -0.423744 2.134256 2.981744 0.666920 7.446829 1.861707 2.000000 1.000000 1.000000 0.500000 0.000000 0.000000 1 
3231 2.559000 1.968193 6.188632 1.120037 1.120037 -0.848156 -0.424078 2.134922 2.983078 0.666918 7.452163 1.863041 2.000000 1.000000 1.000000 0.500000 0.000000 0.000000 1 
3232 2.560000 1.968860 6.196084 1.120037 1.120037 -0.848823 -0.424411 2.135589 2.984411 0.666917 7.457497 1.864374 2.000000 1.000000 1.000000 0.500000 0.000000 0.000000 1 
3233 2.561000 1.969526 6.203542 1.120037 1.120037 -0.849489 -0.424745 2.136255 2.985745 0.666915 7.462831 1.865708 2.000000 1.000000 1.000000 0.500000 0.000000 0.000000 1 
3234 2.562000 1.970193 6.211005 1.120037 1.120037 -0.850156 -0.425078 2.136922 2.987078 0.666914 7.468165 1.867041 2.000000 1.000000 1.000000 0.500000 0.000000 0.000000 1 
3235 2.563000 1.970860 6.218473 1.120037 1.120037 -0.850823 -0.425412 2.137588 2.988412 0.666912 7.473499 1.868375 2.000000 1.000000 1.000000 0.500000 0.000000 0.000000 1 
3236 2.564000 1.971527 6.225946 1.120037 1.120037 -0.851490 -0.425745 2.138255 2.989745 0.666911 7.478832 1.869708 2.000000 1.000000 1.000000 0.500000 0.000000 0.000000 1 
3237 2.565000 1.972194 6.233425 1.120037 1.120037 -0.852157 -0.426079 2.138921 2.991079 0.666910 7.484166 1.871042 2.000000 1.000000 1.000000 0.500000 0.000000 0.000000 1 
3238 2.566000 1.972861 6.240909 1.120037 1.120037 -0.852824 -0.426412 2.139588 2.992412 0.666908 7.489500 1.872375 2.000000 1.000000 1.000000 0.500000 0.000000 0.000000 1 
3239 2.567000 1.973528 6.248399 1.120037 1.120037 -0.853491 -0.426745 2.140255 2.993745 0.666907 7.494834 1.873708 2.000000 1.000000 1.000000 0.500000 0.000000 0.000000 1 
3240 2.568000 1.974195 6.255894 1.120037 1.120037 -0.854158 -0.427079 2.140921 2.995079 0.666905 7.500168 1.875042 2.000000 1.000000 1.000000 0.500000 0.000000 0.000000 1 
3241 2.569000 1.974862 6.263394 1.120037 1.120037 -0.854825 -0.427412 2.141588 2.996412 0.666904 7.505501 1.876375 2.000000 1.000000 1.000000 0.500000 0.000000 0.000000 1 
3242 2.570000 1.975529 6.270899 1.120037 1.120037 -0.855492 -0.427746 2.142254 2.997746 0.666902 7.510835 1.877709 2.000000 1.000000 1.000000 0.500000 0.000000 0.000000 1 
3243 2.571000 1.976196 6.278410 1.120037 1.120037 -0.856159 -0.428079 2.142921 2.999079 0.666901 7.516169 1.879042 2.000000 1.000000 1.000000 0.500000 0.000000 0.000000 1 
3244 2.572000 1.976862 6.285926 1.120037 1.120037 -0.856825 -0.428413 2.143587 3.000413 0.666899 7.521503 1.880376 2.000000 1.000000 1.000000 0.500000 0.000000 0.000000 1 
3245 2.573000 1.977529 6.293448 1.120037 1.120037 -0.857492 -0.428746 2.144254 3.001746 0.666898 7.526837 1.881709 2.000000 1.000000 1.000000 0.500000 0.000000 0.000000 1 
3246 2.574000 1.978196 6.300975 1.120037 1.120037 -0.858159 -0.429080 2.144920 3.003080 0.666897 7.532170 1.883043 2.000000 1.000000 1.000000 0.500000 0.000000 0.000000 1 
3247 2.575000 1.978863 6.308507 1.120037 1.120037 -0.858826 -0.429413 2.145587 3.004413 0.666895 7.537504 1.884376 2.000000 1.000000 1.000000 0.500000 0.000000 0.000000 1 
3248 2.576000 1.979530 6.316044 1.120037 1.120037 -0.859493 -0.429747 2.146253 3.005747 0.666894 7.542838 1.885710 2.000000 1.000000 1.000000 0.500000 0.000000 0.000000 1 
3249 2.577000 1.980197 6.323587 1.120037 1.120037 -0.860160 -0.430080 2.146920 3.007080 0.666893 7.548172 1.887043 2.000000 1.000000 1.000000 0.500000 0.000000 0.000000 1 
3250 2.578000 1.980864 6.331135 1.120037 1.120037 -0.860827 -0.430413 2.147587 3.008413 0.666891 7.553506 1.888376 2.000000 1.000000 1.000000 0.500000 0.000000 0.000000 1 
3251 2.579000 1.981531 6.338689 1.120037 1.120037 -0.861494 -0.430747 2.148253 3.009747 0.666890 7.558839 1.889710 2.000000 1.000000 1.000000 0.500000 0.000000 0.000000 1 
3252 2.580000 1.982198 6.346248 1.120037 1.120037 -0.862161 -0.431080 2.148920 3.011080 0.666889 7.564173 1.891043 2.000000 1.000000 1.000000 0.500000 0.000000 0.000000 1 
3253 2.581000 1.982864 6.353812 1.120037 1.120037 -0.862827 -0.431414 2.149586 3.012414 0.666887 7.569507 1.892377 2.000000 1.000000 1.000000 0.500000 0.000000 0.000000 1 
3254 2.582000 1.983531 6.361381 1.120037 1.120037 -0.863494 -0.431747 2.150253 3.013747 0.666886 7.574841 1.893710 2.000000 1.000000 1.000000 0.500000 0.000000 0.000000 1 
3255 2.583000 1.984198 6.368956 1.120037 1.120037 -0.864161 -0.432081 2.150919 3.015081 0.666885 7.580174 1.895044 2.000000 1.000000 1.000000 0.500000 0.000000 0.000000 1 
3256 2.584000 1.984865 6.376536 1.120037 1.120037 -0.864828 -0.432414 2.151586 3.016414 0.666883 7.585508 1.896377 2.000000 1.000000 1.000000 0.500000 0.000000 0.000000 1 
3257 2.585000 1.985532 6.384122 1.120037 1.120037 -0.865495 -0.432748 2.152252 3.017748 0.666882 7.590842 1.897711 2.000000 1.000000 1.000000 0.500000 0.000000 0.000000 1 
3258 2.586000 1.986199 6.391713 1.120037 1.120037 -0.866162 -0.433081 2.152919 3.019081 0.666881 7.596176 1.899044 2.000000 1.000000 1.000000 0.500000 0.000000 0.000000 1 
3259 2.587000 1.986866 6.399309 1.120037 1.120037 -0.866829 -0.433414 2.153586 3.020414 0.666879 7.601510 1.900377 2.000000 1.000000 1.000000 0.500000 0.000000 0.000000 1 
3260 2.588000 1.987533 6.406911 1.120037 1.120037 -0.867496 -0.433748 2.154252 3.021748 0.666878 7.606843 1.901711 2.000000 1.000000 1.000000 0.500000 0.000000 0.000000 1 
3261 2.589000 1.988200 6.414517 1.120037 1.120037 -0.868163 -0.434081 2.154919 3.023081 0.666877 7.612177 1.903044 2.000000 1.000000 1.000000 0.500000 0.000000 0.000000 1 
3262 2.590000 1.988866 6.422130 1.120037 1.120037 -0.868829 -0.434415 2.155585 3.024415 0.666876 7.617511 1.904378 2.000000 1.000000 1.000000 0.500000 0.000000 0.000000 1 
3263 2.591000 1.989533 6.429747 1.120037 1.120037 -0.869496 -0.434748 2.156252 3.025748 0.666874 7.622845 1.905711 2.000000 1.000000 1.000000 0.500000 0.000000 0.000000 1 
3264 2.592000 1.990200 6.437370 1.120037 1.120037 -0.870163 -0.435082 2.156918 3.027082 0.666873 7.628178 1.907045 2.000000 1.000000 1.000000 0.500000 0.000000 0.000000 1 
3265 2.593000 1.990867 6.444998 1.120037 1.120037 -0.870830 -0.435415 2.157585 3.028415 0.666872 7.633512 1.908378 2.000000 1.000000 1.000000 0.500000 0.000000 0.000000 1 
3266 2.594000 1.991534 6.452632 1.120037 1.120037 -0.871497 -0.435748 2.158252 3.029748 0.666871 7.638846 1.909711 2.000000 1.000000 1.000000 0.500000 0.000000 0.000000 1 
3267 2.595000 1.992201 6.460270 1.120037 1.120037 -0.872164 -0.436082 2.158918 3.031082 0.666869 7.644180 1.911045 2.000000 1.000000 1.000000 0.500000 0.000000 0.000000 1 
3268 2.596000 1.992868 6.467915 1.120037 1.120037 -0.872831 -0.436415 2.159585 3.032415 0.666868 7.649513 1.912378 2.000000 1.000000 1.000000 0.500000 0.000000 0.000000 1 
3269 2.597000 1.993535 6.475564 1.120037 1.120037 -0.873498 -0.436749 2.160251 3.033749 0.666867 7.654847 1.913712 2.000000 1.000000 1.000000 0.500000 0.000000 0.000000 1 
3270 2.598000 1.994201 6.483219 1.120037 1.120037 -0.874164 -0.437082 2.160918 3.035082 0.666866 7.660181 1.915045 2.000000 1.000000 1.000000 0.500000 0.000000 0.000000 1 
3271 2.599000 1.994868 6.490879 1.120037 1.120037 -0.874831 -0.437416 2.161584 3.036416 0.666865 7.665514 1.916379 2.000000 1.000000 1.000000 0.500000 0.000000 0.000000 1 
3272 2.600000 1.995535 6.498545 1.120037 1.120037 -0.875498 -0.437749 2.162251 3.037749 0.666863 7.670848 1.917712 2.000000 1.000000 1.000000 0.500000 0.000000 0.000000 1 
3273 2.601000 1.996202 6.506216 1.120037 1.120037 -0.876165 -0.438082 2.162918 3.039082 0.666862 7.676182 1.919045 2.000000 1.000000 1.000000 0.500000 0.000000 0.000000 1 
3274 2.602000 1.996869 6.513892 1.120037 1.120037 -0.876832 -0.438416 2.163584 3.040416 0.666861 7.681516 1.920379 2.000000 1.000000 1.000000 0.500000 0.000000 0.000000 1 
3275 2.603000 1.997536 6.521573 1.120037 1.120037 -0.877499 -0.438749 2.164251 3.041749 0.666860 7.686849 1.921712 2.000000 1.000000 1.000000 0.500000 0.000000 0.000000 1 
3276 2.604000 1.998203 6.529260 1.120037 1.120037 -0.878166 -0.439083 2.164917 3.043083 0.666859 7.692183 1.923046 2.000000 1.000000 1.000000 0.500000 0.000000 0.000000 1 
3277 2.605000 1.998869 6.536952 1.120037 1.120037 -0.878832 -0.439416 2.165584 3.044416 0.666858 7.697517 1.924379 2.000000 1.000000 1.000000 0.500000 0.000000 0.000000 1 
3278 2.606000 1.999536 6.544650 1.120037 1.120037 -0.879499 -0.439750 2.166250 3.045750 0.666856 7.702851 1.925713 2.000000 1.000000 1.000000 0.500000 0.000000 0.000000 1 
3279 2.607000 2.000203 6.552353 1.120037 1.120037 -0.880166 -0.440083 2.166917 3.047083 0.666855 7.708184 1.927046 2.000000 1.000000 1.000000 0.500000 0.000000 0.000000 1 
3280 2.608000 2.000870 6.560061 1.120037 1.120037 -0.880833 -0.440416 2.167584 3.048416 0.666854 7.713518 1.928379 2.000000 1.000000 1.000000 0.500000 0.000000 0.000000 1 
3281 2.609000 2.001537 6.567774 1.120037 1.120037 -0.881500 -0.440750 2.168250 3.049750 0.666853 7.718852 1.929713 2.000000 1.000000 1.000000 0.500000 0.000000 0.000000 1 
3282 2.610000 2.002204 6.575493 1.120037 1.120037 -0.882167 -0.441083 2.168917 3.051083 0.666852 7.724185 1.931046 2.000000 1.000000 1.000000 0.500000 0.000000 0.000000 1 
3283 2.611000 2.002871 6.583217 1.120037 1.120037 -0.882834 -0.441417 2.169583 3.052417 0.666851 7.729519 1.932380 2.000000 1.000000 1.000000 0.500000 0.000000 0.000000 1 
3284 2.612000 2.003537 6.590947 1.120037 1.120037 -0.883500 -0.441750 2.170250 3.053750 0.666850 7.734853 1.933713 2.000000 1.000000 1.000000 0.500000 0.000000 0.000000 1 
3285 2.613000 2.004204 6.598682 1.120037 1.120037 -0.884167 -0.442084 2.170916 3.055084 0.666849 7.740186 1.935047 2.000000 1.000000 1.000000 0.500000 0.000000 0.000000 1 
3286 2.614000 2.004871 6.606422 1.120037 1.120037 -0.884834 -0.442417 2.171583 3.056417 0.666847 7.745520 1.936380 2.000000 1.000000 1.000000 0.500000 0.000000 0.000000 1 
3287 2.615000 2.005538 6.614167 1.120037 1.120037 -0.885501 -0.442750 2.172250 3.057750 0.666846 7.750854 1.937713 2.000000 1.000000 1.000000 0.500000 0.000000 0.000000 1 
3288 2.616000 2.006205 6.621918 1.120037 1.120037 -0.886168 -0.443084 2.172916 3.059084 0.666845 7.756188 1.939047 2.000000 1.000000 1.000000 0.500000 0.000000 0.000000 1 
3289 2.617000 2.006872 6.629674 1.120037 1.120037 -0.886835 -0.443417 2.173583 3.060417 0.666844 7.761521 1.940380 2.000000 1.000000 1.000000 0.500000 0.000000 0.000000 1 
3290 2.618000 2.007538 6.637436 1.120037 1.120037 -0.887501 -0.443751 2.174249 3.061751 0.666843 7.766855 1.941714 2.000000 1.000000 1.000000 0.500000 0.000000 0.000000 1 
3291 2.619000 2.008205 6.645203 1.120037 1.120037 -0.888168 -0.444084 2.174916 3.063084 0.666842 7.772189 1.943047 2.000000 1.000000 1.000000 0.500000 0.000000 0.000000 1 
3292 2.620000 2.008872 6.652975 1.120037 1.120037 -0.888835 -0.444418 2.175582 3.064418 0.666841 7.777522 1.944381 2.000000 1.000000 1.000000 0.500000 0.000000 0.000000 1 
3293 2.621000 2.009539 6.660753 1.120037 1.120037 -0.889502 -0.444751 2.176249 3.065751 0.666840 7.782856 1.945714 2.000000 1.000000 1.000000 0.500000 0.000000 0.000000 1 
3294 2.622000 2.010206 6.668535 1.120037 1.120037 -0.890169 -0.445084 2.176916 3.067084 0.666839 7.788190 1.947047 2.000000 1.000000 1.000000 0.500000 0.000000 0.000000 1 
3295 2.623000 2.010873 6.676324 1.120037 1.120037 -0.890836 -0.445418 2.177582 3.068418 0.666838 7.793523 1.948381 2.000000 1.000000 1.000000 0.500000 0.000000 0.000000 1 
3296 2.624000 2.011540 6.684117 1.120037 1.120037 -0.891503 -0.445751 2.178249 3.069751 0.666837 7.798857 1.949714 2.000000 1.000000 1.000000 0.500000 0.000000 0.000000 1 
3297 2.625000 2.012206 6.691916 1.120037 1.120037 -0.892169 -0.446085 2.178915 3.071085 0.666836 7.804191 1.951048 2.000000 1.000000 1.000000 0.500000 0.000000 0.000000 1 
3298 2.626000 2.012873 6.699720 1.120037 1.120037 -0.892836 -0.446418 2.179582 3.072418 0.666835 7.809524 1.952381 2.000000 1.000000 1.000000 0.500000 0.000000 0.000000 1 
3299 2.627000 2.013540 6.707530 1.120037 1.120037 -0.893503 -0.446752 2.180248 3.073752 0.666834 7.814858 1.953715 2.000000 1.000000 1.000000 0.500000 0.000000 0.000000 1 
3300 2.628000 2.014207 6.715345 1.120037 1.120037 -0.894170 -0.447085 2.180915 3.075085 0.666833 7.820192 1.955048 2.000000 1.000000 1.000000 0.500000 0.000000 0.000000 1 
3301 2.629000 2.014874 6.723165 1.120037 1.120037 -0.894837 -0.447418 2.181582 3.076418 0.666832 7.825525 1.956381 2.000000 1.000000 1.000000 0.500000 0.000000 0.000000 1 
3302 2.630000 2.015541 6.730990 1.120037 1.120037 -0.895504 -0.447752 2.182248 3.077752 0.666831 7.830859 1.957715 2.000000 1.000000 1.000000 0.500000 0.000000 0.000000 1 
3303 2.631000 2.016207 6.738821 1.120037 1.120037 -0.896170 -0.448085 2.182915 3.079085 0.666830 7.836193 1.959048 2.000000 1.000000 1.000000 0.500000 0.000000 0.000000 1 
3304 2.632000 2.016874 6.746657 1.120037 1.120037 -0.896837 -0.448419 2.183581 3.080419 0.666829 7.841526 1.960382 2.000000 1.000000 1.000000 0.500000 0.000000 0.000000 1 
3305 2.633000 2.017541 6.754499 1.120037 1.120037 -0.897504 -0.448752 2.184248 3.081752 0.666828 7.846860 1.961715 2.000000 1.000000 1.000000 0.500000 0.000000 0.000000 1 
3306 2.634000 2.018208 6.762346 1.120037 1.120037 -0.898171 -0.449085 2.184915 3.083085 0.666827 7.852194 1.963048 2.000000 1.000000 1.000000 0.500000 0.000000 0.000000 1 
3307 2.635000 2.018875 6.770198 1.120037 1.120037 -0.898838 -0.449419 2.185581 3.084419 0.666826 7.857527 1.964382 2.000000 1.000000 1.000000 0.500000 0.000000 0.000000 1 
3308 2.636000 2.019541 6.778055 1.120037 1.120037 -0.899504 -0.449752 2.186248 3.085752 0.666825 7.862861 1.965715 2.000000 1.000000 1.000000 0.500000 0.000000 0.000000 1 
3309 2.637000 2.020208 6.785918 1.120037 1.120037 -0.900171 -0.450086 2.186914 3.087086 0.666824 7.868195 1.967049 2.000000 1.000000 1.000000 0.500000 0.000000 0.000000 1 
3310 2.638000 2.020875 6.793786 1.120037 1.120037 -0.900838 -0.450419 2.187581 3.088419 0.666823 7.873528 1.968382 2.000000 1.000000 1.000000 0.500000 0.000000 0.000000 1 
3311 2.639000 2.021542 6.801660 1.120037 1.120037 -0.901505 -0.450752 2.188248 3.089752 0.666822 7.878862 1.969715 2.000000 1.000000 1.000000 0.500000 0.000000 0.000000 1 
3312 2.640000 2.022209 6.809539 1.120037 1.120037 -0.902172 -0.451086 2.188914 3.091086 0.666821 7.884196 1.971049 2.000000 1.000000 1.000000 0.500000 0.000000 0.000000 1 
3313 2.641000 2.022876 6.817423 1.120037 1.120037 -0.902839 -0.451419 2.189581 3.092419 0.666820 7.889529 1.972382 2.000000 1.000000 1.000000 0.500000 0.000000 0.000000 1 
3314 2.642000 2.023542 6.825313 1.120037 1.120037 -0.903505 -0.451753 2.190247 3.093753 0.666819 7.894863 1.973716 2.000000 1.000000 1.000000 0.500000 0.000000 0.000000 1 
3315 2.643000 2.024209 6.833207 1.120037 1.120037 -0.904172 -0.452086 2.190914 3.095086 0.666819 7.900196 1.975049 2.000000 1.000000 1.000000 0.500000 0.000000 0.000000 1 
3316 2.644000 2.024876 6.841108 1.120037 1.120037 -0.904839 -0.452420 2.191580 3.096420 0.666818 7.905530 1.976383 2.000000 1.000000 1.000000 0.500000 0.000000 0.000000 1 
3317 2.645000 2.025543 6.849013 1.120037 1.120037 -0.905506 -0.452753 2.192247 3.097753 0.666817 7.910864 1.977716 2.000000 1.000000 1.000000 0.500000 0.000000 0.000000 1 
3318 2.646000 2.026210 6.856924 1.120037 1.120037 -0.906173 -0.453086 2.192914 3.099086 0.666816 7.916197 1.979049 2.000000 1.000000 1.000000 0.500000 0.000000 0.000000 1 
3319 2.647000 2.026877 6.864840 1.120037 1.120037 -0.906840 -0.453420 2.193580 3.100420 0.666815 7.921531 1.980383 2.000000 1.000000 1.000000 0.500000 0.000000 0.000000 1 
3320 2.648000 2.027543 6.872762 1.120037 1.120037 -0.907506 -0.453753 2.194247 3.101753 0.666814 7.926865 1.981716 2.000000 1.000000 1.000000 0.500000 0.000000 0.000000 1 
3321 2.649000 2.028210 6.880689 1.120037 1.120037 -0.908173 -0.454087 2.194913 3.103087 0.666813 7.932198 1.983050 2.000000 1.000000 1.000000 0.500000 0.000000 0.000000 1 
3322 2.650000 2.028877 6.888621 1.120037 1.120037 -0.908840 -0.454420 2.195580 3.104420 0.666812 7.937532 1.984383 2.000000 1.000000 1.000000 0.500000 0.000000 0.000000 1 
3323 2.651000 2.029544 6.896558 1.120037 1.120037 -0.909507 -0.454753 2.196247 3.105753 0.666811 7.942866 1.985716 2.000000 1.000000 1.000000 0.500000 0.000000 0.000000 1 
3324 2.652000 2.030211 6.904501 1.120037 1.120037 -0.910174 -0.455087 2.196913 3.107087 0.666811 7.948199 1.987050 2.000000 1.000000 1.000000 0.500000 0.000000 0.000000 1 
3325 2.653000 2.030877 6.912449 1.120037 1.120037 -0.910840 -0.455420 2.197580 3.108420 0.666810 7.953533 1.988383 2.000000 1.000000 1.000000 0.500000 0.000000 0.000000 1 
3326 2.654000 2.031544 6.920403 1.120037 1.120037 -0.911507 -0.455754 2.198246 3.109754 0.666809 7.958866 1.989717 2.000000 1.000000 1.000000 0.500000 0.000000 0.000000 1 
3327 2.655000 2.032211 6.928362 1.120037 1.120037 -0.912174 -0.456087 2.198913 3.111087 0.666808 7.964200 1.991050 2.000000 1.000000 1.000000 0.500000 0.000000 0.000000 1 
3328 2.656000 2.032878 6.936326 1.120037 1.120037 -0.912841 -0.456420 2.199580 3.112420 0.666807 7.969534 1.992383 2.000000 1.000000 1.000000 0.500000 0.000000 0.000000 1 
3329 2.657000 2.033545 6.944296 1.120037 1.120037 -0.913508 -0.456754 2.200246 3.113754 0.666806 7.974867 1.993717 2.000000 1.000000 1.000000 0.500000 0.000000 0.000000 1 
3330 2.658000 2.034211 6.952270 1.120037 1.120037 -0.914174 -0.457087 2.200913 3.115087 0.666805 7.980201 1.995050 2.000000 1.000000 1.000000 0.500000 0.000000 0.000000 1 
3331 2.659000 2.034878 6.960251 1.120037 1.120037 -0.914841 -0.457421 2.201579 3.116421 0.666805 7.985534 1.996384 2.000000 1.000000 1.000000 0.500000 0.000000 0.000000 1 
3332 2.660000 2.035545 6.968236 1.120037 1.120037 -0.915508 -0.457754 2.202246 3.117754 0.666804 7.990868 1.997717 2.000000 1.000000 1.000000 0.500000 0.000000 0.000000 1 
3333 2.661000 2.036212 6.976227 1.120037 1.120037 -0.916175 -0.458087 2.202913 3.119087 0.666803 7.996202 1.999050 2.000000 1.000000 1.000000 0.500000 0.000000 0.000000 1 
3334 2.662000 2.036879 6.984223 1.120037 1.120037 -0.916842 -0.458421 2.203579 3.120421 0.666802 8.001535 2.000384 2.000000 1.000000 1.000000 0.500000 0.000000 0.000000 1 
3335 2.663000 2.037545 6.992225 1.120037 1.120037 -0.917508 -0.458754 2.204246 3.121754 0.666801 8.006869 2.001717 2.000000 1.000000 1.000000 0.500000 0.000000 0.000000 1 
3336 2.664000 2.038212 7.000232 1.120037 1.120037 -0.918175 -0.459088 2.204912 3.123088 0.666801 8.012202 2.003051 2.000000 1.000000 1.000000 0.500000 0.000000 0.000000 1 
3337 2.665000 2.038879 7.008244 1.120037 1.120037 -0.918842 -0.459421 2.205579 3.124421 0.666800 8.017536 2.004384 2.000000 1.000000 1.000000 0.500000 0.000000 0.000000 1 
3338 2.666000 2.039546 7.016261 1.120037 1.120037 -0.919509 -0.459754 2.206246 3.125754 0.666799 8.022870 2.005717 2.000000 1.000000 1.000000 0.500000 0.000000 0.000000 1 
3339 2.667000 2.040213 7.024284 1.120037 1.120037 -0.920176 -0.460088 2.206912 3.127088 0.666798 8.028203 2.007051 2.000000 1.000000 1.000000 0.500000 0.000000 0.000000 1 
3340 2.668000 2.040879 7.032312 1.120037 1.120037 -0.920842 -0.460421 2.207579 3.128421 0.666797 8.033537 2.008384 2.000000 1.000000 1.000000 0.500000 0.000000 0.000000 1 
3341 2.669000 2.041546 7.040346 1.120037 1.120037 -0.921509 -0.460755 2.208245 3.129755 0.666797 8.038870 2.009718 2.000000 1.000000 1.000000 0.500000 0.000000 0.000000 1 
3342 2.670000 2.042213 7.048385 1.120037 1.120037 -0.922176 -0.461088 2.208912 3.131088 0.666796 8.044204 2.011051 2.000000 1.000000 1.000000 0.500000 0.000000 0.000000 1 
3343 2.671000 2.042880 7.056429 1.120037 1.120037 -0.922843 -0.461421 2.209579 3.132421 0.666795 8.049538 2.012384 2.000000 1.000000 1.000000 0.500000 0.000000 0.000000 1 
3344 2.672000 2.043547 7.064479 1.120037 1.120037 -0.923510 -0.461755 2.210245 3.133755 0.666794 8.054871 2.013718 2.000000 1.000000 1.000000 0.500000 0.000000 0.000000 1 
3345 2.673000 2.044213 7.072533 1.120037 1.120037 -0.924176 -0.462088 2.210912 3.135088 0.666793 8.060205 2.015051 2.000000 1.000000 1.000000 0.500000 0.000000 0.000000 1 
3346 2.674000 2.044880 7.080594 1.120037 1.120037 -0.924843 -0.462422 2.211578 3.136422 0.666793 8.065538 2.016385 2.000000 1.000000 1.000000 0.500000 0.000000 0.000000 1 
3347 2.675000 2.045547 7.088659 1.120037 1.120037 -0.925510 -0.462755 2.212245 3.137755 0.666792 8.070872 2.017718 2.000000 1.000000 1.000000 0.500000 0.000000 0.000000 1 
3348 2.676000 2.046214 7.096730 1.120037 1.120037 -0.926177 -0.463088 2.212912 3.139088 0.666791 8.076206 2.019051 2.000000 1.000000 1.000000 0.500000 0.000000 0.000000 1 
3349 2.677000 2.046881 7.104806 1.120037 1.120037 -0.926844 -0.463422 2.213578 3.140422 0.666790 8.081539 2.020385 2.000000 1.000000 1.000000 0.500000 0.000000 0.000000 1 
3350 2.678000 2.047547 7.112888 1.120037 1.120037 -0.927510 -0.463755 2.214245 3.141755 0.666790 8.086873 2.021718 2.000000 1.000000 1.000000 0.500000 0.000000 0.000000 1 
3351 2.679000 2.048214 7.120975 1.120037 1.120037 -0.928177 -0.464089 2.214911 3.143089 0.666789 8.092206 2.023052 2.000000 1.000000 1.000000 0.500000 0.000000 0.000000 1 
3352 2.680000 2.048881 7.129067 1.120037 1.120037 -0.928844 -0.464422 2.215578 3.144422 0.666788 8.097540 2.024385 2.000000 1.000000 1.000000 0.500000 0.000000 0.000000 1 
3353 2.681000 2.049548 7.137164 1.120037 1.120037 -0.929511 -0.464755 2.216245 3.145755 0.666787 8.102874 2.025718 2.000000 1.000000 1.000000 0.500000 0.000000 0.000000 1 
3354 2.682000 2.050215 7.145267 1.120037 1.120037 -0.930178 -0.465089 2.216911 3.147089 0.666787 8.108207 2.027052 2.000000 1.000000 1.000000 0.500000 0.000000 0.000000 1 
3355 2.683000 2.050881 7.153376 1.120037 1.120037 -0.930844 -0.465422 2.217578 3.148422 0.666786 8.113541 2.028385 2.000000 1.000000 1.000000 0.500000 0.000000 0.000000 1 
3356 2.684000 2.051548 7.161489 1.120037 1.120037 -0.931511 -0.465756 2.218244 3.149756 0.666785 8.118874 2.029719 2.000000 1.000000 1.000000 0.500000 0.000000 0.000000 1 
3357 2.685000 2.052215 7.169608 1.120037 1.120037 -0.932178 -0.466089 2.218911 3.151089 0.666785 8.124208 2.031052 2.000000 1.000000 1.000000 0.500000 0.000000 0.000000 1 
3358 2.686000 2.052882 7.177732 1.120037 1.120037 -0.932845 -0.466422 2.219578 3.152422 0.666784 8.129541 2.032385 2.000000 1.000000 1.000000 0.500000 0.000000 0.000000 1 
3359 2.687000 2.053548 7.185862 1.120037 1.120037 -0.933511 -0.466756 2.220244 3.153756 0.666783 8.134875 2.033719 2.000000 1.000000 1.000000 0.500000 0.000000 0.000000 1 
3360 2.688000 2.054215 7.193997 1.120037 1.120037 -0.934178 -0.467089 2.220911 3.155089 0.666783 8.140208 2.035052 2.000000 1.000000 1.000000 0.500000 0.000000 0.000000 1 
3361 2.689000 2.054882 7.202137 1.120037 1.120037 -0.934845 -0.467423 2.221577 3.156423 0.666782 8.145542 2.036386 2.000000 1.000000 1.000000 0.500000 0.000000 0.000000 1 
3362 2.690000 2.055549 7.210282 1.120037 1.120037 -0.935512 -0.467756 2.222244 3.157756 0.666781 8.150876 2.037719 2.000000 1.000000 1.000000 0.500000 0.000000 0.000000 1 
3363 2.691000 2.056216 7.218433 1.120037 1.120037 -0.936179 -0.468089 2.222911 3.159089 0.666780 8.156209 2.039052 2.000000 1.000000 1.000000 0.500000 0.000000 0.000000 1 
3364 2.692000 2.056882 7.226589 1.120037 1.120037 -0.936845 -0.468423 2.223577 3.160423 0.666780 8.161543 2.040386 2.000000 1.000000 1.000000 0.500000 0.000000 0.000000 1 
3365 2.693000 2.057549 7.234751 1.120037 1.120037 -0.937512 -0.468756 2.224244 3.161756 0.666779 8.166876 2.041719 2.000000 1.000000 1.000000 0.500000 0.000000 0.000000 1 
3366 2.694000 2.058216 7.242918 1.120037 1.120037 -0.938179 -0.469089 2.224911 3.163089 0.666778 8.172210 2.043052 2.000000 1.000000 1.000000 0.500000 0.000000 0.000000 1 
3367 2.695000 2.058883 7.251090 1.120037 1.120037 -0.938846 -0.469423 2.225577 3.164423 0.666778 8.177543 2.044386 2.000000 1.000000 1.000000 0.500000 0.000000 0.000000 1 
3368 2.696000 2.059549 7.259268 1.120037 1.120037 -0.939512 -0.469756 2.226244 3.165756 0.666777 8.182877 2.045719 2.000000 1.000000 1.000000 0.500000 0.000000 0.000000 1 
3369 2.697000 2.060216 7.267450 1.120037 1.120037 -0.940179 -0.470090 2.226910 3.167090 0.666776 8.188211 2.047053 2.000000 1.000000 1.000000 0.500000 0.000000 0.000000 1 
3370 2.698000 2.060883 7.275639 1.120037 1.120037 -0.940846 -0.470423 2.227577 3.168423 0.666776 8.193544 2.048386 2.000000 1.000000 1.000000 0.500000 0.000000 0.000000 1 
3371 2.699000 2.061550 7.283832 1.120037 1.120037 -0.941513 -0.470756 2.228244 3.169756 0.666775 8.198878 2.049719 2.000000 1.000000 1.000000 0.500000 0.000000 0.000000 1 
3372 2.700000 2.062217 7.292031 1.120037 1.120037 -0.942180 -0.471090 2.228910 3.171090 0.666774 8.204211 2.051053 2.000000 1.000000 1.000000 0.500000 0.000000 0.000000 1 
3373 2.701000 2.062883 7.300235 1.120037 1.120037 -0.942846 -0.471423 2.229577 3.172423 0.666774 8.209545 2.052386 2.000000 1.000000 1.000000 0.500000 0.000000 0.000000 1 
3374 2.702000 2.063550 7.308445 1.120037 1.120037 -0.943513 -0.471757 2.230243 3.173757 0.666773 8.214878 2.053720 2.000000 1.000000 1.000000 0.500000 0.000000 0.000000 1 
3375 2.703000 2.064217 7.316660 1.120037 1.120037 -0.944180 -0.472090 2.230910 3.175090 0.666773 8.220212 2.055053 2.000000 1.000000 1.000000 0.500000 0.000000 0.000000 1 
3376 2.704000 2.064884 7.324880 1.120037 1.120037 -0.944847 -0.472423 2.231577 3.176423 0.666772 8.225545 2.056386 2.000000 1.000000 1.000000 0.500000 0.000000 0.000000 1 
3377 2.705000 2.065550 7.333106 1.120037 1.120037 -0.945513 -0.472757 2.232243 3.177757 0.666771 8.230879 2.057720 2.000000 1.000000 1.000000 0.500000 0.000000 0.000000 1 
3378 2.706000 2.066217 7.341336 1.120037 1.120037 -0.946180 -0.473090 2.232910 3.179090 0.666771 8.236212 2.059053 2.000000 1.000000 1.000000 0.500000 0.000000 0.000000 1 
3379 2.707000 2.066884 7.349573 1.120037 1.120037 -0.946847 -0.473424 2.233576 3.180424 0.666770 8.241546 2.060387 2.000000 1.000000 1.000000 0.500000 0.000000 0.000000 1 
3380 2.708000 2.067551 7.357814 1.120037 1.120037 -0.947514 -0.473757 2.234243 3.181757 0.666769 8.246880 2.061720 2.000000 1.000000 1.000000 0.500000 0.000000 0.000000 1 
3381 2.709000 2.068218 7.366061 1.120037 1.120037 -0.948181 -0.474090 2.234910 3.183090 0.666769 8.252213 2.063053 2.000000 1.000000 1.000000 0.500000 0.000000 0.000000 1 
3382 2.710000 2.068884 7.374313 1.120037 1.120037 -0.948847 -0.474424 2.235576 3.184424 0.666768 8.257547 2.064387 2.000000 1.000000 1.000000 0.500000 0.000000 0.000000 1 
3383 2.711000 2.069551 7.382571 1.120037 1.120037 -0.949514 -0.474757 2.236243 3.185757 0.666768 8.262880 2.065720 2.000000 1.000000 1.000000 0.500000 0.000000 0.000000 1 
3384 2.712000 2.070218 7.390834 1.120037 1.120037 -0.950181 -0.475090 2.236910 3.187090 0.666767 8.268214 2.067053 2.000000 1.000000 1.000000 0.500000 0.000000 0.000000 1 
3385 2.713000 2.070885 7.399102 1.120037 1.120037 -0.950848 -0.475424 2.237576 3.188424 0.666766 8.273547 2.068387 2.000000 1.000000 1.000000 0.500000 0.000000 0.000000 1 
3386 2.714000 2.071551 7.407375 1.120037 1.120037 -0.951514 -0.475757 2.238243 3.189757 0.666766 8.278881 2.069720 2.000000 1.000000 1.000000 0.500000 0.000000 0.000000 1 
3387 2.715000 2.072218 7.415654 1.120037 1.120037 -0.952181 -0.476091 2.238909 3.191091 0.666765 8.284214 2.071054 2.000000 1.000000 1.000000 0.500000 0.000000 0.000000 1 
3388 2.716000 2.072885 7.423939 1.120037 1.120037 -0.952848 -0.476424 2.239576 3.192424 0.666765 8.289548 2.072387 2.000000 1.000000 1.000000 0.500000 0.000000 0.000000 1 
3389 2.717000 2.073552 7.432228 1.120037 1.120037 -0.953515 -0.476757 2.240243 3.193757 0.666764 8.294881 2.073720 2.000000 1.000000 1.000000 0.500000 0.000000 0.000000 1 
3390 2.718000 2.074218 7.440523 1.120037 1.120037 -0.954181 -0.477091 2.240909 3.195091 0.666763 8.300215 2.075054 2.000000 1.000000 1.000000 0.500000 0.000000 0.000000 1 
3391 2.719000 2.074885 7.448823 1.120037 1.120037 -0.954848 -0.477424 2.241576 3.196424 0.666763 8.305548 2.076387 2.000000 1.000000 1.000000 0.500000 0.000000 0.000000 1 
3392 2.720000 2.075552 7.457129 1.120037 1.120037 -0.955515 -0.477757 2.242243 3.197757 0.666762 8.310882 2.077720 2.000000 1.000000 1.000000 0.500000 0.000000 0.000000 1 
3393 2.721000 2.076219 7.465440 1.120037 1.120037 -0.956182 -0.478091 2.242909 3.199091 0.666762 8.316215 2.079054 2.000000 1.000000 1.000000 0.500000 0.000000 0.000000 1 
3394 2.722000 2.076885 7.473756 1.120037 1.120037 -0.956848 -0.478424 2.243576 3.200424 0.666761 8.321549 2.080387 2.000000 1.000000 1.000000 0.500000 0.000000 0.000000 1 
3395 2.723000 2.077552 7.482077 1.120037 1.120037 -0.957515 -0.478758 2.244242 3.201758 0.666761 8.326882 2.081721 2.000000 1.000000 1.000000 0.500000 0.000000 0.000000 1 
3396 2.724000 2.078219 7.490404 1.120037 1.120037 -0.958182 -0.479091 2.244909 3.203091 0.666760 8.332216 2.083054 2.000000 1.000000 1.000000 0.500000 0.000000 0.000000 1 
3397 2.725000 2.078886 7.498736 1.120037 1.120037 -0.958849 -0.479424 2.245576 3.204424 0.666759 8.337550 2.084387 2.000000 1.000000 1.000000 0.500000 0.000000 0.000000 1 
3398 2.726000 2.079553 7.507074 1.120037 1.120037 -0.959516 -0.479758 2.246242 3.205758 0.666759 8.342883 2.085721 2.000000 1.000000 1.000000 0.500000 0.000000 0.000000 1 
3399 2.727000 2.080219 7.515417 1.120037 1.120037 -0.960182 -0.480091 2.246909 3.207091 0.666758 8.348217 2.087054 2.000000 1.000000 1.000000 0.500000 0.000000 0.000000 1 
3400 2.728000 2.080886 7.523765 1.120037 1.120037 -0.960849 -0.480425 2.247575 3.208425 0.666758 8.353550 2.088388 2.000000 1.000000 1.000000 0.500000 0.000000 0.000000 1 
3401 2.729000 2.081553 7.532119 1.120037 1.120037 -0.961516 -0.480758 2.248242 3.209758 0.666757 8.358884 2.089721 2.000000 1.000000 1.000000 0.500000 0.000000 0.000000 1 
3402 2.730000 2.082220 7.540478 1.120037 1.120037 -0.962183 -0.481091 2.248909 3.211091 0.666757 8.364217 2.091054 2.000000 1.000000 1.000000 0.500000 0.000000 0.000000 1 
3403 2.731000 2.082886 7.548842 1.120037 1.120037 -0.962849 -0.481425 2.249575 3.212425 0.666756 8.369551 2.092388 2.000000 1.000000 1.000000 0.500000 0.000000 0.000000 1 
3404 2.732000 2.083553 7.557211 1.120037 1.120037 -0.963516 -0.481758 2.250242 3.213758 0.666756 8.374884 2.093721 2.000000 1.000000 1.000000 0.500000 0.000000 0.000000 1 
3405 2.733000 2.084220 7.565586 1.120037 1.120037 -0.964183 -0.482091 2.250909 3.215091 0.666755 8.380218 2.095054 2.000000 1.000000 1.000000 0.500000 0.000000 0.000000 1 
3406 2.734000 2.084887 7.573966 1.120037 1.120037 -0.964850 -0.482425 2.251575 3.216425 0.666754 8.385551 2.096388 2.000000 1.000000 1.000000 0.500000 0.000000 0.000000 1 
3407 2.735000 2.085553 7.582352 1.120037 1.120037 -0.965516 -0.482758 2.252242 3.217758 0.666754 8.390885 2.097721 2.000000 1.000000 1.000000 0.500000 0.000000 0.000000 1 
3408 2.736000 2.086220 7.590743 1.120037 1.120037 -0.966183 -0.483092 2.252908 3.219092 0.666753 8.396218 2.099055 2.000000 1.000000 1.000000 0.500000 0.000000 0.000000 1 
3409 2.737000 2.086887 7.599139 1.120037 1.120037 -0.966850 -0.483425 2.253575 3.220425 0.666753 8.401552 2.100388 2.000000 1.000000 1.000000 0.500000 0.000000 0.000000 1 
3410 2.738000 2.087554 7.607541 1.120037 1.120037 -0.967517 -0.483758 2.254242 3.221758 0.666752 8.406885 2.101721 2.000000 1.000000 1.000000 0.500000 0.000000 0.000000 1 
3411 2.739000 2.088220 7.615947 1.120037 1.120037 -0.968183 -0.484092 2.254908 3.223092 0.666752 8.412219 2.103055 2.000000 1.000000 1.000000 0.500000 0.000000 0.000000 1 
3412 2.740000 2.088887 7.624360 1.120037 1.120037 -0.968850 -0.484425 2.255575 3.224425 0.666751 8.417552 2.104388 2.000000 1.000000 1.000000 0.500000 0.000000 0.000000 1 
3413 2.741000 2.089554 7.632777 1.120037 1.120037 -0.969517 -0.484758 2.256242 3.225758 0.666751 8.422886 2.105721 2.000000 1.000000 1.000000 0.500000 0.000000 0.000000 1 
3414 2.742000 2.090221 7.641200 1.120037 1.120037 -0.970184 -0.485092 2.256908 3.227092 0.666750 8.428219 2.107055 2.000000 1.000000 1.000000 0.500000 0.000000 0.000000 1 
3415 2.743000 2.090887 7.649628 1.120037 1.120037 -0.970850 -0.485425 2.257575 3.228425 0.666750 8.433553 2.108388 2.000000 1.000000 1.000000 0.500000 0.000000 0.000000 1 
3416 2.744000 2.091554 7.658062 1.120037 1.120037 -0.971517 -0.485759 2.258241 3.229759 0.666749 8.438886 2.109722 2.000000 1.000000 1.000000 0.500000 0.000000 0.000000 1 
3417 2.745000 2.092221 7.666501 1.120037 1.120037 -0.972184 -0.486092 2.258908 3.231092 0.666749 8.444220 2.111055 2.000000 1.000000 1.000000 0.500000 0.000000 0.000000 1 
3418 2.746000 2.092888 7.674945 1.120037 1.120037 -0.972851 -0.486425 2.259575 3.232425 0.666748 8.449553 2.112388 2.000000 1.000000 1.000000 0.500000 0.000000 0.000000 1 
3419 2.747000 2.093554 7.683395 1.120037 1.120037 -0.973517 -0.486759 2.260241 3.233759 0.666748 8.454887 2.113722 2.000000 1.000000 1.000000 0.500000 0.000000 0.000000 1 
3420 2.748000 2.094221 7.691849 1.120037 1.120037 -0.974184 -0.487092 2.260908 3.235092 0.666747 8.460220 2.115055 2.000000 1.000000 1.000000 0.500000 0.000000 0.000000 1 
3421 2.749000 2.094888 7.700310 1.120037 1.120037 -0.974851 -0.487425 2.261575 3.236425 0.666747 8.465554 2.116388 2.000000 1.000000 1.000000 0.500000 0.000000 0.000000 1 
3422 2.750000 2.095555 7.708775 1.120037 1.120037 -0.975518 -0.487759 2.262241 3.237759 0.666746 8.470887 2.117722 2.000000 1.000000 1.000000 0.500000 0.000000 0.000000 1 
3423 2.751000 2.096221 7.717246 1.120037 1.120037 -0.976184 -0.488092 2.262908 3.239092 0.666746 8.476221 2.119055 2.000000 1.000000 1.000000 0.500000 0.000000 0.000000 1 
3424 2.752000 2.096888 7.725722 1.120037 1.120037 -0.976851 -0.488426 2.263574 3.240426 0.666745 8.481554 2.120389 2.000000 1.000000 1.000000 0.500000 0.000000 0.000000 1 
3425 2.753000 2.097555 7.734204 1.120037 1.120037 -0.977518 -0.488759 2.264241 3.241759 0.666745 8.486888 2.121722 2.000000 1.000000 1.000000 0.500000 0.000000 0.000000 1 
3426 2.754000 2.098222 7.742691 1.120037 1.120037 -0.978185 -0.489092 2.264908 3.243092 0.666745 8.492221 2.123055 2.000000 1.000000 1.000000 0.500000 0.000000 0.000000 1 
3427 2.755000 2.098888 7.751183 1.120037 1.120037 -0.978851 -0.489426 2.265574 3.244426 0.666744 8.497555 2.124389 2.000000 1.000000 1.000000 0.500000 0.000000 0.000000 1 
3428 2.756000 2.099555 7.759681 1.120037 1.120037 -0.979518 -0.489759 2.266241 3.245759 0.666744 8.502888 2.125722 2.000000 1.000000 1.000000 0.500000 0.000000 0.000000 1 
3429 2.757000 2.100222 7.768183 1.120037 1.120037 -0.980185 -0.490092 2.266908 3.247092 0.666743 8.508222 2.127055 2.000000 1.000000 1.000000 0.500000 0.000000 0.000000 1 
3430 2.758000 2.100889 7.776692 1.120037 1.120037 -0.980852 -0.490426 2.267574 3.248426 0.666743 8.513555 2.128389 2.000000 1.000000 1.000000 0.500000 0.000000 0.000000 1 
3431 2.759000 2.101555 7.785205 1.120037 1.120037 -0.981518 -0.490759 2.268241 3.249759 0.666742 8.518889 2.129722 2.000000 1.000000 1.000000 0.500000 0.000000 0.000000 1 
3432 2.760000 2.102222 7.793724 1.120037 1.120037 -0.982185 -0.491093 2.268907 3.251093 0.666742 8.524222 2.131056 2.000000 1.000000 1.000000 0.500000 0.000000 0.000000 1 
3433 2.761000 2.102889 7.802248 1.120037 1.120037 -0.982852 -0.491426 2.269574 3.252426 0.666741 8.529556 2.132389 2.000000 1.000000 1.000000 0.500000 0.000000 0.000000 1 
3434 2.762000 2.103556 7.810778 1.120037 1.120037 -0.983519 -0.491759 2.270241 3.253759 0.666741 8.534889 2.133722 2.000000 1.000000 1.000000 0.500000 0.000000 0.000000 1 
3435 2.763000 2.104222 7.819313 1.120037 1.120037 -0.984185 -0.492093 2.270907 3.255093 0.666740 8.540223 2.135056 2.000000 1.000000 1.000000 0.500000 0.000000 0.000000 1 
3436 2.764000 2.104889 7.827853 1.120037 1.120037 -0.984852 -0.492426 2.271574 3.256426 0.666740 8.545556 2.136389 2.000000 1.000000 1.000000 0.500000 0.000000 0.000000 1 
3437 2.765000 2.105556 7.836399 1.120037 1.120037 -0.985519 -0.492759 2.272241 3.257759 0.666740 8.550889 2.137722 2.000000 1.000000 1.000000 0.500000 0.000000 0.000000 1 
3438 2.766000 2.106222 7.844949 1.120037 1.120037 -0.986185 -0.493093 2.272907 3.259093 0.666739 8.556223 2.139056 2.000000 1.000000 1.000000 0.500000 0.000000 0.000000 1 
3439 2.767000 2.106889 7.853506 1.120037 1.120037 -0.986852 -0.493426 2.273574 3.260426 0.666739 8.561556 2.140389 2.000000 1.000000 1.000000 0.500000 0.000000 0.000000 1 
3440 2.768000 2.107556 7.862067 1.120037 1.120037 -0.987519 -0.493759 2.274241 3.261759 0.666738 8.566890 2.141722 2.000000 1.000000 1.000000 0.500000 0.000000 0.000000 1 
3441 2.769000 2.108223 7.870634 1.120037 1.120037 -0.988186 -0.494093 2.274907 3.263093 0.666738 8.572223 2.143056 2.000000 1.000000 1.000000 0.500000 0.000000 0.000000 1 
3442 2.770000 2.108889 7.879206 1.120037 1.120037 -0.988852 -0.494426 2.275574 3.264426 0.666737 8.577557 2.144389 2.000000 1.000000 1.000000 0.500000 0.000000 0.000000 1 
3443 2.771000 2.109556 7.887784 1.120037 1.120037 -0.989519 -0.494760 2.276240 3.265760 0.666737 8.582890 2.145723 2.000000 1.000000 1.000000 0.500000 0.000000 0.000000 1 
3444 2.772000 2.110223 7.896367 1.120037 1.120037 -0.990186 -0.495093 2.276907 3.267093 0.666737 8.588224 2.147056 2.000000 1.000000 1.000000 0.500000 0.000000 0.000000 1 
3445 2.773000 2.110890 7.904955 1.120037 1.120037 -0.990853 -0.495426 2.277574 3.268426 0.666736 8.593557 2.148389 2.000000 1.000000 1.000000 0.500000 0.000000 0.000000 1 
3446 2.774000 2.111556 7.913549 1.120037 1.120037 -0.991519 -0.495760 2.278240 3.269760 0.666736 8.598891 2.149723 2.000000 1.000000 1.000000 0.500000 0.000000 0.000000 1 
3447 2.775000 2.112223 7.922147 1.120037 1.120037 -0.992186 -0.496093 2.278907 3.271093 0.666735 8.604224 2.151056 2.000000 1.000000 1.000000 0.500000 0.000000 0.000000 1 
3448 2.776000 2.112890 7.930752 1.120037 1.120037 -0.992853 -0.496426 2.279574 3.272426 0.666735 8.609558 2.152389 2.000000 1.000000 1.000000 0.500000 0.000000 0.000000 1 
3449 2.777000 2.113557 7.939361 1.120037 1.120037 -0.993520 -0.496760 2.280240 3.273760 0.666734 8.614891 2.153723 2.000000 1.000000 1.000000 0.500000 0.000000 0.000000 1 
3450 2.778000 2.114223 7.947976 1.120037 1.120037 -0.994186 -0.497093 2.280907 3.275093 0.666734 8.620225 2.155056 2.000000 1.000000 1.000000 0.500000 0.000000 0.000000 1 
3451 2.779000 2.114890 7.956596 1.120037 1.120037 -0.994853 -0.497427 2.281573 3.276427 0.666734 8.625558 2.156390 2.000000 1.000000 1.000000 0.500000 0.000000 0.000000 1 
3452 2.780000 2.115557 7.965222 1.120037 1.120037 -0.995520 -0.497760 2.282240 3.277760 0.666733 8.630892 2.157723 2.000000 1.000000 1.000000 0.500000 0.000000 0.000000 1 
3453 2.781000 2.116224 7.973853 1.120037 1.120037 -0.996187 -0.498093 2.282907 3.279093 0.666733 8.636225 2.159056 2.000000 1.000000 1.000000 0.500000 0.000000 0.000000 1 
3454 2.782000 2.116890 7.982489 1.120037 1.120037 -0.996853 -0.498427 2.283573 3.280427 0.666732 8.641559 2.160390 2.000000 1.000000 1.000000 0.500000 0.000000 0.000000 1 
3455 2.783000 2.117557 7.991131 1.120037 1.120037 -0.997520 -0.498760 2.284240 3.281760 0.666732 8.646892 2.161723 2.000000 1.000000 1.000000 0.500000 0.000000 0.000000 1 
3456 2.784000 2.118224 7.999777 1.120037 1.120037 -0.998187 -0.499093 2.284907 3.283093 0.666732 8.652225 2.163056 2.000000 1.000000 1.000000 0.500000 0.000000 0.000000 1 
3457 2.785000 2.118890 8.008430 1.120037 1.120037 -0.998853 -0.499427 2.285573 3.284427 0.666731 8.657559 2.164390 2.000000 1.000000 1.000000 0.500000 0.000000 0.000000 1 
3458 2.786000 2.119557 8.017087 1.120037 1.120037 -0.999520 -0.499760 2.286240 3.285760 0.666731 8.662892 2.165723 2.000000 1.000000 1.000000 0.500000 0.000000 0.000000 1 
3459 2.787000 2.120224 8.025750 1.120037 1.120037 -1.000187 -0.500093 2.286907 3.287093 0.666731 8.668226 2.167056 2.000000 1.000000 1.000000 0.500000 0.000000 0.000000 1 
3460 2.788000 2.120891 8.034418 1.120037 1.120037 -1.000854 -0.500427 2.287573 3.288427 0.666730 8.673559 2.168390 2.000000 1.000000 1.000000 0.500000 0.000000 0.000000 1 
3461 2.789000 2.121557 8.043092 1.120037 1.120037 -1.001520 -0.500760 2.288240 3.289760 0.666730 8.678893 2.169723 2.000000 1.000000 1.000000 0.500000 0.000000 0.000000 1 
3462 2.790000 2.122224 8.051771 1.120037 1.120037 -1.002187 -0.501094 2.288906 3.291094 0.666729 8.684226 2.171057 2.000000 1.000000 1.000000 0.500000 0.000000 0.000000 1 
3463 2.791000 2.122891 8.060455 1.120037 1.120037 -1.002854 -0.501427 2.289573 3.292427 0.666729 8.689560 2.172390 2.000000 1.000000 1.000000 0.500000 0.000000 0.000000 1 
3464 2.792000 2.123558 8.069145 1.120037 1.120037 -1.003521 -0.501760 2.290240 3.293760 0.666729 8.694893 2.173723 2.000000 1.000000 1.000000 0.500000 0.000000 0.000000 1 
3465 2.793000 2.124224 8.077840 1.120037 1.120037 -1.004187 -0.502094 2.290906 3.295094 0.666728 8.700227 2.175057 2.000000 1.000000 1.000000 0.500000 0.000000 0.000000 1 
3466 2.794000 2.124891 8.086540 1.120037 1.120037 -1.004854 -0.502427 2.291573 3.296427 0.666728 8.705560 2.176390 2.000000 1.000000 1.000000 0.500000 0.000000 0.000000 1 
3467 2.795000 2.125558 8.095245 1.120037 1.120037 -1.005521 -0.502760 2.292240 3.297760 0.666728 8.710893 2.177723 2.000000 1.000000 1.000000 0.500000 0.000000 0.000000 1 
3468 2.796000 2.126224 8.103956 1.120037 1.120037 -1.006187 -0.503094 2.292906 3.299094 0.666727 8.716227 2.179057 2.000000 1.000000 1.000000 0.500000 0.000000 0.000000 1 
3469 2.797000 2.126891 8.112672 1.120037 1.120037 -1.006854 -0.503427 2.293573 3.300427 0.666727 8.721560 2.180390 2.000000 1.000000 1.000000 0.500000 0.000000 0.000000 1 
3470 2.798000 2.127558 8.121394 1.120037 1.120037 -1.007521 -0.503760 2.294240 3.301760 0.666726 8.726894 2.181723 2.000000 1.000000 1.000000 0.500000 0.000000 0.000000 1 
3471 2.799000 2.128225 8.130121 1.120037 1.120037 -1.008188 -0.504094 2.294906 3.303094 0.666726 8.732227 2.183057 2.000000 1.000000 1.000000 0.500000 0.000000 0.000000 1 
3472 2.800000 2.128891 8.138853 1.120037 1.120037 -1.008854 -0.504427 2.295573 3.304427 0.666726 8.737561 2.184390 2.000000 1.000000 1.000000 0.500000 0.000000 0.000000 1 
3473 2.801000 2.129558 8.147591 1.120037 1.120037 -1.009521 -0.504761 2.296239 3.305761 0.666725 8.742894 2.185724 2.000000 1.000000 1.000000 0.500000 0.000000 0.000000 1 
3474 2.802000 2.130225 8.156334 1.120037 1.120037 -1.010188 -0.505094 2.296906 3.307094 0.666725 8.748228 2.187057 2.000000 1.000000 1.000000 0.500000 0.000000 0.000000 1 
3475 2.803000 2.130892 8.165082 1.120037 1.120037 -1.010855 -0.505427 2.297573 3.308427 0.666725 8.753561 2.188390 2.000000 1.000000 1.000000 0.500000 0.000000 0.000000 1 
3476 2.804000 2.131558 8.173835 1.120037 1.120037 -1.011521 -0.505761 2.298239 3.309761 0.666724 8.758895 2.189724 2.000000 1.000000 1.000000 0.500000 0.000000 0.000000 1 
3477 2.805000 2.132225 8.182594 1.120037 1.120037 -1.012188 -0.506094 2.298906 3.311094 0.666724 8.764228 2.191057 2.000000 1.000000 1.000000 0.500000 0.000000 0.000000 1 
3478 2.806000 2.132892 8.191358 1.120037 1.120037 -1.012855 -0.506427 2.299573 3.312427 0.666724 8.769561 2.192390 2.000000 1.000000 1.000000 0.500000 0.000000 0.000000 1 
3479 2.807000 2.133558 8.200128 1.120037 1.120037 -1.013521 -0.506761 2.300239 3.313761 0.666723 8.774895 2.193724 2.000000 1.000000 1.000000 0.500000 0.000000 0.000000 1 
3480 2.808000 2.134225 8.208903 1.120037 1.120037 -1.014188 -0.507094 2.300906 3.315094 0.666723 8.780228 2.195057 2.000000 1.000000 1.000000 0.500000 0.000000 0.000000 1 
3481 2.809000 2.134892 8.217683 1.120037 1.120037 -1.014855 -0.507427 2.301573 3.316427 0.666723 8.785562 2.196390 2.000000 1.000000 1.000000 0.500000 0.000000 0.000000 1 
3482 2.810000 2.135559 8.226469 1.120037 1.120037 -1.015522 -0.507761 2.302239 3.317761 0.666722 8.790895 2.197724 2.000000 1.000000 1.000000 0.500000 0.000000 0.000000 1 
3483 2.811000 2.136225 8.235260 1.120037 1.120037 -1.016188 -0.508094 2.302906 3.319094 0.666722 8.796229 2.199057 2.000000 1.000000 1.000000 0.500000 0.000000 0.000000 1 
3484 2.812000 2.136892 8.244056 1.120037 1.120037 -1.016855 -0.508428 2.303572 3.320428 0.666722 8.801562 2.200391 2.000000 1.000000 1.000000 0.500000 0.000000 0.000000 1 
3485 2.813000 2.137559 8.252857 1.120037 1.120037 -1.017522 -0.508761 2.304239 3.321761 0.666721 8.806896 2.201724 2.000000 1.000000 1.000000 0.500000 0.000000 0.000000 1 
3486 2.814000 2.138226 8.261664 1.120037 1.120037 -1.018189 -0.509094 2.304906 3.323094 0.666721 8.812229 2.203057 2.000000 1.000000 1.000000 0.500000 0.000000 0.000000 1 
3487 2.815000 2.138892 8.270477 1.120037 1.120037 -1.018855 -0.509428 2.305572 3.324428 0.666721 8.817562 2.204391 2.000000 1.000000 1.000000 0.500000 0.000000 0.000000 1 
3488 2.816000 2.139559 8.279294 1.120037 1.120037 -1.019522 -0.509761 2.306239 3.325761 0.666720 8.822896 2.205724 2.000000 1.000000 1.000000 0.500000 0.000000 0.000000 1 
3489 2.817000 2.140226 8.288117 1.120037 1.120037 -1.020189 -0.510094 2.306906 3.327094 0.666720 8.828229 2.207057 2.000000 1.000000 1.000000 0.500000 0.000000 0.000000 1 
3490 2.818000 2.140892 8.296945 1.120037 1.120037 -1.020855 -0.510428 2.307572 3.328428 0.666720 8.833563 2.208391 2.000000 1.000000 1.000000 0.500000 0.000000 0.000000 1 
3491 2.819000 2.141559 8.305779 1.120037 1.120037 -1.021522 -0.510761 2.308239 3.329761 0.666719 8.838896 2.209724 2.000000 1.000000 1.000000 0.500000 0.000000 0.000000 1 
3492 2.820000 2.142226 8.314618 1.120037 1.120037 -1.022189 -0.511094 2.308906 3.331094 0.666719 8.844230 2.211057 2.000000 1.000000 1.000000 0.500000 0.000000 0.000000 1 
3493 2.821000 2.142893 8.323462 1.120037 1.120037 -1.022856 -0.511428 2.309572 3.332428 0.666719 8.849563 2.212391 2.000000 1.000000 1.000000 0.500000 0.000000 0.000000 1 
3494 2.822000 2.143559 8.332311 1.120037 1.120037 -1.023522 -0.511761 2.310239 3.333761 0.666718 8.854897 2.213724 2.000000 1.000000 1.000000 0.500000 0.000000 0.000000 1 
3495 2.823000 2.144226 8.341166 1.120037 1.120037 -1.024189 -0.512094 2.310906 3.335094 0.666718 8.860230 2.215057 2.000000 1.000000 1.000000 0.500000 0.000000 0.000000 1 
3496 2.824000 2.144893 8.350027 1.120037 1.120037 -1.024856 -0.512428 2.311572 3.336428 0.666718 8.865563 2.216391 2.000000 1.000000 1.000000 0.500000 0.000000 0.000000 1 
3497 2.825000 2.145559 8.358892 1.120037 1.120037 -1.025522 -0.512761 2.312239 3.337761 0.666717 8.870897 2.217724 2.000000 1.000000 1.000000 0.500000 0.000000 0.000000 1 
3498 2.826000 2.146226 8.367763 1.120037 1.120037 -1.026189 -0.513095 2.312905 3.339095 0.666717 8.876230 2.219058 2.000000 1.000000 1.000000 0.500000 0.000000 0.000000 1 
3499 2.827000 2.146893 8.376639 1.120037 1.120037 -1.026856 -0.513428 2.313572 3.340428 0.666717 8.881564 2.220391 2.000000 1.000000 1.000000 0.500000 0.000000 0.000000 1 
3500 2.828000 2.147560 8.385521 1.120037 1.120037 -1.027523 -0.513761 2.314239 3.341761 0.666717 8.886897 2.221724 2.000000 1.000000 1.000000 0.500000 0.000000 0.000000 1 
3501 2.829000 2.148226 8.394408 1.120037 1.120037 -1.028189 -0.514095 2.314905 3.343095 0.666716 8.892231 2.223058 2.000000 1.000000 1.000000 0.500000 0.000000 0.000000 1 
3502 2.830000 2.148893 8.403300 1.120037 1.120037 -1.028856 -0.514428 2.315572 3.344428 0.666716 8.897564 2.224391 2.000000 1.000000 1.000000 0.500000 0.000000 0.000000 1 
3503 2.831000 2.149560 8.412198 1.120037 1.120037 -1.029523 -0.514761 2.316239 3.345761 0.666716 8.902897 2.225724 2.000000 1.000000 1.000000 0.500000 0.000000 0.000000 1 
3504 2.832000 2.150226 8.421100 1.120037 1.120037 -1.030189 -0.515095 2.316905 3.347095 0.666715 8.908231 2.227058 2.000000 1.000000 1.000000 0.500000 0.000000 0.000000 1 
3505 2.833000 2.150893 8.430009 1.120037 1.120037 -1.030856 -0.515428 2.317572 3.348428 0.666715 8.913564 2.228391 2.000000 1.000000 1.000000 0.500000 0.000000 0.000000 1 
3506 2.834000 2.151560 8.438922 1.120037 1.120037 -1.031523 -0.515761 2.318239 3.349761 0.666715 8.918898 2.229724 2.000000 1.000000 1.000000 0.500000 0.000000 0.000000 1 
3507 2.835000 2.152227 8.447841 1.120037 1.120037 -1.032190 -0.516095 2.318905 3.351095 0.666714 8.924231 2.231058 2.000000 1.000000 1.000000 0.500000 0.000000 0.000000 1 
3508 2.836000 2.152893 8.456765 1.120037 1.120037 -1.032856 -0.516428 2.319572 3.352428 0.666714 8.929565 2.232391 2.000000 1.000000 1.000000 0.500000 0.000000 0.000000 1 
3509 2.837000 2.153560 8.465695 1.120037 1.120037 -1.033523 -0.516762 2.320238 3.353762 0.666714 8.934898 2.233725 2.000000 1.000000 1.000000 0.500000 0.000000 0.000000 1 
3510 2.838000 2.154227 8.474630 1.120037 1.120037 -1.034190 -0.517095 2.320905 3.355095 0.666714 8.940231 2.235058 2.000000 1.000000 1.000000 0.500000 0.000000 0.000000 1 
3511 2.839000 2.154893 8.483570 1.120037 1.120037 -1.034856 -0.517428 2.321572 3.356428 0.666713 8.945565 2.236391 2.000000 1.000000 1.000000 0.500000 0.000000 0.000000 1 
3512 2.840000 2.155560 8.492516 1.120037 1.120037 -1.035523 -0.517762 2.322238 3.357762 0.666713 8.950898 2.237725 2.000000 1.000000 1.000000 0.500000 0.000000 0.000000 1 
3513 2.841000 2.156227 8.501467 1.120037 1.120037 -1.036190 -0.518095 2.322905 3.359095 0.666713 8.956232 2.239058 2.000000 1.000000 1.000000 0.500000 0.000000 0.000000 1 
3514 2.842000 2.156894 8.510423 1.120037 1.120037 -1.036857 -0.518428 2.323572 3.360428 0.666713 8.961565 2.240391 2.000000 1.000000 1.000000 0.500000 0.000000 0.000000 1 
3515 2.843000 2.157560 8.519384 1.120037 1.120037 -1.037523 -0.518762 2.324238 3.361762 0.666712 8.966899 2.241725 2.000000 1.000000 1.000000 0.500000 0.000000 0.000000 1 
3516 2.844000 2.158227 8.528351 1.120037 1.120037 -1.038190 -0.519095 2.324905 3.363095 0.666712 8.972232 2.243058 2.000000 1.000000 1.000000 0.500000 0.000000 0.000000 1 
3517 2.845000 2.158894 8.537323 1.120037 1.120037 -1.038857 -0.519428 2.325572 3.364428 0.666712 8.977565 2.244391 2.000000 1.000000 1.000000 0.500000 0.000000 0.000000 1 
3518 2.846000 2.159560 8.546301 1.120037 1.120037 -1.039523 -0.519762 2.326238 3.365762 0.666711 8.982899 2.245725 2.000000 1.000000 1.000000 0.500000 0.000000 0.000000 1 
3519 2.847000 2.160227 8.555284 1.120037 1.120037 -1.040190 -0.520095 2.326905 3.367095 0.666711 8.988232 2.247058 2.000000 1.000000 1.000000 0.500000 0.000000 0.000000 1 
3520 2.848000 2.160894 8.564272 1.120037 1.120037 -1.040857 -0.520428 2.327572 3.368428 0.666711 8.993566 2.248391 2.000000 1.000000 1.000000 0.500000 0.000000 0.000000 1 
3521 2.849000 2.161561 8.573266 1.120037 1.120037 -1.041524 -0.520762 2.328238 3.369762 0.666711 8.998899 2.249725 2.000000 1.000000 1.000000 0.500000 0.000000 0.000000 1 
3522 2.850000 2.162227 8.582265 1.120037 1.120037 -1.042190 -0.521095 2.328905 3.371095 0.666710 9.004233 2.251058 2.000000 1.000000 1.000000 0.500000 0.000000 0.000000 1 
3523 2.851000 2.162894 8.591269 1.120037 1.120037 -1.042857 -0.521428 2.329572 3.372428 0.666710 9.009566 2.252391 2.000000 1.000000 1.000000 0.500000 0.000000 0.000000 1 
3524 2.852000 2.163561 8.600278 1.120037 1.120037 -1.043524 -0.521762 2.330238 3.373762 0.666710 9.014899 2.253725 2.000000 1.000000 1.000000 0.500000 0.000000 0.000000 1 
3525 2.853000 2.164227 8.609293 1.120037 1.120037 -1.044190 -0.522095 2.330905 3.375095 0.666710 9.020233 2.255058 2.000000 1.000000 1.000000 0.500000 0.000000 0.000000 1 
3526 2.854000 2.164894 8.618314 1.120037 1.120037 -1.044857 -0.522429 2.331571 3.376429 0.666709 9.025566 2.256392 2.000000 1.000000 1.000000 0.500000 0.000000 0.000000 1 
3527 2.855000 2.165561 8.627339 1.120037 1.120037 -1.045524 -0.522762 2.332238 3.377762 0.666709 9.030900 2.257725 2.000000 1.000000 1.000000 0.500000 0.000000 0.000000 1 
3528 2.856000 2.166228 8.636370 1.120037 1.120037 -1.046191 -0.523095 2.332905 3.379095 0.666709 9.036233 2.259058 2.000000 1.000000 1.000000 0.500000 0.000000 0.000000 1 
3529 2.857000 2.166894 8.645406 1.120037 1.120037 -1.046857 -0.523429 2.333571 3.380429 0.666709 9.041566 2.260392 2.000000 1.000000 1.000000 0.500000 0.000000 0.000000 1 
3530 2.858000 2.167561 8.654448 1.120037 1.120037 -1.047524 -0.523762 2.334238 3.381762 0.666708 9.046900 2.261725 2.000000 1.000000 1.000000 0.500000 0.000000 0.000000 1 
3531 2.859000 2.168228 8.663495 1.120037 1.120037 -1.048191 -0.524095 2.334905 3.383095 0.666708 9.052233 2.263058 2.000000 1.000000 1.000000 0.500000 0.000000 0.000000 1 
3532 2.860000 2.168894 8.672547 1.120037 1.120037 -1.048857 -0.524429 2.335571 3.384429 0.666708 9.057567 2.264392 2.000000 1.000000 1.000000 0.500000 0.000000 0.000000 1 
3533 2.861000 2.169561 8.681605 1.120037 1.120037 -1.049524 -0.524762 2.336238 3.385762 0.666708 9.062900 2.265725 2.000000 1.000000 1.000000 0.500000 0.000000 0.000000 1 
3534 2.862000 2.170228 8.690667 1.120037 1.120037 -1.050191 -0.525095 2.336905 3.387095 0.666707 9.068234 2.267058 2.000000 1.000000 1.000000 0.500000 0.000000 0.000000 1 
3535 2.863000 2.170894 8.699736 1.120037 1.120037 -1.050857 -0.525429 2.337571 3.388429 0.666707 9.073567 2.268392 2.000000 1.000000 1.000000 0.500000 0.000000 0.000000 1 
3536 2.864000 2.171561 8.708809 1.120037 1.120037 -1.051524 -0.525762 2.338238 3.389762 0.666707 9.078900 2.269725 2.000000 1.000000 1.000000 0.500000 0.000000 0.000000 1 
3537 2.865000 2.172228 8.717888 1.120037 1.120037 -1.052191 -0.526095 2.338905 3.391095 0.666707 9.084234 2.271058 2.000000 1.000000 1.000000 0.500000 0.000000 0.000000 1 
3538 2.866000 2.172895 8.726972 1.120037 1.120037 -1.052858 -0.526429 2.339571 3.392429 0.666706 9.089567 2.272392 2.000000 1.000000 1.000000 0.500000 0.000000 0.000000 1 
3539 2.867000 2.173561 8.736062 1.120037 1.120037 -1.053524 -0.526762 2.340238 3.393762 0.666706 9.094901 2.273725 2.000000 1.000000 1.000000 0.500000 0.000000 0.000000 1 
3540 2.868000 2.174228 8.745157 1.120037 1.120037 -1.054191 -0.527096 2.340904 3.395096 0.666706 9.100234 2.275059 2.000000 1.000000 1.000000 0.500000 0.000000 0.000000 1 
3541 2.869000 2.174895 8.754257 1.120037 1.120037 -1.054858 -0.527429 2.341571 3.396429 0.666706 9.105567 2.276392 2.000000 1.000000 1.000000 0.500000 0.000000 0.000000 1 
3542 2.870000 2.175561 8.763363 1.120037 1.120037 -1.055524 -0.527762 2.342238 3.397762 0.666705 9.110901 2.277725 2.000000 1.000000 1.000000 0.500000 0.000000 0.000000 1 
3543 2.871000 2.176228 8.772474 1.120037 1.120037 -1.056191 -0.528096 2.342904 3.399096 0.666705 9.116234 2.279059 2.000000 1.000000 1.000000 0.500000 0.000000 0.000000 1 
3544 2.872000 2.176895 8.781590 1.120037 1.120037 -1.056858 -0.528429 2.343571 3.400429 0.666705 9.121568 2.280392 2.000000 1.000000 1.000000 0.500000 0.000000 0.000000 1 
3545 2.873000 2.177562 8.790711 1.120037 1.120037 -1.057525 -0.528762 2.344238 3.401762 0.666705 9.126901 2.281725 2.000000 1.000000 1.000000 0.500000 0.000000 0.000000 1 
3546 2.874000 2.178228 8.799838 1.120037 1.120037 -1.058191 -0.529096 2.344904 3.403096 0.666704 9.132235 2.283059 2.000000 1.000000 1.000000 0.500000 0.000000 0.000000 1 
3547 2.875000 2.178895 8.808970 1.120037 1.120037 -1.058858 -0.529429 2.345571 3.404429 0.666704 9.137568 2.284392 2.000000 1.000000 1.000000 0.500000 0.000000 0.000000 1 
3548 2.876000 2.179562 8.818108 1.120037 1.120037 -1.059525 -0.529762 2.346238 3.405762 0.666704 9.142901 2.285725 2.000000 1.000000 1.000000 0.500000 0.000000 0.000000 1 
3549 2.877000 2.180228 8.827251 1.120037 1.120037 -1.060191 -0.530096 2.346904 3.407096 0.666704 9.148235 2.287059 2.000000 1.000000 1.000000 0.500000 0.000000 0.000000 1 
3550 2.878000 2.180895 8.836399 1.120037 1.120037 -1.060858 -0.530429 2.347571 3.408429 0.666704 9.153568 2.288392 2.000000 1.000000 1.000000 0.500000 0.000000 0.000000 1 
3551 2.879000 2.181562 8.845553 1.120037 1.120037 -1.061525 -0.530762 2.348238 3.409762 0.666703 9.158902 2.289725 2.000000 1.000000 1.000000 0.500000 0.000000 0.000000 1 
3552 2.880000 2.182228 8.854712 1.120037 1.120037 -1.062191 -0.531096 2.348904 3.411096 0.666703 9.164235 2.291059 2.000000 1.000000 1.000000 0.500000 0.000000 0.000000 1 
3553 2.881000 2.182895 8.863876 1.120037 1.120037 -1.062858 -0.531429 2.349571 3.412429 0.666703 9.169568 2.292392 2.000000 1.000000 1.000000 0.500000 0.000000 0.000000 1 
3554 2.882000 2.183562 8.873045 1.120037 1.120037 -1.063525 -0.531762 2.350238 3.413762 0.666703 9.174902 2.293725 2.000000 1.000000 1.000000 0.500000 0.000000 0.000000 1 
3555 2.883000 2.184229 8.882220 1.120037 1.120037 -1.064192 -0.532096 2.350904 3.415096 0.666702 9.180235 2.295059 2.000000 1.000000 1.000000 0.500000 0.000000 0.000000 1 
3556 2.884000 2.184895 8.891401 1.120037 1.120037 -1.064858 -0.532429 2.351571 3.416429 0.666702 9.185569 2.296392 2.000000 1.000000 1.000000 0.500000 0.000000 0.000000 1 
3557 2.885000 2.185562 8.900586 1.120037 1.120037 -1.065525 -0.532762 2.352238 3.417762 0.666702 9.190902 2.297725 2.000000 1.000000 1.000000 0.500000 0.000000 0.000000 1 
3558 2.886000 2.186229 8.909777 1.120037 1.120037 -1.066192 -0.533096 2.352904 3.419096 0.666702 9.196235 2.299059 2.000000 1.000000 1.000000 0.500000 0.000000 0.000000 1 
3559 2.887000 2.186895 8.918973 1.120037 1.120037 -1.066858 -0.533429 2.353571 3.420429 0.666702 9.201569 2.300392 2.000000 1.000000 1.000000 0.500000 0.000000 0.000000 1 
3560 2.888000 2.187562 8.928175 1.120037 1.120037 -1.067525 -0.533763 2.354237 3.421763 0.666701 9.206902 2.301726 2.000000 1.000000 1.000000 0.500000 0.000000 0.000000 1 
3561 2.889000 2.188229 8.937382 1.120037 1.120037 -1.068192 -0.534096 2.354904 3.423096 0.666701 9.212236 2.303059 2.000000 1.000000 1.000000 0.500000 0.000000 0.000000 1 
3562 2.890000 2.188895 8.946594 1.120037 1.120037 -1.068858 -0.534429 2.355571 3.424429 0.666701 9.217569 2.304392 2.000000 1.000000 1.000000 0.500000 0.000000 0.000000 1 
3563 2.891000 2.189562 8.955812 1.120037 1.120037 -1.069525 -0.534763 2.356237 3.425763 0.666701 9.222902 2.305726 2.000000 1.000000 1.000000 0.500000 0.000000 0.000000 1 
3564 2.892000 2.190229 8.965034 1.120037 1.120037 -1.070192 -0.535096 2.356904 3.427096 0.666701 9.228236 2.307059 2.000000 1.000000 1.000000 0.500000 0.000000 0.000000 1 
3565 2.893000 2.190896 8.974263 1.120037 1.120037 -1.070859 -0.535429 2.357571 3.428429 0.666700 9.233569 2.308392 2.000000 1.000000 1.000000 0.500000 0.000000 0.000000 1 
3566 2.894000 2.191562 8.983496 1.120037 1.120037 -1.071525 -0.535763 2.358237 3.429763 0.666700 9.238903 2.309726 2.000000 1.000000 1.000000 0.500000 0.000000 0.000000 1 
3567 2.895000 2.192229 8.992735 1.120037 1.120037 -1.072192 -0.536096 2.358904 3.431096 0.666700 9.244236 2.311059 2.000000 1.000000 1.000000 0.500000 0.000000 0.000000 1 
3568 2.896000 2.192896 9.001979 1.120037 1.120037 -1.072859 -0.536429 2.359571 3.432429 0.666700 9.249569 2.312392 2.000000 1.000000 1.000000 0.500000 0.000000 0.000000 1 
3569 2.897000 2.193562 9.011229 1.120037 1.120037 -1.073525 -0.536763 2.360237 3.433763 0.666700 9.254903 2.313726 2.000000 1.000000 1.000000 0.500000 0.000000 0.000000 1 
3570 2.898000 2.194229 9.020484 1.120037 1.120037 -1.074192 -0.537096 2.360904 3.435096 0.666699 9.260236 2.315059 2.000000 1.000000 1.000000 0.500000 0.000000 0.000000 1 
3571 2.899000 2.194896 9.029744 1.120037 1.120037 -1.074859 -0.537429 2.361571 3.436429 0.666699 9.265570 2.316392 2.000000 1.000000 1.000000 0.500000 0.000000 0.000000 1 
3572 2.900000 2.195562 9.039010 1.120037 1.120037 -1.075525 -0.537763 2.362237 3.437763 0.666699 9.270903 2.317726 2.000000 1.000000 1.000000 0.500000 0.000000 0.000000 1 
3573 2.901000 2.196229 9.048281 1.120037 1.120037 -1.076192 -0.538096 2.362904 3.439096 0.666699 9.276236 2.319059 2.000000 1.000000 1.000000 0.500000 0.000000 0.000000 1 
3574 2.902000 2.196896 9.057557 1.120037 1.120037 -1.076859 -0.538429 2.363571 3.440429 0.666699 9.281570 2.320392 2.000000 1.000000 1.000000 0.500000 0.000000 0.000000 1 
3575 2.903000 2.197563 9.066838 1.120037 1.120037 -1.077526 -0.538763 2.364237 3.441763 0.666698 9.286903 2.321726 2.000000 1.000000 1.000000 0.500000 0.000000 0.000000 1 
3576 2.904000 2.198229 9.076125 1.120037 1.120037 -1.078192 -0.539096 2.364904 3.443096 0.666698 9.292237 2.323059 2.000000 1.000000 1.000000 0.500000 0.000000 0.000000 1 
3577 2.905000 2.198896 9.085418 1.120037 1.120037 -1.078859 -0.539429 2.365571 3.444429 0.666698 9.297570 2.324392 2.000000 1.000000 1.000000 0.500000 0.000000 0.000000 1 
3578 2.906000 2.199563 9.094715 1.120037 1.120037 -1.079526 -0.539763 2.366237 3.445763 0.666698 9.302903 2.325726 2.000000 1.000000 1.000000 0.500000 0.000000 0.000000 1 
3579 2.907000 2.200229 9.104018 1.120037 1.120037 -1.080192 -0.540096 2.366904 3.447096 0.666698 9.308237 2.327059 2.000000 1.000000 1.000000 0.500000 0.000000 0.000000 1 
3580 2.908000 2.200896 9.113326 1.120037 1.120037 -1.080859 -0.540430 2.367570 3.448430 0.666697 9.313570 2.328393 2.000000 1.000000 1.000000 0.500000 0.000000 0.000000 1 
3581 2.909000 2.201563 9.122640 1.120037 1.120037 -1.081526 -0.540763 2.368237 3.449763 0.666697 9.318904 2.329726 2.000000 1.000000 1.000000 0.500000 0.000000 0.000000 1 
3582 2.910000 2.202229 9.131959 1.120037 1.120037 -1.082192 -0.541096 2.368904 3.451096 0.666697 9.324237 2.331059 2.000000 1.000000 1.000000 0.500000 0.000000 0.000000 1 
3583 2.911000 2.202896 9.141283 1.120037 1.120037 -1.082859 -0.541430 2.369570 3.452430 0.666697 9.329570 2.332393 2.000000 1.000000 1.000000 0.500000 0.000000 0.000000 1 
3584 2.912000 2.203563 9.150613 1.120037 1.120037 -1.083526 -0.541763 2.370237 3.453763 0.666697 9.334904 2.333726 2.000000 1.000000 1.000000 0.500000 0.000000 0.000000 1 
3585 2.913000 2.204230 9.159947 1.120037 1.120037 -1.084193 -0.542096 2.370904 3.455096 0.666697 9.340237 2.335059 2.000000 1.000000 1.000000 0.500000 0.000000 0.000000 1 
3586 2.914000 2.204896 9.169288 1.120037 1.120037 -1.084859 -0.542430 2.371570 3.456430 0.666696 9.345571 2.336393 2.000000 1.000000 1.000000 0.500000 0.000000 0.000000 1 
3587 2.915000 2.205563 9.178633 1.120037 1.120037 -1.085526 -0.542763 2.372237 3.457763 0.666696 9.350904 2.337726 2.000000 1.000000 1.000000 0.500000 0.000000 0.000000 1 
3588 2.916000 2.206230 9.187984 1.120037 1.120037 -1.086193 -0.543096 2.372904 3.459096 0.666696 9.356237 2.339059 2.000000 1.000000 1.000000 0.500000 0.000000 0.000000 1 
3589 2.917000 2.206896 9.197340 1.120037 1.120037 -1.086859 -0.543430 2.373570 3.460430 0.666696 9.361571 2.340393 2.000000 1.000000 1.000000 0.500000 0.000000 0.000000 1 
3590 2.918000 2.207563 9.206702 1.120037 1.120037 -1.087526 -0.543763 2.374237 3.461763 0.666696 9.366904 2.341726 2.000000 1.000000 1.000000 0.500000 0.000000 0.000000 1 
3591 2.919000 2.208230 9.216069 1.120037 1.120037 -1.088193 -0.544096 2.374904 3.463096 0.666696 9.372237 2.343059 2.000000 1.000000 1.000000 0.500000 0.000000 0.000000 1 
3592 2.920000 2.208896 9.225441 1.120037 1.120037 -1.088859 -0.544430 2.375570 3.464430 0.666695 9.377571 2.344393 2.000000 1.000000 1.000000 0.500000 0.000000 0.000000 1 
3593 2.921000 2.209563 9.234819 1.120037 1.120037 -1.089526 -0.544763 2.376237 3.465763 0.666695 9.382904 2.345726 2.000000 1.000000 1.000000 0.500000 0.000000 0.000000 1 
3594 2.922000 2.210230 9.244202 1.120037 1.120037 -1.090193 -0.545096 2.376904 3.467096 0.666695 9.388238 2.347059 2.000000 1.000000 1.000000 0.500000 0.000000 0.000000 1 
3595 2.923000 2.210897 9.253590 1.120037 1.120037 -1.090860 -0.545430 2.377570 3.468430 0.666695 9.393571 2.348393 2.000000 1.000000 1.000000 0.500000 0.000000 0.000000 1 
3596 2.924000 2.211563 9.262983 1.120037 1.120037 -1.091526 -0.545763 2.378237 3.469763 0.666695 9.398904 2.349726 2.000000 1.000000 1.000000 0.500000 0.000000 0.000000 1 
3597 2.925000 2.212230 9.272382 1.120037 1.120037 -1.092193 -0.546096 2.378904 3.471096 0.666694 9.404238 2.351059 2.000000 1.000000 1.000000 0.500000 0.000000 0.000000 1 
3598 2.926000 2.212897 9.281787 1.120037 1.120037 -1.092860 -0.546430 2.379570 3.472430 0.666694 9.409571 2.352393 2.000000 1.000000 1.000000 0.500000 0.000000 0.000000 1 
3599 2.927000 2.213563 9.291196 1.120037 1.120037 -1.093526 -0.546763 2.380237 3.473763 0.666694 9.414905 2.353726 2.000000 1.000000 1.000000 0.500000 0.000000 0.000000 1 
3600 2.928000 2.214230 9.300611 1.120037 1.120037 -1.094193 -0.547097 2.380903 3.475097 0.666694 9.420238 2.355060 2.000000 1.000000 1.000000 0.500000 0.000000 0.000000 1 
3601 2.929000 2.214897 9.310031 1.120037 1.120037 -1.094860 -0.547430 2.381570 3.476430 0.666694 9.425571 2.356393 2.000000 1.000000 1.000000 0.500000 0.000000 0.000000 1 
3602 2.930000 2.215563 9.319457 1.120037 1.120037 -1.095526 -0.547763 2.382237 3.477763 0.666694 9.430905 2.357726 2.000000 1.000000 1.000000 0.500000 0.000000 0.000000 1 
3603 2.931000 2.216230 9.328888 1.120037 1.120037 -1.096193 -0.548097 2.382903 3.479097 0.666694 9.436238 2.359060 2.000000 1.000000 1.000000 0.500000 0.000000 0.000000 1 
3604 2.932000 2.216897 9.338324 1.120037 1.120037 -1.096860 -0.548430 2.383570 3.480430 0.666693 9.441572 2.360393 2.000000 1.000000 1.000000 0.500000 0.000000 0.000000 1 
3605 2.933000 2.217563 9.347766 1.120037 1.120037 -1.097526 -0.548763 2.384237 3.481763 0.666693 9.446905 2.361726 2.000000 1.000000 1.000000 0.500000 0.000000 0.000000 1 
3606 2.934000 2.218230 9.357212 1.120037 1.120037 -1.098193 -0.549097 2.384903 3.483097 0.666693 9.452238 2.363060 2.000000 1.000000 1.000000 0.500000 0.000000 0.000000 1 
3607 2.935000 2.218897 9.366665 1.120037 1.120037 -1.098860 -0.549430 2.385570 3.484430 0.666693 9.457572 2.364393 2.000000 1.000000 1.000000 0.500000 0.000000 0.000000 1 
3608 2.936000 2.219564 9.376122 1.120037 1.120037 -1.099527 -0.549763 2.386237 3.485763 0.666693 9.462905 2.365726 2.000000 1.000000 1.000000 0.500000 0.000000 0.000000 1 
3609 2.937000 2.220230 9.385585 1.120037 1.120037 -1.100193 -0.550097 2.386903 3.487097 0.666693 9.468238 2.367060 2.000000 1.000000 1.000000 0.500000 0.000000 0.000000 1 
3610 2.938000 2.220897 9.395053 1.120037 1.120037 -1.100860 -0.550430 2.387570 3.488430 0.666692 9.473572 2.368393 2.000000 1.000000 1.000000 0.500000 0.000000 0.000000 1 
3611 2.939000 2.221564 9.404527 1.120037 1.120037 -1.101527 -0.550763 2.388237 3.489763 0.666692 9.478905 2.369726 2.000000 1.000000 1.000000 0.500000 0.000000 0.000000 1 
3612 2.940000 2.222230 9.414006 1.120037 1.120037 -1.102193 -0.551097 2.388903 3.491097 0.666692 9.484239 2.371060 2.000000 1.000000 1.000000 0.500000 0.000000 0.000000 1 
3613 2.941000 2.222897 9.423490 1.120037 1.120037 -1.102860 -0.551430 2.389570 3.492430 0.666692 9.489572 2.372393 2.000000 1.000000 1.000000 0.500000 0.000000 0.000000 1 
3614 2.942000 2.223564 9.432980 1.120037 1.120037 -1.103527 -0.551763 2.390237 3.493763 0.666692 9.494905 2.373726 2.000000 1.000000 1.000000 0.500000 0.000000 0.000000 1 
3615 2.943000 2.224230 9.442475 1.120037 1.120037 -1.104193 -0.552097 2.390903 3.495097 0.666692 9.500239 2.375060 2.000000 1.000000 1.000000 0.500000 0.000000 0.000000 1 
3616 2.944000 2.224897 9.451975 1.120037 1.120037 -1.104860 -0.552430 2.391570 3.496430 0.666691 9.505572 2.376393 2.000000 1.000000 1.000000 0.500000 0.000000 0.000000 1 
3617 2.945000 2.225564 9.461480 1.120037 1.120037 -1.105527 -0.552763 2.392237 3.497763 0.666691 9.510906 2.377726 2.000000 1.000000 1.000000 0.500000 0.000000 0.000000 1 
3618 2.946000 2.226230 9.470991 1.120037 1.120037 -1.106193 -0.553097 2.392903 3.499097 0.666691 9.516239 2.379060 2.000000 1.000000 1.000000 0.500000 0.000000 0.000000 1 
3619 2.947000 2.226897 9.480508 1.120037 1.120037 -1.106860 -0.553430 2.393570 3.500430 0.666691 9.521572 2.380393 2.000000 1.000000 1.000000 0.500000 0.000000 0.000000 1 
3620 2.948000 2.227564 9.490029 1.120037 1.120037 -1.107527 -0.553763 2.394237 3.501763 0.666691 9.526906 2.381726 2.000000 1.000000 1.000000 0.500000 0.000000 0.000000 1 
3621 2.949000 2.228231 9.499556 1.120037 1.120037 -1.108194 -0.554097 2.394903 3.503097 0.666691 9.532239 2.383060 2.000000 1.000000 1.000000 0.500000 0.000000 0.000000 1 
3622 2.950000 2.228897 9.509088 1.120037 1.120037 -1.108860 -0.554430 2.395570 3.504430 0.666691 9.537572 2.384393 2.000000 1.000000 1.000000 0.500000 0.000000 0.000000 1 
3623 2.951000 2.229564 9.518626 1.120037 1.120037 -1.109527 -0.554763 2.396237 3.505763 0.666690 9.542906 2.385726 2.000000 1.000000 1.000000 0.500000 0.000000 0.000000 1 
3624 2.952000 2.230231 9.528169 1.120037 1.120037 -1.110194 -0.555097 2.396903 3.507097 0.666690 9.548239 2.387060 2.000000 1.000000 1.000000 0.500000 0.000000 0.000000 1 
3625 2.953000 2.230897 9.537717 1.120037 1.120037 -1.110860 -0.555430 2.397570 3.508430 0.666690 9.553573 2.388393 2.000000 1.000000 1.000000 0.500000 0.000000 0.000000 1 
3626 2.954000 2.231564 9.547271 1.120037 1.120037 -1.111527 -0.555763 2.398237 3.509763 0.666690 9.558906 2.389726 2.000000 1.000000 1.000000 0.500000 0.000000 0.000000 1 
3627 2.955000 2.232231 9.556829 1.120037 1.120037 -1.112194 -0.556097 2.398903 3.511097 0.666690 9.564239 2.391060 2.000000 1.000000 1.000000 0.500000 0.000000 0.000000 1 
3628 2.956000 2.232897 9.566394 1.120037 1.120037 -1.112860 -0.556430 2.399570 3.512430 0.666690 9.569573 2.392393 2.000000 1.000000 1.000000 0.500000 0.000000 0.000000 1 
3629 2.957000 2.233564 9.575963 1.120037 1.120037 -1.113527 -0.556764 2.400236 3.513764 0.666690 9.574906 2.393727 2.000000 1.000000 1.000000 0.500000 0.000000 0.000000 1 
3630 2.958000 2.234231 9.585538 1.120037 1.120037 -1.114194 -0.557097 2.400903 3.515097 0.666689 9.580240 2.395060 2.000000 1.000000 1.000000 0.500000 0.000000 0.000000 1 
3631 2.959000 2.234897 9.595118 1.120037 1.120037 -1.114860 -0.557430 2.401570 3.516430 0.666689 9.585573 2.396393 2.000000 1.000000 1.000000 0.500000 0.000000 0.000000 1 
3632 2.960000 2.235564 9.604704 1.120037 1.120037 -1.115527 -0.557764 2.402236 3.517764 0.666689 9.590906 2.397727 2.000000 1.000000 1.000000 0.500000 0.000000 0.000000 1 
3633 2.961000 2.236231 9.614295 1.120037 1.120037 -1.116194 -0.558097 2.402903 3.519097 0.666689 9.596240 2.399060 2.000000 1.000000 1.000000 0.500000 0.000000 0.000000 1 
3634 2.962000 2.236898 9.623891 1.120037 1.120037 -1.116861 -0.558430 2.403570 3.520430 0.666689 9.601573 2.400393 2.000000 1.000000 1.000000 0.500000 0.000000 0.000000 1 
3635 2.963000 2.237564 9.633493 1.120037 1.120037 -1.117527 -0.558764 2.404236 3.521764 0.666689 9.606906 2.401727 2.000000 1.000000 1.000000 0.500000 0.000000 0.000000 1 
3636 2.964000 2.238231 9.643100 1.120037 1.120037 -1.118194 -0.559097 2.404903 3.523097 0.666689 9.612240 2.403060 2.000000 1.000000 1.000000 0.500000 0.000000 0.000000 1 
3637 2.965000 2.238898 9.652712 1.120037 1.120037 -1.118861 -0.559430 2.405570 3.524430 0.666689 9.617573 2.404393 2.000000 1.000000 1.000000 0.500000 0.000000 0.000000 1 
3638 2.966000 2.239564 9.662329 1.120037 1.120037 -1.119527 -0.559764 2.406236 3.525764 0.666688 9.622907 2.405727 2.000000 1.000000 1.000000 0.500000 0.000000 0.000000 1 
3639 2.967000 2.240231 9.671952 1.120037 1.120037 -1.120194 -0.560097 2.406903 3.527097 0.666688 9.628240 2.407060 2.000000 1.000000 1.000000 0.500000 0.000000 0.000000 1 
3640 2.968000 2.240898 9.681581 1.120037 1.120037 -1.120861 -0.560430 2.407570 3.528430 0.666688 9.633573 2.408393 2.000000 1.000000 1.000000 0.500000 0.000000 0.000000 1 
3641 2.969000 2.241564 9.691214 1.120037 1.120037 -1.121527 -0.560764 2.408236 3.529764 0.666688 9.638907 2.409727 2.000000 1.000000 1.000000 0.500000 0.000000 0.000000 1 
3642 2.970000 2.242231 9.700853 1.120037 1.120037 -1.122194 -0.561097 2.408903 3.531097 0.666688 9.644240 2.411060 2.000000 1.000000 1.000000 0.500000 0.000000 0.000000 1 
3643 2.971000 2.242898 9.710497 1.120037 1.120037 -1.122861 -0.561430 2.409570 3.532430 0.666688 9.649573 2.412393 2.000000 1.000000 1.000000 0.500000 0.000000 0.000000 1 
3644 2.972000 2.243564 9.720147 1.120037 1.120037 -1.123527 -0.561764 2.410236 3.533764 0.666688 9.654907 2.413727 2.000000 1.000000 1.000000 0.500000 0.000000 0.000000 1 
3645 2.973000 2.244231 9.729802 1.120037 1.120037 -1.124194 -0.562097 2.410903 3.535097 0.666688 9.660240 2.415060 2.000000 1.000000 1.000000 0.500000 0.000000 0.000000 1 
3646 2.974000 2.244898 9.739462 1.120037 1.120037 -1.124861 -0.562430 2.411570 3.536430 0.666687 9.665574 2.416393 2.000000 1.000000 1.000000 0.500000 0.000000 0.000000 1 
3647 2.975000 2.245564 9.749128 1.120037 1.120037 -1.125527 -0.562764 2.412236 3.537764 0.666687 9.670907 2.417727 2.000000 1.000000 1.000000 0.500000 0.000000 0.000000 1 
3648 2.976000 2.246231 9.758798 1.120037 1.120037 -1.126194 -0.563097 2.412903 3.539097 0.666687 9.676240 2.419060 2.000000 1.000000 1.000000 0.500000 0.000000 0.000000 1 
3649 2.977000 2.246898 9.768475 1.120037 1.120037 -1.126861 -0.563430 2.413570 3.540430 0.666687 9.681574 2.420393 2.000000 1.000000 1.000000 0.500000 0.000000 0.000000 1 
3650 2.978000 2.247565 9.778156 1.120037 1.120037 -1.127528 -0.563764 2.414236 3.541764 0.666687 9.686907 2.421727 2.000000 1.000000 1.000000 0.500000 0.000000 0.000000 1 
3651 2.979000 2.248231 9.787843 1.120037 1.120037 -1.128194 -0.564097 2.414903 3.543097 0.666687 9.692240 2.423060 2.000000 1.000000 1.000000 0.500000 0.000000 0.000000 1 
3652 2.980000 2.248898 9.797535 1.120037 1.120037 -1.128861 -0.564430 2.415570 3.544430 0.666687 9.697574 2.424393 2.000000 1.000000 1.000000 0.500000 0.000000 0.000000 1 
3653 2.981000 2.249565 9.807233 1.120037 1.120037 -1.129528 -0.564764 2.416236 3.545764 0.666687 9.702907 2.425727 2.000000 1.000000 1.000000 0.500000 0.000000 0.000000 1 
3654 2.982000 2.250231 9.816936 1.120037 1.120037 -1.130194 -0.565097 2.416903 3.547097 0.666686 9.708241 2.427060 2.000000 1.000000 1.000000 0.500000 0.000000 0.000000 1 
3655 2.983000 2.250898 9.826644 1.120037 1.120037 -1.130861 -0.565430 2.417570 3.548430 0.666686 9.713574 2.428393 2.000000 1.000000 1.000000 0.500000 0.000000 0.000000 1 
3656 2.984000 2.251565 9.836358 1.120037 1.120037 -1.131528 -0.565764 2.418236 3.549764 0.666686 9.718907 2.429727 2.000000 1.000000 1.000000 0.500000 0.000000 0.000000 1 
3657 2.985000 2.252231 9.846077 1.120037 1.120037 -1.132194 -0.566097 2.418903 3.551097 0.666686 9.724241 2.431060 2.000000 1.000000 1.000000 0.500000 0.000000 0.000000 1 
3658 2.986000 2.252898 9.855801 1.120037 1.120037 -1.132861 -0.566431 2.419569 3.552431 0.666686 9.729574 2.432394 2.000000 1.000000 1.000000 0.500000 0.000000 0.000000 1 
3659 2.987000 2.253565 9.865530 1.120037 1.120037 -1.133528 -0.566764 2.420236 3.553764 0.666686 9.734907 2.433727 2.000000 1.000000 1.000000 0.500000 0.000000 0.000000 1 
3660 2.988000 2.254231 9.875265 1.120037 1.120037 -1.134194 -0.567097 2.420903 3.555097 0.666686 9.740241 2.435060 2.000000 1.000000 1.000000 0.500000 0.000000 0.000000 1 
3661 2.989000 2.254898 9.885006 1.120037 1.120037 -1.134861 -0.567431 2.421569 3.556431 0.666686 9.745574 2.436394 2.000000 1.000000 1.000000 0.500000 0.000000 0.000000 1 
3662 2.990000 2.255565 9.894751 1.120037 1.120037 -1.135528 -0.567764 2.422236 3.557764 0.666685 9.750908 2.437727 2.000000 1.000000 1.000000 0.500000 0.000000 0.000000 1 
3663 2.991000 2.256231 9.904502 1.120037 1.120037 -1.136194 -0.568097 2.422903 3.559097 0.666685 9.756241 2.439060 2.000000 1.000000 1.000000 0.500000 0.000000 0.000000 1 
3664 2.992000 2.256898 9.914258 1.120037 1.120037 -1.136861 -0.568431 2.423569 3.560431 0.666685 9.761574 2.440394 2.000000 1.000000 1.000000 0.500000 0.000000 0.000000 1 
3665 2.993000 2.257565 9.924020 1.120037 1.120037 -1.137528 -0.568764 2.424236 3.561764 0.666685 9.766908 2.441727 2.000000 1.000000 1.000000 0.500000 0.000000 0.000000 1 
3666 2.994000 2.258231 9.933787 1.120037 1.120037 -1.138194 -0.569097 2.424903 3.563097 0.666685 9.772241 2.443060 2.000000 1.000000 1.000000 0.500000 0.000000 0.000000 1 
3667 2.995000 2.258898 9.943559 1.120037 1.120037 -1.138861 -0.569431 2.425569 3.564431 0.666685 9.777574 2.444394 2.000000 1.000000 1.000000 0.500000 0.000000 0.000000 1 
3668 2.996000 2.259565 9.953337 1.120037 1.120037 -1.139528 -0.569764 2.426236 3.565764 0.666685 9.782908 2.445727 2.000000 1.000000 1.000000 0.500000 0.000000 0.000000 1 
3669 2.997000 2.260232 9.963120 1.120037 1.120037 -1.140195 -0.570097 2.426903 3.567097 0.666685 9.788241 2.447060 2.000000 1.000000 1.000000 0.500000 0.000000 0.000000 1 
3670 2.998000 2.260898 9.972908 1.120037 1.120037 -1.140861 -0.570431 2.427569 3.568431 0.666685 9.793574 2.448394 2.000000 1.000000 1.000000 0.500000 0.000000 0.000000 1 
3671 2.999000 2.261565 9.982701 1.120037 1.120037 -1.141528 -0.570764 2.428236 3.569764 0.666684 9.798908 2.449727 2.000000 1.000000 1.000000 0.500000 0.000000 0.000000 1 
3672 3.000000 2.262232 9.992500 1.120037 1.120037 -1.142195 -0.571097 2.428903 3.571097 0.666684 9.804241 2.451060 2.000000 1.000000 1.000000 0.500000 0.000000 0.000000 1 
3673 3.001000 2.262898 10.002304 1.120037 1.120037 -1.142861 -0.571431 2.429569 3.572431 0.666684 9.809575 2.452394 2.000000 1.000000 1.000000 0.500000 0.000000 0.000000 1 
3674 3.002000 2.263565 10.012114 1.120037 1.120037 -1.143528 -0.571764 2.430236 3.573764 0.666684 9.814908 2.453727 2.000000 1.000000 1.000000 0.500000 0.000000 0.000000 1 
3675 3.003000 2.264232 10.021929 1.120037 1.120037 -1.144195 -0.572097 2.430903 3.575097 0.666684 9.820241 2.455060 2.000000 1.000000 1.000000 0.500000 0.000000 0.000000 1 
3676 3.004000 2.264898 10.031749 1.120037 1.120037 -1.144861 -0.572431 2.431569 3.576431 0.666684 9.825575 2.456394 2.000000 1.000000 1.000000 0.500000 0.000000 0.000000 1 
3677 3.005000 2.265565 10.041575 1.120037 1.120037 -1.145528 -0.572764 2.432236 3.577764 0.666684 9.830908 2.457727 2.000000 1.000000 1.000000 0.500000 0.000000 0.000000 1 
3678 3.006000 2.266232 10.051406 1.120037 1.120037 -1.146195 -0.573097 2.432903 3.579097 0.666684 9.836241 2.459060 2.000000 1.000000 1.000000 0.500000 0.000000 0.000000 1 
3679 3.007000 2.266898 10.061242 1.120037 1.120037 -1.146861 -0.573431 2.433569 3.580431 0.666684 9.841575 2.460394 2.000000 1.000000 1.000000 0.500000 0.000000 0.000000 1 
3680 3.008000 2.267565 10.071084 1.120037 1.120037 -1.147528 -0.573764 2.434236 3.581764 0.666684 9.846908 2.461727 2.000000 1.000000 1.000000 0.500000 0.000000 0.000000 1 
3681 3.009000 2.268232 10.080930 1.120037 1.120037 -1.148195 -0.574097 2.434903 3.583097 0.666683 9.852242 2.463060 2.000000 1.000000 1.000000 0.500000 0.000000 0.000000 1 
3682 3.010000 2.268898 10.090783 1.120037 1.120037 -1.148861 -0.574431 2.435569 3.584431 0.666683 9.857575 2.464394 2.000000 1.000000 1.000000 0.500000 0.000000 0.000000 1 
3683 3.011000 2.269565 10.100640 1.120037 1.120037 -1.149528 -0.574764 2.436236 3.585764 0.666683 9.862908 2.465727 2.000000 1.000000 1.000000 0.500000 0.000000 0.000000 1 
3684 3.012000 2.270232 10.110503 1.120037 1.120037 -1.150195 -0.575097 2.436903 3.587097 0.666683 9.868242 2.467060 2.000000 1.000000 1.000000 0.500000 0.000000 0.000000 1 
3685 3.013000 2.270898 10.120371 1.120037 1.120037 -1.150861 -0.575431 2.437569 3.588431 0.666683 9.873575 2.468394 2.000000 1.000000 1.000000 0.500000 0.000000 0.000000 1 
3686 3.014000 2.271565 10.130245 1.120037 1.120037 -1.151528 -0.575764 2.438236 3.589764 0.666683 9.878908 2.469727 2.000000 1.000000 1.000000 0.500000 0.000000 0.000000 1 
3687 3.015000 2.272232 10.140124 1.120037 1.120037 -1.152195 -0.576097 2.438903 3.591097 0.666683 9.884242 2.471060 2.000000 1.000000 1.000000 0.500000 0.000000 0.000000 1 
3688 3.016000 2.272899 10.150008 1.120037 1.120037 -1.152862 -0.576431 2.439569 3.592431 0.666683 9.889575 2.472394 2.000000 1.000000 1.000000 0.500000 0.000000 0.000000 1 
3689 3.017000 2.273565 10.159898 1.120037 1.120037 -1.153528 -0.576764 2.440236 3.593764 0.666683 9.894908 2.473727 2.000000 1.000000 1.000000 0.500000 0.000000 0.000000 1 
3690 3.018000 2.274232 10.169793 1.120037 1.120037 -1.154195 -0.577097 2.440903 3.595097 0.666683 9.900242 2.475060 2.000000 1.000000 1.000000 0.500000 0.000000 0.000000 1 
3691 3.019000 2.274899 10.179693 1.120037 1.120037 -1.154862 -0.577431 2.441569 3.596431 0.666682 9.905575 2.476394 2.000000 1.000000 1.000000 0.500000 0.000000 0.000000 1 
3692 3.020000 2.275565 10.189598 1.120037 1.120037 -1.155528 -0.577764 2.442236 3.597764 0.666682 9.910909 2.477727 2.000000 1.000000 1.000000 0.500000 0.000000 0.000000 1 
3693 3.021000 2.276232 10.199509 1.120037 1.120037 -1.156195 -0.578097 2.442903 3.599097 0.666682 9.916242 2.479060 2.000000 1.000000 1.000000 0.500000 0.000000 0.000000 1 
3694 3.022000 2.276899 10.209426 1.120037 1.120037 -1.156862 -0.578431 2.443569 3.600431 0.666682 9.921575 2.480394 2.000000 1.000000 1.000000 0.500000 0.000000 0.000000 1 
3695 3.023000 2.277565 10.219347 1.120037 1.120037 -1.157528 -0.578764 2.444236 3.601764 0.666682 9.926909 2.481727 2.000000 1.000000 1.000000 0.500000 0.000000 0.000000 1 
3696 3.024000 2.278232 10.229274 1.120037 1.120037 -1.158195 -0.579097 2.444903 3.603097 0.666682 9.932242 2.483060 2.000000 1.000000 1.000000 0.500000 0.000000 0.000000 1 
3697 3.025000 2.278899 10.239206 1.120037 1.120037 -1.158862 -0.579431 2.445569 3.604431 0.666682 9.937575 2.484394 2.000000 1.000000 1.000000 0.500000 0.000000 0.000000 1 
3698 3.026000 2.279565 10.249144 1.120037 1.120037 -1.159528 -0.579764 2.446236 3.605764 0.666682 9.942909 2.485727 2.000000 1.000000 1.000000 0.500000 0.000000 0.000000 1 
3699 3.027000 2.280232 10.259087 1.120037 1.120037 -1.160195 -0.580098 2.446902 3.607098 0.666682 9.948242 2.487061 2.000000 1.000000 1.000000 0.500000 0.000000 0.000000 1 
3700 3.028000 2.280899 10.269035 1.120037 1.120037 -1.160862 -0.580431 2.447569 3.608431 0.666682 9.953575 2.488394 2.000000 1.000000 1.000000 0.500000 0.000000 0.000000 1 
3701 3.029000 2.281565 10.278989 1.120037 1.120037 -1.161528 -0.580764 2.448236 3.609764 0.666682 9.958909 2.489727 2.000000 1.000000 1.000000 0.500000 0.000000 0.000000 1 
3702 3.030000 2.282232 10.288947 1.120037 1.120037 -1.162195 -0.581098 2.448902 3.611098 0.666681 9.964242 2.491061 2.000000 1.000000 1.000000 0.500000 0.000000 0.000000 1 
3703 3.031000 2.282899 10.298912 1.120037 1.120037 -1.162862 -0.581431 2.449569 3.612431 0.666681 9.969576 2.492394 2.000000 1.000000 1.000000 0.500000 0.000000 0.000000 1 
3704 3.032000 2.283565 10.308881 1.120037 1.120037 -1.163528 -0.581764 2.450236 3.613764 0.666681 9.974909 2.493727 2.000000 1.000000 1.000000 0.500000 0.000000 0.000000 1 
3705 3.033000 2.284232 10.318856 1.120037 1.120037 -1.164195 -0.582098 2.450902 3.615098 0.666681 9.980242 2.495061 2.000000 1.000000 1.000000 0.500000 0.000000 0.000000 1 
3706 3.034000 2.284899 10.328836 1.120037 1.120037 -1.164862 -0.582431 2.451569 3.616431 0.666681 9.985576 2.496394 2.000000 1.000000 1.000000 0.500000 0.000000 0.000000 1 
3707 3.035000 2.285565 10.338822 1.120037 1.120037 -1.165528 -0.582764 2.452236 3.617764 0.666681 9.990909 2.497727 2.000000 1.000000 1.000000 0.500000 0.000000 0.000000 1 
3708 3.036000 2.286232 10.348813 1.120037 1.120037 -1.166195 -0.583098 2.452902 3.619098 0.666681 9.996242 2.499061 2.000000 1.000000 1.000000 0.500000 0.000000 0.000000 1 
3709 3.037000 2.286899 10.358809 1.120037 1.120037 -1.166862 -0.583431 2.453569 3.620431 0.666681 10.001576 2.500394 2.000000 1.000000 1.000000 0.500000 0.000000 0.000000 1 
3710 3.038000 2.287566 10.368811 1.120037 1.120037 -1.167529 -0.583764 2.454236 3.621764 0.666681 10.006909 2.501727 2.000000 1.000000 1.000000 0.500000 0.000000 0.000000 1 
3711 3.039000 2.288232 10.378818 1.120037 1.120037 -1.168195 -0.584098 2.454902 3.623098 0.666681 10.012242 2.503061 2.000000 1.000000 1.000000 0.500000 0.000000 0.000000 1 
3712 3.040000 2.288899 10.388830 1.120037 1.120037 -1.168862 -0.584431 2.455569 3.624431 0.666681 10.017576 2.504394 2.000000 1.000000 1.000000 0.500000 0.000000 0.000000 1 
3713 3.041000 2.289566 10.398847 1.120037 1.120037 -1.169529 -0.584764 2.456236 3.625764 0.666681 10.022909 2.505727 2.000000 1.000000 1.000000 0.500000 0.000000 0.000000 1 
3714 3.042000 2.290232 10.408870 1.120037 1.120037 -1.170195 -0.585098 2.456902 3.627098 0.666680 10.028243 2.507061 2.000000 1.000000 1.000000 0.500000 0.000000 0.000000 1 
3715 3.043000 2.290899 10.418899 1.120037 1.120037 -1.170862 -0.585431 2.457569 3.628431 0.666680 10.033576 2.508394 2.000000 1.000000 1.000000 0.500000 0.000000 0.000000 1 
3716 3.044000 2.291566 10.428932 1.120037 1.120037 -1.171529 -0.585764 2.458236 3.629764 0.666680 10.038909 2.509727 2.000000 1.000000 1.000000 0.500000 0.000000 0.000000 1 
3717 3.045000 2.292232 10.438971 1.120037 1.120037 -1.172195 -0.586098 2.458902 3.631098 0.666680 10.044243 2.511061 2.000000 1.000000 1.000000 0.500000 0.000000 0.000000 1 
3718 3.046000 2.292899 10.449015 1.120037 1.120037 -1.172862 -0.586431 2.459569 3.632431 0.666680 10.049576 2.512394 2.000000 1.000000 1.000000 0.500000 0.000000 0.000000 1 
3719 3.047000 2.293566 10.459065 1.120037 1.120037 -1.173529 -0.586764 2.460236 3.633764 0.666680 10.054909 2.513727 2.000000 1.000000 1.000000 0.500000 0.000000 0.000000 1 
3720 3.048000 2.294232 10.469120 1.120037 1.120037 -1.174195 -0.587098 2.460902 3.635098 0.666680 10.060243 2.515061 2.000000 1.000000 1.000000 0.500000 0.000000 0.000000 1 
3721 3.049000 2.294899 10.479180 1.120037 1.120037 -1.174862 -0.587431 2.461569 3.636431 0.666680 10.065576 2.516394 2.000000 1.000000 1.000000 0.500000 0.000000 0.000000 1 
3722 3.050000 2.295566 10.489246 1.120037 1.120037 -1.175529 -0.587764 2.462236 3.637764 0.666680 10.070909 2.517727 2.000000 1.000000 1.000000 0.500000 0.000000 0.000000 1 
3723 3.051000 2.296232 10.499317 1.120037 1.120037 -1.176195 -0.588098 2.462902 3.639098 0.666680 10.076243 2.519061 2.000000 1.000000 1.000000 0.500000 0.000000 0.000000 1 
3724 3.052000 2.296899 10.509393 1.120037 1.120037 -1.176862 -0.588431 2.463569 3.640431 0.666680 10.081576 2.520394 2.000000 1.000000 1.000000 0.500000 0.000000 0.000000 1 
3725 3.053000 2.297566 10.519474 1.120037 1.120037 -1.177529 -0.588764 2.464236 3.641764 0.666680 10.086909 2.521727 2.000000 1.000000 1.000000 0.500000 0.000000 0.000000 1 
3726 3.054000 2.298232 10.529561 1.120037 1.120037 -1.178195 -0.589098 2.464902 3.643098 0.666679 10.092243 2.523061 2.000000 1.000000 1.000000 0.500000 0.000000 0.000000 1 
3727 3.055000 2.298899 10.539654 1.120037 1.120037 -1.178862 -0.589431 2.465569 3.644431 0.666679 10.097576 2.524394 2.000000 1.000000 1.000000 0.500000 0.000000 0.000000 1 
3728 3.056000 2.299566 10.549751 1.120037 1.120037 -1.179529 -0.589764 2.466236 3.645764 0.666679 10.102910 2.525727 2.000000 1.000000 1.000000 0.500000 0.000000 0.000000 1 
3729 3.057000 2.300232 10.559854 1.120037 1.120037 -1.180195 -0.590098 2.466902 3.647098 0.666679 10.108243 2.527061 2.000000 1.000000 1.000000 0.500000 0.000000 0.000000 1 
3730 3.058000 2.300899 10.569962 1.120037 1.120037 -1.180862 -0.590431 2.467569 3.648431 0.666679 10.113576 2.528394 2.000000 1.000000 1.000000 0.500000 0.000000 0.000000 1 
3731 3.059000 2.301566 10.580076 1.120037 1.120037 -1.181529 -0.590764 2.468236 3.649764 0.666679 10.118910 2.529727 2.000000 1.000000 1.000000 0.500000 0.000000 0.000000 1 
3732 3.060000 2.302232 10.590195 1.120037 1.120037 -1.182195 -0.591098 2.468902 3.651098 0.666679 10.124243 2.531061 2.000000 1.000000 1.000000 0.500000 0.000000 0.000000 1 
3733 3.061000 2.302899 10.600319 1.120037 1.120037 -1.182862 -0.591431 2.469569 3.652431 0.666679 10.129576 2.532394 2.000000 1.000000 1.000000 0.500000 0.000000 0.000000 1 
3734 3.062000 2.303566 10.610449 1.120037 1.120037 -1.183529 -0.591764 2.470236 3.653764 0.666679 10.134910 2.533727 2.000000 1.000000 1.000000 0.500000 0.000000 0.000000 1 
3735 3.063000 2.304233 10.620584 1.120037 1.120037 -1.184196 -0.592098 2.470902 3.655098 0.666679 10.140243 2.535061 2.000000 1.000000 1.000000 0.500000 0.000000 0.000000 1 
3736 3.064000 2.304899 10.630724 1.120037 1.120037 -1.184862 -0.592431 2.471569 3.656431 0.666679 10.145576 2.536394 2.000000 1.000000 1.000000 0.500000 0.000000 0.000000 1 
3737 3.065000 2.305566 10.640869 1.120037 1.120037 -1.185529 -0.592764 2.472236 3.657764 0.666679 10.150910 2.537727 2.000000 1.000000 1.000000 0.500000 0.000000 0.000000 1 
3738 3.066000 2.306233 10.651020 1.120037 1.120037 -1.186196 -0.593098 2.472902 3.659098 0.666679 10.156243 2.539061 2.000000 1.000000 1.000000 0.500000 0.000000 0.000000 1 
3739 3.067000 2.306899 10.661176 1.120037 1.120037 -1.186862 -0.593431 2.473569 3.660431 0.666679 10.161576 2.540394 2.000000 1.000000 1.000000 0.500000 0.000000 0.000000 1 
3740 3.068000 2.307566 10.671338 1.120037 1.120037 -1.187529 -0.593764 2.474236 3.661764 0.666678 10.166910 2.541727 2.000000 1.000000 1.000000 0.500000 0.000000 0.000000 1 
3741 3.069000 2.308233 10.681505 1.120037 1.120037 -1.188196 -0.594098 2.474902 3.663098 0.666678 10.172243 2.543061 2.000000 1.000000 1.000000 0.500000 0.000000 0.000000 1 
3742 3.070000 2.308899 10.691677 1.120037 1.120037 -1.188862 -0.594431 2.475569 3.664431 0.666678 10.177577 2.544394 2.000000 1.000000 1.000000 0.500000 0.000000 0.000000 1 
3743 3.071000 2.309566 10.701855 1.120037 1.120037 -1.189529 -0.594764 2.476236 3.665764 0.666678 10.182910 2.545727 2.000000 1.000000 1.000000 0.500000 0.000000 0.000000 1 
3744 3.072000 2.310233 10.712038 1.120037 1.120037 -1.190196 -0.595098 2.476902 3.667098 0.666678 10.188243 2.547061 2.000000 1.000000 1.000000 0.500000 0.000000 0.000000 1 
3745 3.073000 2.310899 10.722226 1.120037 1.120037 -1.190862 -0.595431 2.477569 3.668431 0.666678 10.193577 2.548394 2.000000 1.000000 1.000000 0.500000 0.000000 0.000000 1 
3746 3.074000 2.311566 10.732420 1.120037 1.120037 -1.191529 -0.595764 2.478236 3.669764 0.666678 10.198910 2.549727 2.000000 1.000000 1.000000 0.500000 0.000000 0.000000 1 
3747 3.075000 2.312233 10.742618 1.120037 1.120037 -1.192196 -0.596098 2.478902 3.671098 0.666678 10.204243 2.551061 2.000000 1.000000 1.000000 0.500000 0.000000 0.000000 1 
3748 3.076000 2.312899 10.752823 1.120037 1.120037 -1.192862 -0.596431 2.479569 3.672431 0.666678 10.209577 2.552394 2.000000 1.000000 1.000000 0.500000 0.000000 0.000000 1 
3749 3.077000 2.313566 10.763032 1.120037 1.120037 -1.193529 -0.596765 2.480235 3.673765 0.666678 10.214910 2.553728 2.000000 1.000000 1.000000 0.500000 0.000000 0.000000 1 
3750 3.078000 2.314233 10.773247 1.120037 1.120037 -1.194196 -0.597098 2.480902 3.675098 0.666678 10.220243 2.555061 2.000000 1.000000 1.000000 0.500000 0.000000 0.000000 1 
3751 3.079000 2.314899 10.783467 1.120037 1.120037 -1.194862 -0.597431 2.481569 3.676431 0.666678 10.225577 2.556394 2.000000 1.000000 1.000000 0.500000 0.000000 0.000000 1 
3752 3.080000 2.315566 10.793693 1.120037 1.120037 -1.195529 -0.597765 2.482235 3.677765 0.666678 10.230910 2.557728 2.000000 1.000000 1.000000 0.500000 0.000000 0.000000 1 
3753 3.081000 2.316233 10.803924 1.120037 1.120037 -1.196196 -0.598098 2.482902 3.679098 0.666678 10.236243 2.559061 2.000000 1.000000 1.000000 0.500000 0.000000 0.000000 1 
3754 3.082000 2.316899 10.814160 1.120037 1.120037 -1.196862 -0.598431 2.483569 3.680431 0.666677 10.241577 2.560394 2.000000 1.000000 1.000000 0.500000 0.000000 0.000000 1 
3755 3.083000 2.317566 10.824402 1.120037 1.120037 -1.197529 -0.598765 2.484235 3.681765 0.666677 10.246910 2.561728 2.000000 1.000000 1.000000 0.500000 0.000000 0.000000 1 
3756 3.084000 2.318233 10.834649 1.120037 1.120037 -1.198196 -0.599098 2.484902 3.683098 0.666677 10.252244 2.563061 2.000000 1.000000 1.000000 0.500000 0.000000 0.000000 1 
3757 3.085000 2.318899 10.844901 1.120037 1.120037 -1.198862 -0.599431 2.485569 3.684431 0.666677 10.257577 2.564394 2.000000 1.000000 1.000000 0.500000 0.000000 0.000000 1 
3758 3.086000 2.319566 10.855158 1.120037 1.120037 -1.199529 -0.599765 2.486235 3.685765 0.666677 10.262910 2.565728 2.000000 1.000000 1.000000 0.500000 0.000000 0.000000 1 
3759 3.087000 2.320233 10.865421 1.120037 1.120037 -1.200196 -0.600098 2.486902 3.687098 0.666677 10.268244 2.567061 2.000000 1.000000 1.000000 0.500000 0.000000 0.000000 1 
3760 3.088000 2.320899 10.875690 1.120037 1.120037 -1.200862 -0.600431 2.487569 3.688431 0.666677 10.273577 2.568394 2.000000 1.000000 1.000000 0.500000 0.000000 0.000000 1 
3761 3.089000 2.321566 10.885963 1.120037 1.120037 -1.201529 -0.600765 2.488235 3.689765 0.666677 10.278910 2.569728 2.000000 1.000000 1.000000 0.500000 0.000000 0.000000 1 
3762 3.090000 2.322233 10.896242 1.120037 1.120037 -1.202196 -0.601098 2.488902 3.691098 0.666677 10.284244 2.571061 2.000000 1.000000 1.000000 0.500000 0.000000 0.000000 1 
3763 3.091000 2.322900 10.906526 1.120037 1.120037 -1.202863 -0.601431 2.489569 3.692431 0.666677 10.289577 2.572394 2.000000 1.000000 1.000000 0.500000 0.000000 0.000000 1 
3764 3.092000 2.323566 10.916816 1.120037 1.120037 -1.203529 -0.601765 2.490235 3.693765 0.666677 10.294910 2.573728 2.000000 1.000000 1.000000 0.500000 0.000000 0.000000 1 
3765 3.093000 2.324233 10.927111 1.120037 1.120037 -1.204196 -0.602098 2.490902 3.695098 0.666677 10.300244 2.575061 2.000000 1.000000 1.000000 0.500000 0.000000 0.000000 1 
3766 3.094000 2.324900 10.937411 1.120037 1.120037 -1.204863 -0.602431 2.491569 3.696431 0.666677 10.305577 2.576394 2.000000 1.000000 1.000000 0.500000 0.000000 0.000000 1 
3767 3.095000 2.325566 10.947717 1.120037 1.120037 -1.205529 -0.602765 2.492235 3.697765 0.666677 10.310910 2.577728 2.000000 1.000000 1.000000 0.500000 0.000000 0.000000 1 
3768 3.096000 2.326233 10.958028 1.120037 1.120037 -1.206196 -0.603098 2.492902 3.699098 0.666677 10.316244 2.579061 2.000000 1.000000 1.000000 0.500000 0.000000 0.000000 1 
3769 3.097000 2.326900 10.968344 1.120037 1.120037 -1.206863 -0.603431 2.493569 3.700431 0.666677 10.321577 2.580394 2.000000 1.000000 1.000000 0.500000 0.000000 0.000000 1 
3770 3.098000 2.327566 10.978665 1.120037 1.120037 -1.207529 -0.603765 2.494235 3.701765 0.666676 10.326911 2.581728 2.000000 1.000000 1.000000 0.500000 0.000000 0.000000 1 
3771 3.099000 2.328233 10.988992 1.120037 1.120037 -1.208196 -0.604098 2.494902 3.703098 0.666676 10.332244 2.583061 2.000000 1.000000 1.000000 0.500000 0.000000 0.000000 1 
3772 3.100000 2.328900 10.999325 1.120037 1.120037 -1.208863 -0.604431 2.495569 3.704431 0.666676 10.337577 2.584394 2.000000 1.000000 1.000000 0.500000 0.000000 0.000000 1 
3773 3.101000 2.329566 11.009662 1.120037 1.120037 -1.209529 -0.604765 2.496235 3.705765 0.666676 10.342911 2.585728 2.000000 1.000000 1.000000 0.500000 0.000000 0.000000 1 
3774 3.102000 2.330233 11.020005 1.120037 1.120037 -1.210196 -0.605098 2.496902 3.707098 0.666676 10.348244 2.587061 2.000000 1.000000 1.000000 0.500000 0.000000 0.000000 1 
3775 3.103000 2.330900 11.030353 1.120037 1.120037 -1.210863 -0.605431 2.497569 3.708431 0.666676 10.353577 2.588394 2.000000 1.000000 1.000000 0.500000 0.000000 0.000000 1 
3776 3.104000 2.331566 11.040707 1.120037 1.120037 -1.211529 -0.605765 2.498235 3.709765 0.666676 10.358911 2.589728 2.000000 1.000000 1.000000 0.500000 0.000000 0.000000 1 
3777 3.105000 2.332233 11.051066 1.120037 1.120037 -1.212196 -0.606098 2.498902 3.711098 0.666676 10.364244 2.591061 2.000000 1.000000 1.000000 0.500000 0.000000 0.000000 1 
3778 3.106000 2.332900 11.061430 1.120037 1.120037 -1.212863 -0.606431 2.499569 3.712431 0.666676 10.369577 2.592394 2.000000 1.000000 1.000000 0.500000 0.000000 0.000000 1 
3779 3.107000 2.333566 11.071800 1.120037 1.120037 -1.213529 -0.606765 2.500235 3.713765 0.666676 10.374911 2.593728 2.000000 1.000000 1.000000 0.500000 0.000000 0.000000 1 
3780 3.108000 2.334233 11.082174 1.120037 1.120037 -1.214196 -0.607098 2.500902 3.715098 0.666676 10.380244 2.595061 2.000000 1.000000 1.000000 0.500000 0.000000 0.000000 1 
3781 3.109000 2.334900 11.092555 1.120037 1.120037 -1.214863 -0.607431 2.501569 3.716431 0.666676 10.385577 2.596394 2.000000 1.000000 1.000000 0.500000 0.000000 0.000000 1 
3782 3.110000 2.335566 11.102940 1.120037 1.120037 -1.215529 -0.607765 2.502235 3.717765 0.666676 10.390911 2.597728 2.000000 1.000000 1.000000 0.500000 0.000000 0.000000 1 
3783 3.111000 2.336233 11.113331 1.120037 1.120037 -1.216196 -0.608098 2.502902 3.719098 0.666676 10.396244 2.599061 2.000000 1.000000 1.000000 0.500000 0.000000 0.000000 1 
3784 3.112000 2.336900 11.123727 1.120037 1.120037 -1.216863 -0.608431 2.503569 3.720431 0.666676 10.401577 2.600394 2.000000 1.000000 1.000000 0.500000 0.000000 0.000000 1 
3785 3.113000 2.337566 11.134129 1.120037 1.120037 -1.217529 -0.608765 2.504235 3.721765 0.666676 10.406911 2.601728 2.000000 1.000000 1.000000 0.500000 0.000000 0.000000 1 
3786 3.114000 2.338233 11.144536 1.120037 1.120037 -1.218196 -0.609098 2.504902 3.723098 0.666676 10.412244 2.603061 2.000000 1.000000 1.000000 0.500000 0.000000 0.000000 1 
3787 3.115000 2.338900 11.154948 1.120037 1.120037 -1.218863 -0.609431 2.505569 3.724431 0.666676 10.417577 2.604394 2.000000 1.000000 1.000000 0.500000 0.000000 0.000000 1 
3788 3.116000 2.339566 11.165366 1.120037 1.120037 -1.219529 -0.609765 2.506235 3.725765 0.666675 10.422911 2.605728 2.000000 1.000000 1.000000 0.500000 0.000000 0.000000 1 
3789 3.117000 2.340233 11.175789 1.120037 1.120037 -1.220196 -0.610098 2.506902 3.727098 0.666675 10.428244 2.607061 2.000000 1.000000 1.000000 0.500000 0.000000 0.000000 1 
3790 3.118000 2.340900 11.186217 1.120037 1.120037 -1.220863 -0.610431 2.507569 3.728431 0.666675 10.433578 2.608394 2.000000 1.000000 1.000000 0.500000 0.000000 0.000000 1 
3791 3.119000 2.341566 11.196650 1.120037 1.120037 -1.221529 -0.610765 2.508235 3.729765 0.666675 10.438911 2.609728 2.000000 1.000000 1.000000 0.500000 0.000000 0.000000 1 
3792 3.120000 2.342233 11.207089 1.120037 1.120037 -1.222196 -0.611098 2.508902 3.731098 0.666675 10.444244 2.611061 2.000000 1.000000 1.000000 0.500000 0.000000 0.000000 1 
3793 3.121000 2.342900 11.217534 1.120037 1.120037 -1.222863 -0.611431 2.509569 3.732431 0.666675 10.449578 2.612394 2.000000 1.000000 1.000000 0.500000 0.000000 0.000000 1 
3794 3.122000 2.343566 11.227983 1.120037 1.120037 -1.223529 -0.611765 2.510235 3.733765 0.666675 10.454911 2.613728 2.000000 1.000000 1.000000 0.500000 0.000000 0.000000 1 
3795 3.123000 2.344233 11.238438 1.120037 1.120037 -1.224196 -0.612098 2.510902 3.735098 0.666675 10.460244 2.615061 2.000000 1.000000 1.000000 0.500000 0.000000 0.000000 1 
3796 3.124000 2.344900 11.248898 1.120037 1.120037 -1.224863 -0.612431 2.511569 3.736431 0.666675 10.465578 2.616394 2.000000 1.000000 1.000000 0.500000 0.000000 0.000000 1 
3797 3.125000 2.345566 11.259364 1.120037 1.120037 -1.225529 -0.612765 2.512235 3.737765 0.666675 10.470911 2.617728 2.000000 1.000000 1.000000 0.500000 0.000000 0.000000 1 
3798 3.126000 2.346233 11.269835 1.120037 1.120037 -1.226196 -0.613098 2.512902 3.739098 0.666675 10.476244 2.619061 2.000000 1.000000 1.000000 0.500000 0.000000 0.000000 1 
3799 3.127000 2.346900 11.280311 1.120037 1.120037 -1.226863 -0.613431 2.513569 3.740431 0.666675 10.481578 2.620394 2.000000 1.000000 1.000000 0.500000 0.000000 0.000000 1 
3800 3.128000 2.347567 11.290793 1.120037 1.120037 -1.227530 -0.613765 2.514235 3.741765 0.666675 10.486911 2.621728 2.000000 1.000000 1.000000 0.500000 0.000000 0.000000 1 
3801 3.129000 2.348233 11.301280 1.120037 1.120037 -1.228196 -0.614098 2.514902 3.743098 0.666675 10.492244 2.623061 2.000000 1.000000 1.000000 0.500000 0.000000 0.000000 1 
3802 3.130000 2.348900 11.311772 1.120037 1.120037 -1.228863 -0.614431 2.515569 3.744431 0.666675 10.497578 2.624394 2.000000 1.000000 1.000000 0.500000 0.000000 0.000000 1 
3803 3.131000 2.349567 11.322269 1.120037 1.120037 -1.229530 -0.614765 2.516235 3.745765 0.666675 10.502911 2.625728 2.000000 1.000000 1.000000 0.500000 0.000000 0.000000 1 
3804 3.132000 2.350233 11.332772 1.120037 1.120037 -1.230196 -0.615098 2.516902 3.747098 0.666675 10.508244 2.627061 2.000000 1.000000 1.000000 0.500000 0.000000 0.000000 1 
3805 3.133000 2.350900 11.343281 1.120037 1.120037 -1.230863 -0.615431 2.517569 3.748431 0.666675 10.513578 2.628394 2.000000 1.000000 1.000000 0.500000 0.000000 0.000000 1 
3806 3.134000 2.351567 11.353794 1.120037 1.120037 -1.231530 -0.615765 2.518235 3.749765 0.666675 10.518911 2.629728 2.000000 1.000000 1.000000 0.500000 0.000000 0.000000 1 
3807 3.135000 2.352233 11.364313 1.120037 1.120037 -1.232196 -0.616098 2.518902 3.751098 0.666675 10.524244 2.631061 2.000000 1.000000 1.000000 0.500000 0.000000 0.000000 1 
3808 3.136000 2.352900 11.374837 1.120037 1.120037 -1.232863 -0.616431 2.519569 3.752431 0.666674 10.529578 2.632394 2.000000 1.000000 1.000000 0.500000 0.000000 0.000000 1 
3809 3.137000 2.353567 11.385367 1.120037 1.120037 -1.233530 -0.616765 2.520235 3.753765 0.666674 10.534911 2.633728 2.000000 1.000000 1.000000 0.500000 0.000000 0.000000 1 
3810 3.138000 2.354233 11.395902 1.120037 1.120037 -1.234196 -0.617098 2.520902 3.755098 0.666674 10.540245 2.635061 2.000000 1.000000 1.000000 0.500000 0.000000 0.000000 1 
3811 3.139000 2.354900 11.406442 1.120037 1.120037 -1.234863 -0.617431 2.521569 3.756431 0.666674 10.545578 2.636394 2.000000 1.000000 1.000000 0.500000 0.000000 0.000000 1 
3812 3.140000 2.355567 11.416988 1.120037 1.120037 -1.235530 -0.617765 2.522235 3.757765 0.666674 10.550911 2.637728 2.000000 1.000000 1.000000 0.500000 0.000000 0.000000 1 
3813 3.141000 2.356233 11.427539 1.120037 1.120037 -1.236196 -0.618098 2.522902 3.759098 0.666674 10.556245 2.639061 2.000000 1.000000 1.000000 0.500000 0.000000 0.000000 1 
3814 3.142000 2.356900 11.438095 1.120037 1.120037 -1.236863 -0.618431 2.523569 3.760431 0.666674 10.561578 2.640394 2.000000 1.000000 1.000000 0.500000 0.000000 0.000000 1 
3815 3.143000 2.357567 11.448656 1.120037 1.120037 -1.237530 -0.618765 2.524235 3.761765 0.666674 10.566911 2.641728 2.000000 1.000000 1.000000 0.500000 0.000000 0.000000 1 
3816 3.144000 2.358233 11.459223 1.120037 1.120037 -1.238196 -0.619098 2.524902 3.763098 0.666674 10.572245 2.643061 2.000000 1.000000 1.000000 0.500000 0.000000 0.000000 1 
3817 3.145000 2.358900 11.469796 1.120037 1.120037 -1.238863 -0.619431 2.525569 3.764431 0.666674 10.577578 2.644394 2.000000 1.000000 1.000000 0.500000 0.000000 0.000000 1 
3818 3.146000 2.359567 11.480373 1.120037 1.120037 -1.239530 -0.619765 2.526235 3.765765 0.666674 10.582911 2.645728 2.000000 1.000000 1.000000 0.500000 0.000000 0.000000 1 
3819 3.147000 2.360233 11.490956 1.120037 1.120037 -1.240196 -0.620098 2.526902 3.767098 0.666674 10.588245 2.647061 2.000000 1.000000 1.000000 0.500000 0.000000 0.000000 1 
3820 3.148000 2.360900 11.501544 1.120037 1.120037 -1.240863 -0.620432 2.527568 3.768432 0.666674 10.593578 2.648395 2.000000 1.000000 1.000000 0.500000 0.000000 0.000000 1 
3821 3.149000 2.361567 11.512138 1.120037 1.120037 -1.241530 -0.620765 2.528235 3.769765 0.666674 10.598911 2.649728 2.000000 1.000000 1.000000 0.500000 0.000000 0.000000 1 
3822 3.150000 2.362233 11.522737 1.120037 1.120037 -1.242196 -0.621098 2.528902 3.771098 0.666674 10.604245 2.651061 2.000000 1.000000 1.000000 0.500000 0.000000 0.000000 1 
3823 3.151000 2.362900 11.533341 1.120037 1.120037 -1.242863 -0.621432 2.529568 3.772432 0.666674 10.609578 2.652395 2.000000 1.000000 1.000000 0.500000 0.000000 0.000000 1 
3824 3.152000 2.363567 11.543951 1.120037 1.120037 -1.243530 -0.621765 2.530235 3.773765 0.666674 10.614911 2.653728 2.000000 1.000000 1.000000 0.500000 0.000000 0.000000 1 
3825 3.153000 2.364233 11.554565 1.120037 1.120037 -1.244196 -0.622098 2.530902 3.775098 0.666674 10.620245 2.655061 2.000000 1.000000 1.000000 0.500000 0.000000 0.000000 1 
3826 3.154000 2.364900 11.565186 1.120037 1.120037 -1.244863 -0.622432 2.531568 3.776432 0.666674 10.625578 2.656395 2.000000 1.000000 1.000000 0.500000 0.000000 0.000000 1 
3827 3.155000 2.365567 11.575811 1.120037 1.120037 -1.245530 -0.622765 2.532235 3.777765 0.666674 10.630911 2.657728 2.000000 1.000000 1.000000 0.500000 0.000000 0.000000 1 
3828 3.156000 2.366233 11.586442 1.120037 1.120037 -1.246196 -0.623098 2.532902 3.779098 0.666674 10.636245 2.659061 2.000000 1.000000 1.000000 0.500000 0.000000 0.000000 1 
3829 3.157000 2.366900 11.597078 1.120037 1.120037 -1.246863 -0.623432 2.533568 3.780432 0.666674 10.641578 2.660395 2.000000 1.000000 1.000000 0.500000 0.000000 0.000000 1 
3830 3.158000 2.367567 11.607720 1.120037 1.120037 -1.247530 -0.623765 2.534235 3.781765 0.666674 10.646911 2.661728 2.000000 1.000000 1.000000 0.500000 0.000000 0.000000 1 
3831 3.159000 2.368233 11.618367 1.120037 1.120037 -1.248196 -0.624098 2.534902 3.783098 0.666673 10.652245 2.663061 2.000000 1.000000 1.000000 0.500000 0.000000 0.000000 1 
3832 3.160000 2.368900 11.629019 1.120037 1.120037 -1.248863 -0.624432 2.535568 3.784432 0.666673 10.657578 2.664395 2.000000 1.000000 1.000000 0.500000 0.000000 0.000000 1 
3833 3.161000 2.369567 11.639677 1.120037 1.120037 -1.249530 -0.624765 2.536235 3.785765 0.666673 10.662912 2.665728 2.000000 1.000000 1.000000 0.500000 0.000000 0.000000 1 
3834 3.162000 2.370233 11.650340 1.120037 1.120037 -1.250196 -0.625098 2.536902 3.787098 0.666673 10.668245 2.667061 2.000000 1.000000 1.000000 0.500000 0.000000 0.000000 1 
3835 3.163000 2.370900 11.661008 1.120037 1.120037 -1.250863 -0.625432 2.537568 3.788432 0.666673 10.673578 2.668395 2.000000 1.000000 1.000000 0.500000 0.000000 0.000000 1 
3836 3.164000 2.371567 11.671681 1.120037 1.120037 -1.251530 -0.625765 2.538235 3.789765 0.666673 10.678912 2.669728 2.000000 1.000000 1.000000 0.500000 0.000000 0.000000 1 
3837 3.165000 2.372233 11.682360 1.120037 1.120037 -1.252196 -0.626098 2.538902 3.791098 0.666673 10.684245 2.671061 2.000000 1.000000 1.000000 0.500000 0.000000 0.000000 1 
3838 3.166000 2.372900 11.693045 1.120037 1.120037 -1.252863 -0.626432 2.539568 3.792432 0.666673 10.689578 2.672395 2.000000 1.000000 1.000000 0.500000 0.000000 0.000000 1 
3839 3.167000 2.373567 11.703734 1.120037 1.120037 -1.253530 -0.626765 2.540235 3.793765 0.666673 10.694912 2.673728 2.000000 1.000000 1.000000 0.500000 0.000000 0.000000 1 
3840 3.168000 2.374233 11.714429 1.120037 1.120037 -1.254196 -0.627098 2.540902 3.795098 0.666673 10.700245 2.675061 2.000000 1.000000 1.000000 0.500000 0.000000 0.000000 1 
3841 3.169000 2.374900 11.725129 1.120037 1.120037 -1.254863 -0.627432 2.541568 3.796432 0.666673 10.705578 2.676395 2.000000 1.000000 1.000000 0.500000 0.000000 0.000000 1 
3842 3.170000 2.375567 11.735835 1.120037 1.120037 -1.255530 -0.627765 2.542235 3.797765 0.666673 10.710912 2.677728 2.000000 1.000000 1.000000 0.500000 0.000000 0.000000 1 
3843 3.171000 2.376234 11.746546 1.120037 1.120037 -1.256197 -0.628098 2.542902 3.799098 0.666673 10.716245 2.679061 2.000000 1.000000 1.000000 0.500000 0.000000 0.000000 1 
3844 3.172000 2.376900 11.757262 1.120037 1.120037 -1.256863 -0.628432 2.543568 3.800432 0.666673 10.721578 2.680395 2.000000 1.000000 1.000000 0.500000 0.000000 0.000000 1 
3845 3.173000 2.377567 11.767984 1.120037 1.120037 -1.257530 -0.628765 2.544235 3.801765 0.666673 10.726912 2.681728 2.000000 1.000000 1.000000 0.500000 0.000000 0.000000 1 
3846 3.174000 2.378234 11.778711 1.120037 1.120037 -1.258197 -0.629098 2.544902 3.803098 0.666673 10.732245 2.683061 2.000000 1.000000 1.000000 0.500000 0.000000 0.000000 1 
3847 3.175000 2.378900 11.789443 1.120037 1.120037 -1.258863 -0.629432 2.545568 3.804432 0.666673 10.737578 2.684395 2.000000 1.000000 1.000000 0.500000 0.000000 0.000000 1 
3848 3.176000 2.379567 11.800180 1.120037 1.120037 -1.259530 -0.629765 2.546235 3.805765 0.666673 10.742912 2.685728 2.000000 1.000000 1.000000 0.500000 0.000000 0.000000 1 
3849 3.177000 2.380234 11.810923 1.120037 1.120037 -1.260197 -0.630098 2.546902 3.807098 0.666673 10.748245 2.687061 2.000000 1.000000 1.000000 0.500000 0.000000 0.000000 1 
3850 3.178000 2.380900 11.821672 1.120037 1.120037 -1.260863 -0.630432 2.547568 3.808432 0.666673 10.753578 2.688395 2.000000 1.000000 1.000000 0.500000 0.000000 0.000000 1 
3851 3.179000 2.381567 11.832425 1.120037 1.120037 -1.261530 -0.630765 2.548235 3.809765 0.666673 10.758912 2.689728 2.000000 1.000000 1.000000 0.500000 0.000000 0.000000 1 
3852 3.180000 2.382234 11.843184 1.120037 1.120037 -1.262197 -0.631098 2.548902 3.811098 0.666673 10.764245 2.691061 2.000000 1.000000 1.000000 0.500000 0.000000 0.000000 1 
3853 3.181000 2.382900 11.853948 1.120037 1.120037 -1.262863 -0.631432 2.549568 3.812432 0.666673 10.769578 2.692395 2.000000 1.000000 1.000000 0.500000 0.000000 0.000000 1 
3854 3.182000 2.383567 11.864718 1.120037 1.120037 -1.263530 -0.631765 2.550235 3.813765 0.666673 10.774912 2.693728 2.000000 1.000000 1.000000 0.500000 0.000000 0.000000 1 
3855 3.183000 2.384234 11.875493 1.120037 1.120037 -1.264197 -0.632098 2.550902 3.815098 0.666673 10.780245 2.695061 2.000000 1.000000 1.000000 0.500000 0.000000 0.000000 1 
3856 3.184000 2.384900 11.886273 1.120037 1.120037 -1.264863 -0.632432 2.551568 3.816432 0.666673 10.785578 2.696395 2.000000 1.000000 1.000000 0.500000 0.000000 0.000000 1 
3857 3.185000 2.385567 11.897059 1.120037 1.120037 -1.265530 -0.632765 2.552235 3.817765 0.666672 10.790912 2.697728 2.000000 1.000000 1.000000 0.500000 0.000000 0.000000 1 
3858 3.186000 2.386234 11.907850 1.120037 1.120037 -1.266197 -0.633098 2.552902 3.819098 0.666672 10.796245 2.699061 2.000000 1.000000 1.000000 0.500000 0.000000 0.000000 1 
3859 3.187000 2.386900 11.918646 1.120037 1.120037 -1.266863 -0.633432 2.553568 3.820432 0.666672 10.801579 2.700395 2.000000 1.000000 1.000000 0.500000 0.000000 0.000000 1 
3860 3.188000 2.387567 11.929447 1.120037 1.120037 -1.267530 -0.633765 2.554235 3.821765 0.666672 10.806912 2.701728 2.000000 1.000000 1.000000 0.500000 0.000000 0.000000 1 
3861 3.189000 2.388234 11.940254 1.120037 1.120037 -1.268197 -0.634098 2.554902 3.823098 0.666672 10.812245 2.703061 2.000000 1.000000 1.000000 0.500000 0.000000 0.000000 1 
3862 3.190000 2.388900 11.951067 1.120037 1.120037 -1.268863 -0.634432 2.555568 3.824432 0.666672 10.817579 2.704395 2.000000 1.000000 1.000000 0.500000 0.000000 0.000000 1 
3863 3.191000 2.389567 11.961884 1.120037 1.120037 -1.269530 -0.634765 2.556235 3.825765 0.666672 10.822912 2.705728 2.000000 1.000000 1.000000 0.500000 0.000000 0.000000 1 
3864 3.192000 2.390234 11.972707 1.120037 1.120037 -1.270197 -0.635098 2.556902 3.827098 0.666672 10.828245 2.707061 2.000000 1.000000 1.000000 0.500000 0.000000 0.000000 1 
3865 3.193000 2.390900 11.983535 1.120037 1.120037 -1.270863 -0.635432 2.557568 3.828432 0.666672 10.833579 2.708395 2.000000 1.000000 1.000000 0.500000 0.000000 0.000000 1 
3866 3.194000 2.391567 11.994369 1.120037 1.120037 -1.271530 -0.635765 2.558235 3.829765 0.666672 10.838912 2.709728 2.000000 1.000000 1.000000 0.500000 0.000000 0.000000 1 
3867 3.195000 2.392234 12.005208 1.120037 1.120037 -1.272197 -0.636098 2.558902 3.831098 0.666672 10.844245 2.711061 2.000000 1.000000 1.000000 0.500000 0.000000 0.000000 1 
3868 3.196000 2.392900 12.016052 1.120037 1.120037 -1.272863 -0.636432 2.559568 3.832432 0.666672 10.849579 2.712395 2.000000 1.000000 1.000000 0.500000 0.000000 0.000000 1 
3869 3.197000 2.393567 12.026902 1.120037 1.120037 -1.273530 -0.636765 2.560235 3.833765 0.666672 10.854912 2.713728 2.000000 1.000000 1.000000 0.500000 0.000000 0.000000 1 
3870 3.198000 2.394234 12.037756 1.120037 1.120037 -1.274197 -0.637098 2.560902 3.835098 0.666672 10.860245 2.715061 2.000000 1.000000 1.000000 0.500000 0.000000 0.000000 1 
3871 3.199000 2.394900 12.048617 1.120037 1.120037 -1.274863 -0.637432 2.561568 3.836432 0.666672 10.865579 2.716395 2.000000 1.000000 1.000000 0.500000 0.000000 0.000000 1 
3872 3.200000 2.395567 12.059482 1.120037 1.120037 -1.275530 -0.637765 2.562235 3.837765 0.666672 10.870912 2.717728 2.000000 1.000000 1.000000 0.500000 0.000000 0.000000 1 
3873 3.201000 2.396234 12.070353 1.120037 1.120037 -1.276197 -0.638098 2.562902 3.839098 0.666672 10.876245 2.719061 2.000000 1.000000 1.000000 0.500000 0.000000 0.000000 1 
3874 3.202000 2.396900 12.081229 1.120037 1.120037 -1.276863 -0.638432 2.563568 3.840432 0.666672 10.881579 2.720395 2.000000 1.000000 1.000000 0.500000 0.000000 0.000000 1 
3875 3.203000 2.397567 12.092111 1.120037 1.120037 -1.277530 -0.638765 2.564235 3.841765 0.666672 10.886912 2.721728 2.000000 1.000000 1.000000 0.500000 0.000000 0.000000 1 
3876 3.204000 2.398234 12.102998 1.120037 1.120037 -1.278197 -0.639098 2.564902 3.843098 0.666672 10.892245 2.723061 2.000000 1.000000 1.000000 0.500000 0.000000 0.000000 1 
3877 3.205000 2.398900 12.113890 1.120037 1.120037 -1.278863 -0.639432 2.565568 3.844432 0.666672 10.897579 2.724395 2.000000 1.000000 1.000000 0.500000 0.000000 0.000000 1 
3878 3.206000 2.399567 12.124788 1.120037 1.120037 -1.279530 -0.639765 2.566235 3.845765 0.666672 10.902912 2.725728 2.000000 1.000000 1.000000 0.500000 0.000000 0.000000 1 
3879 3.207000 2.400234 12.135691 1.120037 1.120037 -1.280197 -0.640098 2.566902 3.847098 0.666672 10.908245 2.727061 2.000000 1.000000 1.000000 0.500000 0.000000 0.000000 1 
3880 3.208000 2.400900 12.146599 1.120037 1.120037 -1.280863 -0.640432 2.567568 3.848432 0.666672 10.913579 2.728395 2.000000 1.000000 1.000000 0.500000 0.000000 0.000000 1 
3881 3.209000 2.401567 12.157513 1.120037 1.120037 -1.281530 -0.640765 2.568235 3.849765 0.666672 10.918912 2.729728 2.000000 1.000000 1.000000 0.500000 0.000000 0.000000 1 
3882 3.210000 2.402234 12.168431 1.120037 1.120037 -1.282197 -0.641098 2.568902 3.851098 0.666672 10.924245 2.731061 2.000000 1.000000 1.000000 0.500000 0.000000 0.000000 1 
3883 3.211000 2.402900 12.179356 1.120037 1.120037 -1.282863 -0.641432 2.569568 3.852432 0.666672 10.929579 2.732395 2.000000 1.000000 1.000000 0.500000 0.000000 0.000000 1 
3884 3.212000 2.403567 12.190285 1.120037 1.120037 -1.283530 -0.641765 2.570235 3.853765 0.666672 10.934912 2.733728 2.000000 1.000000 1.000000 0.500000 0.000000 0.000000 1 
3885 3.213000 2.404234 12.201220 1.120037 1.120037 -1.284197 -0.642098 2.570902 3.855098 0.666672 10.940245 2.735061 2.000000 1.000000 1.000000 0.500000 0.000000 0.000000 1 
3886 3.214000 2.404900 12.212160 1.120037 1.120037 -1.284863 -0.642432 2.571568 3.856432 0.666672 10.945579 2.736395 2.000000 1.000000 1.000000 0.500000 0.000000 0.000000 1 
3887 3.215000 2.405567 12.223106 1.120037 1.120037 -1.285530 -0.642765 2.572235 3.857765 0.666672 10.950912 2.737728 2.000000 1.000000 1.000000 0.500000 0.000000 0.000000 1 
3888 3.216000 2.406234 12.234057 1.120037 1.120037 -1.286197 -0.643098 2.572902 3.859098 0.666671 10.956246 2.739061 2.000000 1.000000 1.000000 0.500000 0.000000 0.000000 1 
3889 3.217000 2.406900 12.245013 1.120037 1.120037 -1.286863 -0.643432 2.573568 3.860432 0.666671 10.961579 2.740395 2.000000 1.000000 1.000000 0.500000 0.000000 0.000000 1 
3890 3.218000 2.407567 12.255975 1.120037 1.120037 -1.287530 -0.643765 2.574235 3.861765 0.666671 10.966912 2.741728 2.000000 1.000000 1.000000 0.500000 0.000000 0.000000 1 
3891 3.219000 2.408234 12.266942 1.120037 1.120037 -1.288197 -0.644098 2.574902 3.863098 0.666671 10.972246 2.743061 2.000000 1.000000 1.000000 0.500000 0.000000 0.000000 1 
3892 3.220000 2.408900 12.277914 1.120037 1.120037 -1.288863 -0.644432 2.575568 3.864432 0.666671 10.977579 2.744395 2.000000 1.000000 1.000000 0.500000 0.000000 0.000000 1 
3893 3.221000 2.409567 12.288891 1.120037 1.120037 -1.289530 -0.644765 2.576235 3.865765 0.666671 10.982912 2.745728 2.000000 1.000000 1.000000 0.500000 0.000000 0.000000 1 
3894 3.222000 2.410234 12.299874 1.120037 1.120037 -1.290197 -0.645098 2.576902 3.867098 0.666671 10.988246 2.747061 2.000000 1.000000 1.000000 0.500000 0.000000 0.000000 1 
3895 3.223000 2.410900 12.310863 1.120037 1.120037 -1.290863 -0.645432 2.577568 3.868432 0.666671 10.993579 2.748395 2.000000 1.000000 1.000000 0.500000 0.000000 0.000000 1 
3896 3.224000 2.411567 12.321856 1.120037 1.120037 -1.291530 -0.645765 2.578235 3.869765 0.666671 10.998912 2.749728 2.000000 1.000000 1.000000 0.500000 0.000000 0.000000 1 
3897 3.225000 2.412234 12.332855 1.120037 1.120037 -1.292197 -0.646098 2.578902 3.871098 0.666671 11.004246 2.751061 2.000000 1.000000 1.000000 0.500000 0.000000 0.000000 1 
3898 3.226000 2.412900 12.343859 1.120037 1.120037 -1.292863 -0.646432 2.579568 3.872432 0.666671 11.009579 2.752395 2.000000 1.000000 1.000000 0.500000 0.000000 0.000000 1 
3899 3.227000 2.413567 12.354869 1.120037 1.120037 -1.293530 -0.646765 2.580235 3.873765 0.666671 11.014912 2.753728 2.000000 1.000000 1.000000 0.500000 0.000000 0.000000 1 
3900 3.228000 2.414234 12.365884 1.120037 1.120037 -1.294197 -0.647098 2.580902 3.875098 0.666671 11.020246 2.755061 2.000000 1.000000 1.000000 0.500000 0.000000 0.000000 1 
3901 3.229000 2.414900 12.376904 1.120037 1.120037 -1.294863 -0.647432 2.581568 3.876432 0.666671 11.025579 2.756395 2.000000 1.000000 1.000000 0.500000 0.000000 0.000000 1 
3902 3.230000 2.415567 12.387930 1.120037 1.120037 -1.295530 -0.647765 2.582235 3.877765 0.666671 11.030912 2.757728 2.000000 1.000000 1.000000 0.500000 0.000000 0.000000 1 
3903 3.231000 2.416234 12.398961 1.120037 1.120037 -1.296197 -0.648098 2.582902 3.879098 0.666671 11.036246 2.759061 2.000000 1.000000 1.000000 0.500000 0.000000 0.000000 1 
3904 3.232000 2.416900 12.409997 1.120037 1.120037 -1.296863 -0.648432 2.583568 3.880432 0.666671 11.041579 2.760395 2.000000 1.000000 1.000000 0.500000 0.000000 0.000000 1 
3905 3.233000 2.417567 12.421038 1.120037 1.120037 -1.297530 -0.648765 2.584235 3.881765 0.666671 11.046912 2.761728 2.000000 1.000000 1.000000 0.500000 0.000000 0.000000 1 
3906 3.234000 2.418234 12.432085 1.120037 1.120037 -1.298197 -0.649098 2.584902 3.883098 0.666671 11.052246 2.763061 2.000000 1.000000 1.000000 0.500000 0.000000 0.000000 1 
3907 3.235000 2.418901 12.443138 1.120037 1.120037 -1.298864 -0.649432 2.585568 3.884432 0.666671 11.057579 2.764395 2.000000 1.000000 1.000000 0.500000 0.000000 0.000000 1 
3908 3.236000 2.419567 12.454195 1.120037 1.120037 -1.299530 -0.649765 2.586235 3.885765 0.666671 11.062912 2.765728 2.000000 1.000000 1.000000 0.500000 0.000000 0.000000 1 
3909 3.237000 2.420234 12.465258 1.120037 1.120037 -1.300197 -0.650098 2.586902 3.887098 0.666671 11.068246 2.767061 2.000000 1.000000 1.000000 0.500000 0.000000 0.000000 1 
3910 3.238000 2.420901 12.476326 1.120037 1.120037 -1.300864 -0.650432 2.587568 3.888432 0.666671 11.073579 2.768395 2.000000 1.000000 1.000000 0.500000 0.000000 0.000000 1 
3911 3.239000 2.421567 12.487400 1.120037 1.120037 -1.301530 -0.650765 2.588235 3.889765 0.666671 11.078912 2.769728 2.000000 1.000000 1.000000 0.500000 0.000000 0.000000 1 
3912 3.240000 2.422234 12.498479 1.120037 1.120037 -1.302197 -0.651098 2.588902 3.891098 0.666671 11.084246 2.771061 2.000000 1.000000 1.000000 0.500000 0.000000 0.000000 1 
3913 3.241000 2.422901 12.509563 1.120037 1.120037 -1.302864 -0.651432 2.589568 3.892432 0.666671 11.089579 2.772395 2.000000 1.000000 1.000000 0.500000 0.000000 0.000000 1 
3914 3.242000 2.423567 12.520653 1.120037 1.120037 -1.303530 -0.651765 2.590235 3.893765 0.666671 11.094912 2.773728 2.000000 1.000000 1.000000 0.500000 0.000000 0.000000 1 
3915 3.243000 2.424234 12.531748 1.120037 1.120037 -1.304197 -0.652098 2.590902 3.895098 0.666671 11.100246 2.775061 2.000000 1.000000 1.000000 0.500000 0.000000 0.000000 1 
3916 3.244000 2.424901 12.542848 1.120037 1.120037 -1.304864 -0.652432 2.591568 3.896432 0.666671 11.105579 2.776395 2.000000 1.000000 1.000000 0.500000 0.000000 0.000000 1 
3917 3.245000 2.425567 12.553953 1.120037 1.120037 -1.305530 -0.652765 2.592235 3.897765 0.666671 11.110912 2.777728 2.000000 1.000000 1.000000 0.500000 0.000000 0.000000 1 
3918 3.246000 2.426234 12.565064 1.120037 1.120037 -1.306197 -0.653098 2.592902 3.899098 0.666671 11.116246 2.779061 2.000000 1.000000 1.000000 0.500000 0.000000 0.000000 1 
3919 3.247000 2.426901 12.576181 1.120037 1.120037 -1.306864 -0.653432 2.593568 3.900432 0.666671 11.121579 2.780395 2.000000 1.000000 1.000000 0.500000 0.000000 0.000000 1 
3920 3.248000 2.427567 12.587302 1.120037 1.120037 -1.307530 -0.653765 2.594235 3.901765 0.666671 11.126912 2.781728 2.000000 1.000000 1.000000 0.500000 0.000000 0.000000 1 
3921 3.249000 2.428234 12.598429 1.120037 1.120037 -1.308197 -0.654098 2.594902 3.903098 0.666671 11.132246 2.783061 2.000000 1.000000 1.000000 0.500000 0.000000 0.000000 1 
3922 3.250000 2.428901 12.609561 1.120037 1.120037 -1.308864 -0.654432 2.595568 3.904432 0.666671 11.137579 2.784395 2.000000 1.000000 1.000000 0.500000 0.000000 0.000000 1 
3923 3.251000 2.429567 12.620699 1.120037 1.120037 -1.309530 -0.654765 2.596235 3.905765 0.666671 11.142912 2.785728 2.000000 1.000000 1.000000 0.500000 0.000000 0.000000 1 
3924 3.252000 2.430234 12.631842 1.120037 1.120037 -1.310197 -0.655098 2.596902 3.907098 0.666671 11.148246 2.787061 2.000000 1.000000 1.000000 0.500000 0.000000 0.000000 1 
3925 3.253000 2.430901 12.642990 1.120037 1.120037 -1.310864 -0.655432 2.597568 3.908432 0.666671 11.153579 2.788395 2.000000 1.000000 1.000000 0.500000 0.000000 0.000000 1 
3926 3.254000 2.431567 12.654144 1.120037 1.120037 -1.311530 -0.655765 2.598235 3.909765 0.666671 11.158912 2.789728 2.000000 1.000000 1.000000 0.500000 0.000000 0.000000 1 
3927 3.255000 2.432234 12.665302 1.120037 1.120037 -1.312197 -0.656098 2.598902 3.911098 0.666670 11.164246 2.791061 2.000000 1.000000 1.000000 0.500000 0.000000 0.000000 1 
3928 3.256000 2.432901 12.676467 1.120037 1.120037 -1.312864 -0.656432 2.599568 3.912432 0.666670 11.169579 2.792395 2.000000 1.000000 1.000000 0.500000 0.000000 0.000000 1 
3929 3.257000 2.433567 12.687636 1.120037 1.120037 -1.313530 -0.656765 2.600235 3.913765 0.666670 11.174913 2.793728 2.000000 1.000000 1.000000 0.500000 0.000000 0.000000 1 
3930 3.258000 2.434234 12.698811 1.120037 1.120037 -1.314197 -0.657098 2.600902 3.915098 0.666670 11.180246 2.795061 2.000000 1.000000 1.000000 0.500000 0.000000 0.000000 1 
3931 3.259000 2.434901 12.709991 1.120037 1.120037 -1.314864 -0.657432 2.601568 3.916432 0.666670 11.185579 2.796395 2.000000 1.000000 1.000000 0.500000 0.000000 0.000000 1 
3932 3.260000 2.435567 12.721177 1.120037 1.120037 -1.315530 -0.657765 2.602235 3.917765 0.666670 11.190913 2.797728 2.000000 1.000000 1.000000 0.500000 0.000000 0.000000 1 
3933 3.261000 2.436234 12.732368 1.120037 1.120037 -1.316197 -0.658098 2.602902 3.919098 0.666670 11.196246 2.799061 2.000000 1.000000 1.000000 0.500000 0.000000 0.000000 1 
3934 3.262000 2.436901 12.743564 1.120037 1.120037 -1.316864 -0.658432 2.603568 3.920432 0.666670 11.201579 2.800395 2.000000 1.000000 1.000000 0.500000 0.000000 0.000000 1 
3935 3.263000 2.437567 12.754766 1.120037 1.120037 -1.317530 -0.658765 2.604235 3.921765 0.666670 11.206913 2.801728 2.000000 1.000000 1.000000 0.500000 0.000000 0.000000 1 
3936 3.264000 2.438234 12.765973 1.120037 1.120037 -1.318197 -0.659098 2.604902 3.923098 0.666670 11.212246 2.803061 2.000000 1.000000 1.000000 0.500000 0.000000 0.000000 1 
3937 3.265000 2.438901 12.777185 1.120037 1.120037 -1.318864 -0.659432 2.605568 3.924432 0.666670 11.217579 2.804395 2.000000 1.000000 1.000000 0.500000 0.000000 0.000000 1 
3938 3.266000 2.439567 12.788403 1.120037 1.120037 -1.319530 -0.659765 2.606235 3.925765 0.666670 11.222913 2.805728 2.000000 1.000000 1.000000 0.500000 0.000000 0.000000 1 
3939 3.267000 2.440234 12.799625 1.120037 1.120037 -1.320197 -0.660098 2.606902 3.927098 0.666670 11.228246 2.807061 2.000000 1.000000 1.000000 0.500000 0.000000 0.000000 1 
3940 3.268000 2.440901 12.810854 1.120037 1.120037 -1.320864 -0.660432 2.607568 3.928432 0.666670 11.233579 2.808395 2.000000 1.000000 1.000000 0.500000 0.000000 0.000000 1 
3941 3.269000 2.441567 12.822087 1.120037 1.120037 -1.321530 -0.660765 2.608235 3.929765 0.666670 11.238913 2.809728 2.000000 1.000000 1.000000 0.500000 0.000000 0.000000 1 
3942 3.270000 2.442234 12.833326 1.120037 1.120037 -1.322197 -0.661098 2.608902 3.931098 0.666670 11.244246 2.811061 2.000000 1.000000 1.000000 0.500000 0.000000 0.000000 1 
3943 3.271000 2.442901 12.844570 1.120037 1.120037 -1.322864 -0.661432 2.609568 3.932432 0.666670 11.249579 2.812395 2.000000 1.000000 1.000000 0.500000 0.000000 0.000000 1 
3944 3.272000 2.443567 12.855820 1.120037 1.120037 -1.323530 -0.661765 2.610235 3.933765 0.666670 11.254913 2.813728 2.000000 1.000000 1.000000 0.500000 0.000000 0.000000 1 
3945 3.273000 2.444234 12.867075 1.120037 1.120037 -1.324197 -0.662098 2.610902 3.935098 0.666670 11.260246 2.815061 2.000000 1.000000 1.000000 0.500000 0.000000 0.000000 1 
3946 3.274000 2.444901 12.878335 1.120037 1.120037 -1.324864 -0.662432 2.611568 3.936432 0.666670 11.265579 2.816395 2.000000 1.000000 1.000000 0.500000 0.000000 0.000000 1 
3947 3.275000 2.445567 12.889601 1.120037 1.120037 -1.325530 -0.662765 2.612235 3.937765 0.666670 11.270913 2.817728 2.000000 1.000000 1.000000 0.500000 0.000000 0.000000 1 
3948 3.276000 2.446234 12.900872 1.120037 1.120037 -1.326197 -0.663098 2.612902 3.939098 0.666670 11.276246 2.819061 2.000000 1.000000 1.000000 0.500000 0.000000 0.000000 1 
3949 3.277000 2.446901 12.912148 1.120037 1.120037 -1.326864 -0.663432 2.613568 3.940432 0.666670 11.281579 2.820395 2.000000 1.000000 1.000000 0.500000 0.000000 0.000000 1 
3950 3.278000 2.447567 12.923429 1.120037 1.120037 -1.327530 -0.663765 2.614235 3.941765 0.666670 11.286913 2.821728 2.000000 1.000000 1.000000 0.500000 0.000000 0.000000 1 
3951 3.279000 2.448234 12.934716 1.120037 1.120037 -1.328197 -0.664099 2.614901 3.943099 0.666670 11.292246 2.823062 2.000000 1.000000 1.000000 0.500000 0.000000 0.000000 1 
3952 3.280000 2.448901 12.946009 1.120037 1.120037 -1.328864 -0.664432 2.615568 3.944432 0.666670 11.297579 2.824395 2.000000 1.000000 1.000000 0.500000 0.000000 0.000000 1 
3953 3.281000 2.449567 12.957306 1.120037 1.120037 -1.329530 -0.664765 2.616235 3.945765 0.666670 11.302913 2.825728 2.000000 1.000000 1.000000 0.500000 0.000000 0.000000 1 
3954 3.282000 2.450234 12.968609 1.120037 1.120037 -1.330197 -0.665099 2.616901 3.947099 0.666670 11.308246 2.827062 2.000000 1.000000 1.000000 0.500000 0.000000 0.000000 1 
3955 3.283000 2.450901 12.979917 1.120037 1.120037 -1.330864 -0.665432 2.617568 3.948432 0.666670 11.313579 2.828395 2.000000 1.000000 1.000000 0.500000 0.000000 0.000000 1 
3956 3.284000 2.451567 12.991231 1.120037 1.120037 -1.331530 -0.665765 2.618235 3.949765 0.666670 11.318913 2.829728 2.000000 1.000000 1.000000 0.500000 0.000000 0.000000 1 
3957 3.285000 2.452234 13.002550 1.120037 1.120037 -1.332197 -0.666099 2.618901 3.951099 0.666670 11.324246 2.831062 2.000000 1.000000 1.000000 0.500000 0.000000 0.000000 1 
3958 3.286000 2.452901 13.013874 1.120037 1.120037 -1.332864 -0.666432 2.619568 3.952432 0.666670 11.329579 2.832395 2.000000 1.000000 1.000000 0.500000 0.000000 0.000000 1 
3959 3.287000 2.453567 13.025204 1.120037 1.120037 -1.333530 -0.666765 2.620235 3.953765 0.666670 11.334913 2.833728 2.000000 1.000000 1.000000 0.500000 0.000000 0.000000 1 
3960 3.288000 2.454234 13.036539 1.120037 1.120037 -1.334197 -0.667099 2.620901 3.955099 0.666670 11.340246 2.835062 2.000000 1.000000 1.000000 0.500000 0.000000 0.000000 1 
3961 3.289000 2.454901 13.047879 1.120037 1.120037 -1.334864 -0.667432 2.621568 3.956432 0.666670 11.345579 2.836395 2.000000 1.000000 1.000000 0.500000 0.000000 0.000000 1 
3962 3.290000 2.455567 13.059224 1.120037 1.120037 -1.335530 -0.667765 2.622235 3.957765 0.666670 11.350913 2.837728 2.000000 1.000000 1.000000 0.500000 0.000000 0.000000 1 
3963 3.291000 2.456234 13.070575 1.120037 1.120037 -1.336197 -0.668099 2.622901 3.959099 0.666670 11.356246 2.839062 2.000000 1.000000 1.000000 0.500000 0.000000 0.000000 1 
3964 3.292000 2.456901 13.081932 1.120037 1.120037 -1.336864 -0.668432 2.623568 3.960432 0.666670 11.361579 2.840395 2.000000 1.000000 1.000000 0.500000 0.000000 0.000000 1 
3965 3.293000 2.457567 13.093293 1.120037 1.120037 -1.337530 -0.668765 2.624235 3.961765 0.666670 11.366913 2.841728 2.000000 1.000000 1.000000 0.500000 0.000000 0.000000 1 
3966 3.294000 2.458234 13.104660 1.120037 1.120037 -1.338197 -0.669099 2.624901 3.963099 0.666670 11.372246 2.843062 2.000000 1.000000 1.000000 0.500000 0.000000 0.000000 1 
3967 3.295000 2.458901 13.116032 1.120037 1.120037 -1.338864 -0.669432 2.625568 3.964432 0.666670 11.377579 2.844395 2.000000 1.000000 1.000000 0.500000 0.000000 0.000000 1 
3968 3.296000 2.459567 13.127410 1.120037 1.120037 -1.339530 -0.669765 2.626235 3.965765 0.666670 11.382913 2.845728 2.000000 1.000000 1.000000 0.500000 0.000000 0.000000 1 
3969 3.297000 2.460234 13.138793 1.120037 1.120037 -1.340197 -0.670099 2.626901 3.967099 0.666670 11.388246 2.847062 2.000000 1.000000 1.000000 0.500000 0.000000 0.000000 1 
3970 3.298000 2.460901 13.150181 1.120037 1.120037 -1.340864 -0.670432 2.627568 3.968432 0.666670 11.393579 2.848395 2.000000 1.000000 1.000000 0.500000 0.000000 0.000000 1 
3971 3.299000 2.461567 13.161575 1.120037 1.120037 -1.341530 -0.670765 2.628235 3.969765 0.666670 11.398913 2.849728 2.000000 1.000000 1.000000 0.500000 0.000000 0.000000 1 
3972 3.300000 2.462234 13.172974 1.120037 1.120037 -1.342197 -0.671099 2.628901 3.971099 0.666670 11.404246 2.851062 2.000000 1.000000 1.000000 0.500000 0.000000 0.000000 1 
3973 3.301000 2.462901 13.184378 1.120037 1.120037 -1.342864 -0.671432 2.629568 3.972432 0.666670 11.409579 2.852395 2.000000 1.000000 1.000000 0.500000 0.000000 0.000000 1 
3974 3.302000 2.463567 13.195787 1.120037 1.120037 -1.343530 -0.671765 2.630235 3.973765 0.666670 11.414913 2.853728 2.000000 1.000000 1.000000 0.500000 0.000000 0.000000 1 
3975 3.303000 2.464234 13.207202 1.120037 1.120037 -1.344197 -0.672099 2.630901 3.975099 0.666670 11.420246 2.855062 2.000000 1.000000 1.000000 0.500000 0.000000 0.000000 1 
3976 3.304000 2.464901 13.218623 1.120037 1.120037 -1.344864 -0.672432 2.631568 3.976432 0.666670 11.425579 2.856395 2.000000 1.000000 1.000000 0.500000 0.000000 0.000000 1 
3977 3.305000 2.465567 13.230048 1.120037 1.120037 -1.345530 -0.672765 2.632235 3.977765 0.666669 11.430913 2.857728 2.000000 1.000000 1.000000 0.500000 0.000000 0.000000 1 
3978 3.306000 2.466234 13.241479 1.120037 1.120037 -1.346197 -0.673099 2.632901 3.979099 0.666669 11.436246 2.859062 2.000000 1.000000 1.000000 0.500000 0.000000 0.000000 1 
3979 3.307000 2.466901 13.252915 1.120037 1.120037 -1.346864 -0.673432 2.633568 3.980432 0.666669 11.441580 2.860395 2.000000 1.000000 1.000000 0.500000 0.000000 0.000000 1 
3980 3.308000 2.467567 13.264357 1.120037 1.120037 -1.347530 -0.673765 2.634235 3.981765 0.666669 11.446913 2.861728 2.000000 1.000000 1.000000 0.500000 0.000000 0.000000 1 
3981 3.309000 2.468234 13.275804 1.120037 1.120037 -1.348197 -0.674099 2.634901 3.983099 0.666669 11.452246 2.863062 2.000000 1.000000 1.000000 0.500000 0.000000 0.000000 1 
3982 3.310000 2.468901 13.287256 1.120037 1.120037 -1.348864 -0.674432 2.635568 3.984432 0.666669 11.457580 2.864395 2.000000 1.000000 1.000000 0.500000 0.000000 0.000000 1 
3983 3.311000 2.469567 13.298714 1.120037 1.120037 -1.349530 -0.674765 2.636235 3.985765 0.666669 11.462913 2.865728 2.000000 1.000000 1.000000 0.500000 0.000000 0.000000 1 
3984 3.312000 2.470234 13.310177 1.120037 1.120037 -1.350197 -0.675099 2.636901 3.987099 0.666669 11.468246 2.867062 2.000000 1.000000 1.000000 0.500000 0.000000 0.000000 1 
3985 3.313000 2.470901 13.321645 1.120037 1.120037 -1.350864 -0.675432 2.637568 3.988432 0.666669 11.473580 2.868395 2.000000 1.000000 1.000000 0.500000 0.000000 0.000000 1 
3986 3.314000 2.471567 13.333118 1.120037 1.120037 -1.351530 -0.675765 2.638235 3.989765 0.666669 11.478913 2.869728 2.000000 1.000000 1.000000 0.500000 0.000000 0.000000 1 
3987 3.315000 2.472234 13.344597 1.120037 1.120037 -1.352197 -0.676099 2.638901 3.991099 0.666669 11.484246 2.871062 2.000000 1.000000 1.000000 0.500000 0.000000 0.000000 1 
3988 3.316000 2.472901 13.356081 1.120037 1.120037 -1.352864 -0.676432 2.639568 3.992432 0.666669 11.489580 2.872395 2.000000 1.000000 1.000000 0.500000 0.000000 0.000000 1 
3989 3.317000 2.473567 13.367571 1.120037 1.120037 -1.353530 -0.676765 2.640235 3.993765 0.666669 11.494913 2.873728 2.000000 1.000000 1.000000 0.500000 0.000000 0.000000 1 
3990 3.318000 2.474234 13.379066 1.120037 1.120037 -1.354197 -0.677099 2.640901 3.995099 0.666669 11.500246 2.875062 2.000000 1.000000 1.000000 0.500000 0.000000 0.000000 1 
3991 3.319000 2.474901 13.390566 1.120037 1.120037 -1.354864 -0.677432 2.641568 3.996432 0.666669 11.505580 2.876395 2.000000 1.000000 1.000000 0.500000 0.000000 0.000000 1 
3992 3.320000 2.475567 13.402072 1.120037 1.120037 -1.355530 -0.677765 2.642235 3.997765 0.666669 11.510913 2.877728 2.000000 1.000000 1.000000 0.500000 0.000000 0.000000 1 
3993 3.321000 2.476234 13.413583 1.120037 1.120037 -1.356197 -0.678099 2.642901 3.999099 0.666669 11.516246 2.879062 2.000000 1.000000 1.000000 0.500000 0.000000 0.000000 1 
3994 3.322000 2.476901 13.425099 1.120037 1.120037 -1.356864 -0.678432 2.643568 4.000432 0.666669 11.521580 2.880395 2.000000 1.000000 1.000000 0.500000 0.000000 0.000000 1 
3995 3.323000 2.477567 13.436621 1.120037 1.120037 -1.357530 -0.678765 2.644235 4.001765 0.666669 11.526913 2.881728 2.000000 1.000000 1.000000 0.500000 0.000000 0.000000 1 
3996 3.324000 2.478234 13.448147 1.120037 1.120037 -1.358197 -0.679099 2.644901 4.003099 0.666669 11.532246 2.883062 2.000000 1.000000 1.000000 0.500000 0.000000 0.000000 1 
3997 3.325000 2.478901 13.459680 1.120037 1.120037 -1.358864 -0.679432 2.645568 4.004432 0.666669 11.537580 2.884395 2.000000 1.000000 1.000000 0.500000 0.000000 0.000000 1 
3998 3.326000 2.479567 13.471217 1.120037 1.120037 -1.359530 -0.679765 2.646235 4.005765 0.666669 11.542913 2.885728 2.000000 1.000000 1.000000 0.500000 0.000000 0.000000 1 
3999 3.327000 2.480234 13.482760 1.120037 1.120037 -1.360197 -0.680099 2.646901 4.007099 0.666669 11.548246 2.887062 2.000000 1.000000 1.000000 0.500000 0.000000 0.000000 1 
4000 3.328000 2.480901 13.494308 1.120037 1.120037 -1.360864 -0.680432 2.647568 4.008432 0.666669 11.553580 2.888395 2.000000 1.000000 1.000000 0.500000 0.000000 0.000000 1 
4001 3.329000 2.481567 13.505862 1.120037 1.120037 -1.361530 -0.680765 2.648235 4.009765 0.666669 11.558913 2.889728 2.000000 1.000000 1.000000 0.500000 0.000000 0.000000 1 
4002 3.330000 2.482234 13.517421 1.120037 1.120037 -1.362197 -0.681099 2.648901 4.011099 0.666669 11.564246 2.891062 2.000000 1.000000 1.000000 0.500000 0.000000 0.000000 1 
4003 3.331000 2.482901 13.528985 1.120037 1.120037 -1.362864 -0.681432 2.649568 4.012432 0.666669 11.569580 2.892395 2.000000 1.000000 1.000000 0.500000 0.000000 0.000000 1 
4004 3.332000 2.483567 13.540555 1.120037 1.120037 -1.363530 -0.681765 2.650235 4.013765 0.666669 11.574913 2.893728 2.000000 1.000000 1.000000 0.500000 0.000000 0.000000 1 
4005 3.333000 2.484234 13.552130 1.120037 1.120037 -1.364197 -0.682099 2.650901 4.015099 0.666669 11.580246 2.895062 2.000000 1.000000 1.000000 0.500000 0.000000 0.000000 1 
4006 3.334000 2.484901 13.563710 1.120037 1.120037 -1.364864 -0.682432 2.651568 4.016432 0.666669 11.585580 2.896395 2.000000 1.000000 1.000000 0.500000 0.000000 0.000000 1 
4007 3.335000 2.485567 13.575296 1.120037 1.120037 -1.365530 -0.682765 2.652235 4.017765 0.666669 11.590913 2.897728 2.000000 1.000000 1.000000 0.500000 0.000000 0.000000 1 
4008 3.336000 2.486234 13.586886 1.120037 1.120037 -1.366197 -0.683099 2.652901 4.019099 0.666669 11.596246 2.899062 2.000000 1.000000 1.000000 0.500000 0.000000 0.000000 1 
4009 3.337000 2.486901 13.598483 1.120037 1.120037 -1.366864 -0.683432 2.653568 4.020432 0.666669 11.601580 2.900395 2.000000 1.000000 1.000000 0.500000 0.000000 0.000000 1 
4010 3.338000 2.487568 13.610084 1.120037 1.120037 -1.367531 -0.683765 2.654235 4.021765 0.666669 11.606913 2.901728 2.000000 1.000000 1.000000 0.500000 0.000000 0.000000 1 
4011 3.339000 2.488234 13.621691 1.120037 1.120037 -1.368197 -0.684099 2.654901 4.023099 0.666669 11.612246 2.903062 2.000000 1.000000 1.000000 0.500000 0.000000 0.000000 1 
4012 3.340000 2.488901 13.633303 1.120037 1.120037 -1.368864 -0.684432 2.655568 4.024432 0.666669 11.617580 2.904395 2.000000 1.000000 1.000000 0.500000 0.000000 0.000000 1 
4013 3.341000 2.489568 13.644921 1.120037 1.120037 -1.369531 -0.684765 2.656235 4.025765 0.666669 11.622913 2.905728 2.000000 1.000000 1.000000 0.500000 0.000000 0.000000 1 
4014 3.342000 2.490234 13.656544 1.120037 1.120037 -1.370197 -0.685099 2.656901 4.027099 0.666669 11.628246 2.907062 2.000000 1.000000 1.000000 0.500000 0.000000 0.000000 1 
4015 3.343000 2.490901 13.668172 1.120037 1.120037 -1.370864 -0.685432 2.657568 4.028432 0.666669 11.633580 2.908395 2.000000 1.000000 1.000000 0.500000 0.000000 0.000000 1 
4016 3.344000 2.491568 13.679806 1.120037 1.120037 -1.371531 -0.685765 2.658235 4.029765 0.666669 11.638913 2.909728 2.000000 1.000000 1.000000 0.500000 0.000000 0.000000 1 
4017 3.345000 2.492234 13.691445 1.120037 1.120037 -1.372197 -0.686099 2.658901 4.031099 0.666669 11.644246 2.911062 2.000000 1.000000 1.000000 0.500000 0.000000 0.000000 1 
4018 3.346000 2.492901 13.703089 1.120037 1.120037 -1.372864 -0.686432 2.659568 4.032432 0.666669 11.649580 2.912395 2.000000 1.000000 1.000000 0.500000 0.000000 0.000000 1 
4019 3.347000 2.493568 13.714738 1.120037 1.120037 -1.373531 -0.686765 2.660235 4.033765 0.666669 11.654913 2.913728 2.000000 1.000000 1.000000 0.500000 0.000000 0.000000 1 
4020 3.348000 2.494234 13.726393 1.120037 1.120037 -1.374197 -0.687099 2.660901 4.035099 0.666669 11.660246 2.915062 2.000000 1.000000 1.000000 0.500000 0.000000 0.000000 1 
4021 3.349000 2.494901 13.738054 1.120037 1.120037 -1.374864 -0.687432 2.661568 4.036432 0.666669 11.665580 2.916395 2.000000 1.000000 1.000000 0.500000 0.000000 0.000000 1 
4022 3.350000 2.495568 13.749719 1.120037 1.120037 -1.375531 -0.687765 2.662235 4.037765 0.666669 11.670913 2.917728 2.000000 1.000000 1.000000 0.500000 0.000000 0.000000 1 
4023 3.351000 2.496234 13.761390 1.120037 1.120037 -1.376197 -0.688099 2.662901 4.039099 0.666669 11.676246 2.919062 2.000000 1.000000 1.000000 0.500000 0.000000 0.000000 1 
4024 3.352000 2.496901 13.773066 1.120037 1.120037 -1.376864 -0.688432 2.663568 4.040432 0.666669 11.681580 2.920395 2.000000 1.000000 1.000000 0.500000 0.000000 0.000000 1 
4025 3.353000 2.497568 13.784748 1.120037 1.120037 -1.377531 -0.688765 2.664235 4.041765 0.666669 11.686913 2.921728 2.000000 1.000000 1.000000 0.500000 0.000000 0.000000 1 
4026 3.354000 2.498234 13.796435 1.120037 1.120037 -1.378197 -0.689099 2.664901 4.043099 0.666669 11.692246 2.923062 2.000000 1.000000 1.000000 0.500000 0.000000 0.000000 1 
4027 3.355000 2.498901 13.808127 1.120037 1.120037 -1.378864 -0.689432 2.665568 4.044432 0.666669 11.697580 2.924395 2.000000 1.000000 1.000000 0.500000 0.000000 0.000000 1 
4028 3.356000 2.499568 13.819825 1.120037 1.120037 -1.379531 -0.689765 2.666235 4.045765 0.666669 11.702913 2.925728 2.000000 1.000000 1.000000 0.500000 0.000000 0.000000 1 
4029 3.357000 2.500234 13.831528 1.120037 1.120037 -1.380197 -0.690099 2.666901 4.047099 0.666669 11.708246 2.927062 2.000000 1.000000 1.000000 0.500000 0.000000 0.000000 1 
4030 3.358000 2.500901 13.843236 1.120037 1.120037 -1.380864 -0.690432 2.667568 4.048432 0.666669 11.713580 2.928395 2.000000 1.000000 1.000000 0.500000 0.000000 0.000000 1 
4031 3.359000 2.501568 13.854949 1.120037 1.120037 -1.381531 -0.690765 2.668235 4.049765 0.666669 11.718913 2.929728 2.000000 1.000000 1.000000 0.500000 0.000000 0.000000 1 
4032 3.360000 2.502234 13.866668 1.120037 1.120037 -1.382197 -0.691099 2.668901 4.051099 0.666669 11.724246 2.931062 2.000000 1.000000 1.000000 0.500000 0.000000 0.000000 1 
4033 3.361000 2.502901 13.878393 1.120037 1.120037 -1.382864 -0.691432 2.669568 4.052432 0.666669 11.729580 2.932395 2.000000 1.000000 1.000000 0.500000 0.000000 0.000000 1 
4034 3.362000 2.503568 13.890122 1.120037 1.120037 -1.383531 -0.691765 2.670235 4.053765 0.666669 11.734913 2.933728 2.000000 1.000000 1.000000 0.500000 0.000000 0.000000 1 
4035 3.363000 2.504234 13.901857 1.120037 1.120037 -1.384197 -0.692099 2.670901 4.055099 0.666669 11.740246 2.935062 2.000000 1.000000 1.000000 0.500000 0.000000 0.000000 1 
4036 3.364000 2.504901 13.913597 1.120037 1.120037 -1.384864 -0.692432 2.671568 4.056432 0.666669 11.745580 2.936395 2.000000 1.000000 1.000000 0.500000 0.000000 0.000000 1 
4037 3.365000 2.505568 13.925343 1.120037 1.120037 -1.385531 -0.692765 2.672235 4.057765 0.666669 11.750913 2.937728 2.000000 1.000000 1.000000 0.500000 0.000000 0.000000 1 
4038 3.366000 2.506234 13.937094 1.120037 1.120037 -1.386197 -0.693099 2.672901 4.059099 0.666669 11.756246 2.939062 2.000000 1.000000 1.000000 0.500000 0.000000 0.000000 1 
4039 3.367000 2.506901 13.948850 1.120037 1.120037 -1.386864 -0.693432 2.673568 4.060432 0.666669 11.761580 2.940395 2.000000 1.000000 1.000000 0.500000 0.000000 0.000000 1 
4040 3.368000 2.507568 13.960612 1.120037 1.120037 -1.387531 -0.693765 2.674235 4.061765 0.666669 11.766913 2.941728 2.000000 1.000000 1.000000 0.500000 0.000000 0.000000 1 
4041 3.369000 2.508234 13.972379 1.120037 1.120037 -1.388197 -0.694099 2.674901 4.063099 0.666669 11.772246 2.943062 2.000000 1.000000 1.000000 0.500000 0.000000 0.000000 1 
4042 3.370000 2.508901 13.984151 1.120037 1.120037 -1.388864 -0.694432 2.675568 4.064432 0.666669 11.777580 2.944395 2.000000 1.000000 1.000000 0.500000 0.000000 0.000000 1 
4043 3.371000 2.509568 13.995928 1.120037 1.120037 -1.389531 -0.694765 2.676235 4.065765 0.666669 11.782913 2.945728 2.000000 1.000000 1.000000 0.500000 0.000000 0.000000 1 
4044 3.372000 2.510234 14.007711 1.120037 1.120037 -1.390197 -0.695099 2.676901 4.067099 0.666669 11.788246 2.947062 2.000000 1.000000 1.000000 0.500000 0.000000 0.000000 1 
4045 3.373000 2.510901 14.019500 1.120037 1.120037 -1.390864 -0.695432 2.677568 4.068432 0.666669 11.793580 2.948395 2.000000 1.000000 1.000000 0.500000 0.000000 0.000000 1 
4046 3.374000 2.511568 14.031293 1.120037 1.120037 -1.391531 -0.695765 2.678235 4.069765 0.666669 11.798913 2.949728 2.000000 1.000000 1.000000 0.500000 0.000000 0.000000 1 
4047 3.375000 2.512234 14.043092 1.120037 1.120037 -1.392197 -0.696099 2.678901 4.071099 0.666669 11.804246 2.951062 2.000000 1.000000 1.000000 0.500000 0.000000 0.000000 1 
4048 3.376000 2.512901 14.054896 1.120037 1.120037 -1.392864 -0.696432 2.679568 4.072432 0.666669 11.809580 2.952395 2.000000 1.000000 1.000000 0.500000 0.000000 0.000000 1 
4049 3.377000 2.513568 14.066706 1.120037 1.120037 -1.393531 -0.696765 2.680235 4.073765 0.666668 11.814913 2.953728 2.000000 1.000000 1.000000 0.500000 0.000000 0.000000 1 
4050 3.378000 2.514234 14.078521 1.120037 1.120037 -1.394197 -0.697099 2.680901 4.075099 0.666668 11.820247 2.955062 2.000000 1.000000 1.000000 0.500000 0.000000 0.000000 1 
4051 3.379000 2.514901 14.090341 1.120037 1.120037 -1.394864 -0.697432 2.681568 4.076432 0.666668 11.825580 2.956395 2.000000 1.000000 1.000000 0.500000 0.000000 0.000000 1 
4052 3.380000 2.515568 14.102167 1.120037 1.120037 -1.395531 -0.697765 2.682235 4.077765 0.666668 11.830913 2.957728 2.000000 1.000000 1.000000 0.500000 0.000000 0.000000 1 
4053 3.381000 2.516234 14.113998 1.120037 1.120037 -1.396197 -0.698099 2.682901 4.079099 0.666668 11.836247 2.959062 2.000000 1.000000 1.000000 0.500000 0.000000 0.000000 1 
4054 3.382000 2.516901 14.125834 1.120037 1.120037 -1.396864 -0.698432 2.683568 4.080432 0.666668 11.841580 2.960395 2.000000 1.000000 1.000000 0.500000 0.000000 0.000000 1 
4055 3.383000 2.517568 14.137675 1.120037 1.120037 -1.397531 -0.698765 2.684235 4.081765 0.666668 11.846913 2.961728 2.000000 1.000000 1.000000 0.500000 0.000000 0.000000 1 
4056 3.384000 2.518234 14.149522 1.120037 1.120037 -1.398197 -0.699099 2.684901 4.083099 0.666668 11.852247 2.963062 2.000000 1.000000 1.000000 0.500000 0.000000 0.000000 1 
4057 3.385000 2.518901 14.161374 1.120037 1.120037 -1.398864 -0.699432 2.685568 4.084432 0.666668 11.857580 2.964395 2.000000 1.000000 1.000000 0.500000 0.000000 0.000000 1 
4058 3.386000 2.519568 14.173232 1.120037 1.120037 -1.399531 -0.699765 2.686235 4.085765 0.666668 11.862913 2.965728 2.000000 1.000000 1.000000 0.500000 0.000000 0.000000 1 
4059 3.387000 2.520234 14.185095 1.120037 1.120037 -1.400197 -0.700099 2.686901 4.087099 0.666668 11.868247 2.967062 2.000000 1.000000 1.000000 0.500000 0.000000 0.000000 1 
4060 3.388000 2.520901 14.196963 1.120037 1.120037 -1.400864 -0.700432 2.687568 4.088432 0.666668 11.873580 2.968395 2.000000 1.000000 1.000000 0.500000 0.000000 0.000000 1 
4061 3.389000 2.521568 14.208837 1.120037 1.120037 -1.401531 -0.700765 2.688235 4.089765 0.666668 11.878913 2.969728 2.000000 1.000000 1.000000 0.500000 0.000000 0.000000 1 
4062 3.390000 2.522234 14.220716 1.120037 1.120037 -1.402197 -0.701099 2.688901 4.091099 0.666668 11.884247 2.971062 2.000000 1.000000 1.000000 0.500000 0.000000 0.000000 1 
4063 3.391000 2.522901 14.232600 1.120037 1.120037 -1.402864 -0.701432 2.689568 4.092432 0.666668 11.889580 2.972395 2.000000 1.000000 1.000000 0.500000 0.000000 0.000000 1 
4064 3.392000 2.523568 14.244490 1.120037 1.120037 -1.403531 -0.701765 2.690235 4.093765 0.666668 11.894913 2.973728 2.000000 1.000000 1.000000 0.500000 0.000000 0.000000 1 
4065 3.393000 2.524234 14.256384 1.120037 1.120037 -1.404197 -0.702099 2.690901 4.095099 0.666668 11.900247 2.975062 2.000000 1.000000 1.000000 0.500000 0.000000 0.000000 1 
4066 3.394000 2.524901 14.268285 1.120037 1.120037 -1.404864 -0.702432 2.691568 4.096432 0.666668 11.905580 2.976395 2.000000 1.000000 1.000000 0.500000 0.000000 0.000000 1 
4067 3.395000 2.525568 14.280190 1.120037 1.120037 -1.405531 -0.702765 2.692235 4.097765 0.666668 11.910913 2.977728 2.000000 1.000000 1.000000 0.500000 0.000000 0.000000 1 
4068 3.396000 2.526234 14.292101 1.120037 1.120037 -1.406197 -0.703099 2.692901 4.099099 0.666668 11.916247 2.979062 2.000000 1.000000 1.000000 0.500000 0.000000 0.000000 1 
4069 3.397000 2.526901 14.304017 1.120037 1.120037 -1.406864 -0.703432 2.693568 4.100432 0.666668 11.921580 2.980395 2.000000 1.000000 1.000000 0.500000 0.000000 0.000000 1 
4070 3.398000 2.527568 14.315939 1.120037 1.120037 -1.407531 -0.703765 2.694235 4.101765 0.666668 11.926913 2.981728 2.000000 1.000000 1.000000 0.500000 0.000000 0.000000 1 
4071 3.399000 2.528234 14.327866 1.120037 1.120037 -1.408197 -0.704099 2.694901 4.103099 0.666668 11.932247 2.983062 2.000000 1.000000 1.000000 0.500000 0.000000 0.000000 1 
4072 3.400000 2.528901 14.339798 1.120037 1.120037 -1.408864 -0.704432 2.695568 4.104432 0.666668 11.937580 2.984395 2.000000 1.000000 1.000000 0.500000 0.000000 0.000000 1 
4073 3.401000 2.529568 14.351736 1.120037 1.120037 -1.409531 -0.704765 2.696235 4.105765 0.666668 11.942913 2.985728 2.000000 1.000000 1.000000 0.500000 0.000000 0.000000 1 
4074 3.402000 2.530234 14.363679 1.120037 1.120037 -1.410197 -0.705099 2.696901 4.107099 0.666668 11.948247 2.987062 2.000000 1.000000 1.000000 0.500000 0.000000 0.000000 1 
4075 3.403000 2.530901 14.375627 1.120037 1.120037 -1.410864 -0.705432 2.697568 4.108432 0.666668 11.953580 2.988395 2.000000 1.000000 1.000000 0.500000 0.000000 0.000000 1 
4076 3.404000 2.531568 14.387581 1.120037 1.120037 -1.411531 -0.705765 2.698235 4.109765 0.666668 11.958913 2.989728 2.000000 1.000000 1.000000 0.500000 0.000000 0.000000 1 
4077 3.405000 2.532234 14.399539 1.120037 1.120037 -1.412197 -0.706099 2.698901 4.111099 0.666668 11.964247 2.991062 2.000000 1.000000 1.000000 0.500000 0.000000 0.000000 1 
4078 3.406000 2.532901 14.411504 1.120037 1.120037 -1.412864 -0.706432 2.699568 4.112432 0.666668 11.969580 2.992395 2.000000 1.000000 1.000000 0.500000 0.000000 0.000000 1 
4079 3.407000 2.533568 14.423473 1.120037 1.120037 -1.413531 -0.706765 2.700235 4.113765 0.666668 11.974913 2.993728 2.000000 1.000000 1.000000 0.500000 0.000000 0.000000 1 
4080 3.408000 2.534234 14.435448 1.120037 1.120037 -1.414197 -0.707099 2.700901 4.115099 0.666668 11.980247 2.995062 2.000000 1.000000 1.000000 0.500000 0.000000 0.000000 1 
4081 3.409000 2.534901 14.447428 1.120037 1.120037 -1.414864 -0.707432 2.701568 4.116432 0.666668 11.985580 2.996395 2.000000 1.000000 1.000000 0.500000 0.000000 0.000000 1 
4082 3.410000 2.535568 14.459414 1.120037 1.120037 -1.415531 -0.707765 2.702235 4.117765 0.666668 11.990913 2.997728 2.000000 1.000000 1.000000 0.500000 0.000000 0.000000 1 
4083 3.411000 2.536234 14.471405 1.120037 1.120037 -1.416197 -0.708099 2.702901 4.119099 0.666668 11.996247 2.999062 2.000000 1.000000 1.000000 0.500000 0.000000 0.000000 1 
4084 3.412000 2.536901 14.483401 1.120037 1.120037 -1.416864 -0.708432 2.703568 4.120432 0.666668 12.001580 3.000395 2.000000 1.000000 1.000000 0.500000 0.000000 0.000000 1 
4085 3.413000 2.537568 14.495403 1.120037 1.120037 -1.417531 -0.708765 2.704235 4.121765 0.666668 12.006913 3.001728 2.000000 1.000000 1.000000 0.500000 0.000000 0.000000 1 
4086 3.414000 2.538234 14.507410 1.120037 1.120037 -1.418197 -0.709099 2.704901 4.123099 0.666668 12.012247 3.003062 2.000000 1.000000 1.000000 0.500000 0.000000 0.000000 1 
4087 3.415000 2.538901 14.519422 1.120037 1.120037 -1.418864 -0.709432 2.705568 4.124432 0.666668 12.017580 3.004395 2.000000 1.000000 1.000000 0.500000 0.000000 0.000000 1 
4088 3.416000 2.539568 14.531439 1.120037 1.120037 -1.419531 -0.709765 2.706235 4.125765 0.666668 12.022913 3.005728 2.000000 1.000000 1.000000 0.500000 0.000000 0.000000 1 
4089 3.417000 2.540234 14.543462 1.120037 1.120037 -1.420197 -0.710099 2.706901 4.127099 0.666668 12.028247 3.007062 2.000000 1.000000 1.000000 0.500000 0.000000 0.000000 1 
4090 3.418000 2.540901 14.555491 1.120037 1.120037 -1.420864 -0.710432 2.707568 4.128432 0.666668 12.033580 3.008395 2.000000 1.000000 1.000000 0.500000 0.000000 0.000000 1 
4091 3.419000 2.541568 14.567524 1.120037 1.120037 -1.421531 -0.710765 2.708235 4.129765 0.666668 12.038913 3.009728 2.000000 1.000000 1.000000 0.500000 0.000000 0.000000 1 
4092 3.420000 2.542234 14.579563 1.120037 1.120037 -1.422197 -0.711099 2.708901 4.131099 0.666668 12.044247 3.011062 2.000000 1.000000 1.000000 0.500000 0.000000 0.000000 1 
4093 3.421000 2.542901 14.591607 1.120037 1.120037 -1.422864 -0.711432 2.709568 4.132432 0.666668 12.049580 3.012395 2.000000 1.000000 1.000000 0.500000 0.000000 0.000000 1 
4094 3.422000 2.543568 14.603657 1.120037 1.120037 -1.423531 -0.711765 2.710235 4.133765 0.666668 12.054913 3.013728 2.000000 1.000000 1.000000 0.500000 0.000000 0.000000 1 
4095 3.423000 2.544234 14.615712 1.120037 1.120037 -1.424197 -0.712099 2.710901 4.135099 0.666668 12.060247 3.015062 2.000000 1.000000 1.000000 0.500000 0.000000 0.000000 1 
4096 3.424000 2.544901 14.627772 1.120037 1.120037 -1.424864 -0.712432 2.711568 4.136432 0.666668 12.065580 3.016395 2.000000 1.000000 1.000000 0.500000 0.000000 0.000000 1 
4097 3.425000 2.545568 14.639838 1.120037 1.120037 -1.425531 -0.712765 2.712235 4.137765 0.666668 12.070913 3.017728 2.000000 1.000000 1.000000 0.500000 0.000000 0.000000 1 
4098 3.426000 2.546234 14.651909 1.120037 1.120037 -1.426197 -0.713099 2.712901 4.139099 0.666668 12.076247 3.019062 2.000000 1.000000 1.000000 0.500000 0.000000 0.000000 1 
4099 3.427000 2.546901 14.663985 1.120037 1.120037 -1.426864 -0.713432 2.713568 4.140432 0.666668 12.081580 3.020395 2.000000 1.000000 1.000000 0.500000 0.000000 0.000000 1 
4100 3.428000 2.547568 14.676066 1.120037 1.120037 -1.427531 -0.713765 2.714235 4.141765 0.666668 12.086913 3.021728 2.000000 1.000000 1.000000 0.500000 0.000000 0.000000 1 
4101 3.429000 2.548234 14.688153 1.120037 1.120037 -1.428197 -0.714099 2.714901 4.143099 0.666668 12.092247 3.023062 2.000000 1.000000 1.000000 0.500000 0.000000 0.000000 1 
4102 3.430000 2.548901 14.700246 1.120037 1.120037 -1.428864 -0.714432 2.715568 4.144432 0.666668 12.097580 3.024395 2.000000 1.000000 1.000000 0.500000 0.000000 0.000000 1 
4103 3.431000 2.549568 14.712343 1.120037 1.120037 -1.429531 -0.714765 2.716235 4.145765 0.666668 12.102913 3.025728 2.000000 1.000000 1.000000 0.500000 0.000000 0.000000 1 
4104 3.432000 2.550234 14.724446 1.120037 1.120037 -1.430197 -0.715099 2.716901 4.147099 0.666668 12.108247 3.027062 2.000000 1.000000 1.000000 0.500000 0.000000 0.000000 1 
4105 3.433000 2.550901 14.736554 1.120037 1.120037 -1.430864 -0.715432 2.717568 4.148432 0.666668 12.113580 3.028395 2.000000 1.000000 1.000000 0.500000 0.000000 0.000000 1 
4106 3.434000 2.551568 14.748668 1.120037 1.120037 -1.431531 -0.715765 2.718235 4.149765 0.666668 12.118913 3.029728 2.000000 1.000000 1.000000 0.500000 0.000000 0.000000 1 
4107 3.435000 2.552234 14.760787 1.120037 1.120037 -1.432197 -0.716099 2.718901 4.151099 0.666668 12.124247 3.031062 2.000000 1.000000 1.000000 0.500000 0.000000 0.000000 1 
4108 3.436000 2.552901 14.772911 1.120037 1.120037 -1.432864 -0.716432 2.719568 4.152432 0.666668 12.129580 3.032395 2.000000 1.000000 1.000000 0.500000 0.000000 0.000000 1 
4109 3.437000 2.553568 14.785041 1.120037 1.120037 -1.433531 -0.716765 2.720235 4.153765 0.666668 12.134913 3.033728 2.000000 1.000000 1.000000 0.500000 0.000000 0.000000 1 
4110 3.438000 2.554234 14.797176 1.120037 1.120037 -1.434197 -0.717099 2.720901 4.155099 0.666668 12.140247 3.035062 2.000000 1.000000 1.000000 0.500000 0.000000 0.000000 1 
4111 3.439000 2.554901 14.809316 1.120037 1.120037 -1.434864 -0.717432 2.721568 4.156432 0.666668 12.145580 3.036395 2.000000 1.000000 1.000000 0.500000 0.000000 0.000000 1 
4112 3.440000 2.555568 14.821461 1.120037 1.120037 -1.435531 -0.717765 2.722235 4.157765 0.666668 12.150913 3.037728 2.000000 1.000000 1.000000 0.500000 0.000000 0.000000 1 
4113 3.441000 2.556234 14.833612 1.120037 1.120037 -1.436197 -0.718099 2.722901 4.159099 0.666668 12.156247 3.039062 2.000000 1.000000 1.000000 0.500000 0.000000 0.000000 1 
4114 3.442000 2.556901 14.845769 1.120037 1.120037 -1.436864 -0.718432 2.723568 4.160432 0.666668 12.161580 3.040395 2.000000 1.000000 1.000000 0.500000 0.000000 0.000000 1 
4115 3.443000 2.557568 14.857930 1.120037 1.120037 -1.437531 -0.718765 2.724235 4.161765 0.666668 12.166913 3.041728 2.000000 1.000000 1.000000 0.500000 0.000000 0.000000 1 
4116 3.444000 2.558234 14.870097 1.120037 1.120037 -1.438197 -0.719099 2.724901 4.163099 0.666668 12.172247 3.043062 2.000000 1.000000 1.000000 0.500000 0.000000 0.000000 1 
4117 3.445000 2.558901 14.882269 1.120037 1.120037 -1.438864 -0.719432 2.725568 4.164432 0.666668 12.177580 3.044395 2.000000 1.000000 1.000000 0.500000 0.000000 0.000000 1 
4118 3.446000 2.559568 14.894447 1.120037 1.120037 -1.439531 -0.719765 2.726235 4.165765 0.666668 12.182913 3.045728 2.000000 1.000000 1.000000 0.500000 0.000000 0.000000 1 
4119 3.447000 2.560234 14.906630 1.120037 1.120037 -1.440197 -0.720099 2.726901 4.167099 0.666668 12.188247 3.047062 2.000000 1.000000 1.000000 0.500000 0.000000 0.000000 1 
4120 3.448000 2.560901 14.918818 1.120037 1.120037 -1.440864 -0.720432 2.727568 4.168432 0.666668 12.193580 3.048395 2.000000 1.000000 1.000000 0.500000 0.000000 0.000000 1 
4121 3.449000 2.561568 14.931012 1.120037 1.120037 -1.441531 -0.720765 2.728235 4.169765 0.666668 12.198913 3.049728 2.000000 1.000000 1.000000 0.500000 0.000000 0.000000 1 
4122 3.450000 2.562234 14.943211 1.120037 1.120037 -1.442197 -0.721099 2.728901 4.171099 0.666668 12.204247 3.051062 2.000000 1.000000 1.000000 0.500000 0.000000 0.000000 1 
4123 3.451000 2.562901 14.955415 1.120037 1.120037 -1.442864 -0.721432 2.729568 4.172432 0.666668 12.209580 3.052395 2.000000 1.000000 1.000000 0.500000 0.000000 0.000000 1 
4124 3.452000 2.563568 14.967624 1.120037 1.120037 -1.443531 -0.721765 2.730235 4.173765 0.666668 12.214913 3.053728 2.000000 1.000000 1.000000 0.500000 0.000000 0.000000 1 
4125 3.453000 2.564234 14.979839 1.120037 1.120037 -1.444197 -0.722099 2.730901 4.175099 0.666668 12.220247 3.055062 2.000000 1.000000 1.000000 0.500000 0.000000 0.000000 1 
4126 3.454000 2.564901 14.992060 1.120037 1.120037 -1.444864 -0.722432 2.731568 4.176432 0.666668 12.225580 3.056395 2.000000 1.000000 1.000000 0.500000 0.000000 0.000000 1 
4127 3.455000 2.565568 15.004285 1.120037 1.120037 -1.445531 -0.722765 2.732235 4.177765 0.666668 12.230913 3.057728 2.000000 1.000000 1.000000 0.500000 0.000000 0.000000 1 
4128 3.456000 2.566234 15.016516 1.120037 1.120037 -1.446197 -0.723099 2.732901 4.179099 0.666668 12.236247 3.059062 2.000000 1.000000 1.000000 0.500000 0.000000 0.000000 1 
4129 3.457000 2.566901 15.028752 1.120037 1.120037 -1.446864 -0.723432 2.733568 4.180432 0.666668 12.241580 3.060395 2.000000 1.000000 1.000000 0.500000 0.000000 0.000000 1 
4130 3.458000 2.567568 15.040994 1.120037 1.120037 -1.447531 -0.723765 2.734235 4.181765 0.666668 12.246913 3.061728 2.000000 1.000000 1.000000 0.500000 0.000000 0.000000 1 
4131 3.459000 2.568234 15.053241 1.120037 1.120037 -1.448197 -0.724099 2.734901 4.183099 0.666668 12.252247 3.063062 2.000000 1.000000 1.000000 0.500000 0.000000 0.000000 1 
4132 3.460000 2.568901 15.065493 1.120037 1.120037 -1.448864 -0.724432 2.735568 4.184432 0.666668 12.257580 3.064395 2.000000 1.000000 1.000000 0.500000 0.000000 0.000000 1 
4133 3.461000 2.569568 15.077751 1.120037 1.120037 -1.449531 -0.724765 2.736235 4.185765 0.666668 12.262913 3.065728 2.000000 1.000000 1.000000 0.500000 0.000000 0.000000 1 
4134 3.462000 2.570234 15.090013 1.120037 1.120037 -1.450197 -0.725099 2.736901 4.187099 0.666668 12.268247 3.067062 2.000000 1.000000 1.000000 0.500000 0.000000 0.000000 1 
4135 3.463000 2.570901 15.102282 1.120037 1.120037 -1.450864 -0.725432 2.737568 4.188432 0.666668 12.273580 3.068395 2.000000 1.000000 1.000000 0.500000 0.000000 0.000000 1 
4136 3.464000 2.571568 15.114555 1.120037 1.120037 -1.451531 -0.725765 2.738235 4.189765 0.666668 12.278913 3.069728 2.000000 1.000000 1.000000 0.500000 0.000000 0.000000 1 
4137 3.465000 2.572234 15.126834 1.120037 1.120037 -1.452197 -0.726099 2.738901 4.191099 0.666668 12.284247 3.071062 0.000000 1.000000 1.000000 0.500000 0.000000 0.000000 1 
4138 3.466000 2.572901 15.139118 1.120037 1.120037 -1.452864 -0.726432 2.739568 4.192432 0.666668 12.289580 3.072395 0.000000 1.000000 1.000000 0.500000 0.000000 0.000000 1 
4139 3.467000 2.573568 15.151408 1.120037 1.120037 -1.453531 -0.726765 2.740235 4.193765 0.666668 12.294913 3.073728 0.000000 1.000000 1.000000 0.500000 0.000000 0.000000 1 
4140 3.468000 2.574234 15.163703 15.163703 1.120037 12.589469 6.294734 9.762734 -2.826734 28.754000 -71.961749 -17.990437 0.000000 1.000000 1.000000 0.500000 0.000000 0.000000 0 
4141 3.469000 2.602988 15.091741 15.091741 1.120037 12.488753 6.244376 9.713376 -2.775376 28.441552 -71.468471 -17.867118 0.000000 1.000000 1.000000 0.500000 0.000000 0.000000 0 
4142 3.470000 2.631430 15.020273 15.020273 1.120037 12.388843 6.194421 9.664421 -2.724421 28.131966 -70.978777 -17.744694 0.000000 1.000000 1.000000 0.500000 0.000000 0.000000 0 
4143 3.471000 2.659562 14.949294 14.949294 1.120037 12.289732 6.144866 9.615866 -2.673866 27.825217 -70.492640 -17.623160 0.000000 1.000000 1.000000 0.500000 0.000000 0.000000 0 
4144 3.472000 2.687387 14.878801 14.878801 1.120037 12.191414 6.095707 9.567707 -2.623707 27.521280 -70.010034 -17.502508 0.000000 1.000000 1.000000 0.500000 0.000000 0.000000 0 
4145 3.473000 2.714908 14.808791 14.808791 1.120037 12.093883 6.046941 9.519941 -2.573941 27.220132 -69.530931 -17.382733 0.000000 1.000000 1.000000 0.500000 0.000000 0.000000 0 
4146 3.474000 2.742129 14.739260 14.739260 1.120037 11.997132 5.998566 9.472566 -2.524566 26.921750 -69.055305 -17.263826 0.000000 1.000000 1.000000 0.500000 0.000000 0.000000 0 
4147 3.475000 2.769050 14.670205 14.670205 1.120037 11.901155 5.950577 9.425577 -2.475577 26.626108 -68.583130 -17.145782 0.000000 1.000000 1.000000 0.500000 0.000000 0.000000 0 
4148 3.476000 2.795676 14.601622 14.601622 1.120037 11.805946 5.902973 9.378973 -2.426973 26.333186 -68.114379 -17.028595 0.000000 1.000000 1.000000 0.500000 0.000000 0.000000 0 
4149 3.477000 2.822010 14.533508 14.533508 1.120037 11.711498 5.855749 9.332749 -2.378749 26.042958 -67.649026 -16.912257 0.000000 1.000000 1.000000 0.500000 0.000000 0.000000 0 
4150 3.478000 2.848053 14.465859 14.465859 1.120037 11.617806 5.808903 9.286903 -2.330903 25.755402 -67.187046 -16.796762 0.000000 1.000000 1.000000 0.500000 0.000000 0.000000 0 
4151 3.479000 2.873808 14.398671 14.398671 1.120037 11.524864 5.762432 9.241432 -2.283432 25.470495 -66.728413 -16.682103 0.000000 1.000000 1.000000 0.500000 0.000000 0.000000 0 
4152 3.480000 2.899278 14.331943 14.331943 1.120037 11.432665 5.716332 9.196332 -2.236332 25.188216 -66.273102 -16.568275 0.000000 1.000000 1.000000 0.500000 0.000000 0.000000 0 
4153 3.481000 2.924467 14.265670 14.265670 1.120037 11.341203 5.670602 9.151602 -2.189602 24.908540 -65.821087 -16.455272 0.000000 1.000000 1.000000 0.500000 0.000000 0.000000 0 
4154 3.482000 2.949375 14.199849 14.199849 1.120037 11.250474 5.625237 9.107237 -2.143237 24.631447 -65.372343 -16.343086 0.000000 1.000000 1.000000 0.500000 0.000000 0.000000 0 
4155 3.483000 2.974007 14.134477 14.134477 1.120037 11.160470 5.580235 9.063235 -2.097235 24.356913 -64.926846 -16.231711 0.000000 1.000000 1.000000 0.500000 0.000000 0.000000 0 
4156 3.484000 2.998364 14.069550 14.069550 1.120037 11.071186 5.535593 9.019593 -2.051593 24.084918 -64.484571 -16.121143 0.000000 1.000000 1.000000 0.500000 0.000000 0.000000 0 
4157 3.485000 3.022448 14.005065 14.005065 1.120037 10.982617 5.491308 8.976308 -2.006308 23.815439 -64.045494 -16.011373 0.000000 1.000000 1.000000 0.500000 0.000000 0.000000 0 
4158 3.486000 3.046264 13.941020 13.941020 1.120037 10.894756 5.447378 8.933378 -1.961378 23.548456 -63.609590 -15.902397 0.000000 1.000000 1.000000 0.500000 0.000000 0.000000 0 
4159 3.487000 3.069812 13.877410 13.877410 1.120037 10.807598 5.403799 8.890799 -1.916799 23.283946 -63.176835 -15.794209 0.000000 1.000000 1.000000 0.500000 0.000000 0.000000 0 
4160 3.488000 3.093096 13.814233 13.814233 1.120037 10.721137 5.360568 8.848568 -1.872568 23.021889 -62.747207 -15.686802 0.000000 1.000000 1.000000 0.500000 0.000000 0.000000 0 
4161 3.489000 3.116118 13.751486 13.751486 1.120037 10.635368 5.317684 8.806684 -1.828684 22.762263 -62.320680 -15.580170 0.000000 1.000000 1.000000 0.500000 0.000000 0.000000 0 
4162 3.490000 3.138880 13.689165 13.689165 1.120037 10.550285 5.275142 8.765142 -1.785142 22.505048 -61.897231 -15.474308 0.000000 1.000000 1.000000 0.500000 0.000000 0.000000 0 
4163 3.491000 3.161385 13.627268 13.627268 1.120037 10.465883 5.232941 8.723941 -1.741941 22.250223 -61.476837 -15.369209 0.000000 1.000000 1.000000 0.500000 0.000000 0.000000 0 
4164 3.492000 3.183636 13.565791 13.565791 1.120037 10.382156 5.191078 8.683078 -1.699078 21.997768 -61.059476 -15.264869 0.000000 1.000000 1.000000 0.500000 0.000000 0.000000 0 
4165 3.493000 3.205633 13.504732 13.504732 1.120037 10.299098 5.149549 8.642549 -1.656549 21.747663 -60.645124 -15.161281 0.000000 1.000000 1.000000 0.500000 0.000000 0.000000 0 
4166 3.494000 3.227381 13.444087 13.444087 1.120037 10.216705 5.108353 8.602353 -1.614353 21.499886 -60.233758 -15.058439 0.000000 1.000000 1.000000 0.500000 0.000000 0.000000 0 
4167 3.495000 3.248881 13.383853 13.383853 1.120037 10.134972 5.067486 8.562486 -1.572486 21.254420 -59.825355 -14.956339 0.000000 1.000000 1.000000 0.500000 0.000000 0.000000 0 
4168 3.496000 3.270135 13.324028 13.324028 1.120037 10.053892 5.026946 8.522946 -1.530946 21.011242 -59.419894 -14.854974 0.000000 1.000000 1.000000 0.500000 0.000000 0.000000 0 
4169 3.497000 3.291147 13.264608 13.264608 1.120037 9.973461 4.986730 8.483730 -1.489730 20.770335 -59.017352 -14.754338 0.000000 1.000000 1.000000 0.500000 0.000000 0.000000 0 
4170 3.498000 3.311917 13.205590 13.205590 1.120037 9.893673 4.946837 8.444837 -1.448837 20.531678 -58.617708 -14.654427 0.000000 1.000000 1.000000 0.500000 0.000000 0.000000 0 
4171 3.499000 3.332449 13.146973 13.146973 1.120037 9.814524 4.907262 8.406262 -1.408262 20.295253 -58.220938 -14.555235 0.000000 1.000000 1.000000 0.500000 0.000000 0.000000 0 
4172 3.500000 3.352744 13.088752 13.088752 1.120037 9.736008 4.868004 8.368004 -1.368004 20.061039 -57.827022 -14.456755 0.000000 1.000000 1.000000 0.500000 0.000000 0.000000 0 
4173 3.501000 3.372805 13.030925 13.030925 1.120037 9.658120 4.829060 8.330060 -1.328060 19.829019 -57.435938 -14.358984 0.000000 1.000000 1.000000 0.500000 0.000000 0.000000 0 
4174 3.502000 3.392634 12.973489 12.973489 1.120037 9.580855 4.790427 8.292427 -1.288427 19.599173 -57.047664 -14.261916 0.000000 1.000000 1.000000 0.500000 0.000000 0.000000 0 
4175 3.503000 3.412233 12.916441 12.916441 1.120037 9.504208 4.752104 8.255104 -1.249104 19.371483 -56.662180 -14.165545 0.000000 1.000000 1.000000 0.500000 0.000000 0.000000 0 
4176 3.504000 3.431605 12.859779 12.859779 1.120037 9.428174 4.714087 8.218087 -1.210087 19.145930 -56.279464 -14.069866 0.000000 1.000000 1.000000 0.500000 0.000000 0.000000 0 
4177 3.505000 3.450751 12.803499 12.803499 1.120037 9.352749 4.676374 8.181374 -1.171374 18.922495 -55.899495 -13.974874 0.000000 1.000000 1.000000 0.500000 0.000000 0.000000 0 
4178 3.506000 3.469673 12.747600 12.747600 1.120037 9.277927 4.638963 8.144963 -1.132963 18.701161 -55.522253 -13.880563 0.000000 1.000000 1.000000 0.500000 0.000000 0.000000 0 
4179 3.507000 3.488374 12.692078 12.692078 1.120037 9.203703 4.601852 8.108852 -1.094852 18.481910 -55.147717 -13.786929 0.000000 1.000000 1.000000 0.500000 0.000000 0.000000 0 
4180 3.508000 3.506856 12.636930 12.636930 1.120037 9.130074 4.565037 8.073037 -1.057037 18.264723 -54.775867 -13.693967 0.000000 1.000000 1.000000 0.500000 0.000000 0.000000 0 
4181 3.509000 3.525121 12.582154 12.582154 1.120037 9.057033 4.528517 8.037517 -1.019517 18.049583 -54.406682 -13.601671 0.000000 1.000000 1.000000 0.500000 0.000000 0.000000 0 
4182 3.510000 3.543170 12.527747 12.527747 1.120037 8.984577 4.492288 8.002288 -0.982288 17.836472 -54.040143 -13.510036 0.000000 1.000000 1.000000 0.500000 0.000000 0.000000 0 
4183 3.511000 3.561007 12.473707 12.473707 1.120037 8.912700 4.456350 7.967350 -0.945350 17.625373 -53.676229 -13.419057 0.000000 1.000000 1.000000 0.500000 0.000000 0.000000 0 
4184 3.512000 3.578632 12.420031 12.420031 1.120037 8.841399 4.420699 7.932699 -0.908699 17.416268 -53.314921 -13.328730 0.000000 1.000000 1.000000 0.500000 0.000000 0.000000 0 
4185 3.513000 3.596049 12.366716 12.366716 1.120037 8.770667 4.385334 7.898334 -0.872334 17.209141 -52.956199 -13.239050 0.000000 1.000000 1.000000 0.500000 0.000000 0.000000 0 
4186 3.514000 3.613258 12.313760 12.313760 1.120037 8.700502 4.350251 7.864251 -0.836251 17.003973 -52.600044 -13.150011 0.000000 1.000000 1.000000 0.500000 0.000000 0.000000 0 
4187 3.515000 3.630262 12.261160 12.261160 1.120037 8.630898 4.315449 7.830449 -0.800449 16.800749 -52.246436 -13.061609 0.000000 1.000000 1.000000 0.500000 0.000000 0.000000 0 
4188 3.516000 3.647062 12.208913 12.208913 1.120037 8.561851 4.280925 7.796925 -0.764925 16.599452 -51.895355 -12.973839 0.000000 1.000000 1.000000 0.500000 0.000000 0.000000 0 
4189 3.517000 3.663662 12.157018 12.157018 1.120037 8.493356 4.246678 7.763678 -0.729678 16.400065 -51.546784 -12.886696 0.000000 1.000000 1.000000 0.500000 0.000000 0.000000 0 
4190 3.518000 3.680062 12.105471 12.105471 1.120037 8.425409 4.212705 7.730705 -0.694705 16.202571 -51.200704 -12.800176 0.000000 1.000000 1.000000 0.500000 0.000000 0.000000 0 
4191 3.519000 3.696265 12.054271 12.054271 1.120037 8.358006 4.179003 7.698003 -0.660003 16.006954 -50.857094 -12.714274 0.000000 1.000000 1.000000 0.500000 0.000000 0.000000 0 
4192 3.520000 3.712271 12.003413 12.003413 1.120037 8.291142 4.145571 7.665571 -0.625571 15.813198 -50.515938 -12.628984 0.000000 1.000000 1.000000 0.500000 0.000000 0.000000 0 
4193 3.521000 3.728085 11.952898 11.952898 1.120037 8.224813 4.112406 7.633406 -0.591406 15.621287 -50.177216 -12.544304 0.000000 1.000000 1.000000 0.500000 0.000000 0.000000 0 
4194 3.522000 3.743706 11.902720 11.902720 1.120037 8.159014 4.079507 7.601507 -0.557507 15.431205 -49.840910 -12.460227 3.000000 1.000000 1.000000 0.500000 0.000000 0.000000 0 
4195 3.523000 3.759137 11.852879 11.852879 1.120037 8.093742 4.046871 7.569871 -0.523871 15.242936 -49.507002 -12.376750 3.000000 1.000000 1.000000 0.500000 0.000000 0.000000 0 
4196 3.524000 3.774380 11.803372 11.803372 1.120037 8.028992 4.014496 7.538496 -0.490496 15.056464 -49.175474 -12.293869 3.000000 1.000000 1.000000 0.500000 0.000000 0.000000 0 
4197 3.525000 3.789437 11.754197 11.754197 1.120037 7.964760 3.982380 7.507380 -0.457380 14.871774 -48.846308 -12.211577 3.000000 1.000000 1.000000 0.500000 0.000000 0.000000 0 
4198 3.526000 3.804308 11.705351 11.705351 1.120037 7.901042 3.950521 7.476521 -0.424521 14.688851 -48.519487 -12.129872 3.000000 1.000000 1.000000 0.500000 0.000000 0.000000 0 
4199 3.527000 3.818997 11.656831 11.656831 1.120037 7.837834 3.918917 7.445917 -0.391917 14.507679 -48.194992 -12.048748 3.000000 1.000000 1.000000 0.500000 0.000000 0.000000 0 
4200 3.528000 3.833505 11.608636 11.608636 1.120037 7.775131 3.887566 7.415566 -0.359566 14.328243 -47.872807 -11.968202 3.000000 1.000000 1.000000 0.500000 0.000000 0.000000 0 
4201 3.529000 3.847833 11.560763 11.560763 1.120037 7.712930 3.856465 7.385465 -0.327465 14.150528 -47.552914 -11.888228 3.000000 1.000000 1.000000 0.500000 0.000000 0.000000 0 
4202 3.530000 3.861984 11.513210 11.513210 1.120037 7.651227 3.825613 7.355613 -0.295613 13.974519 -47.235295 -11.808824 3.000000 1.000000 1.000000 0.500000 0.000000 0.000000 0 
4203 3.531000 3.875958 11.465975 11.465975 1.120037 7.590017 3.795008 7.326008 -0.264008 13.800201 -46.919934 -11.729984 3.000000 1.000000 1.000000 0.500000 0.000000 0.000000 0 
4204 3.532000 3.889758 11.419055 11.419055 1.120037 7.529297 3.764648 7.296648 -0.232648 13.627560 -46.606814 -11.651704 3.000000 1.000000 1.000000 0.500000 0.000000 0.000000 0 
4205 3.533000 3.903386 11.372448 11.372448 1.120037 7.469062 3.734531 7.267531 -0.201531 13.456581 -46.295918 -11.573980 3.000000 1.000000 1.000000 0.500000 0.000000 0.000000 0 
4206 3.534000 3.916843 11.326152 11.326152 1.120037 7.409310 3.704655 7.238655 -0.170655 13.287250 -45.987230 -11.496807 3.000000 1.000000 1.000000 0.500000 0.000000 0.000000 0 
4207 3.535000 3.930130 11.280165 11.280165 1.120037 7.350035 3.675018 7.210018 -0.140018 13.119552 -45.680732 -11.420183 3.000000 1.000000 1.000000 0.500000 0.000000 0.000000 0 
4208 3.536000 3.943249 11.234484 11.234484 1.120037 7.291235 3.645618 7.181618 -0.109618 12.953473 -45.376408 -11.344102 3.000000 1.000000 1.000000 0.500000 0.000000 0.000000 0 
4209 3.537000 3.956203 11.189108 11.189108 1.120037 7.232905 3.616453 7.153453 -0.079453 12.788999 -45.074243 -11.268561 3.000000 1.000000 1.000000 0.500000 0.000000 0.000000 0 
4210 3.538000 3.968992 11.144034 11.144034 1.120037 7.175042 3.587521 7.125521 -0.049521 12.626117 -44.774219 -11.193555 3.000000 1.000000 1.000000 0.500000 0.000000 0.000000 0 
4211 3.539000 3.981618 11.099260 11.099260 1.120037 7.117642 3.558821 7.097821 -0.019821 12.464812 -44.476322 -11.119080 3.000000 1.000000 1.000000 0.500000 0.000000 0.000000 0 
4212 3.540000 3.994083 11.054783 11.054783 1.120037 7.060701 3.530350 7.070350 0.009650 12.305070 -44.180534 -11.045134 3.000000 1.000000 1.000000 0.500000 0.000000 0.000000 0 
4213 3.541000 4.006388 11.010603 11.010603 1.120037 7.004215 3.502107 7.043107 0.038893 12.146879 -43.886841 -10.971710 3.000000 1.000000 1.000000 0.500000 0.000000 0.000000 0 
4214 3.542000 4.018535 10.966716 10.966716 1.120037 6.948181 3.474091 7.016091 0.067909 11.990224 -43.595226 -10.898807 3.000000 1.000000 1.000000 0.500000 0.000000 0.000000 0 
4215 3.543000 4.030525 10.923121 10.923121 1.120037 6.892596 3.446298 6.989298 0.096702 11.835092 -43.305674 -10.826419 3.000000 1.000000 1.000000 0.500000 0.000000 0.000000 0 
4216 3.544000 4.042360 10.879815 10.879815 1.120037 6.837455 3.418728 6.962728 0.125272 11.681470 -43.018170 -10.754543 3.000000 1.000000 1.000000 0.500000 0.000000 0.000000 0 
4217 3.545000 4.054041 10.836797 10.836797 1.120037 6.782755 3.391378 6.936378 0.153622 11.529345 -42.732698 -10.683175 3.000000 1.000000 1.000000 0.500000 0.000000 0.000000 0 
4218 3.546000 4.065571 10.794064 10.794064 1.120037 6.728493 3.364247 6.910247 0.181753 11.378703 -42.449243 -10.612311 3.000000 1.000000 1.000000 0.500000 0.000000 0.000000 0 
4219 3.547000 4.076950 10.751615 10.751615 1.120037 6.674665 3.337333 6.884333 0.209667 11.229533 -42.167790 -10.541948 3.000000 1.000000 1.000000 0.500000 0.000000 0.000000 0 
4220 3.548000 4.088179 10.709447 10.709447 1.120037 6.621268 3.310634 6.858634 0.237366 11.081820 -41.888325 -10.472081 3.000000 1.000000 1.000000 0.500000 0.000000 0.000000 0 
4221 3.549000 4.099261 10.667559 10.667559 1.120037 6.568298 3.284149 6.833149 0.264851 10.935552 -41.610831 -10.402708 3.000000 1.000000 1.000000 0.500000 0.000000 0.000000 0 
4222 3.550000 4.110196 10.625948 10.625948 1.120037 6.515752 3.257876 6.807876 0.292124 10.790717 -41.335295 -10.333824 3.000000 1.000000 1.000000 0.500000 0.000000 0.000000 0 
4223 3.551000 4.120987 10.584613 10.584613 1.120037 6.463626 3.231813 6.782813 0.319187 10.647303 -41.061702 -10.265425 3.000000 1.000000 1.000000 0.500000 0.000000 0.000000 0 
4224 3.552000 4.131634 10.543551 10.543551 1.120037 6.411917 3.205958 6.757958 0.346042 10.505295 -40.790037 -10.197509 3.000000 1.000000 1.000000 0.500000 0.000000 0.000000 0 
4225 3.553000 4.142140 10.502761 10.502761 1.120037 6.360621 3.180311 6.733311 0.372689 10.364683 -40.520286 -10.130072 3.000000 1.000000 1.000000 0.500000 0.000000 0.000000 0 
4226 3.554000 4.152504 10.462241 10.462241 1.120037 6.309736 3.154868 6.708868 0.399132 10.225455 -40.252435 -10.063109 3.000000 1.000000 1.000000 0.500000 0.000000 0.000000 0 
4227 3.555000 4.162730 10.421988 10.421988 1.120037 6.259258 3.129629 6.684629 0.425371 10.087597 -39.986469 -9.996617 3.000000 1.000000 1.000000 0.500000 0.000000 0.000000 0 
4228 3.556000 4.172817 10.382002 10.382002 1.120037 6.209184 3.104592 6.660592 0.451408 9.951099 -39.722375 -9.930594 3.000000 1.000000 1.000000 0.500000 0.000000 0.000000 0 
4229 3.557000 4.182769 10.342279 10.342279 1.120037 6.159511 3.079755 6.636755 0.477245 9.815947 -39.460139 -9.865035 3.000000 1.000000 1.000000 0.500000 0.000000 0.000000 0 
4230 3.558000 4.192585 10.302819 10.302819 1.120037 6.110235 3.055117 6.613117 0.502883 9.682131 -39.199746 -9.799937 3.000000 1.000000 1.000000 0.500000 0.000000 0.000000 0 
4231 3.559000 4.202267 10.263619 10.263619 1.120037 6.061353 3.030676 6.589676 0.528324 9.549639 -38.941184 -9.735296 3.000000 1.000000 1.000000 0.500000 0.000000 0.000000 0 
4232 3.560000 4.211816 10.224678 10.224678 1.120037 6.012862 3.006431 6.566431 0.553569 9.418459 -38.684437 -9.671109 3.000000 1.000000 1.000000 0.500000 0.000000 0.000000 0 
4233 3.561000 4.221235 10.185994 10.185994 1.120037 5.964759 2.982380 6.543380 0.578620 9.288579 -38.429494 -9.607373 3.000000 1.000000 1.000000 0.500000 0.000000 0.000000 0 
4234 3.562000 4.230523 10.147564 10.147564 1.120037 5.917041 2.958521 6.520521 0.603479 9.159989 -38.176339 -9.544085 3.000000 1.000000 1.000000 0.500000 0.000000 0.000000 0 
4235 3.563000 4.239683 10.109388 10.109388 1.120037 5.869705 2.934852 6.497852 0.628148 9.032676 -37.924961 -9.481240 3.000000 1.000000 1.000000 0.500000 0.000000 0.000000 0 
4236 3.564000 4.248716 10.071463 10.071463 1.120037 5.822747 2.911374 6.475374 0.652626 8.906630 -37.675346 -9.418837 3.000000 1.000000 1.000000 0.500000 0.000000 0.000000 0 
4237 3.565000 4.257623 10.033788 10.033788 1.120037 5.776165 2.888083 6.453083 0.676917 8.781840 -37.427481 -9.356870 3.000000 1.000000 1.000000 0.500000 0.000000 0.000000 0 
4238 3.566000 4.266404 9.996360 9.996360 1.120037 5.729956 2.864978 6.430978 0.701022 8.658294 -37.181352 -9.295338 3.000000 1.000000 1.000000 0.500000 0.000000 0.000000 0 
4239 3.567000 4.275063 9.959179 9.959179 1.120037 5.684116 2.842058 6.409058 0.724942 8.535981 -36.936948 -9.234237 3.000000 1.000000 1.000000 0.500000 0.000000 0.000000 0 
4240 3.568000 4.283599 9.922242 9.922242 1.120037 5.638643 2.819322 6.387322 0.748678 8.414891 -36.694254 -9.173564 3.000000 1.000000 1.000000 0.500000 0.000000 0.000000 0 
4241 3.569000 4.292014 9.885548 9.885548 1.120037 5.593534 2.796767 6.365767 0.772233 8.295014 -36.453259 -9.113315 3.000000 1.000000 1.000000 0.500000 0.000000 0.000000 0 
4242 3.570000 4.300309 9.849094 9.849094 1.120037 5.548786 2.774393 6.344393 0.795607 8.176337 -36.213949 -9.053487 3.000000 1.000000 1.000000 0.500000 0.000000 0.000000 0 
4243 3.571000 4.308485 9.812880 9.812880 1.120037 5.504395 2.752198 6.323198 0.818802 8.058851 -35.976313 -8.994078 3.000000 1.000000 1.000000 0.500000 0.000000 0.000000 0 
4244 3.572000 4.316544 9.776904 9.776904 1.120037 5.460360 2.730180 6.302180 0.841820 7.942545 -35.740337 -8.935084 3.000000 1.000000 1.000000 0.500000 0.000000 0.000000 0 
4245 3.573000 4.324486 9.741164 9.741164 1.120037 5.416677 2.708339 6.281339 0.864661 7.827409 -35.506010 -8.876503 3.000000 1.000000 1.000000 0.500000 0.000000 0.000000 0 
4246 3.574000 4.332314 9.705658 9.705658 1.120037 5.373344 2.686672 6.260672 0.887328 7.713433 -35.273319 -8.818330 3.000000 1.000000 1.000000 0.500000 0.000000 0.000000 0 
4247 3.575000 4.340027 9.670384 9.670384 1.120037 5.330357 2.665179 6.240179 0.909821 7.600606 -35.042252 -8.760563 3.000000 1.000000 1.000000 0.500000 0.000000 0.000000 0 
4248 3.576000 4.347628 9.635342 9.635342 1.120037 5.287714 2.643857 6.219857 0.932143 7.488918 -34.812798 -8.703199 3.000000 1.000000 1.000000 0.500000 0.000000 0.000000 0 
4249 3.577000 4.355117 9.600529 9.600529 1.120037 5.245413 2.622706 6.199706 0.954294 7.378358 -34.584943 -8.646236 3.000000 1.000000 1.000000 0.500000 0.000000 0.000000 0 
4250 3.578000 4.362495 9.565944 9.565944 1.120037 5.203449 2.601725 6.179725 0.976275 7.268918 -34.358677 -8.589669 3.000000 1.000000 1.000000 0.500000 0.000000 0.000000 0 
4251 3.579000 4.369764 9.531586 9.531586 1.120037 5.161822 2.580911 6.159911 0.998089 7.160588 -34.133987 -8.533497 3.000000 1.000000 1.000000 0.500000 0.000000 0.000000 0 
4252 3.580000 4.376925 9.497452 9.497452 1.120037 5.120527 2.560264 6.140264 1.019736 7.053356 -33.910862 -8.477715 3.000000 1.000000 1.000000 0.500000 0.000000 0.000000 0 
4253 3.581000 4.383978 9.463541 9.463541 1.120037 5.079563 2.539782 6.120782 1.041218 6.947214 -33.689290 -8.422322 3.000000 1.000000 1.000000 0.500000 0.000000 0.000000 0 
4254 3.582000 4.390925 9.429852 9.429852 1.120037 5.038927 2.519463 6.101463 1.062537 6.842152 -33.469260 -8.367315 3.000000 1.000000 1.000000 0.500000 0.000000 0.000000 0 
4255 3.583000 4.397767 9.396382 9.396382 1.120037 4.998615 2.499308 6.082308 1.083692 6.738161 -33.250760 -8.312690 3.000000 1.000000 1.000000 0.500000 0.000000 0.000000 0 
4256 3.584000 4.404505 9.363132 9.363132 1.120037 4.958626 2.479313 6.063313 1.104687 6.635230 -33.033779 -8.258445 3.000000 1.000000 1.000000 0.500000 0.000000 0.000000 0 
4257 3.585000 4.411141 9.330098 9.330098 1.120037 4.918957 2.459479 6.044479 1.125521 6.533351 -32.818306 -8.204576 3.000000 1.000000 1.000000 0.500000 0.000000 0.000000 0 
4258 3.586000 4.417674 9.297280 9.297280 1.120037 4.879606 2.439803 6.025803 1.146197 6.432515 -32.604329 -8.151082 3.000000 1.000000 1.000000 0.500000 0.000000 0.000000 0 
4259 3.587000 4.424107 9.264675 9.264675 1.120037 4.840569 2.420284 6.007284 1.166716 6.332711 -32.391838 -8.097960 3.000000 1.000000 1.000000 0.500000 0.000000 0.000000 0 
4260 3.588000 4.430439 9.232283 9.232283 1.120037 4.801844 2.400922 5.988922 1.187078 6.233931 -32.180822 -8.045205 3.000000 1.000000 1.000000 0.500000 0.000000 0.000000 0 
4261 3.589000 4.436673 9.200103 9.200103 1.120037 4.763429 2.381715 5.970715 1.207285 6.136166 -31.971269 -7.992817 3.000000 1.000000 1.000000 0.500000 0.000000 0.000000 0 
4262 3.590000 4.442809 9.168131 9.168131 1.120037 4.725322 2.362661 5.952661 1.227339 6.039406 -31.763169 -7.940792 3.000000 1.000000 1.000000 0.500000 0.000000 0.000000 0 
4263 3.591000 4.448849 9.136368 9.136368 1.120037 4.687519 2.343760 5.934760 1.247240 5.943644 -31.556511 -7.889128 3.000000 1.000000 1.000000 0.500000 0.000000 0.000000 0 
4264 3.592000 4.454792 9.104812 9.104812 1.120037 4.650019 2.325010 5.917010 1.266990 5.848869 -31.351285 -7.837821 3.000000 1.000000 1.000000 0.500000 0.000000 0.000000 0 
4265 3.593000 4.460641 9.073460 9.073460 1.120037 4.612819 2.306410 5.899410 1.286590 5.755073 -31.147479 -7.786870 3.000000 1.000000 1.000000 0.500000 0.000000 0.000000 0 
4266 3.594000 4.466396 9.042313 9.042313 1.120037 4.575916 2.287958 5.881958 1.306042 5.662247 -30.945084 -7.736271 3.000000 1.000000 1.000000 0.500000 0.000000 0.000000 0 
4267 3.595000 4.472059 9.011368 9.011368 1.120037 4.539309 2.269655 5.864655 1.325345 5.570384 -30.744089 -7.686022 3.000000 1.000000 1.000000 0.500000 0.000000 0.000000 0 
4268 3.596000 4.477629 8.980624 8.980624 1.120037 4.502995 2.251497 5.847497 1.344503 5.479473 -30.544484 -7.636121 3.000000 1.000000 1.000000 0.500000 0.000000 0.000000 0 
4269 3.597000 4.483108 8.950079 8.950079 1.120037 4.466971 2.233485 5.830485 1.363515 5.389508 -30.346258 -7.586565 3.000000 1.000000 1.000000 0.500000 0.000000 0.000000 0 
4270 3.598000 4.488498 8.919733 8.919733 1.120037 4.431235 2.215617 5.813617 1.382383 5.300478 -30.149402 -7.537350 3.000000 1.000000 1.000000 0.500000 0.000000 0.000000 0 
4271 3.599000 4.493798 8.889584 8.889584 1.120037 4.395785 2.197893 5.796893 1.401107 5.212376 -29.953904 -7.488476 3.000000 1.000000 1.000000 0.500000 0.000000 0.000000 0 
4272 3.600000 4.499011 8.859630 8.859630 1.120037 4.360619 2.180309 5.780309 1.419691 5.125194 -29.759756 -7.439939 3.000000 1.000000 1.000000 0.500000 0.000000 0.000000 0 
4273 3.601000 4.504136 8.829870 8.829870 1.120037 4.325734 2.162867 5.763867 1.438133 5.038924 -29.566947 -7.391737 3.000000 1.000000 1.000000 0.500000 0.000000 0.000000 0 
4274 3.602000 4.509175 8.800303 8.800303 1.120037 4.291128 2.145564 5.747564 1.456436 4.953556 -29.375468 -7.343867 3.000000 1.000000 1.000000 0.500000 0.000000 0.000000 0 
4275 3.603000 4.514129 8.770927 8.770927 1.120037 4.256799 2.128399 5.731399 1.474601 4.869084 -29.185308 -7.296327 3.000000 1.000000 1.000000 0.500000 0.000000 0.000000 0 
4276 3.604000 4.518998 8.741742 8.741742 1.120037 4.222745 2.111372 5.715372 1.492628 4.785499 -28.996458 -7.249114 3.000000 1.000000 1.000000 0.500000 0.000000 0.000000 0 
4277 3.605000 4.523783 8.712746 8.712746 1.120037 4.188963 2.094481 5.699481 1.510519 4.702793 -28.808908 -7.202227 3.000000 1.000000 1.000000 0.500000 0.000000 0.000000 0 
4278 3.606000 4.528486 8.683937 8.683937 1.120037 4.155451 2.077725 5.683725 1.528275 4.620958 -28.622649 -7.155662 3.000000 1.000000 1.000000 0.500000 0.000000 0.000000 0 
4279 3.607000 4.533107 8.655314 8.655314 1.120037 4.122207 2.061104 5.668104 1.545896 4.539987 -28.437671 -7.109418 3.000000 1.000000 1.000000 0.500000 0.000000 0.000000 0 
4280 3.608000 4.537647 8.626876 8.626876 1.120037 4.089230 2.044615 5.652615 1.563385 4.459872 -28.253965 -7.063491 3.000000 1.000000 1.000000 0.500000 0.000000 0.000000 0 
4281 3.609000 4.542107 8.598623 8.598623 1.120037 4.056516 2.028258 5.637258 1.580742 4.380605 -28.071522 -7.017880 3.000000 1.000000 1.000000 0.500000 0.000000 0.000000 0 
4282 3.610000 4.546487 8.570551 8.570551 1.120037 4.024064 2.012032 5.622032 1.597968 4.302178 -27.890331 -6.972583 3.000000 1.000000 1.000000 0.500000 0.000000 0.000000 0 
4283 3.611000 4.550789 8.542661 8.542661 1.120037 3.991871 1.995936 5.606936 1.615064 4.224584 -27.710385 -6.927596 3.000000 1.000000 1.000000 0.500000 0.000000 0.000000 0 
4284 3.612000 4.555014 8.514950 8.514950 1.120037 3.959936 1.979968 5.591968 1.632032 4.147816 -27.531674 -6.882918 3.000000 1.000000 1.000000 0.500000 0.000000 0.000000 0 
4285 3.613000 4.559162 8.487419 8.487419 1.120037 3.928257 1.964128 5.577128 1.648872 4.071866 -27.354188 -6.838547 3.000000 1.000000 1.000000 0.500000 0.000000 0.000000 0 
4286 3.614000 4.563234 8.460064 8.460064 1.120037 3.896831 1.948415 5.562415 1.665585 3.996726 -27.177919 -6.794480 3.000000 1.000000 1.000000 0.500000 0.000000 0.000000 0 
4287 3.615000 4.567230 8.432886 8.432886 1.120037 3.865656 1.932828 5.547828 1.682172 3.922390 -27.002858 -6.750715 3.000000 1.000000 1.000000 0.500000 0.000000 0.000000 0 
4288 3.616000 4.571153 8.405884 8.405884 1.120037 3.834731 1.917365 5.533365 1.698635 3.848850 -26.828996 -6.707249 3.000000 1.000000 1.000000 0.500000 0.000000 0.000000 0 
4289 3.617000 4.575002 8.379055 8.379055 1.120037 3.804053 1.902026 5.519026 1.714974 3.776099 -26.656324 -6.664081 3.000000 1.000000 1.000000 0.500000 0.000000 0.000000 0 
4290 3.618000 4.578778 8.352398 8.352398 1.120037 3.773620 1.886810 5.504810 1.731190 3.704130 -26.484834 -6.621209 3.000000 1.000000 1.000000 0.500000 0.000000 0.000000 0 
4291 3.619000 4.582482 8.325913 8.325913 1.120037 3.743432 1.871716 5.490716 1.747284 3.632935 -26.314517 -6.578629 3.000000 1.000000 1.000000 0.500000 0.000000 0.000000 0 
4292 3.620000 4.586115 8.299599 8.299599 1.120037 3.713484 1.856742 5.476742 1.763258 3.562509 -26.145364 -6.536341 3.000000 1.000000 1.000000 0.500000 0.000000 0.000000 0 
4293 3.621000 4.589677 8.273454 8.273454 1.120037 3.683776 1.841888 5.462888 1.779112 3.492843 -25.977367 -6.494342 3.000000 1.000000 1.000000 0.500000 0.000000 0.000000 0 
4294 3.622000 4.593170 8.247476 8.247476 1.120037 3.654306 1.827153 5.449153 1.794847 3.423931 -25.810517 -6.452629 3.000000 1.000000 1.000000 0.500000 0.000000 0.000000 0 
4295 3.623000 4.596594 8.221666 8.221666 1.120037 3.625072 1.812536 5.435536 1.810464 3.355766 -25.644806 -6.411201 3.000000 1.000000 1.000000 0.500000 0.000000 0.000000 0 
4296 3.624000 4.599950 8.196021 8.196021 1.120037 3.596071 1.798035 5.422035 1.825965 3.288342 -25.480226 -6.370056 3.000000 1.000000 1.000000 0.500000 0.000000 0.000000 0 
4297 3.625000 4.603238 8.170541 8.170541 1.120037 3.567302 1.783651 5.408651 1.841349 3.221652 -25.316768 -6.329192 3.000000 1.000000 1.000000 0.500000 0.000000 0.000000 0 
4298 3.626000 4.606460 8.145224 8.145224 1.120037 3.538764 1.769382 5.395382 1.856618 3.155688 -25.154424 -6.288606 3.000000 1.000000 1.000000 0.500000 0.000000 0.000000 0 
4299 3.627000 4.609616 8.120069 8.120069 1.120037 3.510454 1.755227 5.382227 1.871773 3.090445 -24.993186 -6.248296 3.000000 1.000000 1.000000 0.500000 0.000000 0.000000 0 
4300 3.628000 4.612706 8.095076 8.095076 1.120037 3.482370 1.741185 5.369185 1.886815 3.025916 -24.833046 -6.208261 3.000000 1.000000 1.000000 0.500000 0.000000 0.000000 0 
4301 3.629000 4.615732 8.070243 8.070243 1.120037 3.454511 1.727256 5.356256 1.901744 2.962095 -24.673996 -6.168499 3.000000 1.000000 1.000000 0.500000 0.000000 0.000000 0 
4302 3.630000 4.618694 8.045569 8.045569 1.120037 3.426875 1.713438 5.343438 1.916562 2.898974 -24.516027 -6.129007 3.000000 1.000000 1.000000 0.500000 0.000000 0.000000 0 
4303 3.631000 4.621593 8.021053 8.021053 1.120037 3.399460 1.699730 5.330730 1.931270 2.836548 -24.359133 -6.089783 3.000000 1.000000 1.000000 0.500000 0.000000 0.000000 0 
4304 3.632000 4.624430 7.996694 7.996694 1.120037 3.372265 1.686132 5.318132 1.945868 2.774811 -24.203305 -6.050826 3.000000 1.000000 1.000000 0.500000 0.000000 0.000000 0 
4305 3.633000 4.627204 7.972491 7.972491 1.120037 3.345286 1.672643 5.305643 1.960357 2.713755 -24.048536 -6.012134 3.000000 1.000000 1.000000 0.500000 0.000000 0.000000 0 
4306 3.634000 4.629918 7.948442 7.948442 1.120037 3.318524 1.659262 5.293262 1.974738 2.653376 -23.894817 -5.973704 3.000000 1.000000 1.000000 0.500000 0.000000 0.000000 0 
4307 3.635000 4.632572 7.924547 7.924547 1.120037 3.291976 1.645988 5.280988 1.989012 2.593666 -23.742142 -5.935535 3.000000 1.000000 1.000000 0.500000 0.000000 0.000000 0 
4308 3.636000 4.635165 7.900805 7.900805 1.120037 3.265640 1.632820 5.268820 2.003180 2.534619 -23.590501 -5.897625 3.000000 1.000000 1.000000 0.500000 0.000000 0.000000 0 
4309 3.637000 4.637700 7.877215 7.877215 1.120037 3.239515 1.619757 5.256757 2.017243 2.476231 -23.439889 -5.859972 3.000000 1.000000 1.000000 0.500000 0.000000 0.000000 0 
4310 3.638000 4.640176 7.853775 7.853775 1.120037 3.213599 1.606799 5.244799 2.031201 2.418493 -23.290297 -5.822574 3.000000 1.000000 1.000000 0.500000 0.000000 0.000000 0 
4311 3.639000 4.642595 7.830485 7.830485 1.120037 3.187890 1.593945 5.232945 2.045055 2.361402 -23.141719 -5.785430 3.000000 1.000000 1.000000 0.500000 0.000000 0.000000 0 
4312 3.640000 4.644956 7.807343 7.807343 1.120037 3.162387 1.581193 5.221193 2.058807 2.304950 -22.994146 -5.748536 3.000000 1.000000 1.000000 0.500000 0.000000 0.000000 0 
4313 3.641000 4.647261 7.784349 7.784349 1.120037 3.137088 1.568544 5.209544 2.072456 2.249132 -22.847571 -5.711893 3.000000 1.000000 1.000000 0.500000 0.000000 0.000000 0 
4314 3.642000 4.649510 7.761501 7.761501 1.120037 3.111991 1.555996 5.197996 2.086004 2.193942 -22.701987 -5.675497 3.000000 1.000000 1.000000 0.500000 0.000000 0.000000 0 
4315 3.643000 4.651704 7.738799 7.738799 1.120037 3.087095 1.543548 5.186548 2.099452 2.139375 -22.557387 -5.639347 3.000000 1.000000 1.000000 0.500000 0.000000 0.000000 0 
4316 3.644000 4.653843 7.716242 7.716242 1.120037 3.062398 1.531199 5.175199 2.112801 2.085424 -22.413764 -5.603441 3.000000 1.000000 1.000000 0.500000 0.000000 0.000000 0 
4317 3.645000 4.655929 7.693828 7.693828 1.120037 3.037899 1.518950 5.163950 2.126050 2.032083 -22.271111 -5.567778 3.000000 1.000000 1.000000 0.500000 0.000000 0.000000 0 
4318 3.646000 4.657961 7.671557 7.671557 1.120037 3.013596 1.506798 5.152798 2.139202 1.979349 -22.129420 -5.532355 3.000000 1.000000 1.000000 0.500000 0.000000 0.000000 0 
4319 3.647000 4.659940 7.649428 7.649428 1.120037 2.989487 1.494744 5.141744 2.152256 1.927214 -21.988685 -5.497171 3.000000 1.000000 1.000000 0.500000 0.000000 0.000000 0 
4320 3.648000 4.661867 7.627439 7.627439 1.120037 2.965571 1.482786 5.130786 2.165214 1.875673 -21.848898 -5.462225 3.000000 1.000000 1.000000 0.500000 0.000000 0.000000 0 
4321 3.649000 4.663743 7.605590 7.605590 1.120037 2.941847 1.470923 5.119923 2.178077 1.824721 -21.710053 -5.427513 3.000000 1.000000 1.000000 0.500000 0.000000 0.000000 0 
4322 3.650000 4.665568 7.583880 7.583880 1.120037 2.918312 1.459156 5.109156 2.190844 1.774353 -21.572144 -5.393036 3.000000 1.000000 1.000000 0.500000 0.000000 0.000000 0 
4323 3.651000 4.667342 7.562308 7.562308 1.120037 2.894966 1.447483 5.098483 2.203517 1.724562 -21.435162 -5.358791 3.000000 1.000000 1.000000 0.500000 0.000000 0.000000 0 
4324 3.652000 4.669067 7.540873 7.540873 1.120037 2.871806 1.435903 5.087903 2.216097 1.675345 -21.299102 -5.324775 3.000000 1.000000 1.000000 0.500000 0.000000 0.000000 0 
4325 3.653000 4.670742 7.519573 7.519573 1.120037 2.848831 1.424416 5.077416 2.228584 1.626694 -21.163957 -5.290989 3.000000 1.000000 1.000000 0.500000 0.000000 0.000000 0 
4326 3.654000 4.672369 7.498410 7.498410 1.120037 2.826041 1.413020 5.067020 2.240980 1.578606 -21.029720 -5.257430 3.000000 1.000000 1.000000 0.500000 0.000000 0.000000 0 
4327 3.655000 4.673947 7.477380 7.477380 1.120037 2.803432 1.401716 5.056716 2.253284 1.531075 -20.896384 -5.224096 3.000000 1.000000 1.000000 0.500000 0.000000 0.000000 0 
4328 3.656000 4.675478 7.456483 7.456483 1.120037 2.781005 1.390502 5.046502 2.265498 1.484096 -20.763944 -5.190986 3.000000 1.000000 1.000000 0.500000 0.000000 0.000000 0 
4329 3.657000 4.676963 7.435719 7.435719 1.120037 2.758757 1.379378 5.036378 2.277622 1.437664 -20.632392 -5.158098 3.000000 1.000000 1.000000 0.500000 0.000000 0.000000 0 
4330 3.658000 4.678400 7.415087 7.415087 1.120037 2.736687 1.368343 5.026343 2.289657 1.391773 -20.501722 -5.125431 3.000000 1.000000 1.000000 0.500000 0.000000 0.000000 0 
4331 3.659000 4.679792 7.394585 7.394585 1.120037 2.714793 1.357397 5.016397 2.301603 1.346419 -20.371928 -5.092982 3.000000 1.000000 1.000000 0.500000 0.000000 0.000000 0 
4332 3.660000 4.681138 7.374213 7.374213 1.120037 2.693075 1.346538 5.006538 2.313462 1.301596 -20.243004 -5.060751 3.000000 1.000000 1.000000 0.500000 0.000000 0.000000 0 
4333 3.661000 4.682440 7.353970 7.353970 1.120037 2.671530 1.335765 4.996765 2.325235 1.257301 -20.114943 -5.028736 3.000000 1.000000 1.000000 0.500000 0.000000 0.000000 0 
4334 3.662000 4.683697 7.333855 7.333855 1.120037 2.650158 1.325079 4.987079 2.336921 1.213527 -19.987738 -4.996935 3.000000 1.000000 1.000000 0.500000 0.000000 0.000000 0 
4335 3.663000 4.684911 7.313868 7.313868 1.120037 2.628957 1.314478 4.977478 2.348522 1.170271 -19.861385 -4.965346 3.000000 1.000000 1.000000 0.500000 0.000000 0.000000 0 
4336 3.664000 4.686081 7.294006 7.294006 1.120037 2.607925 1.303963 4.967963 2.360037 1.127526 -19.735876 -4.933969 3.000000 1.000000 1.000000 0.500000 0.000000 0.000000 0 
4337 3.665000 4.687209 7.274270 7.274270 1.120037 2.587062 1.293531 4.958531 2.371469 1.085289 -19.611206 -4.902801 3.000000 1.000000 1.000000 0.500000 0.000000 0.000000 0 
4338 3.666000 4.688294 7.254659 7.254659 1.120037 2.566365 1.283183 4.949183 2.382817 1.043555 -19.487368 -4.871842 3.000000 1.000000 1.000000 0.500000 0.000000 0.000000 0 
4339 3.667000 4.689337 7.235172 7.235172 1.120037 2.545834 1.272917 4.939917 2.394083 1.002319 -19.364357 -4.841089 3.000000 1.000000 1.000000 0.500000 0.000000 0.000000 0 
4340 3.668000 4.690340 7.215808 7.215808 1.120037 2.525468 1.262734 4.930734 2.405266 0.961576 -19.242166 -4.810541 3.000000 1.000000 1.000000 0.500000 0.000000 0.000000 0 
4341 3.669000 4.691301 7.196565 7.196565 1.120037 2.505264 1.252632 4.921632 2.416368 0.921323 -19.120790 -4.780197 3.000000 1.000000 1.000000 0.500000 0.000000 0.000000 0 
4342 3.670000 4.692223 7.177445 7.177445 1.120037 2.485222 1.242611 4.912611 2.427389 0.881553 -19.000222 -4.750056 3.000000 1.000000 1.000000 0.500000 0.000000 0.000000 0 
4343 3.671000 4.693104 7.158444 7.158444 1.120037 2.465340 1.232670 4.903670 2.438330 0.842263 -18.880458 -4.720114 3.000000 1.000000 1.000000 0.500000 0.000000 0.000000 0 
4344 3.672000 4.693947 7.139564 7.139564 1.120037 2.445617 1.222809 4.894809 2.449191 0.803449 -18.761490 -4.690373 3.000000 1.000000 1.000000 0.500000 0.000000 0.000000 0 
4345 3.673000 4.694750 7.120802 7.120802 1.120037 2.426052 1.213026 4.886026 2.459974 0.765105 -18.643315 -4.660829 3.000000 1.000000 1.000000 0.500000 0.000000 0.000000 0 
4346 3.674000 4.695515 7.102159 7.102159 1.120037 2.406644 1.203322 4.877322 2.470678 0.727228 -18.525925 -4.631481 3.000000 1.000000 1.000000 0.500000 0.000000 0.000000 0 
4347 3.675000 4.696242 7.083633 7.083633 1.120037 2.387391 1.193695 4.868695 2.481305 0.689813 -18.409315 -4.602329 3.000000 1.000000 1.000000 0.500000 0.000000 0.000000 0 
4348 3.676000 4.696932 7.065224 7.065224 1.120037 2.368292 1.184146 4.860146 2.491854 0.652855 -18.293479 -4.573370 3.000000 1.000000 1.000000 0.500000 0.000000 0.000000 0 
4349 3.677000 4.697585 7.046930 7.046930 1.120037 2.349345 1.174673 4.851673 2.502327 0.616351 -18.178412 -4.544603 3.000000 1.000000 1.000000 0.500000 0.000000 0.000000 0 
4350 3.678000 4.698201 7.028752 7.028752 1.120037 2.330551 1.165275 4.843275 2.512725 0.580296 -18.064109 -4.516027 3.000000 1.000000 1.000000 0.500000 0.000000 0.000000 0 
4351 3.679000 4.698782 7.010688 7.010688 1.120037 2.311906 1.155953 4.834953 2.523047 0.544686 -17.950564 -4.487641 3.000000 1.000000 1.000000 0.500000 0.000000 0.000000 0 
4352 3.680000 4.699326 6.992737 6.992737 1.120037 2.293411 1.146706 4.826706 2.533294 0.509517 -17.837771 -4.459443 3.000000 1.000000 1.000000 0.500000 0.000000 0.000000 0 
4353 3.681000 4.699836 6.974900 6.974900 1.120037 2.275064 1.137532 4.818532 2.543468 0.474784 -17.725726 -4.431431 3.000000 1.000000 1.000000 0.500000 0.000000 0.000000 0 
4354 3.682000 4.700311 6.957174 6.957174 1.120037 2.256863 1.128432 4.810432 2.553568 0.440484 -17.614422 -4.403605 3.000000 1.000000 1.000000 0.500000 0.000000 0.000000 0 
4355 3.683000 4.700751 6.939559 6.939559 1.120037 2.238808 1.119404 4.802404 2.563596 0.406612 -17.503854 -4.375964 3.000000 1.000000 1.000000 0.500000 0.000000 0.000000 0 
4356 3.684000 4.701158 6.922056 6.922056 1.120037 2.220898 1.110449 4.794449 2.573551 0.373165 -17.394018 -4.348504 3.000000 1.000000 1.000000 0.500000 0.000000 0.000000 0 
4357 3.685000 4.701531 6.904662 6.904662 1.120037 2.203131 1.101565 4.786565 2.583435 0.340138 -17.284907 -4.321227 3.000000 1.000000 1.000000 0.500000 0.000000 0.000000 0 
4358 3.686000 4.701871 6.887377 6.887377 1.120037 2.185506 1.092753 4.778753 2.593247 0.307527 -17.176518 -4.294129 3.000000 1.000000 1.000000 0.500000 0.000000 0.000000 0 
4359 3.687000 4.702179 6.870200 6.870200 1.120037 2.168022 1.084011 4.771011 2.602989 0.275329 -17.068844 -4.267211 3.000000 1.000000 1.000000 0.500000 0.000000 0.000000 0 
4360 3.688000 4.702454 6.853131 6.853131 1.120037 2.150677 1.075339 4.763339 2.612661 0.243539 -16.961880 -4.240470 3.000000 1.000000 1.000000 0.500000 0.000000 0.000000 0 
4361 3.689000 4.702697 6.836169 6.836169 1.120037 2.133472 1.066736 4.755736 2.622264 0.212154 -16.855621 -4.213905 3.000000 1.000000 1.000000 0.500000 0.000000 0.000000 0 
4362 3.690000 4.702910 6.819314 6.819314 1.120037 2.116404 1.058202 4.748202 2.631798 0.181170 -16.750063 -4.187516 3.000000 1.000000 1.000000 0.500000 0.000000 0.000000 0 
4363 3.691000 4.703091 6.802564 6.802564 1.120037 2.099473 1.049736 4.740736 2.641264 0.150583 -16.645201 -4.161300 3.000000 1.000000 1.000000 0.500000 0.000000 0.000000 0 
4364 3.692000 4.703241 6.785918 6.785918 1.120037 2.082677 1.041339 4.733339 2.650661 0.120389 -16.541028 -4.135257 3.000000 1.000000 1.000000 0.500000 0.000000 0.000000 0 
4365 3.693000 4.703362 6.769377 6.769377 1.120037 2.066016 1.033008 4.726008 2.659992 0.090585 -16.437541 -4.109385 3.000000 1.000000 1.000000 0.500000 0.000000 0.000000 0 
4366 3.694000 4.703452 6.752940 6.752940 1.120037 2.049488 1.024744 4.718744 2.669256 0.061166 -16.334735 -4.083684 3.000000 1.000000 1.000000 0.500000 0.000000 0.000000 0 
4367 3.695000 4.703513 6.736605 6.736605 1.120037 2.033092 1.016546 4.711546 2.678454 0.032130 -16.232604 -4.058151 3.000000 1.000000 1.000000 0.500000 0.000000 0.000000 0 
4368 3.696000 4.703546 6.720373 6.720373 1.120037 2.016827 1.008414 4.704414 2.687586 0.003472 -16.131144 -4.032786 3.000000 1.000000 1.000000 0.500000 0.000000 0.000000 0 
4369 3.697000 4.703549 6.704241 6.704241 1.120037 2.000692 1.000346 4.697346 2.696654 -0.024811 -16.030351 -4.007588 3.000000 1.000000 1.000000 0.500000 0.000000 0.000000 0 
4370 3.698000 4.703524 6.688211 6.688211 1.120037 1.984687 0.992343 4.690343 2.705657 -0.052723 -15.930218 -3.982555 3.000000 1.000000 1.000000 0.500000 0.000000 0.000000 0 
4371 3.699000 4.703471 6.672281 6.672281 1.120037 1.968809 0.984405 4.683405 2.714595 -0.080267 -15.830742 -3.957686 3.000000 1.000000 1.000000 0.500000 0.000000 0.000000 0 
4372 3.700000 4.703391 6.656450 6.656450 1.120037 1.953059 0.976529 4.676529 2.723471 -0.107447 -15.731918 -3.932980 3.000000 1.000000 1.000000 0.500000 0.000000 0.000000 0 
4373 3.701000 4.703284 6.640718 6.640718 1.120037 1.937434 0.968717 4.669717 2.732283 -0.134266 -15.633742 -3.908435 3.000000 1.000000 1.000000 0.500000 0.000000 0.000000 0 
4374 3.702000 4.703150 6.625084 6.625084 1.120037 1.921935 0.960967 4.662967 2.741033 -0.160728 -15.536208 -3.884052 3.000000 1.000000 1.000000 0.500000 0.000000 0.000000 0 
4375 3.703000 4.702989 6.609548 6.609548 1.120037 1.906559 0.953280 4.656280 2.749720 -0.186836 -15.439312 -3.859828 3.000000 1.000000 1.000000 0.500000 0.000000 0.000000 0 
4376 3.704000 4.702802 6.594109 6.594109 1.120037 1.891307 0.945653 4.649653 2.758347 -0.212594 -15.343050 -3.835762 3.000000 1.000000 1.000000 0.500000 0.000000 0.000000 0 
4377 3.705000 4.702589 6.578766 6.578766 1.120037 1.876177 0.938088 4.643088 2.766912 -0.238004 -15.247417 -3.811854 3.000000 1.000000 1.000000 0.500000 0.000000 0.000000 0 
4378 3.706000 4.702351 6.563518 6.563518 1.120037 1.861167 0.930584 4.636584 2.775416 -0.263071 -15.152408 -3.788102 3.000000 1.000000 1.000000 0.500000 0.000000 0.000000 0 
4379 3.707000 4.702088 6.548366 6.548366 1.120037 1.846278 0.923139 4.630139 2.783861 -0.287798 -15.058020 -3.764505 3.000000 1.000000 1.000000 0.500000 0.000000 0.000000 0 
4380 3.708000 4.701800 6.533308 6.533308 1.120037 1.831508 0.915754 4.623754 2.792246 -0.312187 -14.964247 -3.741062 3.000000 1.000000 1.000000 0.500000 0.000000 0.000000 0 
4381 3.709000 4.701488 6.518344 6.518344 1.120037 1.816855 0.908428 4.617428 2.800572 -0.336242 -14.871086 -3.717772 3.000000 1.000000 1.000000 0.500000 0.000000 0.000000 0 
4382 3.710000 4.701152 6.503473 6.503473 1.120037 1.802321 0.901160 4.611160 2.808840 -0.359967 -14.778532 -3.694633 3.000000 1.000000 1.000000 0.500000 0.000000 0.000000 0 
4383 3.711000 4.700792 6.488694 6.488694 1.120037 1.787902 0.893951 4.604951 2.817049 -0.383364 -14.686581 -3.671645 3.000000 1.000000 1.000000 0.500000 0.000000 0.000000 0 
4384 3.712000 4.700409 6.474008 6.474008 1.120037 1.773599 0.886799 4.598799 2.825201 -0.406437 -14.595228 -3.648807 3.000000 1.000000 1.000000 0.500000 0.000000 0.000000 0 
4385 3.713000 4.700002 6.459412 6.459412 1.120037 1.759410 0.879705 4.592705 2.833295 -0.429189 -14.504470 -3.626117 3.000000 1.000000 1.000000 0.500000 0.000000 0.000000 0 
4386 3.714000 4.699573 6.444908 6.444908 1.120037 1.745335 0.872667 4.586667 2.841333 -0.451623 -14.414301 -3.603575 3.000000 1.000000 1.000000 0.500000 0.000000 0.000000 0 
4387 3.715000 4.699121 6.430494 6.430494 1.120037 1.731372 0.865686 4.580686 2.849314 -0.473742 -14.324719 -3.581180 3.000000 1.000000 1.000000 0.500000 0.000000 0.000000 0 
4388 3.716000 4.698648 6.416169 6.416169 1.120037 1.717521 0.858761 4.574761 2.857239 -0.495549 -14.235718 -3.558929 3.000000 1.000000 1.000000 0.500000 0.000000 0.000000 0 
4389 3.717000 4.698152 6.401933 6.401933 1.120037 1.703781 0.851890 4.568890 2.865110 -0.517047 -14.147295 -3.536824 3.000000 1.000000 1.000000 0.500000 0.000000 0.000000 0 
4390 3.718000 4.697635 6.387786 6.387786 1.120037 1.690151 0.845075 4.563075 2.872925 -0.538239 -14.059445 -3.514861 3.000000 1.000000 1.000000 0.500000 0.000000 0.000000 0 
4391 3.719000 4.697097 6.373726 6.373726 1.120037 1.676630 0.838315 4.557315 2.880685 -0.559129 -13.972165 -3.493041 3.000000 1.000000 1.000000 0.500000 0.000000 0.000000 0 
4392 3.720000 4.696538 6.359754 6.359754 1.120037 1.663216 0.831608 4.551608 2.888392 -0.579718 -13.885450 -3.471363 3.000000 1.000000 1.000000 0.500000 0.000000 0.000000 0 
4393 3.721000 4.695958 6.345869 6.345869 1.120037 1.649911 0.824955 4.545955 2.896045 -0.600011 -13.799297 -3.449824 3.000000 1.000000 1.000000 0.500000 0.000000 0.000000 0 
4394 3.722000 4.695358 6.332070 6.332070 1.120037 1.636711 0.818356 4.540356 2.903644 -0.620009 -13.713701 -3.428425 3.000000 1.000000 1.000000 0.500000 0.000000 0.000000 0 
4395 3.723000 4.694738 6.318356 6.318356 1.120037 1.623618 0.811809 4.534809 2.911191 -0.639717 -13.628659 -3.407165 3.000000 1.000000 1.000000 0.500000 0.000000 0.000000 0 
4396 3.724000 4.694098 6.304727 6.304727 1.120037 1.610629 0.805314 4.529314 2.918686 -0.659136 -13.544166 -3.386042 3.000000 1.000000 1.000000 0.500000 0.000000 0.000000 0 
4397 3.725000 4.693439 6.291183 6.291183 1.120037 1.597744 0.798872 4.523872 2.926128 -0.678269 -13.460220 -3.365055 3.000000 1.000000 1.000000 0.500000 0.000000 0.000000 0 
4398 3.726000 4.692761 6.277723 6.277723 1.120037 1.584962 0.792481 4.518481 2.933519 -0.697120 -13.376815 -3.344204 3.000000 1.000000 1.000000 0.500000 0.000000 0.000000 0 
4399 3.727000 4.692064 6.264346 6.264346 1.120037 1.572282 0.786141 4.513141 2.940859 -0.715691 -13.293948 -3.323487 3.000000 1.000000 1.000000 0.500000 0.000000 0.000000 0 
4400 3.728000 4.691348 6.251052 6.251052 1.120037 1.559704 0.779852 4.507852 2.948148 -0.733985 -13.211616 -3.302904 3.000000 1.000000 1.000000 0.500000 0.000000 0.000000 0 
4401 3.729000 4.690614 6.237840 6.237840 1.120037 1.547226 0.773613 4.502613 2.955387 -0.752004 -13.129814 -3.282454 3.000000 1.000000 1.000000 0.500000 0.000000 0.000000 0 
4402 3.730000 4.689862 6.224711 6.224711 1.120037 1.534848 0.767424 4.497424 2.962576 -0.769752 -13.048539 -3.262135 3.000000 1.000000 1.000000 0.500000 0.000000 0.000000 0 
4403 3.731000 4.689092 6.211662 6.211662 1.120037 1.522570 0.761285 4.492285 2.969715 -0.787230 -12.967787 -3.241947 3.000000 1.000000 1.000000 0.500000 0.000000 0.000000 0 
4404 3.732000 4.688305 6.198694 6.198694 1.120037 1.510389 0.755195 4.487195 2.976805 -0.804442 -12.887555 -3.221889 3.000000 1.000000 1.000000 0.500000 0.000000 0.000000 0 
4405 3.733000 4.687501 6.185807 6.185807 1.120037 1.498306 0.749153 4.482153 2.983847 -0.821391 -12.807839 -3.201960 3.000000 1.000000 1.000000 0.500000 0.000000 0.000000 0 
4406 3.734000 4.686679 6.172999 6.172999 1.120037 1.486320 0.743160 4.477160 2.990840 -0.838078 -12.728635 -3.182159 3.000000 1.000000 1.000000 0.500000 0.000000 0.000000 0 
4407 3.735000 4.685841 6.160270 6.160270 1.120037 1.474429 0.737214 4.472214 2.997786 -0.854507 -12.649939 -3.162485 3.000000 1.000000 1.000000 0.500000 0.000000 0.000000 0 
4408 3.736000 4.684987 6.147620 6.147620 1.120037 1.462634 0.731317 4.467317 3.004683 -0.870680 -12.571748 -3.142937 3.000000 1.000000 1.000000 0.500000 0.000000 0.000000 0 
4409 3.737000 4.684116 6.135049 6.135049 1.120037 1.450932 0.725466 4.462466 3.011534 -0.886599 -12.494059 -3.123515 3.000000 1.000000 1.000000 0.500000 0.000000 0.000000 0 
4410 3.738000 4.683229 6.122554 6.122554 1.120037 1.439325 0.719663 4.457663 3.018337 -0.902268 -12.416868 -3.104217 3.000000 1.000000 1.000000 0.500000 0.000000 0.000000 0 
4411 3.739000 4.682327 6.110138 6.110138 1.120037 1.427810 0.713905 4.452905 3.025095 -0.917688 -12.340171 -3.085043 3.000000 1.000000 1.000000 0.500000 0.000000 0.000000 0 
4412 3.740000 4.681409 6.097797 6.097797 1.120037 1.416388 0.708194 4.448194 3.031806 -0.932862 -12.263966 -3.065991 3.000000 1.000000 1.000000 0.500000 0.000000 0.000000 0 
4413 3.741000 4.680477 6.085533 6.085533 1.120037 1.405057 0.702528 4.443528 3.038472 -0.947793 -12.188248 -3.047062 3.000000 1.000000 1.000000 0.500000 0.000000 0.000000 0 
4414 3.742000 4.679529 6.073345 6.073345 1.120037 1.393816 0.696908 4.438908 3.045092 -0.962483 -12.113014 -3.028253 3.000000 1.000000 1.000000 0.500000 0.000000 0.000000 0 
4415 3.743000 4.678566 6.061232 6.061232 1.120037 1.382666 0.691333 4.434333 3.051667 -0.976934 -12.038261 -3.009565 3.000000 1.000000 1.000000 0.500000 0.000000 0.000000 0 
4416 3.744000 4.677589 6.049194 6.049194 1.120037 1.371605 0.685802 4.429802 3.058198 -0.991149 -11.963985 -2.990996 3.000000 1.000000 1.000000 0.500000 0.000000 0.000000 0 
4417 3.745000 4.676598 6.037230 6.037230 1.120037 1.360632 0.680316 4.425316 3.064684 -1.005130 -11.890183 -2.972546 3.000000 1.000000 1.000000 0.500000 0.000000 0.000000 0 
4418 3.746000 4.675593 6.025340 6.025340 1.120037 1.349747 0.674873 4.420873 3.071127 -1.018879 -11.816852 -2.954213 3.000000 1.000000 1.000000 0.500000 0.000000 0.000000 0 
4419 3.747000 4.674574 6.013523 6.013523 1.120037 1.338949 0.669474 4.416474 3.077526 -1.032400 -11.743989 -2.935997 3.000000 1.000000 1.000000 0.500000 0.000000 0.000000 0 
4420 3.748000 4.673542 6.001779 6.001779 1.120037 1.328237 0.664119 4.412119 3.083881 -1.045693 -11.671590 -2.917897 3.000000 1.000000 1.000000 0.500000 0.000000 0.000000 0 
4421 3.749000 4.672496 5.990107 5.990107 1.120037 1.317611 0.658806 4.407806 3.090194 -1.058762 -11.599652 -2.899913 3.000000 1.000000 1.000000 0.500000 0.000000 0.000000 0 
4422 3.750000 4.671437 5.978508 5.978508 1.120037 1.307070 0.653535 4.403535 3.096465 -1.071609 -11.528171 -2.882043 3.000000 1.000000 1.000000 0.500000 0.000000 0.000000 0 
4423 3.751000 4.670366 5.966980 5.966980 1.120037 1.296614 0.648307 4.399307 3.102693 -1.084236 -11.457146 -2.864286 3.000000 1.000000 1.000000 0.500000 0.000000 0.000000 0 
4424 3.752000 4.669282 5.955522 5.955522 1.120037 1.286241 0.643120 4.395120 3.108880 -1.096645 -11.386571 -2.846643 3.000000 1.000000 1.000000 0.500000 0.000000 0.000000 0 
4425 3.753000 4.668185 5.944136 5.944136 1.120037 1.275951 0.637975 4.390975 3.115025 -1.108838 -11.316445 -2.829111 3.000000 1.000000 1.000000 0.500000 0.000000 0.000000 0 
4426 3.754000 4.667076 5.932819 5.932819 1.120037 1.265743 0.632872 4.386872 3.121128 -1.120818 -11.246764 -2.811691 3.000000 1.000000 1.000000 0.500000 0.000000 0.000000 0 
4427 3.755000 4.665955 5.921573 5.921573 1.120037 1.255617 0.627809 4.382809 3.127191 -1.132586 -11.177525 -2.794381 3.000000 1.000000 1.000000 0.500000 0.000000 0.000000 0 
4428 3.756000 4.664823 5.910395 5.910395 1.120037 1.245572 0.622786 4.378786 3.133214 -1.144146 -11.108725 -2.777181 3.000000 1.000000 1.000000 0.500000 0.000000 0.000000 0 
4429 3.757000 4.663679 5.899286 5.899286 1.120037 1.235608 0.617804 4.374804 3.139196 -1.155498 -11.040361 -2.760090 3.000000 1.000000 1.000000 0.500000 0.000000 0.000000 0 
4430 3.758000 4.662523 5.888246 5.888246 1.120037 1.225723 0.612861 4.370861 3.145139 -1.166646 -10.972430 -2.743107 3.000000 1.000000 1.000000 0.500000 0.000000 0.000000 0 
4431 3.759000 4.661356 5.877274 5.877274 1.120037 1.215917 0.607959 4.366959 3.151041 -1.177591 -10.904929 -2.726232 3.000000 1.000000 1.000000 0.500000 0.000000 0.000000 0 
4432 3.760000 4.660179 5.866369 5.866369 1.120037 1.206190 0.603095 4.363095 3.156905 -1.188335 -10.837854 -2.709464 3.000000 1.000000 1.000000 0.500000 0.000000 0.000000 0 
4433 3.761000 4.658990 5.855531 5.855531 1.120037 1.196540 0.598270 4.359270 3.162730 -1.198881 -10.771204 -2.692801 3.000000 1.000000 1.000000 0.500000 0.000000 0.000000 0 
4434 3.762000 4.657792 5.844760 5.844760 1.120037 1.186968 0.593484 4.355484 3.168516 -1.209230 -10.704974 -2.676244 3.000000 1.000000 1.000000 0.500000 0.000000 0.000000 0 
4435 3.763000 4.656582 5.834055 5.834055 1.120037 1.177472 0.588736 4.351736 3.174264 -1.219385 -10.639163 -2.659791 3.000000 1.000000 1.000000 0.500000 0.000000 0.000000 0 
4436 3.764000 4.655363 5.823415 5.823415 1.120037 1.168052 0.584026 4.348026 3.179974 -1.229347 -10.573767 -2.643442 3.000000 1.000000 1.000000 0.500000 0.000000 0.000000 0 
4437 3.765000 4.654134 5.812842 5.812842 1.120037 1.158708 0.579354 4.344354 3.185646 -1.239118 -10.508783 -2.627196 3.000000 1.000000 1.000000 0.500000 0.000000 0.000000 0 
4438 3.766000 4.652894 5.802333 5.802333 1.120037 1.149438 0.574719 4.340719 3.191281 -1.248701 -10.444208 -2.611052 3.000000 1.000000 1.000000 0.500000 0.000000 0.000000 0 
4439 3.767000 4.651646 5.791889 5.791889 1.120037 1.140243 0.570121 4.337121 3.196879 -1.258097 -10.380040 -2.595010 3.000000 1.000000 1.000000 0.500000 0.000000 0.000000 0 
4440 3.768000 4.650388 5.781509 5.781509 1.120037 1.131121 0.565560 4.333560 3.202440 -1.267309 -10.316276 -2.579069 3.000000 1.000000 1.000000 0.500000 0.000000 0.000000 0 
4441 3.769000 4.649120 5.771192 5.771192 1.120037 1.122072 0.561036 4.330036 3.207964 -1.276338 -10.252913 -2.563228 3.000000 1.000000 1.000000 0.500000 0.000000 0.000000 0 
4442 3.770000 4.647844 5.760939 5.760939 1.120037 1.113095 0.556548 4.326548 3.213452 -1.285185 -10.189949 -2.547487 3.000000 1.000000 1.000000 0.500000 0.000000 0.000000 0 
4443 3.771000 4.646559 5.750749 5.750749 1.120037 1.104191 0.552095 4.323095 3.218905 -1.293854 -10.127379 -2.531845 3.000000 1.000000 1.000000 0.500000 0.000000 0.000000 0 
4444 3.772000 4.645265 5.740622 5.740622 1.120037 1.095357 0.547679 4.319679 3.224321 -1.302346 -10.065203 -2.516301 3.000000 1.000000 1.000000 0.500000 0.000000 0.000000 0 
4445 3.773000 4.643963 5.730557 5.730557 1.120037 1.086594 0.543297 4.316297 3.229703 -1.310662 -10.003416 -2.500854 3.000000 1.000000 1.000000 0.500000 0.000000 0.000000 0 
4446 3.774000 4.642652 5.720553 5.720553 1.120037 1.077902 0.538951 4.312951 3.235049 -1.318805 -9.942017 -2.485504 3.000000 1.000000 1.000000 0.500000 0.000000 0.000000 0 
4447 3.775000 4.641333 5.710611 5.710611 1.120037 1.069278 0.534639 4.309639 3.240361 -1.326776 -9.881003 -2.470251 3.000000 1.000000 1.000000 0.500000 0.000000 0.000000 0 
4448 3.776000 4.640006 5.700730 5.700730 1.120037 1.060724 0.530362 4.306362 3.245638 -1.334578 -9.820370 -2.455093 3.000000 1.000000 1.000000 0.500000 0.000000 0.000000 0 
4449 3.777000 4.638672 5.690910 5.690910 1.120037 1.052238 0.526119 4.303119 3.250881 -1.342211 -9.760117 -2.440029 3.000000 1.000000 1.000000 0.500000 0.000000 0.000000 0 
4450 3.778000 4.637330 5.681150 5.681150 1.120037 1.043820 0.521910 4.299910 3.256090 -1.349678 -9.700241 -2.425060 3.000000 1.000000 1.000000 0.500000 0.000000 0.000000 0 
4451 3.779000 4.635980 5.671450 5.671450 1.120037 1.035470 0.517735 4.296735 3.261265 -1.356980 -9.640739 -2.410185 3.000000 1.000000 1.000000 0.500000 0.000000 0.000000 0 
4452 3.780000 4.634623 5.661809 5.661809 1.120037 1.027186 0.513593 4.293593 3.266407 -1.364120 -9.581608 -2.395402 3.000000 1.000000 1.000000 0.500000 0.000000 0.000000 0 
4453 3.781000 4.633259 5.652227 5.652227 1.120037 1.018969 0.509484 4.290484 3.271516 -1.371098 -9.522847 -2.380712 3.000000 1.000000 1.000000 0.500000 0.000000 0.000000 0 
4454 3.782000 4.631888 5.642705 5.642705 1.120037 1.010817 0.505408 4.287408 3.276592 -1.377917 -9.464452 -2.366113 3.000000 1.000000 1.000000 0.500000 0.000000 0.000000 0 
4455 3.783000 4.630510 5.633240 5.633240 1.120037 1.002730 0.501365 4.284365 3.281635 -1.384579 -9.406421 -2.351605 3.000000 1.000000 1.000000 0.500000 0.000000 0.000000 0 
4456 3.784000 4.629125 5.623834 5.623834 1.120037 0.994708 0.497354 4.281354 3.286646 -1.391084 -9.348752 -2.337188 3.000000 1.000000 1.000000 0.500000 0.000000 0.000000 0 
4457 3.785000 4.627734 5.614485 5.614485 1.120037 0.986751 0.493375 4.278375 3.291625 -1.397435 -9.291441 -2.322860 3.000000 1.000000 1.000000 0.500000 0.000000 0.000000 0 
4458 3.786000 4.626337 5.605193 5.605193 1.120037 0.978857 0.489428 4.275428 3.296572 -1.403633 -9.234487 -2.308622 3.000000 1.000000 1.000000 0.500000 0.000000 0.000000 0 
4459 3.787000 4.624933 5.595959 5.595959 1.120037 0.971026 0.485513 4.272513 3.301487 -1.409681 -9.177888 -2.294472 3.000000 1.000000 1.000000 0.500000 0.000000 0.000000 0 
4460 3.788000 4.623523 5.586781 5.586781 1.120037 0.963258 0.481629 4.269629 3.306371 -1.415578 -9.121640 -2.280410 3.000000 1.000000 1.000000 0.500000 0.000000 0.000000 0 
4461 3.789000 4.622108 5.577659 5.577659 1.120037 0.955552 0.477776 4.266776 3.311224 -1.421328 -9.065741 -2.266435 3.000000 1.000000 1.000000 0.500000 0.000000 0.000000 0 
4462 3.790000 4.620687 5.568594 5.568594 1.120037 0.947907 0.473954 4.263954 3.316046 -1.426932 -9.010189 -2.252547 3.000000 1.000000 1.000000 0.500000 0.000000 0.000000 0 
4463 3.791000 4.619260 5.559584 5.559584 1.120037 0.940324 0.470162 4.261162 3.320838 -1.432390 -8.954982 -2.238746 3.000000 1.000000 1.000000 0.500000 0.000000 0.000000 0 
4464 3.792000 4.617827 5.550629 5.550629 1.120037 0.932801 0.466401 4.258401 3.325599 -1.437706 -8.900117 -2.225029 3.000000 1.000000 1.000000 0.500000 0.000000 0.000000 0 
4465 3.793000 4.616389 5.541728 5.541728 1.120037 0.925339 0.462669 4.255669 3.330331 -1.442880 -8.845592 -2.211398 3.000000 1.000000 1.000000 0.500000 0.000000 0.000000 0 
4466 3.794000 4.614947 5.532883 5.532883 1.120037 0.917936 0.458968 4.252968 3.335032 -1.447914 -8.791404 -2.197851 3.000000 1.000000 1.000000 0.500000 0.000000 0.000000 0 
4467 3.795000 4.613499 5.524091 5.524091 1.120037 0.910593 0.455296 4.250296 3.339704 -1.452809 -8.737551 -2.184388 3.000000 1.000000 1.000000 0.500000 0.000000 0.000000 0 
4468 3.796000 4.612046 5.515354 5.515354 1.120037 0.903308 0.451654 4.247654 3.344346 -1.457567 -8.684032 -2.171008 3.000000 1.000000 1.000000 0.500000 0.000000 0.000000 0 
4469 3.797000 4.610588 5.506670 5.506670 1.120037 0.896082 0.448041 4.245041 3.348959 -1.462190 -8.630843 -2.157711 3.000000 1.000000 1.000000 0.500000 0.000000 0.000000 0 
4470 3.798000 4.609126 5.498039 5.498039 1.120037 0.888913 0.444456 4.242456 3.353544 -1.466679 -8.577982 -2.144495 3.000000 1.000000 1.000000 0.500000 0.000000 0.000000 0 
4471 3.799000 4.607659 5.489461 5.489461 1.120037 0.881802 0.440901 4.239901 3.358099 -1.471035 -8.525447 -2.131362 3.000000 1.000000 1.000000 0.500000 0.000000 0.000000 0 
4472 3.800000 4.606188 5.480936 5.480936 1.120037 0.874747 0.437374 4.237374 3.362626 -1.475259 -8.473237 -2.118309 3.000000 1.000000 1.000000 0.500000 0.000000 0.000000 0 
4473 3.801000 4.604713 5.472462 5.472462 1.120037 0.867749 0.433875 4.234875 3.367125 -1.479354 -8.421348 -2.105337 3.000000 1.000000 1.000000 0.500000 0.000000 0.000000 0 
4474 3.802000 4.603234 5.464041 5.464041 1.120037 0.860807 0.430404 4.232404 3.371596 -1.483321 -8.369778 -2.092445 3.000000 1.000000 1.000000 0.500000 0.000000 0.000000 0 
4475 3.803000 4.601750 5.455671 5.455671 1.120037 0.853921 0.426960 4.229960 3.376040 -1.487160 -8.318526 -2.079632 3.000000 1.000000 1.000000 0.500000 0.000000 0.000000 0 
4476 3.804000 4.600263 5.447353 5.447353 1.120037 0.847089 0.423545 4.227545 3.380455 -1.490874 -8.267590 -2.066897 3.000000 1.000000 1.000000 0.500000 0.000000 0.000000 0 
4477 3.805000 4.598772 5.439085 5.439085 1.120037 0.840313 0.420156 4.225156 3.384844 -1.494464 -8.216966 -2.054241 3.000000 1.000000 1.000000 0.500000 0.000000 0.000000 0 
4478 3.806000 4.597278 5.430868 5.430868 1.120037 0.833590 0.416795 4.222795 3.389205 -1.497932 -8.166653 -2.041663 3.000000 1.000000 1.000000 0.500000 0.000000 0.000000 0 
4479 3.807000 4.595780 5.422701 5.422701 1.120037 0.826921 0.413461 4.220461 3.393539 -1.501277 -8.116649 -2.029162 3.000000 1.000000 1.000000 0.500000 0.000000 0.000000 0 
4480 3.808000 4.594279 5.414585 5.414585 1.120037 0.820306 0.410153 4.218153 3.397847 -1.504503 -8.066952 -2.016738 3.000000 1.000000 1.000000 0.500000 0.000000 0.000000 0 
4481 3.809000 4.592774 5.406518 5.406518 1.120037 0.813744 0.406872 4.215872 3.402128 -1.507610 -8.017559 -2.004390 3.000000 1.000000 1.000000 0.500000 0.000000 0.000000 0 
4482 3.810000 4.591267 5.398500 5.398500 1.120037 0.807234 0.403617 4.213617 3.406383 -1.510599 -7.968469 -1.992117 3.000000 1.000000 1.000000 0.500000 0.000000 0.000000 0 
4483 3.811000 4.589756 5.390532 5.390532 1.120037 0.800776 0.400388 4.211388 3.410612 -1.513473 -7.919679 -1.979920 3.000000 1.000000 1.000000 0.500000 0.000000 0.000000 0 
4484 3.812000 4.588243 5.382612 5.382612 1.120037 0.794370 0.397185 4.209185 3.414815 -1.516231 -7.871188 -1.967797 3.000000 1.000000 1.000000 0.500000 0.000000 0.000000 0 
4485 3.813000 4.586726 5.374741 5.374741 1.120037 0.788015 0.394007 4.207007 3.418993 -1.518876 -7.822993 -1.955748 3.000000 1.000000 1.000000 0.500000 0.000000 0.000000 0 
4486 3.814000 4.585207 5.366918 5.366918 1.120037 0.781711 0.390855 4.204855 3.423145 -1.521409 -7.775093 -1.943773 3.000000 1.000000 1.000000 0.500000 0.000000 0.000000 0 
4487 3.815000 4.583686 5.359143 5.359143 1.120037 0.775457 0.387728 4.202728 3.427272 -1.523831 -7.727485 -1.931871 3.000000 1.000000 1.000000 0.500000 0.000000 0.000000 0 
4488 3.816000 4.582162 5.351415 5.351415 1.120037 0.769253 0.384627 4.200627 3.431373 -1.526143 -7.680168 -1.920042 3.000000 1.000000 1.000000 0.500000 0.000000 0.000000 0 
4489 3.817000 4.580636 5.343735 5.343735 1.120037 0.763099 0.381550 4.198550 3.435450 -1.528346 -7.633139 -1.908285 3.000000 1.000000 1.000000 0.500000 0.000000 0.000000 0 
4490 3.818000 4.579108 5.336102 5.336102 1.120037 0.756994 0.378497 4.196497 3.439503 -1.530442 -7.586397 -1.896599 3.000000 1.000000 1.000000 0.500000 0.000000 0.000000 0 
4491 3.819000 4.577577 5.328516 5.328516 1.120037 0.750938 0.375469 4.194469 3.443531 -1.532432 -7.539940 -1.884985 3.000000 1.000000 1.000000 0.500000 0.000000 0.000000 0 
4492 3.820000 4.576045 5.320976 5.320976 1.120037 0.744931 0.372465 4.192465 3.447535 -1.534318 -7.493765 -1.873441 3.000000 1.000000 1.000000 0.500000 0.000000 0.000000 0 
4493 3.821000 4.574511 5.313482 5.313482 1.120037 0.738971 0.369486 4.190486 3.451514 -1.536099 -7.447871 -1.861968 3.000000 1.000000 1.000000 0.500000 0.000000 0.000000 0 
4494 3.822000 4.572974 5.306034 5.306034 1.120037 0.733060 0.366530 4.188530 3.455470 -1.537778 -7.402256 -1.850564 3.000000 1.000000 1.000000 0.500000 0.000000 0.000000 0 
4495 3.823000 4.571437 5.298632 5.298632 1.120037 0.727195 0.363598 4.186598 3.459402 -1.539356 -7.356918 -1.839230 3.000000 1.000000 1.000000 0.500000 0.000000 0.000000 0 
4496 3.824000 4.569897 5.291275 5.291275 1.120037 0.721378 0.360689 4.184689 3.463311 -1.540834 -7.311855 -1.827964 3.000000 1.000000 1.000000 0.500000 0.000000 0.000000 0 
4497 3.825000 4.568356 5.283963 5.283963 1.120037 0.715607 0.357803 4.182803 3.467197 -1.542213 -7.267066 -1.816766 3.000000 1.000000 1.000000 0.500000 0.000000 0.000000 0 
4498 3.826000 4.566814 5.276696 5.276696 1.120037 0.709882 0.354941 4.180941 3.471059 -1.543494 -7.222548 -1.805637 3.000000 1.000000 1.000000 0.500000 0.000000 0.000000 0 
4499 3.827000 4.565271 5.269474 5.269474 1.120037 0.704203 0.352101 4.179101 3.474899 -1.544678 -7.178299 -1.794575 3.000000 1.000000 1.000000 0.500000 0.000000 0.000000 0 
4500 3.828000 4.563726 5.262295 5.262295 1.120037 0.698569 0.349285 4.177285 3.478715 -1.545766 -7.134319 -1.783580 3.000000 1.000000 1.000000 0.500000 0.000000 0.000000 0 
4501 3.829000 4.562180 5.255161 5.255161 1.120037 0.692981 0.346490 4.175490 3.482510 -1.546760 -7.090605 -1.772651 3.000000 1.000000 1.000000 0.500000 0.000000 0.000000 0 
4502 3.830000 4.560634 5.248070 5.248070 1.120037 0.687437 0.343718 4.173718 3.486282 -1.547661 -7.047155 -1.761789 3.000000 1.000000 1.000000 0.500000 0.000000 0.000000 0 
4503 3.831000 4.559086 5.241023 5.241023 1.120037 0.681937 0.340969 4.171969 3.490031 -1.548469 -7.003967 -1.750992 3.000000 1.000000 1.000000 0.500000 0.000000 0.000000 0 
4504 3.832000 4.557537 5.234019 5.234019 1.120037 0.676482 0.338241 4.170241 3.493759 -1.549186 -6.961040 -1.740260 3.000000 1.000000 1.000000 0.500000 0.000000 0.000000 0 
4505 3.833000 4.555988 5.227058 5.227058 1.120037 0.671070 0.335535 4.168535 3.497465 -1.549813 -6.918372 -1.729593 3.000000 1.000000 1.000000 0.500000 0.000000 0.000000 0 
4506 3.834000 4.554438 5.220140 5.220140 1.120037 0.665701 0.332851 4.166851 3.501149 -1.550351 -6.875962 -1.718990 3.000000 1.000000 1.000000 0.500000 0.000000 0.000000 0 
4507 3.835000 4.552888 5.213264 5.213264 1.120037 0.660376 0.330188 4.165188 3.504812 -1.550801 -6.833807 -1.708452 3.000000 1.000000 1.000000 0.500000 0.000000 0.000000 0 
4508 3.836000 4.551337 5.206430 5.206430 1.120037 0.655093 0.327546 4.163546 3.508454 -1.551164 -6.791905 -1.697976 3.000000 1.000000 1.000000 0.500000 0.000000 0.000000 0 
4509 3.837000 4.549786 5.199638 5.199638 1.120037 0.649852 0.324926 4.161926 3.512074 -1.551441 -6.750256 -1.687564 3.000000 1.000000 1.000000 0.500000 0.000000 0.000000 0 
4510 3.838000 4.548235 5.192888 5.192888 1.120037 0.644653 0.322327 4.160327 3.515673 -1.551633 -6.708858 -1.677214 3.000000 1.000000 1.000000 0.500000 0.000000 0.000000 0 
4511 3.839000 4.546683 5.186179 5.186179 1.120037 0.639496 0.319748 4.158748 3.519252 -1.551740 -6.667708 -1.666927 3.000000 1.000000 1.000000 0.500000 0.000000 0.000000 0 
4512 3.840000 4.545131 5.179511 5.179511 1.120037 0.634380 0.317190 4.157190 3.522810 -1.551765 -6.626805 -1.656701 3.000000 1.000000 1.000000 0.500000 0.000000 0.000000 0 
4513 3.841000 4.543580 5.172884 5.172884 1.120037 0.629305 0.314652 4.155652 3.526348 -1.551708 -6.586148 -1.646537 3.000000 1.000000 1.000000 0.500000 0.000000 0.000000 0 
4514 3.842000 4.542028 5.166298 5.166298 1.120037 0.624270 0.312135 4.154135 3.529865 -1.551570 -6.545734 -1.636434 3.000000 1.000000 1.000000 0.500000 0.000000 0.000000 0 
4515 3.843000 4.540476 5.159753 5.159753 1.120037 0.619276 0.309638 4.152638 3.533362 -1.551353 -6.505563 -1.626391 3.000000 1.000000 1.000000 0.500000 0.000000 0.000000 0 
4516 3.844000 4.538925 5.153247 5.153247 1.120037 0.614322 0.307161 4.151161 3.536839 -1.551056 -6.465632 -1.616408 3.000000 1.000000 1.000000 0.500000 0.000000 0.000000 0 
4517 3.845000 4.537374 5.146781 5.146781 1.120037 0.609408 0.304704 4.149704 3.540296 -1.550680 -6.425941 -1.606485 3.000000 1.000000 1.000000 0.500000 0.000000 0.000000 0 
4518 3.846000 4.535823 5.140355 5.140355 1.120037 0.604532 0.302266 4.148266 3.543734 -1.550228 -6.386486 -1.596622 3.000000 1.000000 1.000000 0.500000 0.000000 0.000000 0 
4519 3.847000 4.534273 5.133969 5.133969 1.120037 0.599696 0.299848 4.146848 3.547152 -1.549700 -6.347268 -1.586817 3.000000 1.000000 1.000000 0.500000 0.000000 0.000000 0 
4520 3.848000 4.532723 5.127622 5.127622 1.120037 0.594898 0.297449 4.145449 3.550551 -1.549096 -6.308284 -1.577071 3.000000 1.000000 1.000000 0.500000 0.000000 0.000000 0 
4521 3.849000 4.531174 5.121313 5.121313 1.120037 0.590139 0.295070 4.144070 3.553930 -1.548418 -6.269532 -1.567383 3.000000 1.000000 1.000000 0.500000 0.000000 0.000000 0 
4522 3.850000 4.529626 5.115044 5.115044 1.120037 0.585418 0.292709 4.142709 3.557291 -1.547667 -6.231012 -1.557753 3.000000 1.000000 1.000000 0.500000 0.000000 0.000000 0 
4523 3.851000 4.528078 5.108813 5.108813 1.120037 0.580735 0.290367 4.141367 3.560633 -1.546843 -6.192721 -1.548180 3.000000 1.000000 1.000000 0.500000 0.000000 0.000000 0 
4524 3.852000 4.526531 5.102620 5.102620 1.120037 0.576089 0.288044 4.140044 3.563956 -1.545947 -6.154658 -1.538665 3.000000 1.000000 1.000000 0.500000 0.000000 0.000000 0 
4525 3.853000 4.524985 5.096465 5.096465 1.120037 0.571480 0.285740 4.138740 3.567260 -1.544981 -6.116822 -1.529206 3.000000 1.000000 1.000000 0.500000 0.000000 0.000000 0 
4526 3.854000 4.523440 5.090349 5.090349 1.120037 0.566908 0.283454 4.137454 3.570546 -1.543945 -6.079211 -1.519803 3.000000 1.000000 1.000000 0.500000 0.000000 0.000000 0 
4527 3.855000 4.521896 5.084269 5.084269 1.120037 0.562373 0.281187 4.136187 3.573813 -1.542839 -6.041824 -1.510456 3.000000 1.000000 1.000000 0.500000 0.000000 0.000000 0 
4528 3.856000 4.520354 5.078228 5.078228 1.120037 0.557874 0.278937 4.134937 3.577063 -1.541666 -6.004659 -1.501165 3.000000 1.000000 1.000000 0.500000 0.000000 0.000000 0 
4529 3.857000 4.518812 5.072223 5.072223 1.120037 0.553411 0.276706 4.133706 3.580294 -1.540425 -5.967714 -1.491929 3.000000 1.000000 1.000000 0.500000 0.000000 0.000000 0 
4530 3.858000 4.517271 5.066255 5.066255 1.120037 0.548984 0.274492 4.132492 3.583508 -1.539118 -5.930989 -1.482747 3.000000 1.000000 1.000000 0.500000 0.000000 0.000000 0 
4531 3.859000 4.515732 5.060324 5.060324 1.120037 0.544592 0.272296 4.131296 3.586704 -1.537745 -5.894481 -1.473620 3.000000 1.000000 1.000000 0.500000 0.000000 0.000000 0 
4532 3.860000 4.514195 5.054430 5.054430 1.120037 0.540235 0.270118 4.130118 3.589882 -1.536308 -5.858190 -1.464547 3.000000 1.000000 1.000000 0.500000 0.000000 0.000000 0 
4533 3.861000 4.512658 5.048572 5.048572 1.120037 0.535913 0.267957 4.128957 3.593043 -1.534806 -5.822113 -1.455528 3.000000 1.000000 1.000000 0.500000 0.000000 0.000000 0 
4534 3.862000 4.511123 5.042749 5.042749 1.120037 0.531626 0.265813 4.127813 3.596187 -1.533242 -5.786250 -1.446562 3.000000 1.000000 1.000000 0.500000 0.000000 0.000000 0 
4535 3.863000 4.509590 5.036963 5.036963 1.120037 0.527373 0.263687 4.126687 3.599313 -1.531615 -5.750599 -1.437650 3.000000 1.000000 1.000000 0.500000 0.000000 0.000000 0 
4536 3.864000 4.508059 5.031213 5.031213 1.120037 0.523154 0.261577 4.125577 3.602423 -1.529926 -5.715159 -1.428790 3.000000 1.000000 1.000000 0.500000 0.000000 0.000000 0 
4537 3.865000 4.506529 5.025497 5.025497 1.120037 0.518969 0.259484 4.124484 3.605516 -1.528177 -5.679927 -1.419982 3.000000 1.000000 1.000000 0.500000 0.000000 0.000000 0 
4538 3.866000 4.505000 5.019818 5.019818 1.120037 0.514817 0.257409 4.123409 3.608591 -1.526368 -5.644904 -1.411226 3.000000 1.000000 1.000000 0.500000 0.000000 0.000000 0 
4539 3.867000 4.503474 5.014173 5.014173 1.120037 0.510699 0.255349 4.122349 3.611651 -1.524499 -5.610088 -1.402522 3.000000 1.000000 1.000000 0.500000 0.000000 0.000000 0 
4540 3.868000 4.501950 5.008563 5.008563 1.120037 0.506613 0.253306 4.121306 3.614694 -1.522573 -5.575476 -1.393869 3.000000 1.000000 1.000000 0.500000 0.000000 0.000000 0 
4541 3.869000 4.500427 5.002987 5.002987 1.120037 0.502560 0.251280 4.120280 3.617720 -1.520588 -5.541068 -1.385267 3.000000 1.000000 1.000000 0.500000 0.000000 0.000000 0 
4542 3.870000 4.498906 4.997446 4.997446 1.120037 0.498540 0.249270 4.119270 3.620730 -1.518547 -5.506863 -1.376716 3.000000 1.000000 1.000000 0.500000 0.000000 0.000000 0 
4543 3.871000 4.497388 4.991939 4.991939 1.120037 0.494551 0.247276 4.118276 3.623724 -1.516449 -5.472859 -1.368215 3.000000 1.000000 1.000000 0.500000 0.000000 0.000000 0 
4544 3.872000 4.495871 4.986466 4.986466 1.120037 0.490595 0.245297 4.117297 3.626703 -1.514296 -5.439055 -1.359764 3.000000 1.000000 1.000000 0.500000 0.000000 0.000000 0 
4545 3.873000 4.494357 4.981027 4.981027 1.120037 0.486670 0.243335 4.116335 3.629665 -1.512089 -5.405449 -1.351362 3.000000 1.000000 1.000000 0.500000 0.000000 0.000000 0 
4546 3.874000 4.492845 4.975622 4.975622 1.120037 0.482777 0.241388 4.115388 3.632612 -1.509827 -5.372040 -1.343010 3.000000 1.000000 1.000000 0.500000 0.000000 0.000000 0 
4547 3.875000 4.491335 4.970250 4.970250 1.120037 0.478914 0.239457 4.114457 3.635543 -1.507512 -5.338828 -1.334707 3.000000 1.000000 1.000000 0.500000 0.000000 0.000000 0 
4548 3.876000 4.489828 4.964911 4.964911 1.120037 0.475083 0.237542 4.113542 3.638458 -1.505145 -5.305810 -1.326452 3.000000 1.000000 1.000000 0.500000 0.000000 0.000000 0 
4549 3.877000 4.488323 4.959605 4.959605 1.120037 0.471282 0.235641 4.112641 3.641359 -1.502725 -5.272985 -1.318246 3.000000 1.000000 1.000000 0.500000 0.000000 0.000000 0 
4550 3.878000 4.486820 4.954332 4.954332 1.120037 0.467512 0.233756 4.111756 3.644244 -1.500255 -5.240353 -1.310088 3.000000 1.000000 1.000000 0.500000 0.000000 0.000000 0 
4551 3.879000 4.485320 4.949092 4.949092 1.120037 0.463772 0.231886 4.110886 3.647114 -1.497734 -5.207911 -1.301978 3.000000 1.000000 1.000000 0.500000 0.000000 0.000000 0 
4552 3.880000 4.483822 4.943884 4.943884 1.120037 0.460062 0.230031 4.110031 3.649969 -1.495164 -5.175659 -1.293915 3.000000 1.000000 1.000000 0.500000 0.000000 0.000000 0 
4553 3.881000 4.482327 4.938708 4.938708 1.120037 0.456381 0.228191 4.109191 3.652809 -1.492544 -5.143596 -1.285899 3.000000 1.000000 1.000000 0.500000 0.000000 0.000000 0 
4554 3.882000 4.480834 4.933565 4.933565 1.120037 0.452730 0.226365 4.108365 3.655635 -1.489876 -5.111719 -1.277930 3.000000 1.000000 1.000000 0.500000 0.000000 0.000000 0 
4555 3.883000 4.479344 4.928453 4.928453 1.120037 0.449109 0.224554 4.107554 3.658446 -1.487160 -5.080029 -1.270007 3.000000 1.000000 1.000000 0.500000 0.000000 0.000000 0 
4556 3.884000 4.477857 4.923373 4.923373 1.120037 0.445516 0.222758 4.106758 3.661242 -1.484397 -5.048523 -1.262131 3.000000 1.000000 1.000000 0.500000 0.000000 0.000000 0 
4557 3.885000 4.476373 4.918324 4.918324 1.120037 0.441952 0.220976 4.105976 3.664024 -1.481588 -5.017200 -1.254300 3.000000 1.000000 1.000000 0.500000 0.000000 0.000000 0 
4558 3.886000 4.474891 4.913307 4.913307 1.120037 0.438416 0.219208 4.105208 3.666792 -1.478733 -4.986060 -1.246515 3.000000 1.000000 1.000000 0.500000 0.000000 0.000000 0 
4559 3.887000 4.473412 4.908321 4.908321 1.120037 0.434909 0.217454 4.104454 3.669546 -1.475832 -4.955102 -1.238775 3.000000 1.000000 1.000000 0.500000 0.000000 0.000000 0 
4560 3.888000 4.471937 4.903366 4.903366 1.120037 0.431429 0.215715 4.103715 3.672285 -1.472888 -4.924323 -1.231081 3.000000 1.000000 1.000000 0.500000 0.000000 0.000000 0 
4561 3.889000 4.470464 4.898442 4.898442 1.120037 0.427978 0.213989 4.102989 3.675011 -1.469899 -4.893722 -1.223431 3.000000 1.000000 1.000000 0.500000 0.000000 0.000000 0 
4562 3.890000 4.468994 4.893548 4.893548 1.120037 0.424554 0.212277 4.102277 3.677723 -1.466867 -4.863300 -1.215825 3.000000 1.000000 1.000000 0.500000 0.000000 0.000000 0 
4563 3.891000 4.467527 4.888685 4.888685 1.120037 0.421158 0.210579 4.101579 3.680421 -1.463792 -4.833054 -1.208263 3.000000 1.000000 1.000000 0.500000 0.000000 0.000000 0 
4564 3.892000 4.466063 4.883852 4.883852 1.120037 0.417788 0.208894 4.100894 3.683106 -1.460676 -4.802983 -1.200746 3.000000 1.000000 1.000000 0.500000 0.000000 0.000000 0 
4565 3.893000 4.464602 4.879049 4.879049 1.120037 0.414446 0.207223 4.100223 3.685777 -1.457518 -4.773087 -1.193272 3.000000 1.000000 1.000000 0.500000 0.000000 0.000000 0 
4566 3.894000 4.463145 4.874275 4.874275 1.120037 0.411131 0.205565 4.099565 3.688435 -1.454319 -4.743363 -1.185841 3.000000 1.000000 1.000000 0.500000 0.000000 0.000000 0 
4567 3.895000 4.461691 4.869532 4.869532 1.120037 0.407841 0.203921 4.098921 3.691079 -1.451080 -4.713811 -1.178453 3.000000 1.000000 1.000000 0.500000 0.000000 0.000000 0 
4568 3.896000 4.460240 4.864818 4.864818 1.120037 0.404579 0.202289 4.098289 3.693711 -1.447801 -4.684431 -1.171108 3.000000 1.000000 1.000000 0.500000 0.000000 0.000000 0 
4569 3.897000 4.458792 4.860134 4.860134 1.120037 0.401342 0.200671 4.097671 3.696329 -1.444483 -4.655220 -1.163805 3.000000 1.000000 1.000000 0.500000 0.000000 0.000000 0 
4570 3.898000 4.457347 4.855479 4.855479 1.120037 0.398131 0.199066 4.097066 3.698934 -1.441126 -4.626177 -1.156544 3.000000 1.000000 1.000000 0.500000 0.000000 0.000000 0 
4571 3.899000 4.455906 4.850852 4.850852 1.120037 0.394946 0.197473 4.096473 3.701527 -1.437732 -4.597303 -1.149326 3.000000 1.000000 1.000000 0.500000 0.000000 0.000000 0 
4572 3.900000 4.454468 4.846255 4.846255 1.120037 0.391787 0.195893 4.095893 3.704107 -1.434300 -4.568594 -1.142149 3.000000 1.000000 1.000000 0.500000 0.000000 0.000000 0 
4573 3.901000 4.453034 4.841687 4.841687 1.120037 0.388652 0.194326 4.095326 3.706674 -1.430831 -4.540051 -1.135013 3.000000 1.000000 1.000000 0.500000 0.000000 0.000000 0 
4574 3.902000 4.451603 4.837147 4.837147 1.120037 0.385543 0.192772 4.094772 3.709228 -1.427327 -4.511673 -1.127918 3.000000 1.000000 1.000000 0.500000 0.000000 0.000000 0 
4575 3.903000 4.450176 4.832635 4.832635 1.120037 0.382459 0.191229 4.094229 3.711771 -1.423786 -4.483457 -1.120864 3.000000 1.000000 1.000000 0.500000 0.000000 0.000000 0 
4576 3.904000 4.448752 4.828151 4.828151 1.120037 0.379399 0.189700 4.093700 3.714300 -1.420210 -4.455404 -1.113851 3.000000 1.000000 1.000000 0.500000 0.000000 0.000000 0 
4577 3.905000 4.447332 4.823696 4.823696 1.120037 0.376364 0.188182 4.093182 3.716818 -1.416600 -4.427512 -1.106878 3.000000 1.000000 1.000000 0.500000 0.000000 0.000000 0 
4578 3.906000 4.445915 4.819268 4.819268 1.120037 0.373353 0.186677 4.092677 3.719323 -1.412955 -4.399780 -1.099945 3.000000 1.000000 1.000000 0.500000 0.000000 0.000000 0 
4579 3.907000 4.444502 4.814869 4.814869 1.120037 0.370366 0.185183 4.092183 3.721817 -1.409277 -4.372207 -1.093052 3.000000 1.000000 1.000000 0.500000 0.000000 0.000000 0 
4580 3.908000 4.443093 4.810497 4.810497 1.120037 0.367403 0.183702 4.091702 3.724298 -1.405566 -4.344793 -1.086198 3.000000 1.000000 1.000000 0.500000 0.000000 0.000000 0 
4581 3.909000 4.441688 4.806152 4.806152 1.120037 0.364464 0.182232 4.091232 3.726768 -1.401822 -4.317535 -1.079384 3.000000 1.000000 1.000000 0.500000 0.000000 0.000000 0 
4582 3.910000 4.440286 4.801834 4.801834 1.120037 0.361548 0.180774 4.090774 3.729226 -1.398046 -4.290434 -1.072608 3.000000 1.000000 1.000000 0.500000 0.000000 0.000000 0 
4583 3.911000 4.438888 4.797544 4.797544 1.120037 0.358656 0.179328 4.090328 3.731672 -1.394239 -4.263487 -1.065872 3.000000 1.000000 1.000000 0.500000 0.000000 0.000000 0 
4584 3.912000 4.437493 4.793280 4.793280 1.120037 0.355787 0.177893 4.089893 3.734107 -1.390400 -4.236695 -1.059174 3.000000 1.000000 1.000000 0.500000 0.000000 0.000000 0 
4585 3.913000 4.436103 4.789044 4.789044 1.120037 0.352941 0.176470 4.089470 3.736530 -1.386531 -4.210055 -1.052514 3.000000 1.000000 1.000000 0.500000 0.000000 0.000000 0 
4586 3.914000 4.434717 4.784834 4.784834 1.120037 0.350117 0.175058 4.089058 3.738942 -1.382632 -4.183568 -1.045892 3.000000 1.000000 1.000000 0.500000 0.000000 0.000000 0 
4587 3.915000 4.433334 4.780650 4.780650 1.120037 0.347316 0.173658 4.088658 3.741342 -1.378703 -4.157232 -1.039308 3.000000 1.000000 1.000000 0.500000 0.000000 0.000000 0 
4588 3.916000 4.431955 4.776493 4.776493 1.120037 0.344538 0.172269 4.088269 3.743731 -1.374746 -4.131046 -1.032761 3.000000 1.000000 1.000000 0.500000 0.000000 0.000000 0 
4589 3.917000 4.430580 4.772362 4.772362 1.120037 0.341781 0.170891 4.087891 3.746109 -1.370759 -4.105009 -1.026252 3.000000 1.000000 1.000000 0.500000 0.000000 0.000000 0 
4590 3.918000 4.429210 4.768257 4.768257 1.120037 0.339047 0.169523 4.087523 3.748477 -1.366745 -4.079121 -1.019780 3.000000 1.000000 1.000000 0.500000 0.000000 0.000000 0 
4591 3.919000 4.427843 4.764178 4.764178 1.120037 0.336335 0.168167 4.087167 3.750833 -1.362703 -4.053379 -1.013345 3.000000 1.000000 1.000000 0.500000 0.000000 0.000000 0 
4592 3.920000 4.426480 4.760124 4.760124 1.120037 0.333644 0.166822 4.086822 3.753178 -1.358633 -4.027784 -1.006946 3.000000 1.000000 1.000000 0.500000 0.000000 0.000000 0 
4593 3.921000 4.425122 4.756096 4.756096 1.120037 0.330975 0.165487 4.086487 3.755513 -1.354537 -4.002335 -1.000584 3.000000 1.000000 1.000000 0.500000 0.000000 0.000000 0 
4594 3.922000 4.423767 4.752094 4.752094 1.120037 0.328327 0.164163 4.086163 3.757837 -1.350414 -3.977030 -0.994258 3.000000 1.000000 1.000000 0.500000 0.000000 0.000000 0 
4595 3.923000 4.422417 4.748117 4.748117 1.120037 0.325700 0.162850 4.085850 3.760150 -1.346266 -3.951869 -0.987967 3.000000 1.000000 1.000000 0.500000 0.000000 0.000000 0 
4596 3.924000 4.421070 4.744165 4.744165 1.120037 0.323095 0.161547 4.085547 3.762453 -1.342092 -3.926850 -0.981713 3.000000 1.000000 1.000000 0.500000 0.000000 0.000000 0 
4597 3.925000 4.419728 4.740238 4.740238 1.120037 0.320510 0.160255 4.085255 3.764745 -1.337893 -3.901973 -0.975493 3.000000 1.000000 1.000000 0.500000 0.000000 0.000000 0 
4598 3.926000 4.418390 4.736336 4.736336 1.120037 0.317946 0.158973 4.084973 3.767027 -1.333670 -3.877237 -0.969309 3.000000 1.000000 1.000000 0.500000 0.000000 0.000000 0 
4599 3.927000 4.417057 4.732459 4.732459 1.120037 0.315402 0.157701 4.084701 3.769299 -1.329422 -3.852641 -0.963160 3.000000 1.000000 1.000000 0.500000 0.000000 0.000000 0 
4600 3.928000 4.415727 4.728606 4.728606 1.120037 0.312879 0.156440 4.084440 3.771560 -1.325151 -3.828184 -0.957046 3.000000 1.000000 1.000000 0.500000 0.000000 0.000000 0 
4601 3.929000 4.414402 4.724778 4.724778 1.120037 0.310376 0.155188 4.084188 3.773812 -1.320856 -3.803865 -0.950966 3.000000 1.000000 1.000000 0.500000 0.000000 0.000000 0 
4602 3.930000 4.413081 4.720974 4.720974 1.120037 0.307893 0.153947 4.083947 3.776053 -1.316539 -3.779684 -0.944921 3.000000 1.000000 1.000000 0.500000 0.000000 0.000000 0 
4603 3.931000 4.411765 4.717195 4.717195 1.120037 0.305430 0.152715 4.083715 3.778285 -1.312199 -3.755639 -0.938910 3.000000 1.000000 1.000000 0.500000 0.000000 0.000000 0 
4604 3.932000 4.410453 4.713439 4.713439 1.120037 0.302986 0.151493 4.083493 3.780507 -1.307837 -3.731729 -0.932932 3.000000 1.000000 1.000000 0.500000 0.000000 0.000000 0 
4605 3.933000 4.409145 4.709707 4.709707 1.120037 0.300563 0.150281 4.083281 3.782719 -1.303454 -3.707955 -0.926989 3.000000 1.000000 1.000000 0.500000 0.000000 0.000000 0 
4606 3.934000 4.407841 4.705999 4.705999 1.120037 0.298158 0.149079 4.083079 3.784921 -1.299049 -3.684314 -0.921078 3.000000 1.000000 1.000000 0.500000 0.000000 0.000000 0 
4607 3.935000 4.406542 4.702315 4.702315 1.120037 0.295773 0.147886 4.082886 3.787114 -1.294623 -3.660806 -0.915201 3.000000 1.000000 1.000000 0.500000 0.000000 0.000000 0 
4608 3.936000 4.405248 4.698654 4.698654 1.120037 0.293407 0.146703 4.082703 3.789297 -1.290177 -3.637430 -0.909358 3.000000 1.000000 1.000000 0.500000 0.000000 0.000000 0 
4609 3.937000 4.403957 4.695017 4.695017 1.120037 0.291059 0.145530 4.082530 3.791470 -1.285711 -3.614186 -0.903547 3.000000 1.000000 1.000000 0.500000 0.000000 0.000000 0 
4610 3.938000 4.402672 4.691403 4.691403 1.120037 0.288731 0.144365 4.082365 3.793635 -1.281225 -3.591072 -0.897768 3.000000 1.000000 1.000000 0.500000 0.000000 0.000000 0 
4611 3.939000 4.401390 4.687812 4.687812 1.120037 0.286421 0.143211 4.082211 3.795789 -1.276720 -3.568088 -0.892022 3.000000 1.000000 1.000000 0.500000 0.000000 0.000000 0 
4612 3.940000 4.400114 4.684243 4.684243 1.120037 0.284130 0.142065 4.082065 3.797935 -1.272196 -3.545233 -0.886308 3.000000 1.000000 1.000000 0.500000 0.000000 0.000000 0 
4613 3.941000 4.398842 4.680698 4.680698 1.120037 0.281857 0.140928 4.081928 3.800072 -1.267653 -3.522506 -0.880627 3.000000 1.000000 1.000000 0.500000 0.000000 0.000000 0 
4614 3.942000 4.397574 4.677176 4.677176 1.120037 0.279602 0.139801 4.081801 3.802199 -1.263092 -3.499907 -0.874977 3.000000 1.000000 1.000000 0.500000 0.000000 0.000000 0 
4615 3.943000 4.396311 4.673676 4.673676 1.120037 0.277365 0.138683 4.081683 3.804317 -1.258513 -3.477433 -0.869358 3.000000 1.000000 1.000000 0.500000 0.000000 0.000000 0 
4616 3.944000 4.395052 4.670198 4.670198 1.120037 0.275146 0.137573 4.081573 3.806427 -1.253917 -3.455086 -0.863771 3.000000 1.000000 1.000000 0.500000 0.000000 0.000000 0 
4617 3.945000 4.393798 4.666743 4.666743 1.120037 0.272945 0.136472 4.081472 3.808528 -1.249304 -3.432863 -0.858216 3.000000 1.000000 1.000000 0.500000 0.000000 0.000000 0 
4618 3.946000 4.392549 4.663310 4.663310 1.120037 0.270761 0.135381 4.081381 3.810619 -1.244674 -3.410765 -0.852691 3.000000 1.000000 1.000000 0.500000 0.000000 0.000000 0 
4619 3.947000 4.391304 4.659900 4.659900 1.120037 0.268595 0.134298 4.081298 3.812702 -1.240027 -3.388789 -0.847197 3.000000 1.000000 1.000000 0.500000 0.000000 0.000000 0 
4620 3.948000 4.390064 4.656511 4.656511 1.120037 0.266447 0.133223 4.081223 3.814777 -1.235365 -3.366937 -0.841734 3.000000 1.000000 1.000000 0.500000 0.000000 0.000000 0 
4621 3.949000 4.388829 4.653144 4.653144 1.120037 0.264315 0.132157 4.081157 3.816843 -1.230686 -3.345206 -0.836301 3.000000 1.000000 1.000000 0.500000 0.000000 0.000000 0 
4622 3.950000 4.387598 4.649799 4.649799 1.120037 0.262200 0.131100 4.081100 3.818900 -1.225993 -3.323596 -0.830899 3.000000 1.000000 1.000000 0.500000 0.000000 0.000000 0 
4623 3.951000 4.386372 4.646475 4.646475 1.120037 0.260103 0.130051 4.081051 3.820949 -1.221284 -3.302106 -0.825527 3.000000 1.000000 1.000000 0.500000 0.000000 0.000000 0 
4624 3.952000 4.385151 4.643173 4.643173 1.120037 0.258022 0.129011 4.081011 3.822989 -1.216560 -3.280736 -0.820184 3.000000 1.000000 1.000000 0.500000 0.000000 0.000000 0 
4625 3.953000 4.383935 4.639892 4.639892 1.120037 0.255958 0.127979 4.080979 3.825021 -1.211822 -3.259485 -0.814871 3.000000 1.000000 1.000000 0.500000 0.000000 0.000000 0 
4626 3.954000 4.382723 4.636633 4.636633 1.120037 0.253910 0.126955 4.080955 3.827045 -1.207070 -3.238352 -0.809588 3.000000 1.000000 1.000000 0.500000 0.000000 0.000000 0 
4627 3.955000 4.381516 4.633394 4.633394 1.120037 0.251879 0.125939 4.080939 3.829061 -1.202305 -3.217336 -0.804334 3.000000 1.000000 1.000000 0.500000 0.000000 0.000000 0 
4628 3.956000 4.380313 4.630177 4.630177 1.120037 0.249864 0.124932 4.080932 3.831068 -1.197526 -3.196436 -0.799109 3.000000 1.000000 1.000000 0.500000 0.000000 0.000000 0 
4629 3.957000 4.379116 4.626981 4.626981 1.120037 0.247865 0.123932 4.080932 3.833068 -1.192733 -3.175653 -0.793913 3.000000 1.000000 1.000000 0.500000 0.000000 0.000000 0 
4630 3.958000 4.377923 4.623805 4.623805 1.120037 0.245882 0.122941 4.080941 3.835059 -1.187928 -3.154984 -0.788746 3.000000 1.000000 1.000000 0.500000 0.000000 0.000000 0 
4631 3.959000 4.376735 4.620650 4.620650 1.120037 0.243915 0.121957 4.080957 3.837043 -1.183111 -3.134430 -0.783608 3.000000 1.000000 1.000000 0.500000 0.000000 0.000000 0 
4632 3.960000 4.375552 4.617516 4.617516 1.120037 0.241964 0.120982 4.080982 3.839018 -1.178281 -3.113990 -0.778497 3.000000 1.000000 1.000000 0.500000 0.000000 0.000000 0 
4633 3.961000 4.374374 4.614402 4.614402 1.120037 0.240028 0.120014 4.081014 3.840986 -1.173439 -3.093662 -0.773416 3.000000 1.000000 1.000000 0.500000 0.000000 0.000000 0 
4634 3.962000 4.373200 4.611308 4.611308 1.120037 0.238108 0.119054 4.081054 3.842946 -1.168586 -3.073447 -0.768362 3.000000 1.000000 1.000000 0.500000 0.000000 0.000000 0 
4635 3.963000 4.372032 4.608235 4.608235 1.120037 0.236203 0.118101 4.081101 3.844899 -1.163721 -3.053344 -0.763336 3.000000 1.000000 1.000000 0.500000 0.000000 0.000000 0 
4636 3.964000 4.370868 4.605181 4.605181 1.120037 0.234313 0.117157 4.081157 3.846843 -1.158845 -3.033351 -0.758338 3.000000 1.000000 1.000000 0.500000 0.000000 0.000000 0 
4637 3.965000 4.369709 4.602148 4.602148 1.120037 0.232439 0.116219 4.081219 3.848781 -1.153959 -3.013469 -0.753367 3.000000 1.000000 1.000000 0.500000 0.000000 0.000000 0 
4638 3.966000 4.368555 4.599134 4.599134 1.120037 0.230579 0.115290 4.081290 3.850710 -1.149062 -2.993696 -0.748424 3.000000 1.000000 1.000000 0.500000 0.000000 0.000000 0 
4639 3.967000 4.367406 4.596141 4.596141 1.120037 0.228735 0.114367 4.081367 3.852633 -1.144155 -2.974032 -0.743508 3.000000 1.000000 1.000000 0.500000 0.000000 0.000000 0 
4640 3.968000 4.366262 4.593167 4.593167 1.120037 0.226905 0.113452 4.081452 3.854548 -1.139238 -2.954476 -0.738619 3.000000 1.000000 1.000000 0.500000 0.000000 0.000000 0 
4641 3.969000 4.365123 4.590212 4.590212 1.120037 0.225089 0.112545 4.081545 3.856455 -1.134312 -2.935028 -0.733757 3.000000 1.000000 1.000000 0.500000 0.000000 0.000000 0 
4642 3.970000 4.363988 4.587277 4.587277 1.120037 0.223289 0.111644 4.081644 3.858356 -1.129376 -2.915686 -0.728922 3.000000 1.000000 1.000000 0.500000 0.000000 0.000000 0 
4643 3.971000 4.362859 4.584361 4.584361 1.120037 0.221502 0.110751 4.081751 3.860249 -1.124431 -2.896451 -0.724113 3.000000 1.000000 1.000000 0.500000 0.000000 0.000000 0 
4644 3.972000 4.361735 4.581465 4.581465 1.120037 0.219730 0.109865 4.081865 3.862135 -1.119478 -2.877321 -0.719330 3.000000 1.000000 1.000000 0.500000 0.000000 0.000000 0 
4645 3.973000 4.360615 4.578588 4.578588 1.120037 0.217973 0.108986 4.081986 3.864014 -1.114515 -2.858296 -0.714574 3.000000 1.000000 1.000000 0.500000 0.000000 0.000000 0 
4646 3.974000 4.359501 4.575729 4.575729 1.120037 0.216229 0.108114 4.082114 3.865886 -1.109545 -2.839375 -0.709844 3.000000 1.000000 1.000000 0.500000 0.000000 0.000000 0 
4647 3.975000 4.358391 4.572890 4.572890 1.120037 0.214499 0.107249 4.082249 3.867751 -1.104566 -2.820558 -0.705139 3.000000 1.000000 1.000000 0.500000 0.000000 0.000000 0 
4648 3.976000 4.357286 4.570069 4.570069 1.120037 0.212783 0.106391 4.082391 3.869609 -1.099580 -2.801844 -0.700461 3.000000 1.000000 1.000000 0.500000 0.000000 0.000000 0 
4649 3.977000 4.356187 4.567268 4.567268 1.120037 0.211081 0.105540 4.082540 3.871460 -1.094586 -2.783232 -0.695808 3.000000 1.000000 1.000000 0.500000 0.000000 0.000000 0 
4650 3.978000 4.355092 4.564484 4.564484 1.120037 0.209392 0.104696 4.082696 3.873304 -1.089585 -2.764722 -0.691180 3.000000 1.000000 1.000000 0.500000 0.000000 0.000000 0 
4651 3.979000 4.354003 4.561720 4.561720 1.120037 0.207717 0.103858 4.082858 3.875142 -1.084577 -2.746312 -0.686578 3.000000 1.000000 1.000000 0.500000 0.000000 0.000000 0 
4652 3.980000 4.352918 4.558973 4.558973 1.120037 0.206055 0.103028 4.083028 3.876972 -1.079562 -2.728004 -0.682001 3.000000 1.000000 1.000000 0.500000 0.000000 0.000000 0 
4653 3.981000 4.351839 4.556245 4.556245 1.120037 0.204407 0.102203 4.083203 3.878797 -1.074541 -2.709795 -0.677449 3.000000 1.000000 1.000000 0.500000 0.000000 0.000000 0 
4654 3.982000 4.350764 4.553536 4.553536 1.120037 0.202771 0.101386 4.083386 3.880614 -1.069513 -2.691685 -0.672921 3.000000 1.000000 1.000000 0.500000 0.000000 0.000000 0 
4655 3.983000 4.349695 4.550844 4.550844 1.120037 0.201149 0.100575 4.083575 3.882425 -1.064480 -2.673674 -0.668419 3.000000 1.000000 1.000000 0.500000 0.000000 0.000000 0 
4656 3.984000 4.348630 4.548170 4.548170 1.120037 0.199540 0.099770 4.083770 3.884230 -1.059440 -2.655761 -0.663940 3.000000 1.000000 1.000000 0.500000 0.000000 0.000000 0 
4657 3.985000 4.347571 4.545514 4.545514 1.120037 0.197944 0.098972 4.083972 3.886028 -1.054395 -2.637945 -0.659486 3.000000 1.000000 1.000000 0.500000 0.000000 0.000000 0 
4658 3.986000 4.346516 4.542876 4.542876 1.120037 0.196360 0.098180 4.084180 3.887820 -1.049344 -2.620226 -0.655057 3.000000 1.000000 1.000000 0.500000 0.000000 0.000000 0 
4659 3.987000 4.345467 4.540256 4.540256 1.120037 0.194789 0.097395 4.084395 3.889605 -1.044289 -2.602604 -0.650651 3.000000 1.000000 1.000000 0.500000 0.000000 0.000000 0 
4660 3.988000 4.344423 4.537654 4.537654 1.120037 0.193231 0.096616 4.084616 3.891384 -1.039228 -2.585077 -0.646269 3.000000 1.000000 1.000000 0.500000 0.000000 0.000000 0 
4661 3.989000 4.343383 4.535069 4.535069 1.120037 0.191685 0.095843 4.084843 3.893157 -1.034163 -2.567645 -0.641911 3.000000 1.000000 1.000000 0.500000 0.000000 0.000000 0 
4662 3.990000 4.342349 4.532501 4.532501 1.120037 0.190152 0.095076 4.085076 3.894924 -1.029093 -2.550307 -0.637577 3.000000 1.000000 1.000000 0.500000 0.000000 0.000000 0 
4663 3.991000 4.341320 4.529951 4.529951 1.120037 0.188631 0.094315 4.085315 3.896685 -1.024019 -2.533064 -0.633266 3.000000 1.000000 1.000000 0.500000 0.000000 0.000000 0 
4664 3.992000 4.340296 4.527418 4.527418 1.120037 0.187121 0.093561 4.085561 3.898439 -1.018941 -2.515913 -0.628978 3.000000 1.000000 1.000000 0.500000 0.000000 0.000000 0 
4665 3.993000 4.339277 4.524902 4.524902 1.120037 0.185624 0.092812 4.085812 3.900188 -1.013860 -2.498856 -0.624714 3.000000 1.000000 1.000000 0.500000 0.000000 0.000000 0 
4666 3.994000 4.338263 4.522403 4.522403 1.120037 0.184139 0.092070 4.086070 3.901930 -1.008774 -2.481890 -0.620473 3.000000 1.000000 1.000000 0.500000 0.000000 0.000000 0 
4667 3.995000 4.337255 4.519921 4.519921 1.120037 0.182666 0.091333 4.086333 3.903667 -1.003685 -2.465016 -0.616254 3.000000 1.000000 1.000000 0.500000 0.000000 0.000000 0 
4668 3.996000 4.336251 4.517456 4.517456 1.120037 0.181205 0.090603 4.086603 3.905397 -0.998593 -2.448234 -0.612058 3.000000 1.000000 1.000000 0.500000 0.000000 0.000000 0 
4669 3.997000 4.335252 4.515008 4.515008 1.120037 0.179755 0.089878 4.086878 3.907122 -0.993498 -2.431541 -0.607885 3.000000 1.000000 1.000000 0.500000 0.000000 0.000000 0 
4670 3.998000 4.334259 4.512576 4.512576 1.120037 0.178317 0.089159 4.087159 3.908841 -0.988400 -2.414939 -0.603735 3.000000 1.000000 1.000000 0.500000 0.000000 0.000000 0 
4671 3.999000 4.333270 4.510161 4.510161 1.120037 0.176891 0.088445 4.087445 3.910555 -0.983300 -2.398426 -0.599607 3.000000 1.000000 1.000000 0.500000 0.000000 0.000000 0 
4672 4.000000 4.332287 4.507763 4.507763 1.120037 0.175476 0.087738 4.087738 3.912262 -0.978197 -2.382002 -0.595501 3.000000 1.000000 1.000000 0.500000 0.000000 0.000000 0 
4673 4.001000 4.331309 4.505381 4.505381 1.120037 0.174072 0.087036 4.088036 3.913964 -0.973092 -2.365667 -0.591417 3.000000 1.000000 1.000000 0.500000 0.000000 0.000000 0 
4674 4.002000 4.330336 4.503015 4.503015 1.120037 0.172679 0.086340 4.088340 3.915660 -0.967984 -2.349419 -0.587355 3.000000 1.000000 1.000000 0.500000 0.000000 0.000000 0 
4675 4.003000 4.329368 4.500666 4.500666 1.120037 0.171298 0.085649 4.088649 3.917351 -0.962875 -2.333258 -0.583315 3.000000 1.000000 1.000000 0.500000 0.000000 0.000000 0 
4676 4.004000 4.328405 4.498332 4.498332 1.120037 0.169928 0.084964 4.088964 3.919036 -0.957765 -2.317185 -0.579296 3.000000 1.000000 1.000000 0.500000 0.000000 0.000000 0 
4677 4.005000 4.327447 4.496015 4.496015 1.120037 0.168568 0.084284 4.089284 3.920716 -0.952652 -2.301197 -0.575299 3.000000 1.000000 1.000000 0.500000 0.000000 0.000000 0 
4678 4.006000 4.326494 4.493714 4.493714 1.120037 0.167220 0.083610 4.089610 3.922390 -0.947539 -2.285295 -0.571324 3.000000 1.000000 1.000000 0.500000 0.000000 0.000000 0 
4679 4.007000 4.325547 4.491429 4.491429 1.120037 0.165882 0.082941 4.089941 3.924059 -0.942424 -2.269478 -0.567370 3.000000 1.000000 1.000000 0.500000 0.000000 0.000000 0 
4680 4.008000 4.324605 4.489159 4.489159 1.120037 0.164555 0.082277 4.090277 3.925723 -0.937309 -2.253746 -0.563437 3.000000 1.000000 1.000000 0.500000 0.000000 0.000000 0 
4681 4.009000 4.323667 4.486905 4.486905 1.120037 0.163238 0.081619 4.090619 3.927381 -0.932192 -2.238099 -0.559525 3.000000 1.000000 1.000000 0.500000 0.000000 0.000000 0 
4682 4.010000 4.322735 4.484667 4.484667 1.120037 0.161932 0.080966 4.090966 3.929034 -0.927075 -2.222534 -0.555634 3.000000 1.000000 1.000000 0.500000 0.000000 0.000000 0 
4683 4.011000 4.321808 4.482445 4.482445 1.120037 0.160637 0.080318 4.091318 3.930682 -0.921958 -2.207053 -0.551763 3.000000 1.000000 1.000000 0.500000 0.000000 0.000000 0 
4684 4.012000 4.320886 4.480238 4.480238 1.120037 0.159352 0.079676 4.091676 3.932324 -0.916840 -2.191655 -0.547914 3.000000 1.000000 1.000000 0.500000 0.000000 0.000000 0 
4685 4.013000 4.319969 4.478046 4.478046 1.120037 0.158077 0.079039 4.092039 3.933961 -0.911723 -2.176339 -0.544085 3.000000 1.000000 1.000000 0.500000 0.000000 0.000000 0 
4686 4.014000 4.319057 4.475870 4.475870 1.120037 0.156812 0.078406 4.092406 3.935594 -0.906605 -2.161104 -0.540276 3.000000 1.000000 1.000000 0.500000 0.000000 0.000000 0 
4687 4.015000 4.318151 4.473709 4.473709 1.120037 0.155558 0.077779 4.092779 3.937221 -0.901487 -2.145951 -0.536488 3.000000 1.000000 1.000000 0.500000 0.000000 0.000000 0 
4688 4.016000 4.317249 4.471563 4.471563 1.120037 0.154313 0.077157 4.093157 3.938843 -0.896370 -2.130878 -0.532719 3.000000 1.000000 1.000000 0.500000 0.000000 0.000000 0 
4689 4.017000 4.316353 4.469432 4.469432 1.120037 0.153079 0.076539 4.093539 3.940461 -0.891254 -2.115885 -0.528971 3.000000 1.000000 1.000000 0.500000 0.000000 0.000000 0 
4690 4.018000 4.315462 4.467316 4.467316 1.120037 0.151854 0.075927 4.093927 3.942073 -0.886138 -2.100973 -0.525243 3.000000 1.000000 1.000000 0.500000 0.000000 0.000000 0 
4691 4.019000 4.314576 4.465215 4.465215 1.120037 0.150639 0.075320 4.094320 3.943680 -0.881023 -2.086139 -0.521535 3.000000 1.000000 1.000000 0.500000 0.000000 0.000000 0 
4692 4.020000 4.313695 4.463129 4.463129 1.120037 0.149434 0.074717 4.094717 3.945283 -0.875909 -2.071384 -0.517846 3.000000 1.000000 1.000000 0.500000 0.000000 0.000000 0 
4693 4.021000 4.312819 4.461058 4.461058 1.120037 0.148239 0.074119 4.095119 3.946881 -0.870797 -2.056708 -0.514177 3.000000 1.000000 1.000000 0.500000 0.000000 0.000000 0 
4694 4.022000 4.311948 4.459001 4.459001 1.120037 0.147053 0.073526 4.095526 3.948474 -0.865685 -2.042109 -0.510527 3.000000 1.000000 1.000000 0.500000 0.000000 0.000000 0 
4695 4.023000 4.311082 4.456959 4.456959 1.120037 0.145877 0.072938 4.095938 3.950062 -0.860576 -2.027588 -0.506897 3.000000 1.000000 1.000000 0.500000 0.000000 0.000000 0 
4696 4.024000 4.310222 4.454931 4.454931 1.120037 0.144710 0.072355 4.096355 3.951645 -0.855467 -2.013143 -0.503286 3.000000 1.000000 1.000000 0.500000 0.000000 0.000000 0 
4697 4.025000 4.309366 4.452918 4.452918 1.120037 0.143552 0.071776 4.096776 3.953224 -0.850361 -1.998776 -0.499694 3.000000 1.000000 1.000000 0.500000 0.000000 0.000000 0 
4698 4.026000 4.308516 4.450919 4.450919 1.120037 0.142403 0.071202 4.097202 3.954798 -0.845256 -1.984484 -0.496121 3.000000 1.000000 1.000000 0.500000 0.000000 0.000000 0 
4699 4.027000 4.307670 4.448935 4.448935 1.120037 0.141264 0.070632 4.097632 3.956368 -0.840154 -1.970267 -0.492567 3.000000 1.000000 1.000000 0.500000 0.000000 0.000000 0 
4700 4.028000 4.306830 4.446964 4.446964 1.120037 0.140134 0.070067 4.098067 3.957933 -0.835053 -1.956126 -0.489031 3.000000 1.000000 1.000000 0.500000 0.000000 0.000000 0 
4701 4.029000 4.305995 4.445008 4.445008 1.120037 0.139013 0.069507 4.098507 3.959493 -0.829955 -1.942059 -0.485515 3.000000 1.000000 1.000000 0.500000 0.000000 0.000000 0 
4702 4.030000 4.305165 4.443066 4.443066 1.120037 0.137901 0.068950 4.098950 3.961050 -0.824859 -1.928067 -0.482017 3.000000 1.000000 1.000000 0.500000 0.000000 0.000000 0 
4703 4.031000 4.304340 4.441138 4.441138 1.120037 0.136798 0.068399 4.099399 3.962601 -0.819766 -1.914148 -0.478537 3.000000 1.000000 1.000000 0.500000 0.000000 0.000000 0 
4704 4.032000 4.303521 4.439224 4.439224 1.120037 0.135703 0.067852 4.099852 3.964148 -0.814676 -1.900303 -0.475076 3.000000 1.000000 1.000000 0.500000 0.000000 0.000000 0 
4705 4.033000 4.302706 4.437324 4.437324 1.120037 0.134618 0.067309 4.100309 3.965691 -0.809589 -1.886530 -0.471633 3.000000 1.000000 1.000000 0.500000 0.000000 0.000000 0 
4706 4.034000 4.301896 4.435437 4.435437 1.120037 0.133541 0.066770 4.100770 3.967230 -0.804504 -1.872830 -0.468208 3.000000 1.000000 1.000000 0.500000 0.000000 0.000000 0 
4707 4.035000 4.301092 4.433564 4.433564 1.120037 0.132472 0.066236 4.101236 3.968764 -0.799423 -1.859202 -0.464801 3.000000 1.000000 1.000000 0.500000 0.000000 0.000000 0 
4708 4.036000 4.300293 4.431705 4.431705 1.120037 0.131413 0.065706 4.101706 3.970294 -0.794345 -1.845646 -0.461411 3.000000 1.000000 1.000000 0.500000 0.000000 0.000000 0 
4709 4.037000 4.299498 4.429860 4.429860 1.120037 0.130361 0.065181 4.102181 3.971819 -0.789270 -1.832161 -0.458040 3.000000 1.000000 1.000000 0.500000 0.000000 0.000000 0 
4710 4.038000 4.298709 4.428027 4.428027 1.120037 0.129318 0.064659 4.102659 3.973341 -0.784199 -1.818746 -0.454687 3.000000 1.000000 1.000000 0.500000 0.000000 0.000000 0 
4711 4.039000 4.297925 4.426209 4.426209 1.120037 0.128284 0.064142 4.103142 3.974858 -0.779131 -1.805402 -0.451351 3.000000 1.000000 1.000000 0.500000 0.000000 0.000000 0 
4712 4.040000 4.297146 4.424403 4.424403 1.120037 0.127258 0.063629 4.103629 3.976371 -0.774067 -1.792128 -0.448032 3.000000 1.000000 1.000000 0.500000 0.000000 0.000000 0 
4713 4.041000 4.296372 4.422611 4.422611 1.120037 0.126240 0.063120 4.104120 3.977880 -0.769007 -1.778923 -0.444731 3.000000 1.000000 1.000000 0.500000 0.000000 0.000000 0 
4714 4.042000 4.295602 4.420832 4.420832 1.120037 0.125230 0.062615 4.104615 3.979385 -0.763951 -1.765788 -0.441447 3.000000 1.000000 1.000000 0.500000 0.000000 0.000000 0 
4715 4.043000 4.294839 4.419066 4.419066 1.120037 0.124228 0.062114 4.105114 3.980886 -0.758899 -1.752721 -0.438180 3.000000 1.000000 1.000000 0.500000 0.000000 0.000000 0 
4716 4.044000 4.294080 4.417314 4.417314 1.120037 0.123234 0.061617 4.105617 3.982383 -0.753851 -1.739723 -0.434931 3.000000 1.000000 1.000000 0.500000 0.000000 0.000000 0 
4717 4.045000 4.293326 4.415574 4.415574 1.120037 0.122248 0.061124 4.106124 3.983876 -0.748807 -1.726792 -0.431698 3.000000 1.000000 1.000000 0.500000 0.000000 0.000000 0 
4718 4.046000 4.292577 4.413847 4.413847 1.120037 0.121270 0.060635 4.106635 3.985365 -0.743768 -1.713929 -0.428482 3.000000 1.000000 1.000000 0.500000 0.000000 0.000000 0 
4719 4.047000 4.291833 4.412133 4.412133 1.120037 0.120300 0.060150 4.107150 3.986850 -0.738733 -1.701133 -0.425283 3.000000 1.000000 1.000000 0.500000 0.000000 0.000000 0 
4720 4.048000 4.291094 4.410432 4.410432 1.120037 0.119338 0.059669 4.107669 3.988331 -0.733703 -1.688403 -0.422101 3.000000 1.000000 1.000000 0.500000 0.000000 0.000000 0 
4721 4.049000 4.290361 4.408744 4.408744 1.120037 0.118383 0.059191 4.108191 3.989809 -0.728677 -1.675740 -0.418935 3.000000 1.000000 1.000000 0.500000 0.000000 0.000000 0 
4722 4.050000 4.289632 4.407068 4.407068 1.120037 0.117436 0.058718 4.108718 3.991282 -0.723657 -1.663143 -0.415786 3.000000 1.000000 1.000000 0.500000 0.000000 0.000000 0 
4723 4.051000 4.288908 4.405405 4.405405 1.120037 0.116496 0.058248 4.109248 3.992752 -0.718641 -1.650612 -0.412653 3.000000 1.000000 1.000000 0.500000 0.000000 0.000000 0 
4724 4.052000 4.288190 4.403754 4.403754 1.120037 0.115564 0.057782 4.109782 3.994218 -0.713631 -1.638145 -0.409536 3.000000 1.000000 1.000000 0.500000 0.000000 0.000000 0 
4725 4.053000 4.287476 4.402116 4.402116 1.120037 0.114640 0.057320 4.110320 3.995680 -0.708625 -1.625744 -0.406436 3.000000 1.000000 1.000000 0.500000 0.000000 0.000000 0 
4726 4.054000 4.286768 4.400490 4.400490 1.120037 0.113723 0.056861 4.110861 3.997139 -0.703625 -1.613407 -0.403352 3.000000 1.000000 1.000000 0.500000 0.000000 0.000000 0 
4727 4.055000 4.286064 4.398877 4.398877 1.120037 0.112813 0.056406 4.111406 3.998594 -0.698630 -1.601133 -0.400283 3.000000 1.000000 1.000000 0.500000 0.000000 0.000000 0 
4728 4.056000 4.285365 4.397276 4.397276 1.120037 0.111910 0.055955 4.111955 4.000045 -0.693640 -1.588924 -0.397231 3.000000 1.000000 1.000000 0.500000 0.000000 0.000000 0 
4729 4.057000 4.284672 4.395687 4.395687 1.120037 0.111015 0.055508 4.112508 4.001492 -0.688656 -1.576778 -0.394194 3.000000 1.000000 1.000000 0.500000 0.000000 0.000000 0 
4730 4.058000 4.283983 4.394110 4.394110 1.120037 0.110127 0.055064 4.113064 4.002936 -0.683678 -1.564694 -0.391174 3.000000 1.000000 1.000000 0.500000 0.000000 0.000000 0 
4731 4.059000 4.283299 4.392545 4.392545 1.120037 0.109246 0.054623 4.113623 4.004377 -0.678705 -1.552673 -0.388168 3.000000 1.000000 1.000000 0.500000 0.000000 0.000000 0 
4732 4.060000 4.282621 4.390993 4.390993 1.120037 0.108372 0.054186 4.114186 4.005814 -0.673738 -1.540715 -0.385179 3.000000 1.000000 1.000000 0.500000 0.000000 0.000000 0 
4733 4.061000 4.281947 4.389452 4.389452 1.120037 0.107505 0.053753 4.114753 4.007247 -0.668777 -1.528818 -0.382205 3.000000 1.000000 1.000000 0.500000 0.000000 0.000000 0 
4734 4.062000 4.281278 4.387923 4.387923 1.120037 0.106645 0.053323 4.115323 4.008677 -0.663822 -1.516983 -0.379246 3.000000 1.000000 1.000000 0.500000 0.000000 0.000000 0 
4735 4.063000 4.280614 4.386406 4.386406 1.120037 0.105792 0.052896 4.115896 4.010104 -0.658873 -1.505208 -0.376302 3.000000 1.000000 1.000000 0.500000 0.000000 0.000000 0 
4736 4.064000 4.279955 4.384901 4.384901 1.120037 0.104946 0.052473 4.116473 4.011527 -0.653931 -1.493495 -0.373374 3.000000 1.000000 1.000000 0.500000 0.000000 0.000000 0 
4737 4.065000 4.279301 4.383407 4.383407 1.120037 0.104106 0.052053 4.117053 4.012947 -0.648994 -1.481842 -0.370460 3.000000 1.000000 1.000000 0.500000 0.000000 0.000000 0 
4738 4.066000 4.278652 4.381926 4.381926 1.120037 0.103273 0.051637 4.117637 4.014363 -0.644064 -1.470249 -0.367562 3.000000 1.000000 1.000000 0.500000 0.000000 0.000000 0 
4739 4.067000 4.278008 4.380455 4.380455 1.120037 0.102447 0.051223 4.118223 4.015777 -0.639140 -1.458715 -0.364679 3.000000 1.000000 1.000000 0.500000 0.000000 0.000000 0 
4740 4.068000 4.277369 4.378997 4.378997 1.120037 0.101627 0.050814 4.118814 4.017186 -0.634222 -1.447241 -0.361810 3.000000 1.000000 1.000000 0.500000 0.000000 0.000000 0 
4741 4.069000 4.276735 4.377549 4.377549 1.120037 0.100814 0.050407 4.119407 4.018593 -0.629312 -1.435826 -0.358957 3.000000 1.000000 1.000000 0.500000 0.000000 0.000000 0 
4742 4.070000 4.276106 4.376114 4.376114 1.120037 0.100008 0.050004 4.120004 4.019996 -0.624407 -1.424470 -0.356118 3.000000 1.000000 1.000000 0.500000 0.000000 0.000000 0 
4743 4.071000 4.275481 4.374689 4.374689 1.120037 0.099208 0.049604 4.120604 4.021396 -0.619510 -1.413172 -0.353293 3.000000 1.000000 1.000000 0.500000 0.000000 0.000000 0 
4744 4.072000 4.274862 4.373276 4.373276 1.120037 0.098414 0.049207 4.121207 4.022793 -0.614619 -1.401932 -0.350483 3.000000 1.000000 1.000000 0.500000 0.000000 0.000000 0 
4745 4.073000 4.274247 4.371874 4.371874 1.120037 0.097627 0.048813 4.121813 4.024187 -0.609735 -1.390750 -0.347687 3.000000 1.000000 1.000000 0.500000 0.000000 0.000000 0 
4746 4.074000 4.273637 4.370483 4.370483 1.120037 0.096846 0.048423 4.122423 4.025577 -0.604858 -1.379625 -0.344906 3.000000 1.000000 1.000000 0.500000 0.000000 0.000000 0 
4747 4.075000 4.273033 4.369104 4.369104 1.120037 0.096071 0.048036 4.123036 4.026964 -0.599988 -1.368557 -0.342139 3.000000 1.000000 1.000000 0.500000 0.000000 0.000000 0 
4748 4.076000 4.272433 4.367735 4.367735 1.120037 0.095302 0.047651 4.123651 4.028349 -0.595126 -1.357545 -0.339386 3.000000 1.000000 1.000000 0.500000 0.000000 0.000000 0 
4749 4.077000 4.271838 4.366378 4.366378 1.120037 0.094540 0.047270 4.124270 4.029730 -0.590270 -1.346590 -0.336648 3.000000 1.000000 1.000000 0.500000 0.000000 0.000000 0 
4750 4.078000 4.271247 4.365031 4.365031 1.120037 0.093784 0.046892 4.124892 4.031108 -0.585422 -1.335691 -0.333923 3.000000 1.000000 1.000000 0.500000 0.000000 0.000000 0 
4751 4.079000 4.270662 4.363695 4.363695 1.120037 0.093033 0.046517 4.125517 4.032483 -0.580580 -1.324848 -0.331212 3.000000 1.000000 1.000000 0.500000 0.000000 0.000000 0 
4752 4.080000 4.270081 4.362370 4.362370 1.120037 0.092289 0.046145 4.126145 4.033855 -0.575747 -1.314060 -0.328515 3.000000 1.000000 1.000000 0.500000 0.000000 0.000000 0 
4753 4.081000 4.269505 4.361056 4.361056 1.120037 0.091551 0.045775 4.126775 4.035225 -0.570920 -1.303327 -0.325832 3.000000 1.000000 1.000000 0.500000 0.000000 0.000000 0 
4754 4.082000 4.268935 4.359753 4.359753 1.120037 0.090818 0.045409 4.127409 4.036591 -0.566101 -1.292649 -0.323162 3.000000 1.000000 1.000000 0.500000 0.000000 0.000000 0 
4755 4.083000 4.268368 4.358460 4.358460 1.120037 0.090092 0.045046 4.128046 4.037954 -0.561290 -1.282025 -0.320506 3.000000 1.000000 1.000000 0.500000 0.000000 0.000000 0 
4756 4.084000 4.267807 4.357178 4.357178 1.120037 0.089371 0.044686 4.128686 4.039314 -0.556486 -1.271456 -0.317864 3.000000 1.000000 1.000000 0.500000 0.000000 0.000000 0 
4757 4.085000 4.267251 4.355907 4.355907 1.120037 0.088656 0.044328 4.129328 4.040672 -0.551690 -1.260940 -0.315235 3.000000 1.000000 1.000000 0.500000 0.000000 0.000000 0 
4758 4.086000 4.266699 4.354646 4.354646 1.120037 0.087947 0.043973 4.129973 4.042027 -0.546902 -1.250478 -0.312619 3.000000 1.000000 1.000000 0.500000 0.000000 0.000000 0 
4759 4.087000 4.266152 4.353395 4.353395 1.120037 0.087243 0.043622 4.130622 4.043378 -0.542122 -1.240069 -0.310017 3.000000 1.000000 1.000000 0.500000 0.000000 0.000000 0 
4760 4.088000 4.265610 4.352155 4.352155 1.120037 0.086545 0.043273 4.131273 4.044727 -0.537349 -1.229712 -0.307428 3.000000 1.000000 1.000000 0.500000 0.000000 0.000000 0 
4761 4.089000 4.265073 4.350926 4.350926 1.120037 0.085853 0.042927 4.131927 4.046073 -0.532584 -1.219409 -0.304852 3.000000 1.000000 1.000000 0.500000 0.000000 0.000000 0 
4762 4.090000 4.264540 4.349706 4.349706 1.120037 0.085166 0.042583 4.132583 4.047417 -0.527828 -1.209158 -0.302289 3.000000 1.000000 1.000000 0.500000 0.000000 0.000000 0 
4763 4.091000 4.264012 4.348497 4.348497 1.120037 0.084485 0.042242 4.133242 4.048758 -0.523079 -1.198958 -0.299740 3.000000 1.000000 1.000000 0.500000 0.000000 0.000000 0 
4764 4.092000 4.263489 4.347298 4.347298 1.120037 0.083809 0.041905 4.133905 4.050095 -0.518338 -1.188811 -0.297203 3.000000 1.000000 1.000000 0.500000 0.000000 0.000000 0 
4765 4.093000 4.262971 4.346109 4.346109 1.120037 0.083139 0.041569 4.134569 4.051431 -0.513606 -1.178715 -0.294679 3.000000 1.000000 1.000000 0.500000 0.000000 0.000000 0 
4766 4.094000 4.262457 4.344931 4.344931 1.120037 0.082473 0.041237 4.135237 4.052763 -0.508882 -1.168669 -0.292167 3.000000 1.000000 1.000000 0.500000 0.000000 0.000000 0 
4767 4.095000 4.261948 4.343762 4.343762 1.120037 0.081814 0.040907 4.135907 4.054093 -0.504166 -1.158675 -0.289669 3.000000 1.000000 1.000000 0.500000 0.000000 0.000000 0 
4768 4.096000 4.261444 4.342603 4.342603 1.120037 0.081159 0.040580 4.136580 4.055420 -0.499458 -1.148731 -0.287183 3.000000 1.000000 1.000000 0.500000 0.000000 0.000000 0 
4769 4.097000 4.260945 4.341455 4.341455 1.120037 0.080510 0.040255 4.137255 4.056745 -0.494759 -1.138838 -0.284710 3.000000 1.000000 1.000000 0.500000 0.000000 0.000000 0 
4770 4.098000 4.260450 4.340316 4.340316 1.120037 0.079866 0.039933 4.137933 4.058067 -0.490068 -1.128994 -0.282249 3.000000 1.000000 1.000000 0.500000 0.000000 0.000000 0 
4771 4.099000 4.259960 4.339187 4.339187 1.120037 0.079227 0.039613 4.138613 4.059387 -0.485386 -1.119201 -0.279800 3.000000 1.000000 1.000000 0.500000 0.000000 0.000000 0 
4772 4.100000 4.259474 4.338068 4.338068 1.120037 0.078593 0.039297 4.139297 4.060703 -0.480712 -1.109456 -0.277364 3.000000 1.000000 1.000000 0.500000 0.000000 0.000000 0 
4773 4.101000 4.258994 4.336958 4.336958 1.120037 0.077964 0.038982 4.139982 4.062018 -0.476046 -1.099761 -0.274940 3.000000 1.000000 1.000000 0.500000 0.000000 0.000000 0 
4774 4.102000 4.258518 4.335858 4.335858 1.120037 0.077341 0.038670 4.140670 4.063330 -0.471390 -1.090114 -0.272529 3.000000 1.000000 1.000000 0.500000 0.000000 0.000000 0 
4775 4.103000 4.258046 4.334768 4.334768 1.120037 0.076722 0.038361 4.141361 4.064639 -0.466742 -1.080517 -0.270129 3.000000 1.000000 1.000000 0.500000 0.000000 0.000000 0 
4776 4.104000 4.257580 4.333688 4.333688 1.120037 0.076108 0.038054 4.142054 4.065946 -0.462102 -1.070967 -0.267742 3.000000 1.000000 1.000000 0.500000 0.000000 0.000000 0 
4777 4.105000 4.257117 4.332617 4.332617 1.120037 0.075499 0.037750 4.142750 4.067250 -0.457471 -1.061465 -0.265366 3.000000 1.000000 1.000000 0.500000 0.000000 0.000000 0 
4778 4.106000 4.256660 4.331555 4.331555 1.120037 0.074895 0.037448 4.143448 4.068552 -0.452850 -1.052011 -0.263003 3.000000 1.000000 1.000000 0.500000 0.000000 0.000000 0 
4779 4.107000 4.256207 4.330503 4.330503 1.120037 0.074296 0.037148 4.144148 4.069852 -0.448236 -1.042605 -0.260651 3.000000 1.000000 1.000000 0.500000 0.000000 0.000000 0 
4780 4.108000 4.255759 4.329461 4.329461 1.120037 0.073702 0.036851 4.144851 4.071149 -0.443632 -1.033246 -0.258311 3.000000 1.000000 1.000000 0.500000 0.000000 0.000000 0 
4781 4.109000 4.255315 4.328427 4.328427 1.120037 0.073112 0.036556 4.145556 4.072444 -0.439037 -1.023934 -0.255983 3.000000 1.000000 1.000000 0.500000 0.000000 0.000000 0 
4782 4.110000 4.254876 4.327403 4.327403 1.120037 0.072527 0.036264 4.146264 4.073736 -0.434451 -1.014668 -0.253667 3.000000 1.000000 1.000000 0.500000 0.000000 0.000000 0 
4783 4.111000 4.254442 4.326389 4.326389 1.120037 0.071947 0.035973 4.146973 4.075027 -0.429873 -1.005449 -0.251362 3.000000 1.000000 1.000000 0.500000 0.000000 0.000000 0 
4784 4.112000 4.254012 4.325383 4.325383 1.120037 0.071371 0.035686 4.147686 4.076314 -0.425305 -0.996276 -0.249069 3.000000 1.000000 1.000000 0.500000 0.000000 0.000000 0 
4785 4.113000 4.253587 4.324387 4.324387 1.120037 0.070800 0.035400 4.148400 4.077600 -0.420746 -0.987149 -0.246787 3.000000 1.000000 1.000000 0.500000 0.000000 0.000000 0 
4786 4.114000 4.253166 4.323400 4.323400 1.120037 0.070234 0.035117 4.149117 4.078883 -0.416195 -0.978068 -0.244517 3.000000 1.000000 1.000000 0.500000 0.000000 0.000000 0 
4787 4.115000 4.252750 4.322422 4.322422 1.120037 0.069672 0.034836 4.149836 4.080164 -0.411654 -0.969032 -0.242258 3.000000 1.000000 1.000000 0.500000 0.000000 0.000000 0 
4788 4.116000 4.252338 4.321453 4.321453 1.120037 0.069115 0.034557 4.150557 4.081443 -0.407123 -0.960041 -0.240010 3.000000 1.000000 1.000000 0.500000 0.000000 0.000000 0 
4789 4.117000 4.251931 4.320493 4.320493 1.120037 0.068562 0.034281 4.151281 4.082719 -0.402600 -0.951095 -0.237774 3.000000 1.000000 1.000000 0.500000 0.000000 0.000000 0 
4790 4.118000 4.251528 4.319542 4.319542 1.120037 0.068013 0.034007 4.152007 4.083993 -0.398086 -0.942193 -0.235548 3.000000 1.000000 1.000000 0.500000 0.000000 0.000000 0 
4791 4.119000 4.251130 4.318599 4.318599 1.120037 0.067469 0.033735 4.152735 4.085265 -0.393582 -0.933336 -0.233334 3.000000 1.000000 1.000000 0.500000 0.000000 0.000000 0 
4792 4.120000 4.250737 4.317666 4.317666 1.120037 0.066930 0.033465 4.153465 4.086535 -0.389088 -0.924524 -0.231131 3.000000 1.000000 1.000000 0.500000 0.000000 0.000000 0 
4793 4.121000 4.250348 4.316742 4.316742 1.120037 0.066394 0.033197 4.154197 4.087803 -0.384602 -0.915755 -0.228939 3.000000 1.000000 1.000000 0.500000 0.000000 0.000000 0 
4794 4.122000 4.249963 4.315826 4.315826 1.120037 0.065863 0.032931 4.154931 4.089069 -0.380126 -0.907029 -0.226757 3.000000 1.000000 1.000000 0.500000 0.000000 0.000000 0 
4795 4.123000 4.249583 4.314919 4.314919 1.120037 0.065336 0.032668 4.155668 4.090332 -0.375659 -0.898347 -0.224587 3.000000 1.000000 1.000000 0.500000 0.000000 0.000000 0 
4796 4.124000 4.249207 4.314020 4.314020 1.120037 0.064813 0.032407 4.156407 4.091593 -0.371202 -0.889709 -0.222427 3.000000 1.000000 1.000000 0.500000 0.000000 0.000000 0 
4797 4.125000 4.248836 4.313131 4.313131 1.120037 0.064295 0.032147 4.157147 4.092853 -0.366754 -0.881113 -0.220278 3.000000 1.000000 1.000000 0.500000 0.000000 0.000000 0 
4798 4.126000 4.248469 4.312250 4.312250 1.120037 0.063780 0.031890 4.157890 4.094110 -0.362316 -0.872560 -0.218140 3.000000 1.000000 1.000000 0.500000 0.000000 0.000000 0 
4799 4.127000 4.248107 4.311377 4.311377 1.120037 0.063270 0.031635 4.158635 4.095365 -0.357887 -0.864049 -0.216012 3.000000 1.000000 1.000000 0.500000 0.000000 0.000000 0 
4800 4.128000 4.247749 4.310513 4.310513 1.120037 0.062764 0.031382 4.159382 4.096618 -0.353468 -0.855580 -0.213895 3.000000 1.000000 1.000000 0.500000 0.000000 0.000000 0 
4801 4.129000 4.247396 4.309657 4.309657 1.120037 0.062262 0.031131 4.160131 4.097869 -0.349058 -0.847154 -0.211788 3.000000 1.000000 1.000000 0.500000 0.000000 0.000000 0 
4802 4.130000 4.247046 4.308810 4.308810 1.120037 0.061764 0.030882 4.160882 4.099118 -0.344658 -0.838769 -0.209692 3.000000 1.000000 1.000000 0.500000 0.000000 0.000000 0 
4803 4.131000 4.246702 4.307972 4.307972 1.120037 0.061270 0.030635 4.161635 4.100365 -0.340268 -0.830426 -0.207606 3.000000 1.000000 1.000000 0.500000 0.000000 0.000000 0 
4804 4.132000 4.246362 4.307141 4.307141 1.120037 0.060780 0.030390 4.162390 4.101610 -0.335887 -0.822124 -0.205531 3.000000 1.000000 1.000000 0.500000 0.000000 0.000000 0 
4805 4.133000 4.246026 4.306319 4.306319 1.120037 0.060293 0.030147 4.163147 4.102853 -0.331516 -0.813863 -0.203466 3.000000 1.000000 1.000000 0.500000 0.000000 0.000000 0 
4806 4.134000 4.245694 4.305505 4.305505 1.120037 0.059811 0.029905 4.163905 4.104095 -0.327155 -0.805643 -0.201411 3.000000 1.000000 1.000000 0.500000 0.000000 0.000000 0 
4807 4.135000 4.245367 4.304700 4.304700 1.120037 0.059333 0.029666 4.164666 4.105334 -0.322803 -0.797463 -0.199366 3.000000 1.000000 1.000000 0.500000 0.000000 0.000000 0 
4808 4.136000 4.245044 4.303902 4.303902 1.120037 0.058858 0.029429 4.165429 4.106571 -0.318461 -0.789324 -0.197331 3.000000 1.000000 1.000000 0.500000 0.000000 0.000000 0 
4809 4.137000 4.244726 4.303113 4.303113 1.120037 0.058387 0.029193 4.166193 4.107807 -0.314129 -0.781225 -0.195306 3.000000 1.000000 1.000000 0.500000 0.000000 0.000000 0 
4810 4.138000 4.244412 4.302331 4.302331 1.120037 0.057920 0.028960 4.166960 4.109040 -0.309807 -0.773166 -0.193291 3.000000 1.000000 1.000000 0.500000 0.000000 0.000000 0 
4811 4.139000 4.244102 4.301558 4.301558 1.120037 0.057457 0.028728 4.167728 4.110272 -0.305494 -0.765146 -0.191287 3.000000 1.000000 1.000000 0.500000 0.000000 0.000000 0 
4812 4.140000 4.243796 4.300793 4.300793 1.120037 0.056997 0.028498 4.168498 4.111502 -0.301191 -0.757166 -0.189292 3.000000 1.000000 1.000000 0.500000 0.000000 0.000000 0 
4813 4.141000 4.243495 4.300036 4.300036 1.120037 0.056541 0.028270 4.169270 4.112730 -0.296899 -0.749226 -0.187306 3.000000 1.000000 1.000000 0.500000 0.000000 0.000000 0 
4814 4.142000 4.243198 4.299287 4.299287 1.120037 0.056089 0.028044 4.170044 4.113956 -0.292616 -0.741324 -0.185331 3.000000 1.000000 1.000000 0.500000 0.000000 0.000000 0 
4815 4.143000 4.242906 4.298545 4.298545 1.120037 0.055640 0.027820 4.170820 4.115180 -0.288343 -0.733462 -0.183365 3.000000 1.000000 1.000000 0.500000 0.000000 0.000000 0 
4816 4.144000 4.242617 4.297812 4.297812 1.120037 0.055195 0.027597 4.171597 4.116403 -0.284079 -0.725638 -0.181409 3.000000 1.000000 1.000000 0.500000 0.000000 0.000000 0 
4817 4.145000 4.242333 4.297086 4.297086 1.120037 0.054753 0.027377 4.172377 4.117623 -0.279826 -0.717852 -0.179463 3.000000 1.000000 1.000000 0.500000 0.000000 0.000000 0 
4818 4.146000 4.242053 4.296369 4.296369 1.120037 0.054315 0.027158 4.173158 4.118842 -0.275583 -0.710104 -0.177526 3.000000 1.000000 1.000000 0.500000 0.000000 0.000000 0 
4819 4.147000 4.241778 4.295658 4.295658 1.120037 0.053881 0.026940 4.173940 4.120060 -0.271350 -0.702395 -0.175599 3.000000 1.000000 1.000000 0.500000 0.000000 0.000000 0 
4820 4.148000 4.241506 4.294956 4.294956 1.120037 0.053450 0.026725 4.174725 4.121275 -0.267126 -0.694723 -0.173681 3.000000 1.000000 1.000000 0.500000 0.000000 0.000000 0 
4821 4.149000 4.241239 4.294261 4.294261 1.120037 0.053022 0.026511 4.175511 4.122489 -0.262913 -0.687089 -0.171772 3.000000 1.000000 1.000000 0.500000 0.000000 0.000000 0 
4822 4.150000 4.240976 4.293574 4.293574 1.120037 0.052598 0.026299 4.176299 4.123701 -0.258710 -0.679492 -0.169873 3.000000 1.000000 1.000000 0.500000 0.000000 0.000000 0 
4823 4.151000 4.240718 4.292895 4.292895 1.120037 0.052177 0.026089 4.177089 4.124911 -0.254517 -0.671933 -0.167983 3.000000 1.000000 1.000000 0.500000 0.000000 0.000000 0 
4824 4.152000 4.240463 4.292223 4.292223 1.120037 0.051760 0.025880 4.177880 4.126120 -0.250333 -0.664410 -0.166103 3.000000 1.000000 1.000000 0.500000 0.000000 0.000000 0 
4825 4.153000 4.240213 4.291558 4.291558 1.120037 0.051346 0.025673 4.178673 4.127327 -0.246160 -0.656925 -0.164231 3.000000 1.000000 1.000000 0.500000 0.000000 0.000000 0 
4826 4.154000 4.239967 4.290901 4.290901 1.120037 0.050935 0.025467 4.179467 4.128533 -0.241997 -0.649475 -0.162369 3.000000 1.000000 1.000000 0.500000 0.000000 0.000000 0 
4827 4.155000 4.239725 4.290252 4.290252 1.120037 0.050527 0.025264 4.180264 4.129736 -0.237844 -0.642062 -0.160516 3.000000 1.000000 1.000000 0.500000 0.000000 0.000000 0 
4828 4.156000 4.239487 4.289610 4.289610 1.120037 0.050123 0.025062 4.181062 4.130938 -0.233701 -0.634686 -0.158671 3.000000 1.000000 1.000000 0.500000 0.000000 0.000000 0 
4829 4.157000 4.239253 4.288975 4.288975 1.120037 0.049722 0.024861 4.181861 4.132139 -0.229568 -0.627345 -0.156836 3.000000 1.000000 1.000000 0.500000 0.000000 0.000000 0 
4830 4.158000 4.239024 4.288348 4.288348 1.120037 0.049324 0.024662 4.182662 4.133338 -0.225446 -0.620040 -0.155010 3.000000 1.000000 1.000000 0.500000 0.000000 0.000000 0 
4831 4.159000 4.238798 4.287728 4.287728 1.120037 0.048930 0.024465 4.183465 4.134535 -0.221333 -0.612771 -0.153193 3.000000 1.000000 1.000000 0.500000 0.000000 0.000000 0 
4832 4.160000 4.238577 4.287115 4.287115 1.120037 0.048538 0.024269 4.184269 4.135731 -0.217230 -0.605537 -0.151384 3.000000 1.000000 1.000000 0.500000 0.000000 0.000000 0 
4833 4.161000 4.238360 4.286510 4.286510 1.120037 0.048150 0.024075 4.185075 4.136925 -0.213138 -0.598338 -0.149585 3.000000 1.000000 1.000000 0.500000 0.000000 0.000000 0 
4834 4.162000 4.238146 4.285911 4.285911 1.120037 0.047765 0.023882 4.185882 4.138118 -0.209056 -0.591174 -0.147794 3.000000 1.000000 1.000000 0.500000 0.000000 0.000000 0 
4835 4.163000 4.237937 4.285320 4.285320 1.120037 0.047383 0.023691 4.186691 4.139309 -0.204984 -0.584045 -0.146011 3.000000 1.000000 1.000000 0.500000 0.000000 0.000000 0 
4836 4.164000 4.237732 4.284736 4.284736 1.120037 0.047004 0.023502 4.187502 4.140498 -0.200922 -0.576951 -0.144238 3.000000 1.000000 1.000000 0.500000 0.000000 0.000000 0 
4837 4.165000 4.237531 4.284159 4.284159 1.120037 0.046628 0.023314 4.188314 4.141686 -0.196871 -0.569891 -0.142473 3.000000 1.000000 1.000000 0.500000 0.000000 0.000000 0 
4838 4.166000 4.237335 4.283589 4.283589 1.120037 0.046255 0.023127 4.189127 4.142873 -0.192829 -0.562866 -0.140716 3.000000 1.000000 1.000000 0.500000 0.000000 0.000000 0 
4839 4.167000 4.237142 4.283026 4.283026 1.120037 0.045885 0.022942 4.189942 4.144058 -0.188798 -0.555874 -0.138969 3.000000 1.000000 1.000000 0.500000 0.000000 0.000000 0 
4840 4.168000 4.236953 4.282470 4.282470 1.120037 0.045517 0.022759 4.190759 4.145241 -0.184777 -0.548916 -0.137229 3.000000 1.000000 1.000000 0.500000 0.000000 0.000000 0 
4841 4.169000 4.236768 4.281921 4.281921 1.120037 0.045153 0.022577 4.191577 4.146423 -0.180766 -0.541992 -0.135498 3.000000 1.000000 1.000000 0.500000 0.000000 0.000000 0 
4842 4.170000 4.236587 4.281379 4.281379 1.120037 0.044792 0.022396 4.192396 4.147604 -0.176765 -0.535102 -0.133776 3.000000 1.000000 1.000000 0.500000 0.000000 0.000000 0 
4843 4.171000 4.236411 4.280844 4.280844 1.120037 0.044434 0.022217 4.193217 4.148783 -0.172775 -0.528245 -0.132061 3.000000 1.000000 1.000000 0.500000 0.000000 0.000000 0 
4844 4.172000 4.236238 4.280316 4.280316 1.120037 0.044078 0.022039 4.194039 4.149961 -0.168795 -0.521421 -0.130355 3.000000 1.000000 1.000000 0.500000 0.000000 0.000000 0 
4845 4.173000 4.236069 4.279795 4.279795 1.120037 0.043726 0.021863 4.194863 4.151137 -0.164825 -0.514630 -0.128658 3.000000 1.000000 1.000000 0.500000 0.000000 0.000000 0 
4846 4.174000 4.235904 4.279280 4.279280 1.120037 0.043376 0.021688 4.195688 4.152312 -0.160865 -0.507872 -0.126968 3.000000 1.000000 1.000000 0.500000 0.000000 0.000000 0 
4847 4.175000 4.235743 4.278772 4.278772 1.120037 0.043029 0.021514 4.196514 4.153486 -0.156916 -0.501146 -0.125287 3.000000 1.000000 1.000000 0.500000 0.000000 0.000000 0 
4848 4.176000 4.235586 4.278271 4.278271 1.120037 0.042685 0.021342 4.197342 4.154658 -0.152977 -0.494453 -0.123613 3.000000 1.000000 1.000000 0.500000 0.000000 0.000000 0 
4849 4.177000 4.235433 4.277777 4.277777 1.120037 0.042343 0.021172 4.198172 4.155828 -0.149048 -0.487793 -0.121948 3.000000 1.000000 1.000000 0.500000 0.000000 0.000000 0 
4850 4.178000 4.235284 4.277289 4.277289 1.120037 0.042004 0.021002 4.199002 4.156998 -0.145129 -0.481164 -0.120291 3.000000 1.000000 1.000000 0.500000 0.000000 0.000000 0 
4851 4.179000 4.235139 4.276808 4.276808 1.120037 0.041668 0.020834 4.199834 4.158166 -0.141220 -0.474567 -0.118642 3.000000 1.000000 1.000000 0.500000 0.000000 0.000000 0 
4852 4.180000 4.234998 4.276333 4.276333 1.120037 0.041335 0.020668 4.200668 4.159332 -0.137322 -0.468002 -0.117001 3.000000 1.000000 1.000000 0.500000 0.000000 0.000000 0 
4853 4.181000 4.234861 4.275865 4.275865 1.120037 0.041004 0.020502 4.201502 4.160498 -0.133434 -0.461469 -0.115367 3.000000 1.000000 1.000000 0.500000 0.000000 0.000000 0 
4854 4.182000 4.234727 4.275404 4.275404 1.120037 0.040676 0.020338 4.202338 4.161662 -0.129557 -0.454967 -0.113742 3.000000 1.000000 1.000000 0.500000 0.000000 0.000000 0 
4855 4.183000 4.234598 4.274949 4.274949 1.120037 0.040351 0.020175 4.203175 4.162825 -0.125689 -0.448496 -0.112124 3.000000 1.000000 1.000000 0.500000 0.000000 0.000000 0 
4856 4.184000 4.234472 4.274500 4.274500 1.120037 0.040028 0.020014 4.204014 4.163986 -0.121832 -0.442057 -0.110514 3.000000 1.000000 1.000000 0.500000 0.000000 0.000000 0 
4857 4.185000 4.234350 4.274058 4.274058 1.120037 0.039708 0.019854 4.204854 4.165146 -0.117985 -0.435648 -0.108912 3.000000 1.000000 1.000000 0.500000 0.000000 0.000000 0 
4858 4.186000 4.234232 4.273622 4.273622 1.120037 0.039390 0.019695 4.205695 4.166305 -0.114149 -0.429270 -0.107318 3.000000 1.000000 1.000000 0.500000 0.000000 0.000000 0 
4859 4.187000 4.234118 4.273193 4.273193 1.120037 0.039075 0.019538 4.206538 4.167462 -0.110322 -0.422923 -0.105731 3.000000 1.000000 1.000000 0.500000 0.000000 0.000000 0 
4860 4.188000 4.234008 4.272770 4.272770 1.120037 0.038762 0.019381 4.207381 4.168619 -0.106506 -0.416606 -0.104151 3.000000 1.000000 1.000000 0.500000 0.000000 0.000000 0 
4861 4.189000 4.233901 4.272354 4.272354 1.120037 0.038452 0.019226 4.208226 4.169774 -0.102700 -0.410319 -0.102580 3.000000 1.000000 1.000000 0.500000 0.000000 0.000000 0 
4862 4.190000 4.233799 4.271943 4.271943 1.120037 0.038145 0.019072 4.209072 4.170928 -0.098905 -0.404063 -0.101016 3.000000 1.000000 1.000000 0.500000 0.000000 0.000000 0 
4863 4.191000 4.233700 4.271539 4.271539 1.120037 0.037840 0.018920 4.209920 4.172080 -0.095120 -0.397836 -0.099459 3.000000 1.000000 1.000000 0.500000 0.000000 0.000000 0 
4864 4.192000 4.233605 4.271141 4.271141 1.120037 0.037537 0.018768 4.210768 4.173232 -0.091344 -0.391639 -0.097910 3.000000 1.000000 1.000000 0.500000 0.000000 0.000000 0 
4865 4.193000 4.233513 4.270750 4.270750 1.120037 0.037237 0.018618 4.211618 4.174382 -0.087580 -0.385472 -0.096368 3.000000 1.000000 1.000000 0.500000 0.000000 0.000000 0 
4866 4.194000 4.233426 4.270364 4.270364 1.120037 0.036939 0.018469 4.212469 4.175531 -0.083825 -0.379335 -0.094834 3.000000 1.000000 1.000000 0.500000 0.000000 0.000000 0 
4867 4.195000 4.233342 4.269985 4.269985 1.120037 0.036643 0.018322 4.213322 4.176678 -0.080081 -0.373226 -0.093307 3.000000 1.000000 1.000000 0.500000 0.000000 0.000000 0 
4868 4.196000 4.233262 4.269612 4.269612 1.120037 0.036350 0.018175 4.214175 4.177825 -0.076347 -0.367147 -0.091787 3.000000 1.000000 1.000000 0.500000 0.000000 0.000000 0 
4869 4.197000 4.233185 4.269245 4.269245 1.120037 0.036059 0.018030 4.215030 4.178970 -0.072623 -0.361097 -0.090274 3.000000 1.000000 1.000000 0.500000 0.000000 0.000000 0 
4870 4.198000 4.233113 4.268884 4.268884 1.120037 0.035771 0.017885 4.215885 4.180115 -0.068910 -0.355076 -0.088769 3.000000 1.000000 1.000000 0.500000 0.000000 0.000000 0 
4871 4.199000 4.233044 4.268528 4.268528 1.120037 0.035485 0.017742 4.216742 4.181258 -0.065206 -0.349083 -0.087271 3.000000 1.000000 1.000000 0.500000 0.000000 0.000000 0 
4872 4.200000 4.232979 4.268179 4.268179 1.120037 0.035201 0.017600 4.217600 4.182400 -0.061513 -0.343119 -0.085780 3.000000 1.000000 1.000000 0.500000 0.000000 0.000000 0 
4873 4.201000 4.232917 4.267836 4.267836 1.120037 0.034919 0.017460 4.218460 4.183540 -0.057830 -0.337183 -0.084296 3.000000 1.000000 1.000000 0.500000 0.000000 0.000000 0 
4874 4.202000 4.232859 4.267499 4.267499 1.120037 0.034640 0.017320 4.219320 4.184680 -0.054158 -0.331276 -0.082819 3.000000 1.000000 1.000000 0.500000 0.000000 0.000000 0 
4875 4.203000 4.232805 4.267168 4.267168 1.120037 0.034363 0.017181 4.220181 4.185819 -0.050495 -0.325396 -0.081349 3.000000 1.000000 1.000000 0.500000 0.000000 0.000000 0 
4876 4.204000 4.232755 4.266842 4.266842 1.120037 0.034088 0.017044 4.221044 4.186956 -0.046843 -0.319545 -0.079886 3.000000 1.000000 1.000000 0.500000 0.000000 0.000000 0 
4877 4.205000 4.232708 4.266523 4.266523 1.120037 0.033815 0.016908 4.221908 4.188092 -0.043201 -0.313721 -0.078430 3.000000 1.000000 1.000000 0.500000 0.000000 0.000000 0 
4878 4.206000 4.232665 4.266209 4.266209 1.120037 0.033545 0.016772 4.222772 4.189228 -0.039569 -0.307925 -0.076981 3.000000 1.000000 1.000000 0.500000 0.000000 0.000000 0 
4879 4.207000 4.232625 4.265901 4.265901 1.120037 0.033276 0.016638 4.223638 4.190362 -0.035948 -0.302157 -0.075539 3.000000 1.000000 1.000000 0.500000 0.000000 0.000000 0 
4880 4.208000 4.232589 4.265599 4.265599 1.120037 0.033010 0.016505 4.224505 4.191495 -0.032336 -0.296416 -0.074104 3.000000 1.000000 1.000000 0.500000 0.000000 0.000000 0 
4881 4.209000 4.232557 4.265303 4.265303 1.120037 0.032746 0.016373 4.225373 4.192627 -0.028735 -0.290702 -0.072676 3.000000 1.000000 1.000000 0.500000 0.000000 0.000000 0 
4882 4.210000 4.232528 4.265012 4.265012 1.120037 0.032484 0.016242 4.226242 4.193758 -0.025144 -0.285015 -0.071254 3.000000 1.000000 1.000000 0.500000 0.000000 0.000000 0 
4883 4.211000 4.232503 4.264727 4.264727 1.120037 0.032224 0.016112 4.227112 4.194888 -0.021563 -0.279356 -0.069839 3.000000 1.000000 1.000000 0.500000 0.000000 0.000000 0 
4884 4.212000 4.232481 4.264448 4.264448 1.120037 0.031966 0.015983 4.227983 4.196017 -0.017993 -0.273723 -0.068431 3.000000 1.000000 1.000000 0.500000 0.000000 0.000000 0 
4885 4.213000 4.232463 4.264174 4.264174 1.120037 0.031711 0.015855 4.228855 4.197145 -0.014432 -0.268116 -0.067029 3.000000 1.000000 1.000000 0.500000 0.000000 0.000000 0 
4886 4.214000 4.232449 4.263906 4.263906 1.120037 0.031457 0.015728 4.229728 4.198272 -0.010882 -0.262536 -0.065634 3.000000 1.000000 1.000000 0.500000 0.000000 0.000000 0 
4887 4.215000 4.232438 4.263643 4.263643 1.120037 0.031205 0.015603 4.230603 4.199397 -0.007342 -0.256983 -0.064246 3.000000 1.000000 1.000000 0.500000 0.000000 0.000000 0 
4888 4.216000 4.232431 4.263386 4.263386 1.120037 0.030956 0.015478 4.231478 4.200522 -0.003812 -0.251456 -0.062864 3.000000 1.000000 1.000000 0.500000 0.000000 0.000000 0 
4889 4.217000 4.232427 4.263135 4.263135 1.120037 0.030708 0.015354 4.232354 4.201646 -0.000292 -0.245955 -0.061489 3.000000 1.000000 1.000000 0.500000 0.000000 0.000000 0 
4890 4.218000 4.232427 4.262889 4.262889 1.120037 0.030462 0.015231 4.233231 4.202769 0.003218 -0.240480 -0.060120 3.000000 1.000000 1.000000 0.500000 0.000000 0.000000 0 
4891 4.219000 4.232430 4.262648 4.262648 1.120037 0.030219 0.015109 4.234109 4.203891 0.006718 -0.235030 -0.058758 3.000000 1.000000 1.000000 0.500000 0.000000 0.000000 0 
4892 4.220000 4.232436 4.262413 4.262413 1.120037 0.029977 0.014988 4.234988 4.205012 0.010208 -0.229607 -0.057402 3.000000 1.000000 1.000000 0.500000 0.000000 0.000000 0 
4893 4.221000 4.232447 4.262184 4.262184 1.120037 0.029737 0.014868 4.235868 4.206132 0.013687 -0.224209 -0.056052 3.000000 1.000000 1.000000 0.500000 0.000000 0.000000 0 
4894 4.222000 4.232460 4.261959 4.261959 1.120037 0.029499 0.014750 4.236750 4.207250 0.017157 -0.218836 -0.054709 3.000000 1.000000 1.000000 0.500000 0.000000 0.000000 0 
4895 4.223000 4.232478 4.261741 4.261741 1.120037 0.029263 0.014632 4.237632 4.208368 0.020616 -0.213489 -0.053372 3.000000 1.000000 1.000000 0.500000 0.000000 0.000000 0 
4896 4.224000 4.232498 4.261527 4.261527 1.120037 0.029029 0.014514 4.238514 4.209486 0.024065 -0.208166 -0.052042 3.000000 1.000000 1.000000 0.500000 0.000000 0.000000 0 
4897 4.225000 4.232522 4.261319 4.261319 1.120037 0.028797 0.014398 4.239398 4.210602 0.027505 -0.202869 -0.050717 3.000000 1.000000 1.000000 0.500000 0.000000 0.000000 0 
4898 4.226000 4.232550 4.261116 4.261116 1.120037 0.028566 0.014283 4.240283 4.211717 0.030934 -0.197597 -0.049399 3.000000 1.000000 1.000000 0.500000 0.000000 0.000000 0 
4899 4.227000 4.232581 4.260918 4.260918 1.120037 0.028338 0.014169 4.241169 4.212831 0.034353 -0.192350 -0.048087 3.000000 1.000000 1.000000 0.500000 0.000000 0.000000 0 
4900 4.228000 4.232615 4.260726 4.260726 1.120037 0.028111 0.014056 4.242056 4.213944 0.037762 -0.187127 -0.046782 3.000000 1.000000 1.000000 0.500000 0.000000 0.000000 0 
4901 4.229000 4.232653 4.260539 4.260539 1.120037 0.027886 0.013943 4.242943 4.215057 0.041161 -0.181929 -0.045482 3.000000 1.000000 1.000000 0.500000 0.000000 0.000000 0 
4902 4.230000 4.232694 4.260357 4.260357 1.120037 0.027663 0.013832 4.243832 4.216168 0.044551 -0.176755 -0.044189 3.000000 1.000000 1.000000 0.500000 0.000000 0.000000 0 
4903 4.231000 4.232738 4.260180 4.260180 1.120037 0.027442 0.013721 4.244721 4.217279 0.047930 -0.171605 -0.042901 3.000000 1.000000 1.000000 0.500000 0.000000 0.000000 0 
4904 4.232000 4.232786 4.260009 4.260009 1.120037 0.027222 0.013611 4.245611 4.218389 0.051299 -0.166479 -0.041620 3.000000 1.000000 1.000000 0.500000 0.000000 0.000000 0 
4905 4.233000 4.232838 4.259842 4.259842 1.120037 0.027005 0.013502 4.246502 4.219498 0.054658 -0.161378 -0.040345 3.000000 1.000000 1.000000 0.500000 0.000000 0.000000 0 
4906 4.234000 4.232892 4.259681 4.259681 1.120037 0.026788 0.013394 4.247394 4.220606 0.058007 -0.156300 -0.039075 3.000000 1.000000 1.000000 0.500000 0.000000 0.000000 0 
4907 4.235000 4.232950 4.259525 4.259525 1.120037 0.026574 0.013287 4.248287 4.221713 0.061347 -0.151247 -0.037812 3.000000 1.000000 1.000000 0.500000 0.000000 0.000000 0 
4908 4.236000 4.233012 4.259373 4.259373 1.120037 0.026362 0.013181 4.249181 4.222819 0.064676 -0.146216 -0.036554 3.000000 1.000000 1.000000 0.500000 0.000000 0.000000 0 
4909 4.237000 4.233076 4.259227 4.259227 1.120037 0.026151 0.013075 4.250075 4.223925 0.067996 -0.141210 -0.035302 3.000000 1.000000 1.000000 0.500000 0.000000 0.000000 0 
4910 4.238000 4.233144 4.259086 4.259086 1.120037 0.025941 0.012971 4.250971 4.225029 0.071305 -0.136227 -0.034057 3.000000 1.000000 1.000000 0.500000 0.000000 0.000000 0 
4911 4.239000 4.233216 4.258950 4.258950 1.120037 0.025734 0.012867 4.251867 4.226133 0.074605 -0.131267 -0.032817 3.000000 1.000000 1.000000 0.500000 0.000000 0.000000 0 
4912 4.240000 4.233290 4.258818 4.258818 1.120037 0.025528 0.012764 4.252764 4.227236 0.077895 -0.126330 -0.031582 3.000000 1.000000 1.000000 0.500000 0.000000 0.000000 0 
4913 4.241000 4.233368 4.258692 4.258692 1.120037 0.025324 0.012662 4.253662 4.228338 0.081175 -0.121416 -0.030354 3.000000 1.000000 1.000000 0.500000 0.000000 0.000000 0 
4914 4.242000 4.233449 4.258571 4.258571 1.120037 0.025121 0.012561 4.254561 4.229439 0.084445 -0.116525 -0.029131 3.000000 1.000000 1.000000 0.500000 0.000000 0.000000 0 
4915 4.243000 4.233534 4.258454 4.258454 1.120037 0.024920 0.012460 4.255460 4.230540 0.087705 -0.111657 -0.027914 3.000000 1.000000 1.000000 0.500000 0.000000 0.000000 0 
4916 4.244000 4.233622 4.258342 4.258342 1.120037 0.024721 0.012360 4.256360 4.231640 0.090956 -0.106812 -0.026703 3.000000 1.000000 1.000000 0.500000 0.000000 0.000000 0 
4917 4.245000 4.233712 4.258236 4.258236 1.120037 0.024523 0.012262 4.257262 4.232738 0.094196 -0.101989 -0.025497 3.000000 1.000000 1.000000 0.500000 0.000000 0.000000 0 
4918 4.246000 4.233807 4.258134 4.258134 1.120037 0.024327 0.012163 4.258163 4.233837 0.097427 -0.097189 -0.024297 3.000000 1.000000 1.000000 0.500000 0.000000 0.000000 0 
4919 4.247000 4.233904 4.258036 4.258036 1.120037 0.024132 0.012066 4.259066 4.234934 0.100648 -0.092411 -0.023103 3.000000 1.000000 1.000000 0.500000 0.000000 0.000000 0 
4920 4.248000 4.234005 4.257944 4.257944 1.120037 0.023939 0.011970 4.259970 4.236030 0.103860 -0.087655 -0.021914 3.000000 1.000000 1.000000 0.500000 0.000000 0.000000 0 
4921 4.249000 4.234109 4.257856 4.257856 1.120037 0.023748 0.011874 4.260874 4.237126 0.107061 -0.082921 -0.020730 3.000000 1.000000 1.000000 0.500000 0.000000 0.000000 0 
4922 4.250000 4.234216 4.257773 4.257773 1.120037 0.023558 0.011779 4.261779 4.238221 0.110253 -0.078210 -0.019552 3.000000 1.000000 1.000000 0.500000 0.000000 0.000000 0 
4923 4.251000 4.234326 4.257695 4.257695 1.120037 0.023369 0.011685 4.262685 4.239315 0.113435 -0.073520 -0.018380 3.000000 1.000000 1.000000 0.500000 0.000000 0.000000 0 
4924 4.252000 4.234439 4.257622 4.257622 1.120037 0.023182 0.011591 4.263591 4.240409 0.116607 -0.068852 -0.017213 3.000000 1.000000 1.000000 0.500000 0.000000 0.000000 0 
4925 4.253000 4.234556 4.257553 4.257553 1.120037 0.022997 0.011498 4.264498 4.241502 0.119770 -0.064206 -0.016051 3.000000 1.000000 1.000000 0.500000 0.000000 0.000000 0 
4926 4.254000 4.234676 4.257489 4.257489 1.120037 0.022813 0.011406 4.265406 4.242594 0.122923 -0.059581 -0.014895 3.000000 1.000000 1.000000 0.500000 0.000000 0.000000 0 
4927 4.255000 4.234799 4.257429 4.257429 1.120037 0.022630 0.011315 4.266315 4.243685 0.126066 -0.054977 -0.013744 3.000000 1.000000 1.000000 0.500000 0.000000 0.000000 0 
4928 4.256000 4.234925 4.257374 4.257374 1.120037 0.022449 0.011225 4.267225 4.244775 0.129200 -0.050395 -0.012599 3.000000 1.000000 1.000000 0.500000 0.000000 0.000000 0 
4929 4.257000 4.235054 4.257324 4.257324 1.120037 0.022270 0.011135 4.268135 4.245865 0.132324 -0.045835 -0.011459 3.000000 1.000000 1.000000 0.500000 0.000000 0.000000 0 
4930 4.258000 4.235186 4.257278 4.257278 1.120037 0.022092 0.011046 4.269046 4.246954 0.135438 -0.041295 -0.010324 3.000000 1.000000 1.000000 0.500000 0.000000 0.000000 0 
4931 4.259000 4.235322 4.257237 4.257237 1.120037 0.021915 0.010957 4.269957 4.248043 0.138543 -0.036776 -0.009194 3.000000 1.000000 1.000000 0.500000 0.000000 0.000000 0 
4932 4.260000 4.235460 4.257200 4.257200 1.120037 0.021740 0.010870 4.270870 4.249130 0.141638 -0.032279 -0.008070 3.000000 1.000000 1.000000 0.500000 0.000000 0.000000 0 
4933 4.261000 4.235602 4.257168 4.257168 1.120037 0.021566 0.010783 4.271783 4.250217 0.144724 -0.027802 -0.006950 3.000000 1.000000 1.000000 0.500000 0.000000 0.000000 0 
4934 4.262000 4.235747 4.257140 4.257140 1.120037 0.021393 0.010697 4.272697 4.251303 0.147800 -0.023345 -0.005836 3.000000 1.000000 1.000000 0.500000 0.000000 0.000000 0 
4935 4.263000 4.235894 4.257116 4.257116 1.120037 0.021222 0.010611 4.273611 4.252389 0.150866 -0.018910 -0.004727 3.000000 1.000000 1.000000 0.500000 0.000000 0.000000 0 
4936 4.264000 4.236045 4.257098 4.257098 1.120037 0.021052 0.010526 4.274526 4.253474 0.153923 -0.014495 -0.003624 3.000000 1.000000 1.000000 0.500000 0.000000 0.000000 0 
4937 4.265000 4.236199 4.257083 4.257083 1.120037 0.020884 0.010442 4.275442 4.254558 0.156971 -0.010100 -0.002525 3.000000 1.000000 1.000000 0.500000 0.000000 0.000000 0 
4938 4.266000 4.236356 4.257073 4.257073 1.120037 0.020717 0.010358 4.276358 4.255642 0.160009 -0.005725 -0.001431 3.000000 1.000000 1.000000 0.500000 0.000000 0.000000 0 
4939 4.267000 4.236516 4.257067 4.257067 1.120037 0.020551 0.010276 4.277276 4.256724 0.163037 -0.001371 -0.000343 3.000000 1.000000 1.000000 0.500000 0.000000 0.000000 0 
4940 4.268000 4.236679 4.257066 4.257066 1.120037 0.020387 0.010193 4.278193 4.257807 0.166056 0.002963 0.000741 3.000000 1.000000 1.000000 0.500000 0.000000 0.000000 0 
4941 4.269000 4.236845 4.257069 4.257069 1.120037 0.020224 0.010112 4.279112 4.258888 0.169066 0.007278 0.001819 3.000000 1.000000 1.000000 0.500000 0.000000 0.000000 0 
4942 4.270000 4.237014 4.257076 4.257076 1.120037 0.020062 0.010031 4.280031 4.259969 0.172066 0.011572 0.002893 3.000000 1.000000 1.000000 0.500000 0.000000 0.000000 0 
4943 4.271000 4.237186 4.257088 4.257088 1.120037 0.019901 0.009951 4.280951 4.261049 0.175057 0.015847 0.003962 3.000000 1.000000 1.000000 0.500000 0.000000 0.000000 0 
4944 4.272000 4.237361 4.257103 4.257103 1.120037 0.019742 0.009871 4.281871 4.262129 0.178038 0.020102 0.005026 3.000000 1.000000 1.000000 0.500000 0.000000 0.000000 0 
4945 4.273000 4.237539 4.257124 4.257124 1.120037 0.019584 0.009792 4.282792 4.263208 0.181010 0.024337 0.006084 3.000000 1.000000 1.000000 0.500000 0.000000 0.000000 0 
4946 4.274000 4.237720 4.257148 4.257148 1.120037 0.019427 0.009714 4.283714 4.264286 0.183973 0.028553 0.007138 3.000000 1.000000 1.000000 0.500000 0.000000 0.000000 0 
4947 4.275000 4.237904 4.257176 4.257176 1.120037 0.019272 0.009636 4.284636 4.265364 0.186926 0.032750 0.008188 3.000000 1.000000 1.000000 0.500000 0.000000 0.000000 0 
4948 4.276000 4.238091 4.257209 4.257209 1.120037 0.019118 0.009559 4.285559 4.266441 0.189870 0.036927 0.009232 3.000000 1.000000 1.000000 0.500000 0.000000 0.000000 0 
4949 4.277000 4.238281 4.257246 4.257246 1.120037 0.018965 0.009482 4.286482 4.267518 0.192805 0.041086 0.010271 3.000000 1.000000 1.000000 0.500000 0.000000 0.000000 0 
4950 4.278000 4.238474 4.257287 4.257287 1.120037 0.018813 0.009407 4.287407 4.268593 0.195730 0.045225 0.011306 3.000000 1.000000 1.000000 0.500000 0.000000 0.000000 0 
4951 4.279000 4.238670 4.257332 4.257332 1.120037 0.018663 0.009331 4.288331 4.269669 0.198646 0.049345 0.012336 3.000000 1.000000 1.000000 0.500000 0.000000 0.000000 0 
4952 4.280000 4.238868 4.257382 4.257382 1.120037 0.018513 0.009257 4.289257 4.270743 0.201553 0.053446 0.013362 3.000000 1.000000 1.000000 0.500000 0.000000 0.000000 0 
4953 4.281000 4.239070 4.257435 4.257435 1.120037 0.018365 0.009183 4.290183 4.271817 0.204450 0.057528 0.014382 3.000000 1.000000 1.000000 0.500000 0.000000 0.000000 0 
4954 4.282000 4.239274 4.257493 4.257493 1.120037 0.018218 0.009109 4.291109 4.272891 0.207339 0.061592 0.015398 3.000000 1.000000 1.000000 0.500000 0.000000 0.000000 0 
4955 4.283000 4.239482 4.257554 4.257554 1.120037 0.018073 0.009036 4.292036 4.273964 0.210218 0.065637 0.016409 3.000000 1.000000 1.000000 0.500000 0.000000 0.000000 0 
4956 4.284000 4.239692 4.257620 4.257620 1.120037 0.017928 0.008964 4.292964 4.275036 0.213088 0.069664 0.017416 3.000000 1.000000 1.000000 0.500000 0.000000 0.000000 0 
4957 4.285000 4.239905 4.257690 4.257690 1.120037 0.017785 0.008892 4.293892 4.276108 0.215949 0.073672 0.018418 3.000000 1.000000 1.000000 0.500000 0.000000 0.000000 0 
4958 4.286000 4.240121 4.257763 4.257763 1.120037 0.017642 0.008821 4.294821 4.277179 0.218800 0.077662 0.019416 3.000000 1.000000 1.000000 0.500000 0.000000 0.000000 0 
4959 4.287000 4.240340 4.257841 4.257841 1.120037 0.017501 0.008751 4.295751 4.278249 0.221643 0.081634 0.020408 3.000000 1.000000 1.000000 0.500000 0.000000 0.000000 0 
4960 4.288000 4.240561 4.257923 4.257923 1.120037 0.017361 0.008681 4.296681 4.279319 0.224476 0.085587 0.021397 3.000000 1.000000 1.000000 0.500000 0.000000 0.000000 0 
4961 4.289000 4.240786 4.258008 4.258008 1.120037 0.017222 0.008611 4.297611 4.280389 0.227301 0.089523 0.022381 3.000000 1.000000 1.000000 0.500000 0.000000 0.000000 0 
4962 4.290000 4.241013 4.258098 4.258098 1.120037 0.017084 0.008542 4.298542 4.281458 0.230116 0.093440 0.023360 3.000000 1.000000 1.000000 0.500000 0.000000 0.000000 0 
4963 4.291000 4.241243 4.258191 4.258191 1.120037 0.016948 0.008474 4.299474 4.282526 0.232922 0.097340 0.024335 3.000000 1.000000 1.000000 0.500000 0.000000 0.000000 0 
4964 4.292000 4.241476 4.258289 4.258289 1.120037 0.016812 0.008406 4.300406 4.283594 0.235719 0.101221 0.025305 3.000000 1.000000 1.000000 0.500000 0.000000 0.000000 0 
4965 4.293000 4.241712 4.258390 4.258390 1.120037 0.016678 0.008339 4.301339 4.284661 0.238507 0.105086 0.026271 3.000000 1.000000 1.000000 0.500000 0.000000 0.000000 0 
4966 4.294000 4.241951 4.258495 4.258495 1.120037 0.016544 0.008272 4.302272 4.285728 0.241286 0.108932 0.027233 3.000000 1.000000 1.000000 0.500000 0.000000 0.000000 0 
4967 4.295000 4.242192 4.258604 4.258604 1.120037 0.016412 0.008206 4.303206 4.286794 0.244057 0.112761 0.028190 3.000000 1.000000 1.000000 0.500000 0.000000 0.000000 0 
4968 4.296000 4.242436 4.258717 4.258717 1.120037 0.016281 0.008140 4.304140 4.287860 0.246818 0.116573 0.029143 3.000000 1.000000 1.000000 0.500000 0.000000 0.000000 0 
4969 4.297000 4.242683 4.258833 4.258833 1.120037 0.016150 0.008075 4.305075 4.288925 0.249570 0.120367 0.030092 3.000000 1.000000 1.000000 0.500000 0.000000 0.000000 0 
4970 4.298000 4.242932 4.258953 4.258953 1.120037 0.016021 0.008011 4.306011 4.289989 0.252313 0.124144 0.031036 3.000000 1.000000 1.000000 0.500000 0.000000 0.000000 0 
4971 4.299000 4.243185 4.259078 4.259078 1.120037 0.015893 0.007947 4.306947 4.291053 0.255048 0.127903 0.031976 3.000000 1.000000 1.000000 0.500000 0.000000 0.000000 0 
4972 4.300000 4.243440 4.259206 4.259206 1.120037 0.015766 0.007883 4.307883 4.292117 0.257773 0.131646 0.032912 3.000000 1.000000 1.000000 0.500000 0.000000 0.000000 0 
4973 4.301000 4.243697 4.259337 4.259337 1.120037 0.015640 0.007820 4.308820 4.293180 0.260490 0.135372 0.033843 3.000000 1.000000 1.000000 0.500000 0.000000 0.000000 0 
4974 4.302000 4.243958 4.259473 4.259473 1.120037 0.015515 0.007757 4.309757 4.294243 0.263198 0.139081 0.034770 3.000000 1.000000 1.000000 0.500000 0.000000 0.000000 0 
4975 4.303000 4.244221 4.259612 4.259612 1.120037 0.015391 0.007695 4.310695 4.295305 0.265897 0.142772 0.035693 3.000000 1.000000 1.000000 0.500000 0.000000 0.000000 0 
4976 4.304000 4.244487 4.259754 4.259754 1.120037 0.015267 0.007634 4.311634 4.296366 0.268587 0.146448 0.036612 3.000000 1.000000 1.000000 0.500000 0.000000 0.000000 0 
4977 4.305000 4.244756 4.259901 4.259901 1.120037 0.015145 0.007573 4.312573 4.297427 0.271268 0.150106 0.037527 3.000000 1.000000 1.000000 0.500000 0.000000 0.000000 0 
4978 4.306000 4.245027 4.260051 4.260051 1.120037 0.015024 0.007512 4.313512 4.298488 0.273941 0.153748 0.038437 3.000000 1.000000 1.000000 0.500000 0.000000 0.000000 0 
4979 4.307000 4.245301 4.260205 4.260205 1.120037 0.014904 0.007452 4.314452 4.299548 0.276605 0.157373 0.039343 3.000000 1.000000 1.000000 0.500000 0.000000 0.000000 0 
4980 4.308000 4.245577 4.260362 4.260362 1.120037 0.014785 0.007392 4.315392 4.300608 0.279260 0.160982 0.040246 3.000000 1.000000 1.000000 0.500000 0.000000 0.000000 0 
4981 4.309000 4.245857 4.260523 4.260523 1.120037 0.014666 0.007333 4.316333 4.301667 0.281906 0.164575 0.041144 3.000000 1.000000 1.000000 0.500000 0.000000 0.000000 0 
4982 4.310000 4.246139 4.260688 4.260688 1.120037 0.014549 0.007275 4.317275 4.302725 0.284544 0.168151 0.042038 3.000000 1.000000 1.000000 0.500000 0.000000 0.000000 0 
4983 4.311000 4.246423 4.260856 4.260856 1.120037 0.014433 0.007216 4.318216 4.303784 0.287173 0.171712 0.042928 3.000000 1.000000 1.000000 0.500000 0.000000 0.000000 0 
4984 4.312000 4.246710 4.261027 4.261027 1.120037 0.014317 0.007159 4.319159 4.304841 0.289793 0.175256 0.043814 3.000000 1.000000 1.000000 0.500000 0.000000 0.000000 0 
4985 4.313000 4.247000 4.261203 4.261203 1.120037 0.014203 0.007101 4.320101 4.305899 0.292405 0.178784 0.044696 3.000000 1.000000 1.000000 0.500000 0.000000 0.000000 0 
4986 4.314000 4.247292 4.261382 4.261382 1.120037 0.014089 0.007045 4.321045 4.306955 0.295008 0.182296 0.045574 3.000000 1.000000 1.000000 0.500000 0.000000 0.000000 0 
4987 4.315000 4.247587 4.261564 4.261564 1.120037 0.013976 0.006988 4.321988 4.308012 0.297603 0.185792 0.046448 3.000000 1.000000 1.000000 0.500000 0.000000 0.000000 0 
4988 4.316000 4.247885 4.261750 4.261750 1.120037 0.013865 0.006932 4.322932 4.309068 0.300189 0.189272 0.047318 3.000000 1.000000 1.000000 0.500000 0.000000 0.000000 0 
4989 4.317000 4.248185 4.261939 4.261939 1.120037 0.013754 0.006877 4.323877 4.310123 0.302766 0.192737 0.048184 3.000000 1.000000 1.000000 0.500000 0.000000 0.000000 0 
4990 4.318000 4.248488 4.262132 4.262132 1.120037 0.013644 0.006822 4.324822 4.311178 0.305335 0.196186 0.049047 3.000000 1.000000 1.000000 0.500000 0.000000 0.000000 0 
4991 4.319000 4.248793 4.262328 4.262328 1.120037 0.013534 0.006767 4.325767 4.312233 0.307895 0.199620 0.049905 3.000000 1.000000 1.000000 0.500000 0.000000 0.000000 0 
4992 4.320000 4.249101 4.262527 4.262527 1.120037 0.013426 0.006713 4.326713 4.313287 0.310447 0.203038 0.050759 3.000000 1.000000 1.000000 0.500000 0.000000 0.000000 0 
4993 4.321000 4.249412 4.262730 4.262730 1.120037 0.013319 0.006659 4.327659 4.314341 0.312991 0.206441 0.051610 3.000000 1.000000 1.000000 0.500000 0.000000 0.000000 0 
4994 4.322000 4.249725 4.262937 4.262937 1.120037 0.013212 0.006606 4.328606 4.315394 0.315526 0.209828 0.052457 3.000000 1.000000 1.000000 0.500000 0.000000 0.000000 0 
4995 4.323000 4.250040 4.263147 4.263147 1.120037 0.013107 0.006553 4.329553 4.316447 0.318052 0.213200 0.053300 3.000000 1.000000 1.000000 0.500000 0.000000 0.000000 0 
4996 4.324000 4.250358 4.263360 4.263360 1.120037 0.013002 0.006501 4.330501 4.317499 0.320570 0.216557 0.054139 3.000000 1.000000 1.000000 0.500000 0.000000 0.000000 0 
4997 4.325000 4.250679 4.263576 4.263576 1.120037 0.012898 0.006449 4.331449 4.318551 0.323080 0.219899 0.054975 3.000000 1.000000 1.000000 0.500000 0.000000 0.000000 0 
4998 4.326000 4.251002 4.263796 4.263796 1.120037 0.012794 0.006397 4.332397 4.319603 0.325581 0.223226 0.055806 3.000000 1.000000 1.000000 0.500000 0.000000 0.000000 0 
4999 4.327000 4.251328 4.264020 4.264020 1.120037 0.012692 0.006346 4.333346 4.320654 0.328074 0.226537 0.056634 3.000000 1.000000 1.000000 0.500000 0.000000 0.000000 0 
5000 4.328000 4.251656 4.264246 4.264246 1.120037 0.012591 0.006295 4.334295 4.321705 0.330559 0.229834 0.057459 3.000000 1.000000 1.000000 0.500000 0.000000 0.000000 0 
5001 4.329000 4.251986 4.264476 4.264476 1.120037 0.012490 0.006245 4.335245 4.322755 0.333035 0.233116 0.058279 3.000000 1.000000 1.000000 0.500000 0.000000 0.000000 0 
5002 4.330000 4.252319 4.264709 4.264709 1.120037 0.012390 0.006195 4.336195 4.323805 0.335503 0.236384 0.059096 3.000000 1.000000 1.000000 0.500000 0.000000 0.000000 0 
5003 4.331000 4.252655 4.264945 4.264945 1.120037 0.012291 0.006145 4.337145 4.324855 0.337963 0.239636 0.059909 3.000000 1.000000 1.000000 0.500000 0.000000 0.000000 0 
5004 4.332000 4.252993 4.265185 4.265185 1.120037 0.012192 0.006096 4.338096 4.325904 0.340414 0.242875 0.060719 3.000000 1.000000 1.000000 0.500000 0.000000 0.000000 0 
5005 4.333000 4.253333 4.265428 4.265428 1.120037 0.012095 0.006047 4.339047 4.326953 0.342858 0.246098 0.061525 3.000000 1.000000 1.000000 0.500000 0.000000 0.000000 0 
5006 4.334000 4.253676 4.265674 4.265674 1.120037 0.011998 0.005999 4.339999 4.328001 0.345293 0.249307 0.062327 3.000000 1.000000 1.000000 0.500000 0.000000 0.000000 0 
5007 4.335000 4.254021 4.265923 4.265923 1.120037 0.011902 0.005951 4.340951 4.329049 0.347720 0.252502 0.063125 3.000000 1.000000 1.000000 0.500000 0.000000 0.000000 0 
5008 4.336000 4.254369 4.266176 4.266176 1.120037 0.011807 0.005903 4.341903 4.330097 0.350138 0.255682 0.063921 3.000000 1.000000 1.000000 0.500000 0.000000 0.000000 0 
5009 4.337000 4.254719 4.266432 4.266432 1.120037 0.011713 0.005856 4.342856 4.331144 0.352549 0.258849 0.064712 3.000000 1.000000 1.000000 0.500000 0.000000 0.000000 0 
5010 4.338000 4.255072 4.266690 4.266690 1.120037 0.011619 0.005809 4.343809 4.332191 0.354951 0.262001 0.065500 3.000000 1.000000 1.000000 0.500000 0.000000 0.000000 0 
5011 4.339000 4.255427 4.266952 4.266952 1.120037 0.011526 0.005763 4.344763 4.333237 0.357345 0.265139 0.066285 3.000000 1.000000 1.000000 0.500000 0.000000 0.000000 0 
5012 4.340000 4.255784 4.267218 4.267218 1.120037 0.011434 0.005717 4.345717 4.334283 0.359732 0.268262 0.067066 3.000000 1.000000 1.000000 0.500000 0.000000 0.000000 0 
5013 4.341000 4.256144 4.267486 4.267486 1.120037 0.011342 0.005671 4.346671 4.335329 0.362110 0.271372 0.067843 3.000000 1.000000 1.000000 0.500000 0.000000 0.000000 0 
5014 4.342000 4.256506 4.267757 4.267757 1.120037 0.011251 0.005626 4.347626 4.336374 0.364480 0.274468 0.068617 3.000000 1.000000 1.000000 0.500000 0.000000 0.000000 0 
5015 4.343000 4.256870 4.268032 4.268032 1.120037 0.011161 0.005581 4.348581 4.337419 0.366842 0.277550 0.069388 3.000000 1.000000 1.000000 0.500000 0.000000 0.000000 0 
5016 4.344000 4.257237 4.268309 4.268309 1.120037 0.011072 0.005536 4.349536 4.338464 0.369196 0.280619 0.070155 3.000000 1.000000 1.000000 0.500000 0.000000 0.000000 0 
5017 4.345000 4.257606 4.268590 4.268590 1.120037 0.010984 0.005492 4.350492 4.339508 0.371542 0.283673 0.070918 3.000000 1.000000 1.000000 0.500000 0.000000 0.000000 0 
5018 4.346000 4.257978 4.268874 4.268874 1.120037 0.010896 0.005448 4.351448 4.340552 0.373880 0.286714 0.071679 3.000000 1.000000 1.000000 0.500000 0.000000 0.000000 0 
5019 4.347000 4.258352 4.269160 4.269160 1.120037 0.010809 0.005404 4.352404 4.341596 0.376210 0.289742 0.072435 3.000000 1.000000 1.000000 0.500000 0.000000 0.000000 0 
5020 4.348000 4.258728 4.269450 4.269450 1.120037 0.010722 0.005361 4.353361 4.342639 0.378533 0.292756 0.073189 3.000000 1.000000 1.000000 0.500000 0.000000 0.000000 0 
5021 4.349000 4.259106 4.269743 4.269743 1.120037 0.010636 0.005318 4.354318 4.343682 0.380847 0.295756 0.073939 3.000000 1.000000 1.000000 0.500000 0.000000 0.000000 0 
5022 4.350000 4.259487 4.270038 4.270038 1.120037 0.010551 0.005276 4.355276 4.344724 0.383153 0.298744 0.074686 3.000000 1.000000 1.000000 0.500000 0.000000 0.000000 0 
5023 4.351000 4.259870 4.270337 4.270337 1.120037 0.010467 0.005233 4.356233 4.345767 0.385452 0.301717 0.075429 3.000000 1.000000 1.000000 0.500000 0.000000 0.000000 0 
5024 4.352000 4.260256 4.270639 4.270639 1.120037 0.010383 0.005192 4.357192 4.346808 0.387743 0.304678 0.076170 3.000000 1.000000 1.000000 0.500000 0.000000 0.000000 0 
5025 4.353000 4.260644 4.270944 4.270944 1.120037 0.010300 0.005150 4.358150 4.347850 0.390025 0.307625 0.076906 3.000000 1.000000 1.000000 0.500000 0.000000 0.000000 0 
5026 4.354000 4.261034 4.271251 4.271251 1.120037 0.010218 0.005109 4.359109 4.348891 0.392301 0.310560 0.077640 3.000000 1.000000 1.000000 0.500000 0.000000 0.000000 0 
5027 4.355000 4.261426 4.271562 4.271562 1.120037 0.010136 0.005068 4.360068 4.349932 0.394568 0.313481 0.078370 3.000000 1.000000 1.000000 0.500000 0.000000 0.000000 0 
5028 4.356000 4.261821 4.271875 4.271875 1.120037 0.010055 0.005027 4.361027 4.350973 0.396827 0.316389 0.079097 3.000000 1.000000 1.000000 0.500000 0.000000 0.000000 0 
5029 4.357000 4.262217 4.272192 4.272192 1.120037 0.009974 0.004987 4.361987 4.352013 0.399079 0.319285 0.079821 3.000000 1.000000 1.000000 0.500000 0.000000 0.000000 0 
5030 4.358000 4.262616 4.272511 4.272511 1.120037 0.009895 0.004947 4.362947 4.353053 0.401323 0.322167 0.080542 3.000000 1.000000 1.000000 0.500000 0.000000 0.000000 0 
5031 4.359000 4.263018 4.272833 4.272833 1.120037 0.009815 0.004908 4.363908 4.354092 0.403560 0.325037 0.081259 3.000000 1.000000 1.000000 0.500000 0.000000 0.000000 0 
5032 4.360000 4.263421 4.273158 4.273158 1.120037 0.009737 0.004868 4.364868 4.355132 0.405788 0.327894 0.081973 3.000000 1.000000 1.000000 0.500000 0.000000 0.000000 0 
5033 4.361000 4.263827 4.273486 4.273486 1.120037 0.009659 0.004829 4.365829 4.356171 0.408010 0.330738 0.082684 3.000000 1.000000 1.000000 0.500000 0.000000 0.000000 0 
5034 4.362000 4.264235 4.273817 4.273817 1.120037 0.009582 0.004791 4.366791 4.357209 0.410223 0.333569 0.083392 3.000000 1.000000 1.000000 0.500000 0.000000 0.000000 0 
5035 4.363000 4.264645 4.274150 4.274150 1.120037 0.009505 0.004753 4.367753 4.358247 0.412429 0.336388 0.084097 3.000000 1.000000 1.000000 0.500000 0.000000 0.000000 0 
5036 4.364000 4.265058 4.274487 4.274487 1.120037 0.009429 0.004715 4.368715 4.359285 0.414627 0.339195 0.084799 3.000000 1.000000 1.000000 0.500000 0.000000 0.000000 0 
5037 4.365000 4.265472 4.274826 4.274826 1.120037 0.009354 0.004677 4.369677 4.360323 0.416818 0.341989 0.085497 3.000000 1.000000 1.000000 0.500000 0.000000 0.000000 0 
5038 4.366000 4.265889 4.275168 4.275168 1.120037 0.009279 0.004639 4.370639 4.361361 0.419001 0.344771 0.086193 3.000000 1.000000 1.000000 0.500000 0.000000 0.000000 0 
5039 4.367000 4.266308 4.275513 4.275513 1.120037 0.009205 0.004602 4.371602 4.362398 0.421176 0.347540 0.086885 3.000000 1.000000 1.000000 0.500000 0.000000 0.000000 0 
5040 4.368000 4.266729 4.275860 4.275860 1.120037 0.009131 0.004565 4.372565 4.363435 0.423344 0.350297 0.087574 3.000000 1.000000 1.000000 0.500000 0.000000 0.000000 0 
5041 4.369000 4.267153 4.276211 4.276211 1.120037 0.009058 0.004529 4.373529 4.364471 0.425505 0.353042 0.088261 3.000000 1.000000 1.000000 0.500000 0.000000 0.000000 0 
5042 4.370000 4.267578 4.276564 4.276564 1.120037 0.008985 0.004493 4.374493 4.365507 0.427658 0.355775 0.088944 3.000000 1.000000 1.000000 0.500000 0.000000 0.000000 0 
5043 4.371000 4.268006 4.276919 4.276919 1.120037 0.008913 0.004457 4.375457 4.366543 0.429803 0.358496 0.089624 3.000000 1.000000 1.000000 0.500000 0.000000 0.000000 0 
5044 4.372000 4.268436 4.277278 4.277278 1.120037 0.008842 0.004421 4.376421 4.367579 0.431942 0.361204 0.090301 3.000000 1.000000 1.000000 0.500000 0.000000 0.000000 0 
5045 4.373000 4.268868 4.277639 4.277639 1.120037 0.008771 0.004386 4.377386 4.368614 0.434072 0.363901 0.090975 3.000000 1.000000 1.000000 0.500000 0.000000 0.000000 0 
5046 4.374000 4.269302 4.278003 4.278003 1.120037 0.008701 0.004351 4.378351 4.369649 0.436196 0.366586 0.091646 3.000000 1.000000 1.000000 0.500000 0.000000 0.000000 0 
5047 4.375000 4.269738 4.278370 4.278370 1.120037 0.008632 0.004316 4.379316 4.370684 0.438312 0.369258 0.092315 3.000000 1.000000 1.000000 0.500000 0.000000 0.000000 0 
5048 4.376000 4.270176 4.278739 4.278739 1.120037 0.008563 0.004281 4.380281 4.371719 0.440420 0.371920 0.092980 3.000000 1.000000 1.000000 0.500000 0.000000 0.000000 0 
5049 4.377000 4.270617 4.279111 4.279111 1.120037 0.008494 0.004247 4.381247 4.372753 0.442522 0.374569 0.093642 3.000000 1.000000 1.000000 0.500000 0.000000 0.000000 0 
5050 4.378000 4.271059 4.279485 4.279485 1.120037 0.008426 0.004213 4.382213 4.373787 0.444616 0.377206 0.094302 3.000000 1.000000 1.000000 0.500000 0.000000 0.000000 0 
5051 4.379000 4.271504 4.279863 4.279863 1.120037 0.008359 0.004179 4.383179 4.374821 0.446702 0.379832 0.094958 3.000000 1.000000 1.000000 0.500000 0.000000 0.000000 0 
5052 4.380000 4.271950 4.280242 4.280242 1.120037 0.008292 0.004146 4.384146 4.375854 0.448782 0.382447 0.095612 3.000000 1.000000 1.000000 0.500000 0.000000 0.000000 0 
5053 4.381000 4.272399 4.280625 4.280625 1.120037 0.008226 0.004113 4.385113 4.376887 0.450854 0.385050 0.096262 3.000000 1.000000 1.000000 0.500000 0.000000 0.000000 0 
5054 4.382000 4.272850 4.281010 4.281010 1.120037 0.008160 0.004080 4.386080 4.377920 0.452919 0.387641 0.096910 3.000000 1.000000 1.000000 0.500000 0.000000 0.000000 0 
5055 4.383000 4.273303 4.281397 4.281397 1.120037 0.008094 0.004047 4.387047 4.378953 0.454977 0.390221 0.097555 3.000000 1.000000 1.000000 0.500000 0.000000 0.000000 0 
5056 4.384000 4.273758 4.281788 4.281788 1.120037 0.008030 0.004015 4.388015 4.379985 0.457027 0.392790 0.098197 3.000000 1.000000 1.000000 0.500000 0.000000 0.000000 0 
5057 4.385000 4.274215 4.282180 4.282180 1.120037 0.007965 0.003983 4.388983 4.381017 0.459071 0.395347 0.098837 3.000000 1.000000 1.000000 0.500000 0.000000 0.000000 0 
5058 4.386000 4.274674 4.282576 4.282576 1.120037 0.007902 0.003951 4.389951 4.382049 0.461107 0.397893 0.099473 3.000000 1.000000 1.000000 0.500000 0.000000 0.000000 0 
5059 4.387000 4.275135 4.282974 4.282974 1.120037 0.007839 0.003919 4.390919 4.383081 0.463136 0.400428 0.100107 3.000000 1.000000 1.000000 0.500000 0.000000 0.000000 0 
5060 4.388000 4.275598 4.283374 4.283374 1.120037 0.007776 0.003888 4.391888 4.384112 0.465158 0.402952 0.100738 3.000000 1.000000 1.000000 0.500000 0.000000 0.000000 0 
5061 4.389000 4.276064 4.283777 4.283777 1.120037 0.007714 0.003857 4.392857 4.385143 0.467173 0.405464 0.101366 3.000000 1.000000 1.000000 0.500000 0.000000 0.000000 0 
5062 4.390000 4.276531 4.284183 4.284183 1.120037 0.007652 0.003826 4.393826 4.386174 0.469181 0.407966 0.101991 3.000000 1.000000 1.000000 0.500000 0.000000 0.000000 0 
5063 4.391000 4.277000 4.284591 4.284591 1.120037 0.007591 0.003795 4.394795 4.387205 0.471182 0.410456 0.102614 3.000000 1.000000 1.000000 0.500000 0.000000 0.000000 0 
5064 4.392000 4.277471 4.285001 4.285001 1.120037 0.007530 0.003765 4.395765 4.388235 0.473176 0.412936 0.103234 3.000000 1.000000 1.000000 0.500000 0.000000 0.000000 0 
5065 4.393000 4.277944 4.285414 4.285414 1.120037 0.007470 0.003735 4.396735 4.389265 0.475163 0.415405 0.103851 3.000000 1.000000 1.000000 0.500000 0.000000 0.000000 0 
5066 4.394000 4.278419 4.285829 4.285829 1.120037 0.007410 0.003705 4.397705 4.390295 0.477142 0.417863 0.104466 3.000000 1.000000 1.000000 0.500000 0.000000 0.000000 0 
5067 4.395000 4.278897 4.286247 4.286247 1.120037 0.007351 0.003675 4.398675 4.391325 0.479115 0.420310 0.105077 3.000000 1.000000 1.000000 0.500000 0.000000 0.000000 0 
5068 4.396000 4.279376 4.286668 4.286668 1.120037 0.007292 0.003646 4.399646 4.392354 0.481081 0.422746 0.105687 3.000000 1.000000 1.000000 0.500000 0.000000 0.000000 0 
5069 4.397000 4.279857 4.287090 4.287090 1.120037 0.007234 0.003617 4.400617 4.393383 0.483040 0.425172 0.106293 3.000000 1.000000 1.000000 0.500000 0.000000 0.000000 0 
5070 4.398000 4.280340 4.287515 4.287515 1.120037 0.007176 0.003588 4.401588 4.394412 0.484992 0.427587 0.106897 3.000000 1.000000 1.000000 0.500000 0.000000 0.000000 0 
5071 4.399000 4.280825 4.287943 4.287943 1.120037 0.007118 0.003559 4.402559 4.395441 0.486938 0.429991 0.107498 3.000000 1.000000 1.000000 0.500000 0.000000 0.000000 0 
5072 4.400000 4.281312 4.288373 4.288373 1.120037 0.007061 0.003531 4.403531 4.396469 0.488876 0.432385 0.108096 3.000000 1.000000 1.000000 0.500000 0.000000 0.000000 0 
5073 4.401000 4.281801 4.288805 4.288805 1.120037 0.007005 0.003502 4.404502 4.397498 0.490807 0.434769 0.108692 3.000000 1.000000 1.000000 0.500000 0.000000 0.000000 0 
5074 4.402000 4.282291 4.289240 4.289240 1.120037 0.006949 0.003474 4.405474 4.398526 0.492732 0.437142 0.109285 3.000000 1.000000 1.000000 0.500000 0.000000 0.000000 0 
5075 4.403000 4.282784 4.289677 4.289677 1.120037 0.006893 0.003447 4.406447 4.399553 0.494650 0.439504 0.109876 3.000000 1.000000 1.000000 0.500000 0.000000 0.000000 0 
5076 4.404000 4.283279 4.290117 4.290117 1.120037 0.006838 0.003419 4.407419 4.400581 0.496561 0.441857 0.110464 3.000000 1.000000 1.000000 0.500000 0.000000 0.000000 0 
5077 4.405000 4.283775 4.290559 4.290559 1.120037 0.006783 0.003392 4.408392 4.401608 0.498465 0.444199 0.111050 3.000000 1.000000 1.000000 0.500000 0.000000 0.000000 0 
5078 4.406000 4.284274 4.291003 4.291003 1.120037 0.006729 0.003365 4.409365 4.402635 0.500363 0.446530 0.111633 3.000000 1.000000 1.000000 0.500000 0.000000 0.000000 0 
5079 4.407000 4.284774 4.291449 4.291449 1.120037 0.006675 0.003338 4.410338 4.403662 0.502254 0.448852 0.112213 3.000000 1.000000 1.000000 0.500000 0.000000 0.000000 0 
5080 4.408000 4.285276 4.291898 4.291898 1.120037 0.006622 0.003311 4.411311 4.404689 0.504138 0.451163 0.112791 3.000000 1.000000 1.000000 0.500000 0.000000 0.000000 0 
5081 4.409000 4.285781 4.292349 4.292349 1.120037 0.006569 0.003284 4.412284 4.405716 0.506016 0.453465 0.113366 3.000000 1.000000 1.000000 0.500000 0.000000 0.000000 0 
5082 4.410000 4.286287 4.292803 4.292803 1.120037 0.006516 0.003258 4.413258 4.406742 0.507886 0.455756 0.113939 3.000000 1.000000 1.000000 0.500000 0.000000 0.000000 0 
5083 4.411000 4.286794 4.293259 4.293259 1.120037 0.006464 0.003232 4.414232 4.407768 0.509751 0.458037 0.114509 3.000000 1.000000 1.000000 0.500000 0.000000 0.000000 0 
5084 4.412000 4.287304 4.293717 4.293717 1.120037 0.006412 0.003206 4.415206 4.408794 0.511608 0.460308 0.115077 3.000000 1.000000 1.000000 0.500000 0.000000 0.000000 0 
5085 4.413000 4.287816 4.294177 4.294177 1.120037 0.006361 0.003181 4.416181 4.409819 0.513459 0.462570 0.115642 3.000000 1.000000 1.000000 0.500000 0.000000 0.000000 0 
5086 4.414000 4.288329 4.294640 4.294640 1.120037 0.006310 0.003155 4.417155 4.410845 0.515304 0.464821 0.116205 3.000000 1.000000 1.000000 0.500000 0.000000 0.000000 0 
5087 4.415000 4.288845 4.295104 4.295104 1.120037 0.006260 0.003130 4.418130 4.411870 0.517141 0.467063 0.116766 3.000000 1.000000 1.000000 0.500000 0.000000 0.000000 0 
5088 4.416000 4.289362 4.295571 4.295571 1.120037 0.006210 0.003105 4.419105 4.412895 0.518973 0.469295 0.117324 3.000000 1.000000 1.000000 0.500000 0.000000 0.000000 0 
5089 4.417000 4.289881 4.296041 4.296041 1.120037 0.006160 0.003080 4.420080 4.413920 0.520797 0.471517 0.117879 3.000000 1.000000 1.000000 0.500000 0.000000 0.000000 0 
5090 4.418000 4.290401 4.296512 4.296512 1.120037 0.006111 0.003055 4.421055 4.414945 0.522616 0.473729 0.118432 3.000000 1.000000 1.000000 0.500000 0.000000 0.000000 0 
5091 4.419000 4.290924 4.296986 4.296986 1.120037 0.006062 0.003031 4.422031 4.415969 0.524427 0.475932 0.118983 3.000000 1.000000 1.000000 0.500000 0.000000 0.000000 0 
5092 4.420000 4.291449 4.297462 4.297462 1.120037 0.006013 0.003007 4.423007 4.416993 0.526233 0.478126 0.119531 3.000000 1.000000 1.000000 0.500000 0.000000 0.000000 0 
5093 4.421000 4.291975 4.297940 4.297940 1.120037 0.005965 0.002983 4.423983 4.418017 0.528032 0.480309 0.120077 3.000000 1.000000 1.000000 0.500000 0.000000 0.000000 0 
5094 4.422000 4.292503 4.298420 4.298420 1.120037 0.005918 0.002959 4.424959 4.419041 0.529824 0.482484 0.120621 3.000000 1.000000 1.000000 0.500000 0.000000 0.000000 0 
5095 4.423000 4.293033 4.298903 4.298903 1.120037 0.005870 0.002935 4.425935 4.420065 0.531610 0.484648 0.121162 3.000000 1.000000 1.000000 0.500000 0.000000 0.000000 0 
5096 4.424000 4.293564 4.299387 4.299387 1.120037 0.005823 0.002912 4.426912 4.421088 0.533390 0.486804 0.121701 3.000000 1.000000 1.000000 0.500000 0.000000 0.000000 0 
5097 4.425000 4.294098 4.299874 4.299874 1.120037 0.005777 0.002888 4.427888 4.422112 0.535163 0.488950 0.122237 3.000000 1.000000 1.000000 0.500000 0.000000 0.000000 0 
5098 4.426000 4.294633 4.300363 4.300363 1.120037 0.005730 0.002865 4.428865 4.423135 0.536930 0.491086 0.122772 3.000000 1.000000 1.000000 0.500000 0.000000 0.000000 0 
5099 4.427000 4.295170 4.300854 4.300854 1.120037 0.005685 0.002842 4.429842 4.424158 0.538690 0.493214 0.123303 3.000000 1.000000 1.000000 0.500000 0.000000 0.000000 0 
5100 4.428000 4.295708 4.301348 4.301348 1.120037 0.005639 0.002820 4.430820 4.425180 0.540445 0.495332 0.123833 3.000000 1.000000 1.000000 0.500000 0.000000 0.000000 0 
5101 4.429000 4.296249 4.301843 4.301843 1.120037 0.005594 0.002797 4.431797 4.426203 0.542193 0.497441 0.124360 3.000000 1.000000 1.000000 0.500000 0.000000 0.000000 0 
5102 4.430000 4.296791 4.302340 4.302340 1.120037 0.005549 0.002775 4.432775 4.427225 0.543934 0.499540 0.124885 3.000000 1.000000 1.000000 0.500000 0.000000 0.000000 0 
5103 4.431000 4.297335 4.302840 4.302840 1.120037 0.005505 0.002752 4.433752 4.428248 0.545670 0.501631 0.125408 3.000000 1.000000 1.000000 0.500000 0.000000 0.000000 0 
5104 4.432000 4.297881 4.303341 4.303341 1.120037 0.005461 0.002730 4.434730 4.429270 0.547399 0.503712 0.125928 3.000000 1.000000 1.000000 0.500000 0.000000 0.000000 0 
5105 4.433000 4.298428 4.303845 4.303845 1.120037 0.005417 0.002709 4.435709 4.430291 0.549122 0.505785 0.126446 3.000000 1.000000 1.000000 0.500000 0.000000 0.000000 0 
5106 4.434000 4.298977 4.304351 4.304351 1.120037 0.005374 0.002687 4.436687 4.431313 0.550839 0.507849 0.126962 3.000000 1.000000 1.000000 0.500000 0.000000 0.000000 0 
5107 4.435000 4.299528 4.304859 4.304859 1.120037 0.005331 0.002665 4.437665 4.432335 0.552550 0.509903 0.127476 3.000000 1.000000 1.000000 0.500000 0.000000 0.000000 0 
5108 4.436000 4.300081 4.305369 4.305369 1.120037 0.005288 0.002644 4.438644 4.433356 0.554254 0.511949 0.127987 3.000000 1.000000 1.000000 0.500000 0.000000 0.000000 0 
5109 4.437000 4.300635 4.305881 4.305881 1.120037 0.005246 0.002623 4.439623 4.434377 0.555953 0.513986 0.128496 3.000000 1.000000 1.000000 0.500000 0.000000 0.000000 0 
5110 4.438000 4.301191 4.306395 4.306395 1.120037 0.005204 0.002602 4.440602 4.435398 0.557645 0.516014 0.129003 3.000000 1.000000 1.000000 0.500000 0.000000 0.000000 0 
5111 4.439000 4.301748 4.306911 4.306911 1.120037 0.005162 0.002581 4.441581 4.436419 0.559331 0.518033 0.129508 3.000000 1.000000 1.000000 0.500000 0.000000 0.000000 0 
5112 4.440000 4.302308 4.307429 4.307429 1.120037 0.005121 0.002560 4.442560 4.437440 0.561011 0.520043 0.130011 3.000000 1.000000 1.000000 0.500000 0.000000 0.000000 0 
5113 4.441000 4.302869 4.307949 4.307949 1.120037 0.005080 0.002540 4.443540 4.438460 0.562685 0.522045 0.130511 3.000000 1.000000 1.000000 0.500000 0.000000 0.000000 0 
5114 4.442000 4.303431 4.308471 4.308471 1.120037 0.005039 0.002520 4.444520 4.439480 0.564353 0.524038 0.131010 3.000000 1.000000 1.000000 0.500000 0.000000 0.000000 0 
5115 4.443000 4.303996 4.308995 4.308995 1.120037 0.004999 0.002500 4.445500 4.440500 0.566015 0.526023 0.131506 3.000000 1.000000 1.000000 0.500000 0.000000 0.000000 0 
5116 4.444000 4.304562 4.309521 4.309521 1.120037 0.004959 0.002480 4.446480 4.441520 0.567671 0.527998 0.132000 3.000000 1.000000 1.000000 0.500000 0.000000 0.000000 0 
5117 4.445000 4.305129 4.310049 4.310049 1.120037 0.004919 0.002460 4.447460 4.442540 0.569321 0.529966 0.132491 3.000000 1.000000 1.000000 0.500000 0.000000 0.000000 0 
5118 4.446000 4.305699 4.310579 4.310579 1.120037 0.004880 0.002440 4.448440 4.443560 0.570965 0.531925 0.132981 3.000000 1.000000 1.000000 0.500000 0.000000 0.000000 0 
5119 4.447000 4.306270 4.311111 4.311111 1.120037 0.004841 0.002420 4.449420 4.444580 0.572603 0.533875 0.133469 3.000000 1.000000 1.000000 0.500000 0.000000 0.000000 0 
5120 4.448000 4.306842 4.311645 4.311645 1.120037 0.004802 0.002401 4.450401 4.445599 0.574235 0.535817 0.133954 3.000000 1.000000 1.000000 0.500000 0.000000 0.000000 0 
5121 4.449000 4.307417 4.312180 4.312180 1.120037 0.004764 0.002382 4.451382 4.446618 0.575861 0.537751 0.134438 3.000000 1.000000 1.000000 0.500000 0.000000 0.000000 0 
5122 4.450000 4.307992 4.312718 4.312718 1.120037 0.004726 0.002363 4.452363 4.447637 0.577482 0.539676 0.134919 3.000000 1.000000 1.000000 0.500000 0.000000 0.000000 0 
5123 4.451000 4.308570 4.313258 4.313258 1.120037 0.004688 0.002344 4.453344 4.448656 0.579096 0.541593 0.135398 3.000000 1.000000 1.000000 0.500000 0.000000 0.000000 0 
5124 4.452000 4.309149 4.313799 4.313799 1.120037 0.004650 0.002325 4.454325 4.449675 0.580705 0.543501 0.135875 3.000000 1.000000 1.000000 0.500000 0.000000 0.000000 0 
5125 4.453000 4.309730 4.314343 4.314343 1.120037 0.004613 0.002307 4.455307 4.450693 0.582308 0.545402 0.136350 3.000000 1.000000 1.000000 0.500000 0.000000 0.000000 0 
5126 4.454000 4.310312 4.314888 4.314888 1.120037 0.004576 0.002288 4.456288 4.451712 0.583905 0.547294 0.136823 3.000000 1.000000 1.000000 0.500000 0.000000 0.000000 0 
5127 4.455000 4.310896 4.315436 4.315436 1.120037 0.004540 0.002270 4.457270 4.452730 0.585496 0.549178 0.137295 3.000000 1.000000 1.000000 0.500000 0.000000 0.000000 0 
5128 4.456000 4.311481 4.315985 4.315985 1.120037 0.004503 0.002252 4.458252 4.453748 0.587081 0.551054 0.137763 3.000000 1.000000 1.000000 0.500000 0.000000 0.000000 0 
5129 4.457000 4.312069 4.316536 4.316536 1.120037 0.004467 0.002234 4.459234 4.454766 0.588661 0.552922 0.138230 3.000000 1.000000 1.000000 0.500000 0.000000 0.000000 0 
5130 4.458000 4.312657 4.317089 4.317089 1.120037 0.004432 0.002216 4.460216 4.455784 0.590235 0.554782 0.138695 3.000000 1.000000 1.000000 0.500000 0.000000 0.000000 0 
5131 4.459000 4.313247 4.317644 4.317644 1.120037 0.004396 0.002198 4.461198 4.456802 0.591803 0.556633 0.139158 3.000000 1.000000 1.000000 0.500000 0.000000 0.000000 0 
5132 4.460000 4.313839 4.318200 4.318200 1.120037 0.004361 0.002181 4.462181 4.457819 0.593365 0.558477 0.139619 3.000000 1.000000 1.000000 0.500000 0.000000 0.000000 0 
5133 4.461000 4.314433 4.318759 4.318759 1.120037 0.004326 0.002163 4.463163 4.458837 0.594922 0.560313 0.140078 3.000000 1.000000 1.000000 0.500000 0.000000 0.000000 0 
5134 4.462000 4.315027 4.319319 4.319319 1.120037 0.004292 0.002146 4.464146 4.459854 0.596473 0.562141 0.140535 3.000000 1.000000 1.000000 0.500000 0.000000 0.000000 0 
5135 4.463000 4.315624 4.319881 4.319881 1.120037 0.004257 0.002129 4.465129 4.460871 0.598018 0.563961 0.140990 3.000000 1.000000 1.000000 0.500000 0.000000 0.000000 0 
5136 4.464000 4.316222 4.320445 4.320445 1.120037 0.004223 0.002112 4.466112 4.461888 0.599558 0.565773 0.141443 3.000000 1.000000 1.000000 0.500000 0.000000 0.000000 0 
5137 4.465000 4.316822 4.321011 4.321011 1.120037 0.004189 0.002095 4.467095 4.462905 0.601092 0.567578 0.141894 3.000000 1.000000 1.000000 0.500000 0.000000 0.000000 0 
5138 4.466000 4.317423 4.321578 4.321578 1.120037 0.004156 0.002078 4.468078 4.463922 0.602621 0.569375 0.142344 3.000000 1.000000 1.000000 0.500000 0.000000 0.000000 0 
5139 4.467000 4.318025 4.322148 4.322148 1.120037 0.004123 0.002061 4.469061 4.464939 0.604144 0.571164 0.142791 3.000000 1.000000 1.000000 0.500000 0.000000 0.000000 0 
5140 4.468000 4.318629 4.322719 4.322719 1.120037 0.004090 0.002045 4.470045 4.465955 0.605662 0.572945 0.143236 3.000000 1.000000 1.000000 0.500000 0.000000 0.000000 0 
5141 4.469000 4.319235 4.323292 4.323292 1.120037 0.004057 0.002028 4.471028 4.466972 0.607173 0.574719 0.143680 3.000000 1.000000 1.000000 0.500000 0.000000 0.000000 0 
5142 4.470000 4.319842 4.323867 4.323867 1.120037 0.004024 0.002012 4.472012 4.467988 0.608680 0.576485 0.144121 3.000000 1.000000 1.000000 0.500000 0.000000 0.000000 0 
5143 4.471000 4.320451 4.324443 4.324443 1.120037 0.003992 0.001996 4.472996 4.469004 0.610181 0.578243 0.144561 3.000000 1.000000 1.000000 0.500000 0.000000 0.000000 0 
5144 4.472000 4.321061 4.325021 4.325021 1.120037 0.003960 0.001980 4.473980 4.470020 0.611676 0.579994 0.144998 3.000000 1.000000 1.000000 0.500000 0.000000 0.000000 0 
5145 4.473000 4.321673 4.325601 4.325601 1.120037 0.003929 0.001964 4.474964 4.471036 0.613166 0.581737 0.145434 3.000000 1.000000 1.000000 0.500000 0.000000 0.000000 0 
5146 4.474000 4.322286 4.326183 4.326183 1.120037 0.003897 0.001949 4.475949 4.472051 0.614651 0.583473 0.145868 3.000000 1.000000 1.000000 0.500000 0.000000 0.000000 0 
5147 4.475000 4.322901 4.326767 4.326767 1.120037 0.003866 0.001933 4.476933 4.473067 0.616130 0.585202 0.146300 3.000000 1.000000 1.000000 0.500000 0.000000 0.000000 0 
5148 4.476000 4.323517 4.327352 4.327352 1.120037 0.003835 0.001918 4.477918 4.474082 0.617603 0.586923 0.146731 3.000000 1.000000 1.000000 0.500000 0.000000 0.000000 0 
5149 4.477000 4.324134 4.327939 4.327939 1.120037 0.003804 0.001902 4.478902 4.475098 0.619071 0.588636 0.147159 3.000000 1.000000 1.000000 0.500000 0.000000 0.000000 0 
5150 4.478000 4.324753 4.328527 4.328527 1.120037 0.003774 0.001887 4.479887 4.476113 0.620534 0.590343 0.147586 3.000000 1.000000 1.000000 0.500000 0.000000 0.000000 0 
5151 4.479000 4.325374 4.329118 4.329118 1.120037 0.003744 0.001872 4.480872 4.477128 0.621992 0.592042 0.148010 3.000000 1.000000 1.000000 0.500000 0.000000 0.000000 0 
5152 4.480000 4.325996 4.329710 4.329710 1.120037 0.003714 0.001857 4.481857 4.478143 0.623444 0.593733 0.148433 3.000000 1.000000 1.000000 0.500000 0.000000 0.000000 0 
5153 4.481000 4.326619 4.330303 4.330303 1.120037 0.003684 0.001842 4.482842 4.479158 0.624891 0.595418 0.148854 3.000000 1.000000 1.000000 0.500000 0.000000 0.000000 0 
5154 4.482000 4.327244 4.330899 4.330899 1.120037 0.003655 0.001827 4.483827 4.480173 0.626332 0.597095 0.149274 3.000000 1.000000 1.000000 0.500000 0.000000 0.000000 0 
5155 4.483000 4.327871 4.331496 4.331496 1.120037 0.003625 0.001813 4.484813 4.481187 0.627768 0.598765 0.149691 3.000000 1.000000 1.000000 0.500000 0.000000 0.000000 0 
5156 4.484000 4.328498 4.332095 4.332095 1.120037 0.003596 0.001798 4.485798 4.482202 0.629199 0.600428 0.150107 3.000000 1.000000 1.000000 0.500000 0.000000 0.000000 0 
5157 4.485000 4.329128 4.332695 4.332695 1.120037 0.003568 0.001784 4.486784 4.483216 0.630625 0.602084 0.150521 3.000000 1.000000 1.000000 0.500000 0.000000 0.000000 0 
5158 4.486000 4.329758 4.333297 4.333297 1.120037 0.003539 0.001770 4.487770 4.484230 0.632045 0.603733 0.150933 3.000000 1.000000 1.000000 0.500000 0.000000 0.000000 0 
5159 4.487000 4.330390 4.333901 4.333901 1.120037 0.003511 0.001755 4.488755 4.485245 0.633461 0.605375 0.151344 3.000000 1.000000 1.000000 0.500000 0.000000 0.000000 0 
5160 4.488000 4.331024 4.334506 4.334506 1.120037 0.003483 0.001741 4.489741 4.486259 0.634871 0.607009 0.151752 3.000000 1.000000 1.000000 0.500000 0.000000 0.000000 0 
5161 4.489000 4.331659 4.335113 4.335113 1.120037 0.003455 0.001727 4.490727 4.487273 0.636275 0.608637 0.152159 3.000000 1.000000 1.000000 0.500000 0.000000 0.000000 0 
5162 4.490000 4.332295 4.335722 4.335722 1.120037 0.003427 0.001714 4.491714 4.488286 0.637675 0.610258 0.152564 3.000000 1.000000 1.000000 0.500000 0.000000 0.000000 0 
5163 4.491000 4.332933 4.336332 4.336332 1.120037 0.003400 0.001700 4.492700 4.489300 0.639069 0.611871 0.152968 3.000000 1.000000 1.000000 0.500000 0.000000 0.000000 0 
5164 4.492000 4.333572 4.336944 4.336944 1.120037 0.003373 0.001686 4.493686 4.490314 0.640459 0.613478 0.153370 3.000000 1.000000 1.000000 0.500000 0.000000 0.000000 0 
5165 4.493000 4.334212 4.337558 4.337558 1.120037 0.003346 0.001673 4.494673 4.491327 0.641843 0.615078 0.153770 3.000000 1.000000 1.000000 0.500000 0.000000 0.000000 0 
5166 4.494000 4.334854 4.338173 4.338173 1.120037 0.003319 0.001659 4.495659 4.492341 0.643222 0.616672 0.154168 3.000000 1.000000 1.000000 0.500000 0.000000 0.000000 0 
5167 4.495000 4.335497 4.338789 4.338789 1.120037 0.003292 0.001646 4.496646 4.493354 0.644596 0.618258 0.154564 3.000000 1.000000 1.000000 0.500000 0.000000 0.000000 0 
5168 4.496000 4.336142 4.339408 4.339408 1.120037 0.003266 0.001633 4.497633 4.494367 0.645965 0.619838 0.154959 3.000000 1.000000 1.000000 0.500000 0.000000 0.000000 0 
5169 4.497000 4.336788 4.340027 4.340027 1.120037 0.003240 0.001620 4.498620 4.495380 0.647329 0.621411 0.155353 3.000000 1.000000 1.000000 0.500000 0.000000 0.000000 0 
5170 4.498000 4.337435 4.340649 4.340649 1.120037 0.003214 0.001607 4.499607 4.496393 0.648688 0.622977 0.155744 3.000000 1.000000 1.000000 0.500000 0.000000 0.000000 0 
5171 4.499000 4.338084 4.341272 4.341272 1.120037 0.003188 0.001594 4.500594 4.497406 0.650042 0.624536 0.156134 3.000000 1.000000 1.000000 0.500000 0.000000 0.000000 0 
5172 4.500000 4.338734 4.341896 4.341896 1.120037 0.003163 0.001581 4.501581 4.498419 0.651390 0.626089 0.156522 3.000000 1.000000 1.000000 0.500000 0.000000 0.000000 0 
5173 4.501000 4.339385 4.342522 4.342522 1.120037 0.003137 0.001569 4.502569 4.499431 0.652734 0.627635 0.156909 3.000000 1.000000 1.000000 0.500000 0.000000 0.000000 0 
5174 4.502000 4.340038 4.343150 4.343150 1.120037 0.003112 0.001556 4.503556 4.500444 0.654073 0.629175 0.157294 3.000000 1.000000 1.000000 0.500000 0.000000 0.000000 0 
5175 4.503000 4.340692 4.343779 4.343779 1.120037 0.003087 0.001544 4.504544 4.501456 0.655407 0.630708 0.157677 3.000000 1.000000 1.000000 0.500000 0.000000 0.000000 0 
5176 4.504000 4.341347 4.344410 4.344410 1.120037 0.003063 0.001531 4.505531 4.502469 0.656736 0.632235 0.158059 3.000000 1.000000 1.000000 0.500000 0.000000 0.000000 0 
5177 4.505000 4.342004 4.345042 4.345042 1.120037 0.003038 0.001519 4.506519 4.503481 0.658060 0.633755 0.158439 3.000000 1.000000 1.000000 0.500000 0.000000 0.000000 0 
5178 4.506000 4.342662 4.345676 4.345676 1.120037 0.003014 0.001507 4.507507 4.504493 0.659379 0.635268 0.158817 3.000000 1.000000 1.000000 0.500000 0.000000 0.000000 0 
5179 4.507000 4.343322 4.346311 4.346311 1.120037 0.002990 0.001495 4.508495 4.505505 0.660693 0.636775 0.159194 3.000000 1.000000 1.000000 0.500000 0.000000 0.000000 0 
5180 4.508000 4.343982 4.346948 4.346948 1.120037 0.002966 0.001483 4.509483 4.506517 0.662003 0.638276 0.159569 3.000000 1.000000 1.000000 0.500000 0.000000 0.000000 0 
5181 4.509000 4.344644 4.347586 4.347586 1.120037 0.002942 0.001471 4.510471 4.507529 0.663307 0.639771 0.159943 3.000000 1.000000 1.000000 0.500000 0.000000 0.000000 0 
5182 4.510000 4.345308 4.348226 4.348226 1.120037 0.002919 0.001459 4.511459 4.508541 0.664607 0.641259 0.160315 3.000000 1.000000 1.000000 0.500000 0.000000 0.000000 0 
5183 4.511000 4.345972 4.348867 4.348867 1.120037 0.002895 0.001448 4.512448 4.509552 0.665902 0.642740 0.160685 3.000000 1.000000 1.000000 0.500000 0.000000 0.000000 0 
5184 4.512000 4.346638 4.349510 4.349510 1.120037 0.002872 0.001436 4.513436 4.510564 0.667192 0.644216 0.161054 3.000000 1.000000 1.000000 0.500000 0.000000 0.000000 0 
5185 4.513000 4.347305 4.350154 4.350154 1.120037 0.002849 0.001425 4.514425 4.511575 0.668477 0.645685 0.161421 3.000000 1.000000 1.000000 0.500000 0.000000 0.000000 0 
5186 4.514000 4.347974 4.350800 4.350800 1.120037 0.002826 0.001413 4.515413 4.512587 0.669758 0.647148 0.161787 3.000000 1.000000 1.000000 0.500000 0.000000 0.000000 0 
5187 4.515000 4.348643 4.351447 4.351447 1.120037 0.002804 0.001402 4.516402 4.513598 0.671034 0.648604 0.162151 3.000000 1.000000 1.000000 0.500000 0.000000 0.000000 0 
5188 4.516000 4.349314 4.352096 4.352096 1.120037 0.002781 0.001391 4.517391 4.514609 0.672305 0.650055 0.162514 3.000000 1.000000 1.000000 0.500000 0.000000 0.000000 0 
5189 4.517000 4.349987 4.352746 4.352746 1.120037 0.002759 0.001379 4.518379 4.515621 0.673571 0.651499 0.162875 3.000000 1.000000 1.000000 0.500000 0.000000 0.000000 0 
5190 4.518000 4.350660 4.353397 4.353397 1.120037 0.002737 0.001368 4.519368 4.516632 0.674832 0.652937 0.163234 3.000000 1.000000 1.000000 0.500000 0.000000 0.000000 0 
5191 4.519000 4.351335 4.354050 4.354050 1.120037 0.002715 0.001358 4.520358 4.517642 0.676089 0.654369 0.163592 3.000000 1.000000 1.000000 0.500000 0.000000 0.000000 0 
5192 4.520000 4.352011 4.354705 4.354705 1.120037 0.002693 0.001347 4.521347 4.518653 0.677342 0.655795 0.163949 3.000000 1.000000 1.000000 0.500000 0.000000 0.000000 0 
5193 4.521000 4.352689 4.355360 4.355360 1.120037 0.002672 0.001336 4.522336 4.519664 0.678589 0.657215 0.164304 3.000000 1.000000 1.000000 0.500000 0.000000 0.000000 0 
