monotonic_ns,phase,taskbeat,motion_heartbeat,motion_type,interp_state,exec_state,x_cmd
583133102798,P0-ready,116,517,0,1,2,0.0
583133111013,P1-fast-idle,116,517,0,1,2,0.0
583133299215,P1-fast-idle,116,517,0,1,2,0.0
583133471026,P1-fast-idle,116,517,0,1,2,0.0
583133637217,P1-fast-idle,116,517,0,1,2,0.0
583133803939,P1-fast-idle,116,517,0,1,2,0.0
583133975059,P1-fast-idle,117,518,0,1,2,0.0
583134189490,P1-fast-idle,117,518,0,1,2,0.0
583134357845,P1-fast-idle,117,518,0,1,2,0.0
583134529786,P1-fast-idle,117,518,0,1,2,0.0
583134695285,P1-fast-idle,117,518,0,1,2,0.0
583134860975,P1-fast-idle,117,518,0,1,2,0.0
583135022728,P1-fast-idle,118,519,0,1,2,0.0
583135189059,P1-fast-idle,118,519,0,1,2,0.0
583135356402,P1-fast-idle,118,519,0,1,2,0.0
583135522803,P1-fast-idle,118,519,0,1,2,0.0
583135687491,P1-fast-idle,118,519,0,1,2,0.0
583135852630,P1-fast-idle,118,519,0,1,2,0.0
583136019201,P1-fast-idle,119,520,0,1,2,0.0
583136184650,P1-fast-idle,119,520,0,1,2,0.0
583136351182,P1-fast-idle,119,520,0,1,2,0.0
583136517042,P1-fast-idle,119,520,0,1,2,0.0
583136686268,P1-fast-idle,119,520,0,1,2,0.0
583136851688,P1-fast-idle,119,520,0,1,2,0.0
583137018670,P1-fast-idle,119,520,0,1,2,0.0
583137184831,P1-fast-idle,120,521,0,1,2,0.0
583137351613,P1-fast-idle,120,521,0,1,2,0.0
583137517904,P1-fast-idle,120,521,0,1,2,0.0
583137682932,P1-fast-idle,120,521,0,1,2,0.0
583137847660,P1-fast-idle,120,521,0,1,2,0.0
583138031824,P1-fast-idle,120,521,0,1,2,0.0
583138198697,P1-fast-idle,121,522,0,1,2,0.0
583138365278,P1-fast-idle,121,522,0,1,2,0.0
583138531499,P1-fast-idle,121,522,0,1,2,0.0
583138696387,P1-fast-idle,121,522,0,1,2,0.0
583138861135,P1-fast-idle,121,522,0,1,2,0.0
583139031634,P1-fast-idle,121,522,0,1,2,0.0
583139200079,P1-fast-idle,122,523,0,1,2,0.0
583139366620,P1-fast-idle,122,523,0,1,2,0.0
583139537119,P1-fast-idle,122,523,0,1,2,0.0
583139702238,P1-fast-idle,122,523,0,1,2,0.0
583139930395,P1-fast-idle,122,523,0,1,2,0.0
583140130549,P1-fast-idle,122,523,0,1,2,0.0
583140306338,P1-fast-idle,123,524,0,1,2,0.0
583140479061,P1-fast-idle,123,524,0,1,2,0.0
583140648087,P1-fast-idle,123,524,0,1,2,0.0
583140817163,P1-fast-idle,123,524,0,1,2,0.0
583140985668,P1-fast-idle,123,524,0,1,2,0.0
583141155175,P1-fast-idle,123,524,0,1,2,0.0
583141325724,P1-fast-idle,124,526,0,1,2,0.0
583141494820,P1-fast-idle,124,526,0,1,2,0.0
583141663005,P1-fast-idle,124,526,0,1,2,0.0
583141831199,P1-fast-idle,124,526,0,1,2,0.0
583141999904,P1-fast-idle,124,526,0,1,2,0.0
583142167277,P1-fast-idle,124,526,0,1,2,0.0
583142334741,P1-fast-idle,124,526,0,1,2,0.0
583142521981,P1-fast-idle,125,527,0,1,2,0.0
583142694714,P1-fast-idle,125,527,0,1,2,0.0
583142866545,P1-fast-idle,125,527,0,1,2,0.0
583143037625,P1-fast-idle,125,527,0,1,2,0.0
583143208174,P1-fast-idle,125,527,0,1,2,0.0
583143383903,P1-fast-idle,125,527,0,1,2,0.0
583143555834,P1-fast-idle,126,528,0,1,2,0.0
583143726553,P1-fast-idle,126,528,0,1,2,0.0
583143896862,P1-fast-idle,126,528,0,1,2,0.0
583144074043,P1-fast-idle,126,528,0,1,2,0.0
583144245313,P1-fast-idle,126,528,0,1,2,0.0
583144416844,P1-fast-idle,126,528,0,1,2,0.0
583144588856,P1-fast-idle,127,529,0,1,2,0.0
583144759495,P1-fast-idle,127,529,0,1,2,0.0
583144929442,P1-fast-idle,127,529,0,1,2,0.0
583145100903,P1-fast-idle,127,529,0,1,2,0.0
583145271342,P1-fast-idle,127,529,0,1,2,0.0
583145443564,P1-fast-idle,127,529,0,1,2,0.0
583145615285,P1-fast-idle,128,530,0,1,2,0.0
583145785663,P1-fast-idle,128,530,0,1,2,0.0
583145955772,P1-fast-idle,128,530,0,1,2,0.0
583146131871,P1-fast-idle,128,530,0,1,2,0.0
583146311296,P1-fast-idle,128,530,0,1,2,0.0
583146485111,P1-fast-idle,128,530,0,1,2,0.0
583146656472,P1-fast-idle,128,530,0,1,2,0.0
583146831178,P1-fast-idle,129,531,0,1,2,0.0
583147004693,P1-fast-idle,129,531,0,1,2,0.0
583147175923,P1-fast-idle,129,531,0,1,2,0.0
583147347133,P1-fast-idle,129,531,0,1,2,0.0
583147518183,P1-fast-idle,129,531,0,1,2,0.0
583147688492,P1-fast-idle,129,531,0,1,2,0.0
583147859020,P1-fast-idle,130,532,0,1,2,0.0
583148029579,P1-fast-idle,130,532,0,1,2,0.0
583148199407,P1-fast-idle,130,532,0,1,2,0.0
583148370787,P1-fast-idle,130,532,0,1,2,0.0
583148541667,P1-fast-idle,130,532,0,1,2,0.0
583148711805,P1-fast-idle,130,532,0,1,2,0.0
583148883346,P1-fast-idle,131,533,0,1,2,0.0
583149054736,P1-fast-idle,131,533,0,1,2,0.0
583149225085,P1-fast-idle,131,533,0,1,2,0.0
583149396505,P1-fast-idle,131,533,0,1,2,0.0
583149568407,P1-fast-idle,131,533,0,1,2,0.0
583149738525,P1-fast-idle,131,533,0,1,2,0.0
583149909344,P1-fast-idle,132,534,0,1,2,0.0
583150084722,P1-fast-idle,132,534,0,1,2,0.0
583150254810,P1-fast-idle,132,534,0,1,2,0.0
583150426151,P1-fast-idle,132,534,0,1,2,0.0
583150605977,P1-fast-idle,132,534,0,1,2,0.0
583150776957,P1-fast-idle,132,534,0,1,2,0.0
583150947515,P1-fast-idle,133,535,0,1,2,0.0
583151118485,P1-fast-idle,133,535,0,1,2,0.0
583151296187,P1-fast-idle,133,535,0,1,2,0.0
583151470504,P1-fast-idle,133,535,0,1,2,0.0
583151641523,P1-fast-idle,133,535,0,1,2,0.0
583151811832,P1-fast-idle,133,535,0,1,2,0.0
583151982631,P1-fast-idle,133,535,0,1,2,0.0
583152152028,P1-fast-idle,134,536,0,1,2,0.0
583152325122,P1-fast-idle,134,536,0,1,2,0.0
583152495741,P1-fast-idle,134,536,0,1,2,0.0
583152665719,P1-fast-idle,134,536,0,1,2,0.0
583152835777,P1-fast-idle,134,536,0,1,2,0.0
583153005965,P1-fast-idle,134,536,0,1,2,0.0
583153176834,P1-fast-idle,135,537,0,1,2,0.0
583153348575,P1-fast-idle,135,537,0,1,2,0.0
583153528612,P1-fast-idle,135,537,0,1,2,0.0
583153700073,P1-fast-idle,135,537,0,1,2,0.0
583153870652,P1-fast-idle,135,537,0,1,2,0.0
583154041912,P1-fast-idle,135,537,0,1,2,0.0
583154212150,P1-fast-idle,136,538,0,1,2,0.0
583154379543,P1-fast-idle,136,538,0,1,2,0.0
583154545223,P1-fast-idle,136,538,0,1,2,0.0
583154710302,P1-fast-idle,136,538,0,1,2,0.0
583154875280,P1-fast-idle,136,538,0,1,2,0.0
583155027535,P1-fast-idle,136,538,0,1,2,0.0
583155201209,P1-fast-idle,136,538,0,1,2,0.0
583155371658,P1-fast-idle,137,539,0,1,2,0.0
583155543449,P1-fast-idle,137,539,0,1,2,0.0
583155713658,P1-fast-idle,137,539,0,1,2,0.0
583155883896,P1-fast-idle,137,539,0,1,2,0.0
583156055327,P1-fast-idle,137,539,0,1,2,0.0
583156225535,P1-fast-idle,137,539,0,1,2,0.0
583156397346,P1-fast-idle,138,540,0,1,2,0.0
583156568276,P1-fast-idle,138,540,0,1,2,0.0
583156743173,P1-fast-idle,138,540,0,1,2,0.0
583156913892,P1-fast-idle,138,540,0,1,2,0.0
583157088288,P1-fast-idle,138,540,0,1,2,0.0
583157259158,P1-fast-idle,138,540,0,1,2,0.0
583157431250,P1-fast-idle,139,542,0,1,2,0.0
583157602560,P1-fast-idle,139,542,0,1,2,0.0
583157772828,P1-fast-idle,139,542,0,1,2,0.0
583157943056,P1-fast-idle,139,542,0,1,2,0.0
583158114277,P1-fast-idle,139,542,0,1,2,0.0
583158289735,P1-fast-idle,139,542,0,1,2,0.0
583158463289,P1-fast-idle,140,543,0,1,2,0.0
583158634269,P1-fast-idle,140,543,0,1,2,0.0
583158804477,P1-fast-idle,140,543,0,1,2,0.0
583158974726,P1-fast-idle,140,543,0,1,2,0.0
583159146086,P1-fast-idle,140,543,0,1,2,0.0
583159322877,P1-fast-idle,140,543,0,1,2,0.0
583159494297,P1-fast-idle,141,544,0,1,2,0.0
583159664726,P1-fast-idle,141,544,0,1,2,0.0
583159835194,P1-fast-idle,141,544,0,1,2,0.0
583160005533,P1-fast-idle,141,544,0,1,2,0.0
583160180951,P1-fast-idle,141,544,0,1,2,0.0
583160352572,P1-fast-idle,141,544,0,1,2,0.0
583160523702,P1-fast-idle,141,544,0,1,2,0.0
583160700112,P1-fast-idle,142,545,0,1,2,0.0
583160873286,P1-fast-idle,142,545,0,1,2,0.0
583161043845,P1-fast-idle,142,545,0,1,2,0.0
583161213903,P1-fast-idle,142,545,0,1,2,0.0
583161385664,P1-fast-idle,142,545,0,1,2,0.0
583161561222,P1-fast-idle,142,545,0,1,2,0.0
583161732262,P1-fast-idle,143,546,0,1,2,0.0
583161902640,P1-fast-idle,143,546,0,1,2,0.0
583162073871,P1-fast-idle,143,546,0,1,2,0.0
583162244309,P1-fast-idle,143,546,0,1,2,0.0
583162415690,P1-fast-idle,143,546,0,1,2,0.0
583162587200,P1-fast-idle,143,546,0,1,2,0.0
583162758531,P1-fast-idle,144,547,0,1,2,0.0
583162928919,P1-fast-idle,144,547,0,1,2,0.0
583163099809,P1-fast-idle,144,547,0,1,2,0.0
583163270137,P1-fast-idle,144,547,0,1,2,0.0
583163445746,P1-fast-idle,144,547,0,1,2,0.0
583163616976,P1-fast-idle,144,547,0,1,2,0.0
583163788216,P1-fast-idle,145,548,0,1,2,0.0
583163958395,P1-fast-idle,145,548,0,1,2,0.0
583164129735,P1-fast-idle,145,548,0,1,2,0.0
583164309872,P1-fast-idle,145,548,0,1,2,0.0
583164483356,P1-fast-idle,145,548,0,1,2,0.0
583164653314,P1-fast-idle,145,548,0,1,2,0.0
583164823933,P1-fast-idle,146,549,0,1,2,0.0
583164994312,P1-fast-idle,146,549,0,1,2,0.0
583165165502,P1-fast-idle,146,549,0,1,2,0.0
583165337113,P1-fast-idle,146,549,0,1,2,0.0
583165508483,P1-fast-idle,146,549,0,1,2,0.0
583165678691,P1-fast-idle,146,549,0,1,2,0.0
583165848489,P1-fast-idle,146,549,0,1,2,0.0
583166019378,P1-fast-idle,147,550,0,1,2,0.0
583166189607,P1-fast-idle,147,550,0,1,2,0.0
583166361027,P1-fast-idle,147,550,0,1,2,0.0
583166532057,P1-fast-idle,147,550,0,1,2,0.0
583166702426,P1-fast-idle,147,550,0,1,2,0.0
583166876561,P1-fast-idle,147,550,0,1,2,0.0
583167048743,P1-fast-idle,148,551,0,1,2,0.0
583167219342,P1-fast-idle,148,551,0,1,2,0.0
583167391334,P1-fast-idle,148,551,0,1,2,0.0
583167562363,P1-fast-idle,148,551,0,1,2,0.0
583167732672,P1-fast-idle,148,551,0,1,2,0.0
583167902890,P1-fast-idle,148,551,0,1,2,0.0
583168078889,P1-fast-idle,149,552,0,1,2,0.0
583168249398,P1-fast-idle,149,552,0,1,2,0.0
583168421250,P1-fast-idle,149,552,0,1,2,0.0
583168592710,P1-fast-idle,149,552,0,1,2,0.0
583168762888,P1-fast-idle,149,552,0,1,2,0.0
583168936773,P1-fast-idle,149,552,0,1,2,0.0
583169107693,P1-fast-idle,150,553,0,1,2,0.0
583169277811,P1-fast-idle,150,553,0,1,2,0.0
583169451656,P1-fast-idle,150,553,0,1,2,0.0
583169622326,P1-fast-idle,150,553,0,1,2,0.0
583169791983,P1-fast-idle,150,553,0,1,2,0.0
583169961991,P1-fast-idle,150,553,0,1,2,0.0
583170137479,P1-fast-idle,150,553,0,1,2,0.0
583170313398,P1-fast-idle,151,554,0,1,2,0.0
583170484979,P1-fast-idle,151,554,0,1,2,0.0
583170655067,P1-fast-idle,151,554,0,1,2,0.0
583170823993,P1-fast-idle,151,554,0,1,2,0.0
583170994992,P1-fast-idle,151,554,0,1,2,0.0
583171165932,P1-fast-idle,151,554,0,1,2,0.0
583171337783,P1-fast-idle,152,555,0,1,2,0.0
583171508633,P1-fast-idle,152,555,0,1,2,0.0
583171678600,P1-fast-idle,152,555,0,1,2,0.0
583171848658,P1-fast-idle,152,555,0,1,2,0.0
583172019418,P1-fast-idle,152,555,0,1,2,0.0
583172189766,P1-fast-idle,152,555,0,1,2,0.0
583172361668,P1-fast-idle,153,556,0,1,2,0.0
583172532948,P1-fast-idle,153,556,0,1,2,0.0
583172703467,P1-fast-idle,153,556,0,1,2,0.0
583172874046,P1-fast-idle,153,556,0,1,2,0.0
583173045186,P1-fast-idle,153,556,0,1,2,0.0
583173215384,P1-fast-idle,153,556,0,1,2,0.0
583173387416,P1-fast-idle,154,558,0,1,2,0.0
583173562643,P1-fast-idle,154,558,0,1,2,0.0
583173733182,P1-fast-idle,154,558,0,1,2,0.0
583173903260,P1-fast-idle,154,558,0,1,2,0.0
583174074140,P1-fast-idle,154,558,0,1,2,0.0
583174248626,P1-fast-idle,154,558,0,1,2,0.0
583174423083,P1-fast-idle,155,559,0,1,2,0.0
583174594773,P1-fast-idle,155,559,0,1,2,0.0
583174765102,P1-fast-idle,155,559,0,1,2,0.0
583174935170,P1-fast-idle,155,559,0,1,2,0.0
583175106480,P1-fast-idle,155,559,0,1,2,0.0
583175277049,P1-fast-idle,155,559,0,1,2,0.0
583175448189,P1-fast-idle,155,559,0,1,2,0.0
583175619550,P1-fast-idle,156,560,0,1,2,0.0
583175790289,P1-fast-idle,156,560,0,1,2,0.0
583175960387,P1-fast-idle,156,560,0,1,2,0.0
583176135895,P1-fast-idle,156,560,0,1,2,0.0
583176306274,P1-fast-idle,156,560,0,1,2,0.0
583176476382,P1-fast-idle,156,560,0,1,2,0.0
583176646941,P1-fast-idle,157,561,0,1,2,0.0
583176820756,P1-fast-idle,157,561,0,1,2,0.0
583176990874,P1-fast-idle,157,561,0,1,2,0.0
583177161693,P1-fast-idle,157,561,0,1,2,0.0
583177332112,P1-fast-idle,157,561,0,1,2,0.0
583177502230,P1-fast-idle,157,561,0,1,2,0.0
583177672599,P1-fast-idle,158,562,0,1,2,0.0
583177843288,P1-fast-idle,158,562,0,1,2,0.0
583178013917,P1-fast-idle,158,562,0,1,2,0.0
583178184276,P1-fast-idle,158,562,0,1,2,0.0
583178354624,P1-fast-idle,158,562,0,1,2,0.0
583178524692,P1-fast-idle,158,562,0,1,2,0.0
583178695291,P1-fast-idle,159,563,0,1,2,0.0
583178869567,P1-fast-idle,159,563,0,1,2,0.0
583179041228,P1-fast-idle,159,563,0,1,2,0.0
583179211316,P1-fast-idle,159,563,0,1,2,0.0
583179381675,P1-fast-idle,159,563,0,1,2,0.0
583179551672,P1-fast-idle,159,563,0,1,2,0.0
583179721640,P1-fast-idle,159,563,0,1,2,0.0
583179893742,P1-fast-idle,160,564,0,1,2,0.0
583180064812,P1-fast-idle,160,564,0,1,2,0.0
583180238687,P1-fast-idle,160,564,0,1,2,0.0
583180409176,P1-fast-idle,160,564,0,1,2,0.0
583180579554,P1-fast-idle,160,564,0,1,2,0.0
583180749662,P1-fast-idle,160,564,0,1,2,0.0
583180921153,P1-fast-idle,161,565,0,1,2,0.0
583181093195,P1-fast-idle,161,565,0,1,2,0.0
583181263183,P1-fast-idle,161,565,0,1,2,0.0
583181433601,P1-fast-idle,161,565,0,1,2,0.0
583181603860,P1-fast-idle,161,565,0,1,2,0.0
583181774429,P1-fast-idle,161,565,0,1,2,0.0
583181945248,P1-fast-idle,162,566,0,1,2,0.0
583182117079,P1-fast-idle,162,566,0,1,2,0.0
583182287709,P1-fast-idle,162,566,0,1,2,0.0
583182456394,P1-fast-idle,162,566,0,1,2,0.0
583182626722,P1-fast-idle,162,566,0,1,2,0.0
583182797201,P1-fast-idle,162,566,0,1,2,0.0
583182967449,P1-fast-idle,163,567,0,1,2,0.0
583183139081,P1-fast-idle,163,567,0,1,2,0.0
583183313787,P1-fast-idle,163,567,0,1,2,0.0
583183487061,P1-fast-idle,163,567,0,1,2,0.0
583183657580,P1-fast-idle,163,567,0,1,2,0.0
583183827978,P1-fast-idle,163,567,0,1,2,0.0
583183998608,P1-fast-idle,163,567,0,1,2,0.0
583184168215,P1-fast-idle,164,568,0,1,2,0.0
583184350105,P1-fast-idle,164,568,0,1,2,0.0
583184523169,P1-fast-idle,164,568,0,1,2,0.0
583184693577,P1-fast-idle,164,568,0,1,2,0.0
583184864176,P1-fast-idle,164,568,0,1,2,0.0
583185035026,P1-fast-idle,164,568,0,1,2,0.0
583185205995,P1-fast-idle,165,569,0,1,2,0.0
583185376474,P1-fast-idle,165,569,0,1,2,0.0
583185546913,P1-fast-idle,165,569,0,1,2,0.0
583185717241,P1-fast-idle,165,569,0,1,2,0.0
583185887850,P1-fast-idle,165,569,0,1,2,0.0
583186058850,P1-fast-idle,165,569,0,1,2,0.0
583186225021,P1-fast-idle,166,570,0,1,2,0.0
583186390410,P1-fast-idle,166,570,0,1,2,0.0
583186555349,P1-fast-idle,166,570,0,1,2,0.0
583186720647,P1-fast-idle,166,570,0,1,2,0.0
583186889443,P1-fast-idle,166,570,0,1,2,0.0
583187036629,P1-fast-idle,166,570,0,1,2,0.0
583187212026,P1-fast-idle,167,571,0,1,2,0.0
583187383407,P1-fast-idle,167,571,0,1,2,0.0
583187553796,P1-fast-idle,167,571,0,1,2,0.0
583187724304,P1-fast-idle,167,571,0,1,2,0.0
583187894643,P1-fast-idle,167,571,0,1,2,0.0
583188065673,P1-fast-idle,167,571,0,1,2,0.0
583188235560,P1-fast-idle,167,571,0,1,2,0.0
583188408083,P1-fast-idle,168,573,0,1,2,0.0
583188579053,P1-fast-idle,168,573,0,1,2,0.0
583188749141,P1-fast-idle,168,573,0,1,2,0.0
583188919650,P1-fast-idle,168,573,0,1,2,0.0
583189090579,P1-fast-idle,168,573,0,1,2,0.0
583189260917,P1-fast-idle,168,573,0,1,2,0.0
583189433240,P1-fast-idle,169,574,0,1,2,0.0
583189604490,P1-fast-idle,169,574,0,1,2,0.0
583189779217,P1-fast-idle,169,574,0,1,2,0.0
583189949545,P1-fast-idle,169,574,0,1,2,0.0
583190123881,P1-fast-idle,169,574,0,1,2,0.0
583190307454,P1-fast-idle,169,574,0,1,2,0.0
583190482141,P1-fast-idle,170,575,0,1,2,0.0
583190658030,P1-fast-idle,170,575,0,1,2,0.0
583190828148,P1-fast-idle,170,575,0,1,2,0.0
583190998777,P1-fast-idle,170,575,0,1,2,0.0
583191170298,P1-fast-idle,170,575,0,1,2,0.0
583191341728,P1-fast-idle,170,575,0,1,2,0.0
583191513590,P1-fast-idle,171,576,0,1,2,0.0
583191683778,P1-fast-idle,171,576,0,1,2,0.0
583191853776,P1-fast-idle,171,576,0,1,2,0.0
583192024064,P1-fast-idle,171,576,0,1,2,0.0
583192193962,P1-fast-idle,171,576,0,1,2,0.0
583192365202,P1-fast-idle,171,576,0,1,2,0.0
583192538105,P1-fast-idle,171,576,0,1,2,0.0
583192707352,P1-fast-idle,172,577,0,1,2,0.0
583192877691,P1-fast-idle,172,577,0,1,2,0.0
583193048891,P1-fast-idle,172,577,0,1,2,0.0
583193219079,P1-fast-idle,172,577,0,1,2,0.0
583193390940,P1-fast-idle,172,577,0,1,2,0.0
583193566108,P1-fast-idle,172,577,0,1,2,0.0
583193737458,P1-fast-idle,173,578,0,1,2,0.0
583193907637,P1-fast-idle,173,578,0,1,2,0.0
583194078646,P1-fast-idle,173,578,0,1,2,0.0
583194248614,P1-fast-idle,173,578,0,1,2,0.0
583194427779,P1-fast-idle,173,578,0,1,2,0.0
583194601935,P1-fast-idle,173,578,0,1,2,0.0
583194773145,P1-fast-idle,174,579,0,1,2,0.0
583194943814,P1-fast-idle,174,579,0,1,2,0.0
583195115094,P1-fast-idle,174,579,0,1,2,0.0
583195290552,P1-fast-idle,174,579,0,1,2,0.0
583195461913,P1-fast-idle,174,579,0,1,2,0.0
583195632342,P1-fast-idle,174,579,0,1,2,0.0
583195809693,P1-fast-idle,175,580,0,1,2,0.0
583195979952,P1-fast-idle,175,580,0,1,2,0.0
583196150981,P1-fast-idle,175,580,0,1,2,0.0
583196322953,P1-fast-idle,175,580,0,1,2,0.0
583196493712,P1-fast-idle,175,580,0,1,2,0.0
583196664051,P1-fast-idle,175,580,0,1,2,0.0
583196838657,P1-fast-idle,176,581,0,1,2,0.0
583197009557,P1-fast-idle,176,581,0,1,2,0.0
583197179695,P1-fast-idle,176,581,0,1,2,0.0
583197350484,P1-fast-idle,176,581,0,1,2,0.0
583197521123,P1-fast-idle,176,581,0,1,2,0.0
583197690991,P1-fast-idle,176,581,0,1,2,0.0
583197861149,P1-fast-idle,176,581,0,1,2,0.0
583198035355,P1-fast-idle,177,582,0,1,2,0.0
583198205653,P1-fast-idle,177,582,0,1,2,0.0
583198377194,P1-fast-idle,177,582,0,1,2,0.0
583198547663,P1-fast-idle,177,582,0,1,2,0.0
583198717791,P1-fast-idle,177,582,0,1,2,0.0
583198888410,P1-fast-idle,177,582,0,1,2,0.0
583199059991,P1-fast-idle,178,583,0,1,2,0.0
583199230239,P1-fast-idle,178,583,0,1,2,0.0
583199401459,P1-fast-idle,178,583,0,1,2,0.0
583199572229,P1-fast-idle,178,583,0,1,2,0.0
583199742196,P1-fast-idle,178,583,0,1,2,0.0
583199912234,P1-fast-idle,178,583,0,1,2,0.0
583200083875,P1-fast-idle,179,584,0,1,2,0.0
583200258562,P1-fast-idle,179,584,0,1,2,0.0
583200430223,P1-fast-idle,179,584,0,1,2,0.0
583200600742,P1-fast-idle,179,584,0,1,2,0.0
583200774467,P1-fast-idle,179,584,0,1,2,0.0
583200945046,P1-fast-idle,179,584,0,1,2,0.0
583201116586,P1-fast-idle,180,585,0,1,2,0.0
583201294439,P1-fast-idle,180,585,0,1,2,0.0
583201466130,P1-fast-idle,180,585,0,1,2,0.0
583201641137,P1-fast-idle,180,585,0,1,2,0.0
583201811426,P1-fast-idle,180,585,0,1,2,0.0
583201981975,P1-fast-idle,180,585,0,1,2,0.0
583202152684,P1-fast-idle,181,586,0,1,2,0.0
583202325026,P1-fast-idle,181,586,0,1,2,0.0
583202495425,P1-fast-idle,181,586,0,1,2,0.0
583202665994,P1-fast-idle,181,586,0,1,2,0.0
583202836162,P1-fast-idle,181,586,0,1,2,0.0
583203006260,P1-fast-idle,181,586,0,1,2,0.0
583203177460,P1-fast-idle,181,586,0,1,2,0.0
583203349502,P1-fast-idle,182,587,0,1,2,0.0
583203524309,P1-fast-idle,182,587,0,1,2,0.0
583203694427,P1-fast-idle,182,587,0,1,2,0.0
583203864304,P1-fast-idle,182,587,0,1,2,0.0
583204034843,P1-fast-idle,182,587,0,1,2,0.0
583204204791,P1-fast-idle,182,587,0,1,2,0.0
583204376532,P1-fast-idle,183,588,0,1,2,0.0
583204547512,P1-fast-idle,183,588,0,1,2,0.0
583204718041,P1-fast-idle,183,588,0,1,2,0.0
583204888159,P1-fast-idle,183,588,0,1,2,0.0
583205058918,P1-fast-idle,183,588,0,1,2,0.0
583205233415,P1-fast-idle,183,588,0,1,2,0.0
583205405306,P1-fast-idle,184,590,0,1,2,0.0
583205575985,P1-fast-idle,184,590,0,1,2,0.0
583205746033,P1-fast-idle,184,590,0,1,2,0.0
583205916211,P1-fast-idle,184,590,0,1,2,0.0
583206087351,P1-fast-idle,184,590,0,1,2,0.0
583206257610,P1-fast-idle,184,590,0,1,2,0.0
583206429271,P1-fast-idle,185,591,0,1,2,0.0
583206600040,P1-fast-idle,185,591,0,1,2,0.0
583206770188,P1-fast-idle,185,591,0,1,2,0.0
583206944454,P1-fast-idle,185,591,0,1,2,0.0
583207115764,P1-fast-idle,185,591,0,1,2,0.0
583207293737,P1-fast-idle,185,591,0,1,2,0.0
583207465869,P1-fast-idle,185,591,0,1,2,0.0
583207634905,P1-fast-idle,186,592,0,1,2,0.0
583207805384,P1-fast-idle,186,592,0,1,2,0.0
583207975903,P1-fast-idle,186,592,0,1,2,0.0
583208146943,P1-fast-idle,186,592,0,1,2,0.0
583208322631,P1-fast-idle,186,592,0,1,2,0.0
583208493891,P1-fast-idle,186,592,0,1,2,0.0
583208664741,P1-fast-idle,187,593,0,1,2,0.0
583208835420,P1-fast-idle,187,593,0,1,2,0.0
583209005297,P1-fast-idle,187,593,0,1,2,0.0
583209176137,P1-fast-idle,187,593,0,1,2,0.0
583209347588,P1-fast-idle,187,593,0,1,2,0.0
583209518076,P1-fast-idle,187,593,0,1,2,0.0
583209688706,P1-fast-idle,188,594,0,1,2,0.0
583209859425,P1-fast-idle,188,594,0,1,2,0.0
583210029733,P1-fast-idle,188,594,0,1,2,0.0
583210207185,P1-fast-idle,188,594,0,1,2,0.0
583210378645,P1-fast-idle,188,594,0,1,2,0.0
583210549545,P1-fast-idle,188,594,0,1,2,0.0
583210719863,P1-fast-idle,189,595,0,1,2,0.0
583210890092,P1-fast-idle,189,595,0,1,2,0.0
583211065029,P1-fast-idle,189,595,0,1,2,0.0
583211236309,P1-fast-idle,189,595,0,1,2,0.0
583211408481,P1-fast-idle,189,595,0,1,2,0.0
583211579341,P1-fast-idle,189,595,0,1,2,0.0
583211769917,P1-fast-idle,190,596,0,1,2,0.0
583211941197,P1-fast-idle,190,596,0,1,2,0.0
583212112467,P1-fast-idle,190,596,0,1,2,0.0
583212287465,P1-fast-idle,190,596,0,1,2,0.0
583212464586,P1-fast-idle,190,596,0,1,2,0.0
583212635436,P1-fast-idle,190,596,0,1,2,0.0
583212805724,P1-fast-idle,190,596,0,1,2,0.0
583212974570,P1-fast-idle,191,597,0,1,2,0.0
583213146010,P1-fast-idle,191,597,0,1,2,0.0
583213324474,P1-fast-idle,191,597,0,1,2,0.0
583213496275,P1-fast-idle,191,597,0,1,2,0.0
583213671122,P1-fast-idle,191,597,0,1,2,0.0
583213841611,P1-fast-idle,191,597,0,1,2,0.0
583214012851,P1-fast-idle,192,598,0,1,2,0.0
583214183400,P1-fast-idle,192,598,0,1,2,0.0
583214354961,P1-fast-idle,192,598,0,1,2,0.0
583214526391,P1-fast-idle,192,598,0,1,2,0.0
583214696930,P1-fast-idle,192,598,0,1,2,0.0
583214867630,P1-fast-idle,192,598,0,1,2,0.0
583215100294,P1-fast-idle,193,599,0,1,2,0.0
583215277997,P1-fast-idle,193,599,0,1,2,0.0
583215452002,P1-fast-idle,193,599,0,1,2,0.0
583215623513,P1-fast-idle,193,599,0,1,2,0.0
583215794012,P1-fast-idle,193,599,0,1,2,0.0
583215964320,P1-fast-idle,193,599,0,1,2,0.0
583216135581,P1-fast-idle,194,600,0,1,2,0.0
583216315818,P1-fast-idle,194,600,0,1,2,0.0
583216488069,P1-fast-idle,194,600,0,1,2,0.0
583216658368,P1-fast-idle,194,600,0,1,2,0.0
583216828366,P1-fast-idle,194,600,0,1,2,0.0
583217003383,P1-fast-idle,194,600,0,1,2,0.0
583217174343,P1-fast-idle,195,601,0,1,2,0.0
583217345633,P1-fast-idle,195,601,0,1,2,0.0
583217516523,P1-fast-idle,195,601,0,1,2,0.0
583217686841,P1-fast-idle,195,601,0,1,2,0.0
583217857009,P1-fast-idle,195,601,0,1,2,0.0
583218028160,P1-fast-idle,195,601,0,1,2,0.0
583218199129,P1-fast-idle,196,602,0,1,2,0.0
583218370570,P1-fast-idle,196,602,0,1,2,0.0
583218541569,P1-fast-idle,196,602,0,1,2,0.0
583218711878,P1-fast-idle,196,602,0,1,2,0.0
583218881926,P1-fast-idle,196,602,0,1,2,0.0
583219053146,P1-fast-idle,196,602,0,1,2,0.0
583219224587,P1-fast-idle,196,602,0,1,2,0.0
583219395276,P1-fast-idle,197,603,0,1,2,0.0
583219566155,P1-fast-idle,197,603,0,1,2,0.0
583219736233,P1-fast-idle,197,603,0,1,2,0.0
583219910900,P1-fast-idle,197,603,0,1,2,0.0
583220082350,P1-fast-idle,197,603,0,1,2,0.0
583220252689,P1-fast-idle,197,603,0,1,2,0.0
583220427626,P1-fast-idle,198,605,0,1,2,0.0
583220598656,P1-fast-idle,198,605,0,1,2,0.0
583220768874,P1-fast-idle,198,605,0,1,2,0.0
583220939153,P1-fast-idle,198,605,0,1,2,0.0
583221121903,P1-fast-idle,198,605,0,1,2,0.0
583221295177,P1-fast-idle,198,605,0,1,2,0.0
583221514677,P1-fast-idle,199,606,0,1,2,0.0
583221684194,P1-fast-idle,199,606,0,1,2,0.0
583221853000,P1-fast-idle,199,606,0,1,2,0.0
583222019932,P1-fast-idle,199,606,0,1,2,0.0
583222186303,P1-fast-idle,199,606,0,1,2,0.0
583222352834,P1-fast-idle,199,606,0,1,2,0.0
583222491055,P1-fast-idle,200,607,0,1,2,0.0
583222668246,P1-fast-idle,200,607,0,1,2,0.0
583222838815,P1-fast-idle,200,607,0,1,2,0.0
583223010316,P1-fast-idle,200,607,0,1,2,0.0
583223180514,P1-fast-idle,200,607,0,1,2,0.0
583223351975,P1-fast-idle,200,607,0,1,2,0.0
583223522453,P1-fast-idle,200,607,0,1,2,0.0
583223695667,P1-fast-idle,201,608,0,1,2,0.0
583223865896,P1-fast-idle,201,608,0,1,2,0.0
583224037536,P1-fast-idle,201,608,0,1,2,0.0
583224207494,P1-fast-idle,201,608,0,1,2,0.0
583224379195,P1-fast-idle,201,608,0,1,2,0.0
583224550125,P1-fast-idle,201,608,0,1,2,0.0
583224721435,P1-fast-idle,202,609,0,1,2,0.0
583224892325,P1-fast-idle,202,609,0,1,2,0.0
583225064026,P1-fast-idle,202,609,0,1,2,0.0
583225234565,P1-fast-idle,202,609,0,1,2,0.0
583225405635,P1-fast-idle,202,609,0,1,2,0.0
583225576574,P1-fast-idle,202,609,0,1,2,0.0
583225747424,P1-fast-idle,203,610,0,1,2,0.0
583225917882,P1-fast-idle,203,610,0,1,2,0.0
583226088942,P1-fast-idle,203,610,0,1,2,0.0
583226259481,P1-fast-idle,203,610,0,1,2,0.0
583226430952,P1-fast-idle,203,610,0,1,2,0.0
583226601531,P1-fast-idle,203,610,0,1,2,0.0
583226772260,P1-fast-idle,204,611,0,1,2,0.0
583226942679,P1-fast-idle,204,611,0,1,2,0.0
583227118558,P1-fast-idle,204,611,0,1,2,0.0
583227303223,P1-fast-idle,204,611,0,1,2,0.0
583227477278,P1-fast-idle,204,611,0,1,2,0.0
583227647577,P1-fast-idle,204,611,0,1,2,0.0
583227818576,P1-fast-idle,205,612,0,1,2,0.0
583227988895,P1-fast-idle,205,612,0,1,2,0.0
583228160446,P1-fast-idle,205,612,0,1,2,0.0
583228331716,P1-fast-idle,205,612,0,1,2,0.0
583228503026,P1-fast-idle,205,612,0,1,2,0.0
583228673255,P1-fast-idle,205,612,0,1,2,0.0
583228843393,P1-fast-idle,205,612,0,1,2,0.0
583229014643,P1-fast-idle,206,613,0,1,2,0.0
583229184931,P1-fast-idle,206,613,0,1,2,0.0
583229356232,P1-fast-idle,206,613,0,1,2,0.0
583229526851,P1-fast-idle,206,613,0,1,2,0.0
583229696909,P1-fast-idle,206,613,0,1,2,0.0
583229867488,P1-fast-idle,206,613,0,1,2,0.0
583230039079,P1-fast-idle,207,614,0,1,2,0.0
583230209407,P1-fast-idle,207,614,0,1,2,0.0
583230385146,P1-fast-idle,207,614,0,1,2,0.0
583230556586,P1-fast-idle,207,614,0,1,2,0.0
583230727576,P1-fast-idle,207,614,0,1,2,0.0
583230897464,P1-fast-idle,207,614,0,1,2,0.0
583231069034,P1-fast-idle,208,615,0,1,2,0.0
583231239453,P1-fast-idle,208,615,0,1,2,0.0
583231410834,P1-fast-idle,208,615,0,1,2,0.0
583231581844,P1-fast-idle,208,615,0,1,2,0.0
583231751991,P1-fast-idle,208,615,0,1,2,0.0
583231921929,P1-fast-idle,208,615,0,1,2,0.0
583232092528,P1-fast-idle,209,616,0,1,2,0.0
583232263027,P1-fast-idle,209,616,0,1,2,0.0
583232434438,P1-fast-idle,209,616,0,1,2,0.0
583232605167,P1-fast-idle,209,616,0,1,2,0.0
583232775766,P1-fast-idle,209,616,0,1,2,0.0
583232946305,P1-fast-idle,209,616,0,1,2,0.0
583233117776,P1-fast-idle,209,616,0,1,2,0.0
583233295107,P1-fast-idle,210,617,0,1,2,0.0
583233469593,P1-fast-idle,210,617,0,1,2,0.0
583233644631,P1-fast-idle,210,617,0,1,2,0.0
583233818215,P1-fast-idle,210,617,0,1,2,0.0
583233988153,P1-fast-idle,210,617,0,1,2,0.0
583234159273,P1-fast-idle,210,617,0,1,2,0.0
583234331154,P1-fast-idle,211,618,0,1,2,0.0
583234506272,P1-fast-idle,211,618,0,1,2,0.0
583234681750,P1-fast-idle,211,618,0,1,2,0.0
583234852860,P1-fast-idle,211,618,0,1,2,0.0
583235023569,P1-fast-idle,211,618,0,1,2,0.0
583235193747,P1-fast-idle,211,618,0,1,2,0.0
583235365539,P1-fast-idle,212,619,0,1,2,0.0
583235536739,P1-fast-idle,212,619,0,1,2,0.0
583235707127,P1-fast-idle,212,619,0,1,2,0.0
583235877225,P1-fast-idle,212,619,0,1,2,0.0
583236048385,P1-fast-idle,212,619,0,1,2,0.0
583236218494,P1-fast-idle,212,619,0,1,2,0.0
583236390705,P1-fast-idle,213,621,0,1,2,0.0
583236561896,P1-fast-idle,213,621,0,1,2,0.0
583236732154,P1-fast-idle,213,621,0,1,2,0.0
583236902432,P1-fast-idle,213,621,0,1,2,0.0
583237077861,P1-fast-idle,213,621,0,1,2,0.0
583237248219,P1-fast-idle,213,621,0,1,2,0.0
583237420391,P1-fast-idle,214,622,0,1,2,0.0
583237591391,P1-fast-idle,214,622,0,1,2,0.0
583237761569,P1-fast-idle,214,622,0,1,2,0.0
583237931417,P1-fast-idle,214,622,0,1,2,0.0
583238102456,P1-fast-idle,214,622,0,1,2,0.0
583238272554,P1-fast-idle,214,622,0,1,2,0.0
583238444516,P1-fast-idle,214,622,0,1,2,0.0
583238616087,P1-fast-idle,215,623,0,1,2,0.0
583238786505,P1-fast-idle,215,623,0,1,2,0.0
583238956463,P1-fast-idle,215,623,0,1,2,0.0
583239127413,P1-fast-idle,215,623,0,1,2,0.0
583239305185,P1-fast-idle,215,623,0,1,2,0.0
583239478139,P1-fast-idle,215,623,0,1,2,0.0
583239649058,P1-fast-idle,216,624,0,1,2,0.0
583239819407,P1-fast-idle,216,624,0,1,2,0.0
583239989475,P1-fast-idle,216,624,0,1,2,0.0
583240160445,P1-fast-idle,216,624,0,1,2,0.0
583240331504,P1-fast-idle,216,624,0,1,2,0.0
583240506782,P1-fast-idle,216,624,0,1,2,0.0
583240677772,P1-fast-idle,217,625,0,1,2,0.0
583240848010,P1-fast-idle,217,625,0,1,2,0.0
583241017908,P1-fast-idle,217,625,0,1,2,0.0
583241187806,P1-fast-idle,217,625,0,1,2,0.0
583241358825,P1-fast-idle,217,625,0,1,2,0.0
583241529505,P1-fast-idle,217,625,0,1,2,0.0
583241704011,P1-fast-idle,218,626,0,1,2,0.0
583241874620,P1-fast-idle,218,626,0,1,2,0.0
583242045910,P1-fast-idle,218,626,0,1,2,0.0
583242216078,P1-fast-idle,218,626,0,1,2,0.0
583242387479,P1-fast-idle,218,626,0,1,2,0.0
583242558248,P1-fast-idle,218,626,0,1,2,0.0
583242728176,P1-fast-idle,218,626,0,1,2,0.0
583242896741,P1-fast-idle,219,627,0,1,2,0.0
583243067771,P1-fast-idle,219,627,0,1,2,0.0
583243237628,P1-fast-idle,219,627,0,1,2,0.0
583243408819,P1-fast-idle,219,627,0,1,2,0.0
583243579358,P1-fast-idle,219,627,0,1,2,0.0
583243753684,P1-fast-idle,219,627,0,1,2,0.0
583243924743,P1-fast-idle,220,628,0,1,2,0.0
583244095913,P1-fast-idle,220,628,0,1,2,0.0
583244266122,P1-fast-idle,220,628,0,1,2,0.0
583244437793,P1-fast-idle,220,628,0,1,2,0.0
583244613131,P1-fast-idle,220,628,0,1,2,0.0
583244785934,P1-fast-idle,220,628,0,1,2,0.0
583244957214,P1-fast-idle,221,629,0,1,2,0.0
583245128484,P1-fast-idle,221,629,0,1,2,0.0
583245306647,P1-fast-idle,221,629,0,1,2,0.0
583245480663,P1-fast-idle,221,629,0,1,2,0.0
583245651382,P1-fast-idle,221,629,0,1,2,0.0
583245821430,P1-fast-idle,221,629,0,1,2,0.0
583245992380,P1-fast-idle,222,630,0,1,2,0.0
583246163880,P1-fast-idle,222,630,0,1,2,0.0
583246334870,P1-fast-idle,222,630,0,1,2,0.0
583246505469,P1-fast-idle,222,630,0,1,2,0.0
583246675427,P1-fast-idle,222,630,0,1,2,0.0
583246845615,P1-fast-idle,222,630,0,1,2,0.0
583247017006,P1-fast-idle,223,631,0,1,2,0.0
583247191933,P1-fast-idle,223,631,0,1,2,0.0
583247363393,P1-fast-idle,223,631,0,1,2,0.0
583247534183,P1-fast-idle,223,631,0,1,2,0.0
583247704070,P1-fast-idle,223,631,0,1,2,0.0
583247874008,P1-fast-idle,223,631,0,1,2,0.0
583248045409,P1-fast-idle,223,631,0,1,2,0.0
583248216569,P1-fast-idle,224,632,0,1,2,0.0
583248388731,P1-fast-idle,224,632,0,1,2,0.0
583248560051,P1-fast-idle,224,632,0,1,2,0.0
583248730379,P1-fast-idle,224,632,0,1,2,0.0
583248900948,P1-fast-idle,224,632,0,1,2,0.0
583249076397,P1-fast-idle,224,632,0,1,2,0.0
583249247737,P1-fast-idle,225,633,0,1,2,0.0
583249419318,P1-fast-idle,225,633,0,1,2,0.0
583249589967,P1-fast-idle,225,633,0,1,2,0.0
583249760185,P1-fast-idle,225,633,0,1,2,0.0
583249930604,P1-fast-idle,225,633,0,1,2,0.0
583250101834,P1-fast-idle,225,633,0,1,2,0.0
583250267834,P1-fast-idle,226,634,0,1,2,0.0
583250438023,P1-fast-idle,226,634,0,1,2,0.0
583250603883,P1-fast-idle,226,634,0,1,2,0.0
583250769232,P1-fast-idle,226,634,0,1,2,0.0
583250934210,P1-fast-idle,226,634,0,1,2,0.0
583251158991,P1-fast-idle,226,634,0,1,2,0.0
583251331774,P1-fast-idle,227,635,0,1,2,0.0
583251502884,P1-fast-idle,227,635,0,1,2,0.0
583251673292,P1-fast-idle,227,635,0,1,2,0.0
583251843350,P1-fast-idle,227,635,0,1,2,0.0
583252014480,P1-fast-idle,227,635,0,1,2,0.0
583252184819,P1-fast-idle,227,635,0,1,2,0.0
583252356951,P1-fast-idle,228,637,0,1,2,0.0
583252527840,P1-fast-idle,228,637,0,1,2,0.0
583252698119,P1-fast-idle,228,637,0,1,2,0.0
583252868227,P1-fast-idle,228,637,0,1,2,0.0
583253039447,P1-fast-idle,228,637,0,1,2,0.0
583253209715,P1-fast-idle,228,637,0,1,2,0.0
583253381316,P1-fast-idle,228,637,0,1,2,0.0
583253553268,P1-fast-idle,229,638,0,1,2,0.0
583253723816,P1-fast-idle,229,638,0,1,2,0.0
583253898674,P1-fast-idle,229,638,0,1,2,0.0
583254069854,P1-fast-idle,229,638,0,1,2,0.0
583254239922,P1-fast-idle,229,638,0,1,2,0.0
583254411753,P1-fast-idle,229,638,0,1,2,0.0
583254582823,P1-fast-idle,230,639,0,1,2,0.0
583254753101,P1-fast-idle,230,639,0,1,2,0.0
583254923169,P1-fast-idle,230,639,0,1,2,0.0
583255094590,P1-fast-idle,230,639,0,1,2,0.0
583255264628,P1-fast-idle,230,639,0,1,2,0.0
583255436419,P1-fast-idle,230,639,0,1,2,0.0
583255611717,P1-fast-idle,231,640,0,1,2,0.0
583255782136,P1-fast-idle,231,640,0,1,2,0.0
583255952143,P1-fast-idle,231,640,0,1,2,0.0
583256123143,P1-fast-idle,231,640,0,1,2,0.0
583256305634,P1-fast-idle,231,640,0,1,2,0.0
583256484168,P1-fast-idle,231,640,0,1,2,0.0
583256655238,P1-fast-idle,232,641,0,1,2,0.0
583256825436,P1-fast-idle,232,641,0,1,2,0.0
583256995825,P1-fast-idle,232,641,0,1,2,0.0
583257170231,P1-fast-idle,232,641,0,1,2,0.0
583257341612,P1-fast-idle,232,641,0,1,2,0.0
583257512211,P1-fast-idle,232,641,0,1,2,0.0
583257682910,P1-fast-idle,233,642,0,1,2,0.0
583257853509,P1-fast-idle,233,642,0,1,2,0.0
583258024128,P1-fast-idle,233,642,0,1,2,0.0
583258194446,P1-fast-idle,233,642,0,1,2,0.0
583258365937,P1-fast-idle,233,642,0,1,2,0.0
583258536896,P1-fast-idle,233,642,0,1,2,0.0
583258706965,P1-fast-idle,233,642,0,1,2,0.0
583258877664,P1-fast-idle,234,643,0,1,2,0.0
583259048804,P1-fast-idle,234,643,0,1,2,0.0
583259218912,P1-fast-idle,234,643,0,1,2,0.0
583259389771,P1-fast-idle,234,643,0,1,2,0.0
583259560450,P1-fast-idle,234,643,0,1,2,0.0
583259730769,P1-fast-idle,234,643,0,1,2,0.0
583259901298,P1-fast-idle,235,644,0,1,2,0.0
583260072568,P1-fast-idle,235,644,0,1,2,0.0
583260242756,P1-fast-idle,235,644,0,1,2,0.0
583261477385,P1-fast-idle,236,645,0,1,2,0.0
583261658203,P1-fast-idle,236,645,0,1,2,0.0
583261829524,P1-fast-idle,236,645,0,1,2,0.0
583262000523,P1-fast-idle,237,646,0,1,2,0.0
583262172064,P1-fast-idle,237,646,0,1,2,0.0
583262343474,P1-fast-idle,237,646,0,1,2,0.0
583262514494,P1-fast-idle,237,646,0,1,2,0.0
583262684622,P1-fast-idle,237,646,0,1,2,0.0
583262855111,P1-fast-idle,237,646,0,1,2,0.0
583263025750,P1-fast-idle,238,647,0,1,2,0.0
583263196079,P1-fast-idle,238,647,0,1,2,0.0
583263367349,P1-fast-idle,238,647,0,1,2,0.0
583263538158,P1-fast-idle,238,647,0,1,2,0.0
583263708377,P1-fast-idle,238,647,0,1,2,0.0
583263878876,P1-fast-idle,238,647,0,1,2,0.0
583264050146,P1-fast-idle,238,647,0,1,2,0.0
583264218992,P1-fast-idle,239,648,0,1,2,0.0
583264391113,P1-fast-idle,239,648,0,1,2,0.0
583264562123,P1-fast-idle,239,648,0,1,2,0.0
583264736720,P1-fast-idle,239,648,0,1,2,0.0
583264917858,P1-fast-idle,239,648,0,1,2,0.0
583265089579,P1-fast-idle,239,648,0,1,2,0.0
583265260539,P1-fast-idle,240,649,0,1,2,0.0
583265431849,P1-fast-idle,240,649,0,1,2,0.0
583265602719,P1-fast-idle,240,649,0,1,2,0.0
583265773619,P1-fast-idle,240,649,0,1,2,0.0
583265943917,P1-fast-idle,240,649,0,1,2,0.0
583266114897,P1-fast-idle,240,649,0,1,2,0.0
583266291908,P1-fast-idle,241,650,0,1,2,0.0
583266464190,P1-fast-idle,241,650,0,1,2,0.0
583266634759,P1-fast-idle,241,650,0,1,2,0.0
583266805388,P1-fast-idle,241,650,0,1,2,0.0
583266975746,P1-fast-idle,241,650,0,1,2,0.0
583267146896,P1-fast-idle,241,650,0,1,2,0.0
583267325320,P1-fast-idle,242,651,0,1,2,0.0
583267501119,P1-fast-idle,242,651,0,1,2,0.0
583267671457,P1-fast-idle,242,651,0,1,2,0.0
583267841916,P1-fast-idle,242,651,0,1,2,0.0
583268012655,P1-fast-idle,242,651,0,1,2,0.0
583268183234,P1-fast-idle,242,651,0,1,2,0.0
583268371165,P1-fast-idle,243,653,0,1,2,0.0
583268542095,P1-fast-idle,243,653,0,1,2,0.0
583268710700,P1-fast-idle,243,653,0,1,2,0.0
583268879436,P1-fast-idle,243,653,0,1,2,0.0
583269046689,P1-fast-idle,243,653,0,1,2,0.0
583269212859,P1-fast-idle,243,653,0,1,2,0.0
583269387977,P1-fast-idle,243,653,0,1,2,0.0
583269557354,P1-fast-idle,244,654,0,1,2,0.0
583269727882,P1-fast-idle,244,654,0,1,2,0.0
583269898041,P1-fast-idle,244,654,0,1,2,0.0
583270069060,P1-fast-idle,244,654,0,1,2,0.0
583270239379,P1-fast-idle,244,654,0,1,2,0.0
583270409377,P1-fast-idle,244,654,0,1,2,0.0
583270579996,P1-fast-idle,245,655,0,1,2,0.0
583270750134,P1-fast-idle,245,655,0,1,2,0.0
583270920423,P1-fast-idle,245,655,0,1,2,0.0
583271091532,P1-fast-idle,245,655,0,1,2,0.0
583271262071,P1-fast-idle,245,655,0,1,2,0.0
583271432340,P1-fast-idle,245,655,0,1,2,0.0
583271607828,P1-fast-idle,246,656,0,1,2,0.0
583271777145,P1-fast-idle,246,656,0,1,2,0.0
583271948996,P1-fast-idle,246,656,0,1,2,0.0
583272116068,P1-fast-idle,246,656,0,1,2,0.0
583272282389,P1-fast-idle,246,656,0,1,2,0.0
583272448410,P1-fast-idle,246,656,0,1,2,0.0
583272591115,P1-fast-idle,246,656,0,1,2,0.0
583272763617,P1-fast-idle,247,657,0,1,2,0.0
583272932453,P1-fast-idle,247,657,0,1,2,0.0
583273098964,P1-fast-idle,247,657,0,1,2,0.0
583273271407,P1-fast-idle,247,657,0,1,2,0.0
583273439882,P1-fast-idle,247,657,0,1,2,0.0
583273607936,P1-fast-idle,247,657,0,1,2,0.0
583273777303,P1-fast-idle,248,658,0,1,2,0.0
583273945628,P1-fast-idle,248,658,0,1,2,0.0
583274114864,P1-fast-idle,248,658,0,1,2,0.0
583274282688,P1-fast-idle,248,658,0,1,2,0.0
583274450552,P1-fast-idle,248,658,0,1,2,0.0
583274618185,P1-fast-idle,248,658,0,1,2,0.0
583274786680,P1-fast-idle,249,659,0,1,2,0.0
583274960976,P1-fast-idle,249,659,0,1,2,0.0
583275130183,P1-fast-idle,249,659,0,1,2,0.0
583275298197,P1-fast-idle,249,659,0,1,2,0.0
583275466181,P1-fast-idle,249,659,0,1,2,0.0
583275633864,P1-fast-idle,249,659,0,1,2,0.0
583275801939,P1-fast-idle,250,660,0,1,2,0.0
583275970103,P1-fast-idle,250,660,0,1,2,0.0
583276138779,P1-fast-idle,250,660,0,1,2,0.0
583276306793,P1-fast-idle,250,660,0,1,2,0.0
583276475238,P1-fast-idle,250,660,0,1,2,0.0
583276643142,P1-fast-idle,250,660,0,1,2,0.0
583276810815,P1-fast-idle,250,660,0,1,2,0.0
583276979160,P1-fast-idle,251,661,0,1,2,0.0
583277147875,P1-fast-idle,251,661,0,1,2,0.0
583277316170,P1-fast-idle,251,661,0,1,2,0.0
583277484194,P1-fast-idle,251,661,0,1,2,0.0
583277652198,P1-fast-idle,251,661,0,1,2,0.0
583277819912,P1-fast-idle,251,661,0,1,2,0.0
583277987966,P1-fast-idle,252,662,0,1,2,0.0
583278162082,P1-fast-idle,252,662,0,1,2,0.0
583278334134,P1-fast-idle,252,662,0,1,2,0.0
583278502739,P1-fast-idle,252,662,0,1,2,0.0
583278670603,P1-fast-idle,252,662,0,1,2,0.0
583278838336,P1-fast-idle,252,662,0,1,2,0.0
583279006802,P1-fast-idle,253,663,0,1,2,0.0
583279179174,P1-fast-idle,253,663,0,1,2,0.0
583279347679,P1-fast-idle,253,663,0,1,2,0.0
583279515763,P1-fast-idle,253,663,0,1,2,0.0
583279691762,P1-fast-idle,253,663,0,1,2,0.0
583279859806,P1-fast-idle,253,663,0,1,2,0.0
583280027981,P1-fast-idle,253,663,0,1,2,0.0
583280196316,P1-fast-idle,254,664,0,1,2,0.0
583280364951,P1-fast-idle,254,664,0,1,2,0.0
583280532765,P1-fast-idle,254,664,0,1,2,0.0
583280703093,P1-fast-idle,254,664,0,1,2,0.0
583280870877,P1-fast-idle,254,664,0,1,2,0.0
583281037549,P1-fast-idle,254,664,0,1,2,0.0
583281203850,P1-fast-idle,255,665,0,1,2,0.0
583281370481,P1-fast-idle,255,665,0,1,2,0.0
583281551600,P1-fast-idle,255,665,0,1,2,0.0
583281722420,P1-fast-idle,255,665,0,1,2,0.0
583281892507,P1-fast-idle,255,665,0,1,2,0.0
583282063407,P1-fast-idle,255,665,0,1,2,0.0
583282233906,P1-fast-idle,256,666,0,1,2,0.0
583282404124,P1-fast-idle,256,666,0,1,2,0.0
583282574102,P1-fast-idle,256,666,0,1,2,0.0
583282743910,P1-fast-idle,256,666,0,1,2,0.0
583282914308,P1-fast-idle,256,666,0,1,2,0.0
583283084697,P1-fast-idle,256,666,0,1,2,0.0
583283255426,P1-fast-idle,256,666,0,1,2,0.0
583283423901,P1-fast-idle,257,667,0,1,2,0.0
583283594019,P1-fast-idle,257,667,0,1,2,0.0
583283764127,P1-fast-idle,257,667,0,1,2,0.0
583283933975,P1-fast-idle,257,667,0,1,2,0.0
583284104824,P1-fast-idle,257,667,0,1,2,0.0
583284274812,P1-fast-idle,257,667,0,1,2,0.0
583284444980,P1-fast-idle,258,669,0,1,2,0.0
583284615329,P1-fast-idle,258,669,0,1,2,0.0
583284789625,P1-fast-idle,258,669,0,1,2,0.0
583284959963,P1-fast-idle,258,669,0,1,2,0.0
583285129921,P1-fast-idle,258,669,0,1,2,0.0
583285299739,P1-fast-idle,258,669,0,1,2,0.0
583285470147,P1-fast-idle,259,670,0,1,2,0.0
583285643912,P1-fast-idle,259,670,0,1,2,0.0
583285815022,P1-fast-idle,259,670,0,1,2,0.0
583285984880,P1-fast-idle,259,670,0,1,2,0.0
583286155589,P1-fast-idle,259,670,0,1,2,0.0
583286325577,P1-fast-idle,259,670,0,1,2,0.0
583286495855,P1-fast-idle,260,671,0,1,2,0.0
583286665532,P1-fast-idle,260,671,0,1,2,0.0
583286835190,P1-fast-idle,260,671,0,1,2,0.0
583287005719,P1-fast-idle,260,671,0,1,2,0.0
583287176218,P1-fast-idle,260,671,0,1,2,0.0
583287346336,P1-fast-idle,260,671,0,1,2,0.0
583287516343,P1-fast-idle,260,671,0,1,2,0.0
583287686542,P1-fast-idle,261,672,0,1,2,0.0
583287856479,P1-fast-idle,261,672,0,1,2,0.0
583288026918,P1-fast-idle,261,672,0,1,2,0.0
583288200773,P1-fast-idle,261,672,0,1,2,0.0
583288370881,P1-fast-idle,261,672,0,1,2,0.0
583288540809,P1-fast-idle,261,672,0,1,2,0.0
583288711158,P1-fast-idle,262,673,0,1,2,0.0
583288881476,P1-fast-idle,262,673,0,1,2,0.0
583289053027,P1-fast-idle,262,673,0,1,2,0.0
583289226692,P1-fast-idle,262,673,0,1,2,0.0
583289397421,P1-fast-idle,262,673,0,1,2,0.0
583289567258,P1-fast-idle,262,673,0,1,2,0.0
583289737797,P1-fast-idle,263,674,0,1,2,0.0
583289907645,P1-fast-idle,263,674,0,1,2,0.0
583290078965,P1-fast-idle,263,674,0,1,2,0.0
583290244274,P1-fast-idle,263,674,0,1,2,0.0
583290409493,P1-fast-idle,263,674,0,1,2,0.0
583290573981,P1-fast-idle,263,674,0,1,2,0.0
583290738208,P1-fast-idle,263,674,0,1,2,0.0
583290906603,P1-fast-idle,264,675,0,1,2,0.0
583291078915,P1-fast-idle,264,675,0,1,2,0.0
583291247150,P1-fast-idle,264,675,0,1,2,0.0
583291418059,P1-fast-idle,264,675,0,1,2,0.0
583291586084,P1-fast-idle,264,675,0,1,2,0.0
583291753647,P1-fast-idle,264,675,0,1,2,0.0
583291922062,P1-fast-idle,265,676,0,1,2,0.0
583292090997,P1-fast-idle,265,676,0,1,2,0.0
583292259272,P1-fast-idle,265,676,0,1,2,0.0
583292427156,P1-fast-idle,265,676,0,1,2,0.0
583292594759,P1-fast-idle,265,676,0,1,2,0.0
583292762353,P1-fast-idle,265,676,0,1,2,0.0
583292930878,P1-fast-idle,266,677,0,1,2,0.0
583293100124,P1-fast-idle,266,677,0,1,2,0.0
583293268219,P1-fast-idle,266,677,0,1,2,0.0
583293435812,P1-fast-idle,266,677,0,1,2,0.0
583293603416,P1-fast-idle,266,677,0,1,2,0.0
583293771179,P1-fast-idle,266,677,0,1,2,0.0
583293939664,P1-fast-idle,267,678,0,1,2,0.0
583294108670,P1-fast-idle,267,678,0,1,2,0.0
583294276755,P1-fast-idle,267,678,0,1,2,0.0
583294444819,P1-fast-idle,267,678,0,1,2,0.0
583294612372,P1-fast-idle,267,678,0,1,2,0.0
583294783773,P1-fast-idle,267,678,0,1,2,0.0
583294951667,P1-fast-idle,267,678,0,1,2,0.0
583295120052,P1-fast-idle,268,679,0,1,2,0.0
583295288447,P1-fast-idle,268,679,0,1,2,0.0
583295456230,P1-fast-idle,268,679,0,1,2,0.0
583295624004,P1-fast-idle,268,679,0,1,2,0.0
583295791858,P1-fast-idle,268,679,0,1,2,0.0
583295959531,P1-fast-idle,268,679,0,1,2,0.0
583296127976,P1-fast-idle,269,680,0,1,2,0.0
583296296060,P1-fast-idle,269,680,0,1,2,0.0
583296467672,P1-fast-idle,269,680,0,1,2,0.0
583296635555,P1-fast-idle,269,680,0,1,2,0.0
583296803179,P1-fast-idle,269,680,0,1,2,0.0
583296970752,P1-fast-idle,269,680,0,1,2,0.0
583297139458,P1-fast-idle,270,681,0,1,2,0.0
583297307772,P1-fast-idle,270,681,0,1,2,0.0
583297475927,P1-fast-idle,270,681,0,1,2,0.0
583297643570,P1-fast-idle,270,681,0,1,2,0.0
583297811625,P1-fast-idle,270,681,0,1,2,0.0
583297982584,P1-fast-idle,270,681,0,1,2,0.0
583298151380,P1-fast-idle,270,681,0,1,2,0.0
583298319765,P1-fast-idle,271,682,0,1,2,0.0
583298488090,P1-fast-idle,271,682,0,1,2,0.0
583298655993,P1-fast-idle,271,682,0,1,2,0.0
583298823717,P1-fast-idle,271,682,0,1,2,0.0
583298991351,P1-fast-idle,271,682,0,1,2,0.0
583299160186,P1-fast-idle,271,682,0,1,2,0.0
583299328190,P1-fast-idle,272,683,0,1,2,0.0
583299496325,P1-fast-idle,272,683,0,1,2,0.0
583299664049,P1-fast-idle,272,683,0,1,2,0.0
583299831732,P1-fast-idle,272,683,0,1,2,0.0
583300003744,P1-fast-idle,272,683,0,1,2,0.0
583300179352,P1-fast-idle,272,683,0,1,2,0.0
583300347857,P1-fast-idle,273,685,0,1,2,0.0
583300516663,P1-fast-idle,273,685,0,1,2,0.0
583300684497,P1-fast-idle,273,685,0,1,2,0.0
583300852060,P1-fast-idle,273,685,0,1,2,0.0
583301020405,P1-fast-idle,273,685,0,1,2,0.0
583301188208,P1-fast-idle,273,685,0,1,2,0.0
583301359769,P1-fast-idle,273,685,0,1,2,0.0
583301528104,P1-fast-idle,274,686,0,1,2,0.0
583301696439,P1-fast-idle,274,686,0,1,2,0.0
583301867729,P1-fast-idle,274,686,0,1,2,0.0
583302036535,P1-fast-idle,274,686,0,1,2,0.0
583302204529,P1-fast-idle,274,686,0,1,2,0.0
583302372673,P1-fast-idle,274,686,0,1,2,0.0
583302541249,P1-fast-idle,275,687,0,1,2,0.0
583302709633,P1-fast-idle,275,687,0,1,2,0.0
583302877507,P1-fast-idle,275,687,0,1,2,0.0
583303044079,P1-fast-idle,275,687,0,1,2,0.0
583303283106,P1-fast-idle,275,687,0,1,2,0.0
583303457262,P1-fast-idle,275,687,0,1,2,0.0
583303628812,P1-fast-idle,276,688,0,1,2,0.0
583303799411,P1-fast-idle,276,688,0,1,2,0.0
583303969620,P1-fast-idle,276,688,0,1,2,0.0
583304139848,P1-fast-idle,276,688,0,1,2,0.0
583304309836,P1-fast-idle,276,688,0,1,2,0.0
583304479473,P1-fast-idle,276,688,0,1,2,0.0
583304654580,P1-fast-idle,277,689,0,1,2,0.0
583304825139,P1-fast-idle,277,689,0,1,2,0.0
583304995458,P1-fast-idle,277,689,0,1,2,0.0
583305166558,P1-fast-idle,277,689,0,1,2,0.0
583305336495,P1-fast-idle,277,689,0,1,2,0.0
583305506483,P1-fast-idle,277,689,0,1,2,0.0
583305676932,P1-fast-idle,278,690,0,1,2,0.0
583305848092,P1-fast-idle,278,690,0,1,2,0.0
583306018160,P1-fast-idle,278,690,0,1,2,0.0
583306188148,P1-fast-idle,278,690,0,1,2,0.0
583306358055,P1-fast-idle,278,690,0,1,2,0.0
583306527793,P1-fast-idle,278,690,0,1,2,0.0
583306697621,P1-fast-idle,278,690,0,1,2,0.0
583306868420,P1-fast-idle,279,691,0,1,2,0.0
583307039590,P1-fast-idle,279,691,0,1,2,0.0
583307209999,P1-fast-idle,279,691,0,1,2,0.0
583307384084,P1-fast-idle,279,691,0,1,2,0.0
583307555725,P1-fast-idle,279,691,0,1,2,0.0
583307726114,P1-fast-idle,279,691,0,1,2,0.0
583307897504,P1-fast-idle,280,692,0,1,2,0.0
583308072411,P1-fast-idle,280,692,0,1,2,0.0
583308243351,P1-fast-idle,280,692,0,1,2,0.0
583308413619,P1-fast-idle,280,692,0,1,2,0.0
583308584028,P1-fast-idle,280,692,0,1,2,0.0
583308754196,P1-fast-idle,280,692,0,1,2,0.0
583308924905,P1-fast-idle,281,693,0,1,2,0.0
583309096376,P1-fast-idle,281,693,0,1,2,0.0
583309266915,P1-fast-idle,281,693,0,1,2,0.0
583309437103,P1-fast-idle,281,693,0,1,2,0.0
583309607342,P1-fast-idle,281,693,0,1,2,0.0
583309777329,P1-fast-idle,281,693,0,1,2,0.0
583309948028,P1-fast-idle,282,694,0,1,2,0.0
583310119329,P1-fast-idle,282,694,0,1,2,0.0
583310289407,P1-fast-idle,282,694,0,1,2,0.0
583310457301,P1-fast-idle,282,694,0,1,2,0.0
583310627309,P1-fast-idle,282,694,0,1,2,0.0
583310801354,P1-fast-idle,282,694,0,1,2,0.0
583310971803,P1-fast-idle,282,694,0,1,2,0.0
583311143534,P1-fast-idle,283,695,0,1,2,0.0
583311317128,P1-fast-idle,283,695,0,1,2,0.0
583311487507,P1-fast-idle,283,695,0,1,2,0.0
583311657966,P1-fast-idle,283,695,0,1,2,0.0
583311827894,P1-fast-idle,283,695,0,1,2,0.0
583311998082,P1-fast-idle,283,695,0,1,2,0.0
583312169152,P1-fast-idle,284,696,0,1,2,0.0
583312339190,P1-fast-idle,284,696,0,1,2,0.0
583312509428,P1-fast-idle,284,696,0,1,2,0.0
583312679246,P1-fast-idle,284,696,0,1,2,0.0
583312853441,P1-fast-idle,284,696,0,1,2,0.0
583313024681,P1-fast-idle,284,696,0,1,2,0.0
583313195291,P1-fast-idle,285,697,0,1,2,0.0
583313365980,P1-fast-idle,285,697,0,1,2,0.0
583313536238,P1-fast-idle,285,697,0,1,2,0.0
583313706316,P1-fast-idle,285,697,0,1,2,0.0
583313876314,P1-fast-idle,285,697,0,1,2,0.0
583314047374,P1-fast-idle,285,697,0,1,2,0.0
583314212843,P1-fast-idle,286,698,0,1,2,0.0
583314378022,P1-fast-idle,286,698,0,1,2,0.0
583314542670,P1-fast-idle,286,698,0,1,2,0.0
583314717958,P1-fast-idle,286,698,0,1,2,0.0
583314882726,P1-fast-idle,286,698,0,1,2,0.0
583315035141,P1-fast-idle,286,698,0,1,2,0.0
583315207734,P1-fast-idle,286,698,0,1,2,0.0
583315378553,P1-fast-idle,287,699,0,1,2,0.0
583315548751,P1-fast-idle,287,699,0,1,2,0.0
583315718799,P1-fast-idle,287,699,0,1,2,0.0
583315889709,P1-fast-idle,287,699,0,1,2,0.0
583316060819,P1-fast-idle,287,699,0,1,2,0.0
583316231358,P1-fast-idle,287,699,0,1,2,0.0
583316402017,P1-fast-idle,288,701,0,1,2,0.0
583316572105,P1-fast-idle,288,701,0,1,2,0.0
583316741992,P1-fast-idle,288,701,0,1,2,0.0
583316912000,P1-fast-idle,288,701,0,1,2,0.0
583317082740,P1-fast-idle,288,701,0,1,2,0.0
583317252798,P1-fast-idle,288,701,0,1,2,0.0
583317423507,P1-fast-idle,289,702,0,1,2,0.0
583317593996,P1-fast-idle,289,702,0,1,2,0.0
583317763954,P1-fast-idle,289,702,0,1,2,0.0
583317938209,P1-fast-idle,289,702,0,1,2,0.0
583318112545,P1-fast-idle,289,702,0,1,2,0.0
583318282914,P1-fast-idle,289,702,0,1,2,0.0
583318451118,P1-fast-idle,289,702,0,1,2,0.0
583318621697,P1-fast-idle,290,703,0,1,2,0.0
583318791545,P1-fast-idle,290,703,0,1,2,0.0
583318961653,P1-fast-idle,290,703,0,1,2,0.0
583319132833,P1-fast-idle,290,703,0,1,2,0.0
583319303011,P1-fast-idle,290,703,0,1,2,0.0
583319473210,P1-fast-idle,290,703,0,1,2,0.0
583319643668,P1-fast-idle,291,704,0,1,2,0.0
583319813476,P1-fast-idle,291,704,0,1,2,0.0
583319983344,P1-fast-idle,291,704,0,1,2,0.0
583320154113,P1-fast-idle,291,704,0,1,2,0.0
583320324061,P1-fast-idle,291,704,0,1,2,0.0
583320494159,P1-fast-idle,291,704,0,1,2,0.0
583320664387,P1-fast-idle,292,705,0,1,2,0.0
583320834535,P1-fast-idle,292,705,0,1,2,0.0
583321004794,P1-fast-idle,292,705,0,1,2,0.0
583321175753,P1-fast-idle,292,705,0,1,2,0.0
583321349518,P1-fast-idle,292,705,0,1,2,0.0
583321524195,P1-fast-idle,292,705,0,1,2,0.0
583321697899,P1-fast-idle,293,706,0,1,2,0.0
583321868248,P1-fast-idle,293,706,0,1,2,0.0
583322038576,P1-fast-idle,293,706,0,1,2,0.0
583322203224,P1-fast-idle,293,706,0,1,2,0.0
583322368564,P1-fast-idle,293,706,0,1,2,0.0
583322533572,P1-fast-idle,293,706,0,1,2,0.0
583322698400,P1-fast-idle,293,706,0,1,2,0.0
583322864551,P1-fast-idle,294,707,0,1,2,0.0
583323027436,P1-fast-idle,294,707,0,1,2,0.0
583323196762,P1-fast-idle,294,707,0,1,2,0.0
583323364275,P1-fast-idle,294,707,0,1,2,0.0
583323536668,P1-fast-idle,294,707,0,1,2,0.0
583323704882,P1-fast-idle,294,707,0,1,2,0.0
583323873327,P1-fast-idle,295,708,0,1,2,0.0
583324042223,P1-fast-idle,295,708,0,1,2,0.0
583324209937,P1-fast-idle,295,708,0,1,2,0.0
583324377681,P1-fast-idle,295,708,0,1,2,0.0
583324554060,P1-fast-idle,295,708,0,1,2,0.0
583324722114,P1-fast-idle,295,708,0,1,2,0.0
583324891591,P1-fast-idle,296,709,0,1,2,0.0
583325060627,P1-fast-idle,296,709,0,1,2,0.0
583325228592,P1-fast-idle,296,709,0,1,2,0.0
583325398740,P1-fast-idle,296,709,0,1,2,0.0
583325567585,P1-fast-idle,296,709,0,1,2,0.0
583325735920,P1-fast-idle,296,709,0,1,2,0.0
583325904125,P1-fast-idle,296,709,0,1,2,0.0
583326071437,P1-fast-idle,297,710,0,1,2,0.0
583326244090,P1-fast-idle,297,710,0,1,2,0.0
583326412495,P1-fast-idle,297,710,0,1,2,0.0
583326580449,P1-fast-idle,297,710,0,1,2,0.0
583326748734,P1-fast-idle,297,710,0,1,2,0.0
583326916949,P1-fast-idle,297,710,0,1,2,0.0
583327086606,P1-fast-idle,298,711,0,1,2,0.0
583327254810,P1-fast-idle,298,711,0,1,2,0.0
583327422844,P1-fast-idle,298,711,0,1,2,0.0
583327590738,P1-fast-idle,298,711,0,1,2,0.0
583327759003,P1-fast-idle,298,711,0,1,2,0.0
583327931536,P1-fast-idle,298,711,0,1,2,0.0
583328100411,P1-fast-idle,299,712,0,1,2,0.0
583328268897,P1-fast-idle,299,712,0,1,2,0.0
583328436660,P1-fast-idle,299,712,0,1,2,0.0
583328604584,P1-fast-idle,299,712,0,1,2,0.0
583328772438,P1-fast-idle,299,712,0,1,2,0.0
583328944540,P1-fast-idle,299,712,0,1,2,0.0
583329114007,P1-fast-idle,299,712,0,1,2,0.0
583329282552,P1-fast-idle,300,713,0,1,2,0.0
583329451057,P1-fast-idle,300,713,0,1,2,0.0
583329618831,P1-fast-idle,300,713,0,1,2,0.0
583329786735,P1-fast-idle,300,713,0,1,2,0.0
583329954869,P1-fast-idle,300,713,0,1,2,0.0
583330123434,P1-fast-idle,300,713,0,1,2,0.0
583330292080,P1-fast-idle,301,714,0,1,2,0.0
583330460545,P1-fast-idle,301,714,0,1,2,0.0
583330628168,P1-fast-idle,301,714,0,1,2,0.0
583330795832,P1-fast-idle,301,714,0,1,2,0.0
583330963906,P1-fast-idle,301,714,0,1,2,0.0
583331136639,P1-fast-idle,301,714,0,1,2,0.0
583331305284,P1-fast-idle,302,715,0,1,2,0.0
583331473208,P1-fast-idle,302,715,0,1,2,0.0
583331640862,P1-fast-idle,302,715,0,1,2,0.0
583331808636,P1-fast-idle,302,715,0,1,2,0.0
583331983332,P1-fast-idle,302,715,0,1,2,0.0
583332152629,P1-fast-idle,302,715,0,1,2,0.0
583332322627,P1-fast-idle,302,715,0,1,2,0.0
583332494889,P1-fast-idle,303,717,0,1,2,0.0
583332665167,P1-fast-idle,303,717,0,1,2,0.0
583332835195,P1-fast-idle,303,717,0,1,2,0.0
583333005143,P1-fast-idle,303,717,0,1,2,0.0
583333179719,P1-fast-idle,303,717,0,1,2,0.0
583333350869,P1-fast-idle,303,717,0,1,2,0.0
583333521749,P1-fast-idle,304,718,0,1,2,0.0
583333692097,P1-fast-idle,304,718,0,1,2,0.0
583333861905,P1-fast-idle,304,718,0,1,2,0.0
583334032955,P1-fast-idle,304,718,0,1,2,0.0
583334203183,P1-fast-idle,304,718,0,1,2,0.0
583334377880,P1-fast-idle,304,718,0,1,2,0.0
583334551745,P1-fast-idle,305,719,0,1,2,0.0
583334722164,P1-fast-idle,305,719,0,1,2,0.0
583334892121,P1-fast-idle,305,719,0,1,2,0.0
583335062971,P1-fast-idle,305,719,0,1,2,0.0
583335233099,P1-fast-idle,305,719,0,1,2,0.0
583335403277,P1-fast-idle,305,719,0,1,2,0.0
583335573676,P1-fast-idle,306,720,0,1,2,0.0
583335743463,P1-fast-idle,306,720,0,1,2,0.0
583335913131,P1-fast-idle,306,720,0,1,2,0.0
583336084461,P1-fast-idle,306,720,0,1,2,0.0
583336254519,P1-fast-idle,306,720,0,1,2,0.0
583336424727,P1-fast-idle,306,720,0,1,2,0.0
583336595446,P1-fast-idle,306,720,0,1,2,0.0
583336764022,P1-fast-idle,307,721,0,1,2,0.0
583336934120,P1-fast-idle,307,721,0,1,2,0.0
583337105049,P1-fast-idle,307,721,0,1,2,0.0
583337275528,P1-fast-idle,307,721,0,1,2,0.0
583337445756,P1-fast-idle,307,721,0,1,2,0.0
583337615514,P1-fast-idle,307,721,0,1,2,0.0
583337789950,P1-fast-idle,308,722,0,1,2,0.0
583337960299,P1-fast-idle,308,722,0,1,2,0.0
583338131519,P1-fast-idle,308,722,0,1,2,0.0
583338301877,P1-fast-idle,308,722,0,1,2,0.0
583338471865,P1-fast-idle,308,722,0,1,2,0.0
583338641943,P1-fast-idle,308,722,0,1,2,0.0
583338812402,P1-fast-idle,309,723,0,1,2,0.0
583338982610,P1-fast-idle,309,723,0,1,2,0.0
583339153450,P1-fast-idle,309,723,0,1,2,0.0
583339324489,P1-fast-idle,309,723,0,1,2,0.0
583339494748,P1-fast-idle,309,723,0,1,2,0.0
583339664625,P1-fast-idle,309,723,0,1,2,0.0
583339838420,P1-fast-idle,310,724,0,1,2,0.0
583340008619,P1-fast-idle,310,724,0,1,2,0.0
583340179458,P1-fast-idle,310,724,0,1,2,0.0
583340350067,P1-fast-idle,310,724,0,1,2,0.0
583340519754,P1-fast-idle,310,724,0,1,2,0.0
583340689391,P1-fast-idle,310,724,0,1,2,0.0
583340859369,P1-fast-idle,310,724,0,1,2,0.0
583341028356,P1-fast-idle,311,725,0,1,2,0.0
583341202321,P1-fast-idle,311,725,0,1,2,0.0
583341372809,P1-fast-idle,311,725,0,1,2,0.0
583341542898,P1-fast-idle,311,725,0,1,2,0.0
583341715380,P1-fast-idle,311,725,0,1,2,0.0
583341885037,P1-fast-idle,311,725,0,1,2,0.0
583342056848,P1-fast-idle,312,726,0,1,2,0.0
583342227047,P1-fast-idle,312,726,0,1,2,0.0
583342396714,P1-fast-idle,312,726,0,1,2,0.0
583342566522,P1-fast-idle,312,726,0,1,2,0.0
583342736259,P1-fast-idle,312,726,0,1,2,0.0
583342906067,P1-fast-idle,312,726,0,1,2,0.0
583343077036,P1-fast-idle,313,727,0,1,2,0.0
583343247254,P1-fast-idle,313,727,0,1,2,0.0
583343421260,P1-fast-idle,313,727,0,1,2,0.0
583343591258,P1-fast-idle,313,727,0,1,2,0.0
583343761175,P1-fast-idle,313,727,0,1,2,0.0
583343931384,P1-fast-idle,313,727,0,1,2,0.0
583344101903,P1-fast-idle,314,728,0,1,2,0.0
583344271971,P1-fast-idle,314,728,0,1,2,0.0
583344445154,P1-fast-idle,314,728,0,1,2,0.0
583344615663,P1-fast-idle,314,728,0,1,2,0.0
583344785551,P1-fast-idle,314,728,0,1,2,0.0
583344955449,P1-fast-idle,314,728,0,1,2,0.0
583345125938,P1-fast-idle,314,728,0,1,2,0.0
583345299552,P1-fast-idle,315,729,0,1,2,0.0
583345469790,P1-fast-idle,315,729,0,1,2,0.0
583345639748,P1-fast-idle,315,729,0,1,2,0.0
583345809766,P1-fast-idle,315,729,0,1,2,0.0
583345979854,P1-fast-idle,315,729,0,1,2,0.0
583346150714,P1-fast-idle,315,729,0,1,2,0.0
583346320742,P1-fast-idle,316,730,0,1,2,0.0
583346490639,P1-fast-idle,316,730,0,1,2,0.0
583346660657,P1-fast-idle,316,730,0,1,2,0.0
583346831547,P1-fast-idle,316,730,0,1,2,0.0
583347001384,P1-fast-idle,316,730,0,1,2,0.0
583347172554,P1-fast-idle,316,730,0,1,2,0.0
583347343023,P1-fast-idle,317,731,0,1,2,0.0
583347513191,P1-fast-idle,317,731,0,1,2,0.0
583347683249,P1-fast-idle,317,731,0,1,2,0.0
583347857255,P1-fast-idle,317,731,0,1,2,0.0
583348028184,P1-fast-idle,317,731,0,1,2,0.0
583348198463,P1-fast-idle,317,731,0,1,2,0.0
583348368601,P1-fast-idle,318,733,0,1,2,0.0
583348538829,P1-fast-idle,318,733,0,1,2,0.0
583348708566,P1-fast-idle,318,733,0,1,2,0.0
583348878535,P1-fast-idle,318,733,0,1,2,0.0
583349048983,P1-fast-idle,318,733,0,1,2,0.0
583349219221,P1-fast-idle,318,733,0,1,2,0.0
583349389410,P1-fast-idle,318,733,0,1,2,0.0
583349557805,P1-fast-idle,319,734,0,1,2,0.0
583349727602,P1-fast-idle,319,734,0,1,2,0.0
583349897710,P1-fast-idle,319,734,0,1,2,0.0
583350068650,P1-fast-idle,319,734,0,1,2,0.0
583350238538,P1-fast-idle,319,734,0,1,2,0.0
583350408415,P1-fast-idle,319,734,0,1,2,0.0
583350578794,P1-fast-idle,320,735,0,1,2,0.0
583350752468,P1-fast-idle,320,735,0,1,2,0.0
583350923508,P1-fast-idle,320,735,0,1,2,0.0
583351097424,P1-fast-idle,320,735,0,1,2,0.0
583351267462,P1-fast-idle,320,735,0,1,2,0.0
583351437299,P1-fast-idle,320,735,0,1,2,0.0
583351607578,P1-fast-idle,321,736,0,1,2,0.0
583351777335,P1-fast-idle,321,736,0,1,2,0.0
583351947233,P1-fast-idle,321,736,0,1,2,0.0
583352117731,P1-fast-idle,321,736,0,1,2,0.0
583352287609,P1-fast-idle,321,736,0,1,2,0.0
583352455343,P1-fast-idle,321,736,0,1,2,0.0
583352625341,P1-fast-idle,322,737,0,1,2,0.0
583352795298,P1-fast-idle,322,737,0,1,2,0.0
583352965256,P1-fast-idle,322,737,0,1,2,0.0
583353135475,P1-fast-idle,322,737,0,1,2,0.0
583353305342,P1-fast-idle,322,737,0,1,2,0.0
583353475310,P1-fast-idle,322,737,0,1,2,0.0
583353644917,P1-fast-idle,322,737,0,1,2,0.0
583353813131,P1-fast-idle,323,738,0,1,2,0.0
583353983370,P1-fast-idle,323,738,0,1,2,0.0
583354157886,P1-fast-idle,323,738,0,1,2,0.0
583354327824,P1-fast-idle,323,738,0,1,2,0.0
583354500607,P1-fast-idle,323,738,0,1,2,0.0
583354670575,P1-fast-idle,323,738,0,1,2,0.0
583354840703,P1-fast-idle,324,739,0,1,2,0.0
583355010851,P1-fast-idle,324,739,0,1,2,0.0
583355180799,P1-fast-idle,324,739,0,1,2,0.0
583355350797,P1-fast-idle,324,739,0,1,2,0.0
583355520635,P1-fast-idle,324,739,0,1,2,0.0
583355690412,P1-fast-idle,324,739,0,1,2,0.0
583355860630,P1-fast-idle,325,740,0,1,2,0.0
583356031480,P1-fast-idle,325,740,0,1,2,0.0
583356205676,P1-fast-idle,325,740,0,1,2,0.0
583356375713,P1-fast-idle,325,740,0,1,2,0.0
583356545451,P1-fast-idle,325,740,0,1,2,0.0
583356715278,P1-fast-idle,325,740,0,1,2,0.0
583356885797,P1-fast-idle,326,741,0,1,2,0.0
583357056857,P1-fast-idle,326,741,0,1,2,0.0
583357227095,P1-fast-idle,326,741,0,1,2,0.0
583357397224,P1-fast-idle,326,741,0,1,2,0.0
583357566590,P1-fast-idle,326,741,0,1,2,0.0
583357740255,P1-fast-idle,326,741,0,1,2,0.0
583357910413,P1-fast-idle,326,741,0,1,2,0.0
583358079900,P1-fast-idle,327,742,0,1,2,0.0
583358250289,P1-fast-idle,327,742,0,1,2,0.0
583358420146,P1-fast-idle,327,742,0,1,2,0.0
583358590124,P1-fast-idle,327,742,0,1,2,0.0
583358759641,P1-fast-idle,327,742,0,1,2,0.0
583358929328,P1-fast-idle,327,742,0,1,2,0.0
583359100338,P1-fast-idle,328,743,0,1,2,0.0
583359270687,P1-fast-idle,328,743,0,1,2,0.0
583359441085,P1-fast-idle,328,743,0,1,2,0.0
583359611043,P1-fast-idle,328,743,0,1,2,0.0
583359781001,P1-fast-idle,328,743,0,1,2,0.0
583359950788,P1-fast-idle,328,743,0,1,2,0.0
583360122349,P1-fast-idle,329,744,0,1,2,0.0
583360292627,P1-fast-idle,329,744,0,1,2,0.0
583360460441,P1-fast-idle,329,744,0,1,2,0.0
583360630710,P1-fast-idle,329,744,0,1,2,0.0
583360800457,P1-fast-idle,329,744,0,1,2,0.0
583360970375,P1-fast-idle,329,744,0,1,2,0.0
583361144871,P1-fast-idle,330,745,0,1,2,0.0
583361315099,P1-fast-idle,330,745,0,1,2,0.0
583361488554,P1-fast-idle,330,745,0,1,2,0.0
583361658562,P1-fast-idle,330,745,0,1,2,0.0
583361828109,P1-fast-idle,330,745,0,1,2,0.0
583361998107,P1-fast-idle,330,745,0,1,2,0.0
583362168145,P1-fast-idle,330,745,0,1,2,0.0
583362336449,P1-fast-idle,331,746,0,1,2,0.0
583362506477,P1-fast-idle,331,746,0,1,2,0.0
583362676265,P1-fast-idle,331,746,0,1,2,0.0
583362846092,P1-fast-idle,331,746,0,1,2,0.0
583363016641,P1-fast-idle,331,746,0,1,2,0.0
583363186759,P1-fast-idle,331,746,0,1,2,0.0
583363357098,P1-fast-idle,332,747,0,1,2,0.0
583363527296,P1-fast-idle,332,747,0,1,2,0.0
583363696953,P1-fast-idle,332,747,0,1,2,0.0
583363866851,P1-fast-idle,332,747,0,1,2,0.0
583364038041,P1-fast-idle,332,747,0,1,2,0.0
583364208119,P1-fast-idle,332,747,0,1,2,0.0
583364382174,P1-fast-idle,333,749,0,1,2,0.0
583364552523,P1-fast-idle,333,749,0,1,2,0.0
583364722160,P1-fast-idle,333,749,0,1,2,0.0
583364891838,P1-fast-idle,333,749,0,1,2,0.0
583365065993,P1-fast-idle,333,749,0,1,2,0.0
583365236282,P1-fast-idle,333,749,0,1,2,0.0
583365406530,P1-fast-idle,334,750,0,1,2,0.0
583365576959,P1-fast-idle,334,750,0,1,2,0.0
583365746656,P1-fast-idle,334,750,0,1,2,0.0
583365916574,P1-fast-idle,334,750,0,1,2,0.0
583366092803,P1-fast-idle,334,750,0,1,2,0.0
583366262611,P1-fast-idle,334,750,0,1,2,0.0
583366432228,P1-fast-idle,334,750,0,1,2,0.0
583366600362,P1-fast-idle,335,751,0,1,2,0.0
583366770320,P1-fast-idle,335,751,0,1,2,0.0
583366943905,P1-fast-idle,335,751,0,1,2,0.0
583367114774,P1-fast-idle,335,751,0,1,2,0.0
583367284672,P1-fast-idle,335,751,0,1,2,0.0
583367452466,P1-fast-idle,335,751,0,1,2,0.0
583367622854,P1-fast-idle,336,752,0,1,2,0.0
583367796539,P1-fast-idle,336,752,0,1,2,0.0
583367966567,P1-fast-idle,336,752,0,1,2,0.0
583368137216,P1-fast-idle,336,752,0,1,2,0.0
583368306883,P1-fast-idle,336,752,0,1,2,0.0
583368476701,P1-fast-idle,336,752,0,1,2,0.0
583368647029,P1-fast-idle,337,753,0,1,2,0.0
583368816827,P1-fast-idle,337,753,0,1,2,0.0
583368987165,P1-fast-idle,337,753,0,1,2,0.0
583369158145,P1-fast-idle,337,753,0,1,2,0.0
583369327632,P1-fast-idle,337,753,0,1,2,0.0
583369497590,P1-fast-idle,337,753,0,1,2,0.0
583369668279,P1-fast-idle,338,754,0,1,2,0.0
583369838537,P1-fast-idle,338,754,0,1,2,0.0
583370008836,P1-fast-idle,338,754,0,1,2,0.0
583370179355,P1-fast-idle,338,754,0,1,2,0.0
583370349483,P1-fast-idle,338,754,0,1,2,0.0
583370519561,P1-fast-idle,338,754,0,1,2,0.0
583370689529,P1-fast-idle,338,754,0,1,2,0.0
583370860278,P1-fast-idle,339,755,0,1,2,0.0
583371034263,P1-fast-idle,339,755,0,1,2,0.0
583371204431,P1-fast-idle,339,755,0,1,2,0.0
583371374570,P1-fast-idle,339,755,0,1,2,0.0
583371544367,P1-fast-idle,339,755,0,1,2,0.0
583371714075,P1-fast-idle,339,755,0,1,2,0.0
583371885164,P1-fast-idle,340,756,0,1,2,0.0
583372056034,P1-fast-idle,340,756,0,1,2,0.0
583372226402,P1-fast-idle,340,756,0,1,2,0.0
583372399917,P1-fast-idle,340,756,0,1,2,0.0
583372569845,P1-fast-idle,340,756,0,1,2,0.0
583372739542,P1-fast-idle,340,756,0,1,2,0.0
583372910562,P1-fast-idle,341,757,0,1,2,0.0
583373081561,P1-fast-idle,341,757,0,1,2,0.0
583373251509,P1-fast-idle,341,757,0,1,2,0.0
583373421507,P1-fast-idle,341,757,0,1,2,0.0
583373591225,P1-fast-idle,341,757,0,1,2,0.0
583373760942,P1-fast-idle,341,757,0,1,2,0.0
583373931050,P1-fast-idle,342,758,0,1,2,0.0
583374105536,P1-fast-idle,342,758,0,1,2,0.0
583374275925,P1-fast-idle,342,758,0,1,2,0.0
583374448958,P1-fast-idle,342,758,0,1,2,0.0
583374618716,P1-fast-idle,342,758,0,1,2,0.0
583374789094,P1-fast-idle,342,758,0,1,2,0.0
583374959002,P1-fast-idle,342,758,0,1,2,0.0
583375128148,P1-fast-idle,343,759,0,1,2,0.0
583375297876,P1-fast-idle,343,759,0,1,2,0.0
583375467763,P1-fast-idle,343,759,0,1,2,0.0
583375637391,P1-fast-idle,343,759,0,1,2,0.0
583375807469,P1-fast-idle,343,759,0,1,2,0.0
583375981704,P1-fast-idle,343,759,0,1,2,0.0
583376152464,P1-fast-idle,344,760,0,1,2,0.0
583376321831,P1-fast-idle,344,760,0,1,2,0.0
583376491648,P1-fast-idle,344,760,0,1,2,0.0
583376661145,P1-fast-idle,344,760,0,1,2,0.0
583376830662,P1-fast-idle,344,760,0,1,2,0.0
583377000299,P1-fast-idle,344,760,0,1,2,0.0
583377170968,P1-fast-idle,345,761,0,1,2,0.0
583377340836,P1-fast-idle,345,761,0,1,2,0.0
583377511024,P1-fast-idle,345,761,0,1,2,0.0
583377688255,P1-fast-idle,345,761,0,1,2,0.0
583377861149,P1-fast-idle,345,761,0,1,2,0.0
583378032209,P1-fast-idle,345,761,0,1,2,0.0
583378203369,P1-fast-idle,346,762,0,1,2,0.0
583378373637,P1-fast-idle,346,762,0,1,2,0.0
583378543365,P1-fast-idle,346,762,0,1,2,0.0
583378713042,P1-fast-idle,346,762,0,1,2,0.0
583378883050,P1-fast-idle,346,762,0,1,2,0.0
583379053689,P1-fast-idle,346,762,0,1,2,0.0
583379224889,P1-fast-idle,346,762,0,1,2,0.0
583379394065,P1-fast-idle,347,763,0,1,2,0.0
583379563993,P1-fast-idle,347,763,0,1,2,0.0
583379734151,P1-fast-idle,347,763,0,1,2,0.0
583379904580,P1-fast-idle,347,763,0,1,2,0.0
583380075179,P1-fast-idle,347,763,0,1,2,0.0
583380245568,P1-fast-idle,347,763,0,1,2,0.0
583380415966,P1-fast-idle,348,765,0,1,2,0.0
583380585784,P1-fast-idle,348,765,0,1,2,0.0
583380757245,P1-fast-idle,348,765,0,1,2,0.0
583380927222,P1-fast-idle,348,765,0,1,2,0.0
583381103782,P1-fast-idle,348,765,0,1,2,0.0
583381274261,P1-fast-idle,348,765,0,1,2,0.0
583381444530,P1-fast-idle,349,766,0,1,2,0.0
583381614407,P1-fast-idle,349,766,0,1,2,0.0
583381784125,P1-fast-idle,349,766,0,1,2,0.0
583381953832,P1-fast-idle,349,766,0,1,2,0.0
583382124501,P1-fast-idle,349,766,0,1,2,0.0
583382294509,P1-fast-idle,349,766,0,1,2,0.0
583382464096,P1-fast-idle,350,767,0,1,2,0.0
583382632631,P1-fast-idle,350,767,0,1,2,0.0
583382800826,P1-fast-idle,350,767,0,1,2,0.0
583382968820,P1-fast-idle,350,767,0,1,2,0.0
583383135532,P1-fast-idle,350,767,0,1,2,0.0
583383302435,P1-fast-idle,350,767,0,1,2,0.0
583383482652,P1-fast-idle,350,767,0,1,2,0.0
583383653031,P1-fast-idle,351,768,0,1,2,0.0
583383823710,P1-fast-idle,351,768,0,1,2,0.0
583383994900,P1-fast-idle,351,768,0,1,2,0.0
583384166421,P1-fast-idle,351,768,0,1,2,0.0
583384342470,P1-fast-idle,351,768,0,1,2,0.0
583384513179,P1-fast-idle,351,768,0,1,2,0.0
583384684099,P1-fast-idle,352,769,0,1,2,0.0
583384854608,P1-fast-idle,352,769,0,1,2,0.0
583385025317,P1-fast-idle,352,769,0,1,2,0.0
583385195485,P1-fast-idle,352,769,0,1,2,0.0
583385365663,P1-fast-idle,352,769,0,1,2,0.0
583385535912,P1-fast-idle,352,769,0,1,2,0.0
583385706641,P1-fast-idle,353,770,0,1,2,0.0
583385877450,P1-fast-idle,353,770,0,1,2,0.0
583386048941,P1-fast-idle,353,770,0,1,2,0.0
583386219340,P1-fast-idle,353,770,0,1,2,0.0
583386389618,P1-fast-idle,353,770,0,1,2,0.0
583386559896,P1-fast-idle,353,770,0,1,2,0.0
583386730576,P1-fast-idle,354,771,0,1,2,0.0
583386905372,P1-fast-idle,354,771,0,1,2,0.0
583387076693,P1-fast-idle,354,771,0,1,2,0.0
583387247031,P1-fast-idle,354,771,0,1,2,0.0
583387417069,P1-fast-idle,354,771,0,1,2,0.0
583387587307,P1-fast-idle,354,771,0,1,2,0.0
583387761874,P1-fast-idle,355,772,0,1,2,0.0
583387932463,P1-fast-idle,355,772,0,1,2,0.0
583388103994,P1-fast-idle,355,772,0,1,2,0.0
583388274132,P1-fast-idle,355,772,0,1,2,0.0
583388444100,P1-fast-idle,355,772,0,1,2,0.0
583388614288,P1-fast-idle,355,772,0,1,2,0.0
583388788353,P1-fast-idle,355,772,0,1,2,0.0
583388959233,P1-fast-idle,356,773,0,1,2,0.0
583389130483,P1-fast-idle,356,773,0,1,2,0.0
583389300311,P1-fast-idle,356,773,0,1,2,0.0
583389470108,P1-fast-idle,356,773,0,1,2,0.0
583389640417,P1-fast-idle,356,773,0,1,2,0.0
583389810555,P1-fast-idle,356,773,0,1,2,0.0
583389985993,P1-fast-idle,357,774,0,1,2,0.0
583390157313,P1-fast-idle,357,774,0,1,2,0.0
583390327441,P1-fast-idle,357,774,0,1,2,0.0
583390497559,P1-fast-idle,357,774,0,1,2,0.0
583390668148,P1-fast-idle,357,774,0,1,2,0.0
583390838286,P1-fast-idle,357,774,0,1,2,0.0
583391012683,P1-fast-idle,358,775,0,1,2,0.0
583391183111,P1-fast-idle,358,775,0,1,2,0.0
583391353300,P1-fast-idle,358,775,0,1,2,0.0
583391523277,P1-fast-idle,358,775,0,1,2,0.0
583391693376,P1-fast-idle,358,775,0,1,2,0.0
583391863594,P1-fast-idle,358,775,0,1,2,0.0
583392034974,P1-fast-idle,359,776,0,1,2,0.0
583392205213,P1-fast-idle,359,776,0,1,2,0.0
583392382674,P1-fast-idle,359,776,0,1,2,0.0
583392554215,P1-fast-idle,359,776,0,1,2,0.0
583392724253,P1-fast-idle,359,776,0,1,2,0.0
583392894461,P1-fast-idle,359,776,0,1,2,0.0
583393065702,P1-fast-idle,359,776,0,1,2,0.0
583393234387,P1-fast-idle,360,777,0,1,2,0.0
583393404716,P1-fast-idle,360,777,0,1,2,0.0
583393574603,P1-fast-idle,360,777,0,1,2,0.0
583393744591,P1-fast-idle,360,777,0,1,2,0.0
583393914939,P1-fast-idle,360,777,0,1,2,0.0
583394086059,P1-fast-idle,360,777,0,1,2,0.0
583394255747,P1-fast-idle,361,778,0,1,2,0.0
583394424031,P1-fast-idle,361,778,0,1,2,0.0
583394589200,P1-fast-idle,361,778,0,1,2,0.0
583394753908,P1-fast-idle,361,778,0,1,2,0.0
583394918977,P1-fast-idle,361,778,0,1,2,0.0
583395143096,P1-fast-idle,361,778,0,1,2,0.0
583395312853,P1-fast-idle,362,779,0,1,2,0.0
583395481188,P1-fast-idle,362,779,0,1,2,0.0
583395649142,P1-fast-idle,362,779,0,1,2,0.0
583395824069,P1-fast-idle,362,779,0,1,2,0.0
583395993136,P1-fast-idle,362,779,0,1,2,0.0
583396162092,P1-fast-idle,362,779,0,1,2,0.0
583396332019,P1-fast-idle,362,779,0,1,2,0.0
583396501757,P1-fast-idle,363,781,0,1,2,0.0
583396670041,P1-fast-idle,363,781,0,1,2,0.0
583396838186,P1-fast-idle,363,781,0,1,2,0.0
583397006340,P1-fast-idle,363,781,0,1,2,0.0
583397175096,P1-fast-idle,363,781,0,1,2,0.0
583397344963,P1-fast-idle,364,782,0,1,2,0.0
583397513739,P1-fast-idle,364,782,0,1,2,0.0
583397688005,P1-fast-idle,364,782,0,1,2,0.0
583397856289,P1-fast-idle,364,782,0,1,2,0.0
583398025466,P1-fast-idle,364,782,0,1,2,0.0
583398193670,P1-fast-idle,364,782,0,1,2,0.0
583398363127,P1-fast-idle,364,782,0,1,2,0.0
583398532364,P1-fast-idle,365,783,0,1,2,0.0
583398700598,P1-fast-idle,365,783,0,1,2,0.0
583398868562,P1-fast-idle,365,783,0,1,2,0.0
583399037779,P1-fast-idle,365,783,0,1,2,0.0
583399206133,P1-fast-idle,365,783,0,1,2,0.0
583399375741,P1-fast-idle,365,783,0,1,2,0.0
583399544817,P1-fast-idle,366,784,0,1,2,0.0
583399717460,P1-fast-idle,366,784,0,1,2,0.0
583399885604,P1-fast-idle,366,784,0,1,2,0.0
583400054880,P1-fast-idle,366,784,0,1,2,0.0
583400223125,P1-fast-idle,366,784,0,1,2,0.0
583400392572,P1-fast-idle,366,784,0,1,2,0.0
583400561538,P1-fast-idle,367,785,0,1,2,0.0
583400729542,P1-fast-idle,367,785,0,1,2,0.0
583400898117,P1-fast-idle,367,785,0,1,2,0.0
583401071562,P1-fast-idle,367,785,0,1,2,0.0
583401240157,P1-fast-idle,367,785,0,1,2,0.0
583401409614,P1-fast-idle,367,785,0,1,2,0.0
583401578099,P1-fast-idle,367,785,0,1,2,0.0
583401746534,P1-fast-idle,368,786,0,1,2,0.0
583401914939,P1-fast-idle,368,786,0,1,2,0.0
583402083805,P1-fast-idle,368,786,0,1,2,0.0
583402251759,P1-fast-idle,368,786,0,1,2,0.0
583402430903,P1-fast-idle,368,786,0,1,2,0.0
583402601963,P1-fast-idle,368,786,0,1,2,0.0
583402770659,P1-fast-idle,369,787,0,1,2,0.0
583402938823,P1-fast-idle,369,787,0,1,2,0.0
583403107920,P1-fast-idle,369,787,0,1,2,0.0
583403276375,P1-fast-idle,369,787,0,1,2,0.0
583403446232,P1-fast-idle,369,787,0,1,2,0.0
583403615038,P1-fast-idle,369,787,0,1,2,0.0
583403783543,P1-fast-idle,370,788,0,1,2,0.0
583403951827,P1-fast-idle,370,788,0,1,2,0.0
583404120663,P1-fast-idle,370,788,0,1,2,0.0
583404303575,P1-fast-idle,370,788,0,1,2,0.0
583404475857,P1-fast-idle,370,788,0,1,2,0.0
583404644483,P1-fast-idle,370,788,0,1,2,0.0
583404813679,P1-fast-idle,371,789,0,1,2,0.0
583404985651,P1-fast-idle,371,789,0,1,2,0.0
583405154947,P1-fast-idle,371,789,0,1,2,0.0
583405324544,P1-fast-idle,371,789,0,1,2,0.0
583405493310,P1-fast-idle,371,789,0,1,2,0.0
583405661324,P1-fast-idle,371,789,0,1,2,0.0
583405829469,P1-fast-idle,371,789,0,1,2,0.0
583405998364,P1-fast-idle,372,790,0,1,2,0.0
583406168152,P1-fast-idle,372,790,0,1,2,0.0
583406337789,P1-fast-idle,372,790,0,1,2,0.0
583406506655,P1-fast-idle,372,790,0,1,2,0.0
583406674489,P1-fast-idle,372,790,0,1,2,0.0
583406842343,P1-fast-idle,372,790,0,1,2,0.0
583407011268,P1-fast-idle,373,791,0,1,2,0.0
583407179623,P1-fast-idle,373,791,0,1,2,0.0
583407348879,P1-fast-idle,373,791,0,1,2,0.0
583407518036,P1-fast-idle,373,791,0,1,2,0.0
583407690088,P1-fast-idle,373,791,0,1,2,0.0
583407858242,P1-fast-idle,373,791,0,1,2,0.0
583408027819,P1-fast-idle,374,792,0,1,2,0.0
583408196475,P1-fast-idle,374,792,0,1,2,0.0
583408365631,P1-fast-idle,374,792,0,1,2,0.0
583408538133,P1-fast-idle,374,792,0,1,2,0.0
583408706498,P1-fast-idle,374,792,0,1,2,0.0
583408874332,P1-fast-idle,374,792,0,1,2,0.0
583409043228,P1-fast-idle,374,792,0,1,2,0.0
583409212074,P1-fast-idle,375,793,0,1,2,0.0
583409381250,P1-fast-idle,375,793,0,1,2,0.0
583409550436,P1-fast-idle,375,793,0,1,2,0.0
583409718200,P1-fast-idle,375,793,0,1,2,0.0
583409886124,P1-fast-idle,375,793,0,1,2,0.0
583410055641,P1-fast-idle,375,793,0,1,2,0.0
583410224186,P1-fast-idle,376,794,0,1,2,0.0
583410397570,P1-fast-idle,376,794,0,1,2,0.0
583410566616,P1-fast-idle,376,794,0,1,2,0.0
583410734831,P1-fast-idle,376,794,0,1,2,0.0
583410906883,P1-fast-idle,376,794,0,1,2,0.0
583411076280,P1-fast-idle,376,794,0,1,2,0.0
583411245005,P1-fast-idle,377,795,0,1,2,0.0
583411414352,P1-fast-idle,377,795,0,1,2,0.0
583411583047,P1-fast-idle,377,795,0,1,2,0.0
583411751362,P1-fast-idle,377,795,0,1,2,0.0
583411919376,P1-fast-idle,377,795,0,1,2,0.0
583412088342,P1-fast-idle,377,795,0,1,2,0.0
583412256426,P1-fast-idle,377,795,0,1,2,0.0
583412426584,P1-fast-idle,378,796,0,1,2,0.0
583412595661,P1-fast-idle,378,796,0,1,2,0.0
583412764346,P1-fast-idle,378,796,0,1,2,0.0
583412932440,P1-fast-idle,378,796,0,1,2,0.0
583413101436,P1-fast-idle,378,796,0,1,2,0.0
583413269621,P1-fast-idle,378,796,0,1,2,0.0
583413439308,P1-fast-idle,379,798,0,1,2,0.0
583413608555,P1-fast-idle,379,798,0,1,2,0.0
583413777200,P1-fast-idle,379,798,0,1,2,0.0
583413944944,P1-fast-idle,379,798,0,1,2,0.0
583414114090,P1-fast-idle,379,798,0,1,2,0.0
583414294718,P1-fast-idle,379,798,0,1,2,0.0
583414467210,P1-fast-idle,380,799,0,1,2,0.0
583414635595,P1-fast-idle,380,799,0,1,2,0.0
583414803779,P1-fast-idle,380,799,0,1,2,0.0
583414971994,P1-fast-idle,380,799,0,1,2,0.0
583415140970,P1-fast-idle,380,799,0,1,2,0.0
583415315717,P1-fast-idle,380,799,0,1,2,0.0
583415485434,P1-fast-idle,381,800,0,1,2,0.0
583415653719,P1-fast-idle,381,800,0,1,2,0.0
583415825700,P1-fast-idle,381,800,0,1,2,0.0
583415994125,P1-fast-idle,381,800,0,1,2,0.0
583416163161,P1-fast-idle,381,800,0,1,2,0.0
583416332558,P1-fast-idle,381,800,0,1,2,0.0
583416501514,P1-fast-idle,381,800,0,1,2,0.0
583416670069,P1-fast-idle,382,801,0,1,2,0.0
583416838474,P1-fast-idle,382,801,0,1,2,0.0
583417006328,P1-fast-idle,382,801,0,1,2,0.0
583417175244,P1-fast-idle,382,801,0,1,2,0.0
583417344530,P1-fast-idle,382,801,0,1,2,0.0
583417516923,P1-fast-idle,382,801,0,1,2,0.0
583417685899,P1-fast-idle,383,802,0,1,2,0.0
583417854464,P1-fast-idle,383,802,0,1,2,0.0
583418023099,P1-fast-idle,383,802,0,1,2,0.0
583418190873,P1-fast-idle,383,802,0,1,2,0.0
583418360149,P1-fast-idle,383,802,0,1,2,0.0
583418529226,P1-fast-idle,383,802,0,1,2,0.0
583418707299,P1-fast-idle,384,803,0,1,2,0.0
583418875273,P1-fast-idle,384,803,0,1,2,0.0
583419044660,P1-fast-idle,384,803,0,1,2,0.0
583419212794,P1-fast-idle,384,803,0,1,2,0.0
583419385567,P1-fast-idle,384,803,0,1,2,0.0
583419554232,P1-fast-idle,384,803,0,1,2,0.0
583419722467,P1-fast-idle,384,803,0,1,2,0.0
583419891082,P1-fast-idle,385,804,0,1,2,0.0
583420060549,P1-fast-idle,385,804,0,1,2,0.0
583420228603,P1-fast-idle,385,804,0,1,2,0.0
583420398321,P1-fast-idle,385,804,0,1,2,0.0
583420566866,P1-fast-idle,385,804,0,1,2,0.0
583420734920,P1-fast-idle,385,804,0,1,2,0.0
583420907423,P1-fast-idle,386,805,0,1,2,0.0
583421076840,P1-fast-idle,386,805,0,1,2,0.0
583421248631,P1-fast-idle,386,805,0,1,2,0.0
583421418098,P1-fast-idle,386,805,0,1,2,0.0
583421586562,P1-fast-idle,386,805,0,1,2,0.0
583421754927,P1-fast-idle,386,805,0,1,2,0.0
583421923533,P1-fast-idle,387,806,0,1,2,0.0
583422092549,P1-fast-idle,387,806,0,1,2,0.0
583422260964,P1-fast-idle,387,806,0,1,2,0.0
583422430420,P1-fast-idle,387,806,0,1,2,0.0
583422599456,P1-fast-idle,387,806,0,1,2,0.0
583422767831,P1-fast-idle,387,806,0,1,2,0.0
583422935635,P1-fast-idle,387,806,0,1,2,0.0
583423106044,P1-fast-idle,388,807,0,1,2,0.0
583423274789,P1-fast-idle,388,807,0,1,2,0.0
583423445158,P1-fast-idle,388,807,0,1,2,0.0
583423614024,P1-fast-idle,388,807,0,1,2,0.0
583423782178,P1-fast-idle,388,807,0,1,2,0.0
583423950313,P1-fast-idle,388,807,0,1,2,0.0
583424123456,P1-fast-idle,389,808,0,1,2,0.0
583424301650,P1-fast-idle,389,808,0,1,2,0.0
583424473351,P1-fast-idle,389,808,0,1,2,0.0
583424641835,P1-fast-idle,389,808,0,1,2,0.0
583424809890,P1-fast-idle,389,808,0,1,2,0.0
583424978315,P1-fast-idle,389,808,0,1,2,0.0
583425146800,P1-fast-idle,390,809,0,1,2,0.0
583425318100,P1-fast-idle,390,809,0,1,2,0.0
583425486866,P1-fast-idle,390,809,0,1,2,0.0
583425654640,P1-fast-idle,390,809,0,1,2,0.0
583425822523,P1-fast-idle,390,809,0,1,2,0.0
583425990357,P1-fast-idle,390,809,0,1,2,0.0
583426161267,P1-fast-idle,391,810,0,1,2,0.0
583426331034,P1-fast-idle,391,810,0,1,2,0.0
583426499900,P1-fast-idle,391,810,0,1,2,0.0
583426672012,P1-fast-idle,391,810,0,1,2,0.0
583426843072,P1-fast-idle,391,810,0,1,2,0.0
583427012198,P1-fast-idle,391,810,0,1,2,0.0
583427180162,P1-fast-idle,391,810,0,1,2,0.0
583427350190,P1-fast-idle,392,811,0,1,2,0.0
583427522592,P1-fast-idle,392,811,0,1,2,0.0
583427690987,P1-fast-idle,392,811,0,1,2,0.0
583427859282,P1-fast-idle,392,811,0,1,2,0.0
583428028608,P1-fast-idle,392,811,0,1,2,0.0
583428196993,P1-fast-idle,392,811,0,1,2,0.0
583428367072,P1-fast-idle,393,812,0,1,2,0.0
583428536077,P1-fast-idle,393,812,0,1,2,0.0
583428704412,P1-fast-idle,393,812,0,1,2,0.0
583428872607,P1-fast-idle,393,812,0,1,2,0.0
583429041563,P1-fast-idle,393,812,0,1,2,0.0
583429209577,P1-fast-idle,393,812,0,1,2,0.0
583429379354,P1-fast-idle,394,814,0,1,2,0.0
583429548280,P1-fast-idle,394,814,0,1,2,0.0
583429716074,P1-fast-idle,394,814,0,1,2,0.0
583429884338,P1-fast-idle,394,814,0,1,2,0.0
583430053735,P1-fast-idle,394,814,0,1,2,0.0
583430226228,P1-fast-idle,394,814,0,1,2,0.0
583430395514,P1-fast-idle,394,814,0,1,2,0.0
583430565753,P1-fast-idle,395,815,0,1,2,0.0
583430737654,P1-fast-idle,395,815,0,1,2,0.0
583430905919,P1-fast-idle,395,815,0,1,2,0.0
583431075025,P1-fast-idle,395,815,0,1,2,0.0
583431243410,P1-fast-idle,395,815,0,1,2,0.0
583431412827,P1-fast-idle,395,815,0,1,2,0.0
583431582253,P1-fast-idle,396,816,0,1,2,0.0
583431750408,P1-fast-idle,396,816,0,1,2,0.0
583431918552,P1-fast-idle,396,816,0,1,2,0.0
583432095924,P1-fast-idle,396,816,0,1,2,0.0
583432264209,P1-fast-idle,396,816,0,1,2,0.0
583432433555,P1-fast-idle,396,816,0,1,2,0.0
583432602792,P1-fast-idle,397,817,0,1,2,0.0
583432771377,P1-fast-idle,397,817,0,1,2,0.0
583432939902,P1-fast-idle,397,817,0,1,2,0.0
583433109710,P1-fast-idle,397,817,0,1,2,0.0
583433277774,P1-fast-idle,397,817,0,1,2,0.0
583433450286,P1-fast-idle,397,817,0,1,2,0.0
583433619042,P1-fast-idle,397,817,0,1,2,0.0
583433788218,P1-fast-idle,398,818,0,1,2,0.0
583433956713,P1-fast-idle,398,818,0,1,2,0.0
583434127793,P1-fast-idle,398,818,0,1,2,0.0
583434313681,P1-fast-idle,398,818,0,1,2,0.0
583434488748,P1-fast-idle,398,818,0,1,2,0.0
583434660019,P1-fast-idle,398,818,0,1,2,0.0
583434831108,P1-fast-idle,399,819,0,1,2,0.0
583435001647,P1-fast-idle,399,819,0,1,2,0.0
583435172507,P1-fast-idle,399,819,0,1,2,0.0
583435344058,P1-fast-idle,399,819,0,1,2,0.0
583435519204,P1-fast-idle,399,819,0,1,2,0.0
583435689362,P1-fast-idle,399,819,0,1,2,0.0
583435909614,P1-fast-idle,400,820,0,1,2,0.0
583436076455,P1-fast-idle,400,820,0,1,2,0.0
583436242476,P1-fast-idle,400,820,0,1,2,0.0
583436408637,P1-fast-idle,400,820,0,1,2,0.0
583436574297,P1-fast-idle,400,820,0,1,2,0.0
583436740006,P1-fast-idle,400,820,0,1,2,0.0
583436885540,P1-fast-idle,401,821,0,1,2,0.0
583437029489,P1-fast-idle,401,821,0,1,2,0.0
583437196471,P1-fast-idle,401,821,0,1,2,0.0
583437368563,P1-fast-idle,401,821,0,1,2,0.0
583437538230,P1-fast-idle,401,821,0,1,2,0.0
583437703379,P1-fast-idle,401,821,0,1,2,0.0
583437868839,P1-fast-idle,401,821,0,1,2,0.0
583438020111,P1-fast-idle,402,822,0,1,2,0.0
583438186112,P1-fast-idle,402,822,0,1,2,0.0
583438353254,P1-fast-idle,402,822,0,1,2,0.0
583438519165,P1-fast-idle,402,822,0,1,2,0.0
583438684364,P1-fast-idle,402,822,0,1,2,0.0
583438849462,P1-fast-idle,402,822,0,1,2,0.0
583439019340,P1-fast-idle,403,823,0,1,2,0.0
583439184659,P1-fast-idle,403,823,0,1,2,0.0
583439355218,P1-fast-idle,403,823,0,1,2,0.0
583439521229,P1-fast-idle,403,823,0,1,2,0.0
583439686137,P1-fast-idle,403,823,0,1,2,0.0
583439851025,P1-fast-idle,403,823,0,1,2,0.0
583440028978,P1-fast-idle,403,823,0,1,2,0.0
583440198284,P1-fast-idle,404,824,0,1,2,0.0
583440365187,P1-fast-idle,404,824,0,1,2,0.0
583440530746,P1-fast-idle,404,824,0,1,2,0.0
583440700524,P1-fast-idle,404,824,0,1,2,0.0
583440868328,P1-fast-idle,404,824,0,1,2,0.0
583441023698,P1-fast-idle,404,824,0,1,2,0.0
583441195790,P1-fast-idle,405,825,0,1,2,0.0
583441367631,P1-fast-idle,405,825,0,1,2,0.0
583441538621,P1-fast-idle,405,825,0,1,2,0.0
583441708909,P1-fast-idle,405,825,0,1,2,0.0
583441878967,P1-fast-idle,405,825,0,1,2,0.0
583442050598,P1-fast-idle,405,825,0,1,2,0.0
583442221598,P1-fast-idle,406,826,0,1,2,0.0
583442393099,P1-fast-idle,406,826,0,1,2,0.0
583442563958,P1-fast-idle,406,826,0,1,2,0.0
583442740418,P1-fast-idle,406,826,0,1,2,0.0
583442916097,P1-fast-idle,406,826,0,1,2,0.0
583443087497,P1-fast-idle,406,826,0,1,2,0.0
583443257966,P1-fast-idle,406,826,0,1,2,0.0
583443428795,P1-fast-idle,407,827,0,1,2,0.0
583443599785,P1-fast-idle,407,827,0,1,2,0.0
583443770143,P1-fast-idle,407,827,0,1,2,0.0
583443944620,P1-fast-idle,407,827,0,1,2,0.0
583444116441,P1-fast-idle,407,827,0,1,2,0.0
583444295225,P1-fast-idle,407,827,0,1,2,0.0
583444470123,P1-fast-idle,408,829,0,1,2,0.0
583444640882,P1-fast-idle,408,829,0,1,2,0.0
583444811070,P1-fast-idle,408,829,0,1,2,0.0
583444981138,P1-fast-idle,408,829,0,1,2,0.0
583445152669,P1-fast-idle,408,829,0,1,2,0.0
583445325562,P1-fast-idle,408,829,0,1,2,0.0
583445496832,P1-fast-idle,409,830,0,1,2,0.0
583445667201,P1-fast-idle,409,830,0,1,2,0.0
583445837059,P1-fast-idle,409,830,0,1,2,0.0
583446007387,P1-fast-idle,409,830,0,1,2,0.0
583446179218,P1-fast-idle,409,830,0,1,2,0.0
583446351120,P1-fast-idle,409,830,0,1,2,0.0
583446522490,P1-fast-idle,410,831,0,1,2,0.0
583446692989,P1-fast-idle,410,831,0,1,2,0.0
583446863047,P1-fast-idle,410,831,0,1,2,0.0
583447033606,P1-fast-idle,410,831,0,1,2,0.0
583447203584,P1-fast-idle,410,831,0,1,2,0.0
583447378962,P1-fast-idle,410,831,0,1,2,0.0
583447550472,P1-fast-idle,411,832,0,1,2,0.0
583447720851,P1-fast-idle,411,832,0,1,2,0.0
583447890949,P1-fast-idle,411,832,0,1,2,0.0
583448061999,P1-fast-idle,411,832,0,1,2,0.0
583448236004,P1-fast-idle,411,832,0,1,2,0.0
583448407625,P1-fast-idle,411,832,0,1,2,0.0
583448578284,P1-fast-idle,411,832,0,1,2,0.0
583448749104,P1-fast-idle,412,833,0,1,2,0.0
583448919823,P1-fast-idle,412,833,0,1,2,0.0
583449091203,P1-fast-idle,412,833,0,1,2,0.0
583449261452,P1-fast-idle,412,833,0,1,2,0.0
583449433293,P1-fast-idle,412,833,0,1,2,0.0
583449604002,P1-fast-idle,412,833,0,1,2,0.0
583449774771,P1-fast-idle,413,834,0,1,2,0.0
583449945260,P1-fast-idle,413,834,0,1,2,0.0
583450117031,P1-fast-idle,413,834,0,1,2,0.0
583450294543,P1-fast-idle,413,834,0,1,2,0.0
583450466856,P1-fast-idle,413,834,0,1,2,0.0
583450642244,P1-fast-idle,413,834,0,1,2,0.0
583450813544,P1-fast-idle,414,835,0,1,2,0.0
583450984103,P1-fast-idle,414,835,0,1,2,0.0
583451155193,P1-fast-idle,414,835,0,1,2,0.0
583451327535,P1-fast-idle,414,835,0,1,2,0.0
583451498435,P1-fast-idle,414,835,0,1,2,0.0
583451668953,P1-fast-idle,414,835,0,1,2,0.0
583451843330,P1-fast-idle,415,836,0,1,2,0.0
583452013808,P1-fast-idle,415,836,0,1,2,0.0
583452184007,P1-fast-idle,415,836,0,1,2,0.0
583452355657,P1-fast-idle,415,836,0,1,2,0.0
583452526808,P1-fast-idle,415,836,0,1,2,0.0
583452696695,P1-fast-idle,415,836,0,1,2,0.0
583452867414,P1-fast-idle,415,836,0,1,2,0.0
583453037483,P1-fast-idle,416,837,0,1,2,0.0
583453207651,P1-fast-idle,416,837,0,1,2,0.0
583453379182,P1-fast-idle,416,837,0,1,2,0.0
583453550081,P1-fast-idle,416,837,0,1,2,0.0
583453724086,P1-fast-idle,416,837,0,1,2,0.0
583453894375,P1-fast-idle,416,837,0,1,2,0.0
583454069252,P1-fast-idle,417,838,0,1,2,0.0
583454239490,P1-fast-idle,417,838,0,1,2,0.0
583454410851,P1-fast-idle,417,838,0,1,2,0.0
583454581479,P1-fast-idle,417,838,0,1,2,0.0
583454751417,P1-fast-idle,417,838,0,1,2,0.0
583454921595,P1-fast-idle,417,838,0,1,2,0.0
583455092034,P1-fast-idle,418,839,0,1,2,0.0
583455262132,P1-fast-idle,418,839,0,1,2,0.0
583455433332,P1-fast-idle,418,839,0,1,2,0.0
583455604032,P1-fast-idle,418,839,0,1,2,0.0
583455773899,P1-fast-idle,418,839,0,1,2,0.0
583455943927,P1-fast-idle,418,839,0,1,2,0.0
583456114266,P1-fast-idle,419,840,0,1,2,0.0
583456285025,P1-fast-idle,419,840,0,1,2,0.0
583456456886,P1-fast-idle,419,840,0,1,2,0.0
583456627496,P1-fast-idle,419,840,0,1,2,0.0
583456797654,P1-fast-idle,419,840,0,1,2,0.0
583456967681,P1-fast-idle,419,840,0,1,2,0.0
583457138761,P1-fast-idle,419,840,0,1,2,0.0
583457319469,P1-fast-idle,420,841,0,1,2,0.0
583457491281,P1-fast-idle,420,841,0,1,2,0.0
583457661569,P1-fast-idle,420,841,0,1,2,0.0
583457832759,P1-fast-idle,420,841,0,1,2,0.0
583458003188,P1-fast-idle,420,841,0,1,2,0.0
583458174829,P1-fast-idle,420,841,0,1,2,0.0
583458346891,P1-fast-idle,421,842,0,1,2,0.0
583458517590,P1-fast-idle,421,842,0,1,2,0.0
583458688069,P1-fast-idle,421,842,0,1,2,0.0
583458858457,P1-fast-idle,421,842,0,1,2,0.0
583459029056,P1-fast-idle,421,842,0,1,2,0.0
583459203232,P1-fast-idle,421,842,0,1,2,0.0
583459375504,P1-fast-idle,422,843,0,1,2,0.0
583459546664,P1-fast-idle,422,843,0,1,2,0.0
583459716802,P1-fast-idle,422,843,0,1,2,0.0
583459887231,P1-fast-idle,422,843,0,1,2,0.0
583460058311,P1-fast-idle,422,843,0,1,2,0.0
583460228659,P1-fast-idle,422,843,0,1,2,0.0
583460400571,P1-fast-idle,423,845,0,1,2,0.0
583460571420,P1-fast-idle,423,845,0,1,2,0.0
583460745276,P1-fast-idle,423,845,0,1,2,0.0
583460915554,P1-fast-idle,423,845,0,1,2,0.0
583461086894,P1-fast-idle,423,845,0,1,2,0.0
583461257443,P1-fast-idle,423,845,0,1,2,0.0
583461429415,P1-fast-idle,424,846,0,1,2,0.0
583461600344,P1-fast-idle,424,846,0,1,2,0.0
583461770543,P1-fast-idle,424,846,0,1,2,0.0
583461940861,P1-fast-idle,424,846,0,1,2,0.0
583462112232,P1-fast-idle,424,846,0,1,2,0.0
583462287580,P1-fast-idle,424,846,0,1,2,0.0
583462459331,P1-fast-idle,424,846,0,1,2,0.0
583462631292,P1-fast-idle,425,847,0,1,2,0.0
583462805849,P1-fast-idle,425,847,0,1,2,0.0
583462976778,P1-fast-idle,425,847,0,1,2,0.0
583463148499,P1-fast-idle,425,847,0,1,2,0.0
583463323927,P1-fast-idle,425,847,0,1,2,0.0
583463495468,P1-fast-idle,425,847,0,1,2,0.0
583463666398,P1-fast-idle,426,848,0,1,2,0.0
583463837097,P1-fast-idle,426,848,0,1,2,0.0
583464011764,P1-fast-idle,426,848,0,1,2,0.0
583464182272,P1-fast-idle,426,848,0,1,2,0.0
583464353583,P1-fast-idle,426,848,0,1,2,0.0
583464524823,P1-fast-idle,426,848,0,1,2,0.0
583464699249,P1-fast-idle,427,849,0,1,2,0.0
583464869828,P1-fast-idle,427,849,0,1,2,0.0
583465040838,P1-fast-idle,427,849,0,1,2,0.0
583465211477,P1-fast-idle,427,849,0,1,2,0.0
583465382867,P1-fast-idle,427,849,0,1,2,0.0
583465553607,P1-fast-idle,427,849,0,1,2,0.0
583465724376,P1-fast-idle,428,850,0,1,2,0.0
583465894584,P1-fast-idle,428,850,0,1,2,0.0
583466065714,P1-fast-idle,428,850,0,1,2,0.0
583466236133,P1-fast-idle,428,850,0,1,2,0.0
583466407493,P1-fast-idle,428,850,0,1,2,0.0
583466578593,P1-fast-idle,428,850,0,1,2,0.0
583466748882,P1-fast-idle,428,850,0,1,2,0.0
583466917457,P1-fast-idle,429,851,0,1,2,0.0
583467088697,P1-fast-idle,429,851,0,1,2,0.0
583467259416,P1-fast-idle,429,851,0,1,2,0.0
583467434283,P1-fast-idle,429,851,0,1,2,0.0
583467604502,P1-fast-idle,429,851,0,1,2,0.0
583467774529,P1-fast-idle,429,851,0,1,2,0.0
583467945099,P1-fast-idle,430,852,0,1,2,0.0
583468116228,P1-fast-idle,430,852,0,1,2,0.0
583468287038,P1-fast-idle,430,852,0,1,2,0.0
583468455242,P1-fast-idle,430,852,0,1,2,0.0
583468625631,P1-fast-idle,430,852,0,1,2,0.0
583468795939,P1-fast-idle,430,852,0,1,2,0.0
583468966328,P1-fast-idle,431,853,0,1,2,0.0
583469137398,P1-fast-idle,431,853,0,1,2,0.0
583469307386,P1-fast-idle,431,853,0,1,2,0.0
583469477233,P1-fast-idle,431,853,0,1,2,0.0
583469647311,P1-fast-idle,431,853,0,1,2,0.0
583469818010,P1-fast-idle,431,853,0,1,2,0.0
583469988549,P1-fast-idle,432,854,0,1,2,0.0
583470163787,P1-fast-idle,432,854,0,1,2,0.0
583470334196,P1-fast-idle,432,854,0,1,2,0.0
583470504885,P1-fast-idle,432,854,0,1,2,0.0
583470678149,P1-fast-idle,432,854,0,1,2,0.0
583470848848,P1-fast-idle,432,854,0,1,2,0.0
583471031069,P1-fast-idle,433,855,0,1,2,0.0
583471202269,P1-fast-idle,433,855,0,1,2,0.0
583471372588,P1-fast-idle,433,855,0,1,2,0.0
583471543096,P1-fast-idle,433,855,0,1,2,0.0
583471713245,P1-fast-idle,433,855,0,1,2,0.0
583471883493,P1-fast-idle,433,855,0,1,2,0.0
583472054262,P1-fast-idle,433,855,0,1,2,0.0
583472224991,P1-fast-idle,434,856,0,1,2,0.0
583472395190,P1-fast-idle,434,856,0,1,2,0.0
583472565608,P1-fast-idle,434,856,0,1,2,0.0
583472735806,P1-fast-idle,434,856,0,1,2,0.0
583472905884,P1-fast-idle,434,856,0,1,2,0.0
583473079369,P1-fast-idle,434,856,0,1,2,0.0
583473250980,P1-fast-idle,435,857,0,1,2,0.0
583473421519,P1-fast-idle,435,857,0,1,2,0.0
583473592148,P1-fast-idle,435,857,0,1,2,0.0
583473766404,P1-fast-idle,435,857,0,1,2,0.0
583473936782,P1-fast-idle,435,857,0,1,2,0.0
583474111098,P1-fast-idle,435,857,0,1,2,0.0
583474282298,P1-fast-idle,436,858,0,1,2,0.0
583474452527,P1-fast-idle,436,858,0,1,2,0.0
583474622565,P1-fast-idle,436,858,0,1,2,0.0
583474792603,P1-fast-idle,436,858,0,1,2,0.0
583474962711,P1-fast-idle,436,858,0,1,2,0.0
583475133289,P1-fast-idle,436,858,0,1,2,0.0
583475307415,P1-fast-idle,436,858,0,1,2,0.0
583475479287,P1-fast-idle,437,860,0,1,2,0.0
583475653683,P1-fast-idle,437,860,0,1,2,0.0
583475823981,P1-fast-idle,437,860,0,1,2,0.0
583475994029,P1-fast-idle,437,860,0,1,2,0.0
583476165770,P1-fast-idle,437,860,0,1,2,0.0
583476337662,P1-fast-idle,437,860,0,1,2,0.0
583476507319,P1-fast-idle,438,861,0,1,2,0.0
583476678489,P1-fast-idle,438,861,0,1,2,0.0
583476848537,P1-fast-idle,438,861,0,1,2,0.0
583477018996,P1-fast-idle,438,861,0,1,2,0.0
583477189795,P1-fast-idle,438,861,0,1,2,0.0
583477364602,P1-fast-idle,438,861,0,1,2,0.0
583477536082,P1-fast-idle,439,862,0,1,2,0.0
583477706521,P1-fast-idle,439,862,0,1,2,0.0
583477876619,P1-fast-idle,439,862,0,1,2,0.0
583478047539,P1-fast-idle,439,862,0,1,2,0.0
583478217637,P1-fast-idle,439,862,0,1,2,0.0
583478389388,P1-fast-idle,439,862,0,1,2,0.0
583478560819,P1-fast-idle,440,863,0,1,2,0.0
583478730967,P1-fast-idle,440,863,0,1,2,0.0
583478901436,P1-fast-idle,440,863,0,1,2,0.0
583479072205,P1-fast-idle,440,863,0,1,2,0.0
583479242203,P1-fast-idle,440,863,0,1,2,0.0
583479413854,P1-fast-idle,440,863,0,1,2,0.0
583479585214,P1-fast-idle,441,864,0,1,2,0.0
583479755523,P1-fast-idle,441,864,0,1,2,0.0
583479925490,P1-fast-idle,441,864,0,1,2,0.0
583480096650,P1-fast-idle,441,864,0,1,2,0.0
583480267039,P1-fast-idle,441,864,0,1,2,0.0
583480438490,P1-fast-idle,441,864,0,1,2,0.0
583480609249,P1-fast-idle,441,864,0,1,2,0.0
583480782122,P1-fast-idle,442,865,0,1,2,0.0
583480952851,P1-fast-idle,442,865,0,1,2,0.0
583481130895,P1-fast-idle,442,865,0,1,2,0.0
583481312444,P1-fast-idle,442,865,0,1,2,0.0
583481486369,P1-fast-idle,442,865,0,1,2,0.0
583481656578,P1-fast-idle,442,865,0,1,2,0.0
583481828619,P1-fast-idle,443,866,0,1,2,0.0
583481999669,P1-fast-idle,443,866,0,1,2,0.0
583482171029,P1-fast-idle,443,866,0,1,2,0.0
583482342630,P1-fast-idle,443,866,0,1,2,0.0
583482513640,P1-fast-idle,443,866,0,1,2,0.0
583482683808,P1-fast-idle,443,866,0,1,2,0.0
583482854808,P1-fast-idle,444,867,0,1,2,0.0
583483028443,P1-fast-idle,444,867,0,1,2,0.0
583483199352,P1-fast-idle,444,867,0,1,2,0.0
583483370983,P1-fast-idle,444,867,0,1,2,0.0
583483541853,P1-fast-idle,444,867,0,1,2,0.0
583483712161,P1-fast-idle,444,867,0,1,2,0.0
583483882740,P1-fast-idle,445,868,0,1,2,0.0
583484059220,P1-fast-idle,445,868,0,1,2,0.0
583484229518,P1-fast-idle,445,868,0,1,2,0.0
583484400809,P1-fast-idle,445,868,0,1,2,0.0
583484575626,P1-fast-idle,445,868,0,1,2,0.0
583484745794,P1-fast-idle,445,868,0,1,2,0.0
583484916623,P1-fast-idle,446,869,0,1,2,0.0
583485087994,P1-fast-idle,446,869,0,1,2,0.0
583485258272,P1-fast-idle,446,869,0,1,2,0.0
583485429673,P1-fast-idle,446,869,0,1,2,0.0
583485600352,P1-fast-idle,446,869,0,1,2,0.0
583485770560,P1-fast-idle,446,869,0,1,2,0.0
583485940568,P1-fast-idle,446,869,0,1,2,0.0
583486110195,P1-fast-idle,447,870,0,1,2,0.0
583486284912,P1-fast-idle,447,870,0,1,2,0.0
583486461031,P1-fast-idle,447,870,0,1,2,0.0
583486637852,P1-fast-idle,447,870,0,1,2,0.0
583486808511,P1-fast-idle,447,870,0,1,2,0.0
583486978910,P1-fast-idle,447,870,0,1,2,0.0
583487150320,P1-fast-idle,448,871,0,1,2,0.0
583487324325,P1-fast-idle,448,871,0,1,2,0.0
583487499313,P1-fast-idle,448,871,0,1,2,0.0
583487669551,P1-fast-idle,448,871,0,1,2,0.0
583487839469,P1-fast-idle,448,871,0,1,2,0.0
583488010579,P1-fast-idle,448,871,0,1,2,0.0
583488181268,P1-fast-idle,449,872,0,1,2,0.0
583488352618,P1-fast-idle,449,872,0,1,2,0.0
583488523708,P1-fast-idle,449,872,0,1,2,0.0
583488693786,P1-fast-idle,449,872,0,1,2,0.0
583488863664,P1-fast-idle,449,872,0,1,2,0.0
583489034954,P1-fast-idle,449,872,0,1,2,0.0
583489205884,P1-fast-idle,450,873,0,1,2,0.0
583489377625,P1-fast-idle,450,873,0,1,2,0.0
583489548444,P1-fast-idle,450,873,0,1,2,0.0
583489718172,P1-fast-idle,450,873,0,1,2,0.0
583489896375,P1-fast-idle,450,873,0,1,2,0.0
583490066994,P1-fast-idle,450,873,0,1,2,0.0
583490237893,P1-fast-idle,451,874,0,1,2,0.0
583490409545,P1-fast-idle,451,874,0,1,2,0.0
583490580474,P1-fast-idle,451,874,0,1,2,0.0
583490754610,P1-fast-idle,451,874,0,1,2,0.0
583490924928,P1-fast-idle,451,874,0,1,2,0.0
583491096389,P1-fast-idle,451,874,0,1,2,0.0
583491266697,P1-fast-idle,451,874,0,1,2,0.0
583491438579,P1-fast-idle,452,875,0,1,2,0.0
583491609529,P1-fast-idle,452,875,0,1,2,0.0
583491779827,P1-fast-idle,452,875,0,1,2,0.0
583491954343,P1-fast-idle,452,875,0,1,2,0.0
583492125674,P1-fast-idle,452,875,0,1,2,0.0
583492308305,P1-fast-idle,452,875,0,1,2,0.0
583492482891,P1-fast-idle,453,877,0,1,2,0.0
583492653441,P1-fast-idle,453,877,0,1,2,0.0
583492823418,P1-fast-idle,453,877,0,1,2,0.0
583492993136,P1-fast-idle,453,877,0,1,2,0.0
583493164386,P1-fast-idle,453,877,0,1,2,0.0
583493336217,P1-fast-idle,453,877,0,1,2,0.0
583493508028,P1-fast-idle,454,878,0,1,2,0.0
583493678477,P1-fast-idle,454,878,0,1,2,0.0
583493848445,P1-fast-idle,454,878,0,1,2,0.0
583494019425,P1-fast-idle,454,878,0,1,2,0.0
583494193771,P1-fast-idle,454,878,0,1,2,0.0
583494365161,P1-fast-idle,454,878,0,1,2,0.0
583494536462,P1-fast-idle,455,879,0,1,2,0.0
583494706600,P1-fast-idle,455,879,0,1,2,0.0
583494876567,P1-fast-idle,455,879,0,1,2,0.0
583495047878,P1-fast-idle,455,879,0,1,2,0.0
583495217966,P1-fast-idle,455,879,0,1,2,0.0
583495389186,P1-fast-idle,455,879,0,1,2,0.0
583495564654,P1-fast-idle,456,880,0,1,2,0.0
583495735464,P1-fast-idle,456,880,0,1,2,0.0
583495905872,P1-fast-idle,456,880,0,1,2,0.0
583496077533,P1-fast-idle,456,880,0,1,2,0.0
583496247771,P1-fast-idle,456,880,0,1,2,0.0
583496419492,P1-fast-idle,456,880,0,1,2,0.0
583496590292,P1-fast-idle,456,880,0,1,2,0.0
583496761612,P1-fast-idle,457,881,0,1,2,0.0
583496931981,P1-fast-idle,457,881,0,1,2,0.0
583497103131,P1-fast-idle,457,881,0,1,2,0.0
583497273480,P1-fast-idle,457,881,0,1,2,0.0
583497451602,P1-fast-idle,457,881,0,1,2,0.0
583497622813,P1-fast-idle,457,881,0,1,2,0.0
583497793853,P1-fast-idle,458,882,0,1,2,0.0
583497964682,P1-fast-idle,458,882,0,1,2,0.0
583498135852,P1-fast-idle,458,882,0,1,2,0.0
583498305569,P1-fast-idle,458,882,0,1,2,0.0
583498474736,P1-fast-idle,458,882,0,1,2,0.0
583498639844,P1-fast-idle,458,882,0,1,2,0.0
583498805965,P1-fast-idle,459,883,0,1,2,0.0
583498971034,P1-fast-idle,459,883,0,1,2,0.0
583499194131,P1-fast-idle,459,883,0,1,2,0.0
583499365661,P1-fast-idle,459,883,0,1,2,0.0
583499536471,P1-fast-idle,459,883,0,1,2,0.0
583499706679,P1-fast-idle,459,883,0,1,2,0.0
583499877338,P1-fast-idle,460,884,0,1,2,0.0
583500048679,P1-fast-idle,460,884,0,1,2,0.0
583500218737,P1-fast-idle,460,884,0,1,2,0.0
583500391099,P1-fast-idle,460,884,0,1,2,0.0
583500562179,P1-fast-idle,460,884,0,1,2,0.0
583500732187,P1-fast-idle,460,884,0,1,2,0.0
583500907435,P1-fast-idle,461,885,0,1,2,0.0
583501078995,P1-fast-idle,461,885,0,1,2,0.0
583501249404,P1-fast-idle,461,885,0,1,2,0.0
583501420824,P1-fast-idle,461,885,0,1,2,0.0
583501591674,P1-fast-idle,461,885,0,1,2,0.0
583501761872,P1-fast-idle,461,885,0,1,2,0.0
583501932181,P1-fast-idle,461,885,0,1,2,0.0
583502103812,P1-fast-idle,462,886,0,1,2,0.0
583502274040,P1-fast-idle,462,886,0,1,2,0.0
583502446021,P1-fast-idle,462,886,0,1,2,0.0
583502616881,P1-fast-idle,462,886,0,1,2,0.0
583502787190,P1-fast-idle,462,886,0,1,2,0.0
583502961235,P1-fast-idle,462,886,0,1,2,0.0
583503140139,P1-fast-idle,463,887,0,1,2,0.0
583503321018,P1-fast-idle,463,887,0,1,2,0.0
583503493049,P1-fast-idle,463,887,0,1,2,0.0
583503663598,P1-fast-idle,463,887,0,1,2,0.0
583503833636,P1-fast-idle,463,887,0,1,2,0.0
583504004025,P1-fast-idle,463,887,0,1,2,0.0
583504179002,P1-fast-idle,464,888,0,1,2,0.0
583504350583,P1-fast-idle,464,888,0,1,2,0.0
583504521643,P1-fast-idle,464,888,0,1,2,0.0
583504691741,P1-fast-idle,464,888,0,1,2,0.0
583504861969,P1-fast-idle,464,888,0,1,2,0.0
583505033350,P1-fast-idle,464,888,0,1,2,0.0
583505203938,P1-fast-idle,465,889,0,1,2,0.0
583505375590,P1-fast-idle,465,889,0,1,2,0.0
583505546269,P1-fast-idle,465,889,0,1,2,0.0
583505716377,P1-fast-idle,465,889,0,1,2,0.0
583505886505,P1-fast-idle,465,889,0,1,2,0.0
583506057625,P1-fast-idle,465,889,0,1,2,0.0
583506227773,P1-fast-idle,465,889,0,1,2,0.0
583506397641,P1-fast-idle,466,890,0,1,2,0.0
583506573189,P1-fast-idle,466,890,0,1,2,0.0
583506743728,P1-fast-idle,466,890,0,1,2,0.0
583506914056,P1-fast-idle,466,890,0,1,2,0.0
583507085256,P1-fast-idle,466,890,0,1,2,0.0
583507255314,P1-fast-idle,466,890,0,1,2,0.0
583507426745,P1-fast-idle,467,892,0,1,2,0.0
583507601542,P1-fast-idle,467,892,0,1,2,0.0
583507771840,P1-fast-idle,467,892,0,1,2,0.0
583507941958,P1-fast-idle,467,892,0,1,2,0.0
583508113239,P1-fast-idle,467,892,0,1,2,0.0
583508290410,P1-fast-idle,467,892,0,1,2,0.0
583508468002,P1-fast-idle,468,893,0,1,2,0.0
583508638841,P1-fast-idle,468,893,0,1,2,0.0
583508809090,P1-fast-idle,468,893,0,1,2,0.0
583508978957,P1-fast-idle,468,893,0,1,2,0.0
583509149987,P1-fast-idle,468,893,0,1,2,0.0
583509327559,P1-fast-idle,468,893,0,1,2,0.0
583509499280,P1-fast-idle,469,894,0,1,2,0.0
583509669709,P1-fast-idle,469,894,0,1,2,0.0
583509839767,P1-fast-idle,469,894,0,1,2,0.0
583510010076,P1-fast-idle,469,894,0,1,2,0.0
583510180474,P1-fast-idle,469,894,0,1,2,0.0
583510352105,P1-fast-idle,469,894,0,1,2,0.0
583510523436,P1-fast-idle,470,895,0,1,2,0.0
583510693884,P1-fast-idle,470,895,0,1,2,0.0
583510868210,P1-fast-idle,470,895,0,1,2,0.0
583511039400,P1-fast-idle,470,895,0,1,2,0.0
583511209498,P1-fast-idle,470,895,0,1,2,0.0
583511381009,P1-fast-idle,470,895,0,1,2,0.0
583511551919,P1-fast-idle,470,895,0,1,2,0.0
583511720804,P1-fast-idle,471,896,0,1,2,0.0
583511891343,P1-fast-idle,471,896,0,1,2,0.0
583512062033,P1-fast-idle,471,896,0,1,2,0.0
583512232942,P1-fast-idle,471,896,0,1,2,0.0
583512404222,P1-fast-idle,471,896,0,1,2,0.0
583512575312,P1-fast-idle,471,896,0,1,2,0.0
583512745931,P1-fast-idle,472,897,0,1,2,0.0
583512916320,P1-fast-idle,472,897,0,1,2,0.0
583513086989,P1-fast-idle,472,897,0,1,2,0.0
583513258239,P1-fast-idle,472,897,0,1,2,0.0
583513429970,P1-fast-idle,472,897,0,1,2,0.0
583513600299,P1-fast-idle,472,897,0,1,2,0.0
583513771018,P1-fast-idle,473,898,0,1,2,0.0
583513945434,P1-fast-idle,473,898,0,1,2,0.0
583514116294,P1-fast-idle,473,898,0,1,2,0.0
583514297613,P1-fast-idle,473,898,0,1,2,0.0
583514472009,P1-fast-idle,473,898,0,1,2,0.0
583514642378,P1-fast-idle,473,898,0,1,2,0.0
583514813046,P1-fast-idle,474,899,0,1,2,0.0
583514983576,P1-fast-idle,474,899,0,1,2,0.0
583515154866,P1-fast-idle,474,899,0,1,2,0.0
583515325925,P1-fast-idle,474,899,0,1,2,0.0
583515496635,P1-fast-idle,474,899,0,1,2,0.0
583515666703,P1-fast-idle,474,899,0,1,2,0.0
583515839887,P1-fast-idle,474,899,0,1,2,0.0
583516009303,P1-fast-idle,475,900,0,1,2,0.0
583516179993,P1-fast-idle,475,900,0,1,2,0.0
583516351874,P1-fast-idle,475,900,0,1,2,0.0
583516523295,P1-fast-idle,475,900,0,1,2,0.0
583516699123,P1-fast-idle,475,900,0,1,2,0.0
583516870364,P1-fast-idle,475,900,0,1,2,0.0
583517042315,P1-fast-idle,476,901,0,1,2,0.0
583517212754,P1-fast-idle,476,901,0,1,2,0.0
583517384285,P1-fast-idle,476,901,0,1,2,0.0
583517561185,P1-fast-idle,476,901,0,1,2,0.0
583517731714,P1-fast-idle,476,901,0,1,2,0.0
583517901832,P1-fast-idle,476,901,0,1,2,0.0
583518073834,P1-fast-idle,477,902,0,1,2,0.0
583518244573,P1-fast-idle,477,902,0,1,2,0.0
583518415823,P1-fast-idle,477,902,0,1,2,0.0
583518586222,P1-fast-idle,477,902,0,1,2,0.0
583518756240,P1-fast-idle,477,902,0,1,2,0.0
583518926548,P1-fast-idle,477,902,0,1,2,0.0
583519097137,P1-fast-idle,478,903,0,1,2,0.0
583519267456,P1-fast-idle,478,903,0,1,2,0.0
583519442844,P1-fast-idle,478,903,0,1,2,0.0
583519613843,P1-fast-idle,478,903,0,1,2,0.0
583519784593,P1-fast-idle,478,903,0,1,2,0.0
583519954871,P1-fast-idle,478,903,0,1,2,0.0
583520125611,P1-fast-idle,479,904,0,1,2,0.0
583520308302,P1-fast-idle,479,904,0,1,2,0.0
583520482027,P1-fast-idle,479,904,0,1,2,0.0
583520652646,P1-fast-idle,479,904,0,1,2,0.0
583520822894,P1-fast-idle,479,904,0,1,2,0.0
583520997321,P1-fast-idle,479,904,0,1,2,0.0
583521168581,P1-fast-idle,479,904,0,1,2,0.0
583521338468,P1-fast-idle,480,905,0,1,2,0.0
583521509208,P1-fast-idle,480,905,0,1,2,0.0
583521679596,P1-fast-idle,480,905,0,1,2,0.0
583521849945,P1-fast-idle,480,905,0,1,2,0.0
583522020394,P1-fast-idle,480,905,0,1,2,0.0
583522190662,P1-fast-idle,480,905,0,1,2,0.0
583522366801,P1-fast-idle,481,906,0,1,2,0.0
583522538192,P1-fast-idle,481,906,0,1,2,0.0
583522708480,P1-fast-idle,481,906,0,1,2,0.0
583522879179,P1-fast-idle,481,906,0,1,2,0.0
583523050650,P1-fast-idle,481,906,0,1,2,0.0
583523220788,P1-fast-idle,481,906,0,1,2,0.0
583523392760,P1-fast-idle,482,908,0,1,2,0.0
583523563809,P1-fast-idle,482,908,0,1,2,0.0
583523734218,P1-fast-idle,482,908,0,1,2,0.0
583523904867,P1-fast-idle,482,908,0,1,2,0.0
583524076058,P1-fast-idle,482,908,0,1,2,0.0
583524250433,P1-fast-idle,482,908,0,1,2,0.0
583524421794,P1-fast-idle,483,909,0,1,2,0.0
583524592343,P1-fast-idle,483,909,0,1,2,0.0
583524762802,P1-fast-idle,483,909,0,1,2,0.0
583524937088,P1-fast-idle,483,909,0,1,2,0.0
583525108277,P1-fast-idle,483,909,0,1,2,0.0
583525278466,P1-fast-idle,483,909,0,1,2,0.0
583525448784,P1-fast-idle,483,909,0,1,2,0.0
583525619504,P1-fast-idle,484,910,0,1,2,0.0
583525790203,P1-fast-idle,484,910,0,1,2,0.0
583525960711,P1-fast-idle,484,910,0,1,2,0.0
583526131992,P1-fast-idle,484,910,0,1,2,0.0
583526302490,P1-fast-idle,484,910,0,1,2,0.0
583526473040,P1-fast-idle,484,910,0,1,2,0.0
583526643789,P1-fast-idle,485,911,0,1,2,0.0
583526814719,P1-fast-idle,485,911,0,1,2,0.0
583526985598,P1-fast-idle,485,911,0,1,2,0.0
583527157099,P1-fast-idle,485,911,0,1,2,0.0
583527327287,P1-fast-idle,485,911,0,1,2,0.0
583527497455,P1-fast-idle,485,911,0,1,2,0.0
583527671921,P1-fast-idle,486,912,0,1,2,0.0
583527842420,P1-fast-idle,486,912,0,1,2,0.0
583528012799,P1-fast-idle,486,912,0,1,2,0.0
583528183338,P1-fast-idle,486,912,0,1,2,0.0
583528357273,P1-fast-idle,486,912,0,1,2,0.0
583528527662,P1-fast-idle,486,912,0,1,2,0.0
583528698040,P1-fast-idle,487,913,0,1,2,0.0
583528868399,P1-fast-idle,487,913,0,1,2,0.0
583529039549,P1-fast-idle,487,913,0,1,2,0.0
583529210118,P1-fast-idle,487,913,0,1,2,0.0
583529380637,P1-fast-idle,487,913,0,1,2,0.0
583529550975,P1-fast-idle,487,913,0,1,2,0.0
583529721363,P1-fast-idle,487,913,0,1,2,0.0
583529890209,P1-fast-idle,488,914,0,1,2,0.0
583530061650,P1-fast-idle,488,914,0,1,2,0.0
583530227330,P1-fast-idle,488,914,0,1,2,0.0
583530396055,P1-fast-idle,488,914,0,1,2,0.0
583530561154,P1-fast-idle,488,914,0,1,2,0.0
583530726242,P1-fast-idle,488,914,0,1,2,0.0
583530894918,P1-fast-idle,489,915,0,1,2,0.0
583531032606,P1-fast-idle,489,915,0,1,2,0.0
583531207613,P1-fast-idle,489,915,0,1,2,0.0
583531377310,P1-fast-idle,489,915,0,1,2,0.0
583531545905,P1-fast-idle,489,915,0,1,2,0.0
583531714140,P1-fast-idle,489,915,0,1,2,0.0
583531882835,P1-fast-idle,490,916,0,1,2,0.0
583532052001,P1-fast-idle,490,916,0,1,2,0.0
583532220166,P1-fast-idle,490,916,0,1,2,0.0
583532388280,P1-fast-idle,490,916,0,1,2,0.0
583532556114,P1-fast-idle,490,916,0,1,2,0.0
583532724138,P1-fast-idle,490,916,0,1,2,0.0
583532892092,P1-fast-idle,490,916,0,1,2,0.0
583533061179,P1-fast-idle,491,917,0,1,2,0.0
583533229493,P1-fast-idle,491,917,0,1,2,0.0
583533398599,P1-fast-idle,491,917,0,1,2,0.0
583533567195,P1-fast-idle,491,917,0,1,2,0.0
583533734828,P1-fast-idle,491,917,0,1,2,0.0
583533903013,P1-fast-idle,491,917,0,1,2,0.0
583534072079,P1-fast-idle,492,918,0,1,2,0.0
583534248529,P1-fast-idle,492,918,0,1,2,0.0
583534417244,P1-fast-idle,492,918,0,1,2,0.0
583534584998,P1-fast-idle,492,918,0,1,2,0.0
583534752992,P1-fast-idle,492,918,0,1,2,0.0
583534920716,P1-fast-idle,492,918,0,1,2,0.0
583535088670,P1-fast-idle,493,919,0,1,2,0.0
583535256834,P1-fast-idle,493,919,0,1,2,0.0
583535425109,P1-fast-idle,493,919,0,1,2,0.0
583535596630,P1-fast-idle,493,919,0,1,2,0.0
583535764514,P1-fast-idle,493,919,0,1,2,0.0
583535932297,P1-fast-idle,493,919,0,1,2,0.0
583536100923,P1-fast-idle,493,919,0,1,2,0.0
583536269668,P1-fast-idle,494,920,0,1,2,0.0
583536438374,P1-fast-idle,494,920,0,1,2,0.0
583536606097,P1-fast-idle,494,920,0,1,2,0.0
583536774051,P1-fast-idle,494,920,0,1,2,0.0
583536942536,P1-fast-idle,494,920,0,1,2,0.0
583537111703,P1-fast-idle,494,920,0,1,2,0.0
583537280569,P1-fast-idle,495,921,0,1,2,0.0
583537452650,P1-fast-idle,495,921,0,1,2,0.0
583537621376,P1-fast-idle,495,921,0,1,2,0.0
583537789290,P1-fast-idle,495,921,0,1,2,0.0
583537957134,P1-fast-idle,495,921,0,1,2,0.0
583538126070,P1-fast-idle,495,921,0,1,2,0.0
583538296689,P1-fast-idle,495,921,0,1,2,0.0
583538466015,P1-fast-idle,496,923,0,1,2,0.0
583538634370,P1-fast-idle,496,923,0,1,2,0.0
583538802434,P1-fast-idle,496,923,0,1,2,0.0
583538970469,P1-fast-idle,496,923,0,1,2,0.0
583539143312,P1-fast-idle,496,923,0,1,2,0.0
583539320333,P1-fast-idle,496,923,0,1,2,0.0
583539490441,P1-fast-idle,497,924,0,1,2,0.0
583539659076,P1-fast-idle,497,924,0,1,2,0.0
583539827191,P1-fast-idle,497,924,0,1,2,0.0
583539995024,P1-fast-idle,497,924,0,1,2,0.0
583540163940,P1-fast-idle,497,924,0,1,2,0.0
583540332926,P1-fast-idle,497,924,0,1,2,0.0
583540502423,P1-fast-idle,498,925,0,1,2,0.0
583540670868,P1-fast-idle,498,925,0,1,2,0.0
583540842810,P1-fast-idle,498,925,0,1,2,0.0
583541014090,P1-fast-idle,498,925,0,1,2,0.0
583541182625,P1-fast-idle,498,925,0,1,2,0.0
583541351801,P1-fast-idle,498,925,0,1,2,0.0
583541520898,P1-fast-idle,499,926,0,1,2,0.0
583541689423,P1-fast-idle,499,926,0,1,2,0.0
583541857327,P1-fast-idle,499,926,0,1,2,0.0
583542026102,P1-fast-idle,499,926,0,1,2,0.0
583542194126,P1-fast-idle,499,926,0,1,2,0.0
583542363723,P1-fast-idle,499,926,0,1,2,0.0
583542547687,P1-fast-idle,500,927,0,1,2,0.0
583542716363,P1-fast-idle,500,927,0,1,2,0.0
583542884548,P1-fast-idle,500,927,0,1,2,0.0
583543053193,P1-fast-idle,500,927,0,1,2,0.0
583543221207,P1-fast-idle,500,927,0,1,2,0.0
583543390494,P1-fast-idle,500,927,0,1,2,0.0
583543559840,P1-fast-idle,500,927,0,1,2,0.0
583543728866,P1-fast-idle,501,928,0,1,2,0.0
583543897522,P1-fast-idle,501,928,0,1,2,0.0
583544070535,P1-fast-idle,501,928,0,1,2,0.0
583544238479,P1-fast-idle,501,928,0,1,2,0.0
583544407986,P1-fast-idle,501,928,0,1,2,0.0
583544576571,P1-fast-idle,501,928,0,1,2,0.0
583544744996,P1-fast-idle,502,929,0,1,2,0.0
583544913782,P1-fast-idle,502,929,0,1,2,0.0
583545082738,P1-fast-idle,502,929,0,1,2,0.0
583545251283,P1-fast-idle,502,929,0,1,2,0.0
583545421000,P1-fast-idle,502,929,0,1,2,0.0
583545589506,P1-fast-idle,502,929,0,1,2,0.0
583545757760,P1-fast-idle,503,930,0,1,2,0.0
583545925955,P1-fast-idle,503,930,0,1,2,0.0
583546095481,P1-fast-idle,503,930,0,1,2,0.0
583546263456,P1-fast-idle,503,930,0,1,2,0.0
583546437060,P1-fast-idle,503,930,0,1,2,0.0
583546605615,P1-fast-idle,503,930,0,1,2,0.0
583546773750,P1-fast-idle,503,930,0,1,2,0.0
583546942605,P1-fast-idle,504,931,0,1,2,0.0
583547112102,P1-fast-idle,504,931,0,1,2,0.0
583547284525,P1-fast-idle,504,931,0,1,2,0.0
583547461326,P1-fast-idle,504,931,0,1,2,0.0
583547630001,P1-fast-idle,504,931,0,1,2,0.0
583547798616,P1-fast-idle,504,931,0,1,2,0.0
583547967562,P1-fast-idle,505,932,0,1,2,0.0
583548136778,P1-fast-idle,505,932,0,1,2,0.0
583548312638,P1-fast-idle,505,932,0,1,2,0.0
583548484328,P1-fast-idle,505,932,0,1,2,0.0
583548652814,P1-fast-idle,505,932,0,1,2,0.0
583548820748,P1-fast-idle,505,932,0,1,2,0.0
583548989072,P1-fast-idle,506,933,0,1,2,0.0
583549158359,P1-fast-idle,506,933,0,1,2,0.0
583549327655,P1-fast-idle,506,933,0,1,2,0.0
583549496401,P1-fast-idle,506,933,0,1,2,0.0
583549664465,P1-fast-idle,506,933,0,1,2,0.0
583549833110,P1-fast-idle,506,933,0,1,2,0.0
583550017495,P1-fast-idle,507,934,0,1,2,0.0
583550186571,P1-fast-idle,507,934,0,1,2,0.0
583550356139,P1-fast-idle,507,934,0,1,2,0.0
583550524934,P1-fast-idle,507,934,0,1,2,0.0
583550696465,P1-fast-idle,507,934,0,1,2,0.0
583550864880,P1-fast-idle,507,934,0,1,2,0.0
583551034116,P1-fast-idle,507,934,0,1,2,0.0
583551203263,P1-fast-idle,508,935,0,1,2,0.0
583551373020,P1-fast-idle,508,935,0,1,2,0.0
583551541696,P1-fast-idle,508,935,0,1,2,0.0
583551709770,P1-fast-idle,508,935,0,1,2,0.0
583551881962,P1-fast-idle,508,935,0,1,2,0.0
583552051248,P1-fast-idle,508,935,0,1,2,0.0
583552220505,P1-fast-idle,509,936,0,1,2,0.0
583552390563,P1-fast-idle,509,936,0,1,2,0.0
583552559158,P1-fast-idle,509,936,0,1,2,0.0
583552727342,P1-fast-idle,509,936,0,1,2,0.0
583552895727,P1-fast-idle,509,936,0,1,2,0.0
583553064643,P1-fast-idle,509,936,0,1,2,0.0
583553233529,P1-fast-idle,510,937,0,1,2,0.0
583553403326,P1-fast-idle,510,937,0,1,2,0.0
583553572463,P1-fast-idle,510,937,0,1,2,0.0
583553740667,P1-fast-idle,510,937,0,1,2,0.0
583553908421,P1-fast-idle,510,937,0,1,2,0.0
583554090391,P1-fast-idle,510,937,0,1,2,0.0
583554259828,P1-fast-idle,510,937,0,1,2,0.0
583554430527,P1-fast-idle,511,938,0,1,2,0.0
583554601517,P1-fast-idle,511,938,0,1,2,0.0
583554771845,P1-fast-idle,511,938,0,1,2,0.0
583554941974,P1-fast-idle,511,938,0,1,2,0.0
583555113254,P1-fast-idle,511,938,0,1,2,0.0
583555288932,P1-fast-idle,511,938,0,1,2,0.0
583555461234,P1-fast-idle,512,940,0,1,2,0.0
583555632164,P1-fast-idle,512,940,0,1,2,0.0
583555802252,P1-fast-idle,512,940,0,1,2,0.0
583555972130,P1-fast-idle,512,940,0,1,2,0.0
583556143240,P1-fast-idle,512,940,0,1,2,0.0
583556319499,P1-fast-idle,512,940,0,1,2,0.0
583556491541,P1-fast-idle,513,941,0,1,2,0.0
583556662441,P1-fast-idle,513,941,0,1,2,0.0
583556832819,P1-fast-idle,513,941,0,1,2,0.0
583557003338,P1-fast-idle,513,941,0,1,2,0.0
583557174889,P1-fast-idle,513,941,0,1,2,0.0
583557352811,P1-fast-idle,513,941,0,1,2,0.0
583557524322,P1-fast-idle,514,942,0,1,2,0.0
583557694691,P1-fast-idle,514,942,0,1,2,0.0
583557864438,P1-fast-idle,514,942,0,1,2,0.0
583558035207,P1-fast-idle,514,942,0,1,2,0.0
583558205236,P1-fast-idle,514,942,0,1,2,0.0
583558376666,P1-fast-idle,514,942,0,1,2,0.0
583558559548,P1-fast-idle,515,943,0,1,2,0.0
583558730448,P1-fast-idle,515,943,0,1,2,0.0
583558900556,P1-fast-idle,515,943,0,1,2,0.0
583559071746,P1-fast-idle,515,943,0,1,2,0.0
583559242034,P1-fast-idle,515,943,0,1,2,0.0
583559413355,P1-fast-idle,515,943,0,1,2,0.0
583559584464,P1-fast-idle,515,943,0,1,2,0.0
583559755134,P1-fast-idle,516,944,0,1,2,0.0
583559925472,P1-fast-idle,516,944,0,1,2,0.0
583560096512,P1-fast-idle,516,944,0,1,2,0.0
583560266851,P1-fast-idle,516,944,0,1,2,0.0
583560438361,P1-fast-idle,516,944,0,1,2,0.0
583560609481,P1-fast-idle,516,944,0,1,2,0.0
583560784238,P1-fast-idle,517,945,0,1,2,0.0
583560958203,P1-fast-idle,517,945,0,1,2,0.0
583561129784,P1-fast-idle,517,945,0,1,2,0.0
583561308218,P1-fast-idle,517,945,0,1,2,0.0
583561482073,P1-fast-idle,517,945,0,1,2,0.0
583561652642,P1-fast-idle,517,945,0,1,2,0.0
583561823291,P1-fast-idle,518,946,0,1,2,0.0
583561993900,P1-fast-idle,518,946,0,1,2,0.0
583562164689,P1-fast-idle,518,946,0,1,2,0.0
583562336340,P1-fast-idle,518,946,0,1,2,0.0
583562507160,P1-fast-idle,518,946,0,1,2,0.0
583562677538,P1-fast-idle,518,946,0,1,2,0.0
583562852395,P1-fast-idle,519,947,0,1,2,0.0
583563023235,P1-fast-idle,519,947,0,1,2,0.0
583563193633,P1-fast-idle,519,947,0,1,2,0.0
583563365024,P1-fast-idle,519,947,0,1,2,0.0
583563536304,P1-fast-idle,519,947,0,1,2,0.0
583563706993,P1-fast-idle,519,947,0,1,2,0.0
583563878654,P1-fast-idle,519,947,0,1,2,0.0
583564052559,P1-fast-idle,520,948,0,1,2,0.0
583564222998,P1-fast-idle,520,948,0,1,2,0.0
583564394449,P1-fast-idle,520,948,0,1,2,0.0
583564565498,P1-fast-idle,520,948,0,1,2,0.0
583564736418,P1-fast-idle,520,948,0,1,2,0.0
583564906476,P1-fast-idle,520,948,0,1,2,0.0
583565077917,P1-fast-idle,521,949,0,1,2,0.0
583565248366,P1-fast-idle,521,949,0,1,2,0.0
583565419836,P1-fast-idle,521,949,0,1,2,0.0
583565590946,P1-fast-idle,521,949,0,1,2,0.0
583565761234,P1-fast-idle,521,949,0,1,2,0.0
583565932224,P1-fast-idle,521,949,0,1,2,0.0
583566103314,P1-fast-idle,522,950,0,1,2,0.0
583566273502,P1-fast-idle,522,950,0,1,2,0.0
583566445424,P1-fast-idle,522,950,0,1,2,0.0
583566616614,P1-fast-idle,522,950,0,1,2,0.0
583566786792,P1-fast-idle,522,950,0,1,2,0.0
583566957301,P1-fast-idle,522,950,0,1,2,0.0
583567128601,P1-fast-idle,523,951,0,1,2,0.0
583567307105,P1-fast-idle,523,951,0,1,2,0.0
583567486230,P1-fast-idle,523,951,0,1,2,0.0
583567656829,P1-fast-idle,523,951,0,1,2,0.0
583567827017,P1-fast-idle,523,951,0,1,2,0.0
583567997296,P1-fast-idle,523,951,0,1,2,0.0
583568168456,P1-fast-idle,524,952,0,1,2,0.0
583568343173,P1-fast-idle,524,952,0,1,2,0.0
583568514302,P1-fast-idle,524,952,0,1,2,0.0
583568684901,P1-fast-idle,524,952,0,1,2,0.0
583568855120,P1-fast-idle,524,952,0,1,2,0.0
583569025819,P1-fast-idle,524,952,0,1,2,0.0
583569195997,P1-fast-idle,524,952,0,1,2,0.0
583569368329,P1-fast-idle,525,953,0,1,2,0.0
583569539530,P1-fast-idle,525,953,0,1,2,0.0
583569709537,P1-fast-idle,525,953,0,1,2,0.0
583569879535,P1-fast-idle,525,953,0,1,2,0.0
583570051086,P1-fast-idle,525,953,0,1,2,0.0
583570216505,P1-fast-idle,525,953,0,1,2,0.0
583570383818,P1-fast-idle,526,954,0,1,2,0.0
583570549638,P1-fast-idle,526,954,0,1,2,0.0
583570718784,P1-fast-idle,526,954,0,1,2,0.0
583570883984,P1-fast-idle,526,954,0,1,2,0.0
583571028674,P1-fast-idle,526,954,0,1,2,0.0
583571202279,P1-fast-idle,526,954,0,1,2,0.0
583571373960,P1-fast-idle,527,956,0,1,2,0.0
583571543046,P1-fast-idle,527,956,0,1,2,0.0
583571715769,P1-fast-idle,527,956,0,1,2,0.0
583571884504,P1-fast-idle,527,956,0,1,2,0.0
583572053500,P1-fast-idle,527,956,0,1,2,0.0
583572222026,P1-fast-idle,527,956,0,1,2,0.0
583572391583,P1-fast-idle,527,956,0,1,2,0.0
583572560819,P1-fast-idle,528,957,0,1,2,0.0
583572729154,P1-fast-idle,528,957,0,1,2,0.0
583572897418,P1-fast-idle,528,957,0,1,2,0.0
583573066585,P1-fast-idle,528,957,0,1,2,0.0
583573235090,P1-fast-idle,528,957,0,1,2,0.0
583573404797,P1-fast-idle,528,957,0,1,2,0.0
583573574214,P1-fast-idle,529,958,0,1,2,0.0
583573746957,P1-fast-idle,529,958,0,1,2,0.0
583573916324,P1-fast-idle,529,958,0,1,2,0.0
583574088957,P1-fast-idle,529,958,0,1,2,0.0
583574257281,P1-fast-idle,529,958,0,1,2,0.0
583574426838,P1-fast-idle,529,958,0,1,2,0.0
583574596285,P1-fast-idle,530,959,0,1,2,0.0
583574764720,P1-fast-idle,530,959,0,1,2,0.0
583574933035,P1-fast-idle,530,959,0,1,2,0.0
583575102121,P1-fast-idle,530,959,0,1,2,0.0
583575270375,P1-fast-idle,530,959,0,1,2,0.0
583575439492,P1-fast-idle,530,959,0,1,2,0.0
583575608177,P1-fast-idle,530,959,0,1,2,0.0
583575777103,P1-fast-idle,531,960,0,1,2,0.0
583575945328,P1-fast-idle,531,960,0,1,2,0.0
583576114554,P1-fast-idle,531,960,0,1,2,0.0
583576288269,P1-fast-idle,531,960,0,1,2,0.0
583576460020,P1-fast-idle,531,960,0,1,2,0.0
583576628675,P1-fast-idle,531,960,0,1,2,0.0
583576797481,P1-fast-idle,532,961,0,1,2,0.0
583576966527,P1-fast-idle,532,961,0,1,2,0.0
583577135904,P1-fast-idle,532,961,0,1,2,0.0
583577316892,P1-fast-idle,532,961,0,1,2,0.0
583577486590,P1-fast-idle,532,961,0,1,2,0.0
583577654744,P1-fast-idle,532,961,0,1,2,0.0
583577823449,P1-fast-idle,533,962,0,1,2,0.0
583577991774,P1-fast-idle,533,962,0,1,2,0.0
583578122928,P1-fast-idle,533,962,0,1,2,0.0
583578293236,P1-fast-idle,533,962,0,1,2,0.0
583578462874,P1-fast-idle,533,962,0,1,2,0.0
583578629926,P1-fast-idle,533,962,0,1,2,0.0
583578804041,P1-fast-idle,533,962,0,1,2,0.0
583578978999,P1-fast-idle,534,963,0,1,2,0.0
583579150680,P1-fast-idle,534,963,0,1,2,0.0
583579320878,P1-fast-idle,534,963,0,1,2,0.0
583579491377,P1-fast-idle,534,963,0,1,2,0.0
583579661164,P1-fast-idle,534,963,0,1,2,0.0
583579831102,P1-fast-idle,534,963,0,1,2,0.0
583580001501,P1-fast-idle,535,964,0,1,2,0.0
583580172420,P1-fast-idle,535,964,0,1,2,0.0
583580342669,P1-fast-idle,535,964,0,1,2,0.0
583580513177,P1-fast-idle,535,964,0,1,2,0.0
583580687263,P1-fast-idle,535,964,0,1,2,0.0
583580857672,P1-fast-idle,535,964,0,1,2,0.0
583581028571,P1-fast-idle,536,965,0,1,2,0.0
583581198819,P1-fast-idle,536,965,0,1,2,0.0
583581369088,P1-fast-idle,536,965,0,1,2,0.0
583581539156,P1-fast-idle,536,965,0,1,2,0.0
583581709264,P1-fast-idle,536,965,0,1,2,0.0
583581879011,P1-fast-idle,536,965,0,1,2,0.0
583582050161,P1-fast-idle,537,966,0,1,2,0.0
583582220329,P1-fast-idle,537,966,0,1,2,0.0
583582389987,P1-fast-idle,537,966,0,1,2,0.0
583582563481,P1-fast-idle,537,966,0,1,2,0.0
583582733660,P1-fast-idle,537,966,0,1,2,0.0
583582903517,P1-fast-idle,537,966,0,1,2,0.0
583583075338,P1-fast-idle,537,966,0,1,2,0.0
583583244014,P1-fast-idle,538,967,0,1,2,0.0
583583413972,P1-fast-idle,538,967,0,1,2,0.0
583583583489,P1-fast-idle,538,967,0,1,2,0.0
583583753536,P1-fast-idle,538,967,0,1,2,0.0
583583926861,P1-fast-idle,538,967,0,1,2,0.0
583584097700,P1-fast-idle,538,967,0,1,2,0.0
583584268149,P1-fast-idle,539,968,0,1,2,0.0
583584441473,P1-fast-idle,539,968,0,1,2,0.0
583584611391,P1-fast-idle,539,968,0,1,2,0.0
583584781248,P1-fast-idle,539,968,0,1,2,0.0
583584950906,P1-fast-idle,539,968,0,1,2,0.0
583585121715,P1-fast-idle,539,968,0,1,2,0.0
583585292124,P1-fast-idle,540,969,0,1,2,0.0
583585462292,P1-fast-idle,540,969,0,1,2,0.0
583585632169,P1-fast-idle,540,969,0,1,2,0.0
583585802638,P1-fast-idle,540,969,0,1,2,0.0
583585972275,P1-fast-idle,540,969,0,1,2,0.0
583586143285,P1-fast-idle,540,969,0,1,2,0.0
583586313854,P1-fast-idle,541,970,0,1,2,0.0
583586483892,P1-fast-idle,541,970,0,1,2,0.0
583586653439,P1-fast-idle,541,970,0,1,2,0.0
583586823797,P1-fast-idle,541,970,0,1,2,0.0
583586993705,P1-fast-idle,541,970,0,1,2,0.0
583587163392,P1-fast-idle,541,970,0,1,2,0.0
583587345072,P1-fast-idle,542,972,0,1,2,0.0
583587510372,P1-fast-idle,542,972,0,1,2,0.0
583587675120,P1-fast-idle,542,972,0,1,2,0.0
583587839837,P1-fast-idle,542,972,0,1,2,0.0
583588004886,P1-fast-idle,542,972,0,1,2,0.0
583588222884,P1-fast-idle,542,972,0,1,2,0.0
583588388253,P1-fast-idle,542,972,0,1,2,0.0
583588553853,P1-fast-idle,543,973,0,1,2,0.0
583588718781,P1-fast-idle,543,973,0,1,2,0.0
583588883709,P1-fast-idle,543,973,0,1,2,0.0
583589018532,P1-fast-idle,543,973,0,1,2,0.0
583589183530,P1-fast-idle,543,973,0,1,2,0.0
583589348258,P1-fast-idle,543,973,0,1,2,0.0
583589513447,P1-fast-idle,544,974,0,1,2,0.0
583589678285,P1-fast-idle,544,974,0,1,2,0.0
583589846901,P1-fast-idle,544,974,0,1,2,0.0
583590027708,P1-fast-idle,544,974,0,1,2,0.0
583590193819,P1-fast-idle,544,974,0,1,2,0.0
583590358497,P1-fast-idle,544,974,0,1,2,0.0
583590527553,P1-fast-idle,544,974,0,1,2,0.0
583590692852,P1-fast-idle,545,975,0,1,2,0.0
583590857660,P1-fast-idle,545,975,0,1,2,0.0
583591018120,P1-fast-idle,545,975,0,1,2,0.0
583591183300,P1-fast-idle,545,975,0,1,2,0.0
583591348178,P1-fast-idle,545,975,0,1,2,0.0
583591512836,P1-fast-idle,545,975,0,1,2,0.0
583591678375,P1-fast-idle,546,976,0,1,2,0.0
583591843374,P1-fast-idle,546,976,0,1,2,0.0
583592014123,P1-fast-idle,546,976,0,1,2,0.0
583592179422,P1-fast-idle,546,976,0,1,2,0.0
583592344501,P1-fast-idle,546,976,0,1,2,0.0
583592508918,P1-fast-idle,546,976,0,1,2,0.0
583592673877,P1-fast-idle,547,977,0,1,2,0.0
583592838905,P1-fast-idle,547,977,0,1,2,0.0
583593003563,P1-fast-idle,547,977,0,1,2,0.0
583593226260,P1-fast-idle,547,977,0,1,2,0.0
583593400546,P1-fast-idle,547,977,0,1,2,0.0
583593570934,P1-fast-idle,547,977,0,1,2,0.0
583593741192,P1-fast-idle,548,978,0,1,2,0.0
583593915168,P1-fast-idle,548,978,0,1,2,0.0
583594086007,P1-fast-idle,548,978,0,1,2,0.0
583594256135,P1-fast-idle,548,978,0,1,2,0.0
583594425722,P1-fast-idle,548,978,0,1,2,0.0
583594595730,P1-fast-idle,548,978,0,1,2,0.0
583594765959,P1-fast-idle,548,978,0,1,2,0.0
583594936147,P1-fast-idle,549,979,0,1,2,0.0
583595107297,P1-fast-idle,549,979,0,1,2,0.0
583595281543,P1-fast-idle,549,979,0,1,2,0.0
583595451591,P1-fast-idle,549,979,0,1,2,0.0
583595621579,P1-fast-idle,549,979,0,1,2,0.0
583595791466,P1-fast-idle,549,979,0,1,2,0.0
583595961744,P1-fast-idle,550,980,0,1,2,0.0
583596132694,P1-fast-idle,550,980,0,1,2,0.0
583596302702,P1-fast-idle,550,980,0,1,2,0.0
583596472450,P1-fast-idle,550,980,0,1,2,0.0
583596641956,P1-fast-idle,550,980,0,1,2,0.0
583596812005,P1-fast-idle,550,980,0,1,2,0.0
583596982664,P1-fast-idle,551,981,0,1,2,0.0
583597157531,P1-fast-idle,551,981,0,1,2,0.0
583597327809,P1-fast-idle,551,981,0,1,2,0.0
583597497927,P1-fast-idle,551,981,0,1,2,0.0
583597668075,P1-fast-idle,551,981,0,1,2,0.0
583597838404,P1-fast-idle,551,981,0,1,2,0.0
583598009143,P1-fast-idle,552,982,0,1,2,0.0
583598180544,P1-fast-idle,552,982,0,1,2,0.0
583598350912,P1-fast-idle,552,982,0,1,2,0.0
583598521281,P1-fast-idle,552,982,0,1,2,0.0
583598691208,P1-fast-idle,552,982,0,1,2,0.0
583598861226,P1-fast-idle,552,982,0,1,2,0.0
583599031475,P1-fast-idle,552,982,0,1,2,0.0
583599210730,P1-fast-idle,553,983,0,1,2,0.0
583599381109,P1-fast-idle,553,983,0,1,2,0.0
583599551187,P1-fast-idle,553,983,0,1,2,0.0
583599721685,P1-fast-idle,553,983,0,1,2,0.0
583599891844,P1-fast-idle,553,983,0,1,2,0.0
583600062492,P1-fast-idle,553,983,0,1,2,0.0
583600233482,P1-fast-idle,554,984,0,1,2,0.0
583600404121,P1-fast-idle,554,984,0,1,2,0.0
583600578227,P1-fast-idle,554,984,0,1,2,0.0
583600751531,P1-fast-idle,554,984,0,1,2,0.0
583600921699,P1-fast-idle,554,984,0,1,2,0.0
583601092639,P1-fast-idle,554,984,0,1,2,0.0
583601263629,P1-fast-idle,555,985,0,1,2,0.0
583601434448,P1-fast-idle,555,985,0,1,2,0.0
583601604526,P1-fast-idle,555,985,0,1,2,0.0
583601774874,P1-fast-idle,555,985,0,1,2,0.0
583601945163,P1-fast-idle,555,985,0,1,2,0.0
583602116223,P1-fast-idle,555,985,0,1,2,0.0
583602282073,P1-fast-idle,556,986,0,1,2,0.0
583602447592,P1-fast-idle,556,986,0,1,2,0.0
583602612591,P1-fast-idle,556,986,0,1,2,0.0
583602777379,P1-fast-idle,556,986,0,1,2,0.0
583602942277,P1-fast-idle,556,986,0,1,2,0.0
583603165124,P1-fast-idle,556,986,0,1,2,0.0
583603351413,P1-fast-idle,557,988,0,1,2,0.0
583603521961,P1-fast-idle,557,988,0,1,2,0.0
583603691979,P1-fast-idle,557,988,0,1,2,0.0
583603865985,P1-fast-idle,557,988,0,1,2,0.0
583604036824,P1-fast-idle,557,988,0,1,2,0.0
583604206932,P1-fast-idle,557,988,0,1,2,0.0
583604380046,P1-fast-idle,557,988,0,1,2,0.0
583604550835,P1-fast-idle,558,989,0,1,2,0.0
583604721094,P1-fast-idle,558,989,0,1,2,0.0
583604890601,P1-fast-idle,558,989,0,1,2,0.0
583605061300,P1-fast-idle,558,989,0,1,2,0.0
583605230897,P1-fast-idle,558,989,0,1,2,0.0
583605400845,P1-fast-idle,558,989,0,1,2,0.0
583605571203,P1-fast-idle,559,990,0,1,2,0.0
583605741482,P1-fast-idle,559,990,0,1,2,0.0
583605911369,P1-fast-idle,559,990,0,1,2,0.0
583606082349,P1-fast-idle,559,990,0,1,2,0.0
583606256014,P1-fast-idle,559,990,0,1,2,0.0
583606426232,P1-fast-idle,559,990,0,1,2,0.0
583606596561,P1-fast-idle,560,991,0,1,2,0.0
583606767069,P1-fast-idle,560,991,0,1,2,0.0
583606936957,P1-fast-idle,560,991,0,1,2,0.0
583607107636,P1-fast-idle,560,991,0,1,2,0.0
583607288065,P1-fast-idle,560,991,0,1,2,0.0
583607460027,P1-fast-idle,560,991,0,1,2,0.0
583607608202,P1-fast-idle,560,991,0,1,2,0.0
583607779493,P1-fast-idle,561,992,0,1,2,0.0
583607947988,P1-fast-idle,561,992,0,1,2,0.0
583608114629,P1-fast-idle,561,992,0,1,2,0.0
583608289035,P1-fast-idle,561,992,0,1,2,0.0
583608459634,P1-fast-idle,561,992,0,1,2,0.0
583608629823,P1-fast-idle,561,992,0,1,2,0.0
583608800752,P1-fast-idle,562,993,0,1,2,0.0
583608970830,P1-fast-idle,562,993,0,1,2,0.0
583609141569,P1-fast-idle,562,993,0,1,2,0.0
583609311598,P1-fast-idle,562,993,0,1,2,0.0
583609481445,P1-fast-idle,562,993,0,1,2,0.0
583609651102,P1-fast-idle,562,993,0,1,2,0.0
583609821271,P1-fast-idle,563,994,0,1,2,0.0
583609991268,P1-fast-idle,563,994,0,1,2,0.0
583610161777,P1-fast-idle,563,994,0,1,2,0.0
583610331915,P1-fast-idle,563,994,0,1,2,0.0
583610506401,P1-fast-idle,563,994,0,1,2,0.0
583610676620,P1-fast-idle,563,994,0,1,2,0.0
583610846548,P1-fast-idle,564,995,0,1,2,0.0
583611025652,P1-fast-idle,564,995,0,1,2,0.0
583611196011,P1-fast-idle,564,995,0,1,2,0.0
583611365518,P1-fast-idle,564,995,0,1,2,0.0
583611535356,P1-fast-idle,564,995,0,1,2,0.0
583611709211,P1-fast-idle,564,995,0,1,2,0.0
583611891261,P1-fast-idle,565,996,0,1,2,0.0
583612063072,P1-fast-idle,565,996,0,1,2,0.0
583612233230,P1-fast-idle,565,996,0,1,2,0.0
583612403208,P1-fast-idle,565,996,0,1,2,0.0
583612572725,P1-fast-idle,565,996,0,1,2,0.0
583612742713,P1-fast-idle,565,996,0,1,2,0.0
583612912721,P1-fast-idle,565,996,0,1,2,0.0
583613084272,P1-fast-idle,566,997,0,1,2,0.0
583613254380,P1-fast-idle,566,997,0,1,2,0.0
583613424979,P1-fast-idle,566,997,0,1,2,0.0
583613594967,P1-fast-idle,566,997,0,1,2,0.0
583613764694,P1-fast-idle,566,997,0,1,2,0.0
583613938670,P1-fast-idle,566,997,0,1,2,0.0
583614110360,P1-fast-idle,567,998,0,1,2,0.0
583614280799,P1-fast-idle,567,998,0,1,2,0.0
583614451058,P1-fast-idle,567,998,0,1,2,0.0
583614620925,P1-fast-idle,567,998,0,1,2,0.0
583614790773,P1-fast-idle,567,998,0,1,2,0.0
583614960951,P1-fast-idle,567,998,0,1,2,0.0
583615135177,P1-fast-idle,568,999,0,1,2,0.0
583615305375,P1-fast-idle,568,999,0,1,2,0.0
583615475463,P1-fast-idle,568,999,0,1,2,0.0
583615645271,P1-fast-idle,568,999,0,1,2,0.0
583615815268,P1-fast-idle,568,999,0,1,2,0.0
583615984996,P1-fast-idle,568,999,0,1,2,0.0
583616155635,P1-fast-idle,569,1000,0,1,2,0.0
583616325983,P1-fast-idle,569,1000,0,1,2,0.0
583616495992,P1-fast-idle,569,1000,0,1,2,0.0
583616665979,P1-fast-idle,569,1000,0,1,2,0.0
583616835877,P1-fast-idle,569,1000,0,1,2,0.0
583617005604,P1-fast-idle,569,1000,0,1,2,0.0
583617182656,P1-fast-idle,569,1000,0,1,2,0.0
583617353765,P1-fast-idle,570,1001,0,1,2,0.0
583617523573,P1-fast-idle,570,1001,0,1,2,0.0
583617693270,P1-fast-idle,570,1001,0,1,2,0.0
583617863048,P1-fast-idle,570,1001,0,1,2,0.0
583618033236,P1-fast-idle,570,1001,0,1,2,0.0
583618203073,P1-fast-idle,570,1001,0,1,2,0.0
583618373252,P1-fast-idle,571,1002,0,1,2,0.0
583618543670,P1-fast-idle,571,1002,0,1,2,0.0
583618713198,P1-fast-idle,571,1002,0,1,2,0.0
583618882694,P1-fast-idle,571,1002,0,1,2,0.0
583619053975,P1-fast-idle,571,1002,0,1,2,0.0
583619223862,P1-fast-idle,571,1002,0,1,2,0.0
583619394351,P1-fast-idle,572,1004,0,1,2,0.0
583619564369,P1-fast-idle,572,1004,0,1,2,0.0
583619734147,P1-fast-idle,572,1004,0,1,2,0.0
583619905176,P1-fast-idle,572,1004,0,1,2,0.0
583620076156,P1-fast-idle,572,1004,0,1,2,0.0
583620246605,P1-fast-idle,572,1004,0,1,2,0.0
583620417214,P1-fast-idle,573,1005,0,1,2,0.0
583620591159,P1-fast-idle,573,1005,0,1,2,0.0
583620761157,P1-fast-idle,573,1005,0,1,2,0.0
583620930934,P1-fast-idle,573,1005,0,1,2,0.0
583621101614,P1-fast-idle,573,1005,0,1,2,0.0
583621271672,P1-fast-idle,573,1005,0,1,2,0.0
583621441960,P1-fast-idle,573,1005,0,1,2,0.0
583621612599,P1-fast-idle,574,1006,0,1,2,0.0
583621782627,P1-fast-idle,574,1006,0,1,2,0.0
583621952204,P1-fast-idle,574,1006,0,1,2,0.0
583622123044,P1-fast-idle,574,1006,0,1,2,0.0
583622293322,P1-fast-idle,574,1006,0,1,2,0.0
583622467187,P1-fast-idle,574,1006,0,1,2,0.0
583622637736,P1-fast-idle,575,1007,0,1,2,0.0
583622807924,P1-fast-idle,575,1007,0,1,2,0.0
583622978082,P1-fast-idle,575,1007,0,1,2,0.0
583623148661,P1-fast-idle,575,1007,0,1,2,0.0
583623318990,P1-fast-idle,575,1007,0,1,2,0.0
583623489268,P1-fast-idle,575,1007,0,1,2,0.0
583623659897,P1-fast-idle,576,1008,0,1,2,0.0
583623833362,P1-fast-idle,576,1008,0,1,2,0.0
583624003089,P1-fast-idle,576,1008,0,1,2,0.0
583624173718,P1-fast-idle,576,1008,0,1,2,0.0
583624343936,P1-fast-idle,576,1008,0,1,2,0.0
583624513944,P1-fast-idle,576,1008,0,1,2,0.0
583624684213,P1-fast-idle,577,1009,0,1,2,0.0
583624854060,P1-fast-idle,577,1009,0,1,2,0.0
583625024439,P1-fast-idle,577,1009,0,1,2,0.0
583625194186,P1-fast-idle,577,1009,0,1,2,0.0
583625364425,P1-fast-idle,577,1009,0,1,2,0.0
583625534212,P1-fast-idle,577,1009,0,1,2,0.0
583625704471,P1-fast-idle,577,1009,0,1,2,0.0
583625875050,P1-fast-idle,578,1010,0,1,2,0.0
583626053553,P1-fast-idle,578,1010,0,1,2,0.0
583626223711,P1-fast-idle,578,1010,0,1,2,0.0
583626393579,P1-fast-idle,578,1010,0,1,2,0.0
583626567565,P1-fast-idle,578,1010,0,1,2,0.0
583626738294,P1-fast-idle,578,1010,0,1,2,0.0
583626908803,P1-fast-idle,579,1011,0,1,2,0.0
583627079912,P1-fast-idle,579,1011,0,1,2,0.0
583627253637,P1-fast-idle,579,1011,0,1,2,0.0
583627423916,P1-fast-idle,579,1011,0,1,2,0.0
583627593553,P1-fast-idle,579,1011,0,1,2,0.0
583627763671,P1-fast-idle,579,1011,0,1,2,0.0
583627937736,P1-fast-idle,580,1012,0,1,2,0.0
583628109127,P1-fast-idle,580,1012,0,1,2,0.0
583628278884,P1-fast-idle,580,1012,0,1,2,0.0
583628449113,P1-fast-idle,580,1012,0,1,2,0.0
583628618710,P1-fast-idle,580,1012,0,1,2,0.0
583628788978,P1-fast-idle,580,1012,0,1,2,0.0
583628959377,P1-fast-idle,581,1013,0,1,2,0.0
583629130337,P1-fast-idle,581,1013,0,1,2,0.0
583629300084,P1-fast-idle,581,1013,0,1,2,0.0
583629470913,P1-fast-idle,581,1013,0,1,2,0.0
583629641021,P1-fast-idle,581,1013,0,1,2,0.0
583629811721,P1-fast-idle,581,1013,0,1,2,0.0
583629981578,P1-fast-idle,581,1013,0,1,2,0.0
583630153089,P1-fast-idle,582,1014,0,1,2,0.0
583630323207,P1-fast-idle,582,1014,0,1,2,0.0
583630497353,P1-fast-idle,582,1014,0,1,2,0.0
583630667581,P1-fast-idle,582,1014,0,1,2,0.0
583630837870,P1-fast-idle,582,1014,0,1,2,0.0
583631008198,P1-fast-idle,582,1014,0,1,2,0.0
583631179117,P1-fast-idle,583,1015,0,1,2,0.0
583631349316,P1-fast-idle,583,1015,0,1,2,0.0
583631519404,P1-fast-idle,583,1015,0,1,2,0.0
583631689522,P1-fast-idle,583,1015,0,1,2,0.0
583631859770,P1-fast-idle,583,1015,0,1,2,0.0
583632030520,P1-fast-idle,583,1015,0,1,2,0.0
583632201429,P1-fast-idle,584,1016,0,1,2,0.0
583632371748,P1-fast-idle,584,1016,0,1,2,0.0
583632541836,P1-fast-idle,584,1016,0,1,2,0.0
583632711984,P1-fast-idle,584,1016,0,1,2,0.0
583632881962,P1-fast-idle,584,1016,0,1,2,0.0
583633052891,P1-fast-idle,584,1016,0,1,2,0.0
583633223560,P1-fast-idle,585,1017,0,1,2,0.0
583633397866,P1-fast-idle,585,1017,0,1,2,0.0
583633568395,P1-fast-idle,585,1017,0,1,2,0.0
583633738533,P1-fast-idle,585,1017,0,1,2,0.0
583633911497,P1-fast-idle,585,1017,0,1,2,0.0
583634082196,P1-fast-idle,585,1017,0,1,2,0.0
583634249990,P1-fast-idle,585,1017,0,1,2,0.0
583634418565,P1-fast-idle,586,1018,0,1,2,0.0
583634585908,P1-fast-idle,586,1018,0,1,2,0.0
583634754032,P1-fast-idle,586,1018,0,1,2,0.0
583634921786,P1-fast-idle,586,1018,0,1,2,0.0
583635091864,P1-fast-idle,586,1018,0,1,2,0.0
583635260529,P1-fast-idle,586,1018,0,1,2,0.0
583635429465,P1-fast-idle,587,1020,0,1,2,0.0
583635597820,P1-fast-idle,587,1020,0,1,2,0.0
583635765493,P1-fast-idle,587,1020,0,1,2,0.0
583635933267,P1-fast-idle,587,1020,0,1,2,0.0
583636102053,P1-fast-idle,587,1020,0,1,2,0.0
583636270257,P1-fast-idle,587,1020,0,1,2,0.0
583636438352,P1-fast-idle,588,1021,0,1,2,0.0
583636606196,P1-fast-idle,588,1021,0,1,2,0.0
583636774340,P1-fast-idle,588,1021,0,1,2,0.0
583636946492,P1-fast-idle,588,1021,0,1,2,0.0
583637116330,P1-fast-idle,588,1021,0,1,2,0.0
583637282069,P1-fast-idle,588,1021,0,1,2,0.0
583637469659,P1-fast-idle,588,1021,0,1,2,0.0
583637643384,P1-fast-idle,589,1022,0,1,2,0.0
583637812019,P1-fast-idle,589,1022,0,1,2,0.0
583637980204,P1-fast-idle,589,1022,0,1,2,0.0
583638147566,P1-fast-idle,589,1022,0,1,2,0.0
583638299242,P1-fast-idle,589,1022,0,1,2,0.0
583638473948,P1-fast-idle,589,1022,0,1,2,0.0
583638660096,P1-fast-idle,590,1023,0,1,2,0.0
583638856323,P1-fast-idle,590,1023,0,1,2,0.0
583639037041,P1-fast-idle,590,1023,0,1,2,0.0
583639208211,P1-fast-idle,590,1023,0,1,2,0.0
583639376866,P1-fast-idle,590,1023,0,1,2,0.0
583639544811,P1-fast-idle,590,1023,0,1,2,0.0
583639713807,P1-fast-idle,591,1024,0,1,2,0.0
583639881881,P1-fast-idle,591,1024,0,1,2,0.0
583640050987,P1-fast-idle,591,1024,0,1,2,0.0
583640219131,P1-fast-idle,591,1024,0,1,2,0.0
583640387025,P1-fast-idle,591,1024,0,1,2,0.0
583640559939,P1-fast-idle,591,1024,0,1,2,0.0
583640728814,P1-fast-idle,592,1025,0,1,2,0.0
583640896989,P1-fast-idle,592,1025,0,1,2,0.0
583641066185,P1-fast-idle,592,1025,0,1,2,0.0
583641233919,P1-fast-idle,592,1025,0,1,2,0.0
583641402424,P1-fast-idle,592,1025,0,1,2,0.0
583641570298,P1-fast-idle,592,1025,0,1,2,0.0
583641738803,P1-fast-idle,593,1026,0,1,2,0.0
583641906937,P1-fast-idle,593,1026,0,1,2,0.0
583642075713,P1-fast-idle,593,1026,0,1,2,0.0
583642243817,P1-fast-idle,593,1026,0,1,2,0.0
583642411821,P1-fast-idle,593,1026,0,1,2,0.0
583642579475,P1-fast-idle,593,1026,0,1,2,0.0
583642761796,P1-fast-idle,594,1027,0,1,2,0.0
583642930021,P1-fast-idle,594,1027,0,1,2,0.0
583643098736,P1-fast-idle,594,1027,0,1,2,0.0
583643266620,P1-fast-idle,594,1027,0,1,2,0.0
583643434774,P1-fast-idle,594,1027,0,1,2,0.0
583643602448,P1-fast-idle,594,1027,0,1,2,0.0
583643774610,P1-fast-idle,594,1027,0,1,2,0.0
583643943145,P1-fast-idle,595,1028,0,1,2,0.0
583644111871,P1-fast-idle,595,1028,0,1,2,0.0
583644283031,P1-fast-idle,595,1028,0,1,2,0.0
583644451786,P1-fast-idle,595,1028,0,1,2,0.0
583644619670,P1-fast-idle,595,1028,0,1,2,0.0
583644787153,P1-fast-idle,595,1028,0,1,2,0.0
583644955588,P1-fast-idle,596,1029,0,1,2,0.0
583645125045,P1-fast-idle,596,1029,0,1,2,0.0
583645293810,P1-fast-idle,596,1029,0,1,2,0.0
583645461815,P1-fast-idle,596,1029,0,1,2,0.0
583645630290,P1-fast-idle,596,1029,0,1,2,0.0
583645798234,P1-fast-idle,596,1029,0,1,2,0.0
583645966519,P1-fast-idle,597,1030,0,1,2,0.0
583646135655,P1-fast-idle,597,1030,0,1,2,0.0
583646303990,P1-fast-idle,597,1030,0,1,2,0.0
583646471933,P1-fast-idle,597,1030,0,1,2,0.0
583646639827,P1-fast-idle,597,1030,0,1,2,0.0
583646807781,P1-fast-idle,597,1030,0,1,2,0.0
583646975605,P1-fast-idle,597,1030,0,1,2,0.0
583647146615,P1-fast-idle,598,1031,0,1,2,0.0
583647312886,P1-fast-idle,598,1031,0,1,2,0.0
583647478606,P1-fast-idle,598,1031,0,1,2,0.0
583647644616,P1-fast-idle,598,1031,0,1,2,0.0
583647814113,P1-fast-idle,598,1031,0,1,2,0.0
583648034305,P1-fast-idle,598,1031,0,1,2,0.0
583648205786,P1-fast-idle,599,1032,0,1,2,0.0
583648375964,P1-fast-idle,599,1032,0,1,2,0.0
583648546002,P1-fast-idle,599,1032,0,1,2,0.0
583648716551,P1-fast-idle,599,1032,0,1,2,0.0
583648886619,P1-fast-idle,599,1032,0,1,2,0.0
583649057348,P1-fast-idle,599,1032,0,1,2,0.0
583649227967,P1-fast-idle,600,1033,0,1,2,0.0
583649398296,P1-fast-idle,600,1033,0,1,2,0.0
583649568383,P1-fast-idle,600,1033,0,1,2,0.0
583649742700,P1-fast-idle,600,1033,0,1,2,0.0
583649913399,P1-fast-idle,600,1033,0,1,2,0.0
583650084088,P1-fast-idle,600,1033,0,1,2,0.0
583650254867,P1-fast-idle,601,1034,0,1,2,0.0
583650428562,P1-fast-idle,601,1034,0,1,2,0.0
583650598520,P1-fast-idle,601,1034,0,1,2,0.0
583650768518,P1-fast-idle,601,1034,0,1,2,0.0
583650938415,P1-fast-idle,601,1034,0,1,2,0.0
583651109104,P1-fast-idle,601,1034,0,1,2,0.0
583651279523,P1-fast-idle,602,1035,0,1,2,0.0
583651449511,P1-fast-idle,602,1035,0,1,2,0.0
583651619249,P1-fast-idle,602,1035,0,1,2,0.0
583651788976,P1-fast-idle,602,1035,0,1,2,0.0
583651959054,P1-fast-idle,602,1035,0,1,2,0.0
583652129372,P1-fast-idle,602,1035,0,1,2,0.0
583652299020,P1-fast-idle,602,1035,0,1,2,0.0
583652469038,P1-fast-idle,603,1037,0,1,2,0.0
583652639176,P1-fast-idle,603,1037,0,1,2,0.0
583652809334,P1-fast-idle,603,1037,0,1,2,0.0
583652979221,P1-fast-idle,603,1037,0,1,2,0.0
583653149900,P1-fast-idle,603,1037,0,1,2,0.0
583653319377,P1-fast-idle,603,1037,0,1,2,0.0
583653489796,P1-fast-idle,604,1038,0,1,2,0.0
583653659874,P1-fast-idle,604,1038,0,1,2,0.0
583653833369,P1-fast-idle,604,1038,0,1,2,0.0
583654003777,P1-fast-idle,604,1038,0,1,2,0.0
583654174316,P1-fast-idle,604,1038,0,1,2,0.0
583654344234,P1-fast-idle,604,1038,0,1,2,0.0
583654515213,P1-fast-idle,605,1039,0,1,2,0.0
583654684710,P1-fast-idle,605,1039,0,1,2,0.0
583654854358,P1-fast-idle,605,1039,0,1,2,0.0
583655024886,P1-fast-idle,605,1039,0,1,2,0.0
583655198431,P1-fast-idle,605,1039,0,1,2,0.0
583655368509,P1-fast-idle,605,1039,0,1,2,0.0
583655538718,P1-fast-idle,606,1040,0,1,2,0.0
583655708845,P1-fast-idle,606,1040,0,1,2,0.0
583655878894,P1-fast-idle,606,1040,0,1,2,0.0
583656049683,P1-fast-idle,606,1040,0,1,2,0.0
583656219641,P1-fast-idle,606,1040,0,1,2,0.0
583656389658,P1-fast-idle,606,1040,0,1,2,0.0
583656559566,P1-fast-idle,606,1040,0,1,2,0.0
583656730085,P1-fast-idle,607,1041,0,1,2,0.0
583656900063,P1-fast-idle,607,1041,0,1,2,0.0
583657074719,P1-fast-idle,607,1041,0,1,2,0.0
583657244918,P1-fast-idle,607,1041,0,1,2,0.0
583657414815,P1-fast-idle,607,1041,0,1,2,0.0
583657584733,P1-fast-idle,607,1041,0,1,2,0.0
583657755132,P1-fast-idle,608,1042,0,1,2,0.0
583657925260,P1-fast-idle,608,1042,0,1,2,0.0
583658095989,P1-fast-idle,608,1042,0,1,2,0.0
583658266398,P1-fast-idle,608,1042,0,1,2,0.0
583658436506,P1-fast-idle,608,1042,0,1,2,0.0
583658609489,P1-fast-idle,608,1042,0,1,2,0.0
583658779527,P1-fast-idle,609,1043,0,1,2,0.0
583658949435,P1-fast-idle,609,1043,0,1,2,0.0
583659120375,P1-fast-idle,609,1043,0,1,2,0.0
583659290513,P1-fast-idle,609,1043,0,1,2,0.0
583659458297,P1-fast-idle,609,1043,0,1,2,0.0
583659628104,P1-fast-idle,609,1043,0,1,2,0.0
583659797771,P1-fast-idle,609,1043,0,1,2,0.0
583659967970,P1-fast-idle,610,1044,0,1,2,0.0
583660139080,P1-fast-idle,610,1044,0,1,2,0.0
583660309027,P1-fast-idle,610,1044,0,1,2,0.0
583660482532,P1-fast-idle,610,1044,0,1,2,0.0
583660655295,P1-fast-idle,610,1044,0,1,2,0.0
583660825473,P1-fast-idle,610,1044,0,1,2,0.0
583660995331,P1-fast-idle,611,1045,0,1,2,0.0
583661165860,P1-fast-idle,611,1045,0,1,2,0.0
583661335627,P1-fast-idle,611,1045,0,1,2,0.0
583661505464,P1-fast-idle,611,1045,0,1,2,0.0
583661675402,P1-fast-idle,611,1045,0,1,2,0.0
583661845180,P1-fast-idle,611,1045,0,1,2,0.0
583662015448,P1-fast-idle,612,1046,0,1,2,0.0
583662185146,P1-fast-idle,612,1046,0,1,2,0.0
583662355113,P1-fast-idle,612,1046,0,1,2,0.0
583662525041,P1-fast-idle,612,1046,0,1,2,0.0
583662694618,P1-fast-idle,612,1046,0,1,2,0.0
583662864456,P1-fast-idle,612,1046,0,1,2,0.0
583663034965,P1-fast-idle,613,1047,0,1,2,0.0
583663205013,P1-fast-idle,613,1047,0,1,2,0.0
583663375080,P1-fast-idle,613,1047,0,1,2,0.0
583663555157,P1-fast-idle,613,1047,0,1,2,0.0
583663733731,P1-fast-idle,613,1047,0,1,2,0.0
583663905342,P1-fast-idle,613,1047,0,1,2,0.0
583664076191,P1-fast-idle,613,1047,0,1,2,0.0
583664244877,P1-fast-idle,614,1048,0,1,2,0.0
583664415216,P1-fast-idle,614,1048,0,1,2,0.0
583664585033,P1-fast-idle,614,1048,0,1,2,0.0
583664754831,P1-fast-idle,614,1048,0,1,2,0.0
583664924638,P1-fast-idle,614,1048,0,1,2,0.0
583665095428,P1-fast-idle,614,1048,0,1,2,0.0
583665265936,P1-fast-idle,615,1049,0,1,2,0.0
583665436285,P1-fast-idle,615,1049,0,1,2,0.0
583665606183,P1-fast-idle,615,1049,0,1,2,0.0
583665775980,P1-fast-idle,615,1049,0,1,2,0.0
583665950136,P1-fast-idle,615,1049,0,1,2,0.0
583666121155,P1-fast-idle,615,1049,0,1,2,0.0
583666291915,P1-fast-idle,616,1050,0,1,2,0.0
583666462324,P1-fast-idle,616,1050,0,1,2,0.0
583666631991,P1-fast-idle,616,1050,0,1,2,0.0
583666801688,P1-fast-idle,616,1050,0,1,2,0.0
583666971245,P1-fast-idle,616,1050,0,1,2,0.0
583667145461,P1-fast-idle,616,1050,0,1,2,0.0
583667316601,P1-fast-idle,617,1051,0,1,2,0.0
583667486488,P1-fast-idle,617,1051,0,1,2,0.0
583667656526,P1-fast-idle,617,1051,0,1,2,0.0
583667826083,P1-fast-idle,617,1051,0,1,2,0.0
583667995751,P1-fast-idle,617,1051,0,1,2,0.0
583668166320,P1-fast-idle,617,1051,0,1,2,0.0
583668336368,P1-fast-idle,617,1051,0,1,2,0.0
583668504312,P1-fast-idle,618,1053,0,1,2,0.0
583668674420,P1-fast-idle,618,1053,0,1,2,0.0
583668844388,P1-fast-idle,618,1053,0,1,2,0.0
583669014816,P1-fast-idle,618,1053,0,1,2,0.0
583669184894,P1-fast-idle,618,1053,0,1,2,0.0
583669354862,P1-fast-idle,618,1053,0,1,2,0.0
583669529248,P1-fast-idle,619,1054,0,1,2,0.0
583669699927,P1-fast-idle,619,1054,0,1,2,0.0
583669869685,P1-fast-idle,619,1054,0,1,2,0.0
583670040554,P1-fast-idle,619,1054,0,1,2,0.0
583670210181,P1-fast-idle,619,1054,0,1,2,0.0
583670383476,P1-fast-idle,619,1054,0,1,2,0.0
583670553503,P1-fast-idle,620,1055,0,1,2,0.0
583670723682,P1-fast-idle,620,1055,0,1,2,0.0
583670896725,P1-fast-idle,620,1055,0,1,2,0.0
583671068526,P1-fast-idle,620,1055,0,1,2,0.0
583671238604,P1-fast-idle,620,1055,0,1,2,0.0
583671412740,P1-fast-idle,620,1055,0,1,2,0.0
583671582968,P1-fast-idle,621,1056,0,1,2,0.0
583671752997,P1-fast-idle,621,1056,0,1,2,0.0
583671923084,P1-fast-idle,621,1056,0,1,2,0.0
583672093824,P1-fast-idle,621,1056,0,1,2,0.0
583672263681,P1-fast-idle,621,1056,0,1,2,0.0
583672433850,P1-fast-idle,621,1056,0,1,2,0.0
583672603647,P1-fast-idle,621,1056,0,1,2,0.0
583672772102,P1-fast-idle,622,1057,0,1,2,0.0
583672942130,P1-fast-idle,622,1057,0,1,2,0.0
583673112619,P1-fast-idle,622,1057,0,1,2,0.0
583673282807,P1-fast-idle,622,1057,0,1,2,0.0
583673452965,P1-fast-idle,622,1057,0,1,2,0.0
583673622803,P1-fast-idle,622,1057,0,1,2,0.0
583673797339,P1-fast-idle,623,1058,0,1,2,0.0
583673967668,P1-fast-idle,623,1058,0,1,2,0.0
583674138277,P1-fast-idle,623,1058,0,1,2,0.0
583674327046,P1-fast-idle,623,1058,0,1,2,0.0
583674502504,P1-fast-idle,623,1058,0,1,2,0.0
583674673304,P1-fast-idle,623,1058,0,1,2,0.0
583674844364,P1-fast-idle,624,1059,0,1,2,0.0
583675015394,P1-fast-idle,624,1059,0,1,2,0.0
583675185572,P1-fast-idle,624,1059,0,1,2,0.0
583675355459,P1-fast-idle,624,1059,0,1,2,0.0
583675525958,P1-fast-idle,624,1059,0,1,2,0.0
583675696427,P1-fast-idle,624,1059,0,1,2,0.0
583675866936,P1-fast-idle,625,1060,0,1,2,0.0
583676038777,P1-fast-idle,625,1060,0,1,2,0.0
583676208745,P1-fast-idle,625,1060,0,1,2,0.0
583676378833,P1-fast-idle,625,1060,0,1,2,0.0
583676549372,P1-fast-idle,625,1060,0,1,2,0.0
583676719220,P1-fast-idle,625,1060,0,1,2,0.0
583676894547,P1-fast-idle,626,1061,0,1,2,0.0
583677069094,P1-fast-idle,626,1061,0,1,2,0.0
583677238831,P1-fast-idle,626,1061,0,1,2,0.0
583677409119,P1-fast-idle,626,1061,0,1,2,0.0
583677579107,P1-fast-idle,626,1061,0,1,2,0.0
583677749275,P1-fast-idle,626,1061,0,1,2,0.0
583677919554,P1-fast-idle,626,1061,0,1,2,0.0
583678089121,P1-fast-idle,627,1062,0,1,2,0.0
583678259640,P1-fast-idle,627,1062,0,1,2,0.0
583678429818,P1-fast-idle,627,1062,0,1,2,0.0
583678599545,P1-fast-idle,627,1062,0,1,2,0.0
583678769483,P1-fast-idle,627,1062,0,1,2,0.0
583678939221,P1-fast-idle,627,1062,0,1,2,0.0
583679111222,P1-fast-idle,628,1063,0,1,2,0.0
583679281340,P1-fast-idle,628,1063,0,1,2,0.0
583679449094,P1-fast-idle,628,1063,0,1,2,0.0
583679618952,P1-fast-idle,628,1063,0,1,2,0.0
583679789000,P1-fast-idle,628,1063,0,1,2,0.0
583679958727,P1-fast-idle,628,1063,0,1,2,0.0
583680129506,P1-fast-idle,629,1064,0,1,2,0.0
583680299965,P1-fast-idle,629,1064,0,1,2,0.0
583680475784,P1-fast-idle,629,1064,0,1,2,0.0
583680646082,P1-fast-idle,629,1064,0,1,2,0.0
583680815950,P1-fast-idle,629,1064,0,1,2,0.0
583680985878,P1-fast-idle,629,1064,0,1,2,0.0
583681157579,P1-fast-idle,630,1065,0,1,2,0.0
583681327537,P1-fast-idle,630,1065,0,1,2,0.0
583681497514,P1-fast-idle,630,1065,0,1,2,0.0
583681667212,P1-fast-idle,630,1065,0,1,2,0.0
583681837280,P1-fast-idle,630,1065,0,1,2,0.0
583682007248,P1-fast-idle,630,1065,0,1,2,0.0
583682178488,P1-fast-idle,630,1065,0,1,2,0.0
583682350850,P1-fast-idle,631,1066,0,1,2,0.0
583682521429,P1-fast-idle,631,1066,0,1,2,0.0
583682691657,P1-fast-idle,631,1066,0,1,2,0.0
583682861625,P1-fast-idle,631,1066,0,1,2,0.0
583683031723,P1-fast-idle,631,1066,0,1,2,0.0
583683201691,P1-fast-idle,631,1066,0,1,2,0.0
583683391446,P1-fast-idle,632,1067,0,1,2,0.0
583683576993,P1-fast-idle,632,1067,0,1,2,0.0
583683752561,P1-fast-idle,632,1067,0,1,2,0.0
583683921307,P1-fast-idle,632,1067,0,1,2,0.0
583684091485,P1-fast-idle,632,1067,0,1,2,0.0
583684260140,P1-fast-idle,632,1067,0,1,2,0.0
583684429667,P1-fast-idle,633,1069,0,1,2,0.0
583684599074,P1-fast-idle,633,1069,0,1,2,0.0
583684767238,P1-fast-idle,633,1069,0,1,2,0.0
583684935403,P1-fast-idle,633,1069,0,1,2,0.0
583685103798,P1-fast-idle,633,1069,0,1,2,0.0
583685272182,P1-fast-idle,633,1069,0,1,2,0.0
583685440678,P1-fast-idle,634,1070,0,1,2,0.0
583685608682,P1-fast-idle,634,1070,0,1,2,0.0
583685776616,P1-fast-idle,634,1070,0,1,2,0.0
583685944410,P1-fast-idle,634,1070,0,1,2,0.0
583686112955,P1-fast-idle,634,1070,0,1,2,0.0
583686281249,P1-fast-idle,634,1070,0,1,2,0.0
583686449354,P1-fast-idle,634,1070,0,1,2,0.0
583686617318,P1-fast-idle,635,1071,0,1,2,0.0
583686785482,P1-fast-idle,635,1071,0,1,2,0.0
583686953426,P1-fast-idle,635,1071,0,1,2,0.0
583687126610,P1-fast-idle,635,1071,0,1,2,0.0
583687295085,P1-fast-idle,635,1071,0,1,2,0.0
583687463170,P1-fast-idle,635,1071,0,1,2,0.0
583687631915,P1-fast-idle,636,1072,0,1,2,0.0
583687803606,P1-fast-idle,636,1072,0,1,2,0.0
583687972031,P1-fast-idle,636,1072,0,1,2,0.0
583688140636,P1-fast-idle,636,1072,0,1,2,0.0
583688309181,P1-fast-idle,636,1072,0,1,2,0.0
583688477676,P1-fast-idle,636,1072,0,1,2,0.0
583688650500,P1-fast-idle,637,1073,0,1,2,0.0
583688818834,P1-fast-idle,637,1073,0,1,2,0.0
583688986819,P1-fast-idle,637,1073,0,1,2,0.0
583689156336,P1-fast-idle,637,1073,0,1,2,0.0
583689326293,P1-fast-idle,637,1073,0,1,2,0.0
583689496602,P1-fast-idle,637,1073,0,1,2,0.0
583689667712,P1-fast-idle,638,1074,0,1,2,0.0
583689837830,P1-fast-idle,638,1074,0,1,2,0.0
583690007697,P1-fast-idle,638,1074,0,1,2,0.0
583690178747,P1-fast-idle,638,1074,0,1,2,0.0
583690352713,P1-fast-idle,638,1074,0,1,2,0.0
583690522931,P1-fast-idle,638,1074,0,1,2,0.0
583690693179,P1-fast-idle,638,1074,0,1,2,0.0
583690864119,P1-fast-idle,639,1075,0,1,2,0.0
583691034678,P1-fast-idle,639,1075,0,1,2,0.0
583691204796,P1-fast-idle,639,1075,0,1,2,0.0
583691378511,P1-fast-idle,639,1075,0,1,2,0.0
583691548789,P1-fast-idle,639,1075,0,1,2,0.0
583691719228,P1-fast-idle,639,1075,0,1,2,0.0
583691890148,P1-fast-idle,640,1076,0,1,2,0.0
583692061268,P1-fast-idle,640,1076,0,1,2,0.0
583692231306,P1-fast-idle,640,1076,0,1,2,0.0
583692401203,P1-fast-idle,640,1076,0,1,2,0.0
583692571952,P1-fast-idle,640,1076,0,1,2,0.0
583692741860,P1-fast-idle,640,1076,0,1,2,0.0
583692912128,P1-fast-idle,641,1077,0,1,2,0.0
583693083008,P1-fast-idle,641,1077,0,1,2,0.0
583693257284,P1-fast-idle,641,1077,0,1,2,0.0
583693427392,P1-fast-idle,641,1077,0,1,2,0.0
583693597470,P1-fast-idle,641,1077,0,1,2,0.0
583693770944,P1-fast-idle,641,1077,0,1,2,0.0
583693941694,P1-fast-idle,642,1078,0,1,2,0.0
583694112814,P1-fast-idle,642,1078,0,1,2,0.0
583694282982,P1-fast-idle,642,1078,0,1,2,0.0
583694457288,P1-fast-idle,642,1078,0,1,2,0.0
583694628187,P1-fast-idle,642,1078,0,1,2,0.0
583694798536,P1-fast-idle,642,1078,0,1,2,0.0
583694968413,P1-fast-idle,642,1078,0,1,2,0.0
583695138772,P1-fast-idle,643,1079,0,1,2,0.0
583695309281,P1-fast-idle,643,1079,0,1,2,0.0
583695479279,P1-fast-idle,643,1079,0,1,2,0.0
583695649257,P1-fast-idle,643,1079,0,1,2,0.0
583695819395,P1-fast-idle,643,1079,0,1,2,0.0
583695989553,P1-fast-idle,643,1079,0,1,2,0.0
583696160082,P1-fast-idle,644,1080,0,1,2,0.0
583696329999,P1-fast-idle,644,1080,0,1,2,0.0
583696499977,P1-fast-idle,644,1080,0,1,2,0.0
583696669855,P1-fast-idle,644,1080,0,1,2,0.0
583696840003,P1-fast-idle,644,1080,0,1,2,0.0
583697015080,P1-fast-idle,644,1080,0,1,2,0.0
583697186080,P1-fast-idle,645,1081,0,1,2,0.0
583697356198,P1-fast-idle,645,1081,0,1,2,0.0
583697526357,P1-fast-idle,645,1081,0,1,2,0.0
583697696274,P1-fast-idle,645,1081,0,1,2,0.0
583697865871,P1-fast-idle,645,1081,0,1,2,0.0
583698036891,P1-fast-idle,645,1081,0,1,2,0.0
583698207560,P1-fast-idle,646,1082,0,1,2,0.0
583698377639,P1-fast-idle,646,1082,0,1,2,0.0
583698547556,P1-fast-idle,646,1082,0,1,2,0.0
583698721141,P1-fast-idle,646,1082,0,1,2,0.0
583698891139,P1-fast-idle,646,1082,0,1,2,0.0
583699062208,P1-fast-idle,646,1082,0,1,2,0.0
583699232317,P1-fast-idle,646,1082,0,1,2,0.0
583699401082,P1-fast-idle,647,1083,0,1,2,0.0
583699571010,P1-fast-idle,647,1083,0,1,2,0.0
583699740938,P1-fast-idle,647,1083,0,1,2,0.0
583699910855,P1-fast-idle,647,1083,0,1,2,0.0
583700081685,P1-fast-idle,647,1083,0,1,2,0.0
583700252003,P1-fast-idle,647,1083,0,1,2,0.0
583700426369,P1-fast-idle,648,1085,0,1,2,0.0
583700596938,P1-fast-idle,648,1085,0,1,2,0.0
583700766826,P1-fast-idle,648,1085,0,1,2,0.0
583700936583,P1-fast-idle,648,1085,0,1,2,0.0
583701107603,P1-fast-idle,648,1085,0,1,2,0.0
583701277691,P1-fast-idle,648,1085,0,1,2,0.0
583701448361,P1-fast-idle,649,1086,0,1,2,0.0
583701618308,P1-fast-idle,649,1086,0,1,2,0.0
583701788196,P1-fast-idle,649,1086,0,1,2,0.0
583701958244,P1-fast-idle,649,1086,0,1,2,0.0
583702133331,P1-fast-idle,649,1086,0,1,2,0.0
583702303349,P1-fast-idle,649,1086,0,1,2,0.0
583702473708,P1-fast-idle,650,1087,0,1,2,0.0
583702643495,P1-fast-idle,650,1087,0,1,2,0.0
583702813483,P1-fast-idle,650,1087,0,1,2,0.0
583702983842,P1-fast-idle,650,1087,0,1,2,0.0
583703155042,P1-fast-idle,650,1087,0,1,2,0.0
583703325110,P1-fast-idle,650,1087,0,1,2,0.0
583703495228,P1-fast-idle,650,1087,0,1,2,0.0
583703669504,P1-fast-idle,651,1088,0,1,2,0.0
583703839942,P1-fast-idle,651,1088,0,1,2,0.0
583704010381,P1-fast-idle,651,1088,0,1,2,0.0
583704183936,P1-fast-idle,651,1088,0,1,2,0.0
583704354284,P1-fast-idle,651,1088,0,1,2,0.0
583704524262,P1-fast-idle,651,1088,0,1,2,0.0
583704697766,P1-fast-idle,652,1089,0,1,2,0.0
583704868666,P1-fast-idle,652,1089,0,1,2,0.0
583705039666,P1-fast-idle,652,1089,0,1,2,0.0
583705209894,P1-fast-idle,652,1089,0,1,2,0.0
583705380153,P1-fast-idle,652,1089,0,1,2,0.0
583705550180,P1-fast-idle,652,1089,0,1,2,0.0
583705720810,P1-fast-idle,653,1090,0,1,2,0.0
583705891449,P1-fast-idle,653,1090,0,1,2,0.0
583706063300,P1-fast-idle,653,1090,0,1,2,0.0
583706228579,P1-fast-idle,653,1090,0,1,2,0.0
583706393457,P1-fast-idle,653,1090,0,1,2,0.0
583706558336,P1-fast-idle,653,1090,0,1,2,0.0
583706723033,P1-fast-idle,653,1090,0,1,2,0.0
583706888182,P1-fast-idle,654,1091,0,1,2,0.0
583707033574,P1-fast-idle,654,1091,0,1,2,0.0
583707203051,P1-fast-idle,654,1091,0,1,2,0.0
583707371526,P1-fast-idle,654,1091,0,1,2,0.0
583707539510,P1-fast-idle,654,1091,0,1,2,0.0
583707707094,P1-fast-idle,654,1091,0,1,2,0.0
583707875448,P1-fast-idle,655,1092,0,1,2,0.0
583708044945,P1-fast-idle,655,1092,0,1,2,0.0
583708213010,P1-fast-idle,655,1092,0,1,2,0.0
583708381274,P1-fast-idle,655,1092,0,1,2,0.0
583708550010,P1-fast-idle,655,1092,0,1,2,0.0
583708717583,P1-fast-idle,655,1092,0,1,2,0.0
583708885778,P1-fast-idle,656,1093,0,1,2,0.0
583709055214,P1-fast-idle,656,1093,0,1,2,0.0
583709223579,P1-fast-idle,656,1093,0,1,2,0.0
583709395471,P1-fast-idle,656,1093,0,1,2,0.0
583709563715,P1-fast-idle,656,1093,0,1,2,0.0
583709731549,P1-fast-idle,656,1093,0,1,2,0.0
583709899563,P1-fast-idle,656,1093,0,1,2,0.0
583710068780,P1-fast-idle,657,1094,0,1,2,0.0
583710239840,P1-fast-idle,657,1094,0,1,2,0.0
583710408054,P1-fast-idle,657,1094,0,1,2,0.0
583710576469,P1-fast-idle,657,1094,0,1,2,0.0
583710744604,P1-fast-idle,657,1094,0,1,2,0.0
583710912558,P1-fast-idle,657,1094,0,1,2,0.0
583711081704,P1-fast-idle,658,1095,0,1,2,0.0
583711250089,P1-fast-idle,658,1095,0,1,2,0.0
583711418073,P1-fast-idle,658,1095,0,1,2,0.0
583711586197,P1-fast-idle,658,1095,0,1,2,0.0
583711754272,P1-fast-idle,658,1095,0,1,2,0.0
583711922135,P1-fast-idle,658,1095,0,1,2,0.0
583712090460,P1-fast-idle,659,1096,0,1,2,0.0
583712258494,P1-fast-idle,659,1096,0,1,2,0.0
583712426558,P1-fast-idle,659,1096,0,1,2,0.0
583712594613,P1-fast-idle,659,1096,0,1,2,0.0
583712762647,P1-fast-idle,659,1096,0,1,2,0.0
583712934909,P1-fast-idle,659,1096,0,1,2,0.0
583713101761,P1-fast-idle,659,1096,0,1,2,0.0
583713268092,P1-fast-idle,660,1097,0,1,2,0.0
583713443570,P1-fast-idle,660,1097,0,1,2,0.0
583713615913,P1-fast-idle,660,1097,0,1,2,0.0
583713786151,P1-fast-idle,660,1097,0,1,2,0.0
583713956249,P1-fast-idle,660,1097,0,1,2,0.0
583714126708,P1-fast-idle,660,1097,0,1,2,0.0
583714296996,P1-fast-idle,661,1098,0,1,2,0.0
583714466864,P1-fast-idle,661,1098,0,1,2,0.0
583714647657,P1-fast-idle,661,1098,0,1,2,0.0
583714829336,P1-fast-idle,661,1098,0,1,2,0.0
583715007981,P1-fast-idle,661,1098,0,1,2,0.0
583715174442,P1-fast-idle,661,1098,0,1,2,0.0
583715396126,P1-fast-idle,662,1099,0,1,2,0.0
583715566374,P1-fast-idle,662,1099,0,1,2,0.0
583715735170,P1-fast-idle,662,1099,0,1,2,0.0
583715903215,P1-fast-idle,662,1099,0,1,2,0.0
583716070327,P1-fast-idle,662,1099,0,1,2,0.0
583716236398,P1-fast-idle,662,1099,0,1,2,0.0
583716358711,P1-fast-idle,662,1099,0,1,2,0.0
583716531174,P1-fast-idle,663,1101,0,1,2,0.0
583716705390,P1-fast-idle,663,1101,0,1,2,0.0
583716885286,P1-fast-idle,663,1101,0,1,2,0.0
583717061616,P1-fast-idle,663,1101,0,1,2,0.0
583717236633,P1-fast-idle,663,1101,0,1,2,0.0
583717410959,P1-fast-idle,663,1101,0,1,2,0.0
583717583902,P1-fast-idle,664,1102,0,1,2,0.0
583717754692,P1-fast-idle,664,1102,0,1,2,0.0
583717924890,P1-fast-idle,664,1102,0,1,2,0.0
583718095689,P1-fast-idle,664,1102,0,1,2,0.0
583718265877,P1-fast-idle,664,1102,0,1,2,0.0
583718435995,P1-fast-idle,664,1102,0,1,2,0.0
583718606064,P1-fast-idle,665,1103,0,1,2,0.0
583718776542,P1-fast-idle,665,1103,0,1,2,0.0
583718946771,P1-fast-idle,665,1103,0,1,2,0.0
583719117881,P1-fast-idle,665,1103,0,1,2,0.0
583719288019,P1-fast-idle,665,1103,0,1,2,0.0
583719456123,P1-fast-idle,665,1103,0,1,2,0.0
583719627133,P1-fast-idle,666,1104,0,1,2,0.0
583719797191,P1-fast-idle,666,1104,0,1,2,0.0
583719967570,P1-fast-idle,666,1104,0,1,2,0.0
583720139000,P1-fast-idle,666,1104,0,1,2,0.0
583720314488,P1-fast-idle,666,1104,0,1,2,0.0
583720484787,P1-fast-idle,666,1104,0,1,2,0.0
583720655927,P1-fast-idle,667,1105,0,1,2,0.0
583720826225,P1-fast-idle,667,1105,0,1,2,0.0
583720996263,P1-fast-idle,667,1105,0,1,2,0.0
583721166982,P1-fast-idle,667,1105,0,1,2,0.0
583721336569,P1-fast-idle,667,1105,0,1,2,0.0
583721506637,P1-fast-idle,667,1105,0,1,2,0.0
583721676715,P1-fast-idle,667,1105,0,1,2,0.0
583721845301,P1-fast-idle,668,1106,0,1,2,0.0
583722015880,P1-fast-idle,668,1106,0,1,2,0.0
583722185697,P1-fast-idle,668,1106,0,1,2,0.0
583722355665,P1-fast-idle,668,1106,0,1,2,0.0
583722525763,P1-fast-idle,668,1106,0,1,2,0.0
583722695801,P1-fast-idle,668,1106,0,1,2,0.0
583722866500,P1-fast-idle,669,1107,0,1,2,0.0
583723037440,P1-fast-idle,669,1107,0,1,2,0.0
583723207818,P1-fast-idle,669,1107,0,1,2,0.0
583723377997,P1-fast-idle,669,1107,0,1,2,0.0
583723551601,P1-fast-idle,669,1107,0,1,2,0.0
583723721900,P1-fast-idle,669,1107,0,1,2,0.0
583723895454,P1-fast-idle,670,1108,0,1,2,0.0
583724066494,P1-fast-idle,670,1108,0,1,2,0.0
583724236532,P1-fast-idle,670,1108,0,1,2,0.0
583724412511,P1-fast-idle,670,1108,0,1,2,0.0
583724582699,P1-fast-idle,670,1108,0,1,2,0.0
583724753228,P1-fast-idle,670,1108,0,1,2,0.0
583724924478,P1-fast-idle,671,1109,0,1,2,0.0
583725095809,P1-fast-idle,671,1109,0,1,2,0.0
583725265957,P1-fast-idle,671,1109,0,1,2,0.0
583725436205,P1-fast-idle,671,1109,0,1,2,0.0
583725606133,P1-fast-idle,671,1109,0,1,2,0.0
583725780208,P1-fast-idle,671,1109,0,1,2,0.0
583725951469,P1-fast-idle,672,1110,0,1,2,0.0
583726122819,P1-fast-idle,672,1110,0,1,2,0.0
583726293498,P1-fast-idle,672,1110,0,1,2,0.0
583726461533,P1-fast-idle,672,1110,0,1,2,0.0
583726631280,P1-fast-idle,672,1110,0,1,2,0.0
583726801398,P1-fast-idle,672,1110,0,1,2,0.0
583726975083,P1-fast-idle,672,1110,0,1,2,0.0
583727146403,P1-fast-idle,673,1111,0,1,2,0.0
583727316621,P1-fast-idle,673,1111,0,1,2,0.0
583727486930,P1-fast-idle,673,1111,0,1,2,0.0
583727657679,P1-fast-idle,673,1111,0,1,2,0.0
583727827617,P1-fast-idle,673,1111,0,1,2,0.0
583727997505,P1-fast-idle,673,1111,0,1,2,0.0
583728170709,P1-fast-idle,674,1112,0,1,2,0.0
583728341568,P1-fast-idle,674,1112,0,1,2,0.0
583728511476,P1-fast-idle,674,1112,0,1,2,0.0
583728681744,P1-fast-idle,674,1112,0,1,2,0.0
583728851952,P1-fast-idle,674,1112,0,1,2,0.0
583729022762,P1-fast-idle,674,1112,0,1,2,0.0
583729195595,P1-fast-idle,675,1113,0,1,2,0.0
583729366795,P1-fast-idle,675,1113,0,1,2,0.0
583729536532,P1-fast-idle,675,1113,0,1,2,0.0
583729706430,P1-fast-idle,675,1113,0,1,2,0.0
583729876438,P1-fast-idle,675,1113,0,1,2,0.0
583730047047,P1-fast-idle,675,1113,0,1,2,0.0
583730223256,P1-fast-idle,676,1114,0,1,2,0.0
583730394016,P1-fast-idle,676,1114,0,1,2,0.0
583730563864,P1-fast-idle,676,1114,0,1,2,0.0
583730733360,P1-fast-idle,676,1114,0,1,2,0.0
583730902967,P1-fast-idle,676,1114,0,1,2,0.0
583731073606,P1-fast-idle,676,1114,0,1,2,0.0
583731255697,P1-fast-idle,676,1114,0,1,2,0.0
583731428180,P1-fast-idle,677,1115,0,1,2,0.0
583731598588,P1-fast-idle,677,1115,0,1,2,0.0
583731768366,P1-fast-idle,677,1115,0,1,2,0.0
583731938303,P1-fast-idle,677,1115,0,1,2,0.0
583732109193,P1-fast-idle,677,1115,0,1,2,0.0
583732279151,P1-fast-idle,677,1115,0,1,2,0.0
583732451844,P1-fast-idle,678,1117,0,1,2,0.0
583732623254,P1-fast-idle,678,1117,0,1,2,0.0
583732793813,P1-fast-idle,678,1117,0,1,2,0.0
583732964312,P1-fast-idle,678,1117,0,1,2,0.0
583733135632,P1-fast-idle,678,1117,0,1,2,0.0
583733305931,P1-fast-idle,678,1117,0,1,2,0.0
583733478433,P1-fast-idle,679,1118,0,1,2,0.0
583733653882,P1-fast-idle,679,1118,0,1,2,0.0
583733824400,P1-fast-idle,679,1118,0,1,2,0.0
583733994588,P1-fast-idle,679,1118,0,1,2,0.0
583734165688,P1-fast-idle,679,1118,0,1,2,0.0
583734335847,P1-fast-idle,679,1118,0,1,2,0.0
583734509041,P1-fast-idle,680,1119,0,1,2,0.0
583734680551,P1-fast-idle,680,1119,0,1,2,0.0
583734855278,P1-fast-idle,680,1119,0,1,2,0.0
583735026939,P1-fast-idle,680,1119,0,1,2,0.0
583735197448,P1-fast-idle,680,1119,0,1,2,0.0
583735367766,P1-fast-idle,680,1119,0,1,2,0.0
583735549025,P1-fast-idle,681,1120,0,1,2,0.0
583735720796,P1-fast-idle,681,1120,0,1,2,0.0
583735891275,P1-fast-idle,681,1120,0,1,2,0.0
583736062956,P1-fast-idle,681,1120,0,1,2,0.0
583736233054,P1-fast-idle,681,1120,0,1,2,0.0
583736403292,P1-fast-idle,681,1120,0,1,2,0.0
583736578751,P1-fast-idle,681,1120,0,1,2,0.0
583736756813,P1-fast-idle,682,1121,0,1,2,0.0
583736931420,P1-fast-idle,682,1121,0,1,2,0.0
583737103091,P1-fast-idle,682,1121,0,1,2,0.0
583737273299,P1-fast-idle,682,1121,0,1,2,0.0
583737443658,P1-fast-idle,682,1121,0,1,2,0.0
583737613656,P1-fast-idle,682,1121,0,1,2,0.0
583737786229,P1-fast-idle,683,1122,0,1,2,0.0
583737957669,P1-fast-idle,683,1122,0,1,2,0.0
583738128258,P1-fast-idle,683,1122,0,1,2,0.0
583738295801,P1-fast-idle,683,1122,0,1,2,0.0
583738463625,P1-fast-idle,683,1122,0,1,2,0.0
583738631790,P1-fast-idle,683,1122,0,1,2,0.0
583738802198,P1-fast-idle,684,1123,0,1,2,0.0
583738971274,P1-fast-idle,684,1123,0,1,2,0.0
583739139299,P1-fast-idle,684,1123,0,1,2,0.0
583739307423,P1-fast-idle,684,1123,0,1,2,0.0
583739476770,P1-fast-idle,684,1123,0,1,2,0.0
583739645285,P1-fast-idle,684,1123,0,1,2,0.0
583739822035,P1-fast-idle,685,1124,0,1,2,0.0
583739991713,P1-fast-idle,685,1124,0,1,2,0.0
583740160899,P1-fast-idle,685,1124,0,1,2,0.0
583740333572,P1-fast-idle,685,1124,0,1,2,0.0
583740501947,P1-fast-idle,685,1124,0,1,2,0.0
583740669801,P1-fast-idle,685,1124,0,1,2,0.0
583740837494,P1-fast-idle,685,1124,0,1,2,0.0
583741007672,P1-fast-idle,686,1125,0,1,2,0.0
583741177750,P1-fast-idle,686,1125,0,1,2,0.0
583741345955,P1-fast-idle,686,1125,0,1,2,0.0
583741513949,P1-fast-idle,686,1125,0,1,2,0.0
583741681693,P1-fast-idle,686,1125,0,1,2,0.0
583741849717,P1-fast-idle,686,1125,0,1,2,0.0
583742021117,P1-fast-idle,687,1126,0,1,2,0.0
583742194181,P1-fast-idle,687,1126,0,1,2,0.0
583742362626,P1-fast-idle,687,1126,0,1,2,0.0
583742531051,P1-fast-idle,687,1126,0,1,2,0.0
583742699135,P1-fast-idle,687,1126,0,1,2,0.0
583742867259,P1-fast-idle,687,1126,0,1,2,0.0
583743038490,P1-fast-idle,688,1127,0,1,2,0.0
583743207816,P1-fast-idle,688,1127,0,1,2,0.0
583743375540,P1-fast-idle,688,1127,0,1,2,0.0
583743547782,P1-fast-idle,688,1127,0,1,2,0.0
583743716047,P1-fast-idle,688,1127,0,1,2,0.0
583743883690,P1-fast-idle,688,1127,0,1,2,0.0
583744057776,P1-fast-idle,688,1127,0,1,2,0.0
583744230909,P1-fast-idle,689,1128,0,1,2,0.0
583744399575,P1-fast-idle,689,1128,0,1,2,0.0
583744567850,P1-fast-idle,689,1128,0,1,2,0.0
583744736034,P1-fast-idle,689,1128,0,1,2,0.0
583744904288,P1-fast-idle,689,1128,0,1,2,0.0
583745073445,P1-fast-idle,689,1128,0,1,2,0.0
583745243883,P1-fast-idle,690,1129,0,1,2,0.0
583745412950,P1-fast-idle,690,1129,0,1,2,0.0
583745585152,P1-fast-idle,690,1129,0,1,2,0.0
583745753146,P1-fast-idle,690,1129,0,1,2,0.0
583745921280,P1-fast-idle,690,1129,0,1,2,0.0
583746090276,P1-fast-idle,690,1129,0,1,2,0.0
583746260544,P1-fast-idle,691,1130,0,1,2,0.0
583746429480,P1-fast-idle,691,1130,0,1,2,0.0
583746597675,P1-fast-idle,691,1130,0,1,2,0.0
583746766180,P1-fast-idle,691,1130,0,1,2,0.0
583746938572,P1-fast-idle,691,1130,0,1,2,0.0
583747113039,P1-fast-idle,691,1130,0,1,2,0.0
583747290430,P1-fast-idle,692,1131,0,1,2,0.0
583747460448,P1-fast-idle,692,1131,0,1,2,0.0
583747633892,P1-fast-idle,692,1131,0,1,2,0.0
583747809325,P1-fast-idle,692,1131,0,1,2,0.0
583747982209,P1-fast-idle,692,1131,0,1,2,0.0
583748164941,P1-fast-idle,692,1131,0,1,2,0.0
583748353944,P1-fast-idle,693,1133,0,1,2,0.0
583748523180,P1-fast-idle,693,1133,0,1,2,0.0
583748691335,P1-fast-idle,693,1133,0,1,2,0.0
583748859740,P1-fast-idle,693,1133,0,1,2,0.0
583749028104,P1-fast-idle,693,1133,0,1,2,0.0
583749196018,P1-fast-idle,693,1133,0,1,2,0.0
583749366317,P1-fast-idle,693,1133,0,1,2,0.0
583749536105,P1-fast-idle,694,1134,0,1,2,0.0
583749704640,P1-fast-idle,694,1134,0,1,2,0.0
583749873104,P1-fast-idle,694,1134,0,1,2,0.0
583750042652,P1-fast-idle,694,1134,0,1,2,0.0
583750216727,P1-fast-idle,694,1134,0,1,2,0.0
583750386645,P1-fast-idle,694,1134,0,1,2,0.0
583750556072,P1-fast-idle,695,1135,0,1,2,0.0
583750724326,P1-fast-idle,695,1135,0,1,2,0.0
583750892230,P1-fast-idle,695,1135,0,1,2,0.0
583751061938,P1-fast-idle,695,1135,0,1,2,0.0
583751230002,P1-fast-idle,695,1135,0,1,2,0.0
583751399559,P1-fast-idle,695,1135,0,1,2,0.0
583751568785,P1-fast-idle,696,1136,0,1,2,0.0
583751737070,P1-fast-idle,696,1136,0,1,2,0.0
583751905094,P1-fast-idle,696,1136,0,1,2,0.0
583752074311,P1-fast-idle,696,1136,0,1,2,0.0
583752242575,P1-fast-idle,696,1136,0,1,2,0.0
583752411782,P1-fast-idle,696,1136,0,1,2,0.0
583752580948,P1-fast-idle,696,1136,0,1,2,0.0
583752749734,P1-fast-idle,697,1137,0,1,2,0.0
583752922306,P1-fast-idle,697,1137,0,1,2,0.0
583753091422,P1-fast-idle,697,1137,0,1,2,0.0
583753259657,P1-fast-idle,697,1137,0,1,2,0.0
583753429034,P1-fast-idle,697,1137,0,1,2,0.0
583753601907,P1-fast-idle,697,1137,0,1,2,0.0
583753770873,P1-fast-idle,698,1138,0,1,2,0.0
583753939198,P1-fast-idle,698,1138,0,1,2,0.0
583754108184,P1-fast-idle,698,1138,0,1,2,0.0
583754276518,P1-fast-idle,698,1138,0,1,2,0.0
583754448119,P1-fast-idle,698,1138,0,1,2,0.0
583754617025,P1-fast-idle,698,1138,0,1,2,0.0
583754785871,P1-fast-idle,699,1139,0,1,2,0.0
583754953875,P1-fast-idle,699,1139,0,1,2,0.0
583755122891,P1-fast-idle,699,1139,0,1,2,0.0
583755300533,P1-fast-idle,699,1139,0,1,2,0.0
583755472345,P1-fast-idle,699,1139,0,1,2,0.0
583755641050,P1-fast-idle,699,1139,0,1,2,0.0
583755810046,P1-fast-idle,700,1140,0,1,2,0.0
583755978371,P1-fast-idle,700,1140,0,1,2,0.0
583756147647,P1-fast-idle,700,1140,0,1,2,0.0
583756320951,P1-fast-idle,700,1140,0,1,2,0.0
583756494616,P1-fast-idle,700,1140,0,1,2,0.0
583756663402,P1-fast-idle,700,1140,0,1,2,0.0
583756839711,P1-fast-idle,700,1140,0,1,2,0.0
583757009128,P1-fast-idle,701,1141,0,1,2,0.0
583757177483,P1-fast-idle,701,1141,0,1,2,0.0
583757346840,P1-fast-idle,701,1141,0,1,2,0.0
583757515685,P1-fast-idle,701,1141,0,1,2,0.0
583757684181,P1-fast-idle,701,1141,0,1,2,0.0
583757852255,P1-fast-idle,701,1141,0,1,2,0.0
583758021621,P1-fast-idle,702,1142,0,1,2,0.0
583758190297,P1-fast-idle,702,1142,0,1,2,0.0
583758364883,P1-fast-idle,702,1142,0,1,2,0.0
583758534019,P1-fast-idle,702,1142,0,1,2,0.0
583758703066,P1-fast-idle,702,1142,0,1,2,0.0
583758875849,P1-fast-idle,702,1142,0,1,2,0.0
583759043552,P1-fast-idle,703,1143,0,1,2,0.0
583759210024,P1-fast-idle,703,1143,0,1,2,0.0
583759339932,P1-fast-idle,703,1143,0,1,2,0.0
583759510060,P1-fast-idle,703,1143,0,1,2,0.0
583759681225,P1-fast-idle,703,1143,0,1,2,0.0
583759855461,P1-fast-idle,703,1143,0,1,2,0.0
583760025849,P1-fast-idle,703,1143,0,1,2,0.0
583760199584,P1-fast-idle,704,1144,0,1,2,0.0
583760369101,P1-fast-idle,704,1144,0,1,2,0.0
583760537797,P1-fast-idle,704,1144,0,1,2,0.0
583760706862,P1-fast-idle,704,1144,0,1,2,0.0
583760875277,P1-fast-idle,704,1144,0,1,2,0.0
583761044364,P1-fast-idle,704,1144,0,1,2,0.0
583761213240,P1-fast-idle,705,1145,0,1,2,0.0
583761382927,P1-fast-idle,705,1145,0,1,2,0.0
583761551813,P1-fast-idle,705,1145,0,1,2,0.0
583761719787,P1-fast-idle,705,1145,0,1,2,0.0
583761888171,P1-fast-idle,705,1145,0,1,2,0.0
583762057057,P1-fast-idle,705,1145,0,1,2,0.0
583762225933,P1-fast-idle,706,1146,0,1,2,0.0
583762395590,P1-fast-idle,706,1146,0,1,2,0.0
583762564286,P1-fast-idle,706,1146,0,1,2,0.0
583762732320,P1-fast-idle,706,1146,0,1,2,0.0
583762900615,P1-fast-idle,706,1146,0,1,2,0.0
583763069931,P1-fast-idle,706,1146,0,1,2,0.0
583763237986,P1-fast-idle,706,1146,0,1,2,0.0
583763412181,P1-fast-idle,707,1147,0,1,2,0.0
583763581237,P1-fast-idle,707,1147,0,1,2,0.0
583763753169,P1-fast-idle,707,1147,0,1,2,0.0
583763921674,P1-fast-idle,707,1147,0,1,2,0.0
583764090880,P1-fast-idle,707,1147,0,1,2,0.0
583764259375,P1-fast-idle,707,1147,0,1,2,0.0
583764429974,P1-fast-idle,708,1149,0,1,2,0.0
583764598690,P1-fast-idle,708,1149,0,1,2,0.0
583764766804,P1-fast-idle,708,1149,0,1,2,0.0
583764934928,P1-fast-idle,708,1149,0,1,2,0.0
583765104065,P1-fast-idle,708,1149,0,1,2,0.0
583765272249,P1-fast-idle,708,1149,0,1,2,0.0
583765442548,P1-fast-idle,709,1150,0,1,2,0.0
583765611614,P1-fast-idle,709,1150,0,1,2,0.0
583765779748,P1-fast-idle,709,1150,0,1,2,0.0
583765948033,P1-fast-idle,709,1150,0,1,2,0.0
583766117450,P1-fast-idle,709,1150,0,1,2,0.0
583766294050,P1-fast-idle,709,1150,0,1,2,0.0
583766466873,P1-fast-idle,710,1151,0,1,2,0.0
583766635599,P1-fast-idle,710,1151,0,1,2,0.0
583766808071,P1-fast-idle,710,1151,0,1,2,0.0
583766976336,P1-fast-idle,710,1151,0,1,2,0.0
583767145562,P1-fast-idle,710,1151,0,1,2,0.0
583767322273,P1-fast-idle,710,1151,0,1,2,0.0
583767491649,P1-fast-idle,710,1151,0,1,2,0.0
583767660736,P1-fast-idle,711,1152,0,1,2,0.0
583767829281,P1-fast-idle,711,1152,0,1,2,0.0
583767997655,P1-fast-idle,711,1152,0,1,2,0.0
583768166882,P1-fast-idle,711,1152,0,1,2,0.0
583768337942,P1-fast-idle,711,1152,0,1,2,0.0
583768507439,P1-fast-idle,711,1152,0,1,2,0.0
583768676215,P1-fast-idle,712,1153,0,1,2,0.0
583768845060,P1-fast-idle,712,1153,0,1,2,0.0
583769011582,P1-fast-idle,712,1153,0,1,2,0.0
583769182862,P1-fast-idle,712,1153,0,1,2,0.0
583769407562,P1-fast-idle,712,1153,0,1,2,0.0
583769576828,P1-fast-idle,712,1153,0,1,2,0.0
583769745945,P1-fast-idle,713,1154,0,1,2,0.0
583769915001,P1-fast-idle,713,1154,0,1,2,0.0
583770086221,P1-fast-idle,713,1154,0,1,2,0.0
583770271648,P1-fast-idle,713,1154,0,1,2,0.0
583770446334,P1-fast-idle,713,1154,0,1,2,0.0
583770616512,P1-fast-idle,713,1154,0,1,2,0.0
583770787522,P1-fast-idle,714,1155,0,1,2,0.0
583770957981,P1-fast-idle,714,1155,0,1,2,0.0
583771129221,P1-fast-idle,714,1155,0,1,2,0.0
583771307976,P1-fast-idle,714,1155,0,1,2,0.0
583771482302,P1-fast-idle,714,1155,0,1,2,0.0
583771652540,P1-fast-idle,714,1155,0,1,2,0.0
583771823790,P1-fast-idle,715,1156,0,1,2,0.0
583771994359,P1-fast-idle,715,1156,0,1,2,0.0
583772165619,P1-fast-idle,715,1156,0,1,2,0.0
583772337150,P1-fast-idle,715,1156,0,1,2,0.0
583772507789,P1-fast-idle,715,1156,0,1,2,0.0
583772678118,P1-fast-idle,715,1156,0,1,2,0.0
583772848316,P1-fast-idle,715,1156,0,1,2,0.0
583773017462,P1-fast-idle,716,1157,0,1,2,0.0
583773187821,P1-fast-idle,716,1157,0,1,2,0.0
583773359111,P1-fast-idle,716,1157,0,1,2,0.0
583773534459,P1-fast-idle,716,1157,0,1,2,0.0
583773704838,P1-fast-idle,716,1157,0,1,2,0.0
583773874755,P1-fast-idle,716,1157,0,1,2,0.0
583774046957,P1-fast-idle,717,1158,0,1,2,0.0
583774217406,P1-fast-idle,717,1158,0,1,2,0.0
583774388556,P1-fast-idle,717,1158,0,1,2,0.0
583774559786,P1-fast-idle,717,1158,0,1,2,0.0
583774733871,P1-fast-idle,717,1158,0,1,2,0.0
583774904200,P1-fast-idle,717,1158,0,1,2,0.0
583775076082,P1-fast-idle,718,1159,0,1,2,0.0
583775246510,P1-fast-idle,718,1159,0,1,2,0.0
583775417730,P1-fast-idle,718,1159,0,1,2,0.0
583775588469,P1-fast-idle,718,1159,0,1,2,0.0
583775758447,P1-fast-idle,718,1159,0,1,2,0.0
583775928325,P1-fast-idle,718,1159,0,1,2,0.0
583776098784,P1-fast-idle,719,1160,0,1,2,0.0
583776269002,P1-fast-idle,719,1160,0,1,2,0.0
583776440032,P1-fast-idle,719,1160,0,1,2,0.0
583776611022,P1-fast-idle,719,1160,0,1,2,0.0
583776785147,P1-fast-idle,719,1160,0,1,2,0.0
583776955275,P1-fast-idle,719,1160,0,1,2,0.0
583777125834,P1-fast-idle,720,1161,0,1,2,0.0
583777308556,P1-fast-idle,720,1161,0,1,2,0.0
583777484315,P1-fast-idle,720,1161,0,1,2,0.0
583777654533,P1-fast-idle,720,1161,0,1,2,0.0
583777824811,P1-fast-idle,720,1161,0,1,2,0.0
583777994849,P1-fast-idle,720,1161,0,1,2,0.0
583778166129,P1-fast-idle,720,1161,0,1,2,0.0
583778340075,P1-fast-idle,721,1162,0,1,2,0.0
583778511094,P1-fast-idle,721,1162,0,1,2,0.0
583778684058,P1-fast-idle,721,1162,0,1,2,0.0
583778854186,P1-fast-idle,721,1162,0,1,2,0.0
583779024515,P1-fast-idle,721,1162,0,1,2,0.0
583779194202,P1-fast-idle,721,1162,0,1,2,0.0
583779365963,P1-fast-idle,722,1163,0,1,2,0.0
583779537353,P1-fast-idle,722,1163,0,1,2,0.0
583779707572,P1-fast-idle,722,1163,0,1,2,0.0
583779877469,P1-fast-idle,722,1163,0,1,2,0.0
583780048569,P1-fast-idle,722,1163,0,1,2,0.0
583780224388,P1-fast-idle,722,1163,0,1,2,0.0
583780396190,P1-fast-idle,723,1165,0,1,2,0.0
583780567270,P1-fast-idle,723,1165,0,1,2,0.0
583780737869,P1-fast-idle,723,1165,0,1,2,0.0
583780908267,P1-fast-idle,723,1165,0,1,2,0.0
583781078946,P1-fast-idle,723,1165,0,1,2,0.0
583781249385,P1-fast-idle,723,1165,0,1,2,0.0
583781421036,P1-fast-idle,724,1166,0,1,2,0.0
583781592176,P1-fast-idle,724,1166,0,1,2,0.0
583781763236,P1-fast-idle,724,1166,0,1,2,0.0
583781933374,P1-fast-idle,724,1166,0,1,2,0.0
583782104434,P1-fast-idle,724,1166,0,1,2,0.0
583782274241,P1-fast-idle,724,1166,0,1,2,0.0
583782446113,P1-fast-idle,724,1166,0,1,2,0.0
583782617333,P1-fast-idle,725,1167,0,1,2,0.0
583782787802,P1-fast-idle,725,1167,0,1,2,0.0
583782958200,P1-fast-idle,725,1167,0,1,2,0.0
583783129210,P1-fast-idle,725,1167,0,1,2,0.0
583783307644,P1-fast-idle,725,1167,0,1,2,0.0
583783486418,P1-fast-idle,725,1167,0,1,2,0.0
583783657438,P1-fast-idle,726,1168,0,1,2,0.0
583783827556,P1-fast-idle,726,1168,0,1,2,0.0
583783997784,P1-fast-idle,726,1168,0,1,2,0.0
583784168934,P1-fast-idle,726,1168,0,1,2,0.0
583784340725,P1-fast-idle,726,1168,0,1,2,0.0
583784511314,P1-fast-idle,726,1168,0,1,2,0.0
583784682074,P1-fast-idle,727,1169,0,1,2,0.0
583784852102,P1-fast-idle,727,1169,0,1,2,0.0
583785022751,P1-fast-idle,727,1169,0,1,2,0.0
583785193059,P1-fast-idle,727,1169,0,1,2,0.0
583785364089,P1-fast-idle,727,1169,0,1,2,0.0
583785534618,P1-fast-idle,727,1169,0,1,2,0.0
583785709535,P1-fast-idle,728,1170,0,1,2,0.0
583785880184,P1-fast-idle,728,1170,0,1,2,0.0
583786051545,P1-fast-idle,728,1170,0,1,2,0.0
583786221623,P1-fast-idle,728,1170,0,1,2,0.0
583786393143,P1-fast-idle,728,1170,0,1,2,0.0
583786563642,P1-fast-idle,728,1170,0,1,2,0.0
583786734522,P1-fast-idle,729,1171,0,1,2,0.0
583786908788,P1-fast-idle,729,1171,0,1,2,0.0
583787080609,P1-fast-idle,729,1171,0,1,2,0.0
583787250596,P1-fast-idle,729,1171,0,1,2,0.0
583787421907,P1-fast-idle,729,1171,0,1,2,0.0
583787592706,P1-fast-idle,729,1171,0,1,2,0.0
583787762754,P1-fast-idle,729,1171,0,1,2,0.0
583787931921,P1-fast-idle,730,1172,0,1,2,0.0
583788103281,P1-fast-idle,730,1172,0,1,2,0.0
583788273299,P1-fast-idle,730,1172,0,1,2,0.0
583788445010,P1-fast-idle,730,1172,0,1,2,0.0
583788616260,P1-fast-idle,730,1172,0,1,2,0.0
583788786799,P1-fast-idle,730,1172,0,1,2,0.0
583788957579,P1-fast-idle,731,1173,0,1,2,0.0
583789133267,P1-fast-idle,731,1173,0,1,2,0.0
583789312712,P1-fast-idle,731,1173,0,1,2,0.0
583789486888,P1-fast-idle,731,1173,0,1,2,0.0
583789657156,P1-fast-idle,731,1173,0,1,2,0.0
583789827575,P1-fast-idle,731,1173,0,1,2,0.0
583789998314,P1-fast-idle,732,1174,0,1,2,0.0
583790174263,P1-fast-idle,732,1174,0,1,2,0.0
583790346656,P1-fast-idle,732,1174,0,1,2,0.0
583790517796,P1-fast-idle,732,1174,0,1,2,0.0
583790687814,P1-fast-idle,732,1174,0,1,2,0.0
583790858042,P1-fast-idle,732,1174,0,1,2,0.0
583791029112,P1-fast-idle,733,1175,0,1,2,0.0
583791203348,P1-fast-idle,733,1175,0,1,2,0.0
583791374899,P1-fast-idle,733,1175,0,1,2,0.0
583791545758,P1-fast-idle,733,1175,0,1,2,0.0
583791716117,P1-fast-idle,733,1175,0,1,2,0.0
583791886095,P1-fast-idle,733,1175,0,1,2,0.0
583792057124,P1-fast-idle,734,1176,0,1,2,0.0
583792227232,P1-fast-idle,734,1176,0,1,2,0.0
583792398563,P1-fast-idle,734,1176,0,1,2,0.0
583792569262,P1-fast-idle,734,1176,0,1,2,0.0
583792739600,P1-fast-idle,734,1176,0,1,2,0.0
583792909598,P1-fast-idle,734,1176,0,1,2,0.0
583793080788,P1-fast-idle,734,1176,0,1,2,0.0
583793251508,P1-fast-idle,735,1177,0,1,2,0.0
583793423529,P1-fast-idle,735,1177,0,1,2,0.0
583793598637,P1-fast-idle,735,1177,0,1,2,0.0
583793769396,P1-fast-idle,735,1177,0,1,2,0.0
583793939404,P1-fast-idle,735,1177,0,1,2,0.0
583794110343,P1-fast-idle,735,1177,0,1,2,0.0
583794285571,P1-fast-idle,736,1178,0,1,2,0.0
583794457232,P1-fast-idle,736,1178,0,1,2,0.0
583794627861,P1-fast-idle,736,1178,0,1,2,0.0
583794798661,P1-fast-idle,736,1178,0,1,2,0.0
583794968839,P1-fast-idle,736,1178,0,1,2,0.0
583795140029,P1-fast-idle,736,1178,0,1,2,0.0
583795321268,P1-fast-idle,737,1179,0,1,2,0.0
583795493510,P1-fast-idle,737,1179,0,1,2,0.0
583795663438,P1-fast-idle,737,1179,0,1,2,0.0
583795833496,P1-fast-idle,737,1179,0,1,2,0.0
583796003554,P1-fast-idle,737,1179,0,1,2,0.0
583796174554,P1-fast-idle,737,1179,0,1,2,0.0
583796346635,P1-fast-idle,738,1181,0,1,2,0.0
583796521843,P1-fast-idle,738,1181,0,1,2,0.0
583796692572,P1-fast-idle,738,1181,0,1,2,0.0
583796865846,P1-fast-idle,738,1181,0,1,2,0.0
583797036385,P1-fast-idle,738,1181,0,1,2,0.0
583797206503,P1-fast-idle,738,1181,0,1,2,0.0
583797378094,P1-fast-idle,739,1182,0,1,2,0.0
583797549494,P1-fast-idle,739,1182,0,1,2,0.0
583797719683,P1-fast-idle,739,1182,0,1,2,0.0
583797889661,P1-fast-idle,739,1182,0,1,2,0.0
583798060901,P1-fast-idle,739,1182,0,1,2,0.0
583798231119,P1-fast-idle,739,1182,0,1,2,0.0
583798402399,P1-fast-idle,739,1182,0,1,2,0.0
583798573689,P1-fast-idle,740,1183,0,1,2,0.0
583798744299,P1-fast-idle,740,1183,0,1,2,0.0
583798914707,P1-fast-idle,740,1183,0,1,2,0.0
583799086047,P1-fast-idle,740,1183,0,1,2,0.0
583799256516,P1-fast-idle,740,1183,0,1,2,0.0
583799428087,P1-fast-idle,740,1183,0,1,2,0.0
583799599578,P1-fast-idle,741,1184,0,1,2,0.0
583799770307,P1-fast-idle,741,1184,0,1,2,0.0
583799940255,P1-fast-idle,741,1184,0,1,2,0.0
583800115663,P1-fast-idle,741,1184,0,1,2,0.0
583800298775,P1-fast-idle,741,1184,0,1,2,0.0
583800472881,P1-fast-idle,741,1184,0,1,2,0.0
583800643880,P1-fast-idle,742,1185,0,1,2,0.0
583800814139,P1-fast-idle,742,1185,0,1,2,0.0
583800984297,P1-fast-idle,742,1185,0,1,2,0.0
583801155327,P1-fast-idle,742,1185,0,1,2,0.0
583801326547,P1-fast-idle,742,1185,0,1,2,0.0
583801497046,P1-fast-idle,742,1185,0,1,2,0.0
583801668647,P1-fast-idle,743,1186,0,1,2,0.0
583801839035,P1-fast-idle,743,1186,0,1,2,0.0
583802014093,P1-fast-idle,743,1186,0,1,2,0.0
583802184201,P1-fast-idle,743,1186,0,1,2,0.0
583802355381,P1-fast-idle,743,1186,0,1,2,0.0
583802526411,P1-fast-idle,743,1186,0,1,2,0.0
583802696669,P1-fast-idle,743,1186,0,1,2,0.0
583802865715,P1-fast-idle,744,1187,0,1,2,0.0
583803036845,P1-fast-idle,744,1187,0,1,2,0.0
583803206723,P1-fast-idle,744,1187,0,1,2,0.0
583803377663,P1-fast-idle,744,1187,0,1,2,0.0
583803552239,P1-fast-idle,744,1187,0,1,2,0.0
583803722267,P1-fast-idle,744,1187,0,1,2,0.0
583803892956,P1-fast-idle,745,1188,0,1,2,0.0
583804064126,P1-fast-idle,745,1188,0,1,2,0.0
583804234154,P1-fast-idle,745,1188,0,1,2,0.0
583804405004,P1-fast-idle,745,1188,0,1,2,0.0
583804573358,P1-fast-idle,745,1188,0,1,2,0.0
583804742915,P1-fast-idle,745,1188,0,1,2,0.0
583804913434,P1-fast-idle,746,1189,0,1,2,0.0
583805084414,P1-fast-idle,746,1189,0,1,2,0.0
583805254412,P1-fast-idle,746,1189,0,1,2,0.0
583805426343,P1-fast-idle,746,1189,0,1,2,0.0
583805597674,P1-fast-idle,746,1189,0,1,2,0.0
583805767842,P1-fast-idle,746,1189,0,1,2,0.0
583805938922,P1-fast-idle,747,1190,0,1,2,0.0
583806109952,P1-fast-idle,747,1190,0,1,2,0.0
583806283686,P1-fast-idle,747,1190,0,1,2,0.0
583806455287,P1-fast-idle,747,1190,0,1,2,0.0
583806625816,P1-fast-idle,747,1190,0,1,2,0.0
583806796355,P1-fast-idle,747,1190,0,1,2,0.0
583806971292,P1-fast-idle,747,1190,0,1,2,0.0
583807141049,P1-fast-idle,748,1191,0,1,2,0.0
583807320004,P1-fast-idle,748,1191,0,1,2,0.0
583807495112,P1-fast-idle,748,1191,0,1,2,0.0
583807665510,P1-fast-idle,748,1191,0,1,2,0.0
583807835728,P1-fast-idle,748,1191,0,1,2,0.0
583808005917,P1-fast-idle,748,1191,0,1,2,0.0
583808176596,P1-fast-idle,749,1192,0,1,2,0.0
583808347856,P1-fast-idle,749,1192,0,1,2,0.0
583808518485,P1-fast-idle,749,1192,0,1,2,0.0
583808688674,P1-fast-idle,749,1192,0,1,2,0.0
583808859112,P1-fast-idle,749,1192,0,1,2,0.0
583809029942,P1-fast-idle,749,1192,0,1,2,0.0
583809200861,P1-fast-idle,750,1193,0,1,2,0.0
583809372382,P1-fast-idle,750,1193,0,1,2,0.0
583809543642,P1-fast-idle,750,1193,0,1,2,0.0
583809714191,P1-fast-idle,750,1193,0,1,2,0.0
583809884339,P1-fast-idle,750,1193,0,1,2,0.0
583810055730,P1-fast-idle,750,1193,0,1,2,0.0
583810230106,P1-fast-idle,751,1194,0,1,2,0.0
583810396677,P1-fast-idle,751,1194,0,1,2,0.0
583810562558,P1-fast-idle,751,1194,0,1,2,0.0
583810727746,P1-fast-idle,751,1194,0,1,2,0.0
583810892584,P1-fast-idle,751,1194,0,1,2,0.0
583811024211,P1-fast-idle,751,1194,0,1,2,0.0
583811196112,P1-fast-idle,751,1194,0,1,2,0.0
583811368384,P1-fast-idle,752,1195,0,1,2,0.0
583811539384,P1-fast-idle,752,1195,0,1,2,0.0
583811709352,P1-fast-idle,752,1195,0,1,2,0.0
583811879841,P1-fast-idle,752,1195,0,1,2,0.0
583812050901,P1-fast-idle,752,1195,0,1,2,0.0
583812221089,P1-fast-idle,752,1195,0,1,2,0.0
583812396016,P1-fast-idle,753,1197,0,1,2,0.0
583812567687,P1-fast-idle,753,1197,0,1,2,0.0
583812738025,P1-fast-idle,753,1197,0,1,2,0.0
583812912211,P1-fast-idle,753,1197,0,1,2,0.0
583813083612,P1-fast-idle,753,1197,0,1,2,0.0
583813254271,P1-fast-idle,753,1197,0,1,2,0.0
583813426202,P1-fast-idle,754,1198,0,1,2,0.0
583813600879,P1-fast-idle,754,1198,0,1,2,0.0
583813771378,P1-fast-idle,754,1198,0,1,2,0.0
583813941686,P1-fast-idle,754,1198,0,1,2,0.0
583814112976,P1-fast-idle,754,1198,0,1,2,0.0
583814288194,P1-fast-idle,754,1198,0,1,2,0.0
583814460266,P1-fast-idle,755,1199,0,1,2,0.0
583814631526,P1-fast-idle,755,1199,0,1,2,0.0
583814801794,P1-fast-idle,755,1199,0,1,2,0.0
583814971732,P1-fast-idle,755,1199,0,1,2,0.0
583815142932,P1-fast-idle,755,1199,0,1,2,0.0
583815320655,P1-fast-idle,755,1199,0,1,2,0.0
583815492356,P1-fast-idle,755,1199,0,1,2,0.0
583815661261,P1-fast-idle,756,1200,0,1,2,0.0
583815831239,P1-fast-idle,756,1200,0,1,2,0.0
583816001307,P1-fast-idle,756,1200,0,1,2,0.0
583816172257,P1-fast-idle,756,1200,0,1,2,0.0
583816343577,P1-fast-idle,756,1200,0,1,2,0.0
583816514547,P1-fast-idle,756,1200,0,1,2,0.0
583816686058,P1-fast-idle,757,1201,0,1,2,0.0
583816860484,P1-fast-idle,757,1201,0,1,2,0.0
583817031163,P1-fast-idle,757,1201,0,1,2,0.0
583817201452,P1-fast-idle,757,1201,0,1,2,0.0
583817372601,P1-fast-idle,757,1201,0,1,2,0.0
583817543802,P1-fast-idle,757,1201,0,1,2,0.0
583817714371,P1-fast-idle,758,1202,0,1,2,0.0
583817884950,P1-fast-idle,758,1202,0,1,2,0.0
583818055839,P1-fast-idle,758,1202,0,1,2,0.0
583818226117,P1-fast-idle,758,1202,0,1,2,0.0
583818400794,P1-fast-idle,758,1202,0,1,2,0.0
583818572144,P1-fast-idle,758,1202,0,1,2,0.0
583818742854,P1-fast-idle,759,1203,0,1,2,0.0
583818914214,P1-fast-idle,759,1203,0,1,2,0.0
583819085334,P1-fast-idle,759,1203,0,1,2,0.0
583819255733,P1-fast-idle,759,1203,0,1,2,0.0
583819427214,P1-fast-idle,759,1203,0,1,2,0.0
583819598744,P1-fast-idle,759,1203,0,1,2,0.0
583819769073,P1-fast-idle,759,1203,0,1,2,0.0
583819937588,P1-fast-idle,760,1204,0,1,2,0.0
583820109018,P1-fast-idle,760,1204,0,1,2,0.0
583820288754,P1-fast-idle,760,1204,0,1,2,0.0
583820460135,P1-fast-idle,760,1204,0,1,2,0.0
583820631235,P1-fast-idle,760,1204,0,1,2,0.0
583820801423,P1-fast-idle,760,1204,0,1,2,0.0
583820972192,P1-fast-idle,761,1205,0,1,2,0.0
583821143823,P1-fast-idle,761,1205,0,1,2,0.0
583821320874,P1-fast-idle,761,1205,0,1,2,0.0
583821491814,P1-fast-idle,761,1205,0,1,2,0.0
583821662954,P1-fast-idle,761,1205,0,1,2,0.0
583821833733,P1-fast-idle,761,1205,0,1,2,0.0
583822008741,P1-fast-idle,762,1206,0,1,2,0.0
583822180081,P1-fast-idle,762,1206,0,1,2,0.0
583822351752,P1-fast-idle,762,1206,0,1,2,0.0
583822522802,P1-fast-idle,762,1206,0,1,2,0.0
583822693080,P1-fast-idle,762,1206,0,1,2,0.0
583822863288,P1-fast-idle,762,1206,0,1,2,0.0
583823034408,P1-fast-idle,763,1207,0,1,2,0.0
583823204827,P1-fast-idle,763,1207,0,1,2,0.0
583823375707,P1-fast-idle,763,1207,0,1,2,0.0
583823550213,P1-fast-idle,763,1207,0,1,2,0.0
583823720502,P1-fast-idle,763,1207,0,1,2,0.0
583823903063,P1-fast-idle,763,1207,0,1,2,0.0
583824076868,P1-fast-idle,764,1208,0,1,2,0.0
583824247397,P1-fast-idle,764,1208,0,1,2,0.0
583824418767,P1-fast-idle,764,1208,0,1,2,0.0
583824589456,P1-fast-idle,764,1208,0,1,2,0.0
583824759494,P1-fast-idle,764,1208,0,1,2,0.0
583824929863,P1-fast-idle,764,1208,0,1,2,0.0
583825112344,P1-fast-idle,765,1209,0,1,2,0.0
583825288073,P1-fast-idle,765,1209,0,1,2,0.0
583825459914,P1-fast-idle,765,1209,0,1,2,0.0
583825630473,P1-fast-idle,765,1209,0,1,2,0.0
583825800561,P1-fast-idle,765,1209,0,1,2,0.0
583825970890,P1-fast-idle,765,1209,0,1,2,0.0
583826142009,P1-fast-idle,765,1209,0,1,2,0.0
583826320774,P1-fast-idle,766,1210,0,1,2,0.0
583826492665,P1-fast-idle,766,1210,0,1,2,0.0
583826662352,P1-fast-idle,766,1210,0,1,2,0.0
583826833392,P1-fast-idle,766,1210,0,1,2,0.0
583827008009,P1-fast-idle,766,1210,0,1,2,0.0
583827180091,P1-fast-idle,766,1210,0,1,2,0.0
583827351862,P1-fast-idle,767,1211,0,1,2,0.0
583827522741,P1-fast-idle,767,1211,0,1,2,0.0
583827692709,P1-fast-idle,767,1211,0,1,2,0.0
583827862456,P1-fast-idle,767,1211,0,1,2,0.0
583828033587,P1-fast-idle,767,1211,0,1,2,0.0
583828203955,P1-fast-idle,767,1211,0,1,2,0.0
583828375506,P1-fast-idle,767,1211,0,1,2,0.0
583828546926,P1-fast-idle,768,1213,0,1,2,0.0
583828717525,P1-fast-idle,768,1213,0,1,2,0.0
583828888305,P1-fast-idle,768,1213,0,1,2,0.0
583829060908,P1-fast-idle,768,1213,0,1,2,0.0
583829231136,P1-fast-idle,768,1213,0,1,2,0.0
583829407225,P1-fast-idle,769,1214,0,1,2,0.0
583829578345,P1-fast-idle,769,1214,0,1,2,0.0
583829748543,P1-fast-idle,769,1214,0,1,2,0.0
583829918641,P1-fast-idle,769,1214,0,1,2,0.0
583830090282,P1-fast-idle,769,1214,0,1,2,0.0
583830264538,P1-fast-idle,769,1214,0,1,2,0.0
583830436380,P1-fast-idle,770,1215,0,1,2,0.0
583830607239,P1-fast-idle,770,1215,0,1,2,0.0
583830777327,P1-fast-idle,770,1215,0,1,2,0.0
583830947095,P1-fast-idle,770,1215,0,1,2,0.0
583831118475,P1-fast-idle,770,1215,0,1,2,0.0
583831297870,P1-fast-idle,770,1215,0,1,2,0.0
583831472086,P1-fast-idle,770,1215,0,1,2,0.0
583831643978,P1-fast-idle,771,1216,0,1,2,0.0
583831814877,P1-fast-idle,771,1216,0,1,2,0.0
583831985306,P1-fast-idle,771,1216,0,1,2,0.0
583832156325,P1-fast-idle,771,1216,0,1,2,0.0
583832327265,P1-fast-idle,771,1216,0,1,2,0.0
583832498015,P1-fast-idle,771,1216,0,1,2,0.0
583832668814,P1-fast-idle,772,1217,0,1,2,0.0
583832844031,P1-fast-idle,772,1217,0,1,2,0.0
583833014821,P1-fast-idle,772,1217,0,1,2,0.0
583833185099,P1-fast-idle,772,1217,0,1,2,0.0
583833356389,P1-fast-idle,772,1217,0,1,2,0.0
583833527339,P1-fast-idle,772,1217,0,1,2,0.0
583833701715,P1-fast-idle,773,1218,0,1,2,0.0
583833872214,P1-fast-idle,773,1218,0,1,2,0.0
583834043594,P1-fast-idle,773,1218,0,1,2,0.0
583834213933,P1-fast-idle,773,1218,0,1,2,0.0
583834385434,P1-fast-idle,773,1218,0,1,2,0.0
583834556043,P1-fast-idle,773,1218,0,1,2,0.0
583834726962,P1-fast-idle,774,1219,0,1,2,0.0
583834901789,P1-fast-idle,774,1219,0,1,2,0.0
583835073350,P1-fast-idle,774,1219,0,1,2,0.0
583835243689,P1-fast-idle,774,1219,0,1,2,0.0
583835415169,P1-fast-idle,774,1219,0,1,2,0.0
583835586349,P1-fast-idle,774,1219,0,1,2,0.0
583835756778,P1-fast-idle,774,1219,0,1,2,0.0
583835927728,P1-fast-idle,775,1220,0,1,2,0.0
583836099108,P1-fast-idle,775,1220,0,1,2,0.0
583836269557,P1-fast-idle,775,1220,0,1,2,0.0
583836441208,P1-fast-idle,775,1220,0,1,2,0.0
583836611717,P1-fast-idle,775,1220,0,1,2,0.0
583836782235,P1-fast-idle,775,1220,0,1,2,0.0
583836956732,P1-fast-idle,776,1221,0,1,2,0.0
583837128343,P1-fast-idle,776,1221,0,1,2,0.0
583837306456,P1-fast-idle,776,1221,0,1,2,0.0
583837480431,P1-fast-idle,776,1221,0,1,2,0.0
583837651120,P1-fast-idle,776,1221,0,1,2,0.0
583837821298,P1-fast-idle,776,1221,0,1,2,0.0
583837992078,P1-fast-idle,777,1222,0,1,2,0.0
583838163268,P1-fast-idle,777,1222,0,1,2,0.0
583838339327,P1-fast-idle,777,1222,0,1,2,0.0
583838510417,P1-fast-idle,777,1222,0,1,2,0.0
583838685084,P1-fast-idle,777,1222,0,1,2,0.0
583838855452,P1-fast-idle,777,1222,0,1,2,0.0
583839027113,P1-fast-idle,778,1223,0,1,2,0.0
583839197291,P1-fast-idle,778,1223,0,1,2,0.0
583839368421,P1-fast-idle,778,1223,0,1,2,0.0
583839539631,P1-fast-idle,778,1223,0,1,2,0.0
583839709579,P1-fast-idle,778,1223,0,1,2,0.0
583839879677,P1-fast-idle,778,1223,0,1,2,0.0
583840050757,P1-fast-idle,779,1224,0,1,2,0.0
583840225123,P1-fast-idle,779,1224,0,1,2,0.0
583840399640,P1-fast-idle,779,1224,0,1,2,0.0
583840570860,P1-fast-idle,779,1224,0,1,2,0.0
583840741108,P1-fast-idle,779,1224,0,1,2,0.0
583840911336,P1-fast-idle,779,1224,0,1,2,0.0
583841082677,P1-fast-idle,779,1224,0,1,2,0.0
583841253707,P1-fast-idle,780,1225,0,1,2,0.0
583841425007,P1-fast-idle,780,1225,0,1,2,0.0
583841596197,P1-fast-idle,780,1225,0,1,2,0.0
583841766255,P1-fast-idle,780,1225,0,1,2,0.0
583841936263,P1-fast-idle,780,1225,0,1,2,0.0
583842107413,P1-fast-idle,780,1225,0,1,2,0.0
583842278032,P1-fast-idle,781,1226,0,1,2,0.0
583842452278,P1-fast-idle,781,1226,0,1,2,0.0
583842623528,P1-fast-idle,781,1226,0,1,2,0.0
583842794217,P1-fast-idle,781,1226,0,1,2,0.0
583842964947,P1-fast-idle,781,1226,0,1,2,0.0
583843136167,P1-fast-idle,781,1226,0,1,2,0.0
583843316514,P1-fast-idle,782,1227,0,1,2,0.0
583843488486,P1-fast-idle,782,1227,0,1,2,0.0
583843663443,P1-fast-idle,782,1227,0,1,2,0.0
583843836637,P1-fast-idle,782,1227,0,1,2,0.0
583844007015,P1-fast-idle,782,1227,0,1,2,0.0
583844178365,P1-fast-idle,782,1227,0,1,2,0.0
583844350267,P1-fast-idle,783,1229,0,1,2,0.0
583844521186,P1-fast-idle,783,1229,0,1,2,0.0
583844691335,P1-fast-idle,783,1229,0,1,2,0.0
583844861262,P1-fast-idle,783,1229,0,1,2,0.0
583845032042,P1-fast-idle,783,1229,0,1,2,0.0
583845202290,P1-fast-idle,783,1229,0,1,2,0.0
583845374181,P1-fast-idle,784,1230,0,1,2,0.0
583845545071,P1-fast-idle,784,1230,0,1,2,0.0
583845719057,P1-fast-idle,784,1230,0,1,2,0.0
583845889495,P1-fast-idle,784,1230,0,1,2,0.0
583846060425,P1-fast-idle,784,1230,0,1,2,0.0
583846239009,P1-fast-idle,784,1230,0,1,2,0.0
583846410499,P1-fast-idle,784,1230,0,1,2,0.0
583846581649,P1-fast-idle,785,1231,0,1,2,0.0
583846761155,P1-fast-idle,785,1231,0,1,2,0.0
583846931464,P1-fast-idle,785,1231,0,1,2,0.0
583847106661,P1-fast-idle,785,1231,0,1,2,0.0
583847277250,P1-fast-idle,785,1231,0,1,2,0.0
583847450895,P1-fast-idle,785,1231,0,1,2,0.0
583847622265,P1-fast-idle,786,1232,0,1,2,0.0
583847792523,P1-fast-idle,786,1232,0,1,2,0.0
583847962291,P1-fast-idle,786,1232,0,1,2,0.0
583848133251,P1-fast-idle,786,1232,0,1,2,0.0
583848312486,P1-fast-idle,786,1232,0,1,2,0.0
583848484117,P1-fast-idle,786,1232,0,1,2,0.0
583848654826,P1-fast-idle,787,1233,0,1,2,0.0
583848825545,P1-fast-idle,787,1233,0,1,2,0.0
583848995864,P1-fast-idle,787,1233,0,1,2,0.0
583849167385,P1-fast-idle,787,1233,0,1,2,0.0
583849338895,P1-fast-idle,787,1233,0,1,2,0.0
583849510095,P1-fast-idle,787,1233,0,1,2,0.0
583849680805,P1-fast-idle,788,1234,0,1,2,0.0
583849851293,P1-fast-idle,788,1234,0,1,2,0.0
583850022173,P1-fast-idle,788,1234,0,1,2,0.0
583850192221,P1-fast-idle,788,1234,0,1,2,0.0
583850367168,P1-fast-idle,788,1234,0,1,2,0.0
583850538238,P1-fast-idle,788,1234,0,1,2,0.0
583850709047,P1-fast-idle,789,1235,0,1,2,0.0
583850879326,P1-fast-idle,789,1235,0,1,2,0.0
583851050586,P1-fast-idle,789,1235,0,1,2,0.0
583851224551,P1-fast-idle,789,1235,0,1,2,0.0
583851395831,P1-fast-idle,789,1235,0,1,2,0.0
583851566671,P1-fast-idle,789,1235,0,1,2,0.0
583851736869,P1-fast-idle,789,1235,0,1,2,0.0
583851907498,P1-fast-idle,790,1236,0,1,2,0.0
583852078989,P1-fast-idle,790,1236,0,1,2,0.0
583852249097,P1-fast-idle,790,1236,0,1,2,0.0
583852421890,P1-fast-idle,790,1236,0,1,2,0.0
583852592659,P1-fast-idle,790,1236,0,1,2,0.0
583852762657,P1-fast-idle,790,1236,0,1,2,0.0
583852933306,P1-fast-idle,791,1237,0,1,2,0.0
583853104827,P1-fast-idle,791,1237,0,1,2,0.0
583853275025,P1-fast-idle,791,1237,0,1,2,0.0
583853446796,P1-fast-idle,791,1237,0,1,2,0.0
583853617876,P1-fast-idle,791,1237,0,1,2,0.0
583853792212,P1-fast-idle,791,1237,0,1,2,0.0
583853963262,P1-fast-idle,792,1238,0,1,2,0.0
583854134773,P1-fast-idle,792,1238,0,1,2,0.0
583854315832,P1-fast-idle,792,1238,0,1,2,0.0
583854489456,P1-fast-idle,792,1238,0,1,2,0.0
583854659775,P1-fast-idle,792,1238,0,1,2,0.0
583854833760,P1-fast-idle,792,1238,0,1,2,0.0
583855004629,P1-fast-idle,793,1239,0,1,2,0.0
583855175970,P1-fast-idle,793,1239,0,1,2,0.0
583855347511,P1-fast-idle,793,1239,0,1,2,0.0
583855518020,P1-fast-idle,793,1239,0,1,2,0.0
583855688037,P1-fast-idle,793,1239,0,1,2,0.0
583855858035,P1-fast-idle,793,1239,0,1,2,0.0
583856028113,P1-fast-idle,793,1239,0,1,2,0.0
583856198642,P1-fast-idle,794,1240,0,1,2,0.0
583856375032,P1-fast-idle,794,1240,0,1,2,0.0
583856545992,P1-fast-idle,794,1240,0,1,2,0.0
583856720107,P1-fast-idle,794,1240,0,1,2,0.0
583856890616,P1-fast-idle,794,1240,0,1,2,0.0
583857064822,P1-fast-idle,794,1240,0,1,2,0.0
583857235641,P1-fast-idle,795,1241,0,1,2,0.0
583857407292,P1-fast-idle,795,1241,0,1,2,0.0
583857577981,P1-fast-idle,795,1241,0,1,2,0.0
583857748250,P1-fast-idle,795,1241,0,1,2,0.0
583857918648,P1-fast-idle,795,1241,0,1,2,0.0
583858089989,P1-fast-idle,795,1241,0,1,2,0.0
583858260468,P1-fast-idle,796,1242,0,1,2,0.0
583858432048,P1-fast-idle,796,1242,0,1,2,0.0
583858602477,P1-fast-idle,796,1242,0,1,2,0.0
583858772555,P1-fast-idle,796,1242,0,1,2,0.0
583858953283,P1-fast-idle,796,1242,0,1,2,0.0
583859126828,P1-fast-idle,796,1242,0,1,2,0.0
583859307595,P1-fast-idle,797,1243,0,1,2,0.0
583859481761,P1-fast-idle,797,1243,0,1,2,0.0
583859652540,P1-fast-idle,797,1243,0,1,2,0.0
583859822869,P1-fast-idle,797,1243,0,1,2,0.0
583859993128,P1-fast-idle,797,1243,0,1,2,0.0
583860164297,P1-fast-idle,797,1243,0,1,2,0.0
583860336299,P1-fast-idle,798,1244,0,1,2,0.0
583860511577,P1-fast-idle,798,1244,0,1,2,0.0
583860682066,P1-fast-idle,798,1244,0,1,2,0.0
583860852174,P1-fast-idle,798,1244,0,1,2,0.0
583861022622,P1-fast-idle,798,1244,0,1,2,0.0
583861192791,P1-fast-idle,798,1244,0,1,2,0.0
583861364432,P1-fast-idle,799,1246,0,1,2,0.0
583861535381,P1-fast-idle,799,1246,0,1,2,0.0
583861705810,P1-fast-idle,799,1246,0,1,2,0.0
583861875637,P1-fast-idle,799,1246,0,1,2,0.0
583862046677,P1-fast-idle,799,1246,0,1,2,0.0
583862224470,P1-fast-idle,799,1246,0,1,2,0.0
583862395930,P1-fast-idle,799,1246,0,1,2,0.0
583862567571,P1-fast-idle,800,1247,0,1,2,0.0
583862737960,P1-fast-idle,800,1247,0,1,2,0.0
583862907848,P1-fast-idle,800,1247,0,1,2,0.0
583863078898,P1-fast-idle,800,1247,0,1,2,0.0
583863249046,P1-fast-idle,800,1247,0,1,2,0.0
583863420346,P1-fast-idle,800,1247,0,1,2,0.0
583863592057,P1-fast-idle,801,1248,0,1,2,0.0
583863766092,P1-fast-idle,801,1248,0,1,2,0.0
583863936381,P1-fast-idle,801,1248,0,1,2,0.0
583864107421,P1-fast-idle,801,1248,0,1,2,0.0
583864277239,P1-fast-idle,801,1248,0,1,2,0.0
583864450031,P1-fast-idle,801,1248,0,1,2,0.0
583864621382,P1-fast-idle,802,1249,0,1,2,0.0
583864791951,P1-fast-idle,802,1249,0,1,2,0.0
583864962289,P1-fast-idle,802,1249,0,1,2,0.0
583865133219,P1-fast-idle,802,1249,0,1,2,0.0
583865312615,P1-fast-idle,802,1249,0,1,2,0.0
583865486089,P1-fast-idle,802,1249,0,1,2,0.0
583865657028,P1-fast-idle,803,1250,0,1,2,0.0
583865831665,P1-fast-idle,803,1250,0,1,2,0.0
583866002004,P1-fast-idle,803,1250,0,1,2,0.0
583866172803,P1-fast-idle,803,1250,0,1,2,0.0
583866344013,P1-fast-idle,803,1250,0,1,2,0.0
583866514892,P1-fast-idle,803,1250,0,1,2,0.0
583866685532,P1-fast-idle,804,1251,0,1,2,0.0
583866857624,P1-fast-idle,804,1251,0,1,2,0.0
583867028483,P1-fast-idle,804,1251,0,1,2,0.0
583867202949,P1-fast-idle,804,1251,0,1,2,0.0
583867374310,P1-fast-idle,804,1251,0,1,2,0.0
583867545219,P1-fast-idle,804,1251,0,1,2,0.0
583867718834,P1-fast-idle,804,1251,0,1,2,0.0
583867889924,P1-fast-idle,805,1252,0,1,2,0.0
583868061094,P1-fast-idle,805,1252,0,1,2,0.0
583868231322,P1-fast-idle,805,1252,0,1,2,0.0
583868402522,P1-fast-idle,805,1252,0,1,2,0.0
583868573532,P1-fast-idle,805,1252,0,1,2,0.0
583868743520,P1-fast-idle,805,1252,0,1,2,0.0
583868915421,P1-fast-idle,806,1253,0,1,2,0.0
583869086261,P1-fast-idle,806,1253,0,1,2,0.0
583869256569,P1-fast-idle,806,1253,0,1,2,0.0
583869427609,P1-fast-idle,806,1253,0,1,2,0.0
583869598148,P1-fast-idle,806,1253,0,1,2,0.0
583869768436,P1-fast-idle,806,1253,0,1,2,0.0
583869939246,P1-fast-idle,807,1254,0,1,2,0.0
583870110506,P1-fast-idle,807,1254,0,1,2,0.0
583870285002,P1-fast-idle,807,1254,0,1,2,0.0
583870461302,P1-fast-idle,807,1254,0,1,2,0.0
583870632071,P1-fast-idle,807,1254,0,1,2,0.0
583870803041,P1-fast-idle,807,1254,0,1,2,0.0
583870974161,P1-fast-idle,808,1255,0,1,2,0.0
583871145852,P1-fast-idle,808,1255,0,1,2,0.0
583871323143,P1-fast-idle,808,1255,0,1,2,0.0
583871494394,P1-fast-idle,808,1255,0,1,2,0.0
583871664432,P1-fast-idle,808,1255,0,1,2,0.0
583871834720,P1-fast-idle,808,1255,0,1,2,0.0
583872005169,P1-fast-idle,808,1255,0,1,2,0.0
583872174786,P1-fast-idle,809,1256,0,1,2,0.0
583872345996,P1-fast-idle,809,1256,0,1,2,0.0
583872516786,P1-fast-idle,809,1256,0,1,2,0.0
583872686804,P1-fast-idle,809,1256,0,1,2,0.0
583872856992,P1-fast-idle,809,1256,0,1,2,0.0
583873027641,P1-fast-idle,809,1256,0,1,2,0.0
583873202668,P1-fast-idle,810,1257,0,1,2,0.0
583873374599,P1-fast-idle,810,1257,0,1,2,0.0
583873545479,P1-fast-idle,810,1257,0,1,2,0.0
583873715497,P1-fast-idle,810,1257,0,1,2,0.0
583873889472,P1-fast-idle,810,1257,0,1,2,0.0
583874060482,P1-fast-idle,810,1257,0,1,2,0.0
583874231352,P1-fast-idle,811,1258,0,1,2,0.0
583874402812,P1-fast-idle,811,1258,0,1,2,0.0
583874573491,P1-fast-idle,811,1258,0,1,2,0.0
583874743880,P1-fast-idle,811,1258,0,1,2,0.0
583874914238,P1-fast-idle,811,1258,0,1,2,0.0
583875086500,P1-fast-idle,811,1258,0,1,2,0.0
583875257500,P1-fast-idle,812,1259,0,1,2,0.0
583875428610,P1-fast-idle,812,1259,0,1,2,0.0
583875599680,P1-fast-idle,812,1259,0,1,2,0.0
583875769979,P1-fast-idle,812,1259,0,1,2,0.0
583875941038,P1-fast-idle,812,1259,0,1,2,0.0
583876111978,P1-fast-idle,812,1259,0,1,2,0.0
583876288158,P1-fast-idle,813,1260,0,1,2,0.0
583876460410,P1-fast-idle,813,1260,0,1,2,0.0
583876634946,P1-fast-idle,813,1260,0,1,2,0.0
583876805184,P1-fast-idle,813,1260,0,1,2,0.0
583876975383,P1-fast-idle,813,1260,0,1,2,0.0
583877149448,P1-fast-idle,813,1260,0,1,2,0.0
583877325126,P1-fast-idle,813,1260,0,1,2,0.0
583877495034,P1-fast-idle,814,1262,0,1,2,0.0
583877665743,P1-fast-idle,814,1262,0,1,2,0.0
583877841813,P1-fast-idle,814,1262,0,1,2,0.0
583878012291,P1-fast-idle,814,1262,0,1,2,0.0
583878182229,P1-fast-idle,814,1262,0,1,2,0.0
583878353860,P1-fast-idle,814,1262,0,1,2,0.0
583878524810,P1-fast-idle,815,1263,0,1,2,0.0
583878699737,P1-fast-idle,815,1263,0,1,2,0.0
583878870246,P1-fast-idle,815,1263,0,1,2,0.0
583879041396,P1-fast-idle,815,1263,0,1,2,0.0
583879211834,P1-fast-idle,815,1263,0,1,2,0.0
583879383455,P1-fast-idle,815,1263,0,1,2,0.0
583879554806,P1-fast-idle,816,1264,0,1,2,0.0
583879725174,P1-fast-idle,816,1264,0,1,2,0.0
583879895182,P1-fast-idle,816,1264,0,1,2,0.0
583880066363,P1-fast-idle,816,1264,0,1,2,0.0
583880236661,P1-fast-idle,816,1264,0,1,2,0.0
583880407961,P1-fast-idle,816,1264,0,1,2,0.0
583880583139,P1-fast-idle,817,1265,0,1,2,0.0
583880753537,P1-fast-idle,817,1265,0,1,2,0.0
583880923876,P1-fast-idle,817,1265,0,1,2,0.0
583881094806,P1-fast-idle,817,1265,0,1,2,0.0
583881264743,P1-fast-idle,817,1265,0,1,2,0.0
583881436254,P1-fast-idle,817,1265,0,1,2,0.0
583881607694,P1-fast-idle,818,1266,0,1,2,0.0
583881778153,P1-fast-idle,818,1266,0,1,2,0.0
583881948141,P1-fast-idle,818,1266,0,1,2,0.0
583882119141,P1-fast-idle,818,1266,0,1,2,0.0
583882297544,P1-fast-idle,818,1266,0,1,2,0.0
583882471921,P1-fast-idle,818,1266,0,1,2,0.0
583882642509,P1-fast-idle,818,1266,0,1,2,0.0
583882813569,P1-fast-idle,819,1267,0,1,2,0.0
583882983647,P1-fast-idle,819,1267,0,1,2,0.0
583883155388,P1-fast-idle,819,1267,0,1,2,0.0
583883326669,P1-fast-idle,819,1267,0,1,2,0.0
583883497558,P1-fast-idle,819,1267,0,1,2,0.0
583883667857,P1-fast-idle,819,1267,0,1,2,0.0
583883842854,P1-fast-idle,820,1268,0,1,2,0.0
583884017040,P1-fast-idle,820,1268,0,1,2,0.0
583884187649,P1-fast-idle,820,1268,0,1,2,0.0
583884362045,P1-fast-idle,820,1268,0,1,2,0.0
583884533125,P1-fast-idle,820,1268,0,1,2,0.0
583884703574,P1-fast-idle,820,1268,0,1,2,0.0
583884874343,P1-fast-idle,821,1269,0,1,2,0.0
583885045803,P1-fast-idle,821,1269,0,1,2,0.0
583885216162,P1-fast-idle,821,1269,0,1,2,0.0
583885387743,P1-fast-idle,821,1269,0,1,2,0.0
583885558602,P1-fast-idle,821,1269,0,1,2,0.0
583885729191,P1-fast-idle,821,1269,0,1,2,0.0
583885903507,P1-fast-idle,822,1270,0,1,2,0.0
583886072163,P1-fast-idle,822,1270,0,1,2,0.0
583886238404,P1-fast-idle,822,1270,0,1,2,0.0
583886406047,P1-fast-idle,822,1270,0,1,2,0.0
583886572829,P1-fast-idle,822,1270,0,1,2,0.0
583886738649,P1-fast-idle,822,1270,0,1,2,0.0
583886915019,P1-fast-idle,822,1270,0,1,2,0.0
583887085998,P1-fast-idle,823,1271,0,1,2,0.0
583887260976,P1-fast-idle,823,1271,0,1,2,0.0
583887433248,P1-fast-idle,823,1271,0,1,2,0.0
583887607704,P1-fast-idle,823,1271,0,1,2,0.0
583887778604,P1-fast-idle,823,1271,0,1,2,0.0
583887949002,P1-fast-idle,823,1271,0,1,2,0.0
583888121495,P1-fast-idle,824,1272,0,1,2,0.0
583888302463,P1-fast-idle,824,1272,0,1,2,0.0
583888476609,P1-fast-idle,824,1272,0,1,2,0.0
583888647258,P1-fast-idle,824,1272,0,1,2,0.0
583888817756,P1-fast-idle,824,1272,0,1,2,0.0
583888988035,P1-fast-idle,824,1272,0,1,2,0.0
583889164785,P1-fast-idle,825,1273,0,1,2,0.0
583889336647,P1-fast-idle,825,1273,0,1,2,0.0
583889511644,P1-fast-idle,825,1273,0,1,2,0.0
583889682193,P1-fast-idle,825,1273,0,1,2,0.0
583889852672,P1-fast-idle,825,1273,0,1,2,0.0
583890024102,P1-fast-idle,825,1273,0,1,2,0.0
583890190203,P1-fast-idle,826,1274,0,1,2,0.0
583890356724,P1-fast-idle,826,1274,0,1,2,0.0
583890529377,P1-fast-idle,826,1274,0,1,2,0.0
583890697542,P1-fast-idle,826,1274,0,1,2,0.0
583890865656,P1-fast-idle,826,1274,0,1,2,0.0
583891048603,P1-fast-idle,826,1274,0,1,2,0.0
583891223520,P1-fast-idle,827,1275,0,1,2,0.0
583891395241,P1-fast-idle,827,1275,0,1,2,0.0
583891565560,P1-fast-idle,827,1275,0,1,2,0.0
583891735347,P1-fast-idle,827,1275,0,1,2,0.0
583891905465,P1-fast-idle,827,1275,0,1,2,0.0
583892076595,P1-fast-idle,827,1275,0,1,2,0.0
583892254658,P1-fast-idle,827,1275,0,1,2,0.0
583892427301,P1-fast-idle,828,1276,0,1,2,0.0
583892598491,P1-fast-idle,828,1276,0,1,2,0.0
583892768890,P1-fast-idle,828,1276,0,1,2,0.0
583892939178,P1-fast-idle,828,1276,0,1,2,0.0
583893110128,P1-fast-idle,828,1276,0,1,2,0.0
583893280026,P1-fast-idle,828,1276,0,1,2,0.0
583893452518,P1-fast-idle,829,1278,0,1,2,0.0
583893623618,P1-fast-idle,829,1278,0,1,2,0.0
583893793876,P1-fast-idle,829,1278,0,1,2,0.0
583893969755,P1-fast-idle,829,1278,0,1,2,0.0
583894141176,P1-fast-idle,829,1278,0,1,2,0.0
583894311304,P1-fast-idle,829,1278,0,1,2,0.0
583894483496,P1-fast-idle,830,1279,0,1,2,0.0
583894654666,P1-fast-idle,830,1279,0,1,2,0.0
583894824584,P1-fast-idle,830,1279,0,1,2,0.0
583894998860,P1-fast-idle,830,1279,0,1,2,0.0
583895170300,P1-fast-idle,830,1279,0,1,2,0.0
583895340318,P1-fast-idle,830,1279,0,1,2,0.0
583895513111,P1-fast-idle,831,1280,0,1,2,0.0
583895684191,P1-fast-idle,831,1280,0,1,2,0.0
583895854169,P1-fast-idle,831,1280,0,1,2,0.0
583896024918,P1-fast-idle,831,1280,0,1,2,0.0
583896195928,P1-fast-idle,831,1280,0,1,2,0.0
583896365796,P1-fast-idle,831,1280,0,1,2,0.0
583896547425,P1-fast-idle,832,1281,0,1,2,0.0
583896719076,P1-fast-idle,832,1281,0,1,2,0.0
583896889044,P1-fast-idle,832,1281,0,1,2,0.0
583897060254,P1-fast-idle,832,1281,0,1,2,0.0
583897235532,P1-fast-idle,832,1281,0,1,2,0.0
583897406101,P1-fast-idle,832,1281,0,1,2,0.0
583897583353,P1-fast-idle,832,1281,0,1,2,0.0
583897755955,P1-fast-idle,833,1282,0,1,2,0.0
583897926454,P1-fast-idle,833,1282,0,1,2,0.0
583898097243,P1-fast-idle,833,1282,0,1,2,0.0
583898267421,P1-fast-idle,833,1282,0,1,2,0.0
583898437890,P1-fast-idle,833,1282,0,1,2,0.0
583898611846,P1-fast-idle,833,1282,0,1,2,0.0
583898784488,P1-fast-idle,834,1283,0,1,2,0.0
583898956300,P1-fast-idle,834,1283,0,1,2,0.0
583899127149,P1-fast-idle,834,1283,0,1,2,0.0
583899297708,P1-fast-idle,834,1283,0,1,2,0.0
583899467626,P1-fast-idle,834,1283,0,1,2,0.0
583899637443,P1-fast-idle,834,1283,0,1,2,0.0
583899809535,P1-fast-idle,835,1284,0,1,2,0.0
583899980515,P1-fast-idle,835,1284,0,1,2,0.0
583900151334,P1-fast-idle,835,1284,0,1,2,0.0
583900321442,P1-fast-idle,835,1284,0,1,2,0.0
583900496400,P1-fast-idle,835,1284,0,1,2,0.0
583900669563,P1-fast-idle,835,1284,0,1,2,0.0
583900842036,P1-fast-idle,836,1285,0,1,2,0.0
583901013687,P1-fast-idle,836,1285,0,1,2,0.0
583901183594,P1-fast-idle,836,1285,0,1,2,0.0
583901353953,P1-fast-idle,836,1285,0,1,2,0.0
583901523861,P1-fast-idle,836,1285,0,1,2,0.0
583901693909,P1-fast-idle,836,1285,0,1,2,0.0
583901870529,P1-fast-idle,836,1285,0,1,2,0.0
583902044074,P1-fast-idle,837,1286,0,1,2,0.0
583902214903,P1-fast-idle,837,1286,0,1,2,0.0
583902385151,P1-fast-idle,837,1286,0,1,2,0.0
583902555350,P1-fast-idle,837,1286,0,1,2,0.0
583902725388,P1-fast-idle,837,1286,0,1,2,0.0
583902895275,P1-fast-idle,837,1286,0,1,2,0.0
583903068339,P1-fast-idle,838,1287,0,1,2,0.0
583903239429,P1-fast-idle,838,1287,0,1,2,0.0
583903409577,P1-fast-idle,838,1287,0,1,2,0.0
583903579394,P1-fast-idle,838,1287,0,1,2,0.0
583903749442,P1-fast-idle,838,1287,0,1,2,0.0
583903923768,P1-fast-idle,838,1287,0,1,2,0.0
583904097082,P1-fast-idle,839,1288,0,1,2,0.0
583904268002,P1-fast-idle,839,1288,0,1,2,0.0
583904438110,P1-fast-idle,839,1288,0,1,2,0.0
583904608218,P1-fast-idle,839,1288,0,1,2,0.0
583904778757,P1-fast-idle,839,1288,0,1,2,0.0
583904948986,P1-fast-idle,839,1288,0,1,2,0.0
583905121949,P1-fast-idle,840,1289,0,1,2,0.0
583905293249,P1-fast-idle,840,1289,0,1,2,0.0
583905463347,P1-fast-idle,840,1289,0,1,2,0.0
583905633636,P1-fast-idle,840,1289,0,1,2,0.0
583905803764,P1-fast-idle,840,1289,0,1,2,0.0
583905983780,P1-fast-idle,840,1289,0,1,2,0.0
583906166021,P1-fast-idle,841,1290,0,1,2,0.0
583906337382,P1-fast-idle,841,1290,0,1,2,0.0
583906507169,P1-fast-idle,841,1290,0,1,2,0.0
583906677197,P1-fast-idle,841,1290,0,1,2,0.0
583906855751,P1-fast-idle,841,1290,0,1,2,0.0
583907026991,P1-fast-idle,841,1290,0,1,2,0.0
583907206477,P1-fast-idle,841,1290,0,1,2,0.0
583907384369,P1-fast-idle,842,1291,0,1,2,0.0
583907555199,P1-fast-idle,842,1291,0,1,2,0.0
583907725487,P1-fast-idle,842,1291,0,1,2,0.0
583907895725,P1-fast-idle,842,1291,0,1,2,0.0
583908066655,P1-fast-idle,842,1291,0,1,2,0.0
583908236923,P1-fast-idle,842,1291,0,1,2,0.0
583908409416,P1-fast-idle,843,1292,0,1,2,0.0
583908580696,P1-fast-idle,843,1292,0,1,2,0.0
583908751075,P1-fast-idle,843,1292,0,1,2,0.0
583908921033,P1-fast-idle,843,1292,0,1,2,0.0
583909092093,P1-fast-idle,843,1292,0,1,2,0.0
583909262371,P1-fast-idle,843,1292,0,1,2,0.0
583909435094,P1-fast-idle,844,1294,0,1,2,0.0
583909610342,P1-fast-idle,844,1294,0,1,2,0.0
583909781121,P1-fast-idle,844,1294,0,1,2,0.0
583909951319,P1-fast-idle,844,1294,0,1,2,0.0
583910122459,P1-fast-idle,844,1294,0,1,2,0.0
583910292748,P1-fast-idle,844,1294,0,1,2,0.0
583910462826,P1-fast-idle,845,1295,0,1,2,0.0
583910637312,P1-fast-idle,845,1295,0,1,2,0.0
583910808061,P1-fast-idle,845,1295,0,1,2,0.0
583910979161,P1-fast-idle,845,1295,0,1,2,0.0
583911150381,P1-fast-idle,845,1295,0,1,2,0.0
583911320339,P1-fast-idle,845,1295,0,1,2,0.0
583911503181,P1-fast-idle,846,1296,0,1,2,0.0
583911677417,P1-fast-idle,846,1296,0,1,2,0.0
583911848497,P1-fast-idle,846,1296,0,1,2,0.0
583912019236,P1-fast-idle,846,1296,0,1,2,0.0
583912189554,P1-fast-idle,846,1296,0,1,2,0.0
583912360244,P1-fast-idle,846,1296,0,1,2,0.0
583912540130,P1-fast-idle,846,1296,0,1,2,0.0
583912715678,P1-fast-idle,847,1297,0,1,2,0.0
583912887249,P1-fast-idle,847,1297,0,1,2,0.0
583913058369,P1-fast-idle,847,1297,0,1,2,0.0
583913228788,P1-fast-idle,847,1297,0,1,2,0.0
583913399026,P1-fast-idle,847,1297,0,1,2,0.0
583913568984,P1-fast-idle,847,1297,0,1,2,0.0
583913741196,P1-fast-idle,848,1298,0,1,2,0.0
583913912596,P1-fast-idle,848,1298,0,1,2,0.0
583914087894,P1-fast-idle,848,1298,0,1,2,0.0
583914253293,P1-fast-idle,848,1298,0,1,2,0.0
583914418352,P1-fast-idle,848,1298,0,1,2,0.0
583914583140,P1-fast-idle,848,1298,0,1,2,0.0
583914750533,P1-fast-idle,849,1299,0,1,2,0.0
583914916413,P1-fast-idle,849,1299,0,1,2,0.0
583915140162,P1-fast-idle,849,1299,0,1,2,0.0
583915310691,P1-fast-idle,849,1299,0,1,2,0.0
583915481049,P1-fast-idle,849,1299,0,1,2,0.0
583915650837,P1-fast-idle,849,1299,0,1,2,0.0
583915822788,P1-fast-idle,850,1300,0,1,2,0.0
583915993868,P1-fast-idle,850,1300,0,1,2,0.0
583916164768,P1-fast-idle,850,1300,0,1,2,0.0
583916335397,P1-fast-idle,850,1300,0,1,2,0.0
583916505335,P1-fast-idle,850,1300,0,1,2,0.0
583916675272,P1-fast-idle,850,1300,0,1,2,0.0
583916854798,P1-fast-idle,851,1301,0,1,2,0.0
583917033913,P1-fast-idle,851,1301,0,1,2,0.0
583917204372,P1-fast-idle,851,1301,0,1,2,0.0
583917377906,P1-fast-idle,851,1301,0,1,2,0.0
583917548194,P1-fast-idle,851,1301,0,1,2,0.0
583917718433,P1-fast-idle,851,1301,0,1,2,0.0
583917889403,P1-fast-idle,851,1301,0,1,2,0.0
583918067335,P1-fast-idle,852,1302,0,1,2,0.0
583918238475,P1-fast-idle,852,1302,0,1,2,0.0
583918408884,P1-fast-idle,852,1302,0,1,2,0.0
583918579213,P1-fast-idle,852,1302,0,1,2,0.0
583918749531,P1-fast-idle,852,1302,0,1,2,0.0
583918919899,P1-fast-idle,852,1302,0,1,2,0.0
583919092993,P1-fast-idle,853,1303,0,1,2,0.0
583919264614,P1-fast-idle,853,1303,0,1,2,0.0
583919435113,P1-fast-idle,853,1303,0,1,2,0.0
583919605161,P1-fast-idle,853,1303,0,1,2,0.0
583919774928,P1-fast-idle,853,1303,0,1,2,0.0
583919944896,P1-fast-idle,853,1303,0,1,2,0.0
583920118240,P1-fast-idle,854,1304,0,1,2,0.0
583920289601,P1-fast-idle,854,1304,0,1,2,0.0
583920464077,P1-fast-idle,854,1304,0,1,2,0.0
583920634526,P1-fast-idle,854,1304,0,1,2,0.0
583920807720,P1-fast-idle,854,1304,0,1,2,0.0
583920977718,P1-fast-idle,854,1304,0,1,2,0.0
583921149689,P1-fast-idle,855,1305,0,1,2,0.0
583921320568,P1-fast-idle,855,1305,0,1,2,0.0
583921490777,P1-fast-idle,855,1305,0,1,2,0.0
583921661045,P1-fast-idle,855,1305,0,1,2,0.0
583921831203,P1-fast-idle,855,1305,0,1,2,0.0
583922002073,P1-fast-idle,855,1305,0,1,2,0.0
583922185195,P1-fast-idle,855,1305,0,1,2,0.0
583922358079,P1-fast-idle,856,1306,0,1,2,0.0
583922533056,P1-fast-idle,856,1306,0,1,2,0.0
583922703505,P1-fast-idle,856,1306,0,1,2,0.0
583922873382,P1-fast-idle,856,1306,0,1,2,0.0
583923044202,P1-fast-idle,856,1306,0,1,2,0.0
583923214189,P1-fast-idle,856,1306,0,1,2,0.0
583923387103,P1-fast-idle,857,1307,0,1,2,0.0
583923558443,P1-fast-idle,857,1307,0,1,2,0.0
583923728902,P1-fast-idle,857,1307,0,1,2,0.0
583923898970,P1-fast-idle,857,1307,0,1,2,0.0
583924074117,P1-fast-idle,857,1307,0,1,2,0.0
583924244666,P1-fast-idle,857,1307,0,1,2,0.0
583924416778,P1-fast-idle,858,1309,0,1,2,0.0
583924588329,P1-fast-idle,858,1309,0,1,2,0.0
583924758717,P1-fast-idle,858,1309,0,1,2,0.0
583924928645,P1-fast-idle,858,1309,0,1,2,0.0
583925099775,P1-fast-idle,858,1309,0,1,2,0.0
583925270094,P1-fast-idle,858,1309,0,1,2,0.0
583925442186,P1-fast-idle,859,1310,0,1,2,0.0
583925613055,P1-fast-idle,859,1310,0,1,2,0.0
583925783023,P1-fast-idle,859,1310,0,1,2,0.0
583925953512,P1-fast-idle,859,1310,0,1,2,0.0
583926124832,P1-fast-idle,859,1310,0,1,2,0.0
583926296152,P1-fast-idle,859,1310,0,1,2,0.0
583926476990,P1-fast-idle,860,1311,0,1,2,0.0
583926648732,P1-fast-idle,860,1311,0,1,2,0.0
583926819100,P1-fast-idle,860,1311,0,1,2,0.0
583926989168,P1-fast-idle,860,1311,0,1,2,0.0
583927160268,P1-fast-idle,860,1311,0,1,2,0.0
583927329965,P1-fast-idle,860,1311,0,1,2,0.0
583927510002,P1-fast-idle,860,1311,0,1,2,0.0
583927688927,P1-fast-idle,861,1312,0,1,2,0.0
583927863453,P1-fast-idle,861,1312,0,1,2,0.0
583928034072,P1-fast-idle,861,1312,0,1,2,0.0
583928204070,P1-fast-idle,861,1312,0,1,2,0.0
583928374288,P1-fast-idle,861,1312,0,1,2,0.0
583928544426,P1-fast-idle,861,1312,0,1,2,0.0
583928716799,P1-fast-idle,862,1313,0,1,2,0.0
583928888039,P1-fast-idle,862,1313,0,1,2,0.0
583929059039,P1-fast-idle,862,1313,0,1,2,0.0
583929229036,P1-fast-idle,862,1313,0,1,2,0.0
583929399415,P1-fast-idle,862,1313,0,1,2,0.0
583929569303,P1-fast-idle,862,1313,0,1,2,0.0
583929741875,P1-fast-idle,863,1314,0,1,2,0.0
583929913015,P1-fast-idle,863,1314,0,1,2,0.0
583930085929,P1-fast-idle,863,1314,0,1,2,0.0
583930255957,P1-fast-idle,863,1314,0,1,2,0.0
583930425995,P1-fast-idle,863,1314,0,1,2,0.0
583930596764,P1-fast-idle,863,1314,0,1,2,0.0
583930773124,P1-fast-idle,864,1315,0,1,2,0.0
583930944063,P1-fast-idle,864,1315,0,1,2,0.0
583931115183,P1-fast-idle,864,1315,0,1,2,0.0
583931285292,P1-fast-idle,864,1315,0,1,2,0.0
583931457133,P1-fast-idle,864,1315,0,1,2,0.0
583931627291,P1-fast-idle,864,1315,0,1,2,0.0
583931807438,P1-fast-idle,865,1316,0,1,2,0.0
583931981403,P1-fast-idle,865,1316,0,1,2,0.0
583932152513,P1-fast-idle,865,1316,0,1,2,0.0
583932322551,P1-fast-idle,865,1316,0,1,2,0.0
583932492429,P1-fast-idle,865,1316,0,1,2,0.0
583932662296,P1-fast-idle,865,1316,0,1,2,0.0
583932832434,P1-fast-idle,865,1316,0,1,2,0.0
583933004827,P1-fast-idle,866,1317,0,1,2,0.0
583933176578,P1-fast-idle,866,1317,0,1,2,0.0
583933350894,P1-fast-idle,866,1317,0,1,2,0.0
583933520922,P1-fast-idle,866,1317,0,1,2,0.0
583933691000,P1-fast-idle,866,1317,0,1,2,0.0
583933861288,P1-fast-idle,866,1317,0,1,2,0.0
583934033841,P1-fast-idle,867,1318,0,1,2,0.0
583934208478,P1-fast-idle,867,1318,0,1,2,0.0
583934378706,P1-fast-idle,867,1318,0,1,2,0.0
583934548583,P1-fast-idle,867,1318,0,1,2,0.0
583934718371,P1-fast-idle,867,1318,0,1,2,0.0
583934888650,P1-fast-idle,867,1318,0,1,2,0.0
583935061613,P1-fast-idle,868,1319,0,1,2,0.0
583935232983,P1-fast-idle,868,1319,0,1,2,0.0
583935403572,P1-fast-idle,868,1319,0,1,2,0.0
583935573680,P1-fast-idle,868,1319,0,1,2,0.0
583935743638,P1-fast-idle,868,1319,0,1,2,0.0
583935920804,P1-fast-idle,868,1319,0,1,2,0.0
583936094018,P1-fast-idle,869,1320,0,1,2,0.0
583936280988,P1-fast-idle,869,1320,0,1,2,0.0
583936455264,P1-fast-idle,869,1320,0,1,2,0.0
583936625923,P1-fast-idle,869,1320,0,1,2,0.0
583936796121,P1-fast-idle,869,1320,0,1,2,0.0
583936966750,P1-fast-idle,869,1320,0,1,2,0.0
583937137700,P1-fast-idle,870,1321,0,1,2,0.0
583937318478,P1-fast-idle,870,1321,0,1,2,0.0
583937495188,P1-fast-idle,870,1321,0,1,2,0.0
583937665667,P1-fast-idle,870,1321,0,1,2,0.0
583937835755,P1-fast-idle,870,1321,0,1,2,0.0
583938005703,P1-fast-idle,870,1321,0,1,2,0.0
583938177665,P1-fast-idle,870,1321,0,1,2,0.0
583938347752,P1-fast-idle,871,1322,0,1,2,0.0
583938518692,P1-fast-idle,871,1322,0,1,2,0.0
583938688840,P1-fast-idle,871,1322,0,1,2,0.0
583938863296,P1-fast-idle,871,1322,0,1,2,0.0
583939033966,P1-fast-idle,871,1322,0,1,2,0.0
583939204715,P1-fast-idle,871,1322,0,1,2,0.0
583939376727,P1-fast-idle,872,1323,0,1,2,0.0
583939547646,P1-fast-idle,872,1323,0,1,2,0.0
583939718325,P1-fast-idle,872,1323,0,1,2,0.0
583939888684,P1-fast-idle,872,1323,0,1,2,0.0
583940060034,P1-fast-idle,872,1323,0,1,2,0.0
583940230523,P1-fast-idle,872,1323,0,1,2,0.0
583940402745,P1-fast-idle,873,1325,0,1,2,0.0
583940573795,P1-fast-idle,873,1325,0,1,2,0.0
583940743943,P1-fast-idle,873,1325,0,1,2,0.0
583940918159,P1-fast-idle,873,1325,0,1,2,0.0
583941089479,P1-fast-idle,873,1325,0,1,2,0.0
583941259818,P1-fast-idle,873,1325,0,1,2,0.0
583941431829,P1-fast-idle,874,1326,0,1,2,0.0
583941602559,P1-fast-idle,874,1326,0,1,2,0.0
583941772607,P1-fast-idle,874,1326,0,1,2,0.0
583941942675,P1-fast-idle,874,1326,0,1,2,0.0
583942114025,P1-fast-idle,874,1326,0,1,2,0.0
583942290054,P1-fast-idle,874,1326,0,1,2,0.0
583942467666,P1-fast-idle,875,1327,0,1,2,0.0
583942638566,P1-fast-idle,875,1327,0,1,2,0.0
583942808714,P1-fast-idle,875,1327,0,1,2,0.0
583942979493,P1-fast-idle,875,1327,0,1,2,0.0
583943150814,P1-fast-idle,875,1327,0,1,2,0.0
583943325751,P1-fast-idle,875,1327,0,1,2,0.0
583943497172,P1-fast-idle,875,1327,0,1,2,0.0
583943668321,P1-fast-idle,876,1328,0,1,2,0.0
583943838891,P1-fast-idle,876,1328,0,1,2,0.0
583944009680,P1-fast-idle,876,1328,0,1,2,0.0
583944184276,P1-fast-idle,876,1328,0,1,2,0.0
583944359013,P1-fast-idle,876,1328,0,1,2,0.0
583944530033,P1-fast-idle,876,1328,0,1,2,0.0
583944701103,P1-fast-idle,877,1329,0,1,2,0.0
583944871351,P1-fast-idle,877,1329,0,1,2,0.0
583945042591,P1-fast-idle,877,1329,0,1,2,0.0
583945212770,P1-fast-idle,877,1329,0,1,2,0.0
583945384390,P1-fast-idle,877,1329,0,1,2,0.0
583945555390,P1-fast-idle,877,1329,0,1,2,0.0
583945726490,P1-fast-idle,878,1330,0,1,2,0.0
583945897300,P1-fast-idle,878,1330,0,1,2,0.0
583946068389,P1-fast-idle,878,1330,0,1,2,0.0
583946234069,P1-fast-idle,878,1330,0,1,2,0.0
583946400861,P1-fast-idle,878,1330,0,1,2,0.0
583946566701,P1-fast-idle,878,1330,0,1,2,0.0
583946731980,P1-fast-idle,879,1331,0,1,2,0.0
583946897219,P1-fast-idle,879,1331,0,1,2,0.0
583947029346,P1-fast-idle,879,1331,0,1,2,0.0
583947199184,P1-fast-idle,879,1331,0,1,2,0.0
583947370865,P1-fast-idle,879,1331,0,1,2,0.0
583947546233,P1-fast-idle,879,1331,0,1,2,0.0
583947717112,P1-fast-idle,879,1331,0,1,2,0.0
583947887842,P1-fast-idle,880,1332,0,1,2,0.0
583948059443,P1-fast-idle,880,1332,0,1,2,0.0
583948230322,P1-fast-idle,880,1332,0,1,2,0.0
583948401623,P1-fast-idle,880,1332,0,1,2,0.0
583948572642,P1-fast-idle,880,1332,0,1,2,0.0
583948742951,P1-fast-idle,880,1332,0,1,2,0.0
583948913620,P1-fast-idle,881,1333,0,1,2,0.0
583949085090,P1-fast-idle,881,1333,0,1,2,0.0
583949255228,P1-fast-idle,881,1333,0,1,2,0.0
583949426679,P1-fast-idle,881,1333,0,1,2,0.0
583949597699,P1-fast-idle,881,1333,0,1,2,0.0
583949772506,P1-fast-idle,881,1333,0,1,2,0.0
583949942974,P1-fast-idle,882,1334,0,1,2,0.0
583950114265,P1-fast-idle,882,1334,0,1,2,0.0
583950289613,P1-fast-idle,882,1334,0,1,2,0.0
583950461775,P1-fast-idle,882,1334,0,1,2,0.0
583950632835,P1-fast-idle,882,1334,0,1,2,0.0
583950807251,P1-fast-idle,882,1334,0,1,2,0.0
583950979944,P1-fast-idle,882,1334,0,1,2,0.0
583951150362,P1-fast-idle,883,1335,0,1,2,0.0
583951326341,P1-fast-idle,883,1335,0,1,2,0.0
583951497572,P1-fast-idle,883,1335,0,1,2,0.0
583951668010,P1-fast-idle,883,1335,0,1,2,0.0
583951838339,P1-fast-idle,883,1335,0,1,2,0.0
583952008777,P1-fast-idle,883,1335,0,1,2,0.0
583952179747,P1-fast-idle,884,1336,0,1,2,0.0
583952351158,P1-fast-idle,884,1336,0,1,2,0.0
583952522077,P1-fast-idle,884,1336,0,1,2,0.0
583952692306,P1-fast-idle,884,1336,0,1,2,0.0
583952862364,P1-fast-idle,884,1336,0,1,2,0.0
583953033664,P1-fast-idle,884,1336,0,1,2,0.0
583953204483,P1-fast-idle,885,1337,0,1,2,0.0
583953380082,P1-fast-idle,885,1337,0,1,2,0.0
583953550971,P1-fast-idle,885,1337,0,1,2,0.0
583953721320,P1-fast-idle,885,1337,0,1,2,0.0
583953891728,P1-fast-idle,885,1337,0,1,2,0.0
583954062838,P1-fast-idle,885,1337,0,1,2,0.0
583954237605,P1-fast-idle,886,1338,0,1,2,0.0
583954409497,P1-fast-idle,886,1338,0,1,2,0.0
583954580536,P1-fast-idle,886,1338,0,1,2,0.0
583954750875,P1-fast-idle,886,1338,0,1,2,0.0
583954921364,P1-fast-idle,886,1338,0,1,2,0.0
583955092614,P1-fast-idle,886,1338,0,1,2,0.0
583955267220,P1-fast-idle,887,1339,0,1,2,0.0
583955439252,P1-fast-idle,887,1339,0,1,2,0.0
583955609981,P1-fast-idle,887,1339,0,1,2,0.0
583955780189,P1-fast-idle,887,1339,0,1,2,0.0
583955950538,P1-fast-idle,887,1339,0,1,2,0.0
583956121538,P1-fast-idle,887,1339,0,1,2,0.0
583956302226,P1-fast-idle,887,1339,0,1,2,0.0
583956475219,P1-fast-idle,888,1341,0,1,2,0.0
583956646049,P1-fast-idle,888,1341,0,1,2,0.0
583956816598,P1-fast-idle,888,1341,0,1,2,0.0
583956987106,P1-fast-idle,888,1341,0,1,2,0.0
583957158176,P1-fast-idle,888,1341,0,1,2,0.0
583957329166,P1-fast-idle,888,1341,0,1,2,0.0
583957505415,P1-fast-idle,889,1342,0,1,2,0.0
583957676075,P1-fast-idle,889,1342,0,1,2,0.0
583957846092,P1-fast-idle,889,1342,0,1,2,0.0
583958016611,P1-fast-idle,889,1342,0,1,2,0.0
583958186680,P1-fast-idle,889,1342,0,1,2,0.0
583958358310,P1-fast-idle,889,1342,0,1,2,0.0
583958529711,P1-fast-idle,890,1343,0,1,2,0.0
583958700060,P1-fast-idle,890,1343,0,1,2,0.0
583958870298,P1-fast-idle,890,1343,0,1,2,0.0
583959041608,P1-fast-idle,890,1343,0,1,2,0.0
583959211846,P1-fast-idle,890,1343,0,1,2,0.0
583959383247,P1-fast-idle,890,1343,0,1,2,0.0
583959554377,P1-fast-idle,891,1344,0,1,2,0.0
583959724675,P1-fast-idle,891,1344,0,1,2,0.0
583959895294,P1-fast-idle,891,1344,0,1,2,0.0
583960066504,P1-fast-idle,891,1344,0,1,2,0.0
583960237434,P1-fast-idle,891,1344,0,1,2,0.0
583960409516,P1-fast-idle,891,1344,0,1,2,0.0
583960581177,P1-fast-idle,891,1344,0,1,2,0.0
583960758889,P1-fast-idle,892,1345,0,1,2,0.0
583960932674,P1-fast-idle,892,1345,0,1,2,0.0
583961104165,P1-fast-idle,892,1345,0,1,2,0.0
583961274493,P1-fast-idle,892,1345,0,1,2,0.0
583961446585,P1-fast-idle,892,1345,0,1,2,0.0
583961618076,P1-fast-idle,892,1345,0,1,2,0.0
583961789126,P1-fast-idle,893,1346,0,1,2,0.0
583961959695,P1-fast-idle,893,1346,0,1,2,0.0
583962130775,P1-fast-idle,893,1346,0,1,2,0.0
583962308467,P1-fast-idle,893,1346,0,1,2,0.0
583962482092,P1-fast-idle,893,1346,0,1,2,0.0
583962652270,P1-fast-idle,893,1346,0,1,2,0.0
583962823069,P1-fast-idle,894,1347,0,1,2,0.0
583962993217,P1-fast-idle,894,1347,0,1,2,0.0
583963164267,P1-fast-idle,894,1347,0,1,2,0.0
583963336359,P1-fast-idle,894,1347,0,1,2,0.0
583963507258,P1-fast-idle,894,1347,0,1,2,0.0
583963677577,P1-fast-idle,894,1347,0,1,2,0.0
583963848446,P1-fast-idle,895,1348,0,1,2,0.0
583964019216,P1-fast-idle,895,1348,0,1,2,0.0
583964195435,P1-fast-idle,895,1348,0,1,2,0.0
583964367387,P1-fast-idle,895,1348,0,1,2,0.0
583964538366,P1-fast-idle,895,1348,0,1,2,0.0
583964708455,P1-fast-idle,895,1348,0,1,2,0.0
583964879214,P1-fast-idle,896,1349,0,1,2,0.0
583965050584,P1-fast-idle,896,1349,0,1,2,0.0
583965220793,P1-fast-idle,896,1349,0,1,2,0.0
583965392023,P1-fast-idle,896,1349,0,1,2,0.0
583965562762,P1-fast-idle,896,1349,0,1,2,0.0
583965732880,P1-fast-idle,896,1349,0,1,2,0.0
583965903249,P1-fast-idle,896,1349,0,1,2,0.0
583966074950,P1-fast-idle,897,1350,0,1,2,0.0
583966250097,P1-fast-idle,897,1350,0,1,2,0.0
583966421678,P1-fast-idle,897,1350,0,1,2,0.0
583966592858,P1-fast-idle,897,1350,0,1,2,0.0
583966763177,P1-fast-idle,897,1350,0,1,2,0.0
583966933084,P1-fast-idle,897,1350,0,1,2,0.0
583967105357,P1-fast-idle,898,1351,0,1,2,0.0
583967275605,P1-fast-idle,898,1351,0,1,2,0.0
583967448568,P1-fast-idle,898,1351,0,1,2,0.0
583967623656,P1-fast-idle,898,1351,0,1,2,0.0
583967794395,P1-fast-idle,898,1351,0,1,2,0.0
583967964553,P1-fast-idle,898,1351,0,1,2,0.0
583968135483,P1-fast-idle,899,1352,0,1,2,0.0
583968315589,P1-fast-idle,899,1352,0,1,2,0.0
583968487992,P1-fast-idle,899,1352,0,1,2,0.0
583968657849,P1-fast-idle,899,1352,0,1,2,0.0
583968827947,P1-fast-idle,899,1352,0,1,2,0.0
583968998627,P1-fast-idle,899,1352,0,1,2,0.0
583969169306,P1-fast-idle,900,1353,0,1,2,0.0
583969341017,P1-fast-idle,900,1353,0,1,2,0.0
583969512407,P1-fast-idle,900,1353,0,1,2,0.0
583969683537,P1-fast-idle,900,1353,0,1,2,0.0
583969858705,P1-fast-idle,900,1353,0,1,2,0.0
583970029955,P1-fast-idle,900,1353,0,1,2,0.0
583970200394,P1-fast-idle,900,1353,0,1,2,0.0
583970370392,P1-fast-idle,901,1354,0,1,2,0.0
583970541882,P1-fast-idle,901,1354,0,1,2,0.0
583970712010,P1-fast-idle,901,1354,0,1,2,0.0
583970886437,P1-fast-idle,901,1354,0,1,2,0.0
583971057757,P1-fast-idle,901,1354,0,1,2,0.0
583971228015,P1-fast-idle,901,1354,0,1,2,0.0
583971400027,P1-fast-idle,902,1355,0,1,2,0.0
583971574483,P1-fast-idle,902,1355,0,1,2,0.0
583971744721,P1-fast-idle,902,1355,0,1,2,0.0
583971915731,P1-fast-idle,902,1355,0,1,2,0.0
583972086912,P1-fast-idle,902,1355,0,1,2,0.0
583972265786,P1-fast-idle,902,1355,0,1,2,0.0
583972437838,P1-fast-idle,903,1357,0,1,2,0.0
583972608667,P1-fast-idle,903,1357,0,1,2,0.0
583972784215,P1-fast-idle,903,1357,0,1,2,0.0
583972959122,P1-fast-idle,903,1357,0,1,2,0.0
583973129912,P1-fast-idle,903,1357,0,1,2,0.0
583973308345,P1-fast-idle,903,1357,0,1,2,0.0
583973482722,P1-fast-idle,904,1358,0,1,2,0.0
583973653591,P1-fast-idle,904,1358,0,1,2,0.0
583973824821,P1-fast-idle,904,1358,0,1,2,0.0
583973995290,P1-fast-idle,904,1358,0,1,2,0.0
583974166500,P1-fast-idle,904,1358,0,1,2,0.0
583974342299,P1-fast-idle,904,1358,0,1,2,0.0
583974514010,P1-fast-idle,905,1359,0,1,2,0.0
583974684499,P1-fast-idle,905,1359,0,1,2,0.0
583974854847,P1-fast-idle,905,1359,0,1,2,0.0
583975025346,P1-fast-idle,905,1359,0,1,2,0.0
583975199301,P1-fast-idle,905,1359,0,1,2,0.0
583975370592,P1-fast-idle,905,1359,0,1,2,0.0
583975541922,P1-fast-idle,905,1359,0,1,2,0.0
583975710688,P1-fast-idle,906,1360,0,1,2,0.0
583975881166,P1-fast-idle,906,1360,0,1,2,0.0
583976052256,P1-fast-idle,906,1360,0,1,2,0.0
583976222264,P1-fast-idle,906,1360,0,1,2,0.0
583976393805,P1-fast-idle,906,1360,0,1,2,0.0
583976564674,P1-fast-idle,906,1360,0,1,2,0.0
583976735404,P1-fast-idle,907,1361,0,1,2,0.0
583976905983,P1-fast-idle,907,1361,0,1,2,0.0
583977081150,P1-fast-idle,907,1361,0,1,2,0.0
583977251889,P1-fast-idle,907,1361,0,1,2,0.0
583977423450,P1-fast-idle,907,1361,0,1,2,0.0
583977597937,P1-fast-idle,907,1361,0,1,2,0.0
583977768876,P1-fast-idle,908,1362,0,1,2,0.0
583977939204,P1-fast-idle,908,1362,0,1,2,0.0
583978110735,P1-fast-idle,908,1362,0,1,2,0.0
583978285482,P1-fast-idle,908,1362,0,1,2,0.0
583978456392,P1-fast-idle,908,1362,0,1,2,0.0
583978626720,P1-fast-idle,908,1362,0,1,2,0.0
583978797590,P1-fast-idle,909,1363,0,1,2,0.0
583978967878,P1-fast-idle,909,1363,0,1,2,0.0
583979138978,P1-fast-idle,909,1363,0,1,2,0.0
583979317813,P1-fast-idle,909,1363,0,1,2,0.0
583979488953,P1-fast-idle,909,1363,0,1,2,0.0
583979659141,P1-fast-idle,909,1363,0,1,2,0.0
583979831954,P1-fast-idle,910,1364,0,1,2,0.0
583980003344,P1-fast-idle,910,1364,0,1,2,0.0
583980174555,P1-fast-idle,910,1364,0,1,2,0.0
583980345845,P1-fast-idle,910,1364,0,1,2,0.0
583980516624,P1-fast-idle,910,1364,0,1,2,0.0
583980686752,P1-fast-idle,910,1364,0,1,2,0.0
583980857061,P1-fast-idle,910,1364,0,1,2,0.0
583981032629,P1-fast-idle,911,1365,0,1,2,0.0
583981203028,P1-fast-idle,911,1365,0,1,2,0.0
583981374127,P1-fast-idle,911,1365,0,1,2,0.0
583981544947,P1-fast-idle,911,1365,0,1,2,0.0
583981715085,P1-fast-idle,911,1365,0,1,2,0.0
583981885354,P1-fast-idle,911,1365,0,1,2,0.0
583982057004,P1-fast-idle,912,1366,0,1,2,0.0
583982227273,P1-fast-idle,912,1366,0,1,2,0.0
583982398683,P1-fast-idle,912,1366,0,1,2,0.0
583982573520,P1-fast-idle,912,1366,0,1,2,0.0
583982743739,P1-fast-idle,912,1366,0,1,2,0.0
583982913786,P1-fast-idle,912,1366,0,1,2,0.0
583983084706,P1-fast-idle,913,1367,0,1,2,0.0
583983255165,P1-fast-idle,913,1367,0,1,2,0.0
583983426585,P1-fast-idle,913,1367,0,1,2,0.0
583983597605,P1-fast-idle,913,1367,0,1,2,0.0
583983767583,P1-fast-idle,913,1367,0,1,2,0.0
583983937681,P1-fast-idle,913,1367,0,1,2,0.0
583984108520,P1-fast-idle,914,1368,0,1,2,0.0
583984288697,P1-fast-idle,914,1368,0,1,2,0.0
583984460649,P1-fast-idle,914,1368,0,1,2,0.0
583984631619,P1-fast-idle,914,1368,0,1,2,0.0
583984801807,P1-fast-idle,914,1368,0,1,2,0.0
583984971915,P1-fast-idle,914,1368,0,1,2,0.0
583985144107,P1-fast-idle,914,1368,0,1,2,0.0
583985320256,P1-fast-idle,915,1369,0,1,2,0.0
583985491497,P1-fast-idle,915,1369,0,1,2,0.0
583985662346,P1-fast-idle,915,1369,0,1,2,0.0
583985832184,P1-fast-idle,915,1369,0,1,2,0.0
583986002422,P1-fast-idle,915,1369,0,1,2,0.0
583986177880,P1-fast-idle,915,1369,0,1,2,0.0
583986350763,P1-fast-idle,916,1370,0,1,2,0.0
583986521733,P1-fast-idle,916,1370,0,1,2,0.0
583986689777,P1-fast-idle,916,1370,0,1,2,0.0
583986859785,P1-fast-idle,916,1370,0,1,2,0.0
583987030234,P1-fast-idle,916,1370,0,1,2,0.0
583987200061,P1-fast-idle,916,1370,0,1,2,0.0
583987372334,P1-fast-idle,917,1371,0,1,2,0.0
583987543083,P1-fast-idle,917,1371,0,1,2,0.0
583987717259,P1-fast-idle,917,1371,0,1,2,0.0
583987887246,P1-fast-idle,917,1371,0,1,2,0.0
583988061222,P1-fast-idle,917,1371,0,1,2,0.0
583988231600,P1-fast-idle,917,1371,0,1,2,0.0
583988403652,P1-fast-idle,918,1373,0,1,2,0.0
583988574602,P1-fast-idle,918,1373,0,1,2,0.0
583988744660,P1-fast-idle,918,1373,0,1,2,0.0
583988914908,P1-fast-idle,918,1373,0,1,2,0.0
583989085928,P1-fast-idle,918,1373,0,1,2,0.0
583989256477,P1-fast-idle,918,1373,0,1,2,0.0
583989428919,P1-fast-idle,919,1374,0,1,2,0.0
583989599819,P1-fast-idle,919,1374,0,1,2,0.0
583989769917,P1-fast-idle,919,1374,0,1,2,0.0
583989940385,P1-fast-idle,919,1374,0,1,2,0.0
583990111796,P1-fast-idle,919,1374,0,1,2,0.0
583990286723,P1-fast-idle,919,1374,0,1,2,0.0
583990458444,P1-fast-idle,919,1374,0,1,2,0.0
583990629504,P1-fast-idle,920,1375,0,1,2,0.0
583990800173,P1-fast-idle,920,1375,0,1,2,0.0
583990974599,P1-fast-idle,920,1375,0,1,2,0.0
583991145679,P1-fast-idle,920,1375,0,1,2,0.0
583991322790,P1-fast-idle,920,1375,0,1,2,0.0
583991494261,P1-fast-idle,920,1375,0,1,2,0.0
583991665131,P1-fast-idle,921,1376,0,1,2,0.0
583991835609,P1-fast-idle,921,1376,0,1,2,0.0
583992006389,P1-fast-idle,921,1376,0,1,2,0.0
583992179062,P1-fast-idle,921,1376,0,1,2,0.0
583992350292,P1-fast-idle,921,1376,0,1,2,0.0
583992521251,P1-fast-idle,921,1376,0,1,2,0.0
583992692301,P1-fast-idle,922,1377,0,1,2,0.0
583992862570,P1-fast-idle,922,1377,0,1,2,0.0
583993033019,P1-fast-idle,922,1377,0,1,2,0.0
583993203247,P1-fast-idle,922,1377,0,1,2,0.0
583993374657,P1-fast-idle,922,1377,0,1,2,0.0
583993549364,P1-fast-idle,922,1377,0,1,2,0.0
583993720273,P1-fast-idle,923,1378,0,1,2,0.0
583993890432,P1-fast-idle,923,1378,0,1,2,0.0
583994061972,P1-fast-idle,923,1378,0,1,2,0.0
583994232050,P1-fast-idle,923,1378,0,1,2,0.0
583994407629,P1-fast-idle,923,1378,0,1,2,0.0
583994578879,P1-fast-idle,923,1378,0,1,2,0.0
583994749879,P1-fast-idle,923,1378,0,1,2,0.0
583994918734,P1-fast-idle,924,1379,0,1,2,0.0
583995090155,P1-fast-idle,924,1379,0,1,2,0.0
583995260323,P1-fast-idle,924,1379,0,1,2,0.0
583995431634,P1-fast-idle,924,1379,0,1,2,0.0
583995602934,P1-fast-idle,924,1379,0,1,2,0.0
583995773112,P1-fast-idle,924,1379,0,1,2,0.0
583995944102,P1-fast-idle,925,1380,0,1,2,0.0
583996115412,P1-fast-idle,925,1380,0,1,2,0.0
583996294928,P1-fast-idle,925,1380,0,1,2,0.0
583996466689,P1-fast-idle,925,1380,0,1,2,0.0
583996637068,P1-fast-idle,925,1380,0,1,2,0.0
583996807697,P1-fast-idle,925,1380,0,1,2,0.0
583996979097,P1-fast-idle,926,1381,0,1,2,0.0
583997154906,P1-fast-idle,926,1381,0,1,2,0.0
583997326908,P1-fast-idle,926,1381,0,1,2,0.0
583997497547,P1-fast-idle,926,1381,0,1,2,0.0
583997671362,P1-fast-idle,926,1381,0,1,2,0.0
583997841820,P1-fast-idle,926,1381,0,1,2,0.0
583998013111,P1-fast-idle,927,1382,0,1,2,0.0
583998183630,P1-fast-idle,927,1382,0,1,2,0.0
583998354830,P1-fast-idle,927,1382,0,1,2,0.0
583998525589,P1-fast-idle,927,1382,0,1,2,0.0
583998695777,P1-fast-idle,927,1382,0,1,2,0.0
583998866156,P1-fast-idle,927,1382,0,1,2,0.0
583999041243,P1-fast-idle,928,1383,0,1,2,0.0
583999211962,P1-fast-idle,928,1383,0,1,2,0.0
583999383654,P1-fast-idle,928,1383,0,1,2,0.0
583999554683,P1-fast-idle,928,1383,0,1,2,0.0
583999725162,P1-fast-idle,928,1383,0,1,2,0.0
583999901802,P1-fast-idle,928,1383,0,1,2,0.0
584000073694,P1-fast-idle,928,1383,0,1,2,0.0
584000244644,P1-fast-idle,929,1384,0,1,2,0.0
584000416204,P1-fast-idle,929,1384,0,1,2,0.0
584000587164,P1-fast-idle,929,1384,0,1,2,0.0
584000757532,P1-fast-idle,929,1384,0,1,2,0.0
584000927761,P1-fast-idle,929,1384,0,1,2,0.0
584001103510,P1-fast-idle,929,1384,0,1,2,0.0
584001274870,P1-fast-idle,930,1385,0,1,2,0.0
584001446721,P1-fast-idle,930,1385,0,1,2,0.0
584001617861,P1-fast-idle,930,1385,0,1,2,0.0
584001787899,P1-fast-idle,930,1385,0,1,2,0.0
584001957947,P1-fast-idle,930,1385,0,1,2,0.0
584002129207,P1-fast-idle,930,1385,0,1,2,0.0
584002308673,P1-fast-idle,931,1386,0,1,2,0.0
584002482488,P1-fast-idle,931,1386,0,1,2,0.0
584002652496,P1-fast-idle,931,1386,0,1,2,0.0
584002822774,P1-fast-idle,931,1386,0,1,2,0.0
584002993063,P1-fast-idle,931,1386,0,1,2,0.0
584003164854,P1-fast-idle,931,1386,0,1,2,0.0
584003336605,P1-fast-idle,931,1386,0,1,2,0.0
584003507995,P1-fast-idle,932,1388,0,1,2,0.0
584003678525,P1-fast-idle,932,1388,0,1,2,0.0
584003849043,P1-fast-idle,932,1388,0,1,2,0.0
584004019542,P1-fast-idle,932,1388,0,1,2,0.0
584004190011,P1-fast-idle,932,1388,0,1,2,0.0
584004363615,P1-fast-idle,932,1388,0,1,2,0.0
584004536549,P1-fast-idle,933,1389,0,1,2,0.0
584004704954,P1-fast-idle,933,1389,0,1,2,0.0
584004872808,P1-fast-idle,933,1389,0,1,2,0.0
584005047434,P1-fast-idle,933,1389,0,1,2,0.0
584005216590,P1-fast-idle,933,1389,0,1,2,0.0
584005386398,P1-fast-idle,933,1389,0,1,2,0.0
584005555935,P1-fast-idle,934,1390,0,1,2,0.0
584005724440,P1-fast-idle,934,1390,0,1,2,0.0
584005892404,P1-fast-idle,934,1390,0,1,2,0.0
584006060639,P1-fast-idle,934,1390,0,1,2,0.0
584006228934,P1-fast-idle,934,1390,0,1,2,0.0
584006398070,P1-fast-idle,934,1390,0,1,2,0.0
584006567687,P1-fast-idle,935,1391,0,1,2,0.0
584006741041,P1-fast-idle,935,1391,0,1,2,0.0
584006908995,P1-fast-idle,935,1391,0,1,2,0.0
584007077390,P1-fast-idle,935,1391,0,1,2,0.0
584007245624,P1-fast-idle,935,1391,0,1,2,0.0
584007414891,P1-fast-idle,935,1391,0,1,2,0.0
584007584288,P1-fast-idle,936,1392,0,1,2,0.0
584007756410,P1-fast-idle,936,1392,0,1,2,0.0
584007927499,P1-fast-idle,936,1392,0,1,2,0.0
584008096095,P1-fast-idle,936,1392,0,1,2,0.0
584008264550,P1-fast-idle,936,1392,0,1,2,0.0
584008434257,P1-fast-idle,936,1392,0,1,2,0.0
584008602702,P1-fast-idle,936,1392,0,1,2,0.0
584008771328,P1-fast-idle,937,1393,0,1,2,0.0
584008939652,P1-fast-idle,937,1393,0,1,2,0.0
584009108839,P1-fast-idle,937,1393,0,1,2,0.0
584009277464,P1-fast-idle,937,1393,0,1,2,0.0
584009449706,P1-fast-idle,937,1393,0,1,2,0.0
584009618882,P1-fast-idle,937,1393,0,1,2,0.0
584009787698,P1-fast-idle,938,1394,0,1,2,0.0
584009960531,P1-fast-idle,938,1394,0,1,2,0.0
584010131291,P1-fast-idle,938,1394,0,1,2,0.0
584010306708,P1-fast-idle,938,1394,0,1,2,0.0
584010477859,P1-fast-idle,938,1394,0,1,2,0.0
584010645642,P1-fast-idle,938,1394,0,1,2,0.0
584010814187,P1-fast-idle,939,1395,0,1,2,0.0
584010986339,P1-fast-idle,939,1395,0,1,2,0.0
584011154754,P1-fast-idle,939,1395,0,1,2,0.0
584011326696,P1-fast-idle,939,1395,0,1,2,0.0
584011497876,P1-fast-idle,939,1395,0,1,2,0.0
584011668014,P1-fast-idle,939,1395,0,1,2,0.0
584011838904,P1-fast-idle,940,1396,0,1,2,0.0
584012010554,P1-fast-idle,940,1396,0,1,2,0.0
584012181083,P1-fast-idle,940,1396,0,1,2,0.0
584012352163,P1-fast-idle,940,1396,0,1,2,0.0
584012523103,P1-fast-idle,940,1396,0,1,2,0.0
584012693121,P1-fast-idle,940,1396,0,1,2,0.0
584012863159,P1-fast-idle,940,1396,0,1,2,0.0
584013035140,P1-fast-idle,941,1397,0,1,2,0.0
584013205589,P1-fast-idle,941,1397,0,1,2,0.0
584013376859,P1-fast-idle,941,1397,0,1,2,0.0
584013547508,P1-fast-idle,941,1397,0,1,2,0.0
584013717767,P1-fast-idle,941,1397,0,1,2,0.0
584013887624,P1-fast-idle,941,1397,0,1,2,0.0
584014059586,P1-fast-idle,942,1398,0,1,2,0.0
584014230085,P1-fast-idle,942,1398,0,1,2,0.0
584014409911,P1-fast-idle,942,1398,0,1,2,0.0
584014581532,P1-fast-idle,942,1398,0,1,2,0.0
584014751620,P1-fast-idle,942,1398,0,1,2,0.0
584014921698,P1-fast-idle,942,1398,0,1,2,0.0
584015092087,P1-fast-idle,943,1399,0,1,2,0.0
584015266052,P1-fast-idle,943,1399,0,1,2,0.0
584015437573,P1-fast-idle,943,1399,0,1,2,0.0
584015608332,P1-fast-idle,943,1399,0,1,2,0.0
584015778600,P1-fast-idle,943,1399,0,1,2,0.0
584015948548,P1-fast-idle,943,1399,0,1,2,0.0
584016119147,P1-fast-idle,944,1400,0,1,2,0.0
584016297561,P1-fast-idle,944,1400,0,1,2,0.0
584016469362,P1-fast-idle,944,1400,0,1,2,0.0
584016640061,P1-fast-idle,944,1400,0,1,2,0.0
584016810870,P1-fast-idle,944,1400,0,1,2,0.0
584016980959,P1-fast-idle,944,1400,0,1,2,0.0
584017152289,P1-fast-idle,944,1400,0,1,2,0.0
584017327476,P1-fast-idle,945,1401,0,1,2,0.0
584017499238,P1-fast-idle,945,1401,0,1,2,0.0
584017673684,P1-fast-idle,945,1401,0,1,2,0.0
584017843982,P1-fast-idle,945,1401,0,1,2,0.0
584018014160,P1-fast-idle,945,1401,0,1,2,0.0
584018179690,P1-fast-idle,945,1401,0,1,2,0.0
584018346622,P1-fast-idle,946,1402,0,1,2,0.0
584018515188,P1-fast-idle,946,1402,0,1,2,0.0
584018683352,P1-fast-idle,946,1402,0,1,2,0.0
584018855975,P1-fast-idle,946,1402,0,1,2,0.0
584019031823,P1-fast-idle,946,1402,0,1,2,0.0
584019203464,P1-fast-idle,946,1402,0,1,2,0.0
584019373362,P1-fast-idle,947,1403,0,1,2,0.0
584019542338,P1-fast-idle,947,1403,0,1,2,0.0
584019710573,P1-fast-idle,947,1403,0,1,2,0.0
584019878717,P1-fast-idle,947,1403,0,1,2,0.0
584020057892,P1-fast-idle,947,1403,0,1,2,0.0
584020229193,P1-fast-idle,947,1403,0,1,2,0.0
584020398639,P1-fast-idle,948,1405,0,1,2,0.0
584020567575,P1-fast-idle,948,1405,0,1,2,0.0
584020739857,P1-fast-idle,948,1405,0,1,2,0.0
584020908022,P1-fast-idle,948,1405,0,1,2,0.0
584021079853,P1-fast-idle,948,1405,0,1,2,0.0
584021248007,P1-fast-idle,948,1405,0,1,2,0.0
584021417134,P1-fast-idle,948,1405,0,1,2,0.0
584021586180,P1-fast-idle,949,1406,0,1,2,0.0
584021754454,P1-fast-idle,949,1406,0,1,2,0.0
584021922719,P1-fast-idle,949,1406,0,1,2,0.0
584022091725,P1-fast-idle,949,1406,0,1,2,0.0
584022260180,P1-fast-idle,949,1406,0,1,2,0.0
584022429296,P1-fast-idle,949,1406,0,1,2,0.0
584022598232,P1-fast-idle,950,1407,0,1,2,0.0
584022766176,P1-fast-idle,950,1407,0,1,2,0.0
584022934231,P1-fast-idle,950,1407,0,1,2,0.0
584023103267,P1-fast-idle,950,1407,0,1,2,0.0
584023271401,P1-fast-idle,950,1407,0,1,2,0.0
584023440337,P1-fast-idle,950,1407,0,1,2,0.0
584023609513,P1-fast-idle,951,1408,0,1,2,0.0
584023777577,P1-fast-idle,951,1408,0,1,2,0.0
584023945502,P1-fast-idle,951,1408,0,1,2,0.0
584024114407,P1-fast-idle,951,1408,0,1,2,0.0
584024294704,P1-fast-idle,951,1408,0,1,2,0.0
584024466756,P1-fast-idle,951,1408,0,1,2,0.0
584024635742,P1-fast-idle,952,1409,0,1,2,0.0
584024804097,P1-fast-idle,952,1409,0,1,2,0.0
584024972061,P1-fast-idle,952,1409,0,1,2,0.0
584025141017,P1-fast-idle,952,1409,0,1,2,0.0
584025317567,P1-fast-idle,952,1409,0,1,2,0.0
584025486774,P1-fast-idle,952,1409,0,1,2,0.0
584025654798,P1-fast-idle,952,1409,0,1,2,0.0
584025823313,P1-fast-idle,953,1410,0,1,2,0.0
584025991517,P1-fast-idle,953,1410,0,1,2,0.0
584026165172,P1-fast-idle,953,1410,0,1,2,0.0
584026334489,P1-fast-idle,953,1410,0,1,2,0.0
584026503365,P1-fast-idle,953,1410,0,1,2,0.0
584026671469,P1-fast-idle,953,1410,0,1,2,0.0
584026839774,P1-fast-idle,954,1411,0,1,2,0.0
584027016825,P1-fast-idle,954,1411,0,1,2,0.0
584027185250,P1-fast-idle,954,1411,0,1,2,0.0
584027354336,P1-fast-idle,954,1411,0,1,2,0.0
584027522671,P1-fast-idle,954,1411,0,1,2,0.0
584027729097,P1-fast-idle,954,1411,0,1,2,0.0
584027898303,P1-fast-idle,955,1412,0,1,2,0.0
584028067579,P1-fast-idle,955,1412,0,1,2,0.0
584028236305,P1-fast-idle,955,1412,0,1,2,0.0
584028405502,P1-fast-idle,955,1412,0,1,2,0.0
584028574487,P1-fast-idle,955,1412,0,1,2,0.0
584028742472,P1-fast-idle,955,1412,0,1,2,0.0
584028910826,P1-fast-idle,956,1413,0,1,2,0.0
584029079782,P1-fast-idle,956,1413,0,1,2,0.0
584029247997,P1-fast-idle,956,1413,0,1,2,0.0
584029417434,P1-fast-idle,956,1413,0,1,2,0.0
584029586199,P1-fast-idle,956,1413,0,1,2,0.0
584029758060,P1-fast-idle,956,1413,0,1,2,0.0
584029926666,P1-fast-idle,956,1413,0,1,2,0.0
584030096423,P1-fast-idle,957,1414,0,1,2,0.0
584030265119,P1-fast-idle,957,1414,0,1,2,0.0
584030434616,P1-fast-idle,957,1414,0,1,2,0.0
584030602820,P1-fast-idle,957,1414,0,1,2,0.0
584030770774,P1-fast-idle,957,1414,0,1,2,0.0
584030943697,P1-fast-idle,957,1414,0,1,2,0.0
584031112854,P1-fast-idle,958,1415,0,1,2,0.0
584031285888,P1-fast-idle,958,1415,0,1,2,0.0
584031457789,P1-fast-idle,958,1415,0,1,2,0.0
584031630061,P1-fast-idle,958,1415,0,1,2,0.0
584031798255,P1-fast-idle,958,1415,0,1,2,0.0
584031966330,P1-fast-idle,958,1415,0,1,2,0.0
584032134955,P1-fast-idle,959,1416,0,1,2,0.0
584032312397,P1-fast-idle,959,1416,0,1,2,0.0
584032484328,P1-fast-idle,959,1416,0,1,2,0.0
584032652563,P1-fast-idle,959,1416,0,1,2,0.0
584032820758,P1-fast-idle,959,1416,0,1,2,0.0
584032988872,P1-fast-idle,959,1416,0,1,2,0.0
584033157527,P1-fast-idle,960,1417,0,1,2,0.0
584033326533,P1-fast-idle,960,1417,0,1,2,0.0
584033495589,P1-fast-idle,960,1417,0,1,2,0.0
584033663704,P1-fast-idle,960,1417,0,1,2,0.0
584033831938,P1-fast-idle,960,1417,0,1,2,0.0
584033999922,P1-fast-idle,960,1417,0,1,2,0.0
584034168688,P1-fast-idle,960,1417,0,1,2,0.0
584034342203,P1-fast-idle,961,1418,0,1,2,0.0
584034511359,P1-fast-idle,961,1418,0,1,2,0.0
584034679253,P1-fast-idle,961,1418,0,1,2,0.0
584034847016,P1-fast-idle,961,1418,0,1,2,0.0
584035015471,P1-fast-idle,961,1418,0,1,2,0.0
584035183496,P1-fast-idle,961,1418,0,1,2,0.0
584035353243,P1-fast-idle,962,1419,0,1,2,0.0
584035522109,P1-fast-idle,962,1419,0,1,2,0.0
584035690524,P1-fast-idle,962,1419,0,1,2,0.0
584035858548,P1-fast-idle,962,1419,0,1,2,0.0
584036027414,P1-fast-idle,962,1419,0,1,2,0.0
584036195568,P1-fast-idle,962,1419,0,1,2,0.0
584036365055,P1-fast-idle,963,1421,0,1,2,0.0
584036533921,P1-fast-idle,963,1421,0,1,2,0.0
584036701975,P1-fast-idle,963,1421,0,1,2,0.0
584036869729,P1-fast-idle,963,1421,0,1,2,0.0
584037042652,P1-fast-idle,963,1421,0,1,2,0.0
584037210776,P1-fast-idle,963,1421,0,1,2,0.0
584037379782,P1-fast-idle,963,1421,0,1,2,0.0
584037552956,P1-fast-idle,964,1422,0,1,2,0.0
584037721772,P1-fast-idle,964,1422,0,1,2,0.0
584037889916,P1-fast-idle,964,1422,0,1,2,0.0
584038058752,P1-fast-idle,964,1422,0,1,2,0.0
584038226756,P1-fast-idle,964,1422,0,1,2,0.0
584038396003,P1-fast-idle,964,1422,0,1,2,0.0
584038565179,P1-fast-idle,965,1423,0,1,2,0.0
584038733654,P1-fast-idle,965,1423,0,1,2,0.0
584038901498,P1-fast-idle,965,1423,0,1,2,0.0
584039070374,P1-fast-idle,965,1423,0,1,2,0.0
584039238267,P1-fast-idle,965,1423,0,1,2,0.0
584039407925,P1-fast-idle,965,1423,0,1,2,0.0
584039577011,P1-fast-idle,966,1424,0,1,2,0.0
584039745235,P1-fast-idle,966,1424,0,1,2,0.0
584039913129,P1-fast-idle,966,1424,0,1,2,0.0
584040081955,P1-fast-idle,966,1424,0,1,2,0.0
584040250450,P1-fast-idle,966,1424,0,1,2,0.0
584040419647,P1-fast-idle,966,1424,0,1,2,0.0
584040592871,P1-fast-idle,966,1424,0,1,2,0.0
584040761606,P1-fast-idle,967,1425,0,1,2,0.0
584040933237,P1-fast-idle,967,1425,0,1,2,0.0
584041102443,P1-fast-idle,967,1425,0,1,2,0.0
584041270458,P1-fast-idle,967,1425,0,1,2,0.0
584041440035,P1-fast-idle,967,1425,0,1,2,0.0
584041608470,P1-fast-idle,967,1425,0,1,2,0.0
584041777406,P1-fast-idle,968,1426,0,1,2,0.0
584041945820,P1-fast-idle,968,1426,0,1,2,0.0
584042114496,P1-fast-idle,968,1426,0,1,2,0.0
584042287088,P1-fast-idle,968,1426,0,1,2,0.0
584042463679,P1-fast-idle,968,1426,0,1,2,0.0
584042632635,P1-fast-idle,968,1426,0,1,2,0.0
584042801360,P1-fast-idle,969,1427,0,1,2,0.0
584042969905,P1-fast-idle,969,1427,0,1,2,0.0
584043138851,P1-fast-idle,969,1427,0,1,2,0.0
584043315341,P1-fast-idle,969,1427,0,1,2,0.0
584043485319,P1-fast-idle,969,1427,0,1,2,0.0
584043653524,P1-fast-idle,969,1427,0,1,2,0.0
584043822049,P1-fast-idle,970,1428,0,1,2,0.0
584043990454,P1-fast-idle,970,1428,0,1,2,0.0
584044164569,P1-fast-idle,970,1428,0,1,2,0.0
584044334327,P1-fast-idle,970,1428,0,1,2,0.0
584044503232,P1-fast-idle,970,1428,0,1,2,0.0
584044671056,P1-fast-idle,970,1428,0,1,2,0.0
584044839000,P1-fast-idle,970,1428,0,1,2,0.0
584045008447,P1-fast-idle,971,1429,0,1,2,0.0
584045176792,P1-fast-idle,971,1429,0,1,2,0.0
584045345858,P1-fast-idle,971,1429,0,1,2,0.0
584045514864,P1-fast-idle,971,1429,0,1,2,0.0
584045682978,P1-fast-idle,971,1429,0,1,2,0.0
584045850742,P1-fast-idle,971,1429,0,1,2,0.0
584046020179,P1-fast-idle,972,1430,0,1,2,0.0
584046188484,P1-fast-idle,972,1430,0,1,2,0.0
584046357650,P1-fast-idle,972,1430,0,1,2,0.0
584046526135,P1-fast-idle,972,1430,0,1,2,0.0
584046694049,P1-fast-idle,972,1430,0,1,2,0.0
584046861833,P1-fast-idle,972,1430,0,1,2,0.0
584047031190,P1-fast-idle,973,1431,0,1,2,0.0
584047199715,P1-fast-idle,973,1431,0,1,2,0.0
584047368961,P1-fast-idle,973,1431,0,1,2,0.0
584047541664,P1-fast-idle,973,1431,0,1,2,0.0
584047709929,P1-fast-idle,973,1431,0,1,2,0.0
584047880948,P1-fast-idle,973,1431,0,1,2,0.0
584048050025,P1-fast-idle,973,1431,0,1,2,0.0
584048218760,P1-fast-idle,974,1432,0,1,2,0.0
584048388147,P1-fast-idle,974,1432,0,1,2,0.0
584048556852,P1-fast-idle,974,1432,0,1,2,0.0
584048724877,P1-fast-idle,974,1432,0,1,2,0.0
584048892831,P1-fast-idle,974,1432,0,1,2,0.0
584049059893,P1-fast-idle,974,1432,0,1,2,0.0
584049226585,P1-fast-idle,975,1433,0,1,2,0.0
584049393948,P1-fast-idle,975,1433,0,1,2,0.0
584049560429,P1-fast-idle,975,1433,0,1,2,0.0
584049726409,P1-fast-idle,975,1433,0,1,2,0.0
584049892280,P1-fast-idle,975,1433,0,1,2,0.0
584050153337,P1-fast-idle,975,1433,0,1,2,0.0
584050325991,P1-fast-idle,976,1434,0,1,2,0.0
584050496129,P1-fast-idle,976,1434,0,1,2,0.0
584050664423,P1-fast-idle,976,1434,0,1,2,0.0
584050837397,P1-fast-idle,976,1434,0,1,2,0.0
584051005902,P1-fast-idle,976,1434,0,1,2,0.0
584051172774,P1-fast-idle,976,1434,0,1,2,0.0
584051307290,P1-fast-idle,977,1435,0,1,2,0.0
584051479993,P1-fast-idle,977,1435,0,1,2,0.0
584051648609,P1-fast-idle,977,1435,0,1,2,0.0
584051817134,P1-fast-idle,977,1435,0,1,2,0.0
584051984968,P1-fast-idle,977,1435,0,1,2,0.0
584052153783,P1-fast-idle,977,1435,0,1,2,0.0
584052328420,P1-fast-idle,977,1435,0,1,2,0.0
584052501674,P1-fast-idle,978,1437,0,1,2,0.0
584052670660,P1-fast-idle,978,1437,0,1,2,0.0
584052838544,P1-fast-idle,978,1437,0,1,2,0.0
584053006338,P1-fast-idle,978,1437,0,1,2,0.0
584053175363,P1-fast-idle,978,1437,0,1,2,0.0
584053349549,P1-fast-idle,978,1437,0,1,2,0.0
584053520489,P1-fast-idle,979,1438,0,1,2,0.0
584053689445,P1-fast-idle,979,1438,0,1,2,0.0
584053857499,P1-fast-idle,979,1438,0,1,2,0.0
584054024391,P1-fast-idle,979,1438,0,1,2,0.0
584054194259,P1-fast-idle,979,1438,0,1,2,0.0
584054360450,P1-fast-idle,979,1438,0,1,2,0.0
584054535517,P1-fast-idle,980,1439,0,1,2,0.0
584054705335,P1-fast-idle,980,1439,0,1,2,0.0
584054873028,P1-fast-idle,980,1439,0,1,2,0.0
584055041994,P1-fast-idle,980,1439,0,1,2,0.0
584055209888,P1-fast-idle,980,1439,0,1,2,0.0
584055377852,P1-fast-idle,980,1439,0,1,2,0.0
584055555554,P1-fast-idle,980,1439,0,1,2,0.0
584055728297,P1-fast-idle,981,1440,0,1,2,0.0
584055896953,P1-fast-idle,981,1440,0,1,2,0.0
584056065828,P1-fast-idle,981,1440,0,1,2,0.0
584056233642,P1-fast-idle,981,1440,0,1,2,0.0
584056401486,P1-fast-idle,981,1440,0,1,2,0.0
584056570001,P1-fast-idle,981,1440,0,1,2,0.0
584056740440,P1-fast-idle,982,1441,0,1,2,0.0
584056909887,P1-fast-idle,982,1441,0,1,2,0.0
584057041468,P1-fast-idle,982,1441,0,1,2,0.0
584057211155,P1-fast-idle,982,1441,0,1,2,0.0
584057429934,P1-fast-idle,982,1441,0,1,2,0.0
584057599291,P1-fast-idle,982,1441,0,1,2,0.0
584057768798,P1-fast-idle,983,1442,0,1,2,0.0
584057937283,P1-fast-idle,983,1442,0,1,2,0.0
584058104095,P1-fast-idle,983,1442,0,1,2,0.0
584058290123,P1-fast-idle,983,1442,0,1,2,0.0
584058464539,P1-fast-idle,983,1442,0,1,2,0.0
584058639075,P1-fast-idle,983,1442,0,1,2,0.0
584058810325,P1-fast-idle,984,1443,0,1,2,0.0
584058980994,P1-fast-idle,984,1443,0,1,2,0.0
584059152215,P1-fast-idle,984,1443,0,1,2,0.0
584059325659,P1-fast-idle,984,1443,0,1,2,0.0
584059496719,P1-fast-idle,984,1443,0,1,2,0.0
584059667087,P1-fast-idle,984,1443,0,1,2,0.0
584059837666,P1-fast-idle,985,1444,0,1,2,0.0
584060008376,P1-fast-idle,985,1444,0,1,2,0.0
584060179616,P1-fast-idle,985,1444,0,1,2,0.0
584060350185,P1-fast-idle,985,1444,0,1,2,0.0
584060519621,P1-fast-idle,985,1444,0,1,2,0.0
584060688397,P1-fast-idle,985,1444,0,1,2,0.0
584060861050,P1-fast-idle,985,1444,0,1,2,0.0
584061030857,P1-fast-idle,986,1445,0,1,2,0.0
584061198982,P1-fast-idle,986,1445,0,1,2,0.0
584061368529,P1-fast-idle,986,1445,0,1,2,0.0
584061537074,P1-fast-idle,986,1445,0,1,2,0.0
584061705178,P1-fast-idle,986,1445,0,1,2,0.0
584061873804,P1-fast-idle,986,1445,0,1,2,0.0
584062043351,P1-fast-idle,987,1446,0,1,2,0.0
584062215573,P1-fast-idle,987,1446,0,1,2,0.0
584062385100,P1-fast-idle,987,1446,0,1,2,0.0
584062554106,P1-fast-idle,987,1446,0,1,2,0.0
584062722130,P1-fast-idle,987,1446,0,1,2,0.0
584062890144,P1-fast-idle,987,1446,0,1,2,0.0
584063058689,P1-fast-idle,988,1447,0,1,2,0.0
584063226914,P1-fast-idle,988,1447,0,1,2,0.0
584063395980,P1-fast-idle,988,1447,0,1,2,0.0
584063564605,P1-fast-idle,988,1447,0,1,2,0.0
584063732369,P1-fast-idle,988,1447,0,1,2,0.0
584063900523,P1-fast-idle,988,1447,0,1,2,0.0
584064075410,P1-fast-idle,988,1447,0,1,2,0.0
584064244326,P1-fast-idle,989,1448,0,1,2,0.0
584064413954,P1-fast-idle,989,1448,0,1,2,0.0
584064582639,P1-fast-idle,989,1448,0,1,2,0.0
584064750953,P1-fast-idle,989,1448,0,1,2,0.0
584064919178,P1-fast-idle,989,1448,0,1,2,0.0
584065088234,P1-fast-idle,989,1448,0,1,2,0.0
584065257090,P1-fast-idle,990,1449,0,1,2,0.0
584065426296,P1-fast-idle,990,1449,0,1,2,0.0
584065595032,P1-fast-idle,990,1449,0,1,2,0.0
584065763086,P1-fast-idle,990,1449,0,1,2,0.0
584065931200,P1-fast-idle,990,1449,0,1,2,0.0
584066100657,P1-fast-idle,990,1449,0,1,2,0.0
584066270094,P1-fast-idle,991,1450,0,1,2,0.0
584066440082,P1-fast-idle,991,1450,0,1,2,0.0
584066608707,P1-fast-idle,991,1450,0,1,2,0.0
584066776862,P1-fast-idle,991,1450,0,1,2,0.0
584066944976,P1-fast-idle,991,1450,0,1,2,0.0
584067113611,P1-fast-idle,991,1450,0,1,2,0.0
584067287687,P1-fast-idle,992,1451,0,1,2,0.0
584067465880,P1-fast-idle,992,1451,0,1,2,0.0
584067634806,P1-fast-idle,992,1451,0,1,2,0.0
584067802911,P1-fast-idle,992,1451,0,1,2,0.0
584067971105,P1-fast-idle,992,1451,0,1,2,0.0
584068140862,P1-fast-idle,992,1451,0,1,2,0.0
584068317232,P1-fast-idle,992,1451,0,1,2,0.0
584068487651,P1-fast-idle,993,1453,0,1,2,0.0
584068656166,P1-fast-idle,993,1453,0,1,2,0.0
584068824381,P1-fast-idle,993,1453,0,1,2,0.0
584068991904,P1-fast-idle,993,1453,0,1,2,0.0
584069161170,P1-fast-idle,993,1453,0,1,2,0.0
584069330998,P1-fast-idle,993,1453,0,1,2,0.0
584069508780,P1-fast-idle,994,1454,0,1,2,0.0
584069677566,P1-fast-idle,994,1454,0,1,2,0.0
584069845690,P1-fast-idle,994,1454,0,1,2,0.0
584070011731,P1-fast-idle,994,1454,0,1,2,0.0
584070178062,P1-fast-idle,994,1454,0,1,2,0.0
584070363318,P1-fast-idle,994,1454,0,1,2,0.0
584070538235,P1-fast-idle,995,1455,0,1,2,0.0
584070712661,P1-fast-idle,995,1455,0,1,2,0.0
584070882850,P1-fast-idle,995,1455,0,1,2,0.0
584071054160,P1-fast-idle,995,1455,0,1,2,0.0
584071224448,P1-fast-idle,995,1455,0,1,2,0.0
584071396099,P1-fast-idle,995,1455,0,1,2,0.0
584071567310,P1-fast-idle,996,1456,0,1,2,0.0
584071737798,P1-fast-idle,996,1456,0,1,2,0.0
584071907766,P1-fast-idle,996,1456,0,1,2,0.0
584072078876,P1-fast-idle,996,1456,0,1,2,0.0
584072249024,P1-fast-idle,996,1456,0,1,2,0.0
584072420455,P1-fast-idle,996,1456,0,1,2,0.0
584072591324,P1-fast-idle,996,1456,0,1,2,0.0
584072760130,P1-fast-idle,997,1457,0,1,2,0.0
584072930218,P1-fast-idle,997,1457,0,1,2,0.0
584073105826,P1-fast-idle,997,1457,0,1,2,0.0
584073276465,P1-fast-idle,997,1457,0,1,2,0.0
584073449619,P1-fast-idle,997,1457,0,1,2,0.0
584073620799,P1-fast-idle,997,1457,0,1,2,0.0
584073791599,P1-fast-idle,998,1458,0,1,2,0.0
584073962077,P1-fast-idle,998,1458,0,1,2,0.0
584074137035,P1-fast-idle,998,1458,0,1,2,0.0
584074317232,P1-fast-idle,998,1458,0,1,2,0.0
584074489173,P1-fast-idle,998,1458,0,1,2,0.0
584074659131,P1-fast-idle,998,1458,0,1,2,0.0
584074830321,P1-fast-idle,999,1459,0,1,2,0.0
584075005238,P1-fast-idle,999,1459,0,1,2,0.0
584075176488,P1-fast-idle,999,1459,0,1,2,0.0
584075347708,P1-fast-idle,999,1459,0,1,2,0.0
584075519149,P1-fast-idle,999,1459,0,1,2,0.0
584075689438,P1-fast-idle,999,1459,0,1,2,0.0
584075860347,P1-fast-idle,1000,1460,0,1,2,0.0
584076031277,P1-fast-idle,1000,1460,0,1,2,0.0
584076201385,P1-fast-idle,1000,1460,0,1,2,0.0
584076372705,P1-fast-idle,1000,1460,0,1,2,0.0
584076543765,P1-fast-idle,1000,1460,0,1,2,0.0
584076714013,P1-fast-idle,1000,1460,0,1,2,0.0
584076884793,P1-fast-idle,1001,1461,0,1,2,0.0
584077056003,P1-fast-idle,1001,1461,0,1,2,0.0
584077226251,P1-fast-idle,1001,1461,0,1,2,0.0
584077401419,P1-fast-idle,1001,1461,0,1,2,0.0
584077572689,P1-fast-idle,1001,1461,0,1,2,0.0
584077742857,P1-fast-idle,1001,1461,0,1,2,0.0
584077913096,P1-fast-idle,1001,1461,0,1,2,0.0
584078084857,P1-fast-idle,1002,1462,0,1,2,0.0
584078255255,P1-fast-idle,1002,1462,0,1,2,0.0
584078426776,P1-fast-idle,1002,1462,0,1,2,0.0
584078597535,P1-fast-idle,1002,1462,0,1,2,0.0
584078767694,P1-fast-idle,1002,1462,0,1,2,0.0
584078937541,P1-fast-idle,1002,1462,0,1,2,0.0
584079121966,P1-fast-idle,1003,1463,0,1,2,0.0
584079304557,P1-fast-idle,1003,1463,0,1,2,0.0
584079478062,P1-fast-idle,1003,1463,0,1,2,0.0
584079648651,P1-fast-idle,1003,1463,0,1,2,0.0
584079818789,P1-fast-idle,1003,1463,0,1,2,0.0
584079989027,P1-fast-idle,1003,1463,0,1,2,0.0
584080159897,P1-fast-idle,1004,1464,0,1,2,0.0
584080331728,P1-fast-idle,1004,1464,0,1,2,0.0
584080506775,P1-fast-idle,1004,1464,0,1,2,0.0
584080677715,P1-fast-idle,1004,1464,0,1,2,0.0
584080851219,P1-fast-idle,1004,1464,0,1,2,0.0
584081022390,P1-fast-idle,1004,1464,0,1,2,0.0
584081193149,P1-fast-idle,1005,1465,0,1,2,0.0
584081364529,P1-fast-idle,1005,1465,0,1,2,0.0
584081535770,P1-fast-idle,1005,1465,0,1,2,0.0
584081705897,P1-fast-idle,1005,1465,0,1,2,0.0
584081875935,P1-fast-idle,1005,1465,0,1,2,0.0
584082047035,P1-fast-idle,1005,1465,0,1,2,0.0
584082212825,P1-fast-idle,1006,1466,0,1,2,0.0
584082382102,P1-fast-idle,1006,1466,0,1,2,0.0
584082550797,P1-fast-idle,1006,1466,0,1,2,0.0
584082718811,P1-fast-idle,1006,1466,0,1,2,0.0
584082886716,P1-fast-idle,1006,1466,0,1,2,0.0
584083057004,P1-fast-idle,1006,1466,0,1,2,0.0
584083227633,P1-fast-idle,1006,1466,0,1,2,0.0
584083399584,P1-fast-idle,1007,1467,0,1,2,0.0
584083570604,P1-fast-idle,1007,1467,0,1,2,0.0
584083740542,P1-fast-idle,1007,1467,0,1,2,0.0
584083910780,P1-fast-idle,1007,1467,0,1,2,0.0
584084088403,P1-fast-idle,1007,1467,0,1,2,0.0
584084258591,P1-fast-idle,1007,1467,0,1,2,0.0
584084431344,P1-fast-idle,1008,1469,0,1,2,0.0
584084602584,P1-fast-idle,1008,1469,0,1,2,0.0
584084772582,P1-fast-idle,1008,1469,0,1,2,0.0
584084952058,P1-fast-idle,1008,1469,0,1,2,0.0
584085122997,P1-fast-idle,1008,1469,0,1,2,0.0
584085303916,P1-fast-idle,1008,1469,0,1,2,0.0
584085478141,P1-fast-idle,1009,1470,0,1,2,0.0
584085648480,P1-fast-idle,1009,1470,0,1,2,0.0
584085818778,P1-fast-idle,1009,1470,0,1,2,0.0
584085993124,P1-fast-idle,1009,1470,0,1,2,0.0
584086164385,P1-fast-idle,1009,1470,0,1,2,0.0
584086335204,P1-fast-idle,1009,1470,0,1,2,0.0
584086506645,P1-fast-idle,1010,1471,0,1,2,0.0
584086676943,P1-fast-idle,1010,1471,0,1,2,0.0
584086847111,P1-fast-idle,1010,1471,0,1,2,0.0
584087017810,P1-fast-idle,1010,1471,0,1,2,0.0
584087187568,P1-fast-idle,1010,1471,0,1,2,0.0
584087358748,P1-fast-idle,1010,1471,0,1,2,0.0
584087533514,P1-fast-idle,1010,1471,0,1,2,0.0
584087702400,P1-fast-idle,1011,1472,0,1,2,0.0
584087872579,P1-fast-idle,1011,1472,0,1,2,0.0
584088043729,P1-fast-idle,1011,1472,0,1,2,0.0
584088214157,P1-fast-idle,1011,1472,0,1,2,0.0
584088385658,P1-fast-idle,1011,1472,0,1,2,0.0
584088556137,P1-fast-idle,1011,1472,0,1,2,0.0
584088726696,P1-fast-idle,1012,1473,0,1,2,0.0
584088897275,P1-fast-idle,1012,1473,0,1,2,0.0
584089069046,P1-fast-idle,1012,1473,0,1,2,0.0
584089239374,P1-fast-idle,1012,1473,0,1,2,0.0
584089410945,P1-fast-idle,1012,1473,0,1,2,0.0
584089581664,P1-fast-idle,1012,1473,0,1,2,0.0
584089752454,P1-fast-idle,1013,1474,0,1,2,0.0
584089922602,P1-fast-idle,1013,1474,0,1,2,0.0
584090094002,P1-fast-idle,1013,1474,0,1,2,0.0
584090264672,P1-fast-idle,1013,1474,0,1,2,0.0
584090436082,P1-fast-idle,1013,1474,0,1,2,0.0
584090606932,P1-fast-idle,1013,1474,0,1,2,0.0
584090781909,P1-fast-idle,1014,1475,0,1,2,0.0
584090952638,P1-fast-idle,1014,1475,0,1,2,0.0
584091123738,P1-fast-idle,1014,1475,0,1,2,0.0
584091304777,P1-fast-idle,1014,1475,0,1,2,0.0
584091483340,P1-fast-idle,1014,1475,0,1,2,0.0
584091653619,P1-fast-idle,1014,1475,0,1,2,0.0
584091824378,P1-fast-idle,1015,1476,0,1,2,0.0
584091994556,P1-fast-idle,1015,1476,0,1,2,0.0
584092165796,P1-fast-idle,1015,1476,0,1,2,0.0
584092337998,P1-fast-idle,1015,1476,0,1,2,0.0
584092508928,P1-fast-idle,1015,1476,0,1,2,0.0
584092678986,P1-fast-idle,1015,1476,0,1,2,0.0
584092849144,P1-fast-idle,1015,1476,0,1,2,0.0
584093020224,P1-fast-idle,1016,1477,0,1,2,0.0
584093190423,P1-fast-idle,1016,1477,0,1,2,0.0
584093361793,P1-fast-idle,1016,1477,0,1,2,0.0
584093532312,P1-fast-idle,1016,1477,0,1,2,0.0
584093702460,P1-fast-idle,1016,1477,0,1,2,0.0
584093872698,P1-fast-idle,1016,1477,0,1,2,0.0
584094044339,P1-fast-idle,1017,1478,0,1,2,0.0
584094219036,P1-fast-idle,1017,1478,0,1,2,0.0
584094390657,P1-fast-idle,1017,1478,0,1,2,0.0
584094561356,P1-fast-idle,1017,1478,0,1,2,0.0
584094731494,P1-fast-idle,1017,1478,0,1,2,0.0
584094905209,P1-fast-idle,1017,1478,0,1,2,0.0
584095076379,P1-fast-idle,1018,1479,0,1,2,0.0
584095246748,P1-fast-idle,1018,1479,0,1,2,0.0
584095418418,P1-fast-idle,1018,1479,0,1,2,0.0
584095589178,P1-fast-idle,1018,1479,0,1,2,0.0
584095759266,P1-fast-idle,1018,1479,0,1,2,0.0
584095929584,P1-fast-idle,1018,1479,0,1,2,0.0
584096100394,P1-fast-idle,1019,1480,0,1,2,0.0
584096270602,P1-fast-idle,1019,1480,0,1,2,0.0
584096442143,P1-fast-idle,1019,1480,0,1,2,0.0
584096612862,P1-fast-idle,1019,1480,0,1,2,0.0
584096782790,P1-fast-idle,1019,1480,0,1,2,0.0
584096957406,P1-fast-idle,1019,1480,0,1,2,0.0
584097128667,P1-fast-idle,1019,1480,0,1,2,0.0
584097308232,P1-fast-idle,1020,1481,0,1,2,0.0
584097485013,P1-fast-idle,1020,1481,0,1,2,0.0
584097655622,P1-fast-idle,1020,1481,0,1,2,0.0
584097825650,P1-fast-idle,1020,1481,0,1,2,0.0
584097995738,P1-fast-idle,1020,1481,0,1,2,0.0
584098167078,P1-fast-idle,1020,1481,0,1,2,0.0
584098339571,P1-fast-idle,1021,1482,0,1,2,0.0
584098510761,P1-fast-idle,1021,1482,0,1,2,0.0
584098680638,P1-fast-idle,1021,1482,0,1,2,0.0
584098850847,P1-fast-idle,1021,1482,0,1,2,0.0
584099021055,P1-fast-idle,1021,1482,0,1,2,0.0
584099202414,P1-fast-idle,1021,1482,0,1,2,0.0
584099374376,P1-fast-idle,1022,1483,0,1,2,0.0
584099547089,P1-fast-idle,1022,1483,0,1,2,0.0
584099717317,P1-fast-idle,1022,1483,0,1,2,0.0
584099887315,P1-fast-idle,1022,1483,0,1,2,0.0
584100058585,P1-fast-idle,1022,1483,0,1,2,0.0
584100228743,P1-fast-idle,1022,1483,0,1,2,0.0
584100400605,P1-fast-idle,1023,1485,0,1,2,0.0
584100579429,P1-fast-idle,1023,1485,0,1,2,0.0
584100750359,P1-fast-idle,1023,1485,0,1,2,0.0
584100924344,P1-fast-idle,1023,1485,0,1,2,0.0
584101095454,P1-fast-idle,1023,1485,0,1,2,0.0
584101265812,P1-fast-idle,1023,1485,0,1,2,0.0
584101438075,P1-fast-idle,1024,1486,0,1,2,0.0
584101609094,P1-fast-idle,1024,1486,0,1,2,0.0
584101778982,P1-fast-idle,1024,1486,0,1,2,0.0
584101948880,P1-fast-idle,1024,1486,0,1,2,0.0
584102119719,P1-fast-idle,1024,1486,0,1,2,0.0
584102305216,P1-fast-idle,1024,1486,0,1,2,0.0
584102479041,P1-fast-idle,1024,1486,0,1,2,0.0
584102647727,P1-fast-idle,1025,1487,0,1,2,0.0
584102818125,P1-fast-idle,1025,1487,0,1,2,0.0
584102988203,P1-fast-idle,1025,1487,0,1,2,0.0
584103159444,P1-fast-idle,1025,1487,0,1,2,0.0
584103331004,P1-fast-idle,1025,1487,0,1,2,0.0
584103502325,P1-fast-idle,1025,1487,0,1,2,0.0
584103672964,P1-fast-idle,1026,1488,0,1,2,0.0
584103843372,P1-fast-idle,1026,1488,0,1,2,0.0
584104014392,P1-fast-idle,1026,1488,0,1,2,0.0
584104188748,P1-fast-idle,1026,1488,0,1,2,0.0
584104359978,P1-fast-idle,1026,1488,0,1,2,0.0
584104530828,P1-fast-idle,1026,1488,0,1,2,0.0
584104701447,P1-fast-idle,1027,1489,0,1,2,0.0
584104871725,P1-fast-idle,1027,1489,0,1,2,0.0
584105042655,P1-fast-idle,1027,1489,0,1,2,0.0
584105212713,P1-fast-idle,1027,1489,0,1,2,0.0
584105384204,P1-fast-idle,1027,1489,0,1,2,0.0
584105555143,P1-fast-idle,1027,1489,0,1,2,0.0
584105725742,P1-fast-idle,1028,1490,0,1,2,0.0
584105900008,P1-fast-idle,1028,1490,0,1,2,0.0
584106071078,P1-fast-idle,1028,1490,0,1,2,0.0
584106241356,P1-fast-idle,1028,1490,0,1,2,0.0
584106413208,P1-fast-idle,1028,1490,0,1,2,0.0
584106583987,P1-fast-idle,1028,1490,0,1,2,0.0
584106754286,P1-fast-idle,1028,1490,0,1,2,0.0
584106923201,P1-fast-idle,1029,1491,0,1,2,0.0
584107094331,P1-fast-idle,1029,1491,0,1,2,0.0
584107264420,P1-fast-idle,1029,1491,0,1,2,0.0
584107435930,P1-fast-idle,1029,1491,0,1,2,0.0
584107610667,P1-fast-idle,1029,1491,0,1,2,0.0
584107783931,P1-fast-idle,1029,1491,0,1,2,0.0
584107954971,P1-fast-idle,1030,1492,0,1,2,0.0
584108126121,P1-fast-idle,1030,1492,0,1,2,0.0
584108306498,P1-fast-idle,1030,1492,0,1,2,0.0
584108480113,P1-fast-idle,1030,1492,0,1,2,0.0
584108650140,P1-fast-idle,1030,1492,0,1,2,0.0
584108820269,P1-fast-idle,1030,1492,0,1,2,0.0
584108991249,P1-fast-idle,1031,1493,0,1,2,0.0
584109162288,P1-fast-idle,1031,1493,0,1,2,0.0
584109333799,P1-fast-idle,1031,1493,0,1,2,0.0
584109504398,P1-fast-idle,1031,1493,0,1,2,0.0
584109674636,P1-fast-idle,1031,1493,0,1,2,0.0
584109844765,P1-fast-idle,1031,1493,0,1,2,0.0
584110015774,P1-fast-idle,1032,1494,0,1,2,0.0
584110185932,P1-fast-idle,1032,1494,0,1,2,0.0
584110358485,P1-fast-idle,1032,1494,0,1,2,0.0
584110529314,P1-fast-idle,1032,1494,0,1,2,0.0
584110699613,P1-fast-idle,1032,1494,0,1,2,0.0
584110873919,P1-fast-idle,1032,1494,0,1,2,0.0
584111045069,P1-fast-idle,1033,1495,0,1,2,0.0
584111215468,P1-fast-idle,1033,1495,0,1,2,0.0
584111386968,P1-fast-idle,1033,1495,0,1,2,0.0
584111558178,P1-fast-idle,1033,1495,0,1,2,0.0
584111728347,P1-fast-idle,1033,1495,0,1,2,0.0
584111898465,P1-fast-idle,1033,1495,0,1,2,0.0
584112069505,P1-fast-idle,1033,1495,0,1,2,0.0
584112240504,P1-fast-idle,1034,1496,0,1,2,0.0
584112411754,P1-fast-idle,1034,1496,0,1,2,0.0
584112582474,P1-fast-idle,1034,1496,0,1,2,0.0
584112752422,P1-fast-idle,1034,1496,0,1,2,0.0
584112922890,P1-fast-idle,1034,1496,0,1,2,0.0
584113093810,P1-fast-idle,1034,1496,0,1,2,0.0
584113269168,P1-fast-idle,1035,1497,0,1,2,0.0
584113441189,P1-fast-idle,1035,1497,0,1,2,0.0
584113611688,P1-fast-idle,1035,1497,0,1,2,0.0
584113781806,P1-fast-idle,1035,1497,0,1,2,0.0
584113951624,P1-fast-idle,1035,1497,0,1,2,0.0
584114122694,P1-fast-idle,1035,1497,0,1,2,0.0
584114307920,P1-fast-idle,1036,1498,0,1,2,0.0
584114481555,P1-fast-idle,1036,1498,0,1,2,0.0
584114651733,P1-fast-idle,1036,1498,0,1,2,0.0
584114821631,P1-fast-idle,1036,1498,0,1,2,0.0
584114991829,P1-fast-idle,1036,1498,0,1,2,0.0
584115162558,P1-fast-idle,1036,1498,0,1,2,0.0
584115334780,P1-fast-idle,1037,1500,0,1,2,0.0
584115505760,P1-fast-idle,1037,1500,0,1,2,0.0
584115675748,P1-fast-idle,1037,1500,0,1,2,0.0
584115845756,P1-fast-idle,1037,1500,0,1,2,0.0
584116016014,P1-fast-idle,1037,1500,0,1,2,0.0
584116185912,P1-fast-idle,1037,1500,0,1,2,0.0
584116357282,P1-fast-idle,1037,1500,0,1,2,0.0
584116528943,P1-fast-idle,1038,1501,0,1,2,0.0
584116699091,P1-fast-idle,1038,1501,0,1,2,0.0
584116873147,P1-fast-idle,1038,1501,0,1,2,0.0
584117044447,P1-fast-idle,1038,1501,0,1,2,0.0
584117214826,P1-fast-idle,1038,1501,0,1,2,0.0
584117386627,P1-fast-idle,1038,1501,0,1,2,0.0
584117562115,P1-fast-idle,1039,1502,0,1,2,0.0
584117732443,P1-fast-idle,1039,1502,0,1,2,0.0
584117902391,P1-fast-idle,1039,1502,0,1,2,0.0
584118073281,P1-fast-idle,1039,1502,0,1,2,0.0
584118243609,P1-fast-idle,1039,1502,0,1,2,0.0
584118415711,P1-fast-idle,1039,1502,0,1,2,0.0
584118586961,P1-fast-idle,1040,1503,0,1,2,0.0
584118761037,P1-fast-idle,1040,1503,0,1,2,0.0
584118931536,P1-fast-idle,1040,1503,0,1,2,0.0
584119102165,P1-fast-idle,1040,1503,0,1,2,0.0
584119272393,P1-fast-idle,1040,1503,0,1,2,0.0
584119444515,P1-fast-idle,1040,1503,0,1,2,0.0
584119616246,P1-fast-idle,1041,1504,0,1,2,0.0
584119786875,P1-fast-idle,1041,1504,0,1,2,0.0
584119957614,P1-fast-idle,1041,1504,0,1,2,0.0
584120129065,P1-fast-idle,1041,1504,0,1,2,0.0
584120308150,P1-fast-idle,1041,1504,0,1,2,0.0
584120482736,P1-fast-idle,1041,1504,0,1,2,0.0
584120653916,P1-fast-idle,1042,1505,0,1,2,0.0
584120824556,P1-fast-idle,1042,1505,0,1,2,0.0
584120999492,P1-fast-idle,1042,1505,0,1,2,0.0
584121170713,P1-fast-idle,1042,1505,0,1,2,0.0
584121341953,P1-fast-idle,1042,1505,0,1,2,0.0
584121513163,P1-fast-idle,1042,1505,0,1,2,0.0
584121684223,P1-fast-idle,1042,1505,0,1,2,0.0
584121855343,P1-fast-idle,1043,1506,0,1,2,0.0
584122026272,P1-fast-idle,1043,1506,0,1,2,0.0
584122191602,P1-fast-idle,1043,1506,0,1,2,0.0
584122358203,P1-fast-idle,1043,1506,0,1,2,0.0
584122523853,P1-fast-idle,1043,1506,0,1,2,0.0
584122689132,P1-fast-idle,1043,1506,0,1,2,0.0
584122854702,P1-fast-idle,1044,1507,0,1,2,0.0
584123024890,P1-fast-idle,1044,1507,0,1,2,0.0
584123194086,P1-fast-idle,1044,1507,0,1,2,0.0
584123363974,P1-fast-idle,1044,1507,0,1,2,0.0
584123532910,P1-fast-idle,1044,1507,0,1,2,0.0
584123701235,P1-fast-idle,1044,1507,0,1,2,0.0
584123869760,P1-fast-idle,1045,1508,0,1,2,0.0
584124039096,P1-fast-idle,1045,1508,0,1,2,0.0
584124217079,P1-fast-idle,1045,1508,0,1,2,0.0
584124386326,P1-fast-idle,1045,1508,0,1,2,0.0
584124554821,P1-fast-idle,1045,1508,0,1,2,0.0
584124723506,P1-fast-idle,1045,1508,0,1,2,0.0
584124891400,P1-fast-idle,1045,1508,0,1,2,0.0
584125058743,P1-fast-idle,1046,1509,0,1,2,0.0
584125285687,P1-fast-idle,1046,1509,0,1,2,0.0
584125459242,P1-fast-idle,1046,1509,0,1,2,0.0
584125629861,P1-fast-idle,1046,1509,0,1,2,0.0
584125800310,P1-fast-idle,1046,1509,0,1,2,0.0
584125970608,P1-fast-idle,1046,1509,0,1,2,0.0
584126140436,P1-fast-idle,1047,1510,0,1,2,0.0
584126310664,P1-fast-idle,1047,1510,0,1,2,0.0
584126481022,P1-fast-idle,1047,1510,0,1,2,0.0
584126651351,P1-fast-idle,1047,1510,0,1,2,0.0
584126821409,P1-fast-idle,1047,1510,0,1,2,0.0
584126991307,P1-fast-idle,1047,1510,0,1,2,0.0
584127162076,P1-fast-idle,1048,1511,0,1,2,0.0
584127332194,P1-fast-idle,1048,1511,0,1,2,0.0
584127502132,P1-fast-idle,1048,1511,0,1,2,0.0
584127677229,P1-fast-idle,1048,1511,0,1,2,0.0
584127850964,P1-fast-idle,1048,1511,0,1,2,0.0
584128022154,P1-fast-idle,1048,1511,0,1,2,0.0
584128192923,P1-fast-idle,1049,1512,0,1,2,0.0
584128363132,P1-fast-idle,1049,1512,0,1,2,0.0
584128533030,P1-fast-idle,1049,1512,0,1,2,0.0
584128702887,P1-fast-idle,1049,1512,0,1,2,0.0
584128873075,P1-fast-idle,1049,1512,0,1,2,0.0
584129043965,P1-fast-idle,1049,1512,0,1,2,0.0
584129214534,P1-fast-idle,1050,1513,0,1,2,0.0
584129384692,P1-fast-idle,1050,1513,0,1,2,0.0
584129556714,P1-fast-idle,1050,1513,0,1,2,0.0
584129730458,P1-fast-idle,1050,1513,0,1,2,0.0
584129900587,P1-fast-idle,1050,1513,0,1,2,0.0
584130071656,P1-fast-idle,1050,1513,0,1,2,0.0
584130251833,P1-fast-idle,1050,1513,0,1,2,0.0
584130427261,P1-fast-idle,1051,1515,0,1,2,0.0
584130597740,P1-fast-idle,1051,1515,0,1,2,0.0
584130776074,P1-fast-idle,1051,1515,0,1,2,0.0
584130953505,P1-fast-idle,1051,1515,0,1,2,0.0
584131125197,P1-fast-idle,1051,1515,0,1,2,0.0
584131306686,P1-fast-idle,1051,1515,0,1,2,0.0
584131478487,P1-fast-idle,1052,1516,0,1,2,0.0
584131648585,P1-fast-idle,1052,1516,0,1,2,0.0
584131818844,P1-fast-idle,1052,1516,0,1,2,0.0
584131989012,P1-fast-idle,1052,1516,0,1,2,0.0
584132160302,P1-fast-idle,1052,1516,0,1,2,0.0
584132331522,P1-fast-idle,1052,1516,0,1,2,0.0
584132502782,P1-fast-idle,1053,1517,0,1,2,0.0
584132673512,P1-fast-idle,1053,1517,0,1,2,0.0
584132843770,P1-fast-idle,1053,1517,0,1,2,0.0
584133013948,P1-fast-idle,1053,1517,0,1,2,0.0
584153348702,P2-normal-rapid,1075,1537,1,2,2,0.018050000000000004
584158424644,P2-normal-rapid,1080,1542,1,2,2,0.028800000000000006
584163498091,P2-normal-rapid,1085,1548,1,2,2,0.04500000000000001
584168570716,P2-normal-rapid,1089,1552,1,2,2,0.05780000000000002
584173642790,P2-normal-rapid,1094,1557,1,2,2,0.07605000000000003
584178715105,P2-normal-rapid,1099,1563,1,2,2,0.10000000000000005
584183787700,P2-normal-rapid,1104,1568,1,2,2,0.12000000000000006
584188864854,P2-normal-rapid,1108,1572,1,2,2,0.13600000000000007
584193937108,P2-normal-rapid,1113,1577,1,2,2,0.15600000000000008
584199009774,P2-normal-rapid,1118,1583,1,2,2,0.1800000000000001
584204082269,P2-normal-rapid,1123,1588,1,2,2,0.20000000000000012
584209160945,P2-normal-rapid,1127,1592,1,2,2,0.21600000000000014
584214245002,P2-normal-rapid,1132,1598,1,2,2,0.24000000000000019
584219326293,P2-normal-rapid,1137,1603,1,2,2,0.2600000000000002
584224405201,P2-normal-rapid,1142,1608,1,2,2,0.2800000000000002
584229479439,P2-normal-rapid,1146,1613,1,2,2,0.3000000000000002
584234554579,P2-normal-rapid,1151,1618,1,2,2,0.32000000000000023
584239630290,P2-normal-rapid,1156,1623,1,2,2,0.3400000000000003
584244704939,P2-normal-rapid,1161,1629,1,2,2,0.3640000000000003
584249778997,P2-normal-rapid,1165,1633,1,2,2,0.3800000000000002
584254853015,P2-normal-rapid,1170,1638,1,2,2,0.40000000000000024
584259926792,P2-normal-rapid,1175,1644,1,2,2,0.42400000000000027
584265001321,P2-normal-rapid,1180,1649,1,2,2,0.44400000000000034
584270077012,P2-normal-rapid,1184,1653,1,2,2,0.46000000000000035
584275153545,P2-normal-rapid,1189,1659,1,2,2,0.4840000000000004
584280228514,P2-normal-rapid,1194,1664,1,2,2,0.5040000000000003
584285313453,P2-normal-rapid,1199,1669,1,2,2,0.5240000000000004
584290386970,P2-normal-rapid,1204,1675,1,2,2,0.5480000000000004
584295460286,P2-normal-rapid,1208,1679,1,2,2,0.5640000000000004
584300537380,P2-normal-rapid,1213,1684,1,2,2,0.5840000000000004
584305612871,P2-normal-rapid,1218,1690,1,2,2,0.6080000000000004
584310686367,P2-normal-rapid,1223,1695,1,2,2,0.6280000000000004
584315765445,P2-normal-rapid,1227,1699,1,2,2,0.6440000000000005
584320838631,P2-normal-rapid,1232,1704,1,2,2,0.6640000000000005
584325913621,P2-normal-rapid,1237,1710,1,2,2,0.6880000000000006
584330988721,P2-normal-rapid,1242,1715,1,2,2,0.7080000000000006
584336061767,P2-normal-rapid,1246,1719,1,2,2,0.7240000000000006
584341136967,P2-normal-rapid,1251,1725,1,2,2,0.7480000000000007
584346212307,P2-normal-rapid,1256,1730,1,2,2,0.7680000000000005
584351292256,P2-normal-rapid,1261,1735,1,2,2,0.7880000000000005
584356367587,P2-normal-rapid,1265,1740,1,2,2,0.8080000000000005
584361441835,P2-normal-rapid,1270,1745,1,2,2,0.8280000000000005
584366516394,P2-normal-rapid,1275,1750,1,2,2,0.8480000000000005
584371595842,P2-normal-rapid,1280,1756,1,2,2,0.8720000000000006
584376672485,P2-normal-rapid,1284,1760,1,2,2,0.8880000000000007
584381746833,P2-normal-rapid,1289,1765,1,2,2,0.9080000000000007
584386826251,P2-normal-rapid,1294,1771,1,2,2,0.9320000000000007
584391900079,P2-normal-rapid,1299,1776,1,2,2,0.9520000000000007
584396972464,P2-normal-rapid,1303,1780,1,2,2,0.9680000000000007
584402043386,P2-normal-rapid,1308,1786,1,2,2,0.9920000000000008
584407117103,P2-normal-rapid,1313,1791,1,2,2,1.0120000000000007
584412188236,P2-normal-rapid,1318,1796,1,2,2,1.0320000000000007
584417262173,P2-normal-rapid,1322,1801,1,2,2,1.0520000000000007
584422332554,P2-normal-rapid,1327,1806,1,2,2,1.0720000000000007
584427405049,P2-normal-rapid,1332,1811,1,2,2,1.0920000000000007
584432474970,P2-normal-rapid,1337,1817,1,2,2,1.1160000000000008
584437550490,P2-normal-rapid,1341,1821,1,2,2,1.1320000000000008
584442622244,P2-normal-rapid,1346,1826,1,2,2,1.1520000000000008
584447694589,P2-normal-rapid,1351,1832,1,2,2,1.1760000000000008
584452765571,P2-normal-rapid,1356,1837,1,2,2,1.1960000000000008
584457838216,P2-normal-rapid,1360,1841,1,2,2,1.2120000000000009
584462908337,P2-normal-rapid,1365,1846,1,2,2,1.2320000000000009
584467980952,P2-normal-rapid,1370,1852,1,2,2,1.256000000000001
584473070078,P2-normal-rapid,1375,1857,1,2,2,1.276000000000001
584478145599,P2-normal-rapid,1379,1861,1,2,2,1.292000000000001
584483225478,P2-normal-rapid,1384,1867,1,2,2,1.316000000000001
584488310536,P2-normal-rapid,1389,1872,1,2,2,1.3360000000000012
584493387089,P2-normal-rapid,1394,1877,1,2,2,1.356000000000001
584498461107,P2-normal-rapid,1398,1882,1,2,2,1.3760000000000012
584503535526,P2-normal-rapid,1403,1887,1,2,2,1.396000000000001
584508612840,P2-normal-rapid,1408,1892,1,2,2,1.4160000000000013
584513686276,P2-normal-rapid,1413,1898,1,2,2,1.4400000000000013
584518758872,P2-normal-rapid,1417,1902,1,2,2,1.4560000000000013
584523830345,P2-normal-rapid,1422,1907,1,2,2,1.476000000000001
584528902910,P2-normal-rapid,1427,1913,1,2,2,1.500000000000001
584533981045,P2-normal-rapid,1432,1918,1,2,2,1.520000000000001
584539029135,P2-normal-rapid,1436,1922,1,2,2,1.536000000000001
584544100668,P2-normal-rapid,1441,1928,1,2,2,1.560000000000001
584549173845,P2-normal-rapid,1446,1933,1,2,2,1.5800000000000012
584554244967,P2-normal-rapid,1451,1938,1,2,2,1.600000000000001
584559323724,P2-normal-rapid,1455,1943,1,2,2,1.6200000000000012
584564398042,P2-normal-rapid,1460,1948,1,2,2,1.640000000000001
584569468694,P2-normal-rapid,1465,1953,1,2,2,1.6600000000000013
584574541740,P2-normal-rapid,1470,1959,1,2,2,1.6840000000000013
584579615096,P2-normal-rapid,1474,1963,1,2,2,1.7000000000000013
584584692430,P2-normal-rapid,1479,1968,1,2,2,1.720000000000001
584589765236,P2-normal-rapid,1484,1973,1,2,2,1.7400000000000013
584594840537,P2-normal-rapid,1489,1979,1,2,2,1.7640000000000013
584599913472,P2-normal-rapid,1493,1983,1,2,2,1.7800000000000014
584604985426,P2-normal-rapid,1498,1988,1,2,2,1.8000000000000014
584610057961,P2-normal-rapid,1503,1994,1,2,2,1.8240000000000014
584615130506,P2-normal-rapid,1508,1999,1,2,2,1.8440000000000014
584620203573,P2-normal-rapid,1512,2003,1,2,2,1.8600000000000014
584625276268,P2-normal-rapid,1517,2009,1,2,2,1.8840000000000015
584630349475,P2-normal-rapid,1522,2014,1,2,2,1.9040000000000015
584635423823,P2-normal-rapid,1527,2019,1,2,2,1.9240000000000015
584640471426,P2-normal-rapid,1532,2025,1,2,2,1.9480000000000015
584645549412,P2-normal-rapid,1536,2029,1,2,2,1.9640000000000015
584650621907,P2-normal-rapid,1541,2034,1,2,2,1.9840000000000015
584655698700,P2-normal-rapid,1546,2040,1,2,2,2.0080000000000013
584660771736,P2-normal-rapid,1551,2045,1,2,2,2.0280000000000014
584665845824,P2-normal-rapid,1555,2049,1,2,2,2.0440000000000014
584670937375,P2-normal-rapid,1560,2055,1,2,2,2.0680000000000014
584676013747,P2-normal-rapid,1565,2060,1,2,2,2.0880000000000014
584681093015,P2-normal-rapid,1570,2065,1,2,2,2.1080000000000014
584686207739,P2-normal-rapid,1574,2069,1,2,2,2.1240000000000014
584691319858,P2-normal-rapid,1579,2075,1,2,2,2.1480000000000015
584696440713,P2-normal-rapid,1584,2080,1,2,2,2.1680000000000015
584701552221,P2-normal-rapid,1589,2085,1,2,2,2.1880000000000015
584706667897,P2-normal-rapid,1594,2091,1,2,2,2.2120000000000015
584711802959,P2-normal-rapid,1598,2095,1,2,2,2.2280000000000015
584716900431,P2-normal-rapid,1603,2100,1,2,2,2.2480000000000016
584721997562,P2-normal-rapid,1608,2106,1,2,2,2.2720000000000016
584727105323,P2-normal-rapid,1613,2111,1,2,2,2.2920000000000016
584732192325,P2-normal-rapid,1617,2116,1,2,2,2.3120000000000016
584737270491,P2-normal-rapid,1622,2121,1,2,2,2.3320000000000016
584742344990,P2-normal-rapid,1627,2126,1,2,2,2.3520000000000016
584747419719,P2-normal-rapid,1632,2132,1,2,2,2.3760000000000017
584752492785,P2-normal-rapid,1636,2136,1,2,2,2.3920000000000017
584757565430,P2-normal-rapid,1641,2141,1,2,2,2.4120000000000017
584762641803,P2-normal-rapid,1646,2147,1,2,2,2.4360000000000017
584767720199,P2-normal-rapid,1651,2152,1,2,2,2.4560000000000017
584772797052,P2-normal-rapid,1655,2156,1,2,2,2.4720000000000018
584777871711,P2-normal-rapid,1660,2161,1,2,2,2.4920000000000018
584782952281,P2-normal-rapid,1665,2167,1,2,2,2.516000000000002
584788025337,P2-normal-rapid,1670,2172,1,2,2,2.536000000000002
584793096840,P2-normal-rapid,1674,2176,1,2,2,2.552000000000002
584798169646,P2-normal-rapid,1679,2182,1,2,2,2.576000000000002
584803242502,P2-normal-rapid,1684,2187,1,2,2,2.596000000000002
584808317060,P2-normal-rapid,1689,2192,1,2,2,2.616000000000002
584813392471,P2-normal-rapid,1693,2197,1,2,2,2.636000000000002
584818466519,P2-normal-rapid,1698,2202,1,2,2,2.656000000000002
584823540677,P2-normal-rapid,1703,2207,1,2,2,2.676000000000002
584828614465,P2-normal-rapid,1708,2213,1,2,2,2.700000000000002
584833695916,P2-normal-rapid,1712,2217,1,2,2,2.716000000000002
584838770375,P2-normal-rapid,1717,2222,1,2,2,2.7360000000000024
584843844363,P2-normal-rapid,1722,2227,1,2,2,2.756000000000002
584848918080,P2-normal-rapid,1727,2233,1,2,2,2.780000000000002
584853992118,P2-normal-rapid,1732,2238,1,2,2,2.8000000000000025
584859075193,P2-normal-rapid,1736,2242,1,2,2,2.8160000000000025
584864148580,P2-normal-rapid,1741,2248,1,2,2,2.840000000000002
584869222818,P2-normal-rapid,1746,2253,1,2,2,2.860000000000002
584874296996,P2-normal-rapid,1751,2258,1,2,2,2.8800000000000026
584879381053,P2-normal-rapid,1755,2263,1,2,2,2.900000000000002
584884456003,P2-normal-rapid,1760,2268,1,2,2,2.920000000000002
584889529650,P2-normal-rapid,1765,2273,1,2,2,2.9387500000000024
584894603758,P2-normal-rapid,1770,2279,1,2,2,2.957950000000001
584899677475,P2-normal-rapid,1774,2283,1,2,2,2.968750000000001
584904751253,P2-normal-rapid,1779,2288,1,2,2,2.980000000000001
584909825030,P2-normal-rapid,1784,2294,1,2,2,2.9902000000000006
584914899198,P2-normal-rapid,1789,2299,1,2,2,2.9959500000000006
584919970822,P2-normal-rapid,1793,2303,1,2,2,2.99875
584925044970,P2-normal-rapid,1798,2309,0,2,2,3.0
584930118737,P2-normal-rapid,1803,2314,0,1,2,3.0
584935191463,P2-normal-rapid,1808,2319,0,1,2,3.0
584940266733,P2-normal-rapid,1812,2323,0,1,2,3.0
584945345329,P2-normal-rapid,1817,2329,0,1,2,3.0
584950423275,P2-normal-rapid,1822,2334,0,1,2,3.0
584955501520,P2-normal-rapid,1827,2339,0,1,2,3.0
584960584495,P2-normal-rapid,1832,2345,0,1,2,3.0
584965668702,P2-normal-rapid,1836,2349,0,1,2,3.0
584970743191,P2-normal-rapid,1841,2354,0,1,2,3.0
584975816998,P2-normal-rapid,1846,2360,0,1,2,3.0
584980896366,P2-normal-rapid,1851,2365,0,1,2,3.0
584985971075,P2-normal-rapid,1855,2369,0,1,2,3.0
584991045995,P2-normal-rapid,1860,2375,0,1,2,3.0
584996119131,P2-normal-rapid,1865,2380,0,1,2,3.0
585001190885,P2-normal-rapid,1870,2385,0,1,2,3.0
585006263550,P2-normal-rapid,1874,2390,0,1,2,3.0
585011335795,P2-normal-rapid,1879,2395,0,1,2,3.0
585016407769,P2-normal-rapid,1884,2400,0,1,2,3.0
585021485103,P2-normal-rapid,1889,2406,0,1,2,3.0
585026557508,P2-normal-rapid,1893,2410,0,1,2,3.0
585031629432,P2-normal-rapid,1898,2415,0,1,2,3.0
585036704271,P2-normal-rapid,1903,2420,0,1,2,3.0
585041776556,P2-normal-rapid,1908,2426,0,1,2,3.0
585046848890,P2-normal-rapid,1912,2430,0,1,2,3.0
585051924071,P2-normal-rapid,1917,2435,0,1,2,3.0
585057001374,P2-normal-rapid,1922,2441,0,1,2,3.0
585062078639,P2-normal-rapid,1927,2446,0,1,2,3.0
585067152155,P2-normal-rapid,1931,2450,0,1,2,3.0
585072225522,P2-normal-rapid,1936,2456,0,1,2,3.0
585077306844,P2-normal-rapid,1941,2461,0,1,2,3.0
585082379609,P2-normal-rapid,1946,2466,0,1,2,3.0
585087451543,P2-normal-rapid,1950,2471,0,1,2,3.0
585092523417,P2-normal-rapid,1955,2476,0,1,2,3.0
585097595552,P2-normal-rapid,1960,2481,0,1,2,3.0
585102667586,P2-normal-rapid,1965,2487,0,1,2,3.0
585107743297,P2-normal-rapid,1969,2491,0,1,2,3.0
585112816694,P2-normal-rapid,1974,2496,0,1,2,3.0
585117889199,P2-normal-rapid,1979,2502,0,1,2,3.0
585122961283,P2-normal-rapid,1984,2507,0,1,2,3.0
585128036643,P2-normal-rapid,1988,2511,0,1,2,3.0
585133110882,P2-normal-rapid,1993,2517,0,1,2,3.0
585138184589,P2-normal-rapid,1998,2522,0,1,2,3.0
585143260039,P2-normal-rapid,2003,2527,0,1,2,3.0
585148334488,P2-normal-rapid,2007,2532,0,1,2,3.0
585153412513,P2-normal-rapid-drain,2012,2537,0,1,2,3.0
585173579213,P2-normal-feed,2034,2557,2,2,2,2.986
585178653942,P2-normal-feed,2039,2562,2,2,2,2.981
585183727049,P2-normal-feed,2044,2568,2,2,2,2.975
585188802219,P2-normal-feed,2048,2572,2,2,2,2.971
585193883640,P2-normal-feed,2053,2577,2,2,2,2.966
585198961044,P2-normal-feed,2058,2583,2,2,2,2.96
585204035213,P2-normal-feed,2063,2588,2,2,2,2.955
585209109331,P2-normal-feed,2067,2592,2,2,2,2.951
585214182537,P2-normal-feed,2072,2598,2,2,2,2.945
585219256154,P2-normal-feed,2077,2603,2,2,2,2.94
585224332346,P2-normal-feed,2082,2608,2,2,2,2.935
585229407025,P2-normal-feed,2086,2613,2,2,2,2.93
585234481414,P2-normal-feed,2091,2618,2,2,2,2.925
585239558027,P2-normal-feed,2096,2623,2,2,2,2.92
585244631133,P2-normal-feed,2101,2629,2,2,2,2.914
585249703027,P2-normal-feed,2105,2633,2,2,2,2.91
585254775191,P2-normal-feed,2110,2638,2,2,2,2.905
585259847636,P2-normal-feed,2115,2644,2,2,2,2.899
585264919460,P2-normal-feed,2120,2649,2,2,2,2.894
585269992045,P2-normal-feed,2124,2653,2,2,2,2.89
585275062887,P2-normal-feed,2129,2659,2,2,2,2.884
585280135382,P2-normal-feed,2134,2664,2,2,2,2.879
585285204611,P2-normal-feed,2139,2669,2,2,2,2.874
585290282546,P2-normal-feed,2143,2674,2,2,2,2.8689999999999998
585295352637,P2-normal-feed,2148,2679,2,2,2,2.864
585300428087,P2-normal-feed,2153,2684,2,2,2,2.859
585305507225,P2-normal-feed,2158,2690,2,2,2,2.8529999999999998
585310580822,P2-normal-feed,2162,2694,2,2,2,2.8489999999999998
585315653688,P2-normal-feed,2167,2699,2,2,2,2.844
585320729569,P2-normal-feed,2172,2705,2,2,2,2.838
585325802495,P2-normal-feed,2177,2710,2,2,2,2.8329999999999997
585330875150,P2-normal-feed,2181,2714,2,2,2,2.8289999999999997
585335947826,P2-normal-feed,2186,2719,2,2,2,2.824
585341020381,P2-normal-feed,2191,2725,2,2,2,2.818
585346096793,P2-normal-feed,2196,2730,2,2,2,2.8129999999999997
585351171081,P2-normal-feed,2200,2734,2,2,2,2.8089999999999997
585356241633,P2-normal-feed,2205,2740,2,2,2,2.803
585361319277,P2-normal-feed,2210,2745,2,2,2,2.798
585366389148,P2-normal-feed,2215,2750,2,2,2,2.7929999999999997
585371462775,P2-normal-feed,2219,2755,2,2,2,2.788
585376533126,P2-normal-feed,2224,2760,2,2,2,2.783
585381606002,P2-normal-feed,2229,2765,2,2,2,2.778
585386692443,P2-normal-feed,2234,2771,2,2,2,2.772
585391774656,P2-normal-feed,2238,2775,2,2,2,2.768
585396848604,P2-normal-feed,2243,2780,2,2,2,2.763
585401931719,P2-normal-feed,2248,2786,2,2,2,2.7569999999999997
585407007300,P2-normal-feed,2253,2791,2,2,2,2.752
585412092538,P2-normal-feed,2257,2795,2,2,2,2.7479999999999998
585417164142,P2-normal-feed,2262,2801,2,2,2,2.742
585422237749,P2-normal-feed,2267,2806,2,2,2,2.7369999999999997
585427310494,P2-normal-feed,2272,2811,2,2,2,2.7319999999999998
585432383110,P2-normal-feed,2276,2816,2,2,2,2.727
585437454983,P2-normal-feed,2281,2821,2,2,2,2.722
585442527789,P2-normal-feed,2286,2826,2,2,2,2.7169999999999996
585447600374,P2-normal-feed,2291,2832,2,2,2,2.711
585452672428,P2-normal-feed,2295,2836,2,2,2,2.707
585457743791,P2-normal-feed,2300,2841,2,2,2,2.702
585462815845,P2-normal-feed,2305,2847,2,2,2,2.6959999999999997
585467888471,P2-normal-feed,2310,2852,2,2,2,2.691
585472960225,P2-normal-feed,2314,2856,2,2,2,2.687
585478034252,P2-normal-feed,2319,2862,2,2,2,2.6809999999999996
585483106698,P2-normal-feed,2324,2867,2,2,2,2.6759999999999997
585488186697,P2-normal-feed,2329,2872,2,2,2,2.671
585493261235,P2-normal-feed,2333,2876,2,2,2,2.667
585498333490,P2-normal-feed,2338,2882,2,2,2,2.6609999999999996
585503405554,P2-normal-feed,2343,2887,2,2,2,2.6559999999999997
585508477708,P2-normal-feed,2348,2892,2,2,2,2.651
585513549913,P2-normal-feed,2352,2897,2,2,2,2.646
585518622338,P2-normal-feed,2357,2902,2,2,2,2.6409999999999996
585523698910,P2-normal-feed,2362,2907,2,2,2,2.6359999999999997
585528770935,P2-normal-feed,2367,2913,2,2,2,2.63
585533843580,P2-normal-feed,2371,2917,2,2,2,2.626
585538915875,P2-normal-feed,2376,2922,2,2,2,2.6209999999999996
585543989983,P2-normal-feed,2381,2928,2,2,2,2.6149999999999998
585549065523,P2-normal-feed,2386,2933,2,2,2,2.61
585554138479,P2-normal-feed,2390,2937,2,2,2,2.606
585559211736,P2-normal-feed,2395,2943,2,2,2,2.5999999999999996
585564284912,P2-normal-feed,2400,2948,2,2,2,2.5949999999999998
585569356806,P2-normal-feed,2405,2953,2,2,2,2.59
585574430063,P2-normal-feed,2409,2958,2,2,2,2.5849999999999995
585579502347,P2-normal-feed,2414,2963,2,2,2,2.5799999999999996
585584574993,P2-normal-feed,2419,2968,2,2,2,2.5749999999999997
585589651385,P2-normal-feed,2424,2974,2,2,2,2.5689999999999995
585594723599,P2-normal-feed,2428,2978,2,2,2,2.5649999999999995
585599795343,P2-normal-feed,2433,2983,2,2,2,2.5599999999999996
585604867718,P2-normal-feed,2438,2989,2,2,2,2.554
585609942347,P2-normal-feed,2443,2994,2,2,2,2.5489999999999995
585615017918,P2-normal-feed,2447,2998,2,2,2,2.5449999999999995
585620093248,P2-normal-feed,2452,3004,2,2,2,2.5389999999999997
585625170973,P2-normal-feed,2457,3009,2,2,2,2.534
585630243448,P2-normal-feed,2462,3014,2,2,2,2.5289999999999995
585635315472,P2-normal-feed,2466,3019,2,2,2,2.5239999999999996
585640402124,P2-normal-feed,2471,3024,2,2,2,2.5189999999999997
585645477133,P2-normal-feed,2476,3029,2,2,2,2.514
585650551662,P2-normal-feed,2481,3035,2,2,2,2.5079999999999996
585655633585,P2-normal-feed,2485,3039,2,2,2,2.5039999999999996
585660707102,P2-normal-feed,2490,3044,2,2,2,2.4989999999999997
585665779266,P2-normal-feed,2495,3049,2,2,2,2.4939999999999998
585670851521,P2-normal-feed,2500,3055,2,2,2,2.4879999999999995
585675928134,P2-normal-feed,2505,3060,2,2,2,2.4829999999999997
585681004556,P2-normal-feed,2509,3064,2,2,2,2.4789999999999996
585686085888,P2-normal-feed,2514,3070,2,2,2,2.473
585691159665,P2-normal-feed,2519,3075,2,2,2,2.4679999999999995
585696232320,P2-normal-feed,2524,3080,2,2,2,2.4629999999999996
585701304755,P2-normal-feed,2528,3085,2,2,2,2.4579999999999997
585706377501,P2-normal-feed,2533,3090,2,2,2,2.4529999999999994
585711451418,P2-normal-feed,2538,3095,2,2,2,2.4479999999999995
585716525667,P2-normal-feed,2543,3101,2,2,2,2.4419999999999997
585721600766,P2-normal-feed,2547,3105,2,2,2,2.4379999999999997
585726675145,P2-normal-feed,2552,3110,2,2,2,2.433
585731749784,P2-normal-feed,2557,3116,2,2,2,2.4269999999999996
585736822389,P2-normal-feed,2562,3121,2,2,2,2.4219999999999997
585741894744,P2-normal-feed,2566,3125,2,2,2,2.4179999999999997
585746981281,P2-normal-feed,2571,3131,2,2,2,2.4119999999999995
585752058074,P2-normal-feed,2576,3136,2,2,2,2.4069999999999996
585757132182,P2-normal-feed,2581,3141,2,2,2,2.4019999999999997
585762205598,P2-normal-feed,2585,3145,2,2,2,2.3979999999999997
585767283784,P2-normal-feed,2590,3151,2,2,2,2.3919999999999995
585772357401,P2-normal-feed,2595,3156,2,2,2,2.3869999999999996
585777430187,P2-normal-feed,2600,3161,2,2,2,2.3819999999999997
585782504726,P2-normal-feed,2604,3166,2,2,2,2.377
585787589073,P2-normal-feed,2609,3171,2,2,2,2.3719999999999994
585792663522,P2-normal-feed,2614,3176,2,2,2,2.3669999999999995
585797736076,P2-normal-feed,2619,3182,2,2,2,2.3609999999999998
585802810455,P2-normal-feed,2623,3186,2,2,2,2.3569999999999993
585807886517,P2-normal-feed,2628,3191,2,2,2,2.3519999999999994
585812961877,P2-normal-feed,2633,3197,2,2,2,2.3459999999999996
585818037178,P2-normal-feed,2638,3202,2,2,2,2.3409999999999993
585823110885,P2-normal-feed,2642,3206,2,2,2,2.3369999999999997
585828184412,P2-normal-feed,2647,3212,2,2,2,2.3309999999999995
585833256987,P2-normal-feed,2652,3217,2,2,2,2.3259999999999996
585838329853,P2-normal-feed,2657,3222,2,2,2,2.3209999999999993
585843407287,P2-normal-feed,2661,3227,2,2,2,2.3159999999999994
585848480133,P2-normal-feed,2666,3232,2,2,2,2.3109999999999995
585853552878,P2-normal-feed,2671,3237,2,2,2,2.3059999999999996
585858625484,P2-normal-feed,2676,3243,2,2,2,2.2999999999999994
585863697457,P2-normal-feed,2680,3247,2,2,2,2.2959999999999994
585868769632,P2-normal-feed,2685,3252,2,2,2,2.2909999999999995
585873842347,P2-normal-feed,2690,3258,2,2,2,2.2849999999999997
585878914752,P2-normal-feed,2695,3263,2,2,2,2.2799999999999994
585883990543,P2-normal-feed,2699,3267,2,2,2,2.2759999999999994
585889063339,P2-normal-feed,2704,3273,2,2,2,2.2699999999999996
585894136425,P2-normal-feed,2709,3278,2,2,2,2.2649999999999992
585899210323,P2-normal-feed,2714,3283,2,2,2,2.2599999999999993
585904289360,P2-normal-feed,2718,3287,2,2,2,2.2559999999999993
585909364280,P2-normal-feed,2723,3293,2,2,2,2.2499999999999996
585914436254,P2-normal-feed,2728,3298,2,2,2,2.2449999999999997
585919508489,P2-normal-feed,2733,3304,2,2,2,2.2389999999999994
585924580723,P2-normal-feed,2737,3308,2,2,2,2.2349999999999994
585929653028,P2-normal-feed,2742,3313,2,2,2,2.2299999999999995
585934723118,P2-normal-feed,2747,3318,2,2,2,2.224999999999999
585939799881,P2-normal-feed,2752,3324,2,2,2,2.2189999999999994
585944874200,P2-normal-feed,2756,3328,2,2,2,2.2149999999999994
585949951434,P2-normal-feed,2761,3333,2,2,2,2.2099999999999995
585955024449,P2-normal-feed,2766,3339,2,2,2,2.2039999999999993
585960097716,P2-normal-feed,2771,3344,2,2,2,2.1989999999999994
585965170482,P2-normal-feed,2775,3348,2,2,2,2.1949999999999994
585970243898,P2-normal-feed,2780,3354,2,2,2,2.1889999999999996
585975323867,P2-normal-feed,2785,3359,2,2,2,2.1839999999999993
585980396292,P2-normal-feed,2790,3364,2,2,2,2.1789999999999994
585985473045,P2-normal-feed,2794,3369,2,2,2,2.1739999999999995
585990545560,P2-normal-feed,2799,3374,2,2,2,2.168999999999999
585995617925,P2-normal-feed,2804,3379,2,2,2,2.1639999999999993
586000690631,P2-normal-feed,2809,3385,2,2,2,2.1579999999999995
586005767604,P2-normal-feed,2813,3389,2,2,2,2.1539999999999995
586010839728,P2-normal-feed,2818,3394,2,2,2,2.1489999999999996
586015912323,P2-normal-feed,2823,3400,2,2,2,2.1429999999999993
586020984668,P2-normal-feed,2828,3405,2,2,2,2.1379999999999995
586026060339,P2-normal-feed,2832,3409,2,2,2,2.1339999999999995
586031133545,P2-normal-feed,2837,3415,2,2,2,2.1279999999999992
586036207994,P2-normal-feed,2842,3420,2,2,2,2.1229999999999993
586041285829,P2-normal-feed,2847,3425,2,2,2,2.1179999999999994
586046359997,P2-normal-feed,2851,3430,2,2,2,2.112999999999999
586051432603,P2-normal-feed,2856,3435,2,2,2,2.107999999999999
586056506631,P2-normal-feed,2861,3440,2,2,2,2.1029999999999993
586061579977,P2-normal-feed,2866,3445,2,2,2,2.0979999999999994
586066654867,P2-normal-feed,2871,3451,2,2,2,2.091999999999999
586071728554,P2-normal-feed,2875,3455,2,2,2,2.087999999999999
586076801430,P2-normal-feed,2880,3460,2,2,2,2.0829999999999993
586081878644,P2-normal-feed,2885,3466,2,2,2,2.0769999999999995
586086951449,P2-normal-feed,2890,3471,2,2,2,2.071999999999999
586092023864,P2-normal-feed,2894,3475,2,2,2,2.067999999999999
586097096610,P2-normal-feed,2899,3481,2,2,2,2.0619999999999994
586102170036,P2-normal-feed,2904,3486,2,2,2,2.056999999999999
586107241870,P2-normal-feed,2909,3491,2,2,2,2.051999999999999
586112320978,P2-normal-feed,2913,3496,2,2,2,2.0469999999999993
586117393533,P2-normal-feed,2918,3501,2,2,2,2.0419999999999994
586122466008,P2-normal-feed,2923,3506,2,2,2,2.0369999999999995
586127559532,P2-normal-feed,2928,3512,2,2,2,2.0309999999999993
586132630885,P2-normal-feed,2932,3516,2,2,2,2.0269999999999992
586137703771,P2-normal-feed,2937,3521,2,2,2,2.0219999999999994
586142775625,P2-normal-feed,2942,3527,2,2,2,2.015999999999999
586147846767,P2-normal-feed,2947,3532,2,2,2,2.0109999999999992
586152918661,P2-normal-feed,2951,3536,2,2,2,2.0069999999999992
586157991677,P2-normal-feed,2956,3542,2,2,2,2.000999999999999
586163062038,P2-normal-feed,2961,3547,2,2,2,1.9959999999999998
586168138931,P2-normal-feed,2966,3552,2,2,2,1.9910000000000003
586173208832,P2-normal-feed,2970,3556,2,2,2,1.9870000000000008
586178279423,P2-normal-feed,2975,3562,2,2,2,1.9810000000000014
586183353120,P2-normal-feed,2980,3567,2,2,2,1.976000000000002
586188424954,P2-normal-feed,2985,3572,2,2,2,1.9710000000000025
586193494464,P2-normal-feed,2989,3577,2,2,2,1.966000000000003
586198570014,P2-normal-feed,2994,3582,2,2,2,1.9610000000000036
586203643221,P2-normal-feed,2999,3587,2,2,2,1.9560000000000042
586208715496,P2-normal-feed,3004,3593,2,2,2,1.9500000000000048
586213788722,P2-normal-feed,3008,3597,2,2,2,1.9460000000000053
586218863712,P2-normal-feed,3013,3602,2,2,2,1.9410000000000058
586223937489,P2-normal-feed,3018,3608,2,2,2,1.9350000000000065
586229010114,P2-normal-feed,3023,3613,2,2,2,1.930000000000007
586234081177,P2-normal-feed,3027,3617,2,2,2,1.9260000000000075
586239154123,P2-normal-feed,3032,3623,2,2,2,1.9200000000000081
586244225215,P2-normal-feed,3037,3628,2,2,2,1.9150000000000087
586249306637,P2-normal-feed,3042,3633,2,2,2,1.9100000000000092
586254381316,P2-normal-feed,3046,3638,2,2,2,1.9050000000000098
586259453751,P2-normal-feed,3051,3643,2,2,2,1.9000000000000103
586264526005,P2-normal-feed,3056,3648,2,2,2,1.895000000000011
586269598009,P2-normal-feed,3061,3654,2,2,2,1.8890000000000116
586274675544,P2-normal-feed,3065,3658,2,2,2,1.885000000000012
586279751906,P2-normal-feed,3070,3663,2,2,2,1.8800000000000125
586284824882,P2-normal-feed,3075,3669,2,2,2,1.8740000000000132
586289897267,P2-normal-feed,3080,3674,2,2,2,1.8690000000000138
586294970554,P2-normal-feed,3084,3678,2,2,2,1.8650000000000142
586300044391,P2-normal-feed,3089,3683,2,2,2,1.8600000000000148
586305115383,P2-normal-feed,3094,3689,2,2,2,1.8540000000000154
586310187788,P2-normal-feed,3099,3694,2,2,2,1.849000000000016
586315258139,P2-normal-feed,3103,3698,2,2,2,1.8450000000000164
586320330504,P2-normal-feed,3108,3704,2,2,2,1.839000000000017
586325400464,P2-normal-feed,3113,3709,2,2,2,1.8340000000000176
586330476746,P2-normal-feed,3118,3714,2,2,2,1.8290000000000182
586335564340,P2-normal-feed,3123,3720,2,2,2,1.8230000000000188
586340639420,P2-normal-feed,3127,3724,2,2,2,1.8190000000000193
586345712856,P2-normal-feed,3132,3729,2,2,2,1.8140000000000198
586350785792,P2-normal-feed,3137,3735,2,2,2,1.8080000000000205
586355857766,P2-normal-feed,3142,3740,2,2,2,1.803000000000021
586360929590,P2-normal-feed,3146,3744,2,2,2,1.7990000000000215
586366001464,P2-normal-feed,3151,3750,2,2,2,1.7930000000000221
586371080301,P2-normal-feed,3156,3755,2,2,2,1.7880000000000227
586376152406,P2-normal-feed,3161,3760,2,2,2,1.7830000000000232
586381233637,P2-normal-feed,3165,3765,2,2,2,1.7780000000000238
586386317122,P2-normal-feed,3170,3770,2,2,2,1.7730000000000243
586391398474,P2-normal-feed,3175,3775,2,2,2,1.7680000000000249
586396474656,P2-normal-feed,3180,3781,2,2,2,1.7620000000000255
586401548964,P2-normal-feed,3184,3785,2,2,2,1.758000000000026
586406623824,P2-normal-feed,3189,3790,2,2,2,1.7530000000000265
586411699304,P2-normal-feed,3194,3796,2,2,2,1.7470000000000272
586416773793,P2-normal-feed,3199,3801,2,2,2,1.7420000000000277
586421847751,P2-normal-feed,3203,3805,2,2,2,1.7380000000000282
586426922129,P2-normal-feed,3208,3810,2,2,2,1.7330000000000287
586431996658,P2-normal-feed,3213,3816,2,2,2,1.7270000000000294
586437074043,P2-normal-feed,3218,3821,2,2,2,1.72200000000003
586442150004,P2-normal-feed,3222,3825,2,2,2,1.7180000000000304
586447223120,P2-normal-feed,3227,3831,2,2,2,1.712000000000031
586452299222,P2-normal-feed,3232,3836,2,2,2,1.7070000000000316
586457369984,P2-normal-feed,3237,3841,2,2,2,1.7020000000000322
586462441587,P2-normal-feed,3241,3846,2,2,2,1.6970000000000327
586467514252,P2-normal-feed,3246,3851,2,2,2,1.6920000000000333
586472586537,P2-normal-feed,3251,3856,2,2,2,1.6870000000000338
586477663691,P2-normal-feed,3256,3862,2,2,2,1.6810000000000345
586482736296,P2-normal-feed,3260,3866,2,2,2,1.677000000000035
586487808390,P2-normal-feed,3265,3871,2,2,2,1.6720000000000355
586492884282,P2-normal-feed,3270,3877,2,2,2,1.6660000000000361
586497956947,P2-normal-feed,3275,3882,2,2,2,1.6610000000000367
586503029092,P2-normal-feed,3280,3887,2,2,2,1.6560000000000372
586508101406,P2-normal-feed,3284,3891,2,2,2,1.6520000000000377
586513174342,P2-normal-feed,3289,3897,2,2,2,1.6460000000000383
586518247088,P2-normal-feed,3294,3902,2,2,2,1.6410000000000389
586523323089,P2-normal-feed,3299,3907,2,2,2,1.6360000000000394
586528395694,P2-normal-feed,3303,3912,2,2,2,1.63100000000004
586533469923,P2-normal-feed,3308,3917,2,2,2,1.6260000000000405
586538544532,P2-normal-feed,3313,3922,2,2,2,1.621000000000041
586543619171,P2-normal-feed,3318,3928,2,2,2,1.6150000000000417
586548694190,P2-normal-feed,3322,3932,2,2,2,1.6110000000000422
586553768088,P2-normal-feed,3327,3937,2,2,2,1.6060000000000427
586558842156,P2-normal-feed,3332,3943,2,2,2,1.6000000000000434
586563916595,P2-normal-feed,3337,3948,2,2,2,1.595000000000044
586568990753,P2-normal-feed,3341,3952,2,2,2,1.5910000000000444
586574066254,P2-normal-feed,3346,3958,2,2,2,1.585000000000045
586579145041,P2-normal-feed,3351,3963,2,2,2,1.5800000000000456
586584219940,P2-normal-feed,3356,3968,2,2,2,1.5750000000000461
586589305329,P2-normal-feed,3360,3973,2,2,2,1.5700000000000467
586594381421,P2-normal-feed,3365,3978,2,2,2,1.5650000000000472
586599464706,P2-normal-feed,3370,3983,2,2,2,1.5600000000000478
586604543924,P2-normal-feed,3375,3988,2,2,2,1.5550000000000483
586609633340,P2-normal-feed,3380,3994,2,2,2,1.549000000000049
586614705916,P2-normal-feed,3384,3998,2,2,2,1.5450000000000494
586619777870,P2-normal-feed,3389,4003,2,2,2,1.54000000000005
586624850205,P2-normal-feed,3394,4009,2,2,2,1.5340000000000507
586629922389,P2-normal-feed,3399,4014,2,2,2,1.5290000000000512
586634994714,P2-normal-feed,3403,4018,2,2,2,1.5250000000000516
586640069603,P2-normal-feed,3408,4024,2,2,2,1.5190000000000523
586645149041,P2-normal-feed,3413,4029,2,2,2,1.5140000000000529
586650223159,P2-normal-feed,3418,4034,2,2,2,1.5090000000000534
586655305388,P2-normal-feed,3422,4039,2,2,2,1.504000000000054
586660378363,P2-normal-feed,3427,4044,2,2,2,1.4990000000000545
586665448695,P2-normal-feed,3432,4049,2,2,2,1.494000000000055
586670562156,P2-normal-feed,3437,4055,2,2,2,1.4880000000000557
586675638007,P2-normal-feed,3441,4059,2,2,2,1.4840000000000562
586680709911,P2-normal-feed,3446,4064,2,2,2,1.4790000000000567
586685781595,P2-normal-feed,3451,4070,2,2,2,1.4730000000000574
586690853038,P2-normal-feed,3456,4075,2,2,2,1.468000000000058
586695924892,P2-normal-feed,3460,4079,2,2,2,1.4640000000000584
586700997187,P2-normal-feed,3465,4085,2,2,2,1.458000000000059
586706067638,P2-normal-feed,3470,4090,2,2,2,1.4530000000000596
586711144501,P2-normal-feed,3475,4095,2,2,2,1.4480000000000601
586716221154,P2-normal-feed,3479,4099,2,2,2,1.4440000000000606
586721292918,P2-normal-feed,3484,4105,2,2,2,1.4380000000000612
586726363138,P2-normal-feed,3489,4110,2,2,2,1.4330000000000618
586731437767,P2-normal-feed,3494,4115,2,2,2,1.4280000000000623
586736507287,P2-normal-feed,3498,4120,2,2,2,1.4230000000000629
586741576145,P2-normal-feed,3503,4125,2,2,2,1.4180000000000634
586746644552,P2-normal-feed,3508,4130,2,2,2,1.413000000000064
586751716607,P2-normal-feed,3513,4136,2,2,2,1.4070000000000646
586756786857,P2-normal-feed,3517,4140,2,2,2,1.403000000000065
586761859663,P2-normal-feed,3522,4145,2,2,2,1.3980000000000656
586766932008,P2-normal-feed,3527,4151,2,2,2,1.3920000000000663
586772004192,P2-normal-feed,3532,4156,2,2,2,1.3870000000000668
586777080054,P2-normal-feed,3536,4160,2,2,2,1.3830000000000673
586782149694,P2-normal-feed,3541,4166,2,2,2,1.377000000000068
586787219844,P2-normal-feed,3546,4171,2,2,2,1.3720000000000685
586792291377,P2-normal-feed,3551,4176,2,2,2,1.367000000000069
586797360887,P2-normal-feed,3555,4181,2,2,2,1.3620000000000696
586802429605,P2-normal-feed,3560,4186,2,2,2,1.3570000000000702
586807506137,P2-normal-feed,3565,4191,2,2,2,1.3520000000000707
586812577660,P2-normal-feed,3570,4197,2,2,2,1.3460000000000714
586817651127,P2-normal-feed,3574,4201,2,2,2,1.3420000000000718
586822722590,P2-normal-feed,3579,4206,2,2,2,1.3370000000000724
586827794284,P2-normal-feed,3584,4212,2,2,2,1.331000000000073
586832865917,P2-normal-feed,3589,4217,2,2,2,1.3260000000000736
586837935236,P2-normal-feed,3593,4221,2,2,2,1.322000000000074
586843007261,P2-normal-feed,3598,4227,2,2,2,1.3160000000000747
586848076740,P2-normal-feed,3603,4232,2,2,2,1.3110000000000752
586853149385,P2-normal-feed,3608,4237,2,2,2,1.3060000000000758
586858220358,P2-normal-feed,3612,4241,2,2,2,1.3020000000000762
586863291741,P2-normal-feed,3617,4247,2,2,2,1.2960000000000769
586868361951,P2-normal-feed,3622,4252,2,2,2,1.2910000000000774
586873437853,P2-normal-feed,3627,4257,2,2,2,1.286000000000078
586878507422,P2-normal-feed,3631,4262,2,2,2,1.2810000000000785
586883576341,P2-normal-feed,3636,4267,2,2,2,1.276000000000079
586888647694,P2-normal-feed,3641,4272,2,2,2,1.2710000000000796
586893718556,P2-normal-feed,3646,4278,2,2,2,1.2650000000000803
586898787895,P2-normal-feed,3650,4282,2,2,2,1.2610000000000807
586903861081,P2-normal-feed,3655,4287,2,2,2,1.2560000000000813
586908934227,P2-normal-feed,3660,4293,2,2,2,1.250000000000082
586914013144,P2-normal-feed,3665,4298,2,2,2,1.2450000000000825
586919088404,P2-normal-feed,3669,4302,2,2,2,1.241000000000083
586924159978,P2-normal-feed,3674,4308,2,2,2,1.2350000000000836
586929230970,P2-normal-feed,3679,4313,2,2,2,1.2300000000000841
586934301992,P2-normal-feed,3684,4318,2,2,2,1.2250000000000847
586939378555,P2-normal-feed,3688,4323,2,2,2,1.2200000000000852
586944454206,P2-normal-feed,3693,4328,2,2,2,1.2150000000000858
586949528925,P2-normal-feed,3698,4333,2,2,2,1.2100000000000863
586954603674,P2-normal-feed,3703,4339,2,2,2,1.204000000000087
586959676861,P2-normal-feed,3707,4343,2,2,2,1.2000000000000874
586964751009,P2-normal-feed,3712,4348,2,2,2,1.195000000000088
586969823905,P2-normal-feed,3717,4354,2,2,2,1.1890000000000887
586974903904,P2-normal-feed,3722,4359,2,2,2,1.1840000000000892
586979980547,P2-normal-feed,3726,4363,2,2,2,1.1800000000000896
586985053292,P2-normal-feed,3731,4368,2,2,2,1.1750000000000902
586990126158,P2-normal-feed,3736,4374,2,2,2,1.1690000000000909
586995200196,P2-normal-feed,3741,4379,2,2,2,1.1640000000000914
587000288300,P2-normal-feed,3745,4383,2,2,2,1.1600000000000918
587005362368,P2-normal-feed,3750,4389,2,2,2,1.1540000000000925
587010434512,P2-normal-feed,3755,4394,2,2,2,1.149000000000093
587015508871,P2-normal-feed,3760,4399,2,2,2,1.1440000000000936
587020548950,P2-normal-feed,3765,4405,2,2,2,1.1380000000000943
587025627276,P2-normal-feed,3769,4409,2,2,2,1.1340000000000947
587030701555,P2-normal-feed,3774,4414,2,2,2,1.1290000000000953
587035774511,P2-normal-feed,3779,4420,2,2,2,1.123000000000096
587040847025,P2-normal-feed,3784,4425,2,2,2,1.1180000000000965
587045922426,P2-normal-feed,3788,4429,2,2,2,1.114000000000097
587050994350,P2-normal-feed,3793,4435,2,2,2,1.1080000000000976
587056070131,P2-normal-feed,3798,4440,2,2,2,1.1030000000000981
587061145672,P2-normal-feed,3803,4445,2,2,2,1.0980000000000987
587066221984,P2-normal-feed,3807,4450,2,2,2,1.0930000000000992
587071307604,P2-normal-feed,3812,4455,2,2,2,1.0880000000000998
587076383054,P2-normal-feed,3817,4460,2,2,2,1.0830000000001003
587081454467,P2-normal-feed,3822,4466,2,2,2,1.077000000000101
587086526722,P2-normal-feed,3826,4470,2,2,2,1.0730000000001014
587091599728,P2-normal-feed,3831,4475,2,2,2,1.068000000000102
587096673154,P2-normal-feed,3836,4481,2,2,2,1.0620000000001026
587101745409,P2-normal-feed,3841,4486,2,2,2,1.0570000000001032
587106818185,P2-normal-feed,3845,4490,2,2,2,1.0530000000001036
587111890219,P2-normal-feed,3850,4496,2,2,2,1.0470000000001043
587116962754,P2-normal-feed,3855,4501,2,2,2,1.0420000000001048
587122035249,P2-normal-feed,3860,4506,2,2,2,1.0370000000001054
587127110259,P2-normal-feed,3864,4510,2,2,2,1.0330000000001058
587132184136,P2-normal-feed,3869,4516,2,2,2,1.0270000000001065
587137261751,P2-normal-feed,3874,4521,2,2,2,1.022000000000107
587142333615,P2-normal-feed,3879,4526,2,2,2,1.0170000000001076
587147405819,P2-normal-feed,3883,4531,2,2,2,1.0120000000001081
587152480419,P2-normal-feed,3888,4536,2,2,2,1.0070000000001087
587157553835,P2-normal-feed,3893,4541,2,2,2,1.0020000000001092
587162631870,P2-normal-feed,3897,4546,2,2,2,0.9970000000001096
587167704997,P2-normal-feed,3902,4551,2,2,2,0.9920000000001101
587172781920,P2-normal-feed,3907,4556,2,2,2,0.9870000000001107
587177854666,P2-normal-feed,3912,4562,2,2,2,0.9810000000001113
587182927331,P2-normal-feed,3917,4567,2,2,2,0.9760000000001119
587187999686,P2-normal-feed,3921,4571,2,2,2,0.9720000000001123
587193072031,P2-normal-feed,3926,4577,2,2,2,0.966000000000113
587198145067,P2-normal-feed,3931,4582,2,2,2,0.9610000000001135
587203217291,P2-normal-feed,3936,4587,2,2,2,0.9560000000001141
587208297621,P2-normal-feed,3940,4592,2,2,2,0.9510000000001146
587213373402,P2-normal-feed,3945,4597,2,2,2,0.9460000000001152
587218448552,P2-normal-feed,3950,4602,2,2,2,0.9410000000001157
587223522249,P2-normal-feed,3955,4608,2,2,2,0.9350000000001164
587228595816,P2-normal-feed,3959,4612,2,2,2,0.9310000000001168
587233668161,P2-normal-feed,3964,4617,2,2,2,0.9260000000001174
587238740726,P2-normal-feed,3969,4623,2,2,2,0.9200000000001181
587243822909,P2-normal-feed,3974,4628,2,2,2,0.9150000000001186
587248896787,P2-normal-feed,3978,4632,2,2,2,0.911000000000119
587253969613,P2-normal-feed,3983,4638,2,2,2,0.9050000000001197
587259000365,P2-normal-feed,3988,4643,2,2,2,0.9000000000001203
587264114548,P2-normal-feed,3993,4648,2,2,2,0.8950000000001208
587269189909,P2-normal-feed,3997,4652,2,2,2,0.8910000000001213
587274260310,P2-normal-feed,4002,4658,2,2,2,0.8850000000001219
587279330751,P2-normal-feed,4007,4663,2,2,2,0.8800000000001225
587284403977,P2-normal-feed,4012,4668,2,2,2,0.875000000000123
587289473677,P2-normal-feed,4016,4673,2,2,2,0.8700000000001236
587294543387,P2-normal-feed,4021,4678,2,2,2,0.8650000000001241
587299619599,P2-normal-feed,4026,4683,2,2,2,0.8600000000001247
587304691172,P2-normal-feed,4031,4689,2,2,2,0.8540000000001253
587309759860,P2-normal-feed,4035,4693,2,2,2,0.8500000000001258
587314832625,P2-normal-feed,4040,4698,2,2,2,0.8450000000001263
587319904379,P2-normal-feed,4045,4704,2,2,2,0.839000000000127
587324976393,P2-normal-feed,4050,4709,2,2,2,0.8340000000001275
587330046133,P2-normal-feed,4054,4713,2,2,2,0.830000000000128
587335116374,P2-normal-feed,4059,4719,2,2,2,0.8240000000001286
587340185843,P2-normal-feed,4064,4724,2,2,2,0.8190000000001292
587345257076,P2-normal-feed,4069,4729,2,2,2,0.8140000000001297
587350326615,P2-normal-feed,4073,4734,2,2,2,0.8090000000001303
587355396065,P2-normal-feed,4078,4739,2,2,2,0.8040000000001308
587360467538,P2-normal-feed,4083,4744,2,2,2,0.7990000000001314
587365539081,P2-normal-feed,4088,4750,2,2,2,0.793000000000132
587370612678,P2-normal-feed,4092,4754,2,2,2,0.7890000000001325
587375684222,P2-normal-feed,4097,4759,2,2,2,0.784000000000133
587380756256,P2-normal-feed,4102,4765,2,2,2,0.7780000000001337
587385828130,P2-normal-feed,4107,4770,2,2,2,0.7730000000001342
587390898340,P2-normal-feed,4111,4774,2,2,2,0.7690000000001347
587395976807,P2-normal-feed,4116,4779,2,2,2,0.7640000000001352
587401045995,P2-normal-feed,4121,4785,2,2,2,0.7580000000001359
587406115054,P2-normal-feed,4126,4790,2,2,2,0.7530000000001364
587411184634,P2-normal-feed,4130,4794,2,2,2,0.7490000000001369
587416254724,P2-normal-feed,4135,4800,2,2,2,0.7430000000001376
587421324594,P2-normal-feed,4140,4805,2,2,2,0.7380000000001381
587426396238,P2-normal-feed,4145,4810,2,2,2,0.7330000000001387
587431465687,P2-normal-feed,4149,4815,2,2,2,0.7280000000001392
587436535918,P2-normal-feed,4154,4820,2,2,2,0.7230000000001398
587441608683,P2-normal-feed,4159,4825,2,2,2,0.7180000000001403
587446680818,P2-normal-feed,4164,4831,2,2,2,0.712000000000141
587451750217,P2-normal-feed,4168,4835,2,2,2,0.7080000000001414
587456821830,P2-normal-feed,4173,4840,2,2,2,0.703000000000142
587461897762,P2-normal-feed,4178,4846,2,2,2,0.6970000000001426
587466972541,P2-normal-feed,4183,4851,2,2,2,0.6920000000001432
587472043063,P2-normal-feed,4187,4855,2,2,2,0.6880000000001436
587477112322,P2-normal-feed,4192,4861,2,2,2,0.6820000000001443
587482182312,P2-normal-feed,4197,4866,2,2,2,0.6770000000001448
587487254346,P2-normal-feed,4202,4871,2,2,2,0.6720000000001454
587492323876,P2-normal-feed,4206,4876,2,2,2,0.6670000000001459
587497392553,P2-normal-feed,4211,4881,2,2,2,0.6620000000001465
587502464488,P2-normal-feed,4216,4886,2,2,2,0.657000000000147
587507537103,P2-normal-feed,4221,4892,2,2,2,0.6510000000001477
587512607194,P2-normal-feed,4225,4896,2,2,2,0.6470000000001481
587517678125,P2-normal-feed,4230,4901,2,2,2,0.6420000000001487
587522749459,P2-normal-feed,4235,4907,2,2,2,0.6360000000001493
587527820791,P2-normal-feed,4240,4912,2,2,2,0.6310000000001499
587532890110,P2-normal-feed,4244,4916,2,2,2,0.6270000000001503
587537961584,P2-normal-feed,4249,4921,2,2,2,0.6220000000001509
587543031784,P2-normal-feed,4254,4927,2,2,2,0.6160000000001515
587548100703,P2-normal-feed,4259,4932,2,2,2,0.6110000000001521
587553172496,P2-normal-feed,4263,4936,2,2,2,0.6070000000001525
587558242427,P2-normal-feed,4268,4942,2,2,2,0.6010000000001532
587563311595,P2-normal-feed,4273,4947,2,2,2,0.5960000000001537
587568398177,P2-normal-feed,4278,4952,2,2,2,0.5910000000001543
587573469009,P2-normal-feed,4282,4957,2,2,2,0.5860000000001548
587578538468,P2-normal-feed,4287,4962,2,2,2,0.5810000000001554
587583610191,P2-normal-feed,4292,4967,2,2,2,0.5760000000001559
587588681144,P2-normal-feed,4297,4973,2,2,2,0.5700000000001566
587593750493,P2-normal-feed,4301,4977,2,2,2,0.566000000000157
587598821806,P2-normal-feed,4306,4982,2,2,2,0.5610000000001576
587603893659,P2-normal-feed,4311,4988,2,2,2,0.5550000000001583
587608964852,P2-normal-feed,4316,4993,2,2,2,0.5500000000001588
587614035213,P2-normal-feed,4320,4997,2,2,2,0.5460000000001592
587619104753,P2-normal-feed,4325,5003,2,2,2,0.5400000000001599
587624178831,P2-normal-feed,4330,5008,2,2,2,0.5350000000001605
587629249933,P2-normal-feed,4335,5013,2,2,2,0.530000000000161
587634319172,P2-normal-feed,4339,5018,2,2,2,0.5250000000001616
587639387920,P2-normal-feed,4344,5023,2,2,2,0.5200000000001621
587644467158,P2-normal-feed,4349,5028,2,2,2,0.5150000000001627
587649543480,P2-normal-feed,4354,5034,2,2,2,0.5090000000001633
587654617879,P2-normal-feed,4358,5038,2,2,2,0.5050000000001638
587659692016,P2-normal-feed,4363,5043,2,2,2,0.5000000000001643
587664771775,P2-normal-feed,4368,5049,2,2,2,0.494000000000165
587669846815,P2-normal-feed,4373,5054,2,2,2,0.4890000000001655
587674922947,P2-normal-feed,4377,5058,2,2,2,0.48500000000016597
587679997195,P2-normal-feed,4382,5063,2,2,2,0.4800000000001665
587685072426,P2-normal-feed,4387,5069,2,2,2,0.4740000000001672
587690146984,P2-normal-feed,4392,5074,2,2,2,0.4690000000001677
587695224088,P2-normal-feed,4396,5078,2,2,2,0.46500000000016817
587700301753,P2-normal-feed,4401,5084,2,2,2,0.45900000000016883
587705376241,P2-normal-feed,4406,5089,2,2,2,0.4540000000001694
587710450510,P2-normal-feed,4411,5094,2,2,2,0.44900000000016993
587715524072,P2-normal-feed,4416,5100,2,2,2,0.4430000000001706
587720603790,P2-normal-feed,4420,5104,2,2,2,0.43900000000017103
587725680002,P2-normal-feed,4425,5109,2,2,2,0.4340000000001716
587730755523,P2-normal-feed,4430,5115,2,2,2,0.42800000000017224
587735828048,P2-normal-feed,4435,5120,2,2,2,0.4230000000001728
587740900804,P2-normal-feed,4439,5124,2,2,2,0.41900000000017323
587745973419,P2-normal-feed,4444,5130,2,2,2,0.4130000000001739
587751045142,P2-normal-feed,4449,5135,2,2,2,0.40800000000017445
587756115804,P2-normal-feed,4454,5140,2,2,2,0.403000000000175
587761187367,P2-normal-feed,4458,5145,2,2,2,0.39800000000017555
587766283787,P2-normal-feed,4463,5150,2,2,2,0.3930000000001761
587771357905,P2-normal-feed,4468,5155,2,2,2,0.38800000000017665
587776430510,P2-normal-feed,4473,5161,2,2,2,0.3820000000001773
587781503086,P2-normal-feed,4477,5165,2,2,2,0.37800000000017775
587786579288,P2-normal-feed,4482,5170,2,2,2,0.3730000000001783
587791651723,P2-normal-feed,4487,5175,2,2,2,0.36800000000017885
587796724889,P2-normal-feed,4492,5181,2,2,2,0.3620000000001795
587801797554,P2-normal-feed,4496,5185,2,2,2,0.35800000000017995
587806869909,P2-normal-feed,4501,5190,2,2,2,0.3530000000001805
587811944467,P2-normal-feed,4506,5196,2,2,2,0.34700000000018116
587817018234,P2-normal-feed,4511,5201,2,2,2,0.3420000000001817
587822092060,P2-normal-feed,4515,5205,2,2,2,0.33800000000018215
587827165065,P2-normal-feed,4520,5211,2,2,2,0.33200000000018326
587832238160,P2-normal-feed,4525,5216,2,2,2,0.32700000000018337
587837318298,P2-normal-feed,4530,5221,2,2,2,0.3220000000001839
587842390682,P2-normal-feed,4534,5226,2,2,2,0.31700000000018447
587847462745,P2-normal-feed,4539,5231,2,2,2,0.3120000000001846
587852534889,P2-normal-feed,4544,5236,2,2,2,0.30700000000018557
587857607332,P2-normal-feed,4549,5242,2,2,2,0.30100000000018623
587862684054,P2-normal-feed,4553,5246,2,2,2,0.29700000000018667
587867756188,P2-normal-feed,4558,5251,2,2,2,0.29200000000018766
587872828511,P2-normal-feed,4563,5257,2,2,2,0.2860000000001879
587877900935,P2-normal-feed,4568,5262,2,2,2,0.28100000000018843
587882973389,P2-normal-feed,4572,5266,2,2,2,0.2770000000001889
587888046314,P2-normal-feed,4577,5272,2,2,2,0.27100000000018953
587893123036,P2-normal-feed,4582,5277,2,2,2,0.2660000000001901
587898197273,P2-normal-feed,4587,5282,2,2,2,0.26100000000019064
587903270248,P2-normal-feed,4591,5287,2,2,2,0.25600000000019074
587908342201,P2-normal-feed,4596,5292,2,2,2,0.25100000000019174
587913414835,P2-normal-feed,4601,5297,2,2,2,0.2460000000001923
587918486889,P2-normal-feed,4606,5303,2,2,2,0.2400000000001925
587923558932,P2-normal-feed,4610,5307,2,2,2,0.23600000000019383
587928631215,P2-normal-feed,4615,5312,2,2,2,0.23100000000019394
587933703259,P2-normal-feed,4620,5318,2,2,2,0.2250000000001946
587938777867,P2-normal-feed,4625,5323,2,2,2,0.2200000000001956
587943852865,P2-normal-feed,4629,5327,2,2,2,0.21600000000019515
587948932833,P2-normal-feed,4634,5333,2,2,2,0.21000000000019625
587954006780,P2-normal-feed,4639,5338,2,2,2,0.2050000000001968
587959077751,P2-normal-feed,4644,5343,2,2,2,0.2000000000001969
587964160023,P2-normal-feed,4648,5347,2,2,2,0.19600000000019824
587969232367,P2-normal-feed,4653,5353,2,2,2,0.19000000000019845
587974345161,P2-normal-feed,4658,5358,2,2,2,0.185000000000199
587979465355,P2-normal-feed,4663,5363,2,2,2,0.1800000000002
587984584045,P2-normal-feed,4667,5368,2,2,2,0.1750000000002001
587989701373,P2-normal-feed,4672,5373,2,2,2,0.17000000000020066
587994820714,P2-normal-feed,4677,5378,2,2,2,0.1650000000002012
587999938162,P2-normal-feed,4682,5384,2,2,2,0.15900000000020187
588005066681,P2-normal-feed,4687,5389,2,2,2,0.15400000000020242
588010186614,P2-normal-feed,4691,5393,2,2,2,0.15000000000020286
588015304963,P2-normal-feed,4696,5399,2,2,2,0.14400000000020308
588020423343,P2-normal-feed,4701,5404,2,2,2,0.13900000000020407
588025541472,P2-normal-feed,4706,5409,2,2,2,0.13400000000020462
588030659482,P2-normal-feed,4711,5415,2,2,2,0.12800000000020484
588035777541,P2-normal-feed,4715,5419,2,2,2,0.12400000000020617
588040903305,P2-normal-feed,4720,5424,2,2,2,0.11900000000020627
588046022015,P2-normal-feed,4725,5430,2,2,2,0.11300000000020693
588051072788,P2-normal-feed,4730,5435,2,2,2,0.10800000000020793
588056200756,P2-normal-feed,4735,5440,2,2,2,0.10300000000020804
588061327532,P2-normal-feed,4739,5445,2,2,2,0.09800000000020859
588066424461,P2-normal-feed,4744,5450,2,2,2,0.09300000000020914
588071554302,P2-normal-feed,4749,5455,2,2,2,0.08800000000020924
588076671670,P2-normal-feed,4754,5461,2,2,2,0.08200000000021035
588081790191,P2-normal-feed,4758,5465,2,2,2,0.07800000000021079
588086897960,P2-normal-feed,4763,5470,2,2,2,0.07300000000021134
588092005570,P2-normal-feed,4768,5476,2,2,2,0.067000000000212
588097150399,P2-normal-feed,4773,5481,2,2,2,0.06200000000021255
588102229836,P2-normal-feed,4777,5486,2,2,2,0.0570000000002131
588107306348,P2-normal-feed,4782,5491,2,2,2,0.0520000000002141
588112384032,P2-normal-feed,4787,5496,2,2,2,0.047000000000214204
588117488586,P2-normal-feed,4792,5502,2,2,2,0.041000000000214865
588122558565,P2-normal-feed,4796,5506,2,2,2,0.037000000000215305
588127631971,P2-normal-feed,4801,5511,2,2,2,0.03200000000021541
588132704144,P2-normal-feed,4806,5517,2,2,2,0.026000000000216517
588137775856,P2-normal-feed,4811,5522,2,2,2,0.021000000000217067
588142874560,P2-normal-feed,4815,5526,2,2,2,0.017000000000217508
588147947554,P2-normal-feed,4820,5531,2,2,2,0.012000000000218503
588153017193,P2-normal-feed,4825,5537,2,2,2,0.006000000000218719
588158087022,P2-normal-feed,4830,5542,2,2,2,0.0018000000001383576
588163162121,P2-normal-feed,4834,5546,2,2,2,0.00020000000004616325
588168232441,P2-normal-feed,4839,5552,0,1,2,0.0
588173302170,P2-normal-feed,4844,5557,0,1,2,0.0
588178370807,P2-normal-feed,4849,5562,0,1,2,0.0
588183440626,P2-normal-feed,4853,5567,0,1,2,0.0
588188511116,P2-normal-feed,4858,5572,0,1,2,0.0
588193582488,P2-normal-feed,4863,5577,0,1,2,0.0
588198654962,P2-normal-feed,4868,5583,0,1,2,0.0
588203727957,P2-normal-feed,4872,5587,0,1,2,0.0
588208799800,P2-normal-feed,4877,5592,0,1,2,0.0
588213875750,P2-normal-feed,4882,5598,0,1,2,0.0
588218947072,P2-normal-feed,4887,5603,0,1,2,0.0
588224028943,P2-normal-feed,4891,5607,0,1,2,0.0
588229105225,P2-normal-feed,4896,5613,0,1,2,0.0
588234180834,P2-normal-feed,4901,5618,0,1,2,0.0
588239254601,P2-normal-feed,4906,5623,0,1,2,0.0
588244329278,P2-normal-feed,4910,5627,0,1,2,0.0
588249403877,P2-normal-feed,4915,5633,0,1,2,0.0
588254520553,P2-normal-feed,4920,5638,0,1,2,0.0
588259632811,P2-normal-feed,4925,5643,0,1,2,0.0
588264747685,P2-normal-feed,4930,5649,0,1,2,0.0
588269853922,P2-normal-feed,4934,5653,0,1,2,0.0
588274973063,P2-normal-feed,4939,5658,0,1,2,0.0
588280079480,P2-normal-feed,4944,5664,0,1,2,0.0
588285194564,P2-normal-feed,4949,5669,0,1,2,0.0
588290316691,P2-normal-feed,4954,5674,0,1,2,0.0
588295431925,P2-normal-feed,4958,5679,0,1,2,0.0
588300534896,P2-normal-feed,4963,5684,0,1,2,0.0
588305642415,P2-normal-feed,4968,5690,0,1,2,0.0
588310728144,P2-normal-feed,4972,5694,0,1,2,0.0
588315802472,P2-normal-feed,4977,5699,0,1,2,0.0
588320877430,P2-normal-feed,4982,5704,0,1,2,0.0
588325951878,P2-normal-feed,4987,5710,0,1,2,0.0
588331079154,P2-normal-feed,4992,5715,0,1,2,0.0
588336150937,P2-normal-feed,4996,5719,0,1,2,0.0
588341222068,P2-normal-feed,5001,5725,0,1,2,0.0
588346299983,P2-normal-feed,5006,5730,0,1,2,0.0
588351373829,P2-normal-feed,5011,5735,0,1,2,0.0
588356446543,P2-normal-feed,5015,5740,0,1,2,0.0
588361523887,P2-normal-feed,5020,5745,0,1,2,0.0
588366596080,P2-normal-feed,5025,5750,0,1,2,0.0
588371670207,P2-normal-feed,5030,5756,0,1,2,0.0
588376742190,P2-normal-feed,5034,5760,0,1,2,0.0
588381814704,P2-normal-feed,5039,5765,0,1,2,0.0
588386886937,P2-normal-feed,5044,5771,0,1,2,0.0
588391958550,P2-normal-feed,5049,5776,0,1,2,0.0
588397030894,P2-normal-feed,5053,5780,0,1,2,0.0
588402103017,P2-normal-feed,5058,5786,0,1,2,0.0
588407175290,P2-normal-feed,5063,5791,0,1,2,0.0
588412248456,P2-normal-feed,5068,5796,0,1,2,0.0
588417320899,P2-normal-feed,5072,5800,0,1,2,0.0
588422392392,P2-normal-feed,5077,5806,0,1,2,0.0
588427464575,P2-normal-feed,5082,5811,0,1,2,0.0
588432540455,P2-normal-feed,5087,5816,0,1,2,0.0
588437616185,P2-normal-feed,5092,5822,0,1,2,0.0
588442689381,P2-normal-feed,5096,5826,0,1,2,0.0
588447760612,P2-normal-feed,5101,5831,0,1,2,0.0
588452832666,P2-normal-feed,5106,5837,0,1,2,0.0
588457909127,P2-normal-feed,5111,5842,0,1,2,0.0
588462981411,P2-normal-feed,5115,5846,0,1,2,0.0
588468053193,P2-normal-feed,5120,5852,0,1,2,0.0
588473125557,P2-normal-feed,5125,5857,0,1,2,0.0
588478197119,P2-normal-feed,5130,5862,0,1,2,0.0
588483283770,P2-normal-feed,5134,5867,0,1,2,0.0
588488358197,P2-normal-feed,5139,5872,0,1,2,0.0
588493430541,P2-normal-feed,5144,5877,0,1,2,0.0
588498502414,P2-normal-feed,5149,5883,0,1,2,0.0
588503574407,P2-normal-feed,5153,5887,0,1,2,0.0
588508646320,P2-normal-feed,5158,5892,0,1,2,0.0
588513718704,P2-normal-feed,5163,5898,0,1,2,0.0
588518790376,P2-normal-feed,5168,5903,0,1,2,0.0
588523866467,P2-normal-feed,5172,5907,0,1,2,0.0
588528939442,P2-normal-feed,5177,5912,0,1,2,0.0
588534012296,P2-normal-feed,5182,5918,0,1,2,0.0
588539086724,P2-normal-feed,5187,5923,0,1,2,0.0
588544159528,P2-normal-feed,5191,5927,0,1,2,0.0
588549233495,P2-normal-feed,5196,5933,0,1,2,0.0
588554313624,P2-normal-feed,5201,5938,0,1,2,0.0
588559395265,P2-normal-feed,5206,5943,0,1,2,0.0
588564467448,P2-normal-feed,5210,5948,0,1,2,0.0
588569539231,P2-normal-feed,5215,5953,0,1,2,0.0
588574611284,P2-normal-feed,5220,5958,0,1,2,0.0
588579683317,P2-normal-feed,5225,5964,0,1,2,0.0
588584755110,P2-normal-feed,5229,5968,0,1,2,0.0
588589826862,P2-normal-feed,5234,5973,0,1,2,0.0
588594902742,P2-normal-feed,5239,5979,0,1,2,0.0
588599974635,P2-normal-feed,5244,5984,0,1,2,0.0
588605047300,P2-normal-feed,5248,5988,0,1,2,0.0
588610117099,P2-normal-feed,5253,5994,0,1,2,0.0
588615189612,P2-normal-feed,5258,5999,0,1,2,0.0
588620258801,P2-normal-feed,5263,6004,0,1,2,0.0
588625332547,P2-normal-feed,5267,6009,0,1,2,0.0
588630404550,P2-normal-feed,5272,6014,0,1,2,0.0
588635477014,P2-normal-feed,5277,6019,0,1,2,0.0
588640546923,P2-normal-feed,5282,6025,0,1,2,0.0
588645618115,P2-normal-feed,5286,6029,0,1,2,0.0
588650689717,P2-normal-feed,5291,6034,0,1,2,0.0
588655767150,P2-normal-feed,5296,6040,0,1,2,0.0
588660852468,P2-normal-feed,5301,6045,0,1,2,0.0
588665933017,P2-normal-feed,5305,6049,0,1,2,0.0
588671005722,P2-normal-feed,5310,6054,0,1,2,0.0
588676081562,P2-normal-feed,5315,6060,0,1,2,0.0
588681152433,P2-normal-feed,5320,6065,0,1,2,0.0
588686227231,P2-normal-feed,5324,6069,0,1,2,0.0
588691316737,P2-normal-feed,5329,6075,0,1,2,0.0
588696390974,P2-normal-feed,5334,6080,0,1,2,0.0
588701463909,P2-normal-feed,5339,6085,0,1,2,0.0
588706550694,P2-normal-feed,5343,6090,0,1,2,0.0
588711630472,P2-normal-feed,5348,6095,0,1,2,0.0
588716706002,P2-normal-feed,5353,6100,0,1,2,0.0
588721782613,P2-normal-feed,5358,6106,0,1,2,0.0
588726857883,P2-normal-feed,5363,6111,0,1,2,0.0
588731934875,P2-normal-feed,5367,6115,0,1,2,0.0
588737013300,P2-normal-feed,5372,6121,0,1,2,0.0
588742086846,P2-normal-feed,5377,6126,0,1,2,0.0
588747171773,P2-normal-feed,5382,6131,0,1,2,0.0
588752249567,P2-normal-feed,5386,6136,0,1,2,0.0
588757331349,P2-normal-feed,5391,6141,0,1,2,0.0
588762411287,P2-normal-feed,5396,6146,0,1,2,0.0
588767488509,P2-normal-feed,5401,6151,0,1,2,0.0
588772563929,P2-normal-feed,5405,6156,0,1,2,0.0
588777643386,P2-normal-feed-drain,5410,6161,0,1,2,0.0
588777651020,P2-normal-idle,5410,6161,0,1,2,0.0
588782726179,P2-normal-idle,5415,6166,0,1,2,0.0
588787800717,P2-normal-idle,5420,6172,0,1,2,0.0
588792904650,P2-normal-idle,5425,6177,0,1,2,0.0
588798020745,P2-normal-idle,5429,6181,0,1,2,0.0
588803138344,P2-normal-idle,5434,6187,0,1,2,0.0
588808255401,P2-normal-idle,5439,6192,0,1,2,0.0
588813364924,P2-normal-idle,5444,6197,0,1,2,0.0
588818482793,P2-normal-idle,5449,6203,0,1,2,0.0
588823589331,P2-normal-idle,5453,6207,0,1,2,0.0
588828706989,P2-normal-idle,5458,6212,0,1,2,0.0
588833815611,P2-normal-idle,5463,6218,0,1,2,0.0
588838932908,P2-normal-idle,5468,6223,0,1,2,0.0
588844042181,P2-normal-idle,5472,6227,0,1,2,0.0
588849165661,P2-normal-idle,5477,6233,0,1,2,0.0
588854275775,P2-normal-idle,5482,6238,0,1,2,0.0
588859396649,P2-normal-idle,5487,6243,0,1,2,0.0
588864505371,P2-normal-idle,5492,6248,0,1,2,0.0
588869612029,P2-normal-idle,5496,6253,0,1,2,0.0
588874692989,P2-normal-idle,5501,6258,0,1,2,0.0
588879770612,P2-normal-idle,5506,6263,0,1,2,0.0
588884843667,P2-normal-idle,5511,6269,0,1,2,0.0
588889916211,P2-normal-idle,5516,6274,0,1,2,0.0
588894988535,P2-normal-idle,5520,6278,0,1,2,0.0
588900061019,P2-normal-idle,5525,6284,0,1,2,0.0
588905133403,P2-normal-idle,5530,6289,0,1,2,0.0
588910205727,P2-normal-idle,5535,6294,0,1,2,0.0
588915290864,P2-normal-idle,5539,6299,0,1,2,0.0
588920363348,P2-normal-idle,5544,6304,0,1,2,0.0
588925437024,P2-normal-idle,5549,6309,0,1,2,0.0
588930511302,P2-normal-idle,5554,6315,0,1,2,0.0
588935585278,P2-normal-idle,5558,6319,0,1,2,0.0
588940662842,P2-normal-idle,5563,6324,0,1,2,0.0
588945737089,P2-normal-idle,5568,6330,0,1,2,0.0
588950813851,P2-normal-idle,5573,6335,0,1,2,0.0
588955885894,P2-normal-idle,5577,6339,0,1,2,0.0
588960958007,P2-normal-idle,5582,6345,0,1,2,0.0
588966034649,P2-normal-idle,5587,6350,0,1,2,0.0
588971110038,P2-normal-idle,5592,6355,0,1,2,0.0
588976182162,P2-normal-idle,5596,6360,0,1,2,0.0
588981262119,P2-normal-idle,5601,6365,0,1,2,0.0
588986335445,P2-normal-idle,5606,6370,0,1,2,0.0
588991412978,P2-normal-idle,5611,6376,0,1,2,0.0
588996489881,P2-normal-idle,5615,6380,0,1,2,0.0
589001567043,P2-normal-idle,5620,6385,0,1,2,0.0
589006643835,P2-normal-idle,5625,6391,0,1,2,0.0
589011735285,P2-normal-idle,5630,6396,0,1,2,0.0
589016853464,P2-normal-idle,5634,6400,0,1,2,0.0
589021972365,P2-normal-idle,5639,6405,0,1,2,0.0
589027074264,P2-normal-idle,5644,6411,0,1,2,0.0
589032191061,P2-normal-idle,5649,6416,0,1,2,0.0
589037307617,P2-normal-idle,5654,6421,0,1,2,0.0
589042423873,P2-normal-idle,5658,6426,0,1,2,0.0
589047552462,P2-normal-idle,5663,6431,0,1,2,0.0
589052636577,P2-normal-idle,5668,6437,0,1,2,0.0
589057713369,P2-normal-idle,5672,6441,0,1,2,0.0
589062790372,P2-normal-idle,5677,6446,0,1,2,0.0
589067866042,P2-normal-idle,5682,6452,0,1,2,0.0
589072940239,P2-normal-idle,5687,6457,0,1,2,0.0
589078026569,P2-normal-idle,5691,6461,0,1,2,0.0
589083102930,P2-normal-idle,5696,6466,0,1,2,0.0
589088176787,P2-normal-idle,5701,6472,0,1,2,0.0
589093249581,P2-normal-idle,5706,6477,0,1,2,0.0
589098321344,P2-normal-idle,5711,6482,0,1,2,0.0
589103393177,P2-normal-idle,5715,6487,0,1,2,0.0
589108475068,P2-normal-idle,5720,6492,0,1,2,0.0
589113549165,P2-normal-idle,5725,6497,0,1,2,0.0
589118627621,P2-normal-idle,5730,6503,0,1,2,0.0
589123703090,P2-normal-idle,5734,6507,0,1,2,0.0
589128780543,P2-normal-idle,5739,6512,0,1,2,0.0
589133855412,P2-normal-idle,5744,6518,0,1,2,0.0
589138934047,P2-normal-idle,5749,6523,0,1,2,0.0
589144014185,P2-normal-idle,5753,6527,0,1,2,0.0
589149116435,P2-normal-idle,5758,6533,0,1,2,0.0
589154197185,P2-normal-idle,5763,6538,0,1,2,0.0
589159274187,P2-normal-idle,5768,6543,0,1,2,0.0
589164350878,P2-normal-idle,5772,6548,0,1,2,0.0
589169427120,P2-normal-idle,5777,6553,0,1,2,0.0
589174541843,P2-normal-idle,5782,6558,0,1,2,0.0
589199829432,P3-slow-rapid,5809,6584,1,2,2,0.018050000000000004
589249914316,P3-slow-rapid,5856,6634,1,2,2,0.19600000000000012
589299991103,P3-slow-rapid,5902,6683,1,2,2,0.39200000000000024
589350069685,P3-slow-rapid,5949,6733,1,2,2,0.5920000000000004
589400147184,P3-slow-rapid,5996,6783,1,2,2,0.7920000000000005
589450223762,P3-slow-rapid,6043,6834,1,2,2,0.9960000000000008
589500300130,P3-slow-rapid,6090,6884,1,2,2,1.1960000000000008
589550376206,P3-slow-rapid,6137,6934,1,2,2,1.396000000000001
589600453866,P3-slow-rapid,6184,6984,1,2,2,1.5960000000000012
589650533479,P3-slow-rapid,6231,7034,1,2,2,1.7960000000000014
589700612281,P3-slow-rapid,6278,7084,1,2,2,1.9960000000000016
589750689230,P3-slow-rapid,6325,7134,1,2,2,2.1960000000000015
589800778311,P3-slow-rapid,6372,7185,1,2,2,2.4000000000000017
589850861420,P3-slow-rapid,6419,7235,1,2,2,2.600000000000002
589900936285,P3-slow-rapid,6466,7285,1,2,2,2.8000000000000025
589951014917,P3-slow-rapid,6513,7335,1,2,2,2.980000000000001
590001098077,P3-slow-rapid,6560,7385,0,1,2,3.0
590051174955,P3-slow-rapid,6607,7435,0,1,2,3.0
590101251382,P3-slow-rapid,6654,7485,0,1,2,3.0
590151330034,P3-slow-rapid,6701,7535,0,1,2,3.0
590201409928,P3-slow-rapid-drain,6748,7586,0,1,2,3.0
590221578447,P3-slow-feed,6769,7605,2,2,2,2.987
590271657229,P3-slow-feed,6816,7655,2,2,2,2.937
590321733987,P3-slow-feed,6863,7705,2,2,2,2.887
590371853835,P3-slow-feed,6910,7755,2,2,2,2.8369999999999997
590421934932,P3-slow-feed,6957,7806,2,2,2,2.786
590472014315,P3-slow-feed,7004,7856,2,2,2,2.7359999999999998
590522091824,P3-slow-feed,7051,7906,2,2,2,2.686
590572182117,P3-slow-feed,7097,7955,2,2,2,2.6369999999999996
590622263704,P3-slow-feed,7144,8005,2,2,2,2.5869999999999997
590672343568,P3-slow-feed,7191,8056,2,2,2,2.5359999999999996
590722422800,P3-slow-feed,7238,8106,2,2,2,2.4859999999999998
590772500440,P3-slow-feed,7285,8156,2,2,2,2.4359999999999995
590822607935,P3-slow-feed,7332,8206,2,2,2,2.3859999999999997
590872682589,P3-slow-feed,7379,8256,2,2,2,2.3359999999999994
590922758867,P3-slow-feed,7426,8306,2,2,2,2.2859999999999996
590972838009,P3-slow-feed,7473,8357,2,2,2,2.2349999999999994
591022912723,P3-slow-feed,7520,8407,2,2,2,2.184999999999999
591072989922,P3-slow-feed,7567,8457,2,2,2,2.1349999999999993
591123065688,P3-slow-feed,7614,8507,2,2,2,2.0849999999999995
591173141955,P3-slow-feed,7661,8557,2,2,2,2.0349999999999993
591223218502,P3-slow-feed,7708,8607,2,2,2,1.985000000000001
591273296834,P3-slow-feed,7754,8657,2,2,2,1.9350000000000065
591323373481,P3-slow-feed,7801,8707,2,2,2,1.885000000000012
591373460900,P3-slow-feed,7848,8757,2,2,2,1.8350000000000175
591423536686,P3-slow-feed,7895,8807,2,2,2,1.785000000000023
591473612893,P3-slow-feed,7942,8857,2,2,2,1.7350000000000285
591523688880,P3-slow-feed,7989,8907,2,2,2,1.685000000000034
591573765247,P3-slow-feed,8036,8957,2,2,2,1.6350000000000395
591623846754,P3-slow-feed,8083,9007,2,2,2,1.585000000000045
591673925255,P3-slow-feed,8130,9058,2,2,2,1.5340000000000507
591724002845,P3-slow-feed,8177,9108,2,2,2,1.4840000000000562
591774087016,P3-slow-feed,8224,9158,2,2,2,1.4340000000000617
591824165768,P3-slow-feed,8271,9208,2,2,2,1.3840000000000672
591874278002,P3-slow-feed,8318,9258,2,2,2,1.3340000000000727
591924394565,P3-slow-feed,8365,9308,2,2,2,1.2840000000000782
591974512610,P3-slow-feed,8412,9359,2,2,2,1.2330000000000838
592024629252,P3-slow-feed,8459,9409,2,2,2,1.1830000000000893
592074715649,P3-slow-feed,8506,9459,2,2,2,1.1330000000000948
592124832111,P3-slow-feed,8552,9508,2,2,2,1.0840000000001002
592174948423,P3-slow-feed,8599,9558,2,2,2,1.0340000000001057
592225030210,P3-slow-feed,8646,9608,2,2,2,0.984000000000111
592275111407,P3-slow-feed,8693,9659,2,2,2,0.9330000000001166
592325188605,P3-slow-feed,8740,9709,2,2,2,0.8830000000001221
592375277186,P3-slow-feed,8787,9759,2,2,2,0.8330000000001276
592425314355,P3-slow-feed,8834,9809,2,2,2,0.7830000000001331
592475391954,P3-slow-feed,8881,9859,2,2,2,0.7330000000001387
592525470676,P3-slow-feed,8928,9909,2,2,2,0.6830000000001442
592575547063,P3-slow-feed,8975,9959,2,2,2,0.6330000000001497
592625622759,P3-slow-feed,9022,10010,2,2,2,0.5820000000001553
592675699478,P3-slow-feed,9069,10060,2,2,2,0.5320000000001608
592725812363,P3-slow-feed,9116,10110,2,2,2,0.4820000000001663
592775898989,P3-slow-feed,9163,10160,2,2,2,0.4320000000001718
592826005423,P3-slow-feed,9210,10210,2,2,2,0.3820000000001773
592876093763,P3-slow-feed,9257,10260,2,2,2,0.33200000000018326
592926209143,P3-slow-feed,9304,10310,2,2,2,0.2820000000001883
592976306560,P3-slow-feed,9351,10360,2,2,2,0.23200000000019338
593026397404,P3-slow-feed,9398,10410,2,2,2,0.18200000000019934
593076477989,P3-slow-feed,9445,10461,2,2,2,0.13100000000020495
593126536458,P3-slow-feed,9492,10511,2,2,2,0.08100000000021046
593176616673,P3-slow-feed,9538,10560,2,2,2,0.03200000000021541
593226697488,P3-slow-feed,9585,10610,0,1,2,0.0
593276777172,P3-slow-feed,9632,10660,0,1,2,0.0
593326865001,P3-slow-feed,9679,10710,0,1,2,0.0
593376952619,P3-slow-feed,9726,10761,0,1,2,0.0
593427037712,P3-slow-feed,9773,10811,0,1,2,0.0
593477173300,P3-slow-feed,9820,10861,0,1,2,0.0
593527294251,P3-slow-feed,9867,10911,0,1,2,0.0
593577423467,P3-slow-feed,9914,10961,0,1,2,0.0
593627505886,P3-slow-feed,9961,11011,0,1,2,0.0
593677587112,P3-slow-feed,10008,11062,0,1,2,0.0
593727697874,P3-slow-feed,10055,11112,0,1,2,0.0
593777777256,P3-slow-feed,10102,11162,0,1,2,0.0
593827857180,P3-slow-feed-drain,10149,11212,0,1,2,0.0
593827864494,P4-idle,10149,11212,0,1,2,0.0
593832936547,P4-idle,10153,11216,0,1,2,0.0
593838009101,P4-idle,10158,11222,0,1,2,0.0
593843079010,P4-idle,10163,11227,0,1,2,0.0
593848156003,P4-idle,10168,11232,0,1,2,0.0
593853227415,P4-idle,10172,11237,0,1,2,0.0
593858308590,P4-idle,10177,11242,0,1,2,0.0
593863384080,P4-idle,10182,11247,0,1,2,0.0
593868459318,P4-idle,10187,11253,0,1,2,0.0
593873533836,P4-idle,10191,11257,0,1,2,0.0
593878606360,P4-idle,10196,11262,0,1,2,0.0
593883679606,P4-idle,10201,11268,0,1,2,0.0
593888751890,P4-idle,10206,11273,0,1,2,0.0
593893834302,P4-idle,10210,11277,0,1,2,0.0
593898906676,P4-idle,10215,11282,0,1,2,0.0
593903978879,P4-idle,10220,11288,0,1,2,0.0
593909051814,P4-idle,10225,11293,0,1,2,0.0
593914131071,P4-idle,10229,11297,0,1,2,0.0
593919204256,P4-idle,10234,11303,0,1,2,0.0
593924276579,P4-idle,10239,11308,0,1,2,0.0
593929350997,P4-idle,10244,11313,0,1,2,0.0
593934423391,P4-idle,10248,11318,0,1,2,0.0
593939496015,P4-idle,10253,11323,0,1,2,0.0
593944570062,P4-idle,10258,11328,0,1,2,0.0
593949643367,P4-idle,10263,11334,0,1,2,0.0
593954716964,P4-idle,10267,11338,0,1,2,0.0
593959789518,P4-idle,10272,11343,0,1,2,0.0
593964862442,P4-idle,10277,11349,0,1,2,0.0
593969934766,P4-idle,10282,11354,0,1,2,0.0
593975006920,P4-idle,10286,11358,0,1,2,0.0
593980079794,P4-idle,10291,11364,0,1,2,0.0
593985152188,P4-idle,10296,11369,0,1,2,0.0
593990224582,P4-idle,10301,11374,0,1,2,0.0
593995297737,P4-idle,10305,11379,0,1,2,0.0
594000383255,P4-idle,10310,11384,0,1,2,0.0
594005455209,P4-idle,10315,11389,0,1,2,0.0
594010532241,P4-idle,10320,11395,0,1,2,0.0
594015603944,P4-idle,10324,11399,0,1,2,0.0
594020676107,P4-idle,10329,11404,0,1,2,0.0
594025748240,P4-idle,10334,11410,0,1,2,0.0
594030821896,P4-idle,10339,11415,0,1,2,0.0
594035894791,P4-idle,10343,11419,0,1,2,0.0
594040966724,P4-idle,10348,11425,0,1,2,0.0
594046042735,P4-idle,10353,11430,0,1,2,0.0
594051115228,P4-idle,10358,11435,0,1,2,0.0
594056193353,P4-idle,10362,11440,0,1,2,0.0
594061269614,P4-idle,10367,11445,0,1,2,0.0
594066344633,P4-idle,10372,11450,0,1,2,0.0
594071417417,P4-idle,10377,11456,0,1,2,0.0
594076500491,P4-idle,10381,11460,0,1,2,0.0
594081573907,P4-idle,10386,11465,0,1,2,0.0
594086646441,P4-idle,10391,11471,0,1,2,0.0
594091718744,P4-idle,10396,11476,0,1,2,0.0
594096790798,P4-idle,10400,11480,0,1,2,0.0
594101863652,P4-idle,10405,11485,0,1,2,0.0
594106935695,P4-idle,10410,11491,0,1,2,0.0
594112013860,P4-idle,10415,11496,0,1,2,0.0
594117086785,P4-idle,10419,11500,0,1,2,0.0
594122159098,P4-idle,10424,11506,0,1,2,0.0
594127234638,P4-idle,10429,11511,0,1,2,0.0
594132309827,P4-idle,10434,11516,0,1,2,0.0
594137384745,P4-idle,10438,11521,0,1,2,0.0
594142457560,P4-idle,10443,11526,0,1,2,0.0
594147530224,P4-idle,10448,11531,0,1,2,0.0
594152602378,P4-idle,10453,11537,0,1,2,0.0
594157674351,P4-idle,10457,11541,0,1,2,0.0
594162746574,P4-idle,10462,11546,0,1,2,0.0
594167818497,P4-idle,10467,11552,0,1,2,0.0
594172891622,P4-idle,10472,11557,0,1,2,0.0
594177964527,P4-idle,10476,11561,0,1,2,0.0
594183037692,P4-idle,10481,11567,0,1,2,0.0
594188110527,P4-idle,10486,11572,0,1,2,0.0
594193187239,P4-idle,10491,11577,0,1,2,0.0
594198260865,P4-idle,10495,11582,0,1,2,0.0
594203333159,P4-idle,10500,11587,0,1,2,0.0
594208411704,P4-idle,10505,11592,0,1,2,0.0
594213485901,P4-idle,10510,11598,0,1,2,0.0
594218564857,P4-idle,10514,11602,0,1,2,0.0
594223640828,P4-idle,10519,11607,0,1,2,0.0
594228714223,P4-idle,10524,11612,0,1,2,0.0
594233786356,P4-idle,10529,11618,0,1,2,0.0
594238862828,P4-idle,10533,11622,0,1,2,0.0
594243936664,P4-idle,10538,11627,0,1,2,0.0
594249009479,P4-idle,10543,11633,0,1,2,0.0
594254084328,P4-idle,10548,11638,0,1,2,0.0
594259158875,P4-idle,10552,11642,0,1,2,0.0
594264233964,P4-idle,10557,11648,0,1,2,0.0
594269306048,P4-idle,10562,11653,0,1,2,0.0
594274381277,P4-idle,10567,11658,0,1,2,0.0
594279454532,P4-idle,10571,11663,0,1,2,0.0
594284527176,P4-idle,10576,11668,0,1,2,0.0
594289599099,P4-idle,10581,11673,0,1,2,0.0
594294671223,P4-idle,10586,11679,0,1,2,0.0
594299743336,P4-idle,10590,11683,0,1,2,0.0
594304817132,P4-idle,10595,11688,0,1,2,0.0
594309895938,P4-idle,10600,11694,0,1,2,0.0
594314968603,P4-idle,10605,11699,0,1,2,0.0
594320040666,P4-idle,10609,11703,0,1,2,0.0
594325118229,P4-idle,10614,11709,0,1,2,0.0
594330188729,P4-idle,10619,11714,0,1,2,0.0
594335260723,P4-idle,10624,11719,0,1,2,0.0
594340330051,P4-idle,10628,11724,0,1,2,0.0
594345404549,P4-idle,10633,11729,0,1,2,0.0
594350474648,P4-idle,10638,11734,0,1,2,0.0
594355550939,P4-idle,10643,11740,0,1,2,0.0
594360623713,P4-idle,10647,11744,0,1,2,0.0
594365696168,P4-idle,10652,11749,0,1,2,0.0
594370771738,P4-idle,10657,11755,0,1,2,0.0
594375846626,P4-idle,10662,11760,0,1,2,0.0
594380927095,P4-idle,10666,11764,0,1,2,0.0
594386003306,P4-idle,10671,11769,0,1,2,0.0
594391074748,P4-idle,10676,11775,0,1,2,0.0
594396146390,P4-idle,10681,11780,0,1,2,0.0
594401229544,P4-idle,10685,11784,0,1,2,0.0
594406309933,P4-idle,10690,11790,0,1,2,0.0
594411398337,P4-idle,10695,11795,0,1,2,0.0
594416474157,P4-idle,10700,11800,0,1,2,0.0
594421546961,P4-idle,10705,11806,0,1,2,0.0
594426615818,P4-idle,10709,11810,0,1,2,0.0
