monotonic_ns,phase,taskbeat,motion_heartbeat,motion_type,interp_state,exec_state,x_cmd
228334219284,P0-ready,171,523,0,1,2,0.0
228334231527,P1-fast-idle,171,523,0,1,2,0.0
228334414919,P1-fast-idle,171,523,0,1,2,0.0
228334587110,P1-fast-idle,171,523,0,1,2,0.0
228334755153,P1-fast-idle,172,524,0,1,2,0.0
228334922506,P1-fast-idle,172,524,0,1,2,0.0
228335143128,P1-fast-idle,172,524,0,1,2,0.0
228335310520,P1-fast-idle,172,524,0,1,2,0.0
228335476590,P1-fast-idle,172,524,0,1,2,0.0
228335642339,P1-fast-idle,172,524,0,1,2,0.0
228335808619,P1-fast-idle,173,525,0,1,2,0.0
228335974569,P1-fast-idle,173,525,0,1,2,0.0
228336192385,P1-fast-idle,173,525,0,1,2,0.0
228336358355,P1-fast-idle,173,525,0,1,2,0.0
228336523824,P1-fast-idle,173,525,0,1,2,0.0
228336694722,P1-fast-idle,173,525,0,1,2,0.0
228336861022,P1-fast-idle,174,526,0,1,2,0.0
228337019418,P1-fast-idle,174,526,0,1,2,0.0
228337185167,P1-fast-idle,174,526,0,1,2,0.0
228337350806,P1-fast-idle,174,526,0,1,2,0.0
228337516015,P1-fast-idle,174,526,0,1,2,0.0
228337681844,P1-fast-idle,174,526,0,1,2,0.0
228337850509,P1-fast-idle,174,526,0,1,2,0.0
228338018983,P1-fast-idle,175,527,0,1,2,0.0
228338184662,P1-fast-idle,175,527,0,1,2,0.0
228338350311,P1-fast-idle,175,527,0,1,2,0.0
228338516211,P1-fast-idle,175,527,0,1,2,0.0
228338682130,P1-fast-idle,175,527,0,1,2,0.0
228338847679,P1-fast-idle,175,527,0,1,2,0.0
228339032774,P1-fast-idle,176,528,0,1,2,0.0
228339200317,P1-fast-idle,176,528,0,1,2,0.0
228339366066,P1-fast-idle,176,528,0,1,2,0.0
228339531385,P1-fast-idle,176,528,0,1,2,0.0
228339696953,P1-fast-idle,176,528,0,1,2,0.0
228339862142,P1-fast-idle,176,528,0,1,2,0.0
228340030636,P1-fast-idle,177,529,0,1,2,0.0
228340200473,P1-fast-idle,177,529,0,1,2,0.0
228340365901,P1-fast-idle,177,529,0,1,2,0.0
228340531390,P1-fast-idle,177,529,0,1,2,0.0
228340701378,P1-fast-idle,177,529,0,1,2,0.0
228340867076,P1-fast-idle,177,529,0,1,2,0.0
228341100202,P1-fast-idle,178,530,0,1,2,0.0
228341275909,P1-fast-idle,178,530,0,1,2,0.0
228341445887,P1-fast-idle,178,530,0,1,2,0.0
228341615403,P1-fast-idle,178,530,0,1,2,0.0
228341784258,P1-fast-idle,178,530,0,1,2,0.0
228341952742,P1-fast-idle,178,530,0,1,2,0.0
228342102875,P1-fast-idle,178,530,0,1,2,0.0
228342277861,P1-fast-idle,179,531,0,1,2,0.0
228342454689,P1-fast-idle,179,531,0,1,2,0.0
228342627300,P1-fast-idle,179,531,0,1,2,0.0
228342798400,P1-fast-idle,179,531,0,1,2,0.0
228342969108,P1-fast-idle,179,531,0,1,2,0.0
228343141470,P1-fast-idle,179,531,0,1,2,0.0
228343307770,P1-fast-idle,180,532,0,1,2,0.0
228343476705,P1-fast-idle,180,532,0,1,2,0.0
228343645200,P1-fast-idle,180,532,0,1,2,0.0
228343813794,P1-fast-idle,180,532,0,1,2,0.0
228343982940,P1-fast-idle,180,532,0,1,2,0.0
228344152466,P1-fast-idle,180,532,0,1,2,0.0
228344321642,P1-fast-idle,181,533,0,1,2,0.0
228344493983,P1-fast-idle,181,533,0,1,2,0.0
228344662578,P1-fast-idle,181,533,0,1,2,0.0
228344830682,P1-fast-idle,181,533,0,1,2,0.0
228344999567,P1-fast-idle,181,533,0,1,2,0.0
228345169504,P1-fast-idle,181,533,0,1,2,0.0
228345353116,P1-fast-idle,182,534,0,1,2,0.0
228345522512,P1-fast-idle,182,534,0,1,2,0.0
228345691648,P1-fast-idle,182,534,0,1,2,0.0
228345859862,P1-fast-idle,182,534,0,1,2,0.0
228346028917,P1-fast-idle,182,534,0,1,2,0.0
228346197452,P1-fast-idle,182,534,0,1,2,0.0
228346365726,P1-fast-idle,182,534,0,1,2,0.0
228346534520,P1-fast-idle,183,535,0,1,2,0.0
228346703726,P1-fast-idle,183,535,0,1,2,0.0
228346872251,P1-fast-idle,183,535,0,1,2,0.0
228347041436,P1-fast-idle,183,535,0,1,2,0.0
228347211023,P1-fast-idle,183,535,0,1,2,0.0
228347379637,P1-fast-idle,183,535,0,1,2,0.0
228347548953,P1-fast-idle,184,537,0,1,2,0.0
228347717568,P1-fast-idle,184,537,0,1,2,0.0
228347890320,P1-fast-idle,184,537,0,1,2,0.0
228348064815,P1-fast-idle,184,537,0,1,2,0.0
228348234071,P1-fast-idle,184,537,0,1,2,0.0
228348402796,P1-fast-idle,184,537,0,1,2,0.0
228348572292,P1-fast-idle,185,538,0,1,2,0.0
228348741398,P1-fast-idle,185,538,0,1,2,0.0
228348909862,P1-fast-idle,185,538,0,1,2,0.0
228349078977,P1-fast-idle,185,538,0,1,2,0.0
228349247392,P1-fast-idle,185,538,0,1,2,0.0
228349415706,P1-fast-idle,185,538,0,1,2,0.0
228349584391,P1-fast-idle,185,538,0,1,2,0.0
228349753326,P1-fast-idle,186,539,0,1,2,0.0
228349922842,P1-fast-idle,186,539,0,1,2,0.0
228350091707,P1-fast-idle,186,539,0,1,2,0.0
228350260171,P1-fast-idle,186,539,0,1,2,0.0
228350428826,P1-fast-idle,186,539,0,1,2,0.0
228350597340,P1-fast-idle,186,539,0,1,2,0.0
228350766015,P1-fast-idle,187,540,0,1,2,0.0
228350934710,P1-fast-idle,187,540,0,1,2,0.0
228351107782,P1-fast-idle,187,540,0,1,2,0.0
228351276327,P1-fast-idle,187,540,0,1,2,0.0
228351445202,P1-fast-idle,187,540,0,1,2,0.0
228351613426,P1-fast-idle,187,540,0,1,2,0.0
228351782080,P1-fast-idle,188,541,0,1,2,0.0
228351951146,P1-fast-idle,188,541,0,1,2,0.0
228352127255,P1-fast-idle,188,541,0,1,2,0.0
228352298093,P1-fast-idle,188,541,0,1,2,0.0
228352468882,P1-fast-idle,188,541,0,1,2,0.0
228352639801,P1-fast-idle,188,541,0,1,2,0.0
228352810770,P1-fast-idle,189,542,0,1,2,0.0
228352981949,P1-fast-idle,189,542,0,1,2,0.0
228353153539,P1-fast-idle,189,542,0,1,2,0.0
228353324218,P1-fast-idle,189,542,0,1,2,0.0
228353495317,P1-fast-idle,189,542,0,1,2,0.0
228353665805,P1-fast-idle,189,542,0,1,2,0.0
228353836123,P1-fast-idle,189,542,0,1,2,0.0
228354007533,P1-fast-idle,190,543,0,1,2,0.0
228354178872,P1-fast-idle,190,543,0,1,2,0.0
228354349651,P1-fast-idle,190,543,0,1,2,0.0
228354524297,P1-fast-idle,190,543,0,1,2,0.0
228354695667,P1-fast-idle,190,543,0,1,2,0.0
228354866485,P1-fast-idle,190,543,0,1,2,0.0
228355038175,P1-fast-idle,191,544,0,1,2,0.0
228355213262,P1-fast-idle,191,544,0,1,2,0.0
228355384101,P1-fast-idle,191,544,0,1,2,0.0
228355554599,P1-fast-idle,191,544,0,1,2,0.0
228355725268,P1-fast-idle,191,544,0,1,2,0.0
228355896367,P1-fast-idle,191,544,0,1,2,0.0
228356069009,P1-fast-idle,192,545,0,1,2,0.0
228356240048,P1-fast-idle,192,545,0,1,2,0.0
228356411047,P1-fast-idle,192,545,0,1,2,0.0
228356581675,P1-fast-idle,192,545,0,1,2,0.0
228356752063,P1-fast-idle,192,545,0,1,2,0.0
228356922832,P1-fast-idle,192,545,0,1,2,0.0
228357093360,P1-fast-idle,193,546,0,1,2,0.0
228357264229,P1-fast-idle,193,546,0,1,2,0.0
228357434356,P1-fast-idle,193,546,0,1,2,0.0
228357602820,P1-fast-idle,193,546,0,1,2,0.0
228357777386,P1-fast-idle,193,546,0,1,2,0.0
228357948255,P1-fast-idle,193,546,0,1,2,0.0
228358119765,P1-fast-idle,193,546,0,1,2,0.0
228358289431,P1-fast-idle,194,547,0,1,2,0.0
228358460811,P1-fast-idle,194,547,0,1,2,0.0
228358638062,P1-fast-idle,194,547,0,1,2,0.0
228358809091,P1-fast-idle,194,547,0,1,2,0.0
228358983596,P1-fast-idle,194,547,0,1,2,0.0
228359155898,P1-fast-idle,194,547,0,1,2,0.0
228359327678,P1-fast-idle,195,548,0,1,2,0.0
228359498798,P1-fast-idle,195,548,0,1,2,0.0
228359669837,P1-fast-idle,195,548,0,1,2,0.0
228359840285,P1-fast-idle,195,548,0,1,2,0.0
228360012306,P1-fast-idle,195,548,0,1,2,0.0
228360183395,P1-fast-idle,195,548,0,1,2,0.0
228360354645,P1-fast-idle,196,549,0,1,2,0.0
228360525523,P1-fast-idle,196,549,0,1,2,0.0
228360696673,P1-fast-idle,196,549,0,1,2,0.0
228360867411,P1-fast-idle,196,549,0,1,2,0.0
228361039011,P1-fast-idle,196,549,0,1,2,0.0
228361213988,P1-fast-idle,196,549,0,1,2,0.0
228361385788,P1-fast-idle,197,550,0,1,2,0.0
228361556908,P1-fast-idle,197,550,0,1,2,0.0
228361727786,P1-fast-idle,197,550,0,1,2,0.0
228361898565,P1-fast-idle,197,550,0,1,2,0.0
228362070095,P1-fast-idle,197,550,0,1,2,0.0
228362241004,P1-fast-idle,197,550,0,1,2,0.0
228362412344,P1-fast-idle,198,551,0,1,2,0.0
228362586939,P1-fast-idle,198,551,0,1,2,0.0
228362758049,P1-fast-idle,198,551,0,1,2,0.0
228362928747,P1-fast-idle,198,551,0,1,2,0.0
228363100417,P1-fast-idle,198,551,0,1,2,0.0
228363270885,P1-fast-idle,198,551,0,1,2,0.0
228363441313,P1-fast-idle,198,551,0,1,2,0.0
228363610910,P1-fast-idle,199,553,0,1,2,0.0
228363782409,P1-fast-idle,199,553,0,1,2,0.0
228363952567,P1-fast-idle,199,553,0,1,2,0.0
228364123766,P1-fast-idle,199,553,0,1,2,0.0
228364294595,P1-fast-idle,199,553,0,1,2,0.0
228364468329,P1-fast-idle,199,553,0,1,2,0.0
228364639940,P1-fast-idle,200,554,0,1,2,0.0
228364810427,P1-fast-idle,200,554,0,1,2,0.0
228364981337,P1-fast-idle,200,554,0,1,2,0.0
228365152726,P1-fast-idle,200,554,0,1,2,0.0
228365323304,P1-fast-idle,200,554,0,1,2,0.0
228365493732,P1-fast-idle,200,554,0,1,2,0.0
228365664651,P1-fast-idle,201,555,0,1,2,0.0
228365835270,P1-fast-idle,201,555,0,1,2,0.0
228366005918,P1-fast-idle,201,555,0,1,2,0.0
228366176797,P1-fast-idle,201,555,0,1,2,0.0
228366347014,P1-fast-idle,201,555,0,1,2,0.0
228366517282,P1-fast-idle,201,555,0,1,2,0.0
228366688361,P1-fast-idle,202,556,0,1,2,0.0
228366859150,P1-fast-idle,202,556,0,1,2,0.0
228367030409,P1-fast-idle,202,556,0,1,2,0.0
228367200847,P1-fast-idle,202,556,0,1,2,0.0
228367371576,P1-fast-idle,202,556,0,1,2,0.0
228367552393,P1-fast-idle,202,556,0,1,2,0.0
228367723142,P1-fast-idle,202,556,0,1,2,0.0
228367895704,P1-fast-idle,203,557,0,1,2,0.0
228368067224,P1-fast-idle,203,557,0,1,2,0.0
228368237712,P1-fast-idle,203,557,0,1,2,0.0
228368408511,P1-fast-idle,203,557,0,1,2,0.0
228368578728,P1-fast-idle,203,557,0,1,2,0.0
228368749437,P1-fast-idle,203,557,0,1,2,0.0
228368920867,P1-fast-idle,204,558,0,1,2,0.0
228369092076,P1-fast-idle,204,558,0,1,2,0.0
228369262644,P1-fast-idle,204,558,0,1,2,0.0
228369432822,P1-fast-idle,204,558,0,1,2,0.0
228369603260,P1-fast-idle,204,558,0,1,2,0.0
228369773738,P1-fast-idle,204,558,0,1,2,0.0
228369950788,P1-fast-idle,205,559,0,1,2,0.0
228370122699,P1-fast-idle,205,559,0,1,2,0.0
228370293327,P1-fast-idle,205,559,0,1,2,0.0
228370465057,P1-fast-idle,205,559,0,1,2,0.0
228370635716,P1-fast-idle,205,559,0,1,2,0.0
228370806525,P1-fast-idle,205,559,0,1,2,0.0
228370977814,P1-fast-idle,206,560,0,1,2,0.0
228371153381,P1-fast-idle,206,560,0,1,2,0.0
228371324160,P1-fast-idle,206,560,0,1,2,0.0
228371494889,P1-fast-idle,206,560,0,1,2,0.0
228371665307,P1-fast-idle,206,560,0,1,2,0.0
228371836155,P1-fast-idle,206,560,0,1,2,0.0
228372007666,P1-fast-idle,206,560,0,1,2,0.0
228372177672,P1-fast-idle,207,561,0,1,2,0.0
228372348732,P1-fast-idle,207,561,0,1,2,0.0
228372519210,P1-fast-idle,207,561,0,1,2,0.0
228372689858,P1-fast-idle,207,561,0,1,2,0.0
228372860266,P1-fast-idle,207,561,0,1,2,0.0
228373031355,P1-fast-idle,207,561,0,1,2,0.0
228373202965,P1-fast-idle,208,562,0,1,2,0.0
228373373604,P1-fast-idle,208,562,0,1,2,0.0
228373543821,P1-fast-idle,208,562,0,1,2,0.0
228373714199,P1-fast-idle,208,562,0,1,2,0.0
228373885158,P1-fast-idle,208,562,0,1,2,0.0
228374056598,P1-fast-idle,208,562,0,1,2,0.0
228374227667,P1-fast-idle,209,563,0,1,2,0.0
228374398025,P1-fast-idle,209,563,0,1,2,0.0
228374572330,P1-fast-idle,209,563,0,1,2,0.0
228374743920,P1-fast-idle,209,563,0,1,2,0.0
228374914519,P1-fast-idle,209,563,0,1,2,0.0
228375086219,P1-fast-idle,209,563,0,1,2,0.0
228375257208,P1-fast-idle,210,564,0,1,2,0.0
228375428147,P1-fast-idle,210,564,0,1,2,0.0
228375599146,P1-fast-idle,210,564,0,1,2,0.0
228375770115,P1-fast-idle,210,564,0,1,2,0.0
228375940824,P1-fast-idle,210,564,0,1,2,0.0
228376112003,P1-fast-idle,210,564,0,1,2,0.0
228376280868,P1-fast-idle,211,565,0,1,2,0.0
228376452438,P1-fast-idle,211,565,0,1,2,0.0
228376623497,P1-fast-idle,211,565,0,1,2,0.0
228376794486,P1-fast-idle,211,565,0,1,2,0.0
228376965024,P1-fast-idle,211,565,0,1,2,0.0
228377140852,P1-fast-idle,211,565,0,1,2,0.0
228377311681,P1-fast-idle,211,565,0,1,2,0.0
228377482770,P1-fast-idle,212,566,0,1,2,0.0
228377653509,P1-fast-idle,212,566,0,1,2,0.0
228377827904,P1-fast-idle,212,566,0,1,2,0.0
228377998723,P1-fast-idle,212,566,0,1,2,0.0
228378170333,P1-fast-idle,212,566,0,1,2,0.0
228378340671,P1-fast-idle,212,566,0,1,2,0.0
228378511429,P1-fast-idle,213,567,0,1,2,0.0
228378681797,P1-fast-idle,213,567,0,1,2,0.0
228378852786,P1-fast-idle,213,567,0,1,2,0.0
228379024437,P1-fast-idle,213,567,0,1,2,0.0
228379195145,P1-fast-idle,213,567,0,1,2,0.0
228379365653,P1-fast-idle,213,567,0,1,2,0.0
228379536522,P1-fast-idle,214,569,0,1,2,0.0
228379707190,P1-fast-idle,214,569,0,1,2,0.0
228379877829,P1-fast-idle,214,569,0,1,2,0.0
228380049659,P1-fast-idle,214,569,0,1,2,0.0
228380220388,P1-fast-idle,214,569,0,1,2,0.0
228380391126,P1-fast-idle,214,569,0,1,2,0.0
228380562306,P1-fast-idle,215,570,0,1,2,0.0
228380736791,P1-fast-idle,215,570,0,1,2,0.0
228380907440,P1-fast-idle,215,570,0,1,2,0.0
228381078609,P1-fast-idle,215,570,0,1,2,0.0
228381252543,P1-fast-idle,215,570,0,1,2,0.0
228381423763,P1-fast-idle,215,570,0,1,2,0.0
228381594652,P1-fast-idle,215,570,0,1,2,0.0
228381763336,P1-fast-idle,216,571,0,1,2,0.0
228381934596,P1-fast-idle,216,571,0,1,2,0.0
228382105846,P1-fast-idle,216,571,0,1,2,0.0
228382276624,P1-fast-idle,216,571,0,1,2,0.0
228382447623,P1-fast-idle,216,571,0,1,2,0.0
228382618211,P1-fast-idle,216,571,0,1,2,0.0
228382789161,P1-fast-idle,217,572,0,1,2,0.0
228382959619,P1-fast-idle,217,572,0,1,2,0.0
228383155133,P1-fast-idle,217,572,0,1,2,0.0
228383330591,P1-fast-idle,217,572,0,1,2,0.0
228383503052,P1-fast-idle,217,572,0,1,2,0.0
228383673691,P1-fast-idle,217,572,0,1,2,0.0
228383845071,P1-fast-idle,218,573,0,1,2,0.0
228384016660,P1-fast-idle,218,573,0,1,2,0.0
228384187459,P1-fast-idle,218,573,0,1,2,0.0
228384363478,P1-fast-idle,218,573,0,1,2,0.0
228384542812,P1-fast-idle,218,573,0,1,2,0.0
228384713912,P1-fast-idle,218,573,0,1,2,0.0
228384885662,P1-fast-idle,219,574,0,1,2,0.0
228385057392,P1-fast-idle,219,574,0,1,2,0.0
228385228301,P1-fast-idle,219,574,0,1,2,0.0
228385398809,P1-fast-idle,219,574,0,1,2,0.0
228385569828,P1-fast-idle,219,574,0,1,2,0.0
228385740226,P1-fast-idle,219,574,0,1,2,0.0
228385911355,P1-fast-idle,220,575,0,1,2,0.0
228386082866,P1-fast-idle,220,575,0,1,2,0.0
228386253333,P1-fast-idle,220,575,0,1,2,0.0
228386424242,P1-fast-idle,220,575,0,1,2,0.0
228386595091,P1-fast-idle,220,575,0,1,2,0.0
228386765659,P1-fast-idle,220,575,0,1,2,0.0
228386937189,P1-fast-idle,221,576,0,1,2,0.0
228387108740,P1-fast-idle,221,576,0,1,2,0.0
228387279107,P1-fast-idle,221,576,0,1,2,0.0
228387449595,P1-fast-idle,221,576,0,1,2,0.0
228387620504,P1-fast-idle,221,576,0,1,2,0.0
228387790942,P1-fast-idle,221,576,0,1,2,0.0
228387965448,P1-fast-idle,221,576,0,1,2,0.0
228388137869,P1-fast-idle,222,577,0,1,2,0.0
228388308488,P1-fast-idle,222,577,0,1,2,0.0
228388478655,P1-fast-idle,222,577,0,1,2,0.0
228388649183,P1-fast-idle,222,577,0,1,2,0.0
228388831904,P1-fast-idle,222,577,0,1,2,0.0
228389005879,P1-fast-idle,222,577,0,1,2,0.0
228389177098,P1-fast-idle,223,578,0,1,2,0.0
228389347777,P1-fast-idle,223,578,0,1,2,0.0
228389518185,P1-fast-idle,223,578,0,1,2,0.0
228389689314,P1-fast-idle,223,578,0,1,2,0.0
228389859822,P1-fast-idle,223,578,0,1,2,0.0
228390031082,P1-fast-idle,223,578,0,1,2,0.0
228390202041,P1-fast-idle,224,579,0,1,2,0.0
228390372869,P1-fast-idle,224,579,0,1,2,0.0
228390543287,P1-fast-idle,224,579,0,1,2,0.0
228390713745,P1-fast-idle,224,579,0,1,2,0.0
228390884504,P1-fast-idle,224,579,0,1,2,0.0
228391056004,P1-fast-idle,224,579,0,1,2,0.0
228391231191,P1-fast-idle,225,580,0,1,2,0.0
228391402010,P1-fast-idle,225,580,0,1,2,0.0
228391572477,P1-fast-idle,225,580,0,1,2,0.0
228391748145,P1-fast-idle,225,580,0,1,2,0.0
228391919555,P1-fast-idle,225,580,0,1,2,0.0
228392091185,P1-fast-idle,225,580,0,1,2,0.0
228392262725,P1-fast-idle,226,581,0,1,2,0.0
228392433844,P1-fast-idle,226,581,0,1,2,0.0
228392602659,P1-fast-idle,226,581,0,1,2,0.0
228392772947,P1-fast-idle,226,581,0,1,2,0.0
228392943566,P1-fast-idle,226,581,0,1,2,0.0
228393115266,P1-fast-idle,226,581,0,1,2,0.0
228393285814,P1-fast-idle,226,581,0,1,2,0.0
228393456723,P1-fast-idle,227,582,0,1,2,0.0
228393627722,P1-fast-idle,227,582,0,1,2,0.0
228393798440,P1-fast-idle,227,582,0,1,2,0.0
228393969540,P1-fast-idle,227,582,0,1,2,0.0
228394141049,P1-fast-idle,227,582,0,1,2,0.0
228394311868,P1-fast-idle,227,582,0,1,2,0.0
228394483599,P1-fast-idle,228,583,0,1,2,0.0
228394658585,P1-fast-idle,228,583,0,1,2,0.0
228394829093,P1-fast-idle,228,583,0,1,2,0.0
228394999561,P1-fast-idle,228,583,0,1,2,0.0
228395170861,P1-fast-idle,228,583,0,1,2,0.0
228395341168,P1-fast-idle,228,583,0,1,2,0.0
228395511807,P1-fast-idle,229,585,0,1,2,0.0
228395682145,P1-fast-idle,229,585,0,1,2,0.0
228395852202,P1-fast-idle,229,585,0,1,2,0.0
228396023612,P1-fast-idle,229,585,0,1,2,0.0
228396193779,P1-fast-idle,229,585,0,1,2,0.0
228396364197,P1-fast-idle,229,585,0,1,2,0.0
228396535377,P1-fast-idle,230,586,0,1,2,0.0
228396705805,P1-fast-idle,230,586,0,1,2,0.0
228396876223,P1-fast-idle,230,586,0,1,2,0.0
228397047532,P1-fast-idle,230,586,0,1,2,0.0
228397217720,P1-fast-idle,230,586,0,1,2,0.0
228397388107,P1-fast-idle,230,586,0,1,2,0.0
228397558666,P1-fast-idle,230,586,0,1,2,0.0
228397729464,P1-fast-idle,231,587,0,1,2,0.0
228397904100,P1-fast-idle,231,587,0,1,2,0.0
228398075540,P1-fast-idle,231,587,0,1,2,0.0
228398245928,P1-fast-idle,231,587,0,1,2,0.0
228398416266,P1-fast-idle,231,587,0,1,2,0.0
228398586563,P1-fast-idle,231,587,0,1,2,0.0
228398773523,P1-fast-idle,232,588,0,1,2,0.0
228398948790,P1-fast-idle,232,588,0,1,2,0.0
228399126461,P1-fast-idle,232,588,0,1,2,0.0
228399297179,P1-fast-idle,232,588,0,1,2,0.0
228399467888,P1-fast-idle,232,588,0,1,2,0.0
228399638366,P1-fast-idle,232,588,0,1,2,0.0
228399809645,P1-fast-idle,233,589,0,1,2,0.0
228399980675,P1-fast-idle,233,589,0,1,2,0.0
228400151944,P1-fast-idle,233,589,0,1,2,0.0
228400322673,P1-fast-idle,233,589,0,1,2,0.0
228400493321,P1-fast-idle,233,589,0,1,2,0.0
228400663589,P1-fast-idle,233,589,0,1,2,0.0
228400834488,P1-fast-idle,234,590,0,1,2,0.0
228401005186,P1-fast-idle,234,590,0,1,2,0.0
228401176866,P1-fast-idle,234,590,0,1,2,0.0
228401351502,P1-fast-idle,234,590,0,1,2,0.0
228401522371,P1-fast-idle,234,590,0,1,2,0.0
228401692849,P1-fast-idle,234,590,0,1,2,0.0
228401863337,P1-fast-idle,235,591,0,1,2,0.0
228402035017,P1-fast-idle,235,591,0,1,2,0.0
228402205575,P1-fast-idle,235,591,0,1,2,0.0
228402375813,P1-fast-idle,235,591,0,1,2,0.0
228402546462,P1-fast-idle,235,591,0,1,2,0.0
228402723261,P1-fast-idle,235,591,0,1,2,0.0
228402894391,P1-fast-idle,235,591,0,1,2,0.0
228403066862,P1-fast-idle,236,592,0,1,2,0.0
228403237591,P1-fast-idle,236,592,0,1,2,0.0
228403407959,P1-fast-idle,236,592,0,1,2,0.0
228403578837,P1-fast-idle,236,592,0,1,2,0.0
228403748845,P1-fast-idle,236,592,0,1,2,0.0
228403919403,P1-fast-idle,236,592,0,1,2,0.0
228404091574,P1-fast-idle,237,593,0,1,2,0.0
228404262273,P1-fast-idle,237,593,0,1,2,0.0
228404433041,P1-fast-idle,237,593,0,1,2,0.0
228404605323,P1-fast-idle,237,593,0,1,2,0.0
228404775821,P1-fast-idle,237,593,0,1,2,0.0
228404946229,P1-fast-idle,237,593,0,1,2,0.0
228405117518,P1-fast-idle,238,594,0,1,2,0.0
228405287906,P1-fast-idle,238,594,0,1,2,0.0
228405458354,P1-fast-idle,238,594,0,1,2,0.0
228405628822,P1-fast-idle,238,594,0,1,2,0.0
228405798639,P1-fast-idle,238,594,0,1,2,0.0
228405968837,P1-fast-idle,238,594,0,1,2,0.0
228406139535,P1-fast-idle,239,595,0,1,2,0.0
228406313920,P1-fast-idle,239,595,0,1,2,0.0
228406484879,P1-fast-idle,239,595,0,1,2,0.0
228406655187,P1-fast-idle,239,595,0,1,2,0.0
228406825545,P1-fast-idle,239,595,0,1,2,0.0
228406996013,P1-fast-idle,239,595,0,1,2,0.0
228407167533,P1-fast-idle,239,595,0,1,2,0.0
228407338712,P1-fast-idle,240,596,0,1,2,0.0
228407509822,P1-fast-idle,240,596,0,1,2,0.0
228407680290,P1-fast-idle,240,596,0,1,2,0.0
228407850828,P1-fast-idle,240,596,0,1,2,0.0
228408026045,P1-fast-idle,240,596,0,1,2,0.0
228408197014,P1-fast-idle,240,596,0,1,2,0.0
228408368453,P1-fast-idle,241,597,0,1,2,0.0
228408539443,P1-fast-idle,241,597,0,1,2,0.0
228408710442,P1-fast-idle,241,597,0,1,2,0.0
228408881461,P1-fast-idle,241,597,0,1,2,0.0
228409053411,P1-fast-idle,241,597,0,1,2,0.0
228409224641,P1-fast-idle,241,597,0,1,2,0.0
228409396091,P1-fast-idle,242,598,0,1,2,0.0
228409567751,P1-fast-idle,242,598,0,1,2,0.0
228409739111,P1-fast-idle,242,598,0,1,2,0.0
228409909689,P1-fast-idle,242,598,0,1,2,0.0
228410081299,P1-fast-idle,242,598,0,1,2,0.0
228410251938,P1-fast-idle,242,598,0,1,2,0.0
228410423788,P1-fast-idle,243,599,0,1,2,0.0
228410594847,P1-fast-idle,243,599,0,1,2,0.0
228410765656,P1-fast-idle,243,599,0,1,2,0.0
228410936645,P1-fast-idle,243,599,0,1,2,0.0
228411108085,P1-fast-idle,243,599,0,1,2,0.0
228411282570,P1-fast-idle,243,599,0,1,2,0.0
228411453750,P1-fast-idle,243,599,0,1,2,0.0
228411622815,P1-fast-idle,244,601,0,1,2,0.0
228411794024,P1-fast-idle,244,601,0,1,2,0.0
228411965144,P1-fast-idle,244,601,0,1,2,0.0
228412136544,P1-fast-idle,244,601,0,1,2,0.0
228412307382,P1-fast-idle,244,601,0,1,2,0.0
228412478061,P1-fast-idle,244,601,0,1,2,0.0
228412648879,P1-fast-idle,245,602,0,1,2,0.0
228412821502,P1-fast-idle,245,602,0,1,2,0.0
228412992350,P1-fast-idle,245,602,0,1,2,0.0
228413164091,P1-fast-idle,245,602,0,1,2,0.0
228413334749,P1-fast-idle,245,602,0,1,2,0.0
228413509144,P1-fast-idle,245,602,0,1,2,0.0
228413683260,P1-fast-idle,246,603,0,1,2,0.0
228413854699,P1-fast-idle,246,603,0,1,2,0.0
228414026941,P1-fast-idle,246,603,0,1,2,0.0
228414197930,P1-fast-idle,246,603,0,1,2,0.0
228414395117,P1-fast-idle,246,603,0,1,2,0.0
228414570314,P1-fast-idle,246,603,0,1,2,0.0
228414748086,P1-fast-idle,247,604,0,1,2,0.0
228414919646,P1-fast-idle,247,604,0,1,2,0.0
228415091657,P1-fast-idle,247,604,0,1,2,0.0
228415257416,P1-fast-idle,247,604,0,1,2,0.0
228415422885,P1-fast-idle,247,604,0,1,2,0.0
228415588634,P1-fast-idle,247,604,0,1,2,0.0
228415754544,P1-fast-idle,248,605,0,1,2,0.0
228415920243,P1-fast-idle,248,605,0,1,2,0.0
228416153077,P1-fast-idle,248,605,0,1,2,0.0
228416324748,P1-fast-idle,248,605,0,1,2,0.0
228416493572,P1-fast-idle,248,605,0,1,2,0.0
228416662127,P1-fast-idle,248,605,0,1,2,0.0
228416831213,P1-fast-idle,249,606,0,1,2,0.0
228417000178,P1-fast-idle,249,606,0,1,2,0.0
228417169834,P1-fast-idle,249,606,0,1,2,0.0
228417338259,P1-fast-idle,249,606,0,1,2,0.0
228417506533,P1-fast-idle,249,606,0,1,2,0.0
228417674867,P1-fast-idle,249,606,0,1,2,0.0
228417842970,P1-fast-idle,249,606,0,1,2,0.0
228418017426,P1-fast-idle,250,607,0,1,2,0.0
228418186742,P1-fast-idle,250,607,0,1,2,0.0
228418355677,P1-fast-idle,250,607,0,1,2,0.0
228418524021,P1-fast-idle,250,607,0,1,2,0.0
228418692595,P1-fast-idle,250,607,0,1,2,0.0
228418860819,P1-fast-idle,250,607,0,1,2,0.0
228419035685,P1-fast-idle,251,608,0,1,2,0.0
228419207776,P1-fast-idle,251,608,0,1,2,0.0
228419376381,P1-fast-idle,251,608,0,1,2,0.0
228419544905,P1-fast-idle,251,608,0,1,2,0.0
228419713059,P1-fast-idle,251,608,0,1,2,0.0
228419881123,P1-fast-idle,251,608,0,1,2,0.0
228420056044,P1-fast-idle,252,609,0,1,2,0.0
228420230469,P1-fast-idle,252,609,0,1,2,0.0
228420400516,P1-fast-idle,252,609,0,1,2,0.0
228420570333,P1-fast-idle,252,609,0,1,2,0.0
228420739148,P1-fast-idle,252,609,0,1,2,0.0
228420913253,P1-fast-idle,252,609,0,1,2,0.0
228421071564,P1-fast-idle,252,609,0,1,2,0.0
228421241761,P1-fast-idle,253,610,0,1,2,0.0
228421414974,P1-fast-idle,253,610,0,1,2,0.0
228421583880,P1-fast-idle,253,610,0,1,2,0.0
228421752244,P1-fast-idle,253,610,0,1,2,0.0
228421920457,P1-fast-idle,253,610,0,1,2,0.0
228422087609,P1-fast-idle,253,610,0,1,2,0.0
228422254561,P1-fast-idle,254,611,0,1,2,0.0
228422420641,P1-fast-idle,254,611,0,1,2,0.0
228422595617,P1-fast-idle,254,611,0,1,2,0.0
228422766807,P1-fast-idle,254,611,0,1,2,0.0
228422937325,P1-fast-idle,254,611,0,1,2,0.0
228423108424,P1-fast-idle,254,611,0,1,2,0.0
228423279974,P1-fast-idle,255,612,0,1,2,0.0
228423450362,P1-fast-idle,255,612,0,1,2,0.0
228423621201,P1-fast-idle,255,612,0,1,2,0.0
228423791558,P1-fast-idle,255,612,0,1,2,0.0
228423962017,P1-fast-idle,255,612,0,1,2,0.0
228424133606,P1-fast-idle,255,612,0,1,2,0.0
228424304836,P1-fast-idle,256,613,0,1,2,0.0
228424479983,P1-fast-idle,256,613,0,1,2,0.0
228424654008,P1-fast-idle,256,613,0,1,2,0.0
228424824766,P1-fast-idle,256,613,0,1,2,0.0
228424995675,P1-fast-idle,256,613,0,1,2,0.0
228425166974,P1-fast-idle,256,613,0,1,2,0.0
228425337713,P1-fast-idle,256,613,0,1,2,0.0
228425506718,P1-fast-idle,257,614,0,1,2,0.0
228425677988,P1-fast-idle,257,614,0,1,2,0.0
228425848897,P1-fast-idle,257,614,0,1,2,0.0
228426020317,P1-fast-idle,257,614,0,1,2,0.0
228426190875,P1-fast-idle,257,614,0,1,2,0.0
228426361032,P1-fast-idle,257,614,0,1,2,0.0
228426531721,P1-fast-idle,258,615,0,1,2,0.0
228426702910,P1-fast-idle,258,615,0,1,2,0.0
228426873548,P1-fast-idle,258,615,0,1,2,0.0
228427044858,P1-fast-idle,258,615,0,1,2,0.0
228427215276,P1-fast-idle,258,615,0,1,2,0.0
228427385484,P1-fast-idle,258,615,0,1,2,0.0
228427561031,P1-fast-idle,259,617,0,1,2,0.0
228427732110,P1-fast-idle,259,617,0,1,2,0.0
228427902939,P1-fast-idle,259,617,0,1,2,0.0
228428077825,P1-fast-idle,259,617,0,1,2,0.0
228428248924,P1-fast-idle,259,617,0,1,2,0.0
228428418892,P1-fast-idle,259,617,0,1,2,0.0
228428590071,P1-fast-idle,260,618,0,1,2,0.0
228428760980,P1-fast-idle,260,618,0,1,2,0.0
228428931698,P1-fast-idle,260,618,0,1,2,0.0
228429103359,P1-fast-idle,260,618,0,1,2,0.0
228429276913,P1-fast-idle,260,618,0,1,2,0.0
228429448192,P1-fast-idle,260,618,0,1,2,0.0
228429619512,P1-fast-idle,261,619,0,1,2,0.0
228429790611,P1-fast-idle,261,619,0,1,2,0.0
228429977349,P1-fast-idle,261,619,0,1,2,0.0
228430156714,P1-fast-idle,261,619,0,1,2,0.0
228430328184,P1-fast-idle,261,619,0,1,2,0.0
228430499143,P1-fast-idle,261,619,0,1,2,0.0
228430671034,P1-fast-idle,261,619,0,1,2,0.0
228430842814,P1-fast-idle,262,620,0,1,2,0.0
228431015075,P1-fast-idle,262,620,0,1,2,0.0
228431186224,P1-fast-idle,262,620,0,1,2,0.0
228431362083,P1-fast-idle,262,620,0,1,2,0.0
228431533062,P1-fast-idle,262,620,0,1,2,0.0
228431703850,P1-fast-idle,262,620,0,1,2,0.0
228431875410,P1-fast-idle,263,621,0,1,2,0.0
228432047511,P1-fast-idle,263,621,0,1,2,0.0
228432218170,P1-fast-idle,263,621,0,1,2,0.0
228432388618,P1-fast-idle,263,621,0,1,2,0.0
228432559206,P1-fast-idle,263,621,0,1,2,0.0
228432730035,P1-fast-idle,263,621,0,1,2,0.0
228432901415,P1-fast-idle,264,622,0,1,2,0.0
228433077844,P1-fast-idle,264,622,0,1,2,0.0
228433249153,P1-fast-idle,264,622,0,1,2,0.0
228433419832,P1-fast-idle,264,622,0,1,2,0.0
228433590510,P1-fast-idle,264,622,0,1,2,0.0
228433761079,P1-fast-idle,264,622,0,1,2,0.0
228433932218,P1-fast-idle,265,623,0,1,2,0.0
228434103598,P1-fast-idle,265,623,0,1,2,0.0
228434274346,P1-fast-idle,265,623,0,1,2,0.0
228434444804,P1-fast-idle,265,623,0,1,2,0.0
228434613288,P1-fast-idle,265,623,0,1,2,0.0
228434787904,P1-fast-idle,265,623,0,1,2,0.0
228434959595,P1-fast-idle,266,624,0,1,2,0.0
228435131636,P1-fast-idle,266,624,0,1,2,0.0
228435302725,P1-fast-idle,266,624,0,1,2,0.0
228435476880,P1-fast-idle,266,624,0,1,2,0.0
228435648340,P1-fast-idle,266,624,0,1,2,0.0
228435819689,P1-fast-idle,266,624,0,1,2,0.0
228435990578,P1-fast-idle,266,624,0,1,2,0.0
228436160816,P1-fast-idle,267,625,0,1,2,0.0
228436332176,P1-fast-idle,267,625,0,1,2,0.0
228436502894,P1-fast-idle,267,625,0,1,2,0.0
228436673372,P1-fast-idle,267,625,0,1,2,0.0
228436843860,P1-fast-idle,267,625,0,1,2,0.0
228437015350,P1-fast-idle,267,625,0,1,2,0.0
228437186579,P1-fast-idle,268,626,0,1,2,0.0
228437357398,P1-fast-idle,268,626,0,1,2,0.0
228437528307,P1-fast-idle,268,626,0,1,2,0.0
228437698865,P1-fast-idle,268,626,0,1,2,0.0
228437869163,P1-fast-idle,268,626,0,1,2,0.0
228438044610,P1-fast-idle,268,626,0,1,2,0.0
228438216160,P1-fast-idle,269,627,0,1,2,0.0
228438390135,P1-fast-idle,269,627,0,1,2,0.0
228438561064,P1-fast-idle,269,627,0,1,2,0.0
228438731832,P1-fast-idle,269,627,0,1,2,0.0
228438902932,P1-fast-idle,269,627,0,1,2,0.0
228439074512,P1-fast-idle,269,627,0,1,2,0.0
228439246513,P1-fast-idle,270,628,0,1,2,0.0
228439417542,P1-fast-idle,270,628,0,1,2,0.0
228439588320,P1-fast-idle,270,628,0,1,2,0.0
228439758898,P1-fast-idle,270,628,0,1,2,0.0
228439929597,P1-fast-idle,270,628,0,1,2,0.0
228440101087,P1-fast-idle,270,628,0,1,2,0.0
228440271815,P1-fast-idle,271,629,0,1,2,0.0
228440442834,P1-fast-idle,271,629,0,1,2,0.0
228440611108,P1-fast-idle,271,629,0,1,2,0.0
228440781687,P1-fast-idle,271,629,0,1,2,0.0
228440952035,P1-fast-idle,271,629,0,1,2,0.0
228441123394,P1-fast-idle,271,629,0,1,2,0.0
228441293822,P1-fast-idle,271,629,0,1,2,0.0
228441469049,P1-fast-idle,272,630,0,1,2,0.0
228441639918,P1-fast-idle,272,630,0,1,2,0.0
228441810326,P1-fast-idle,272,630,0,1,2,0.0
228441980834,P1-fast-idle,272,630,0,1,2,0.0
228442152434,P1-fast-idle,272,630,0,1,2,0.0
228442322982,P1-fast-idle,272,630,0,1,2,0.0
228442494072,P1-fast-idle,273,631,0,1,2,0.0
228442665000,P1-fast-idle,273,631,0,1,2,0.0
228442835839,P1-fast-idle,273,631,0,1,2,0.0
228443006478,P1-fast-idle,273,631,0,1,2,0.0
228443178348,P1-fast-idle,273,631,0,1,2,0.0
228443348806,P1-fast-idle,273,631,0,1,2,0.0
228443519755,P1-fast-idle,274,633,0,1,2,0.0
228443690313,P1-fast-idle,274,633,0,1,2,0.0
228443868316,P1-fast-idle,274,633,0,1,2,0.0
228444039876,P1-fast-idle,274,633,0,1,2,0.0
228444210995,P1-fast-idle,274,633,0,1,2,0.0
228444382024,P1-fast-idle,274,633,0,1,2,0.0
228444553374,P1-fast-idle,275,634,0,1,2,0.0
228444728541,P1-fast-idle,275,634,0,1,2,0.0
228444899449,P1-fast-idle,275,634,0,1,2,0.0
228445070759,P1-fast-idle,275,634,0,1,2,0.0
228445241207,P1-fast-idle,275,634,0,1,2,0.0
228445412116,P1-fast-idle,275,634,0,1,2,0.0
228445600567,P1-fast-idle,275,634,0,1,2,0.0
228445776986,P1-fast-idle,276,635,0,1,2,0.0
228445948877,P1-fast-idle,276,635,0,1,2,0.0
228446120938,P1-fast-idle,276,635,0,1,2,0.0
228446291927,P1-fast-idle,276,635,0,1,2,0.0
228446467866,P1-fast-idle,276,635,0,1,2,0.0
228446638814,P1-fast-idle,276,635,0,1,2,0.0
228446810244,P1-fast-idle,277,636,0,1,2,0.0
228446981324,P1-fast-idle,277,636,0,1,2,0.0
228447152693,P1-fast-idle,277,636,0,1,2,0.0
228447318242,P1-fast-idle,277,636,0,1,2,0.0
228447483891,P1-fast-idle,277,636,0,1,2,0.0
228447649149,P1-fast-idle,277,636,0,1,2,0.0
228447814848,P1-fast-idle,278,637,0,1,2,0.0
228447983283,P1-fast-idle,278,637,0,1,2,0.0
228448155404,P1-fast-idle,278,637,0,1,2,0.0
228448323898,P1-fast-idle,278,637,0,1,2,0.0
228448492132,P1-fast-idle,278,637,0,1,2,0.0
228448660055,P1-fast-idle,278,637,0,1,2,0.0
228448828520,P1-fast-idle,279,638,0,1,2,0.0
228448996914,P1-fast-idle,279,638,0,1,2,0.0
228449165889,P1-fast-idle,279,638,0,1,2,0.0
228449338782,P1-fast-idle,279,638,0,1,2,0.0
228449507877,P1-fast-idle,279,638,0,1,2,0.0
228449676001,P1-fast-idle,279,638,0,1,2,0.0
228449844275,P1-fast-idle,279,638,0,1,2,0.0
228450014142,P1-fast-idle,280,639,0,1,2,0.0
228450182866,P1-fast-idle,280,639,0,1,2,0.0
228450350980,P1-fast-idle,280,639,0,1,2,0.0
228450519274,P1-fast-idle,280,639,0,1,2,0.0
228450687178,P1-fast-idle,280,639,0,1,2,0.0
228450855091,P1-fast-idle,280,639,0,1,2,0.0
228451024837,P1-fast-idle,281,640,0,1,2,0.0
228451193051,P1-fast-idle,281,640,0,1,2,0.0
228451364882,P1-fast-idle,281,640,0,1,2,0.0
228451533426,P1-fast-idle,281,640,0,1,2,0.0
228451701620,P1-fast-idle,281,640,0,1,2,0.0
228451869353,P1-fast-idle,281,640,0,1,2,0.0
228452038559,P1-fast-idle,282,641,0,1,2,0.0
228452206833,P1-fast-idle,282,641,0,1,2,0.0
228452374696,P1-fast-idle,282,641,0,1,2,0.0
228452542800,P1-fast-idle,282,641,0,1,2,0.0
228452710913,P1-fast-idle,282,641,0,1,2,0.0
228452878816,P1-fast-idle,282,641,0,1,2,0.0
228453047661,P1-fast-idle,282,641,0,1,2,0.0
228453216586,P1-fast-idle,283,642,0,1,2,0.0
228453384941,P1-fast-idle,283,642,0,1,2,0.0
228453553295,P1-fast-idle,283,642,0,1,2,0.0
228453721639,P1-fast-idle,283,642,0,1,2,0.0
228453890574,P1-fast-idle,283,642,0,1,2,0.0
228454059198,P1-fast-idle,283,642,0,1,2,0.0
228454227733,P1-fast-idle,284,643,0,1,2,0.0
228454395937,P1-fast-idle,284,643,0,1,2,0.0
228454564091,P1-fast-idle,284,643,0,1,2,0.0
228454738135,P1-fast-idle,284,643,0,1,2,0.0
228454906830,P1-fast-idle,284,643,0,1,2,0.0
228455075585,P1-fast-idle,284,643,0,1,2,0.0
228455244430,P1-fast-idle,285,644,0,1,2,0.0
228455412503,P1-fast-idle,285,644,0,1,2,0.0
228455580808,P1-fast-idle,285,644,0,1,2,0.0
228455748981,P1-fast-idle,285,644,0,1,2,0.0
228455917205,P1-fast-idle,285,644,0,1,2,0.0
228456086150,P1-fast-idle,285,644,0,1,2,0.0
228456255236,P1-fast-idle,285,644,0,1,2,0.0
228456424502,P1-fast-idle,286,645,0,1,2,0.0
228456592876,P1-fast-idle,286,645,0,1,2,0.0
228456760929,P1-fast-idle,286,645,0,1,2,0.0
228456928983,P1-fast-idle,286,645,0,1,2,0.0
228457097577,P1-fast-idle,286,645,0,1,2,0.0
228457269999,P1-fast-idle,286,645,0,1,2,0.0
228457438794,P1-fast-idle,287,646,0,1,2,0.0
228457607178,P1-fast-idle,287,646,0,1,2,0.0
228457775061,P1-fast-idle,287,646,0,1,2,0.0
228457946912,P1-fast-idle,287,646,0,1,2,0.0
228458115907,P1-fast-idle,287,646,0,1,2,0.0
228458284231,P1-fast-idle,287,646,0,1,2,0.0
228458452646,P1-fast-idle,288,647,0,1,2,0.0
228458621571,P1-fast-idle,288,647,0,1,2,0.0
228458789804,P1-fast-idle,288,647,0,1,2,0.0
228458957988,P1-fast-idle,288,647,0,1,2,0.0
228459126653,P1-fast-idle,288,647,0,1,2,0.0
228459305176,P1-fast-idle,288,647,0,1,2,0.0
228459474652,P1-fast-idle,289,649,0,1,2,0.0
228459643718,P1-fast-idle,289,649,0,1,2,0.0
228459812062,P1-fast-idle,289,649,0,1,2,0.0
228459980356,P1-fast-idle,289,649,0,1,2,0.0
228460153288,P1-fast-idle,289,649,0,1,2,0.0
228460321973,P1-fast-idle,289,649,0,1,2,0.0
228460490437,P1-fast-idle,289,649,0,1,2,0.0
228460659292,P1-fast-idle,290,650,0,1,2,0.0
228460827717,P1-fast-idle,290,650,0,1,2,0.0
228460996121,P1-fast-idle,290,650,0,1,2,0.0
228462105430,P1-fast-idle,291,651,0,1,2,0.0
228462282411,P1-fast-idle,291,651,0,1,2,0.0
228462451596,P1-fast-idle,291,651,0,1,2,0.0
228462620090,P1-fast-idle,291,651,0,1,2,0.0
228462789176,P1-fast-idle,292,652,0,1,2,0.0
228462957630,P1-fast-idle,292,652,0,1,2,0.0
228463127688,P1-fast-idle,292,652,0,1,2,0.0
228463296553,P1-fast-idle,292,652,0,1,2,0.0
228463464666,P1-fast-idle,292,652,0,1,2,0.0
228463632710,P1-fast-idle,292,652,0,1,2,0.0
228463801204,P1-fast-idle,293,653,0,1,2,0.0
228463969538,P1-fast-idle,293,653,0,1,2,0.0
228464139365,P1-fast-idle,293,653,0,1,2,0.0
228464307679,P1-fast-idle,293,653,0,1,2,0.0
228464475953,P1-fast-idle,293,653,0,1,2,0.0
228464643706,P1-fast-idle,293,653,0,1,2,0.0
228464812341,P1-fast-idle,294,654,0,1,2,0.0
228464980464,P1-fast-idle,294,654,0,1,2,0.0
228465149560,P1-fast-idle,294,654,0,1,2,0.0
228465317553,P1-fast-idle,294,654,0,1,2,0.0
228465489153,P1-fast-idle,294,654,0,1,2,0.0
228465657257,P1-fast-idle,294,654,0,1,2,0.0
228465825221,P1-fast-idle,294,654,0,1,2,0.0
228465993745,P1-fast-idle,295,655,0,1,2,0.0
228466163181,P1-fast-idle,295,655,0,1,2,0.0
228466331615,P1-fast-idle,295,655,0,1,2,0.0
228466503566,P1-fast-idle,295,655,0,1,2,0.0
228466671580,P1-fast-idle,295,655,0,1,2,0.0
228466840034,P1-fast-idle,295,655,0,1,2,0.0
228467009510,P1-fast-idle,296,656,0,1,2,0.0
228467178355,P1-fast-idle,296,656,0,1,2,0.0
228467346669,P1-fast-idle,296,656,0,1,2,0.0
228467515283,P1-fast-idle,296,656,0,1,2,0.0
228467683618,P1-fast-idle,296,656,0,1,2,0.0
228467852032,P1-fast-idle,296,656,0,1,2,0.0
228468020957,P1-fast-idle,297,657,0,1,2,0.0
228468189071,P1-fast-idle,297,657,0,1,2,0.0
228468357375,P1-fast-idle,297,657,0,1,2,0.0
228468525769,P1-fast-idle,297,657,0,1,2,0.0
228468694213,P1-fast-idle,297,657,0,1,2,0.0
228468867526,P1-fast-idle,297,657,0,1,2,0.0
228469036452,P1-fast-idle,297,657,0,1,2,0.0
228469205387,P1-fast-idle,298,658,0,1,2,0.0
228469373781,P1-fast-idle,298,658,0,1,2,0.0
228469542756,P1-fast-idle,298,658,0,1,2,0.0
228469711721,P1-fast-idle,298,658,0,1,2,0.0
228469879745,P1-fast-idle,298,658,0,1,2,0.0
228470048460,P1-fast-idle,298,658,0,1,2,0.0
228470217074,P1-fast-idle,299,659,0,1,2,0.0
228470385228,P1-fast-idle,299,659,0,1,2,0.0
228470553452,P1-fast-idle,299,659,0,1,2,0.0
228470721395,P1-fast-idle,299,659,0,1,2,0.0
228470889398,P1-fast-idle,299,659,0,1,2,0.0
228471058384,P1-fast-idle,299,659,0,1,2,0.0
228471226498,P1-fast-idle,300,660,0,1,2,0.0
228471394481,P1-fast-idle,300,660,0,1,2,0.0
228471562765,P1-fast-idle,300,660,0,1,2,0.0
228471730738,P1-fast-idle,300,660,0,1,2,0.0
228471902799,P1-fast-idle,300,660,0,1,2,0.0
228472075632,P1-fast-idle,300,660,0,1,2,0.0
228472245679,P1-fast-idle,300,660,0,1,2,0.0
228472414945,P1-fast-idle,301,661,0,1,2,0.0
228472583770,P1-fast-idle,301,661,0,1,2,0.0
228472751924,P1-fast-idle,301,661,0,1,2,0.0
228472920027,P1-fast-idle,301,661,0,1,2,0.0
228473089614,P1-fast-idle,301,661,0,1,2,0.0
228473257817,P1-fast-idle,301,661,0,1,2,0.0
228473426512,P1-fast-idle,302,662,0,1,2,0.0
228473595928,P1-fast-idle,302,662,0,1,2,0.0
228473764302,P1-fast-idle,302,662,0,1,2,0.0
228473932286,P1-fast-idle,302,662,0,1,2,0.0
228474101301,P1-fast-idle,302,662,0,1,2,0.0
228474269485,P1-fast-idle,302,662,0,1,2,0.0
228474438240,P1-fast-idle,303,663,0,1,2,0.0
228474606945,P1-fast-idle,303,663,0,1,2,0.0
228474775389,P1-fast-idle,303,663,0,1,2,0.0
228474943232,P1-fast-idle,303,663,0,1,2,0.0
228475112578,P1-fast-idle,303,663,0,1,2,0.0
228475281012,P1-fast-idle,303,663,0,1,2,0.0
228475465837,P1-fast-idle,304,664,0,1,2,0.0
228475635634,P1-fast-idle,304,664,0,1,2,0.0
228475804649,P1-fast-idle,304,664,0,1,2,0.0
228475973414,P1-fast-idle,304,664,0,1,2,0.0
228476140556,P1-fast-idle,304,664,0,1,2,0.0
228476306576,P1-fast-idle,304,664,0,1,2,0.0
228476429249,P1-fast-idle,304,664,0,1,2,0.0
228476629473,P1-fast-idle,305,666,0,1,2,0.0
228476800902,P1-fast-idle,305,666,0,1,2,0.0
228476969727,P1-fast-idle,305,666,0,1,2,0.0
228477138683,P1-fast-idle,305,666,0,1,2,0.0
228477310253,P1-fast-idle,305,666,0,1,2,0.0
228477480120,P1-fast-idle,305,666,0,1,2,0.0
228477699038,P1-fast-idle,306,667,0,1,2,0.0
228477868965,P1-fast-idle,306,667,0,1,2,0.0
228478035906,P1-fast-idle,306,667,0,1,2,0.0
228478201856,P1-fast-idle,306,667,0,1,2,0.0
228478367505,P1-fast-idle,306,667,0,1,2,0.0
228478534847,P1-fast-idle,306,667,0,1,2,0.0
228478682248,P1-fast-idle,307,668,0,1,2,0.0
228478860941,P1-fast-idle,307,668,0,1,2,0.0
228479037671,P1-fast-idle,307,668,0,1,2,0.0
228479213008,P1-fast-idle,307,668,0,1,2,0.0
228479387974,P1-fast-idle,307,668,0,1,2,0.0
228479563161,P1-fast-idle,307,668,0,1,2,0.0
228479745060,P1-fast-idle,308,669,0,1,2,0.0
228479921400,P1-fast-idle,308,669,0,1,2,0.0
228480093350,P1-fast-idle,308,669,0,1,2,0.0
228480263628,P1-fast-idle,308,669,0,1,2,0.0
228480434046,P1-fast-idle,308,669,0,1,2,0.0
228480602620,P1-fast-idle,308,669,0,1,2,0.0
228480773219,P1-fast-idle,308,669,0,1,2,0.0
228480944829,P1-fast-idle,309,670,0,1,2,0.0
228481115998,P1-fast-idle,309,670,0,1,2,0.0
228481286236,P1-fast-idle,309,670,0,1,2,0.0
228481456233,P1-fast-idle,309,670,0,1,2,0.0
228481626751,P1-fast-idle,309,670,0,1,2,0.0
228481796879,P1-fast-idle,309,670,0,1,2,0.0
228481968048,P1-fast-idle,310,671,0,1,2,0.0
228482146361,P1-fast-idle,310,671,0,1,2,0.0
228482317099,P1-fast-idle,310,671,0,1,2,0.0
228482487026,P1-fast-idle,310,671,0,1,2,0.0
228482660891,P1-fast-idle,310,671,0,1,2,0.0
228482831298,P1-fast-idle,310,671,0,1,2,0.0
228483002017,P1-fast-idle,311,672,0,1,2,0.0
228483173106,P1-fast-idle,311,672,0,1,2,0.0
228483343314,P1-fast-idle,311,672,0,1,2,0.0
228483513221,P1-fast-idle,311,672,0,1,2,0.0
228483683078,P1-fast-idle,311,672,0,1,2,0.0
228483853456,P1-fast-idle,311,672,0,1,2,0.0
228484024415,P1-fast-idle,312,673,0,1,2,0.0
228484195193,P1-fast-idle,312,673,0,1,2,0.0
228484365020,P1-fast-idle,312,673,0,1,2,0.0
228484535819,P1-fast-idle,312,673,0,1,2,0.0
228484706147,P1-fast-idle,312,673,0,1,2,0.0
228484876444,P1-fast-idle,312,673,0,1,2,0.0
228485047213,P1-fast-idle,312,673,0,1,2,0.0
228485216048,P1-fast-idle,313,674,0,1,2,0.0
228485390152,P1-fast-idle,313,674,0,1,2,0.0
228485560691,P1-fast-idle,313,674,0,1,2,0.0
228485730758,P1-fast-idle,313,674,0,1,2,0.0
228485900805,P1-fast-idle,313,674,0,1,2,0.0
228486071594,P1-fast-idle,313,674,0,1,2,0.0
228486242563,P1-fast-idle,314,675,0,1,2,0.0
228486412680,P1-fast-idle,314,675,0,1,2,0.0
228486583118,P1-fast-idle,314,675,0,1,2,0.0
228486753326,P1-fast-idle,314,675,0,1,2,0.0
228486923924,P1-fast-idle,314,675,0,1,2,0.0
228487094783,P1-fast-idle,314,675,0,1,2,0.0
228487265571,P1-fast-idle,315,676,0,1,2,0.0
228487436040,P1-fast-idle,315,676,0,1,2,0.0
228487604354,P1-fast-idle,315,676,0,1,2,0.0
228487774341,P1-fast-idle,315,676,0,1,2,0.0
228487944308,P1-fast-idle,315,676,0,1,2,0.0
228488118723,P1-fast-idle,315,676,0,1,2,0.0
228488289833,P1-fast-idle,316,677,0,1,2,0.0
228488460471,P1-fast-idle,316,677,0,1,2,0.0
228488631109,P1-fast-idle,316,677,0,1,2,0.0
228488805004,P1-fast-idle,316,677,0,1,2,0.0
228488975682,P1-fast-idle,316,677,0,1,2,0.0
228489147202,P1-fast-idle,316,677,0,1,2,0.0
228489317791,P1-fast-idle,316,677,0,1,2,0.0
228489486315,P1-fast-idle,317,678,0,1,2,0.0
228489656973,P1-fast-idle,317,678,0,1,2,0.0
228489827341,P1-fast-idle,317,678,0,1,2,0.0
228489997669,P1-fast-idle,317,678,0,1,2,0.0
228490168848,P1-fast-idle,317,678,0,1,2,0.0
228490339366,P1-fast-idle,317,678,0,1,2,0.0
228490510456,P1-fast-idle,318,679,0,1,2,0.0
228490685222,P1-fast-idle,318,679,0,1,2,0.0
228490855830,P1-fast-idle,318,679,0,1,2,0.0
228491026779,P1-fast-idle,318,679,0,1,2,0.0
228491197127,P1-fast-idle,318,679,0,1,2,0.0
228491368557,P1-fast-idle,318,679,0,1,2,0.0
228491539776,P1-fast-idle,319,681,0,1,2,0.0
228491710524,P1-fast-idle,319,681,0,1,2,0.0
228491880502,P1-fast-idle,319,681,0,1,2,0.0
228492055037,P1-fast-idle,319,681,0,1,2,0.0
228492225976,P1-fast-idle,319,681,0,1,2,0.0
228492396204,P1-fast-idle,319,681,0,1,2,0.0
228492567283,P1-fast-idle,320,682,0,1,2,0.0
228492738012,P1-fast-idle,320,682,0,1,2,0.0
228492908309,P1-fast-idle,320,682,0,1,2,0.0
228493080030,P1-fast-idle,320,682,0,1,2,0.0
228493250628,P1-fast-idle,320,682,0,1,2,0.0
228493420725,P1-fast-idle,320,682,0,1,2,0.0
228493595301,P1-fast-idle,321,683,0,1,2,0.0
228493766160,P1-fast-idle,321,683,0,1,2,0.0
228493936377,P1-fast-idle,321,683,0,1,2,0.0
228494107436,P1-fast-idle,321,683,0,1,2,0.0
228494278455,P1-fast-idle,321,683,0,1,2,0.0
228494448823,P1-fast-idle,321,683,0,1,2,0.0
228494619291,P1-fast-idle,321,683,0,1,2,0.0
228494790200,P1-fast-idle,322,684,0,1,2,0.0
228494960518,P1-fast-idle,322,684,0,1,2,0.0
228495131707,P1-fast-idle,322,684,0,1,2,0.0
228495302426,P1-fast-idle,322,684,0,1,2,0.0
228495476230,P1-fast-idle,322,684,0,1,2,0.0
228495646868,P1-fast-idle,322,684,0,1,2,0.0
228495817527,P1-fast-idle,323,685,0,1,2,0.0
228495987905,P1-fast-idle,323,685,0,1,2,0.0
228496159235,P1-fast-idle,323,685,0,1,2,0.0
228496329292,P1-fast-idle,323,685,0,1,2,0.0
228496499559,P1-fast-idle,323,685,0,1,2,0.0
228496669987,P1-fast-idle,323,685,0,1,2,0.0
228496840656,P1-fast-idle,324,686,0,1,2,0.0
228497012026,P1-fast-idle,324,686,0,1,2,0.0
228497182253,P1-fast-idle,324,686,0,1,2,0.0
228497352430,P1-fast-idle,324,686,0,1,2,0.0
228497522678,P1-fast-idle,324,686,0,1,2,0.0
228497693016,P1-fast-idle,324,686,0,1,2,0.0
228497863364,P1-fast-idle,325,687,0,1,2,0.0
228498034223,P1-fast-idle,325,687,0,1,2,0.0
228498204631,P1-fast-idle,325,687,0,1,2,0.0
228498374868,P1-fast-idle,325,687,0,1,2,0.0
228498545286,P1-fast-idle,325,687,0,1,2,0.0
228498719641,P1-fast-idle,325,687,0,1,2,0.0
228498890410,P1-fast-idle,325,687,0,1,2,0.0
228499069805,P1-fast-idle,326,688,0,1,2,0.0
228499240223,P1-fast-idle,326,688,0,1,2,0.0
228499410380,P1-fast-idle,326,688,0,1,2,0.0
228499580798,P1-fast-idle,326,688,0,1,2,0.0
228499751426,P1-fast-idle,326,688,0,1,2,0.0
228499922065,P1-fast-idle,326,688,0,1,2,0.0
228500093945,P1-fast-idle,327,689,0,1,2,0.0
228500264373,P1-fast-idle,327,689,0,1,2,0.0
228500434280,P1-fast-idle,327,689,0,1,2,0.0
228500602674,P1-fast-idle,327,689,0,1,2,0.0
228500772932,P1-fast-idle,327,689,0,1,2,0.0
228500943420,P1-fast-idle,327,689,0,1,2,0.0
228501114750,P1-fast-idle,328,690,0,1,2,0.0
228501286089,P1-fast-idle,328,690,0,1,2,0.0
228501456227,P1-fast-idle,328,690,0,1,2,0.0
228501630723,P1-fast-idle,328,690,0,1,2,0.0
228501801161,P1-fast-idle,328,690,0,1,2,0.0
228501971628,P1-fast-idle,328,690,0,1,2,0.0
228502145323,P1-fast-idle,329,691,0,1,2,0.0
228502315911,P1-fast-idle,329,691,0,1,2,0.0
228502486279,P1-fast-idle,329,691,0,1,2,0.0
228502656456,P1-fast-idle,329,691,0,1,2,0.0
228502826734,P1-fast-idle,329,691,0,1,2,0.0
228502997152,P1-fast-idle,329,691,0,1,2,0.0
228503168632,P1-fast-idle,329,691,0,1,2,0.0
228503337307,P1-fast-idle,330,692,0,1,2,0.0
228503507594,P1-fast-idle,330,692,0,1,2,0.0
228503677812,P1-fast-idle,330,692,0,1,2,0.0
228503848089,P1-fast-idle,330,692,0,1,2,0.0
228504019229,P1-fast-idle,330,692,0,1,2,0.0
228504189396,P1-fast-idle,330,692,0,1,2,0.0
228504360155,P1-fast-idle,331,693,0,1,2,0.0
228504534721,P1-fast-idle,331,693,0,1,2,0.0
228504705329,P1-fast-idle,331,693,0,1,2,0.0
228504875456,P1-fast-idle,331,693,0,1,2,0.0
228505046886,P1-fast-idle,331,693,0,1,2,0.0
228505217555,P1-fast-idle,331,693,0,1,2,0.0
228505391840,P1-fast-idle,332,694,0,1,2,0.0
228505563009,P1-fast-idle,332,694,0,1,2,0.0
228505733667,P1-fast-idle,332,694,0,1,2,0.0
228505904316,P1-fast-idle,332,694,0,1,2,0.0
228506076387,P1-fast-idle,332,694,0,1,2,0.0
228506247556,P1-fast-idle,332,694,0,1,2,0.0
228506419116,P1-fast-idle,333,695,0,1,2,0.0
228506590346,P1-fast-idle,333,695,0,1,2,0.0
228506761235,P1-fast-idle,333,695,0,1,2,0.0
228506931993,P1-fast-idle,333,695,0,1,2,0.0
228507103202,P1-fast-idle,333,695,0,1,2,0.0
228507274121,P1-fast-idle,333,695,0,1,2,0.0
228507462968,P1-fast-idle,334,696,0,1,2,0.0
228507638175,P1-fast-idle,334,696,0,1,2,0.0
228507809405,P1-fast-idle,334,696,0,1,2,0.0
228507980293,P1-fast-idle,334,696,0,1,2,0.0
228508151773,P1-fast-idle,334,696,0,1,2,0.0
228508323404,P1-fast-idle,334,696,0,1,2,0.0
228508499322,P1-fast-idle,334,696,0,1,2,0.0
228508672515,P1-fast-idle,335,698,0,1,2,0.0
228508849245,P1-fast-idle,335,698,0,1,2,0.0
228509021126,P1-fast-idle,335,698,0,1,2,0.0
228509191784,P1-fast-idle,335,698,0,1,2,0.0
228509362162,P1-fast-idle,335,698,0,1,2,0.0
228509532329,P1-fast-idle,335,698,0,1,2,0.0
228509704360,P1-fast-idle,336,699,0,1,2,0.0
228509875459,P1-fast-idle,336,699,0,1,2,0.0
228510050937,P1-fast-idle,336,699,0,1,2,0.0
228510221936,P1-fast-idle,336,699,0,1,2,0.0
228510392544,P1-fast-idle,336,699,0,1,2,0.0
228510563042,P1-fast-idle,336,699,0,1,2,0.0
228510735253,P1-fast-idle,337,700,0,1,2,0.0
228510906724,P1-fast-idle,337,700,0,1,2,0.0
228511078233,P1-fast-idle,337,700,0,1,2,0.0
228511243632,P1-fast-idle,337,700,0,1,2,0.0
228511409031,P1-fast-idle,337,700,0,1,2,0.0
228511574209,P1-fast-idle,337,700,0,1,2,0.0
228511745338,P1-fast-idle,338,701,0,1,2,0.0
228511911658,P1-fast-idle,338,701,0,1,2,0.0
228512133232,P1-fast-idle,338,701,0,1,2,0.0
228512302387,P1-fast-idle,338,701,0,1,2,0.0
228512474398,P1-fast-idle,338,701,0,1,2,0.0
228512642883,P1-fast-idle,338,701,0,1,2,0.0
228512816997,P1-fast-idle,339,702,0,1,2,0.0
228512986193,P1-fast-idle,339,702,0,1,2,0.0
228513153525,P1-fast-idle,339,702,0,1,2,0.0
228513371342,P1-fast-idle,339,702,0,1,2,0.0
228513540658,P1-fast-idle,339,702,0,1,2,0.0
228513708941,P1-fast-idle,339,702,0,1,2,0.0
228513885822,P1-fast-idle,340,703,0,1,2,0.0
228514056440,P1-fast-idle,340,703,0,1,2,0.0
228514225235,P1-fast-idle,340,703,0,1,2,0.0
228514393008,P1-fast-idle,340,703,0,1,2,0.0
228514561773,P1-fast-idle,340,703,0,1,2,0.0
228514729736,P1-fast-idle,340,703,0,1,2,0.0
228514897840,P1-fast-idle,340,703,0,1,2,0.0
228515068929,P1-fast-idle,341,704,0,1,2,0.0
228515238335,P1-fast-idle,341,704,0,1,2,0.0
228515406448,P1-fast-idle,341,704,0,1,2,0.0
228515581004,P1-fast-idle,341,704,0,1,2,0.0
228515749398,P1-fast-idle,341,704,0,1,2,0.0
228515917261,P1-fast-idle,341,704,0,1,2,0.0
228516088291,P1-fast-idle,342,705,0,1,2,0.0
228516257396,P1-fast-idle,342,705,0,1,2,0.0
228516425630,P1-fast-idle,342,705,0,1,2,0.0
228516594044,P1-fast-idle,342,705,0,1,2,0.0
228516762088,P1-fast-idle,342,705,0,1,2,0.0
228516930331,P1-fast-idle,342,705,0,1,2,0.0
228517100199,P1-fast-idle,343,706,0,1,2,0.0
228517269224,P1-fast-idle,343,706,0,1,2,0.0
228517437207,P1-fast-idle,343,706,0,1,2,0.0
228517605671,P1-fast-idle,343,706,0,1,2,0.0
228517773985,P1-fast-idle,343,706,0,1,2,0.0
228517942049,P1-fast-idle,343,706,0,1,2,0.0
228518111054,P1-fast-idle,343,706,0,1,2,0.0
228518283586,P1-fast-idle,344,707,0,1,2,0.0
228518452471,P1-fast-idle,344,707,0,1,2,0.0
228518620896,P1-fast-idle,344,707,0,1,2,0.0
228518793037,P1-fast-idle,344,707,0,1,2,0.0
228518961321,P1-fast-idle,344,707,0,1,2,0.0
228519130516,P1-fast-idle,344,707,0,1,2,0.0
228519300664,P1-fast-idle,345,708,0,1,2,0.0
228519469299,P1-fast-idle,345,708,0,1,2,0.0
228519637562,P1-fast-idle,345,708,0,1,2,0.0
228519805716,P1-fast-idle,345,708,0,1,2,0.0
228519973910,P1-fast-idle,345,708,0,1,2,0.0
228520143246,P1-fast-idle,345,708,0,1,2,0.0
228520313183,P1-fast-idle,346,709,0,1,2,0.0
228520482298,P1-fast-idle,346,709,0,1,2,0.0
228520650482,P1-fast-idle,346,709,0,1,2,0.0
228520818356,P1-fast-idle,346,709,0,1,2,0.0
228520991659,P1-fast-idle,346,709,0,1,2,0.0
228521160905,P1-fast-idle,346,709,0,1,2,0.0
228521333938,P1-fast-idle,346,709,0,1,2,0.0
228521506930,P1-fast-idle,347,710,0,1,2,0.0
228521676246,P1-fast-idle,347,710,0,1,2,0.0
228521844831,P1-fast-idle,347,710,0,1,2,0.0
228522013586,P1-fast-idle,347,710,0,1,2,0.0
228522185977,P1-fast-idle,347,710,0,1,2,0.0
228522354832,P1-fast-idle,347,710,0,1,2,0.0
228522524929,P1-fast-idle,348,711,0,1,2,0.0
228522694105,P1-fast-idle,348,711,0,1,2,0.0
228522862179,P1-fast-idle,348,711,0,1,2,0.0
228523028769,P1-fast-idle,348,711,0,1,2,0.0
228523195801,P1-fast-idle,348,711,0,1,2,0.0
228523337461,P1-fast-idle,348,711,0,1,2,0.0
228523557140,P1-fast-idle,349,713,0,1,2,0.0
228523726777,P1-fast-idle,349,713,0,1,2,0.0
228523895923,P1-fast-idle,349,713,0,1,2,0.0
228524063014,P1-fast-idle,349,713,0,1,2,0.0
228524229174,P1-fast-idle,349,713,0,1,2,0.0
228524403870,P1-fast-idle,349,713,0,1,2,0.0
228524575470,P1-fast-idle,350,714,0,1,2,0.0
228524746199,P1-fast-idle,350,714,0,1,2,0.0
228524920624,P1-fast-idle,350,714,0,1,2,0.0
228525091593,P1-fast-idle,350,714,0,1,2,0.0
228525261901,P1-fast-idle,350,714,0,1,2,0.0
228525436427,P1-fast-idle,350,714,0,1,2,0.0
228525605172,P1-fast-idle,350,714,0,1,2,0.0
228525773976,P1-fast-idle,351,715,0,1,2,0.0
228525943864,P1-fast-idle,351,715,0,1,2,0.0
228526114933,P1-fast-idle,351,715,0,1,2,0.0
228526288967,P1-fast-idle,351,715,0,1,2,0.0
228526459315,P1-fast-idle,351,715,0,1,2,0.0
228526629543,P1-fast-idle,351,715,0,1,2,0.0
228526800362,P1-fast-idle,352,716,0,1,2,0.0
228526970869,P1-fast-idle,352,716,0,1,2,0.0
228527142460,P1-fast-idle,352,716,0,1,2,0.0
228527313068,P1-fast-idle,352,716,0,1,2,0.0
228527483216,P1-fast-idle,352,716,0,1,2,0.0
228527653463,P1-fast-idle,352,716,0,1,2,0.0
228527823631,P1-fast-idle,353,717,0,1,2,0.0
228527993828,P1-fast-idle,353,717,0,1,2,0.0
228528165048,P1-fast-idle,353,717,0,1,2,0.0
228528335305,P1-fast-idle,353,717,0,1,2,0.0
228528505653,P1-fast-idle,353,717,0,1,2,0.0
228528675971,P1-fast-idle,353,717,0,1,2,0.0
228528850446,P1-fast-idle,354,718,0,1,2,0.0
228529022036,P1-fast-idle,354,718,0,1,2,0.0
228529192775,P1-fast-idle,354,718,0,1,2,0.0
228529363153,P1-fast-idle,354,718,0,1,2,0.0
228529533150,P1-fast-idle,354,718,0,1,2,0.0
228529703488,P1-fast-idle,354,718,0,1,2,0.0
228529874417,P1-fast-idle,354,718,0,1,2,0.0
228530044294,P1-fast-idle,355,719,0,1,2,0.0
228530215022,P1-fast-idle,355,719,0,1,2,0.0
228530384969,P1-fast-idle,355,719,0,1,2,0.0
228530555397,P1-fast-idle,355,719,0,1,2,0.0
228530725755,P1-fast-idle,355,719,0,1,2,0.0
228530895742,P1-fast-idle,355,719,0,1,2,0.0
228531067342,P1-fast-idle,356,720,0,1,2,0.0
228531237941,P1-fast-idle,356,720,0,1,2,0.0
228531408018,P1-fast-idle,356,720,0,1,2,0.0
228531578346,P1-fast-idle,356,720,0,1,2,0.0
228531752430,P1-fast-idle,356,720,0,1,2,0.0
228531922919,P1-fast-idle,356,720,0,1,2,0.0
228532097414,P1-fast-idle,357,721,0,1,2,0.0
228532268152,P1-fast-idle,357,721,0,1,2,0.0
228532438310,P1-fast-idle,357,721,0,1,2,0.0
228532606935,P1-fast-idle,357,721,0,1,2,0.0
228532776992,P1-fast-idle,357,721,0,1,2,0.0
228532947009,P1-fast-idle,357,721,0,1,2,0.0
228533118519,P1-fast-idle,358,722,0,1,2,0.0
228533289208,P1-fast-idle,358,722,0,1,2,0.0
228533459886,P1-fast-idle,358,722,0,1,2,0.0
228533630114,P1-fast-idle,358,722,0,1,2,0.0
228533800381,P1-fast-idle,358,722,0,1,2,0.0
228533970408,P1-fast-idle,358,722,0,1,2,0.0
228534143772,P1-fast-idle,358,722,0,1,2,0.0
228534318588,P1-fast-idle,359,723,0,1,2,0.0
228534489427,P1-fast-idle,359,723,0,1,2,0.0
228534659875,P1-fast-idle,359,723,0,1,2,0.0
228534829922,P1-fast-idle,359,723,0,1,2,0.0
228535000090,P1-fast-idle,359,723,0,1,2,0.0
228535170818,P1-fast-idle,359,723,0,1,2,0.0
228535341306,P1-fast-idle,360,724,0,1,2,0.0
228535527023,P1-fast-idle,360,724,0,1,2,0.0
228535697551,P1-fast-idle,360,724,0,1,2,0.0
228535867869,P1-fast-idle,360,724,0,1,2,0.0
228536039359,P1-fast-idle,360,724,0,1,2,0.0
228536209225,P1-fast-idle,360,724,0,1,2,0.0
228536379683,P1-fast-idle,361,725,0,1,2,0.0
228536550773,P1-fast-idle,361,725,0,1,2,0.0
228536721060,P1-fast-idle,361,725,0,1,2,0.0
228536890777,P1-fast-idle,361,725,0,1,2,0.0
228537062077,P1-fast-idle,361,725,0,1,2,0.0
228537243214,P1-fast-idle,361,725,0,1,2,0.0
228537414674,P1-fast-idle,362,726,0,1,2,0.0
228537585603,P1-fast-idle,362,726,0,1,2,0.0
228537756182,P1-fast-idle,362,726,0,1,2,0.0
228537926199,P1-fast-idle,362,726,0,1,2,0.0
228538097298,P1-fast-idle,362,726,0,1,2,0.0
228538267756,P1-fast-idle,362,726,0,1,2,0.0
228538438825,P1-fast-idle,363,728,0,1,2,0.0
228538608452,P1-fast-idle,363,728,0,1,2,0.0
228538780923,P1-fast-idle,363,728,0,1,2,0.0
228538949378,P1-fast-idle,363,728,0,1,2,0.0
228539116640,P1-fast-idle,363,728,0,1,2,0.0
228539282930,P1-fast-idle,363,728,0,1,2,0.0
228539462109,P1-fast-idle,363,728,0,1,2,0.0
228539637807,P1-fast-idle,364,729,0,1,2,0.0
228539807283,P1-fast-idle,364,729,0,1,2,0.0
228539975397,P1-fast-idle,364,729,0,1,2,0.0
228540144472,P1-fast-idle,364,729,0,1,2,0.0
228540312486,P1-fast-idle,364,729,0,1,2,0.0
228540480820,P1-fast-idle,364,729,0,1,2,0.0
228540651258,P1-fast-idle,365,730,0,1,2,0.0
228540820954,P1-fast-idle,365,730,0,1,2,0.0
228540989369,P1-fast-idle,365,730,0,1,2,0.0
228541158213,P1-fast-idle,365,730,0,1,2,0.0
228541326287,P1-fast-idle,365,730,0,1,2,0.0
228541494300,P1-fast-idle,365,730,0,1,2,0.0
228541664137,P1-fast-idle,366,731,0,1,2,0.0
228541833533,P1-fast-idle,366,731,0,1,2,0.0
228542001537,P1-fast-idle,366,731,0,1,2,0.0
228542175491,P1-fast-idle,366,731,0,1,2,0.0
228542344286,P1-fast-idle,366,731,0,1,2,0.0
228542512500,P1-fast-idle,366,731,0,1,2,0.0
228542691885,P1-fast-idle,366,731,0,1,2,0.0
228542864998,P1-fast-idle,367,732,0,1,2,0.0
228543032901,P1-fast-idle,367,732,0,1,2,0.0
228543199532,P1-fast-idle,367,732,0,1,2,0.0
228543365782,P1-fast-idle,367,732,0,1,2,0.0
228543588648,P1-fast-idle,367,732,0,1,2,0.0
228543766440,P1-fast-idle,367,732,0,1,2,0.0
228543941396,P1-fast-idle,368,733,0,1,2,0.0
228544113126,P1-fast-idle,368,733,0,1,2,0.0
228544283905,P1-fast-idle,368,733,0,1,2,0.0
228544454503,P1-fast-idle,368,733,0,1,2,0.0
228544624871,P1-fast-idle,368,733,0,1,2,0.0
228544795219,P1-fast-idle,368,733,0,1,2,0.0
228544967531,P1-fast-idle,369,734,0,1,2,0.0
228545139682,P1-fast-idle,369,734,0,1,2,0.0
228545314678,P1-fast-idle,369,734,0,1,2,0.0
228545488483,P1-fast-idle,369,734,0,1,2,0.0
228545658670,P1-fast-idle,369,734,0,1,2,0.0
228545829228,P1-fast-idle,369,734,0,1,2,0.0
228546001930,P1-fast-idle,370,735,0,1,2,0.0
228546173751,P1-fast-idle,370,735,0,1,2,0.0
228546343798,P1-fast-idle,370,735,0,1,2,0.0
228546513976,P1-fast-idle,370,735,0,1,2,0.0
228546683893,P1-fast-idle,370,735,0,1,2,0.0
228546853970,P1-fast-idle,370,735,0,1,2,0.0
228547026592,P1-fast-idle,371,736,0,1,2,0.0
228547197731,P1-fast-idle,371,736,0,1,2,0.0
228547368750,P1-fast-idle,371,736,0,1,2,0.0
228547539729,P1-fast-idle,371,736,0,1,2,0.0
228547710137,P1-fast-idle,371,736,0,1,2,0.0
228547880695,P1-fast-idle,371,736,0,1,2,0.0
228548061934,P1-fast-idle,372,737,0,1,2,0.0
228548238694,P1-fast-idle,372,737,0,1,2,0.0
228548409713,P1-fast-idle,372,737,0,1,2,0.0
228548580661,P1-fast-idle,372,737,0,1,2,0.0
228548751220,P1-fast-idle,372,737,0,1,2,0.0
228548925144,P1-fast-idle,372,737,0,1,2,0.0
228549106382,P1-fast-idle,372,737,0,1,2,0.0
228549279525,P1-fast-idle,373,738,0,1,2,0.0
228549450985,P1-fast-idle,373,738,0,1,2,0.0
228549621423,P1-fast-idle,373,738,0,1,2,0.0
228549791661,P1-fast-idle,373,738,0,1,2,0.0
228549961668,P1-fast-idle,373,738,0,1,2,0.0
228550132998,P1-fast-idle,373,738,0,1,2,0.0
228550305459,P1-fast-idle,374,739,0,1,2,0.0
228550476779,P1-fast-idle,374,739,0,1,2,0.0
228550647468,P1-fast-idle,374,739,0,1,2,0.0
228550817846,P1-fast-idle,374,739,0,1,2,0.0
228550988253,P1-fast-idle,374,739,0,1,2,0.0
228551159553,P1-fast-idle,374,739,0,1,2,0.0
228551326394,P1-fast-idle,375,740,0,1,2,0.0
228551492254,P1-fast-idle,375,740,0,1,2,0.0
228551657191,P1-fast-idle,375,740,0,1,2,0.0
228551822249,P1-fast-idle,375,740,0,1,2,0.0
228551987397,P1-fast-idle,375,740,0,1,2,0.0
228552209792,P1-fast-idle,375,740,0,1,2,0.0
228552380270,P1-fast-idle,376,741,0,1,2,0.0
228552549797,P1-fast-idle,376,741,0,1,2,0.0
228552717840,P1-fast-idle,376,741,0,1,2,0.0
228552885954,P1-fast-idle,376,741,0,1,2,0.0
228553052735,P1-fast-idle,376,741,0,1,2,0.0
228553219095,P1-fast-idle,376,741,0,1,2,0.0
228553390836,P1-fast-idle,376,741,0,1,2,0.0
228553554987,P1-fast-idle,377,742,0,1,2,0.0
228553730154,P1-fast-idle,377,742,0,1,2,0.0
228553899189,P1-fast-idle,377,742,0,1,2,0.0
228554066572,P1-fast-idle,377,742,0,1,2,0.0
228554232722,P1-fast-idle,377,742,0,1,2,0.0
228554405865,P1-fast-idle,377,742,0,1,2,0.0
228554575792,P1-fast-idle,378,744,0,1,2,0.0
228554744677,P1-fast-idle,378,744,0,1,2,0.0
228554913211,P1-fast-idle,378,744,0,1,2,0.0
228555082156,P1-fast-idle,378,744,0,1,2,0.0
228555250350,P1-fast-idle,378,744,0,1,2,0.0
228555418885,P1-fast-idle,378,744,0,1,2,0.0
228555591507,P1-fast-idle,379,745,0,1,2,0.0
228555760021,P1-fast-idle,379,745,0,1,2,0.0
228555928195,P1-fast-idle,379,745,0,1,2,0.0
228556101148,P1-fast-idle,379,745,0,1,2,0.0
228556269502,P1-fast-idle,379,745,0,1,2,0.0
228556437636,P1-fast-idle,379,745,0,1,2,0.0
228556606280,P1-fast-idle,379,745,0,1,2,0.0
228556774945,P1-fast-idle,380,746,0,1,2,0.0
228556942928,P1-fast-idle,380,746,0,1,2,0.0
228557111753,P1-fast-idle,380,746,0,1,2,0.0
228557279967,P1-fast-idle,380,746,0,1,2,0.0
228557447860,P1-fast-idle,380,746,0,1,2,0.0
228557615954,P1-fast-idle,380,746,0,1,2,0.0
228557784248,P1-fast-idle,381,747,0,1,2,0.0
228557951881,P1-fast-idle,381,747,0,1,2,0.0
228558120786,P1-fast-idle,381,747,0,1,2,0.0
228558288919,P1-fast-idle,381,747,0,1,2,0.0
228558457244,P1-fast-idle,381,747,0,1,2,0.0
228558625708,P1-fast-idle,381,747,0,1,2,0.0
228558798160,P1-fast-idle,382,748,0,1,2,0.0
228558966814,P1-fast-idle,382,748,0,1,2,0.0
228559139246,P1-fast-idle,382,748,0,1,2,0.0
228559307620,P1-fast-idle,382,748,0,1,2,0.0
228559475463,P1-fast-idle,382,748,0,1,2,0.0
228559643727,P1-fast-idle,382,748,0,1,2,0.0
228559811861,P1-fast-idle,382,748,0,1,2,0.0
228559980465,P1-fast-idle,383,749,0,1,2,0.0
228560149381,P1-fast-idle,383,749,0,1,2,0.0
228560317745,P1-fast-idle,383,749,0,1,2,0.0
228560485898,P1-fast-idle,383,749,0,1,2,0.0
228560654373,P1-fast-idle,383,749,0,1,2,0.0
228560822426,P1-fast-idle,383,749,0,1,2,0.0
228560991331,P1-fast-idle,384,750,0,1,2,0.0
228561160016,P1-fast-idle,384,750,0,1,2,0.0
228561327980,P1-fast-idle,384,750,0,1,2,0.0
228561496123,P1-fast-idle,384,750,0,1,2,0.0
228561664557,P1-fast-idle,384,750,0,1,2,0.0
228561832581,P1-fast-idle,384,750,0,1,2,0.0
228562000845,P1-fast-idle,385,751,0,1,2,0.0
228562173887,P1-fast-idle,385,751,0,1,2,0.0
228562342422,P1-fast-idle,385,751,0,1,2,0.0
228562510656,P1-fast-idle,385,751,0,1,2,0.0
228562678559,P1-fast-idle,385,751,0,1,2,0.0
228562846452,P1-fast-idle,385,751,0,1,2,0.0
228563014065,P1-fast-idle,385,751,0,1,2,0.0
228563182990,P1-fast-idle,386,752,0,1,2,0.0
228563351415,P1-fast-idle,386,752,0,1,2,0.0
228563519368,P1-fast-idle,386,752,0,1,2,0.0
228563687291,P1-fast-idle,386,752,0,1,2,0.0
228563855004,P1-fast-idle,386,752,0,1,2,0.0
228564023659,P1-fast-idle,386,752,0,1,2,0.0
228564192183,P1-fast-idle,387,753,0,1,2,0.0
228564360237,P1-fast-idle,387,753,0,1,2,0.0
228564532318,P1-fast-idle,387,753,0,1,2,0.0
228564700552,P1-fast-idle,387,753,0,1,2,0.0
228564868585,P1-fast-idle,387,753,0,1,2,0.0
228565037561,P1-fast-idle,387,753,0,1,2,0.0
228565205744,P1-fast-idle,388,754,0,1,2,0.0
228565377404,P1-fast-idle,388,754,0,1,2,0.0
228565545598,P1-fast-idle,388,754,0,1,2,0.0
228565713832,P1-fast-idle,388,754,0,1,2,0.0
228565882417,P1-fast-idle,388,754,0,1,2,0.0
228566051522,P1-fast-idle,388,754,0,1,2,0.0
228566220247,P1-fast-idle,389,755,0,1,2,0.0
228566388260,P1-fast-idle,389,755,0,1,2,0.0
228566556314,P1-fast-idle,389,755,0,1,2,0.0
228566724087,P1-fast-idle,389,755,0,1,2,0.0
228566895767,P1-fast-idle,389,755,0,1,2,0.0
228567064592,P1-fast-idle,389,755,0,1,2,0.0
228567232656,P1-fast-idle,389,755,0,1,2,0.0
228567401260,P1-fast-idle,390,756,0,1,2,0.0
228567569825,P1-fast-idle,390,756,0,1,2,0.0
228567737638,P1-fast-idle,390,756,0,1,2,0.0
228567905521,P1-fast-idle,390,756,0,1,2,0.0
228568074476,P1-fast-idle,390,756,0,1,2,0.0
228568242289,P1-fast-idle,390,756,0,1,2,0.0
228568410683,P1-fast-idle,391,757,0,1,2,0.0
228568579148,P1-fast-idle,391,757,0,1,2,0.0
228568750958,P1-fast-idle,391,757,0,1,2,0.0
228568919112,P1-fast-idle,391,757,0,1,2,0.0
228569088187,P1-fast-idle,391,757,0,1,2,0.0
228569255520,P1-fast-idle,391,757,0,1,2,0.0
228569426158,P1-fast-idle,392,759,0,1,2,0.0
228569595554,P1-fast-idle,392,759,0,1,2,0.0
228569767936,P1-fast-idle,392,759,0,1,2,0.0
228569936290,P1-fast-idle,392,759,0,1,2,0.0
228570110345,P1-fast-idle,392,759,0,1,2,0.0
228570280222,P1-fast-idle,392,759,0,1,2,0.0
228570459811,P1-fast-idle,392,759,0,1,2,0.0
228570634417,P1-fast-idle,393,760,0,1,2,0.0
228570804104,P1-fast-idle,393,760,0,1,2,0.0
228570988598,P1-fast-idle,393,760,0,1,2,0.0
228571163524,P1-fast-idle,393,760,0,1,2,0.0
228571333301,P1-fast-idle,393,760,0,1,2,0.0
228571501635,P1-fast-idle,393,760,0,1,2,0.0
228571672474,P1-fast-idle,394,761,0,1,2,0.0
228571841870,P1-fast-idle,394,761,0,1,2,0.0
228572015714,P1-fast-idle,394,761,0,1,2,0.0
228572184319,P1-fast-idle,394,761,0,1,2,0.0
228572352412,P1-fast-idle,394,761,0,1,2,0.0
228572520726,P1-fast-idle,394,761,0,1,2,0.0
228572691335,P1-fast-idle,395,762,0,1,2,0.0
228572860070,P1-fast-idle,395,762,0,1,2,0.0
228573027091,P1-fast-idle,395,762,0,1,2,0.0
228573193432,P1-fast-idle,395,762,0,1,2,0.0
228573359081,P1-fast-idle,395,762,0,1,2,0.0
228573524730,P1-fast-idle,395,762,0,1,2,0.0
228573702296,P1-fast-idle,396,763,0,1,2,0.0
228573873495,P1-fast-idle,396,763,0,1,2,0.0
228574040778,P1-fast-idle,396,763,0,1,2,0.0
228574206888,P1-fast-idle,396,763,0,1,2,0.0
228574373047,P1-fast-idle,396,763,0,1,2,0.0
228574592146,P1-fast-idle,396,763,0,1,2,0.0
228574761572,P1-fast-idle,397,764,0,1,2,0.0
228574929806,P1-fast-idle,397,764,0,1,2,0.0
228575101397,P1-fast-idle,397,764,0,1,2,0.0
228575271153,P1-fast-idle,397,764,0,1,2,0.0
228575446781,P1-fast-idle,397,764,0,1,2,0.0
228575616087,P1-fast-idle,397,764,0,1,2,0.0
228575784200,P1-fast-idle,397,764,0,1,2,0.0
228575952995,P1-fast-idle,398,765,0,1,2,0.0
228576122852,P1-fast-idle,398,765,0,1,2,0.0
228576291056,P1-fast-idle,398,765,0,1,2,0.0
228576459450,P1-fast-idle,398,765,0,1,2,0.0
228576627754,P1-fast-idle,398,765,0,1,2,0.0
228576795848,P1-fast-idle,398,765,0,1,2,0.0
228576964502,P1-fast-idle,399,766,0,1,2,0.0
228577133377,P1-fast-idle,399,766,0,1,2,0.0
228577301321,P1-fast-idle,399,766,0,1,2,0.0
228577469504,P1-fast-idle,399,766,0,1,2,0.0
228577638259,P1-fast-idle,399,766,0,1,2,0.0
228577810170,P1-fast-idle,399,766,0,1,2,0.0
228577978594,P1-fast-idle,400,767,0,1,2,0.0
228578148081,P1-fast-idle,400,767,0,1,2,0.0
228578316214,P1-fast-idle,400,767,0,1,2,0.0
228578484368,P1-fast-idle,400,767,0,1,2,0.0
228578656038,P1-fast-idle,400,767,0,1,2,0.0
228578825104,P1-fast-idle,400,767,0,1,2,0.0
228578993278,P1-fast-idle,400,767,0,1,2,0.0
228579163024,P1-fast-idle,401,768,0,1,2,0.0
228579331719,P1-fast-idle,401,768,0,1,2,0.0
228579500033,P1-fast-idle,401,768,0,1,2,0.0
228579668037,P1-fast-idle,401,768,0,1,2,0.0
228579836411,P1-fast-idle,401,768,0,1,2,0.0
228580004564,P1-fast-idle,401,768,0,1,2,0.0
228580184741,P1-fast-idle,402,769,0,1,2,0.0
228580356751,P1-fast-idle,402,769,0,1,2,0.0
228580525907,P1-fast-idle,402,769,0,1,2,0.0
228580697818,P1-fast-idle,402,769,0,1,2,0.0
228580866292,P1-fast-idle,402,769,0,1,2,0.0
228581039265,P1-fast-idle,402,769,0,1,2,0.0
228581208100,P1-fast-idle,403,770,0,1,2,0.0
228581376384,P1-fast-idle,403,770,0,1,2,0.0
228581544647,P1-fast-idle,403,770,0,1,2,0.0
228581713863,P1-fast-idle,403,770,0,1,2,0.0
228581881997,P1-fast-idle,403,770,0,1,2,0.0
228582058646,P1-fast-idle,403,770,0,1,2,0.0
228582227291,P1-fast-idle,404,771,0,1,2,0.0
228582395766,P1-fast-idle,404,771,0,1,2,0.0
228582563769,P1-fast-idle,404,771,0,1,2,0.0
228582732143,P1-fast-idle,404,771,0,1,2,0.0
228582900237,P1-fast-idle,404,771,0,1,2,0.0
228583070885,P1-fast-idle,404,771,0,1,2,0.0
228583239149,P1-fast-idle,404,771,0,1,2,0.0
228583407623,P1-fast-idle,405,772,0,1,2,0.0
228583575957,P1-fast-idle,405,772,0,1,2,0.0
228583744371,P1-fast-idle,405,772,0,1,2,0.0
228583912265,P1-fast-idle,405,772,0,1,2,0.0
228584080829,P1-fast-idle,405,772,0,1,2,0.0
228584248823,P1-fast-idle,405,772,0,1,2,0.0
228584417598,P1-fast-idle,406,773,0,1,2,0.0
228584585631,P1-fast-idle,406,773,0,1,2,0.0
228584753935,P1-fast-idle,406,773,0,1,2,0.0
228584921638,P1-fast-idle,406,773,0,1,2,0.0
228585090653,P1-fast-idle,406,773,0,1,2,0.0
228585262464,P1-fast-idle,406,773,0,1,2,0.0
228585431089,P1-fast-idle,407,774,0,1,2,0.0
228585599302,P1-fast-idle,407,774,0,1,2,0.0
228585767786,P1-fast-idle,407,774,0,1,2,0.0
228585936421,P1-fast-idle,407,774,0,1,2,0.0
228586109043,P1-fast-idle,407,774,0,1,2,0.0
228586277548,P1-fast-idle,407,774,0,1,2,0.0
228586446002,P1-fast-idle,407,774,0,1,2,0.0
228586614777,P1-fast-idle,408,776,0,1,2,0.0
228586782971,P1-fast-idle,408,776,0,1,2,0.0
228586951375,P1-fast-idle,408,776,0,1,2,0.0
228587120410,P1-fast-idle,408,776,0,1,2,0.0
228587288183,P1-fast-idle,408,776,0,1,2,0.0
228587456277,P1-fast-idle,408,776,0,1,2,0.0
228587625022,P1-fast-idle,409,777,0,1,2,0.0
228587793466,P1-fast-idle,409,777,0,1,2,0.0
228587961560,P1-fast-idle,409,777,0,1,2,0.0
228588130495,P1-fast-idle,409,777,0,1,2,0.0
228588298648,P1-fast-idle,409,777,0,1,2,0.0
228588466953,P1-fast-idle,409,777,0,1,2,0.0
228588641378,P1-fast-idle,410,778,0,1,2,0.0
228588810022,P1-fast-idle,410,778,0,1,2,0.0
228588978096,P1-fast-idle,410,778,0,1,2,0.0
228589146641,P1-fast-idle,410,778,0,1,2,0.0
228589314654,P1-fast-idle,410,778,0,1,2,0.0
228589482648,P1-fast-idle,410,778,0,1,2,0.0
228589650330,P1-fast-idle,410,778,0,1,2,0.0
228589818634,P1-fast-idle,411,779,0,1,2,0.0
228589987058,P1-fast-idle,411,779,0,1,2,0.0
228590156014,P1-fast-idle,411,779,0,1,2,0.0
228590324679,P1-fast-idle,411,779,0,1,2,0.0
228590493543,P1-fast-idle,411,779,0,1,2,0.0
228590661888,P1-fast-idle,411,779,0,1,2,0.0
228590830773,P1-fast-idle,412,780,0,1,2,0.0
228590998977,P1-fast-idle,412,780,0,1,2,0.0
228591168833,P1-fast-idle,412,780,0,1,2,0.0
228591336546,P1-fast-idle,412,780,0,1,2,0.0
228591508647,P1-fast-idle,412,780,0,1,2,0.0
228591677011,P1-fast-idle,412,780,0,1,2,0.0
228591848982,P1-fast-idle,413,781,0,1,2,0.0
228592018188,P1-fast-idle,413,781,0,1,2,0.0
228592186642,P1-fast-idle,413,781,0,1,2,0.0
228592354465,P1-fast-idle,413,781,0,1,2,0.0
228592522589,P1-fast-idle,413,781,0,1,2,0.0
228592690512,P1-fast-idle,413,781,0,1,2,0.0
228592859217,P1-fast-idle,414,782,0,1,2,0.0
228593028383,P1-fast-idle,414,782,0,1,2,0.0
228593197278,P1-fast-idle,414,782,0,1,2,0.0
228593365341,P1-fast-idle,414,782,0,1,2,0.0
228593533655,P1-fast-idle,414,782,0,1,2,0.0
228593701809,P1-fast-idle,414,782,0,1,2,0.0
228593869692,P1-fast-idle,414,782,0,1,2,0.0
228594039439,P1-fast-idle,415,783,0,1,2,0.0
228594208224,P1-fast-idle,415,783,0,1,2,0.0
228594376207,P1-fast-idle,415,783,0,1,2,0.0
228594544241,P1-fast-idle,415,783,0,1,2,0.0
228594712445,P1-fast-idle,415,783,0,1,2,0.0
228594880588,P1-fast-idle,415,783,0,1,2,0.0
228595049784,P1-fast-idle,416,784,0,1,2,0.0
228595221374,P1-fast-idle,416,784,0,1,2,0.0
228595389829,P1-fast-idle,416,784,0,1,2,0.0
228595558002,P1-fast-idle,416,784,0,1,2,0.0
228595726126,P1-fast-idle,416,784,0,1,2,0.0
228595894260,P1-fast-idle,416,784,0,1,2,0.0
228596062694,P1-fast-idle,417,785,0,1,2,0.0
228596231098,P1-fast-idle,417,785,0,1,2,0.0
228596399472,P1-fast-idle,417,785,0,1,2,0.0
228596567666,P1-fast-idle,417,785,0,1,2,0.0
228596735800,P1-fast-idle,417,785,0,1,2,0.0
228596907951,P1-fast-idle,417,785,0,1,2,0.0
228597077567,P1-fast-idle,417,785,0,1,2,0.0
228597246292,P1-fast-idle,418,786,0,1,2,0.0
228597414486,P1-fast-idle,418,786,0,1,2,0.0
228597582720,P1-fast-idle,418,786,0,1,2,0.0
228597750713,P1-fast-idle,418,786,0,1,2,0.0
228597918857,P1-fast-idle,418,786,0,1,2,0.0
228598087732,P1-fast-idle,418,786,0,1,2,0.0
228598256607,P1-fast-idle,419,787,0,1,2,0.0
228598428638,P1-fast-idle,419,787,0,1,2,0.0
228598597253,P1-fast-idle,419,787,0,1,2,0.0
228598765146,P1-fast-idle,419,787,0,1,2,0.0
228598933289,P1-fast-idle,419,787,0,1,2,0.0
228599102135,P1-fast-idle,419,787,0,1,2,0.0
228599274025,P1-fast-idle,420,788,0,1,2,0.0
228599442730,P1-fast-idle,420,788,0,1,2,0.0
228599610773,P1-fast-idle,420,788,0,1,2,0.0
228599778777,P1-fast-idle,420,788,0,1,2,0.0
228599947141,P1-fast-idle,420,788,0,1,2,0.0
228600115726,P1-fast-idle,420,788,0,1,2,0.0
228600284280,P1-fast-idle,421,789,0,1,2,0.0
228600453195,P1-fast-idle,421,789,0,1,2,0.0
228600621579,P1-fast-idle,421,789,0,1,2,0.0
228600789402,P1-fast-idle,421,789,0,1,2,0.0
228600957185,P1-fast-idle,421,789,0,1,2,0.0
228601125990,P1-fast-idle,421,789,0,1,2,0.0
228601294154,P1-fast-idle,421,789,0,1,2,0.0
228601462939,P1-fast-idle,422,790,0,1,2,0.0
228601631614,P1-fast-idle,422,790,0,1,2,0.0
228601803304,P1-fast-idle,422,790,0,1,2,0.0
228601971588,P1-fast-idle,422,790,0,1,2,0.0
228602140613,P1-fast-idle,422,790,0,1,2,0.0
228602311883,P1-fast-idle,422,790,0,1,2,0.0
228602483012,P1-fast-idle,423,792,0,1,2,0.0
228602652599,P1-fast-idle,423,792,0,1,2,0.0
228602820762,P1-fast-idle,423,792,0,1,2,0.0
228602988836,P1-fast-idle,423,792,0,1,2,0.0
228603156108,P1-fast-idle,423,792,0,1,2,0.0
228603322168,P1-fast-idle,423,792,0,1,2,0.0
228603458918,P1-fast-idle,423,792,0,1,2,0.0
228603633383,P1-fast-idle,424,793,0,1,2,0.0
228603800555,P1-fast-idle,424,793,0,1,2,0.0
228603960929,P1-fast-idle,424,793,0,1,2,0.0
228604129604,P1-fast-idle,424,793,0,1,2,0.0
228604296125,P1-fast-idle,424,793,0,1,2,0.0
228604452732,P1-fast-idle,424,793,0,1,2,0.0
228604624412,P1-fast-idle,425,794,0,1,2,0.0
228604793928,P1-fast-idle,425,794,0,1,2,0.0
228604967252,P1-fast-idle,425,794,0,1,2,0.0
228605136878,P1-fast-idle,425,794,0,1,2,0.0
228605305383,P1-fast-idle,425,794,0,1,2,0.0
228605474037,P1-fast-idle,425,794,0,1,2,0.0
228605644636,P1-fast-idle,426,795,0,1,2,0.0
228605814152,P1-fast-idle,426,795,0,1,2,0.0
228605982947,P1-fast-idle,426,795,0,1,2,0.0
228606151912,P1-fast-idle,426,795,0,1,2,0.0
228606320256,P1-fast-idle,426,795,0,1,2,0.0
228606488610,P1-fast-idle,426,795,0,1,2,0.0
228606661372,P1-fast-idle,426,795,0,1,2,0.0
228606833694,P1-fast-idle,427,796,0,1,2,0.0
228607002689,P1-fast-idle,427,796,0,1,2,0.0
228607171494,P1-fast-idle,427,796,0,1,2,0.0
228607339177,P1-fast-idle,427,796,0,1,2,0.0
228607507311,P1-fast-idle,427,796,0,1,2,0.0
228607679772,P1-fast-idle,427,796,0,1,2,0.0
228607849960,P1-fast-idle,428,797,0,1,2,0.0
228608020007,P1-fast-idle,428,797,0,1,2,0.0
228608188401,P1-fast-idle,428,797,0,1,2,0.0
228608360082,P1-fast-idle,428,797,0,1,2,0.0
228608528436,P1-fast-idle,428,797,0,1,2,0.0
228608696259,P1-fast-idle,428,797,0,1,2,0.0
228608866667,P1-fast-idle,429,798,0,1,2,0.0
228609036584,P1-fast-idle,429,798,0,1,2,0.0
228609204768,P1-fast-idle,429,798,0,1,2,0.0
228609372641,P1-fast-idle,429,798,0,1,2,0.0
228609540855,P1-fast-idle,429,798,0,1,2,0.0
228609709059,P1-fast-idle,429,798,0,1,2,0.0
228609886459,P1-fast-idle,429,798,0,1,2,0.0
228610065453,P1-fast-idle,430,799,0,1,2,0.0
228610234789,P1-fast-idle,430,799,0,1,2,0.0
228610402803,P1-fast-idle,430,799,0,1,2,0.0
228610571087,P1-fast-idle,430,799,0,1,2,0.0
228610739190,P1-fast-idle,430,799,0,1,2,0.0
228610907605,P1-fast-idle,430,799,0,1,2,0.0
228611078874,P1-fast-idle,431,800,0,1,2,0.0
228611247759,P1-fast-idle,431,800,0,1,2,0.0
228611415733,P1-fast-idle,431,800,0,1,2,0.0
228611587623,P1-fast-idle,431,800,0,1,2,0.0
228611755777,P1-fast-idle,431,800,0,1,2,0.0
228611924131,P1-fast-idle,431,800,0,1,2,0.0
228612094779,P1-fast-idle,432,801,0,1,2,0.0
228612263805,P1-fast-idle,432,801,0,1,2,0.0
228612431768,P1-fast-idle,432,801,0,1,2,0.0
228612599902,P1-fast-idle,432,801,0,1,2,0.0
228612768035,P1-fast-idle,432,801,0,1,2,0.0
228612940577,P1-fast-idle,432,801,0,1,2,0.0
228613121275,P1-fast-idle,433,802,0,1,2,0.0
228613290721,P1-fast-idle,433,802,0,1,2,0.0
228613459215,P1-fast-idle,433,802,0,1,2,0.0
228613627459,P1-fast-idle,433,802,0,1,2,0.0
228613795412,P1-fast-idle,433,802,0,1,2,0.0
228613963646,P1-fast-idle,433,802,0,1,2,0.0
228614092672,P1-fast-idle,433,802,0,1,2,0.0
228614261467,P1-fast-idle,434,803,0,1,2,0.0
228614434289,P1-fast-idle,434,803,0,1,2,0.0
228614603565,P1-fast-idle,434,803,0,1,2,0.0
228614772050,P1-fast-idle,434,803,0,1,2,0.0
228614944892,P1-fast-idle,434,803,0,1,2,0.0
228615114368,P1-fast-idle,434,803,0,1,2,0.0
228615283153,P1-fast-idle,435,804,0,1,2,0.0
228615451457,P1-fast-idle,435,804,0,1,2,0.0
228615619641,P1-fast-idle,435,804,0,1,2,0.0
228615787855,P1-fast-idle,435,804,0,1,2,0.0
228615955908,P1-fast-idle,435,804,0,1,2,0.0
228616124032,P1-fast-idle,435,804,0,1,2,0.0
228616292597,P1-fast-idle,436,805,0,1,2,0.0
228616460881,P1-fast-idle,436,805,0,1,2,0.0
228616628934,P1-fast-idle,436,805,0,1,2,0.0
228616797328,P1-fast-idle,436,805,0,1,2,0.0
228616965342,P1-fast-idle,436,805,0,1,2,0.0
228617134748,P1-fast-idle,436,805,0,1,2,0.0
228617303393,P1-fast-idle,436,805,0,1,2,0.0
228617471837,P1-fast-idle,437,806,0,1,2,0.0
228617640431,P1-fast-idle,437,806,0,1,2,0.0
228617808345,P1-fast-idle,437,806,0,1,2,0.0
228617976228,P1-fast-idle,437,806,0,1,2,0.0
228618148830,P1-fast-idle,437,806,0,1,2,0.0
228618320871,P1-fast-idle,437,806,0,1,2,0.0
228618491690,P1-fast-idle,438,808,0,1,2,0.0
228618661216,P1-fast-idle,438,808,0,1,2,0.0
228618845660,P1-fast-idle,438,808,0,1,2,0.0
228619035113,P1-fast-idle,438,808,0,1,2,0.0
228619207405,P1-fast-idle,438,808,0,1,2,0.0
228619374446,P1-fast-idle,438,808,0,1,2,0.0
228619594958,P1-fast-idle,439,808,0,1,2,0.0
228619764845,P1-fast-idle,439,808,0,1,2,0.0
228619933119,P1-fast-idle,439,808,0,1,2,0.0
228620100361,P1-fast-idle,439,808,0,1,2,0.0
228620274225,P1-fast-idle,439,808,0,1,2,0.0
228620456004,P1-fast-idle,439,808,0,1,2,0.0
228620628777,P1-fast-idle,440,810,0,1,2,0.0
228620797581,P1-fast-idle,440,810,0,1,2,0.0
228620970875,P1-fast-idle,440,810,0,1,2,0.0
228621140351,P1-fast-idle,440,810,0,1,2,0.0
228621309046,P1-fast-idle,440,810,0,1,2,0.0
228621477189,P1-fast-idle,440,810,0,1,2,0.0
228621649902,P1-fast-idle,441,811,0,1,2,0.0
228621818907,P1-fast-idle,441,811,0,1,2,0.0
228621987301,P1-fast-idle,441,811,0,1,2,0.0
228622156597,P1-fast-idle,441,811,0,1,2,0.0
228622325322,P1-fast-idle,441,811,0,1,2,0.0
228622493896,P1-fast-idle,441,811,0,1,2,0.0
228622662210,P1-fast-idle,441,811,0,1,2,0.0
228622831286,P1-fast-idle,442,812,0,1,2,0.0
228623000862,P1-fast-idle,442,812,0,1,2,0.0
228623171621,P1-fast-idle,442,812,0,1,2,0.0
228623339304,P1-fast-idle,442,812,0,1,2,0.0
228623512817,P1-fast-idle,442,812,0,1,2,0.0
228623682304,P1-fast-idle,442,812,0,1,2,0.0
228623855707,P1-fast-idle,443,813,0,1,2,0.0
228624028690,P1-fast-idle,443,813,0,1,2,0.0
228624201683,P1-fast-idle,443,813,0,1,2,0.0
228624370247,P1-fast-idle,443,813,0,1,2,0.0
228624546235,P1-fast-idle,443,813,0,1,2,0.0
228624717675,P1-fast-idle,443,813,0,1,2,0.0
228624894425,P1-fast-idle,444,814,0,1,2,0.0
228625066746,P1-fast-idle,444,814,0,1,2,0.0
228625237405,P1-fast-idle,444,814,0,1,2,0.0
228625407602,P1-fast-idle,444,814,0,1,2,0.0
228625577880,P1-fast-idle,444,814,0,1,2,0.0
228625748529,P1-fast-idle,444,814,0,1,2,0.0
228625919437,P1-fast-idle,445,815,0,1,2,0.0
228626090637,P1-fast-idle,445,815,0,1,2,0.0
228626260674,P1-fast-idle,445,815,0,1,2,0.0
228626431363,P1-fast-idle,445,815,0,1,2,0.0
228626601400,P1-fast-idle,445,815,0,1,2,0.0
228626769984,P1-fast-idle,445,815,0,1,2,0.0
228626938809,P1-fast-idle,445,815,0,1,2,0.0
228627105751,P1-fast-idle,446,816,0,1,2,0.0
228627272281,P1-fast-idle,446,816,0,1,2,0.0
228627446867,P1-fast-idle,446,816,0,1,2,0.0
228627617976,P1-fast-idle,446,816,0,1,2,0.0
228627788464,P1-fast-idle,446,816,0,1,2,0.0
228627958872,P1-fast-idle,446,816,0,1,2,0.0
228628131064,P1-fast-idle,447,817,0,1,2,0.0
228628306200,P1-fast-idle,447,817,0,1,2,0.0
228628477340,P1-fast-idle,447,817,0,1,2,0.0
228628647918,P1-fast-idle,447,817,0,1,2,0.0
228628818536,P1-fast-idle,447,817,0,1,2,0.0
228628988634,P1-fast-idle,447,817,0,1,2,0.0
228629159562,P1-fast-idle,448,818,0,1,2,0.0
228629333778,P1-fast-idle,448,818,0,1,2,0.0
228629504396,P1-fast-idle,448,818,0,1,2,0.0
228629674573,P1-fast-idle,448,818,0,1,2,0.0
228629844891,P1-fast-idle,448,818,0,1,2,0.0
228630015750,P1-fast-idle,448,818,0,1,2,0.0
228630186538,P1-fast-idle,449,819,0,1,2,0.0
228630356836,P1-fast-idle,449,819,0,1,2,0.0
228630535700,P1-fast-idle,449,819,0,1,2,0.0
228630709685,P1-fast-idle,449,819,0,1,2,0.0
228630880593,P1-fast-idle,449,819,0,1,2,0.0
228631051692,P1-fast-idle,449,819,0,1,2,0.0
228631223123,P1-fast-idle,450,820,0,1,2,0.0
228631393811,P1-fast-idle,450,820,0,1,2,0.0
228631568196,P1-fast-idle,450,820,0,1,2,0.0
228631739275,P1-fast-idle,450,820,0,1,2,0.0
228631913511,P1-fast-idle,450,820,0,1,2,0.0
228632084700,P1-fast-idle,450,820,0,1,2,0.0
228632255409,P1-fast-idle,450,820,0,1,2,0.0
228632424253,P1-fast-idle,451,821,0,1,2,0.0
228632594842,P1-fast-idle,451,821,0,1,2,0.0
228632764999,P1-fast-idle,451,821,0,1,2,0.0
228632934896,P1-fast-idle,451,821,0,1,2,0.0
228633106196,P1-fast-idle,451,821,0,1,2,0.0
228633276253,P1-fast-idle,451,821,0,1,2,0.0
228633447783,P1-fast-idle,452,822,0,1,2,0.0
228633618381,P1-fast-idle,452,822,0,1,2,0.0
228633788789,P1-fast-idle,452,822,0,1,2,0.0
228633958626,P1-fast-idle,452,822,0,1,2,0.0
228634129555,P1-fast-idle,452,822,0,1,2,0.0
228634300053,P1-fast-idle,452,822,0,1,2,0.0
228634470611,P1-fast-idle,453,823,0,1,2,0.0
228634641019,P1-fast-idle,453,823,0,1,2,0.0
228634815024,P1-fast-idle,453,823,0,1,2,0.0
228634988227,P1-fast-idle,453,823,0,1,2,0.0
228635159727,P1-fast-idle,453,823,0,1,2,0.0
228635329804,P1-fast-idle,453,823,0,1,2,0.0
228635500653,P1-fast-idle,454,825,0,1,2,0.0
228635671161,P1-fast-idle,454,825,0,1,2,0.0
228635841048,P1-fast-idle,454,825,0,1,2,0.0
228636011807,P1-fast-idle,454,825,0,1,2,0.0
228636182094,P1-fast-idle,454,825,0,1,2,0.0
228636352432,P1-fast-idle,454,825,0,1,2,0.0
228636522660,P1-fast-idle,454,825,0,1,2,0.0
228636691064,P1-fast-idle,455,826,0,1,2,0.0
228636860991,P1-fast-idle,455,826,0,1,2,0.0
228637031790,P1-fast-idle,455,826,0,1,2,0.0
228637202298,P1-fast-idle,455,826,0,1,2,0.0
228637372145,P1-fast-idle,455,826,0,1,2,0.0
228637542553,P1-fast-idle,455,826,0,1,2,0.0
228637713371,P1-fast-idle,456,827,0,1,2,0.0
228637884280,P1-fast-idle,456,827,0,1,2,0.0
228638055820,P1-fast-idle,456,827,0,1,2,0.0
228638231207,P1-fast-idle,456,827,0,1,2,0.0
228638401936,P1-fast-idle,456,827,0,1,2,0.0
228638572494,P1-fast-idle,456,827,0,1,2,0.0
228638743403,P1-fast-idle,457,828,0,1,2,0.0
228638913580,P1-fast-idle,457,828,0,1,2,0.0
228639084720,P1-fast-idle,457,828,0,1,2,0.0
228639254807,P1-fast-idle,457,828,0,1,2,0.0
228639425526,P1-fast-idle,457,828,0,1,2,0.0
228639595884,P1-fast-idle,457,828,0,1,2,0.0
228639766051,P1-fast-idle,458,829,0,1,2,0.0
228639936379,P1-fast-idle,458,829,0,1,2,0.0
228640107468,P1-fast-idle,458,829,0,1,2,0.0
228640284418,P1-fast-idle,458,829,0,1,2,0.0
228640455087,P1-fast-idle,458,829,0,1,2,0.0
228640625825,P1-fast-idle,458,829,0,1,2,0.0
228640796804,P1-fast-idle,459,830,0,1,2,0.0
228640967232,P1-fast-idle,459,830,0,1,2,0.0
228641138131,P1-fast-idle,459,830,0,1,2,0.0
228641308609,P1-fast-idle,459,830,0,1,2,0.0
228641478897,P1-fast-idle,459,830,0,1,2,0.0
228641653222,P1-fast-idle,459,830,0,1,2,0.0
228641823660,P1-fast-idle,459,830,0,1,2,0.0
228641994288,P1-fast-idle,460,831,0,1,2,0.0
228642165237,P1-fast-idle,460,831,0,1,2,0.0
228642335364,P1-fast-idle,460,831,0,1,2,0.0
228642506824,P1-fast-idle,460,831,0,1,2,0.0
228642680579,P1-fast-idle,460,831,0,1,2,0.0
228642851117,P1-fast-idle,460,831,0,1,2,0.0
228643022326,P1-fast-idle,461,832,0,1,2,0.0
228643192964,P1-fast-idle,461,832,0,1,2,0.0
228643363072,P1-fast-idle,461,832,0,1,2,0.0
228643533831,P1-fast-idle,461,832,0,1,2,0.0
228643703828,P1-fast-idle,461,832,0,1,2,0.0
228643873885,P1-fast-idle,461,832,0,1,2,0.0
228644045305,P1-fast-idle,462,833,0,1,2,0.0
228644215562,P1-fast-idle,462,833,0,1,2,0.0
228644385840,P1-fast-idle,462,833,0,1,2,0.0
228644556358,P1-fast-idle,462,833,0,1,2,0.0
228644726456,P1-fast-idle,462,833,0,1,2,0.0
228644903656,P1-fast-idle,462,833,0,1,2,0.0
228645075006,P1-fast-idle,463,834,0,1,2,0.0
228645245293,P1-fast-idle,463,834,0,1,2,0.0
228645415381,P1-fast-idle,463,834,0,1,2,0.0
228645585378,P1-fast-idle,463,834,0,1,2,0.0
228645759022,P1-fast-idle,463,834,0,1,2,0.0
228645929450,P1-fast-idle,463,834,0,1,2,0.0
228646100720,P1-fast-idle,463,834,0,1,2,0.0
228646271498,P1-fast-idle,464,835,0,1,2,0.0
228646441656,P1-fast-idle,464,835,0,1,2,0.0
228646609910,P1-fast-idle,464,835,0,1,2,0.0
228646780277,P1-fast-idle,464,835,0,1,2,0.0
228646950806,P1-fast-idle,464,835,0,1,2,0.0
228647122005,P1-fast-idle,464,835,0,1,2,0.0
228647292744,P1-fast-idle,465,836,0,1,2,0.0
228647462911,P1-fast-idle,465,836,0,1,2,0.0
228647633549,P1-fast-idle,465,836,0,1,2,0.0
228647803917,P1-fast-idle,465,836,0,1,2,0.0
228647974285,P1-fast-idle,465,836,0,1,2,0.0
228648145034,P1-fast-idle,465,836,0,1,2,0.0
228648319830,P1-fast-idle,466,837,0,1,2,0.0
228648490498,P1-fast-idle,466,837,0,1,2,0.0
228648660435,P1-fast-idle,466,837,0,1,2,0.0
228648830502,P1-fast-idle,466,837,0,1,2,0.0
228649000359,P1-fast-idle,466,837,0,1,2,0.0
228649171729,P1-fast-idle,466,837,0,1,2,0.0
228649342848,P1-fast-idle,467,838,0,1,2,0.0
228649513897,P1-fast-idle,467,838,0,1,2,0.0
228649684746,P1-fast-idle,467,838,0,1,2,0.0
228649855274,P1-fast-idle,467,838,0,1,2,0.0
228650026834,P1-fast-idle,467,838,0,1,2,0.0
228650197613,P1-fast-idle,467,838,0,1,2,0.0
228650368161,P1-fast-idle,467,838,0,1,2,0.0
228650539190,P1-fast-idle,468,839,0,1,2,0.0
228650710159,P1-fast-idle,468,839,0,1,2,0.0
228650881579,P1-fast-idle,468,839,0,1,2,0.0
228651053580,P1-fast-idle,468,839,0,1,2,0.0
228651228276,P1-fast-idle,468,839,0,1,2,0.0
228651398644,P1-fast-idle,468,839,0,1,2,0.0
228651571997,P1-fast-idle,468,839,0,1,2,0.0
228651741012,P1-fast-idle,469,841,0,1,2,0.0
228651911641,P1-fast-idle,469,841,0,1,2,0.0
228652082690,P1-fast-idle,469,841,0,1,2,0.0
228652252847,P1-fast-idle,469,841,0,1,2,0.0
228652423165,P1-fast-idle,469,841,0,1,2,0.0
228652594144,P1-fast-idle,470,842,0,1,2,0.0
228652764522,P1-fast-idle,470,842,0,1,2,0.0
228652934910,P1-fast-idle,470,842,0,1,2,0.0
228653106590,P1-fast-idle,470,842,0,1,2,0.0
228653277659,P1-fast-idle,470,842,0,1,2,0.0
228653448438,P1-fast-idle,470,842,0,1,2,0.0
228653622453,P1-fast-idle,471,843,0,1,2,0.0
228653793682,P1-fast-idle,471,843,0,1,2,0.0
228653964080,P1-fast-idle,471,843,0,1,2,0.0
228654135109,P1-fast-idle,471,843,0,1,2,0.0
228654305357,P1-fast-idle,471,843,0,1,2,0.0
228654486254,P1-fast-idle,471,843,0,1,2,0.0
228654660860,P1-fast-idle,471,843,0,1,2,0.0
228654830086,P1-fast-idle,472,844,0,1,2,0.0
228655005062,P1-fast-idle,472,844,0,1,2,0.0
228655176733,P1-fast-idle,472,844,0,1,2,0.0
228655342291,P1-fast-idle,472,844,0,1,2,0.0
228655507399,P1-fast-idle,472,844,0,1,2,0.0
228655672387,P1-fast-idle,472,844,0,1,2,0.0
228655838197,P1-fast-idle,473,845,0,1,2,0.0
228656006831,P1-fast-idle,473,845,0,1,2,0.0
228656175245,P1-fast-idle,473,845,0,1,2,0.0
228656345263,P1-fast-idle,473,845,0,1,2,0.0
228656519097,P1-fast-idle,473,845,0,1,2,0.0
228656689645,P1-fast-idle,473,845,0,1,2,0.0
228656860294,P1-fast-idle,474,846,0,1,2,0.0
228657031273,P1-fast-idle,474,846,0,1,2,0.0
228657201711,P1-fast-idle,474,846,0,1,2,0.0
228657371688,P1-fast-idle,474,846,0,1,2,0.0
228657541995,P1-fast-idle,474,846,0,1,2,0.0
228657712233,P1-fast-idle,474,846,0,1,2,0.0
228657883643,P1-fast-idle,475,847,0,1,2,0.0
228658054662,P1-fast-idle,475,847,0,1,2,0.0
228658229097,P1-fast-idle,475,847,0,1,2,0.0
228658399505,P1-fast-idle,475,847,0,1,2,0.0
228658569693,P1-fast-idle,475,847,0,1,2,0.0
228658739520,P1-fast-idle,475,847,0,1,2,0.0
228658909637,P1-fast-idle,475,847,0,1,2,0.0
228659079033,P1-fast-idle,476,848,0,1,2,0.0
228659249882,P1-fast-idle,476,848,0,1,2,0.0
228659420390,P1-fast-idle,476,848,0,1,2,0.0
228659590908,P1-fast-idle,476,848,0,1,2,0.0
228659761046,P1-fast-idle,476,848,0,1,2,0.0
228659931113,P1-fast-idle,476,848,0,1,2,0.0
228660102933,P1-fast-idle,477,849,0,1,2,0.0
228660274383,P1-fast-idle,477,849,0,1,2,0.0
228660445011,P1-fast-idle,477,849,0,1,2,0.0
228660615380,P1-fast-idle,477,849,0,1,2,0.0
228660785807,P1-fast-idle,477,849,0,1,2,0.0
228660956516,P1-fast-idle,477,849,0,1,2,0.0
228661127505,P1-fast-idle,478,850,0,1,2,0.0
228661298714,P1-fast-idle,478,850,0,1,2,0.0
228661469162,P1-fast-idle,478,850,0,1,2,0.0
228661643357,P1-fast-idle,478,850,0,1,2,0.0
228661813905,P1-fast-idle,478,850,0,1,2,0.0
228661987339,P1-fast-idle,478,850,0,1,2,0.0
228662158308,P1-fast-idle,479,851,0,1,2,0.0
228662328836,P1-fast-idle,479,851,0,1,2,0.0
228662499355,P1-fast-idle,479,851,0,1,2,0.0
228662669281,P1-fast-idle,479,851,0,1,2,0.0
228662839589,P1-fast-idle,479,851,0,1,2,0.0
228663010398,P1-fast-idle,479,851,0,1,2,0.0
228663180826,P1-fast-idle,479,851,0,1,2,0.0
228663349450,P1-fast-idle,480,852,0,1,2,0.0
228663520219,P1-fast-idle,480,852,0,1,2,0.0
228663690286,P1-fast-idle,480,852,0,1,2,0.0
228663860574,P1-fast-idle,480,852,0,1,2,0.0
228664031884,P1-fast-idle,480,852,0,1,2,0.0
228664202382,P1-fast-idle,480,852,0,1,2,0.0
228664373191,P1-fast-idle,481,853,0,1,2,0.0
228664547706,P1-fast-idle,481,853,0,1,2,0.0
228664718214,P1-fast-idle,481,853,0,1,2,0.0
228664891618,P1-fast-idle,481,853,0,1,2,0.0
228665062787,P1-fast-idle,481,853,0,1,2,0.0
228665233105,P1-fast-idle,481,853,0,1,2,0.0
228665403693,P1-fast-idle,482,854,0,1,2,0.0
228665574341,P1-fast-idle,482,854,0,1,2,0.0
228665746092,P1-fast-idle,482,854,0,1,2,0.0
228665914917,P1-fast-idle,482,854,0,1,2,0.0
228666085775,P1-fast-idle,482,854,0,1,2,0.0
228666256364,P1-fast-idle,482,854,0,1,2,0.0
228666427152,P1-fast-idle,483,855,0,1,2,0.0
228666597791,P1-fast-idle,483,855,0,1,2,0.0
228666767868,P1-fast-idle,483,855,0,1,2,0.0
228666938176,P1-fast-idle,483,855,0,1,2,0.0
228667108995,P1-fast-idle,483,855,0,1,2,0.0
228667279192,P1-fast-idle,483,855,0,1,2,0.0
228667453598,P1-fast-idle,483,855,0,1,2,0.0
228667622583,P1-fast-idle,484,857,0,1,2,0.0
228667792871,P1-fast-idle,484,857,0,1,2,0.0
228667962697,P1-fast-idle,484,857,0,1,2,0.0
228668133456,P1-fast-idle,484,857,0,1,2,0.0
228668307190,P1-fast-idle,484,857,0,1,2,0.0
228668477017,P1-fast-idle,484,857,0,1,2,0.0
228668647936,P1-fast-idle,485,858,0,1,2,0.0
228668818364,P1-fast-idle,485,858,0,1,2,0.0
228668988872,P1-fast-idle,485,858,0,1,2,0.0
228669159831,P1-fast-idle,485,858,0,1,2,0.0
228669330309,P1-fast-idle,485,858,0,1,2,0.0
228669500506,P1-fast-idle,485,858,0,1,2,0.0
228669671576,P1-fast-idle,486,859,0,1,2,0.0
228669842374,P1-fast-idle,486,859,0,1,2,0.0
228670013303,P1-fast-idle,486,859,0,1,2,0.0
228670183351,P1-fast-idle,486,859,0,1,2,0.0
228670353398,P1-fast-idle,486,859,0,1,2,0.0
228670523455,P1-fast-idle,486,859,0,1,2,0.0
228670694244,P1-fast-idle,487,860,0,1,2,0.0
228670865082,P1-fast-idle,487,860,0,1,2,0.0
228671036272,P1-fast-idle,487,860,0,1,2,0.0
228671206259,P1-fast-idle,487,860,0,1,2,0.0
228671376867,P1-fast-idle,487,860,0,1,2,0.0
228671551092,P1-fast-idle,487,860,0,1,2,0.0
228671721730,P1-fast-idle,487,860,0,1,2,0.0
228671893050,P1-fast-idle,488,861,0,1,2,0.0
228672065011,P1-fast-idle,488,861,0,1,2,0.0
228672235058,P1-fast-idle,488,861,0,1,2,0.0
228672404935,P1-fast-idle,488,861,0,1,2,0.0
228672575033,P1-fast-idle,488,861,0,1,2,0.0
228672745020,P1-fast-idle,488,861,0,1,2,0.0
228672919846,P1-fast-idle,489,862,0,1,2,0.0
228673091847,P1-fast-idle,489,862,0,1,2,0.0
228673262575,P1-fast-idle,489,862,0,1,2,0.0
228673432462,P1-fast-idle,489,862,0,1,2,0.0
228673602990,P1-fast-idle,489,862,0,1,2,0.0
228673773148,P1-fast-idle,489,862,0,1,2,0.0
228673944057,P1-fast-idle,490,863,0,1,2,0.0
228674114915,P1-fast-idle,490,863,0,1,2,0.0
228674284953,P1-fast-idle,490,863,0,1,2,0.0
228674454900,P1-fast-idle,490,863,0,1,2,0.0
228674624907,P1-fast-idle,490,863,0,1,2,0.0
228674794964,P1-fast-idle,490,863,0,1,2,0.0
228674969400,P1-fast-idle,491,864,0,1,2,0.0
228675140659,P1-fast-idle,491,864,0,1,2,0.0
228675310957,P1-fast-idle,491,864,0,1,2,0.0
228675485152,P1-fast-idle,491,864,0,1,2,0.0
228675655580,P1-fast-idle,491,864,0,1,2,0.0
228675825477,P1-fast-idle,491,864,0,1,2,0.0
228675996626,P1-fast-idle,492,865,0,1,2,0.0
228676167715,P1-fast-idle,492,865,0,1,2,0.0
228676337632,P1-fast-idle,492,865,0,1,2,0.0
228676507810,P1-fast-idle,492,865,0,1,2,0.0
228676677977,P1-fast-idle,492,865,0,1,2,0.0
228676847945,P1-fast-idle,492,865,0,1,2,0.0
228677018924,P1-fast-idle,492,865,0,1,2,0.0
228677189812,P1-fast-idle,493,866,0,1,2,0.0
228677360090,P1-fast-idle,493,866,0,1,2,0.0
228677530077,P1-fast-idle,493,866,0,1,2,0.0
228677700195,P1-fast-idle,493,866,0,1,2,0.0
228677870723,P1-fast-idle,493,866,0,1,2,0.0
228678041922,P1-fast-idle,493,866,0,1,2,0.0
228678216468,P1-fast-idle,494,867,0,1,2,0.0
228678390102,P1-fast-idle,494,867,0,1,2,0.0
228678560950,P1-fast-idle,494,867,0,1,2,0.0
228678730927,P1-fast-idle,494,867,0,1,2,0.0
228678900864,P1-fast-idle,494,867,0,1,2,0.0
228679071803,P1-fast-idle,494,867,0,1,2,0.0
228679243093,P1-fast-idle,495,868,0,1,2,0.0
228679413150,P1-fast-idle,495,868,0,1,2,0.0
228679583558,P1-fast-idle,495,868,0,1,2,0.0
228679753686,P1-fast-idle,495,868,0,1,2,0.0
228679923903,P1-fast-idle,495,868,0,1,2,0.0
228680094722,P1-fast-idle,495,868,0,1,2,0.0
228680265671,P1-fast-idle,496,869,0,1,2,0.0
228680435859,P1-fast-idle,496,869,0,1,2,0.0
228680604072,P1-fast-idle,496,869,0,1,2,0.0
228680774280,P1-fast-idle,496,869,0,1,2,0.0
228680944728,P1-fast-idle,496,869,0,1,2,0.0
228681116117,P1-fast-idle,496,869,0,1,2,0.0
228681286305,P1-fast-idle,496,869,0,1,2,0.0
228681456853,P1-fast-idle,497,870,0,1,2,0.0
228681631349,P1-fast-idle,497,870,0,1,2,0.0
228681801647,P1-fast-idle,497,870,0,1,2,0.0
228681971694,P1-fast-idle,497,870,0,1,2,0.0
228682142492,P1-fast-idle,497,870,0,1,2,0.0
228682312710,P1-fast-idle,497,870,0,1,2,0.0
228682483509,P1-fast-idle,498,871,0,1,2,0.0
228682654868,P1-fast-idle,498,871,0,1,2,0.0
228682825907,P1-fast-idle,498,871,0,1,2,0.0
228682996065,P1-fast-idle,498,871,0,1,2,0.0
228683167184,P1-fast-idle,498,871,0,1,2,0.0
228683337432,P1-fast-idle,498,871,0,1,2,0.0
228683508441,P1-fast-idle,499,872,0,1,2,0.0
228683678859,P1-fast-idle,499,872,0,1,2,0.0
228683852733,P1-fast-idle,499,872,0,1,2,0.0
228684023572,P1-fast-idle,499,872,0,1,2,0.0
228684194090,P1-fast-idle,499,872,0,1,2,0.0
228684364368,P1-fast-idle,499,872,0,1,2,0.0
228684535587,P1-fast-idle,500,874,0,1,2,0.0
228684706095,P1-fast-idle,500,874,0,1,2,0.0
228684879659,P1-fast-idle,500,874,0,1,2,0.0
228685051290,P1-fast-idle,500,874,0,1,2,0.0
228685221938,P1-fast-idle,500,874,0,1,2,0.0
228685392235,P1-fast-idle,500,874,0,1,2,0.0
228685562563,P1-fast-idle,500,874,0,1,2,0.0
228685731248,P1-fast-idle,501,875,0,1,2,0.0
228685901445,P1-fast-idle,501,875,0,1,2,0.0
228686072334,P1-fast-idle,501,875,0,1,2,0.0
228686246399,P1-fast-idle,501,875,0,1,2,0.0
228686416657,P1-fast-idle,501,875,0,1,2,0.0
228686586844,P1-fast-idle,501,875,0,1,2,0.0
228686757563,P1-fast-idle,502,876,0,1,2,0.0
228686928001,P1-fast-idle,502,876,0,1,2,0.0
228687098870,P1-fast-idle,502,876,0,1,2,0.0
228687269117,P1-fast-idle,502,876,0,1,2,0.0
228687439094,P1-fast-idle,502,876,0,1,2,0.0
228687607358,P1-fast-idle,502,876,0,1,2,0.0
228687777977,P1-fast-idle,503,877,0,1,2,0.0
228687948094,P1-fast-idle,503,877,0,1,2,0.0
228688118933,P1-fast-idle,503,877,0,1,2,0.0
228688292917,P1-fast-idle,503,877,0,1,2,0.0
228688463876,P1-fast-idle,503,877,0,1,2,0.0
228688634415,P1-fast-idle,503,877,0,1,2,0.0
228688804732,P1-fast-idle,504,878,0,1,2,0.0
228688974930,P1-fast-idle,504,878,0,1,2,0.0
228689145789,P1-fast-idle,504,878,0,1,2,0.0
228689319753,P1-fast-idle,504,878,0,1,2,0.0
228689490071,P1-fast-idle,504,878,0,1,2,0.0
228689660469,P1-fast-idle,504,878,0,1,2,0.0
228689830556,P1-fast-idle,504,878,0,1,2,0.0
228689999241,P1-fast-idle,505,879,0,1,2,0.0
228690170330,P1-fast-idle,505,879,0,1,2,0.0
228690341139,P1-fast-idle,505,879,0,1,2,0.0
228690511376,P1-fast-idle,505,879,0,1,2,0.0
228690681434,P1-fast-idle,505,879,0,1,2,0.0
228690851631,P1-fast-idle,505,879,0,1,2,0.0
228691023572,P1-fast-idle,506,880,0,1,2,0.0
228691194270,P1-fast-idle,506,880,0,1,2,0.0
228691364337,P1-fast-idle,506,880,0,1,2,0.0
228691538162,P1-fast-idle,506,880,0,1,2,0.0
228691709141,P1-fast-idle,506,880,0,1,2,0.0
228691879178,P1-fast-idle,506,880,0,1,2,0.0
228692050117,P1-fast-idle,507,881,0,1,2,0.0
228692221006,P1-fast-idle,507,881,0,1,2,0.0
228692390953,P1-fast-idle,507,881,0,1,2,0.0
228692561261,P1-fast-idle,507,881,0,1,2,0.0
228692731619,P1-fast-idle,507,881,0,1,2,0.0
228692901095,P1-fast-idle,507,881,0,1,2,0.0
228693074619,P1-fast-idle,508,882,0,1,2,0.0
228693244796,P1-fast-idle,508,882,0,1,2,0.0
228693414833,P1-fast-idle,508,882,0,1,2,0.0
228693584891,P1-fast-idle,508,882,0,1,2,0.0
228693755028,P1-fast-idle,508,882,0,1,2,0.0
228693924845,P1-fast-idle,508,882,0,1,2,0.0
228694095523,P1-fast-idle,508,882,0,1,2,0.0
228694264288,P1-fast-idle,509,883,0,1,2,0.0
228694434506,P1-fast-idle,509,883,0,1,2,0.0
228694602579,P1-fast-idle,509,883,0,1,2,0.0
228694776123,P1-fast-idle,509,883,0,1,2,0.0
228694949977,P1-fast-idle,509,883,0,1,2,0.0
228695121237,P1-fast-idle,509,883,0,1,2,0.0
228695292016,P1-fast-idle,510,884,0,1,2,0.0
228695462744,P1-fast-idle,510,884,0,1,2,0.0
228695641016,P1-fast-idle,510,884,0,1,2,0.0
228695817005,P1-fast-idle,510,884,0,1,2,0.0
228695988625,P1-fast-idle,510,884,0,1,2,0.0
228696160075,P1-fast-idle,510,884,0,1,2,0.0
228696330723,P1-fast-idle,511,885,0,1,2,0.0
228696501011,P1-fast-idle,511,885,0,1,2,0.0
228696671409,P1-fast-idle,511,885,0,1,2,0.0
228696841596,P1-fast-idle,511,885,0,1,2,0.0
228697012455,P1-fast-idle,511,885,0,1,2,0.0
228697186680,P1-fast-idle,511,885,0,1,2,0.0
228697358000,P1-fast-idle,512,886,0,1,2,0.0
228697528568,P1-fast-idle,512,886,0,1,2,0.0
228697699136,P1-fast-idle,512,886,0,1,2,0.0
228697869504,P1-fast-idle,512,886,0,1,2,0.0
228698040714,P1-fast-idle,512,886,0,1,2,0.0
228698218365,P1-fast-idle,512,886,0,1,2,0.0
228698388783,P1-fast-idle,513,887,0,1,2,0.0
228698559141,P1-fast-idle,513,887,0,1,2,0.0
228698729258,P1-fast-idle,513,887,0,1,2,0.0
228698899326,P1-fast-idle,513,887,0,1,2,0.0
228699070365,P1-fast-idle,513,887,0,1,2,0.0
228699240472,P1-fast-idle,513,887,0,1,2,0.0
228699410569,P1-fast-idle,513,887,0,1,2,0.0
228699579184,P1-fast-idle,514,888,0,1,2,0.0
228699749412,P1-fast-idle,514,888,0,1,2,0.0
228699919489,P1-fast-idle,514,888,0,1,2,0.0
228700093955,P1-fast-idle,514,888,0,1,2,0.0
228700264373,P1-fast-idle,514,888,0,1,2,0.0
228700434470,P1-fast-idle,514,888,0,1,2,0.0
228700603385,P1-fast-idle,515,890,0,1,2,0.0
228700773983,P1-fast-idle,515,890,0,1,2,0.0
228700944090,P1-fast-idle,515,890,0,1,2,0.0
228701116242,P1-fast-idle,515,890,0,1,2,0.0
228701287321,P1-fast-idle,515,890,0,1,2,0.0
228701457669,P1-fast-idle,515,890,0,1,2,0.0
228701631773,P1-fast-idle,516,891,0,1,2,0.0
228701802432,P1-fast-idle,516,891,0,1,2,0.0
228701972980,P1-fast-idle,516,891,0,1,2,0.0
228702143889,P1-fast-idle,516,891,0,1,2,0.0
228702314147,P1-fast-idle,516,891,0,1,2,0.0
228702484755,P1-fast-idle,516,891,0,1,2,0.0
228702655644,P1-fast-idle,517,892,0,1,2,0.0
228702826292,P1-fast-idle,517,892,0,1,2,0.0
228702996850,P1-fast-idle,517,892,0,1,2,0.0
228703168020,P1-fast-idle,517,892,0,1,2,0.0
228703338478,P1-fast-idle,517,892,0,1,2,0.0
228703508815,P1-fast-idle,517,892,0,1,2,0.0
228703679454,P1-fast-idle,517,892,0,1,2,0.0
228703848008,P1-fast-idle,518,893,0,1,2,0.0
228704019388,P1-fast-idle,518,893,0,1,2,0.0
228704189606,P1-fast-idle,518,893,0,1,2,0.0
228704359783,P1-fast-idle,518,893,0,1,2,0.0
228704530011,P1-fast-idle,518,893,0,1,2,0.0
228704699948,P1-fast-idle,518,893,0,1,2,0.0
228704873562,P1-fast-idle,519,894,0,1,2,0.0
228705043549,P1-fast-idle,519,894,0,1,2,0.0
228705214798,P1-fast-idle,519,894,0,1,2,0.0
228705384234,P1-fast-idle,519,894,0,1,2,0.0
228705560137,P1-fast-idle,519,894,0,1,2,0.0
228705731557,P1-fast-idle,519,894,0,1,2,0.0
228705964968,P1-fast-idle,520,895,0,1,2,0.0
228706158934,P1-fast-idle,520,895,0,1,2,0.0
228706328441,P1-fast-idle,520,895,0,1,2,0.0
228706498067,P1-fast-idle,520,895,0,1,2,0.0
228706666762,P1-fast-idle,520,895,0,1,2,0.0
228706841788,P1-fast-idle,520,895,0,1,2,0.0
228707063682,P1-fast-idle,521,896,0,1,2,0.0
228707240182,P1-fast-idle,521,896,0,1,2,0.0
228707413515,P1-fast-idle,521,896,0,1,2,0.0
228707611370,P1-fast-idle,521,896,0,1,2,0.0
228707803488,P1-fast-idle,521,896,0,1,2,0.0
228707994184,P1-fast-idle,521,896,0,1,2,0.0
228708187319,P1-fast-idle,522,897,0,1,2,0.0
228708373546,P1-fast-idle,522,897,0,1,2,0.0
228708554043,P1-fast-idle,522,897,0,1,2,0.0
228708728599,P1-fast-idle,522,897,0,1,2,0.0
228708911721,P1-fast-idle,522,897,0,1,2,0.0
228709091626,P1-fast-idle,522,897,0,1,2,0.0
228709271151,P1-fast-idle,523,898,0,1,2,0.0
228709455896,P1-fast-idle,523,898,0,1,2,0.0
228709638857,P1-fast-idle,523,898,0,1,2,0.0
228709818132,P1-fast-idle,523,898,0,1,2,0.0
228709990363,P1-fast-idle,523,898,0,1,2,0.0
228710167864,P1-fast-idle,523,898,0,1,2,0.0
228710808217,P1-fast-idle,524,899,0,1,2,0.0
228711122553,P1-fast-idle,524,899,0,1,2,0.0
228711361890,P1-fast-idle,525,900,0,1,2,0.0
228711552177,P1-fast-idle,525,900,0,1,2,0.0
228711739847,P1-fast-idle,525,900,0,1,2,0.0
228711885769,P1-fast-idle,525,900,0,1,2,0.0
228712149970,P1-fast-idle,525,900,0,1,2,0.0
228712350887,P1-fast-idle,526,901,0,1,2,0.0
228712536669,P1-fast-idle,526,901,0,1,2,0.0
228712735990,P1-fast-idle,526,901,0,1,2,0.0
228712925564,P1-fast-idle,526,901,0,1,2,0.0
228713111501,P1-fast-idle,526,901,0,1,2,0.0
228713297809,P1-fast-idle,526,901,0,1,2,0.0
228713464935,P1-fast-idle,527,902,0,1,2,0.0
228713649810,P1-fast-idle,527,902,0,1,2,0.0
228713829235,P1-fast-idle,527,902,0,1,2,0.0
228714001797,P1-fast-idle,527,902,0,1,2,0.0
228714172375,P1-fast-idle,527,902,0,1,2,0.0
228714387286,P1-fast-idle,527,902,0,1,2,0.0
228714606655,P1-fast-idle,528,904,0,1,2,0.0
228714776001,P1-fast-idle,528,904,0,1,2,0.0
228714944215,P1-fast-idle,528,904,0,1,2,0.0
228715111067,P1-fast-idle,528,904,0,1,2,0.0
228715276184,P1-fast-idle,528,904,0,1,2,0.0
228715441212,P1-fast-idle,528,904,0,1,2,0.0
228715572874,P1-fast-idle,529,905,0,1,2,0.0
228715746086,P1-fast-idle,529,905,0,1,2,0.0
228715915963,P1-fast-idle,529,905,0,1,2,0.0
228716082845,P1-fast-idle,529,905,0,1,2,0.0
228716254615,P1-fast-idle,529,905,0,1,2,0.0
228716428580,P1-fast-idle,529,905,0,1,2,0.0
228716597355,P1-fast-idle,529,905,0,1,2,0.0
228716766230,P1-fast-idle,530,906,0,1,2,0.0
228716934924,P1-fast-idle,530,906,0,1,2,0.0
228717103649,P1-fast-idle,530,906,0,1,2,0.0
228717272184,P1-fast-idle,530,906,0,1,2,0.0
228717440257,P1-fast-idle,530,906,0,1,2,0.0
228717608561,P1-fast-idle,530,906,0,1,2,0.0
228717782215,P1-fast-idle,531,907,0,1,2,0.0
228717951401,P1-fast-idle,531,907,0,1,2,0.0
228718120096,P1-fast-idle,531,907,0,1,2,0.0
228718288750,P1-fast-idle,531,907,0,1,2,0.0
228718457175,P1-fast-idle,531,907,0,1,2,0.0
228718625679,P1-fast-idle,531,907,0,1,2,0.0
228718794324,P1-fast-idle,532,908,0,1,2,0.0
228718963068,P1-fast-idle,532,908,0,1,2,0.0
228719131192,P1-fast-idle,532,908,0,1,2,0.0
228719299546,P1-fast-idle,532,908,0,1,2,0.0
228719471076,P1-fast-idle,532,908,0,1,2,0.0
228719639530,P1-fast-idle,532,908,0,1,2,0.0
228719807864,P1-fast-idle,532,908,0,1,2,0.0
228719976549,P1-fast-idle,533,909,0,1,2,0.0
228720145374,P1-fast-idle,533,909,0,1,2,0.0
228720317265,P1-fast-idle,533,909,0,1,2,0.0
228720485849,P1-fast-idle,533,909,0,1,2,0.0
228720654284,P1-fast-idle,533,909,0,1,2,0.0
228720822277,P1-fast-idle,533,909,0,1,2,0.0
228720991052,P1-fast-idle,534,910,0,1,2,0.0
228721157603,P1-fast-idle,534,910,0,1,2,0.0
228721375529,P1-fast-idle,534,910,0,1,2,0.0
228721544294,P1-fast-idle,534,910,0,1,2,0.0
228721713500,P1-fast-idle,534,910,0,1,2,0.0
228721881954,P1-fast-idle,534,910,0,1,2,0.0
228722050479,P1-fast-idle,535,911,0,1,2,0.0
228722218903,P1-fast-idle,535,911,0,1,2,0.0
228722386906,P1-fast-idle,535,911,0,1,2,0.0
228722554870,P1-fast-idle,535,911,0,1,2,0.0
228722722693,P1-fast-idle,535,911,0,1,2,0.0
228722894854,P1-fast-idle,535,911,0,1,2,0.0
228723064150,P1-fast-idle,536,912,0,1,2,0.0
228723236581,P1-fast-idle,536,912,0,1,2,0.0
228723405697,P1-fast-idle,536,912,0,1,2,0.0
228723573831,P1-fast-idle,536,912,0,1,2,0.0
228723741694,P1-fast-idle,536,912,0,1,2,0.0
228723910148,P1-fast-idle,536,912,0,1,2,0.0
228724077581,P1-fast-idle,536,912,0,1,2,0.0
228724248960,P1-fast-idle,537,913,0,1,2,0.0
228724415631,P1-fast-idle,537,913,0,1,2,0.0
228724581992,P1-fast-idle,537,913,0,1,2,0.0
228724747791,P1-fast-idle,537,913,0,1,2,0.0
228724904498,P1-fast-idle,537,913,0,1,2,0.0
228725074796,P1-fast-idle,537,913,0,1,2,0.0
228725292021,P1-fast-idle,538,914,0,1,2,0.0
228725453127,P1-fast-idle,538,914,0,1,2,0.0
228725622573,P1-fast-idle,538,914,0,1,2,0.0
228725791208,P1-fast-idle,538,914,0,1,2,0.0
228725959321,P1-fast-idle,538,914,0,1,2,0.0
228726132855,P1-fast-idle,538,914,0,1,2,0.0
228726302742,P1-fast-idle,539,915,0,1,2,0.0
228726470896,P1-fast-idle,539,915,0,1,2,0.0
228726639049,P1-fast-idle,539,915,0,1,2,0.0
228726807133,P1-fast-idle,539,915,0,1,2,0.0
228726975297,P1-fast-idle,539,915,0,1,2,0.0
228727144492,P1-fast-idle,539,915,0,1,2,0.0
228727312817,P1-fast-idle,539,915,0,1,2,0.0
228727481792,P1-fast-idle,540,916,0,1,2,0.0
228727650256,P1-fast-idle,540,916,0,1,2,0.0
228727818340,P1-fast-idle,540,916,0,1,2,0.0
228727986554,P1-fast-idle,540,916,0,1,2,0.0
228728155449,P1-fast-idle,540,916,0,1,2,0.0
228728323472,P1-fast-idle,540,916,0,1,2,0.0
228728492197,P1-fast-idle,541,917,0,1,2,0.0
228728664538,P1-fast-idle,541,917,0,1,2,0.0
228728832652,P1-fast-idle,541,917,0,1,2,0.0
228729001106,P1-fast-idle,541,917,0,1,2,0.0
228729170001,P1-fast-idle,541,917,0,1,2,0.0
228729337815,P1-fast-idle,541,917,0,1,2,0.0
228729511869,P1-fast-idle,542,919,0,1,2,0.0
228729681336,P1-fast-idle,542,919,0,1,2,0.0
228729849469,P1-fast-idle,542,919,0,1,2,0.0
228730016370,P1-fast-idle,542,919,0,1,2,0.0
228730182340,P1-fast-idle,542,919,0,1,2,0.0
228730348080,P1-fast-idle,542,919,0,1,2,0.0
228730567859,P1-fast-idle,543,920,0,1,2,0.0
228730736845,P1-fast-idle,543,920,0,1,2,0.0
228730905189,P1-fast-idle,543,920,0,1,2,0.0
228731076599,P1-fast-idle,543,920,0,1,2,0.0
228731242939,P1-fast-idle,543,920,0,1,2,0.0
228731464492,P1-fast-idle,543,920,0,1,2,0.0
228731634379,P1-fast-idle,544,921,0,1,2,0.0
228731802783,P1-fast-idle,544,921,0,1,2,0.0
228731971097,P1-fast-idle,544,921,0,1,2,0.0
228732139772,P1-fast-idle,544,921,0,1,2,0.0
228732307525,P1-fast-idle,544,921,0,1,2,0.0
228732475168,P1-fast-idle,544,921,0,1,2,0.0
228732643812,P1-fast-idle,544,921,0,1,2,0.0
228732816575,P1-fast-idle,545,922,0,1,2,0.0
228732985420,P1-fast-idle,545,922,0,1,2,0.0
228733154585,P1-fast-idle,545,922,0,1,2,0.0
228733322859,P1-fast-idle,545,922,0,1,2,0.0
228733490723,P1-fast-idle,545,922,0,1,2,0.0
228733658796,P1-fast-idle,545,922,0,1,2,0.0
228733827210,P1-fast-idle,546,923,0,1,2,0.0
228733995384,P1-fast-idle,546,923,0,1,2,0.0
228734166133,P1-fast-idle,546,923,0,1,2,0.0
228734332173,P1-fast-idle,546,923,0,1,2,0.0
228734497952,P1-fast-idle,546,923,0,1,2,0.0
228734664082,P1-fast-idle,546,923,0,1,2,0.0
228734830692,P1-fast-idle,547,924,0,1,2,0.0
228734977391,P1-fast-idle,547,924,0,1,2,0.0
228735147048,P1-fast-idle,547,924,0,1,2,0.0
228735313548,P1-fast-idle,547,924,0,1,2,0.0
228735452833,P1-fast-idle,547,924,0,1,2,0.0
228735621828,P1-fast-idle,547,924,0,1,2,0.0
228735790073,P1-fast-idle,547,924,0,1,2,0.0
228735958847,P1-fast-idle,548,925,0,1,2,0.0
228736132080,P1-fast-idle,548,925,0,1,2,0.0
228736300715,P1-fast-idle,548,925,0,1,2,0.0
228736468608,P1-fast-idle,548,925,0,1,2,0.0
228736636962,P1-fast-idle,548,925,0,1,2,0.0
228736805607,P1-fast-idle,548,925,0,1,2,0.0
228736974542,P1-fast-idle,549,926,0,1,2,0.0
228737143868,P1-fast-idle,549,926,0,1,2,0.0
228737311972,P1-fast-idle,549,926,0,1,2,0.0
228737479905,P1-fast-idle,549,926,0,1,2,0.0
228737648079,P1-fast-idle,549,926,0,1,2,0.0
228737816553,P1-fast-idle,549,926,0,1,2,0.0
228737984817,P1-fast-idle,550,927,0,1,2,0.0
228738153853,P1-fast-idle,550,927,0,1,2,0.0
228738321956,P1-fast-idle,550,927,0,1,2,0.0
228738489960,P1-fast-idle,550,927,0,1,2,0.0
228738658193,P1-fast-idle,550,927,0,1,2,0.0
228738825696,P1-fast-idle,550,927,0,1,2,0.0
228738993890,P1-fast-idle,550,927,0,1,2,0.0
228739163026,P1-fast-idle,551,928,0,1,2,0.0
228739335217,P1-fast-idle,551,928,0,1,2,0.0
228739506627,P1-fast-idle,551,928,0,1,2,0.0
228739675341,P1-fast-idle,551,928,0,1,2,0.0
228739843605,P1-fast-idle,551,928,0,1,2,0.0
228740012841,P1-fast-idle,551,928,0,1,2,0.0
228740181776,P1-fast-idle,552,929,0,1,2,0.0
228740350210,P1-fast-idle,552,929,0,1,2,0.0
228740518494,P1-fast-idle,552,929,0,1,2,0.0
228740686468,P1-fast-idle,552,929,0,1,2,0.0
228740854611,P1-fast-idle,552,929,0,1,2,0.0
228741021422,P1-fast-idle,552,929,0,1,2,0.0
228741187783,P1-fast-idle,553,930,0,1,2,0.0
228741354013,P1-fast-idle,553,930,0,1,2,0.0
228741571779,P1-fast-idle,553,930,0,1,2,0.0
228741740073,P1-fast-idle,553,930,0,1,2,0.0
228741911593,P1-fast-idle,553,930,0,1,2,0.0
228742080649,P1-fast-idle,553,930,0,1,2,0.0
228742249413,P1-fast-idle,554,931,0,1,2,0.0
228742417938,P1-fast-idle,554,931,0,1,2,0.0
228742586482,P1-fast-idle,554,931,0,1,2,0.0
228742758143,P1-fast-idle,554,931,0,1,2,0.0
228742926266,P1-fast-idle,554,931,0,1,2,0.0
228743096053,P1-fast-idle,554,931,0,1,2,0.0
228743264277,P1-fast-idle,554,931,0,1,2,0.0
228743432852,P1-fast-idle,555,932,0,1,2,0.0
228743601346,P1-fast-idle,555,932,0,1,2,0.0
228743769840,P1-fast-idle,555,932,0,1,2,0.0
228743937743,P1-fast-idle,555,932,0,1,2,0.0
228744106869,P1-fast-idle,555,932,0,1,2,0.0
228744275013,P1-fast-idle,555,932,0,1,2,0.0
228744444709,P1-fast-idle,556,933,0,1,2,0.0
228744612883,P1-fast-idle,556,933,0,1,2,0.0
228744784874,P1-fast-idle,556,933,0,1,2,0.0
228744952817,P1-fast-idle,556,933,0,1,2,0.0
228745081111,P1-fast-idle,556,933,0,1,2,0.0
228745249906,P1-fast-idle,556,933,0,1,2,0.0
228745424177,P1-fast-idle,556,933,0,1,2,0.0
228745594164,P1-fast-idle,557,935,0,1,2,0.0
228745762608,P1-fast-idle,557,935,0,1,2,0.0
228745934619,P1-fast-idle,557,935,0,1,2,0.0
228746103895,P1-fast-idle,557,935,0,1,2,0.0
228746272089,P1-fast-idle,557,935,0,1,2,0.0
228746440002,P1-fast-idle,557,935,0,1,2,0.0
228746608366,P1-fast-idle,558,936,0,1,2,0.0
228746776820,P1-fast-idle,558,936,0,1,2,0.0
228746944954,P1-fast-idle,558,936,0,1,2,0.0
228747113759,P1-fast-idle,558,936,0,1,2,0.0
228747282274,P1-fast-idle,558,936,0,1,2,0.0
228747451209,P1-fast-idle,558,936,0,1,2,0.0
228747620244,P1-fast-idle,559,937,0,1,2,0.0
228747788939,P1-fast-idle,559,937,0,1,2,0.0
228747957513,P1-fast-idle,559,937,0,1,2,0.0
228748126458,P1-fast-idle,559,937,0,1,2,0.0
228748295143,P1-fast-idle,559,937,0,1,2,0.0
228748463307,P1-fast-idle,559,937,0,1,2,0.0
228748631521,P1-fast-idle,559,937,0,1,2,0.0
228748800506,P1-fast-idle,560,938,0,1,2,0.0
228748968740,P1-fast-idle,560,938,0,1,2,0.0
228749137685,P1-fast-idle,560,938,0,1,2,0.0
228749309526,P1-fast-idle,560,938,0,1,2,0.0
228749477799,P1-fast-idle,560,938,0,1,2,0.0
228749646154,P1-fast-idle,560,938,0,1,2,0.0
228749814969,P1-fast-idle,561,939,0,1,2,0.0
228749983323,P1-fast-idle,561,939,0,1,2,0.0
228750155855,P1-fast-idle,561,939,0,1,2,0.0
228750324269,P1-fast-idle,561,939,0,1,2,0.0
228750492543,P1-fast-idle,561,939,0,1,2,0.0
228750660706,P1-fast-idle,561,939,0,1,2,0.0
228750828800,P1-fast-idle,562,940,0,1,2,0.0
228750996964,P1-fast-idle,562,940,0,1,2,0.0
228751163324,P1-fast-idle,562,940,0,1,2,0.0
228751329194,P1-fast-idle,562,940,0,1,2,0.0
228751511434,P1-fast-idle,562,940,0,1,2,0.0
228751682954,P1-fast-idle,562,940,0,1,2,0.0
228751866867,P1-fast-idle,563,941,0,1,2,0.0
228752036874,P1-fast-idle,563,941,0,1,2,0.0
228752205288,P1-fast-idle,563,941,0,1,2,0.0
228752373332,P1-fast-idle,563,941,0,1,2,0.0
228752546004,P1-fast-idle,563,941,0,1,2,0.0
228752717083,P1-fast-idle,563,941,0,1,2,0.0
228752885548,P1-fast-idle,563,941,0,1,2,0.0
228753055585,P1-fast-idle,564,942,0,1,2,0.0
228753224179,P1-fast-idle,564,942,0,1,2,0.0
228753392163,P1-fast-idle,564,942,0,1,2,0.0
228753560537,P1-fast-idle,564,942,0,1,2,0.0
228753728560,P1-fast-idle,564,942,0,1,2,0.0
228753896774,P1-fast-idle,564,942,0,1,2,0.0
228754066431,P1-fast-idle,565,943,0,1,2,0.0
228754234795,P1-fast-idle,565,943,0,1,2,0.0
228754402768,P1-fast-idle,565,943,0,1,2,0.0
228754570912,P1-fast-idle,565,943,0,1,2,0.0
228754738835,P1-fast-idle,565,943,0,1,2,0.0
228754907279,P1-fast-idle,565,943,0,1,2,0.0
228755073920,P1-fast-idle,566,944,0,1,2,0.0
228755293330,P1-fast-idle,566,944,0,1,2,0.0
228755463998,P1-fast-idle,566,944,0,1,2,0.0
228755642260,P1-fast-idle,566,944,0,1,2,0.0
228755812909,P1-fast-idle,566,944,0,1,2,0.0
228755991041,P1-fast-idle,566,944,0,1,2,0.0
228756162040,P1-fast-idle,567,945,0,1,2,0.0
228756332428,P1-fast-idle,567,945,0,1,2,0.0
228756502926,P1-fast-idle,567,945,0,1,2,0.0
228756673124,P1-fast-idle,567,945,0,1,2,0.0
228756843562,P1-fast-idle,567,945,0,1,2,0.0
228757014912,P1-fast-idle,567,945,0,1,2,0.0
228757185330,P1-fast-idle,567,945,0,1,2,0.0
228757353964,P1-fast-idle,568,946,0,1,2,0.0
228757524583,P1-fast-idle,568,946,0,1,2,0.0
228757694930,P1-fast-idle,568,946,0,1,2,0.0
228757865448,P1-fast-idle,568,946,0,1,2,0.0
228758036558,P1-fast-idle,568,946,0,1,2,0.0
228758206865,P1-fast-idle,568,946,0,1,2,0.0
228758377664,P1-fast-idle,569,947,0,1,2,0.0
228758548382,P1-fast-idle,569,947,0,1,2,0.0
228758718851,P1-fast-idle,569,947,0,1,2,0.0
228758889479,P1-fast-idle,569,947,0,1,2,0.0
228759060658,P1-fast-idle,569,947,0,1,2,0.0
228759229864,P1-fast-idle,569,947,0,1,2,0.0
228759395984,P1-fast-idle,570,948,0,1,2,0.0
228759564508,P1-fast-idle,570,948,0,1,2,0.0
228759732742,P1-fast-idle,570,948,0,1,2,0.0
228759901066,P1-fast-idle,570,948,0,1,2,0.0
228760069120,P1-fast-idle,570,948,0,1,2,0.0
228760237123,P1-fast-idle,570,948,0,1,2,0.0
228760405587,P1-fast-idle,571,949,0,1,2,0.0
228760573461,P1-fast-idle,571,949,0,1,2,0.0
228760741124,P1-fast-idle,571,949,0,1,2,0.0
228760909207,P1-fast-idle,571,949,0,1,2,0.0
228761082130,P1-fast-idle,571,949,0,1,2,0.0
228761250374,P1-fast-idle,571,949,0,1,2,0.0
228761418297,P1-fast-idle,571,949,0,1,2,0.0
228761593394,P1-fast-idle,572,951,0,1,2,0.0
228761765465,P1-fast-idle,572,951,0,1,2,0.0
228761933989,P1-fast-idle,572,951,0,1,2,0.0
228762103045,P1-fast-idle,572,951,0,1,2,0.0
228762271319,P1-fast-idle,572,951,0,1,2,0.0
228762439362,P1-fast-idle,572,951,0,1,2,0.0
228762612024,P1-fast-idle,573,952,0,1,2,0.0
228762780909,P1-fast-idle,573,952,0,1,2,0.0
228762949203,P1-fast-idle,573,952,0,1,2,0.0
228763119170,P1-fast-idle,573,952,0,1,2,0.0
228763287264,P1-fast-idle,573,952,0,1,2,0.0
228763455117,P1-fast-idle,573,952,0,1,2,0.0
228763627158,P1-fast-idle,574,953,0,1,2,0.0
228763795582,P1-fast-idle,574,953,0,1,2,0.0
228763963716,P1-fast-idle,574,953,0,1,2,0.0
228764133222,P1-fast-idle,574,953,0,1,2,0.0
228764301266,P1-fast-idle,574,953,0,1,2,0.0
228764469049,P1-fast-idle,574,953,0,1,2,0.0
228764637763,P1-fast-idle,574,953,0,1,2,0.0
228764806689,P1-fast-idle,575,954,0,1,2,0.0
228764975043,P1-fast-idle,575,954,0,1,2,0.0
228765142004,P1-fast-idle,575,954,0,1,2,0.0
228765360051,P1-fast-idle,575,954,0,1,2,0.0
228765528605,P1-fast-idle,575,954,0,1,2,0.0
228765696879,P1-fast-idle,575,954,0,1,2,0.0
228765869391,P1-fast-idle,576,955,0,1,2,0.0
228766038827,P1-fast-idle,576,955,0,1,2,0.0
228766207041,P1-fast-idle,576,955,0,1,2,0.0
228766374814,P1-fast-idle,576,955,0,1,2,0.0
228766546114,P1-fast-idle,576,955,0,1,2,0.0
228766714157,P1-fast-idle,576,955,0,1,2,0.0
228766882642,P1-fast-idle,577,956,0,1,2,0.0
228767051867,P1-fast-idle,577,956,0,1,2,0.0
228767220091,P1-fast-idle,577,956,0,1,2,0.0
228767388415,P1-fast-idle,577,956,0,1,2,0.0
228767556539,P1-fast-idle,577,956,0,1,2,0.0
228767724683,P1-fast-idle,577,956,0,1,2,0.0
228767892816,P1-fast-idle,578,957,0,1,2,0.0
228768061962,P1-fast-idle,578,957,0,1,2,0.0
228768230366,P1-fast-idle,578,957,0,1,2,0.0
228768398149,P1-fast-idle,578,957,0,1,2,0.0
228768566373,P1-fast-idle,578,957,0,1,2,0.0
228768734406,P1-fast-idle,578,957,0,1,2,0.0
228768902210,P1-fast-idle,578,957,0,1,2,0.0
228769071936,P1-fast-idle,579,958,0,1,2,0.0
228769243797,P1-fast-idle,579,958,0,1,2,0.0
228769412371,P1-fast-idle,579,958,0,1,2,0.0
228769580766,P1-fast-idle,579,958,0,1,2,0.0
228769749220,P1-fast-idle,579,958,0,1,2,0.0
228769918145,P1-fast-idle,579,958,0,1,2,0.0
228770088182,P1-fast-idle,580,959,0,1,2,0.0
228770256737,P1-fast-idle,580,959,0,1,2,0.0
228770424891,P1-fast-idle,580,959,0,1,2,0.0
228770593385,P1-fast-idle,580,959,0,1,2,0.0
228770761228,P1-fast-idle,580,959,0,1,2,0.0
228770929292,P1-fast-idle,580,959,0,1,2,0.0
228771098377,P1-fast-idle,581,960,0,1,2,0.0
228771267062,P1-fast-idle,581,960,0,1,2,0.0
228771435135,P1-fast-idle,581,960,0,1,2,0.0
228771603590,P1-fast-idle,581,960,0,1,2,0.0
228771772475,P1-fast-idle,581,960,0,1,2,0.0
228771945097,P1-fast-idle,581,960,0,1,2,0.0
228772114032,P1-fast-idle,581,960,0,1,2,0.0
228772282677,P1-fast-idle,582,961,0,1,2,0.0
228772454567,P1-fast-idle,582,961,0,1,2,0.0
228772623001,P1-fast-idle,582,961,0,1,2,0.0
228772791115,P1-fast-idle,582,961,0,1,2,0.0
228772959169,P1-fast-idle,582,961,0,1,2,0.0
228773128845,P1-fast-idle,582,961,0,1,2,0.0
228773297540,P1-fast-idle,583,962,0,1,2,0.0
228773466295,P1-fast-idle,583,962,0,1,2,0.0
228773634018,P1-fast-idle,583,962,0,1,2,0.0
228773802181,P1-fast-idle,583,962,0,1,2,0.0
228773970265,P1-fast-idle,583,962,0,1,2,0.0
228774139501,P1-fast-idle,583,962,0,1,2,0.0
228774311912,P1-fast-idle,584,963,0,1,2,0.0
228774480908,P1-fast-idle,584,963,0,1,2,0.0
228774649242,P1-fast-idle,584,963,0,1,2,0.0
228774817476,P1-fast-idle,584,963,0,1,2,0.0
228774985579,P1-fast-idle,584,963,0,1,2,0.0
228775152300,P1-fast-idle,584,963,0,1,2,0.0
228775324406,P1-fast-idle,584,963,0,1,2,0.0
228775513870,P1-fast-idle,585,964,0,1,2,0.0
228775684668,P1-fast-idle,585,964,0,1,2,0.0
228775858563,P1-fast-idle,585,964,0,1,2,0.0
228776027177,P1-fast-idle,585,964,0,1,2,0.0
228776195722,P1-fast-idle,585,964,0,1,2,0.0
228776363956,P1-fast-idle,585,964,0,1,2,0.0
228776536297,P1-fast-idle,586,966,0,1,2,0.0
228776706675,P1-fast-idle,586,966,0,1,2,0.0
228776875500,P1-fast-idle,586,966,0,1,2,0.0
228777042542,P1-fast-idle,586,966,0,1,2,0.0
228777208631,P1-fast-idle,586,966,0,1,2,0.0
228777378899,P1-fast-idle,586,966,0,1,2,0.0
228777604220,P1-fast-idle,587,967,0,1,2,0.0
228777774097,P1-fast-idle,587,967,0,1,2,0.0
228777942290,P1-fast-idle,587,967,0,1,2,0.0
228778109492,P1-fast-idle,587,967,0,1,2,0.0
228778275362,P1-fast-idle,587,967,0,1,2,0.0
228778456460,P1-fast-idle,587,967,0,1,2,0.0
228778629993,P1-fast-idle,588,968,0,1,2,0.0
228778799259,P1-fast-idle,588,968,0,1,2,0.0
228778967764,P1-fast-idle,588,968,0,1,2,0.0
228779141708,P1-fast-idle,588,968,0,1,2,0.0
228779310022,P1-fast-idle,588,968,0,1,2,0.0
228779479999,P1-fast-idle,588,968,0,1,2,0.0
228779658172,P1-fast-idle,589,969,0,1,2,0.0
228779828159,P1-fast-idle,589,969,0,1,2,0.0
228779996813,P1-fast-idle,589,969,0,1,2,0.0
228780165728,P1-fast-idle,589,969,0,1,2,0.0
228780334203,P1-fast-idle,589,969,0,1,2,0.0
228780504240,P1-fast-idle,589,969,0,1,2,0.0
228780673205,P1-fast-idle,589,969,0,1,2,0.0
228780843603,P1-fast-idle,590,970,0,1,2,0.0
228781013941,P1-fast-idle,590,970,0,1,2,0.0
228781182525,P1-fast-idle,590,970,0,1,2,0.0
228781350950,P1-fast-idle,590,970,0,1,2,0.0
228781521127,P1-fast-idle,590,970,0,1,2,0.0
228781689972,P1-fast-idle,590,970,0,1,2,0.0
228781860210,P1-fast-idle,591,971,0,1,2,0.0
228782030518,P1-fast-idle,591,971,0,1,2,0.0
228782199262,P1-fast-idle,591,971,0,1,2,0.0
228782367496,P1-fast-idle,591,971,0,1,2,0.0
228782541191,P1-fast-idle,591,971,0,1,2,0.0
228782710206,P1-fast-idle,591,971,0,1,2,0.0
228782900200,P1-fast-idle,592,972,0,1,2,0.0
228783027758,P1-fast-idle,592,972,0,1,2,0.0
228783194650,P1-fast-idle,592,972,0,1,2,0.0
228783359698,P1-fast-idle,592,972,0,1,2,0.0
228783526839,P1-fast-idle,592,972,0,1,2,0.0
228783692809,P1-fast-idle,592,972,0,1,2,0.0
228783857977,P1-fast-idle,592,972,0,1,2,0.0
228784021613,P1-fast-idle,593,973,0,1,2,0.0
228784188033,P1-fast-idle,593,973,0,1,2,0.0
228784353191,P1-fast-idle,593,973,0,1,2,0.0
228784520193,P1-fast-idle,593,973,0,1,2,0.0
228784686503,P1-fast-idle,593,973,0,1,2,0.0
228784851591,P1-fast-idle,593,973,0,1,2,0.0
228785020957,P1-fast-idle,594,974,0,1,2,0.0
228785192016,P1-fast-idle,594,974,0,1,2,0.0
228785357485,P1-fast-idle,594,974,0,1,2,0.0
228785525198,P1-fast-idle,594,974,0,1,2,0.0
228785694253,P1-fast-idle,594,974,0,1,2,0.0
228785859672,P1-fast-idle,594,974,0,1,2,0.0
228786019269,P1-fast-idle,594,974,0,1,2,0.0
228786192553,P1-fast-idle,595,975,0,1,2,0.0
228786358723,P1-fast-idle,595,975,0,1,2,0.0
228786525714,P1-fast-idle,595,975,0,1,2,0.0
228786691544,P1-fast-idle,595,975,0,1,2,0.0
228786856471,P1-fast-idle,595,975,0,1,2,0.0
228787030787,P1-fast-idle,595,975,0,1,2,0.0
228787206715,P1-fast-idle,595,975,0,1,2,0.0
228787377814,P1-fast-idle,596,976,0,1,2,0.0
228787545817,P1-fast-idle,596,976,0,1,2,0.0
228787711918,P1-fast-idle,596,976,0,1,2,0.0
228787876775,P1-fast-idle,596,976,0,1,2,0.0
228788019652,P1-fast-idle,596,976,0,1,2,0.0
228788185160,P1-fast-idle,596,976,0,1,2,0.0
228788352843,P1-fast-idle,597,977,0,1,2,0.0
228788520045,P1-fast-idle,597,977,0,1,2,0.0
228788686416,P1-fast-idle,597,977,0,1,2,0.0
228788851444,P1-fast-idle,597,977,0,1,2,0.0
228789018866,P1-fast-idle,597,977,0,1,2,0.0
228789184264,P1-fast-idle,597,977,0,1,2,0.0
228789354131,P1-fast-idle,597,977,0,1,2,0.0
228789524649,P1-fast-idle,598,978,0,1,2,0.0
228789690759,P1-fast-idle,598,978,0,1,2,0.0
228789855597,P1-fast-idle,598,978,0,1,2,0.0
228790018250,P1-fast-idle,598,978,0,1,2,0.0
228790183549,P1-fast-idle,598,978,0,1,2,0.0
228790348426,P1-fast-idle,598,978,0,1,2,0.0
228790517502,P1-fast-idle,599,980,0,1,2,0.0
228790685005,P1-fast-idle,599,980,0,1,2,0.0
228790850193,P1-fast-idle,599,980,0,1,2,0.0
228791025990,P1-fast-idle,599,980,0,1,2,0.0
228791192431,P1-fast-idle,599,980,0,1,2,0.0
228791357850,P1-fast-idle,599,980,0,1,2,0.0
228791576938,P1-fast-idle,600,981,0,1,2,0.0
228791743880,P1-fast-idle,600,981,0,1,2,0.0
228791909229,P1-fast-idle,600,981,0,1,2,0.0
228792128938,P1-fast-idle,600,981,0,1,2,0.0
228792300478,P1-fast-idle,600,981,0,1,2,0.0
228792457837,P1-fast-idle,600,981,0,1,2,0.0
228792632764,P1-fast-idle,601,982,0,1,2,0.0
228792802861,P1-fast-idle,601,982,0,1,2,0.0
228792972006,P1-fast-idle,601,982,0,1,2,0.0
228793159286,P1-fast-idle,601,982,0,1,2,0.0
228793335625,P1-fast-idle,601,982,0,1,2,0.0
228793511303,P1-fast-idle,601,982,0,1,2,0.0
228793680949,P1-fast-idle,602,983,0,1,2,0.0
228793849784,P1-fast-idle,602,983,0,1,2,0.0
228794019260,P1-fast-idle,602,983,0,1,2,0.0
228794187384,P1-fast-idle,602,983,0,1,2,0.0
228794355768,P1-fast-idle,602,983,0,1,2,0.0
228794524473,P1-fast-idle,602,983,0,1,2,0.0
228794692667,P1-fast-idle,602,983,0,1,2,0.0
228794861291,P1-fast-idle,603,984,0,1,2,0.0
228795028413,P1-fast-idle,603,984,0,1,2,0.0
228795194523,P1-fast-idle,603,984,0,1,2,0.0
228795360382,P1-fast-idle,603,984,0,1,2,0.0
228795578339,P1-fast-idle,603,984,0,1,2,0.0
228795750430,P1-fast-idle,603,984,0,1,2,0.0
228795919405,P1-fast-idle,604,985,0,1,2,0.0
228796092428,P1-fast-idle,604,985,0,1,2,0.0
228796261023,P1-fast-idle,604,985,0,1,2,0.0
228796428876,P1-fast-idle,604,985,0,1,2,0.0
228796597170,P1-fast-idle,604,985,0,1,2,0.0
228796765424,P1-fast-idle,604,985,0,1,2,0.0
228796934138,P1-fast-idle,605,986,0,1,2,0.0
228797103284,P1-fast-idle,605,986,0,1,2,0.0
228797271358,P1-fast-idle,605,986,0,1,2,0.0
228797439401,P1-fast-idle,605,986,0,1,2,0.0
228797608206,P1-fast-idle,605,986,0,1,2,0.0
228797776310,P1-fast-idle,605,986,0,1,2,0.0
228797945015,P1-fast-idle,606,987,0,1,2,0.0
228798114120,P1-fast-idle,606,987,0,1,2,0.0
228798282424,P1-fast-idle,606,987,0,1,2,0.0
228798450297,P1-fast-idle,606,987,0,1,2,0.0
228798626506,P1-fast-idle,606,987,0,1,2,0.0
228798794670,P1-fast-idle,606,987,0,1,2,0.0
228798969075,P1-fast-idle,607,988,0,1,2,0.0
228799138351,P1-fast-idle,607,988,0,1,2,0.0
228799306575,P1-fast-idle,607,988,0,1,2,0.0
228799474618,P1-fast-idle,607,988,0,1,2,0.0
228799642762,P1-fast-idle,607,988,0,1,2,0.0
228799810906,P1-fast-idle,607,988,0,1,2,0.0
228799979400,P1-fast-idle,607,988,0,1,2,0.0
228800148135,P1-fast-idle,608,989,0,1,2,0.0
228800316409,P1-fast-idle,608,989,0,1,2,0.0
228800484833,P1-fast-idle,608,989,0,1,2,0.0
228800653448,P1-fast-idle,608,989,0,1,2,0.0
228800822022,P1-fast-idle,608,989,0,1,2,0.0
228800990306,P1-fast-idle,608,989,0,1,2,0.0
228801158720,P1-fast-idle,609,990,0,1,2,0.0
228801326734,P1-fast-idle,609,990,0,1,2,0.0
228801495328,P1-fast-idle,609,990,0,1,2,0.0
228801663763,P1-fast-idle,609,990,0,1,2,0.0
228801832477,P1-fast-idle,609,990,0,1,2,0.0
228802002024,P1-fast-idle,609,990,0,1,2,0.0
228802171850,P1-fast-idle,610,991,0,1,2,0.0
228802344102,P1-fast-idle,610,991,0,1,2,0.0
228802513187,P1-fast-idle,610,991,0,1,2,0.0
228802681612,P1-fast-idle,610,991,0,1,2,0.0
228802849835,P1-fast-idle,610,991,0,1,2,0.0
228803019051,P1-fast-idle,610,991,0,1,2,0.0
228803187305,P1-fast-idle,610,991,0,1,2,0.0
228803356230,P1-fast-idle,611,992,0,1,2,0.0
228803524524,P1-fast-idle,611,992,0,1,2,0.0
228803692898,P1-fast-idle,611,992,0,1,2,0.0
228803861333,P1-fast-idle,611,992,0,1,2,0.0
228804030328,P1-fast-idle,611,992,0,1,2,0.0
228804198632,P1-fast-idle,611,992,0,1,2,0.0
228804371013,P1-fast-idle,612,993,0,1,2,0.0
228804539708,P1-fast-idle,612,993,0,1,2,0.0
228804708153,P1-fast-idle,612,993,0,1,2,0.0
228804876376,P1-fast-idle,612,993,0,1,2,0.0
228805043228,P1-fast-idle,612,993,0,1,2,0.0
228805209508,P1-fast-idle,612,993,0,1,2,0.0
228805375578,P1-fast-idle,613,994,0,1,2,0.0
228805547894,P1-fast-idle,613,994,0,1,2,0.0
228805720827,P1-fast-idle,613,994,0,1,2,0.0
228805889552,P1-fast-idle,613,994,0,1,2,0.0
228806056954,P1-fast-idle,613,994,0,1,2,0.0
228806223484,P1-fast-idle,613,994,0,1,2,0.0
228806410604,P1-fast-idle,613,994,0,1,2,0.0
228806585390,P1-fast-idle,614,996,0,1,2,0.0
228806756870,P1-fast-idle,614,996,0,1,2,0.0
228806932978,P1-fast-idle,614,996,0,1,2,0.0
228807104999,P1-fast-idle,614,996,0,1,2,0.0
228807275287,P1-fast-idle,614,996,0,1,2,0.0
228807457587,P1-fast-idle,614,996,0,1,2,0.0
228807631652,P1-fast-idle,615,997,0,1,2,0.0
228807802250,P1-fast-idle,615,997,0,1,2,0.0
228807972598,P1-fast-idle,615,997,0,1,2,0.0
228808143397,P1-fast-idle,615,997,0,1,2,0.0
228808313403,P1-fast-idle,615,997,0,1,2,0.0
228808484653,P1-fast-idle,615,997,0,1,2,0.0
228808656183,P1-fast-idle,616,998,0,1,2,0.0
228808826511,P1-fast-idle,616,998,0,1,2,0.0
228809000836,P1-fast-idle,616,998,0,1,2,0.0
228809171915,P1-fast-idle,616,998,0,1,2,0.0
228809341852,P1-fast-idle,616,998,0,1,2,0.0
228809513462,P1-fast-idle,616,998,0,1,2,0.0
228809684612,P1-fast-idle,617,999,0,1,2,0.0
228809858166,P1-fast-idle,617,999,0,1,2,0.0
228810029205,P1-fast-idle,617,999,0,1,2,0.0
228810199863,P1-fast-idle,617,999,0,1,2,0.0
228810370011,P1-fast-idle,617,999,0,1,2,0.0
228810541170,P1-fast-idle,617,999,0,1,2,0.0
228810712560,P1-fast-idle,618,1000,0,1,2,0.0
228810882757,P1-fast-idle,618,1000,0,1,2,0.0
228811053556,P1-fast-idle,618,1000,0,1,2,0.0
228811224004,P1-fast-idle,618,1000,0,1,2,0.0
228811393951,P1-fast-idle,618,1000,0,1,2,0.0
228811566122,P1-fast-idle,618,1000,0,1,2,0.0
228811737211,P1-fast-idle,619,1001,0,1,2,0.0
228811907509,P1-fast-idle,619,1001,0,1,2,0.0
228812078588,P1-fast-idle,619,1001,0,1,2,0.0
228812252653,P1-fast-idle,619,1001,0,1,2,0.0
228812423512,P1-fast-idle,619,1001,0,1,2,0.0
228812595052,P1-fast-idle,619,1001,0,1,2,0.0
228812766201,P1-fast-idle,619,1001,0,1,2,0.0
228812937090,P1-fast-idle,620,1002,0,1,2,0.0
228813116174,P1-fast-idle,620,1002,0,1,2,0.0
228813288496,P1-fast-idle,620,1002,0,1,2,0.0
228813468872,P1-fast-idle,620,1002,0,1,2,0.0
228813643187,P1-fast-idle,620,1002,0,1,2,0.0
228813813645,P1-fast-idle,620,1002,0,1,2,0.0
228813984885,P1-fast-idle,621,1003,0,1,2,0.0
228814156445,P1-fast-idle,621,1003,0,1,2,0.0
228814326813,P1-fast-idle,621,1003,0,1,2,0.0
228814498533,P1-fast-idle,621,1003,0,1,2,0.0
228814669382,P1-fast-idle,621,1003,0,1,2,0.0
228814840180,P1-fast-idle,621,1003,0,1,2,0.0
228815011671,P1-fast-idle,622,1004,0,1,2,0.0
228815182469,P1-fast-idle,622,1004,0,1,2,0.0
228815357065,P1-fast-idle,622,1004,0,1,2,0.0
228815529306,P1-fast-idle,622,1004,0,1,2,0.0
228815704283,P1-fast-idle,622,1004,0,1,2,0.0
228815874641,P1-fast-idle,622,1004,0,1,2,0.0
228816046101,P1-fast-idle,623,1005,0,1,2,0.0
228816216639,P1-fast-idle,623,1005,0,1,2,0.0
228816387607,P1-fast-idle,623,1005,0,1,2,0.0
228816559699,P1-fast-idle,623,1005,0,1,2,0.0
228816730567,P1-fast-idle,623,1005,0,1,2,0.0
228816900825,P1-fast-idle,623,1005,0,1,2,0.0
228817071133,P1-fast-idle,624,1006,0,1,2,0.0
228817241671,P1-fast-idle,624,1006,0,1,2,0.0
228817411618,P1-fast-idle,624,1006,0,1,2,0.0
228817584130,P1-fast-idle,624,1006,0,1,2,0.0
228817759267,P1-fast-idle,624,1006,0,1,2,0.0
228817929554,P1-fast-idle,624,1006,0,1,2,0.0
228818105763,P1-fast-idle,624,1006,0,1,2,0.0
228818276712,P1-fast-idle,625,1007,0,1,2,0.0
228818459533,P1-fast-idle,625,1007,0,1,2,0.0
228818633448,P1-fast-idle,625,1007,0,1,2,0.0
228818804106,P1-fast-idle,625,1007,0,1,2,0.0
228818977880,P1-fast-idle,625,1007,0,1,2,0.0
228819148879,P1-fast-idle,625,1007,0,1,2,0.0
228819319157,P1-fast-idle,626,1008,0,1,2,0.0
228819490467,P1-fast-idle,626,1008,0,1,2,0.0
228819661626,P1-fast-idle,626,1008,0,1,2,0.0
228819831793,P1-fast-idle,626,1008,0,1,2,0.0
228820001761,P1-fast-idle,626,1008,0,1,2,0.0
228820172679,P1-fast-idle,626,1008,0,1,2,0.0
228820343788,P1-fast-idle,627,1009,0,1,2,0.0
228820515499,P1-fast-idle,627,1009,0,1,2,0.0
228820686428,P1-fast-idle,627,1009,0,1,2,0.0
228820860332,P1-fast-idle,627,1009,0,1,2,0.0
228821031151,P1-fast-idle,627,1009,0,1,2,0.0
228821200948,P1-fast-idle,627,1009,0,1,2,0.0
228821371135,P1-fast-idle,628,1010,0,1,2,0.0
228821542505,P1-fast-idle,628,1010,0,1,2,0.0
228821714636,P1-fast-idle,628,1010,0,1,2,0.0
228821884483,P1-fast-idle,628,1010,0,1,2,0.0
228822054510,P1-fast-idle,628,1010,0,1,2,0.0
228822224367,P1-fast-idle,628,1010,0,1,2,0.0
228822398332,P1-fast-idle,629,1011,0,1,2,0.0
228822570803,P1-fast-idle,629,1011,0,1,2,0.0
228822741893,P1-fast-idle,629,1011,0,1,2,0.0
228822911960,P1-fast-idle,629,1011,0,1,2,0.0
228823082879,P1-fast-idle,629,1011,0,1,2,0.0
228823253758,P1-fast-idle,629,1011,0,1,2,0.0
228823423835,P1-fast-idle,629,1011,0,1,2,0.0
228823596337,P1-fast-idle,630,1013,0,1,2,0.0
228823767847,P1-fast-idle,630,1013,0,1,2,0.0
228823938315,P1-fast-idle,630,1013,0,1,2,0.0
228824109524,P1-fast-idle,630,1013,0,1,2,0.0
228824279842,P1-fast-idle,630,1013,0,1,2,0.0
228824458445,P1-fast-idle,630,1013,0,1,2,0.0
228824633231,P1-fast-idle,631,1014,0,1,2,0.0
228824804060,P1-fast-idle,631,1014,0,1,2,0.0
228824974187,P1-fast-idle,631,1014,0,1,2,0.0
228825145186,P1-fast-idle,631,1014,0,1,2,0.0
228825315354,P1-fast-idle,631,1014,0,1,2,0.0
228825486694,P1-fast-idle,631,1014,0,1,2,0.0
228825662161,P1-fast-idle,632,1015,0,1,2,0.0
228825832860,P1-fast-idle,632,1015,0,1,2,0.0
228826003137,P1-fast-idle,632,1015,0,1,2,0.0
228826174046,P1-fast-idle,632,1015,0,1,2,0.0
228826347620,P1-fast-idle,632,1015,0,1,2,0.0
228826519320,P1-fast-idle,632,1015,0,1,2,0.0
228826690660,P1-fast-idle,633,1016,0,1,2,0.0
228826861408,P1-fast-idle,633,1016,0,1,2,0.0
228827033019,P1-fast-idle,633,1016,0,1,2,0.0
228827203437,P1-fast-idle,633,1016,0,1,2,0.0
228827373354,P1-fast-idle,633,1016,0,1,2,0.0
228827544723,P1-fast-idle,633,1016,0,1,2,0.0
228827715813,P1-fast-idle,633,1016,0,1,2,0.0
228827884758,P1-fast-idle,634,1017,0,1,2,0.0
228828056658,P1-fast-idle,634,1017,0,1,2,0.0
228828226926,P1-fast-idle,634,1017,0,1,2,0.0
228828401602,P1-fast-idle,634,1017,0,1,2,0.0
228828573333,P1-fast-idle,634,1017,0,1,2,0.0
228828747858,P1-fast-idle,634,1017,0,1,2,0.0
228828919098,P1-fast-idle,635,1018,0,1,2,0.0
228829094465,P1-fast-idle,635,1018,0,1,2,0.0
228829265324,P1-fast-idle,635,1018,0,1,2,0.0
228829441252,P1-fast-idle,635,1018,0,1,2,0.0
228829612722,P1-fast-idle,635,1018,0,1,2,0.0
228829783290,P1-fast-idle,635,1018,0,1,2,0.0
228829954078,P1-fast-idle,636,1019,0,1,2,0.0
228830125488,P1-fast-idle,636,1019,0,1,2,0.0
228830295806,P1-fast-idle,636,1019,0,1,2,0.0
228830474129,P1-fast-idle,636,1019,0,1,2,0.0
228830645568,P1-fast-idle,636,1019,0,1,2,0.0
228830815876,P1-fast-idle,636,1019,0,1,2,0.0
228830986034,P1-fast-idle,637,1020,0,1,2,0.0
228831157103,P1-fast-idle,637,1020,0,1,2,0.0
228831322031,P1-fast-idle,637,1020,0,1,2,0.0
228831488672,P1-fast-idle,637,1020,0,1,2,0.0
228831658288,P1-fast-idle,637,1020,0,1,2,0.0
228831823316,P1-fast-idle,637,1020,0,1,2,0.0
228831988113,P1-fast-idle,637,1020,0,1,2,0.0
228832214486,P1-fast-idle,638,1021,0,1,2,0.0
228832389542,P1-fast-idle,638,1021,0,1,2,0.0
228832559900,P1-fast-idle,638,1021,0,1,2,0.0
228832728906,P1-fast-idle,638,1021,0,1,2,0.0
228832897159,P1-fast-idle,638,1021,0,1,2,0.0
228833067277,P1-fast-idle,638,1021,0,1,2,0.0
228833236422,P1-fast-idle,639,1022,0,1,2,0.0
228833404896,P1-fast-idle,639,1022,0,1,2,0.0
228833574223,P1-fast-idle,639,1022,0,1,2,0.0
228833743118,P1-fast-idle,639,1022,0,1,2,0.0
228833910811,P1-fast-idle,639,1022,0,1,2,0.0
228834079666,P1-fast-idle,639,1022,0,1,2,0.0
228834248611,P1-fast-idle,640,1023,0,1,2,0.0
228834417165,P1-fast-idle,640,1023,0,1,2,0.0
228834586311,P1-fast-idle,640,1023,0,1,2,0.0
228834754885,P1-fast-idle,640,1023,0,1,2,0.0
228834922889,P1-fast-idle,640,1023,0,1,2,0.0
228835091614,P1-fast-idle,640,1023,0,1,2,0.0
228835259817,P1-fast-idle,641,1024,0,1,2,0.0
228835427811,P1-fast-idle,641,1024,0,1,2,0.0
228835598720,P1-fast-idle,641,1024,0,1,2,0.0
228835771392,P1-fast-idle,641,1024,0,1,2,0.0
228835939525,P1-fast-idle,641,1024,0,1,2,0.0
228836108491,P1-fast-idle,641,1024,0,1,2,0.0
228836278749,P1-fast-idle,641,1024,0,1,2,0.0
228836455719,P1-fast-idle,642,1025,0,1,2,0.0
228836627269,P1-fast-idle,642,1025,0,1,2,0.0
228836795453,P1-fast-idle,642,1025,0,1,2,0.0
228836963446,P1-fast-idle,642,1025,0,1,2,0.0
228837136118,P1-fast-idle,642,1025,0,1,2,0.0
228837304222,P1-fast-idle,642,1025,0,1,2,0.0
228837475101,P1-fast-idle,643,1026,0,1,2,0.0
228837643905,P1-fast-idle,643,1026,0,1,2,0.0
228837812019,P1-fast-idle,643,1026,0,1,2,0.0
228837980052,P1-fast-idle,643,1026,0,1,2,0.0
228838148968,P1-fast-idle,643,1026,0,1,2,0.0
228838316911,P1-fast-idle,643,1026,0,1,2,0.0
228838486778,P1-fast-idle,644,1027,0,1,2,0.0
228838655753,P1-fast-idle,644,1027,0,1,2,0.0
228838823626,P1-fast-idle,644,1027,0,1,2,0.0
228838995567,P1-fast-idle,644,1027,0,1,2,0.0
228839164923,P1-fast-idle,644,1027,0,1,2,0.0
228839333187,P1-fast-idle,644,1027,0,1,2,0.0
228839502483,P1-fast-idle,645,1029,0,1,2,0.0
228839678521,P1-fast-idle,645,1029,0,1,2,0.0
228839847036,P1-fast-idle,645,1029,0,1,2,0.0
228840015610,P1-fast-idle,645,1029,0,1,2,0.0
228840183814,P1-fast-idle,645,1029,0,1,2,0.0
228840351627,P1-fast-idle,645,1029,0,1,2,0.0
228840521013,P1-fast-idle,645,1029,0,1,2,0.0
228840691130,P1-fast-idle,646,1030,0,1,2,0.0
228840859424,P1-fast-idle,646,1030,0,1,2,0.0
228841028350,P1-fast-idle,646,1030,0,1,2,0.0
228841196153,P1-fast-idle,646,1030,0,1,2,0.0
228841363966,P1-fast-idle,646,1030,0,1,2,0.0
228841533121,P1-fast-idle,646,1030,0,1,2,0.0
228841702387,P1-fast-idle,647,1031,0,1,2,0.0
228841870511,P1-fast-idle,647,1031,0,1,2,0.0
228842039566,P1-fast-idle,647,1031,0,1,2,0.0
228842207039,P1-fast-idle,647,1031,0,1,2,0.0
228842379150,P1-fast-idle,647,1031,0,1,2,0.0
228842551792,P1-fast-idle,647,1031,0,1,2,0.0
228842721258,P1-fast-idle,648,1032,0,1,2,0.0
228842889833,P1-fast-idle,648,1032,0,1,2,0.0
228843058457,P1-fast-idle,648,1032,0,1,2,0.0
228843226771,P1-fast-idle,648,1032,0,1,2,0.0
228843394574,P1-fast-idle,648,1032,0,1,2,0.0
228843564101,P1-fast-idle,648,1032,0,1,2,0.0
228843732865,P1-fast-idle,648,1032,0,1,2,0.0
228843901350,P1-fast-idle,649,1033,0,1,2,0.0
228844070535,P1-fast-idle,649,1033,0,1,2,0.0
228844238619,P1-fast-idle,649,1033,0,1,2,0.0
228844406382,P1-fast-idle,649,1033,0,1,2,0.0
228844575718,P1-fast-idle,649,1033,0,1,2,0.0
228844744343,P1-fast-idle,649,1033,0,1,2,0.0
228844913017,P1-fast-idle,650,1034,0,1,2,0.0
228845081902,P1-fast-idle,650,1034,0,1,2,0.0
228845250006,P1-fast-idle,650,1034,0,1,2,0.0
228845417909,P1-fast-idle,650,1034,0,1,2,0.0
228845591172,P1-fast-idle,650,1034,0,1,2,0.0
228845760278,P1-fast-idle,650,1034,0,1,2,0.0
228845928983,P1-fast-idle,651,1035,0,1,2,0.0
228846098299,P1-fast-idle,651,1035,0,1,2,0.0
228846266402,P1-fast-idle,651,1035,0,1,2,0.0
228846439054,P1-fast-idle,651,1035,0,1,2,0.0
228846611215,P1-fast-idle,651,1035,0,1,2,0.0
228846780071,P1-fast-idle,651,1035,0,1,2,0.0
228846948946,P1-fast-idle,652,1036,0,1,2,0.0
228847117801,P1-fast-idle,652,1036,0,1,2,0.0
228847286085,P1-fast-idle,652,1036,0,1,2,0.0
228847463356,P1-fast-idle,652,1036,0,1,2,0.0
228847634645,P1-fast-idle,652,1036,0,1,2,0.0
228847802749,P1-fast-idle,652,1036,0,1,2,0.0
228847975210,P1-fast-idle,652,1036,0,1,2,0.0
228848145007,P1-fast-idle,653,1037,0,1,2,0.0
228848313161,P1-fast-idle,653,1037,0,1,2,0.0
228848482617,P1-fast-idle,653,1037,0,1,2,0.0
228848651512,P1-fast-idle,653,1037,0,1,2,0.0
228848819455,P1-fast-idle,653,1037,0,1,2,0.0
228848991326,P1-fast-idle,653,1037,0,1,2,0.0
228849160371,P1-fast-idle,654,1038,0,1,2,0.0
228849328184,P1-fast-idle,654,1038,0,1,2,0.0
228849497370,P1-fast-idle,654,1038,0,1,2,0.0
228849665895,P1-fast-idle,654,1038,0,1,2,0.0
228849833938,P1-fast-idle,654,1038,0,1,2,0.0
228850002042,P1-fast-idle,654,1038,0,1,2,0.0
228850170506,P1-fast-idle,655,1039,0,1,2,0.0
228850338660,P1-fast-idle,655,1039,0,1,2,0.0
228850511232,P1-fast-idle,655,1039,0,1,2,0.0
228850680157,P1-fast-idle,655,1039,0,1,2,0.0
228850847940,P1-fast-idle,655,1039,0,1,2,0.0
228851016675,P1-fast-idle,655,1039,0,1,2,0.0
228851184748,P1-fast-idle,655,1039,0,1,2,0.0
228851353383,P1-fast-idle,656,1040,0,1,2,0.0
228851522539,P1-fast-idle,656,1040,0,1,2,0.0
228851691123,P1-fast-idle,656,1040,0,1,2,0.0
228851858946,P1-fast-idle,656,1040,0,1,2,0.0
228852027821,P1-fast-idle,656,1040,0,1,2,0.0
228852199722,P1-fast-idle,656,1040,0,1,2,0.0
228852370941,P1-fast-idle,657,1041,0,1,2,0.0
228852541049,P1-fast-idle,657,1041,0,1,2,0.0
228852710024,P1-fast-idle,657,1041,0,1,2,0.0
228852878128,P1-fast-idle,657,1041,0,1,2,0.0
228853047053,P1-fast-idle,657,1041,0,1,2,0.0
228853215557,P1-fast-idle,657,1041,0,1,2,0.0
228853389983,P1-fast-idle,658,1042,0,1,2,0.0
228853560681,P1-fast-idle,658,1042,0,1,2,0.0
228853729306,P1-fast-idle,658,1042,0,1,2,0.0
228853897159,P1-fast-idle,658,1042,0,1,2,0.0
228854066134,P1-fast-idle,658,1042,0,1,2,0.0
228854234298,P1-fast-idle,658,1042,0,1,2,0.0
228854421793,P1-fast-idle,659,1043,0,1,2,0.0
228854599064,P1-fast-idle,659,1043,0,1,2,0.0
228854772317,P1-fast-idle,659,1043,0,1,2,0.0
228854945250,P1-fast-idle,659,1043,0,1,2,0.0
228855115818,P1-fast-idle,659,1043,0,1,2,0.0
228855285394,P1-fast-idle,659,1043,0,1,2,0.0
228855455441,P1-fast-idle,659,1043,0,1,2,0.0
228855631420,P1-fast-idle,660,1045,0,1,2,0.0
228855798732,P1-fast-idle,660,1045,0,1,2,0.0
228856019494,P1-fast-idle,660,1045,0,1,2,0.0
228856190463,P1-fast-idle,660,1045,0,1,2,0.0
228856361001,P1-fast-idle,660,1045,0,1,2,0.0
228856531159,P1-fast-idle,660,1045,0,1,2,0.0
228856700054,P1-fast-idle,661,1046,0,1,2,0.0
228856870612,P1-fast-idle,661,1046,0,1,2,0.0
228857041751,P1-fast-idle,661,1046,0,1,2,0.0
228857212369,P1-fast-idle,661,1046,0,1,2,0.0
228857382537,P1-fast-idle,661,1046,0,1,2,0.0
228857552805,P1-fast-idle,661,1046,0,1,2,0.0
228857723303,P1-fast-idle,662,1047,0,1,2,0.0
228857893721,P1-fast-idle,662,1047,0,1,2,0.0
228858064860,P1-fast-idle,662,1047,0,1,2,0.0
228858235248,P1-fast-idle,662,1047,0,1,2,0.0
228858406337,P1-fast-idle,662,1047,0,1,2,0.0
228858576645,P1-fast-idle,662,1047,0,1,2,0.0
228858747103,P1-fast-idle,663,1048,0,1,2,0.0
228858923502,P1-fast-idle,663,1048,0,1,2,0.0
228859094982,P1-fast-idle,663,1048,0,1,2,0.0
228859265490,P1-fast-idle,663,1048,0,1,2,0.0
228859436108,P1-fast-idle,663,1048,0,1,2,0.0
228859604202,P1-fast-idle,663,1048,0,1,2,0.0
228859775011,P1-fast-idle,664,1049,0,1,2,0.0
228859945829,P1-fast-idle,664,1049,0,1,2,0.0
228860118071,P1-fast-idle,664,1049,0,1,2,0.0
228860289120,P1-fast-idle,664,1049,0,1,2,0.0
228860459127,P1-fast-idle,664,1049,0,1,2,0.0
228860639163,P1-fast-idle,664,1049,0,1,2,0.0
228860824518,P1-fast-idle,665,1050,0,1,2,0.0
228860995217,P1-fast-idle,665,1050,0,1,2,0.0
228861166557,P1-fast-idle,665,1050,0,1,2,0.0
228861340752,P1-fast-idle,665,1050,0,1,2,0.0
228861511530,P1-fast-idle,665,1050,0,1,2,0.0
228861682690,P1-fast-idle,665,1050,0,1,2,0.0
228861853398,P1-fast-idle,665,1050,0,1,2,0.0
228862025189,P1-fast-idle,666,1051,0,1,2,0.0
228862196568,P1-fast-idle,666,1051,0,1,2,0.0
228862371445,P1-fast-idle,666,1051,0,1,2,0.0
228862542714,P1-fast-idle,666,1051,0,1,2,0.0
228862713713,P1-fast-idle,666,1051,0,1,2,0.0
228862884842,P1-fast-idle,666,1051,0,1,2,0.0
228863057314,P1-fast-idle,667,1052,0,1,2,0.0
228863223785,P1-fast-idle,667,1052,0,1,2,0.0
228863388903,P1-fast-idle,667,1052,0,1,2,0.0
228863554101,P1-fast-idle,667,1052,0,1,2,0.0
228863722435,P1-fast-idle,667,1052,0,1,2,0.0
228863890439,P1-fast-idle,667,1052,0,1,2,0.0
228864060406,P1-fast-idle,668,1053,0,1,2,0.0
228864229441,P1-fast-idle,668,1053,0,1,2,0.0
228864401963,P1-fast-idle,668,1053,0,1,2,0.0
228864570417,P1-fast-idle,668,1053,0,1,2,0.0
228864738741,P1-fast-idle,668,1053,0,1,2,0.0
228864906674,P1-fast-idle,668,1053,0,1,2,0.0
228865073977,P1-fast-idle,668,1053,0,1,2,0.0
228865240608,P1-fast-idle,669,1054,0,1,2,0.0
228865406658,P1-fast-idle,669,1054,0,1,2,0.0
228865576094,P1-fast-idle,669,1054,0,1,2,0.0
228865742524,P1-fast-idle,669,1054,0,1,2,0.0
228865908334,P1-fast-idle,669,1054,0,1,2,0.0
228866126450,P1-fast-idle,669,1054,0,1,2,0.0
228866295846,P1-fast-idle,670,1055,0,1,2,0.0
228866464441,P1-fast-idle,670,1055,0,1,2,0.0
228866632785,P1-fast-idle,670,1055,0,1,2,0.0
228866800939,P1-fast-idle,670,1055,0,1,2,0.0
228866969053,P1-fast-idle,670,1055,0,1,2,0.0
228867138128,P1-fast-idle,670,1055,0,1,2,0.0
228867306792,P1-fast-idle,671,1056,0,1,2,0.0
228867475257,P1-fast-idle,671,1056,0,1,2,0.0
228867643601,P1-fast-idle,671,1056,0,1,2,0.0
228867811574,P1-fast-idle,671,1056,0,1,2,0.0
228867979337,P1-fast-idle,671,1056,0,1,2,0.0
228868148383,P1-fast-idle,671,1056,0,1,2,0.0
228868317007,P1-fast-idle,672,1057,0,1,2,0.0
228868485892,P1-fast-idle,672,1057,0,1,2,0.0
228868654176,P1-fast-idle,672,1057,0,1,2,0.0
228868822460,P1-fast-idle,672,1057,0,1,2,0.0
228868994722,P1-fast-idle,672,1057,0,1,2,0.0
228869164017,P1-fast-idle,672,1057,0,1,2,0.0
228869332622,P1-fast-idle,672,1057,0,1,2,0.0
228869501627,P1-fast-idle,673,1058,0,1,2,0.0
228869670032,P1-fast-idle,673,1058,0,1,2,0.0
228869846461,P1-fast-idle,673,1058,0,1,2,0.0
228870013623,P1-fast-idle,673,1058,0,1,2,0.0
228870179783,P1-fast-idle,673,1058,0,1,2,0.0
228870345752,P1-fast-idle,673,1058,0,1,2,0.0
228870512083,P1-fast-idle,674,1059,0,1,2,0.0
228870679144,P1-fast-idle,674,1059,0,1,2,0.0
228870835340,P1-fast-idle,674,1059,0,1,2,0.0
228871006259,P1-fast-idle,674,1059,0,1,2,0.0
228871172830,P1-fast-idle,674,1059,0,1,2,0.0
228871338649,P1-fast-idle,674,1059,0,1,2,0.0
228871558840,P1-fast-idle,675,1061,0,1,2,0.0
228871728827,P1-fast-idle,675,1061,0,1,2,0.0
228871897282,P1-fast-idle,675,1061,0,1,2,0.0
228872064514,P1-fast-idle,675,1061,0,1,2,0.0
228872237016,P1-fast-idle,675,1061,0,1,2,0.0
228872468006,P1-fast-idle,675,1061,0,1,2,0.0
228872642522,P1-fast-idle,676,1062,0,1,2,0.0
228872811127,P1-fast-idle,676,1062,0,1,2,0.0
228872979020,P1-fast-idle,676,1062,0,1,2,0.0
228873148436,P1-fast-idle,676,1062,0,1,2,0.0
228873316389,P1-fast-idle,676,1062,0,1,2,0.0
228873486196,P1-fast-idle,676,1062,0,1,2,0.0
228873657375,P1-fast-idle,677,1063,0,1,2,0.0
228873826571,P1-fast-idle,677,1063,0,1,2,0.0
228873994645,P1-fast-idle,677,1063,0,1,2,0.0
228874163780,P1-fast-idle,677,1063,0,1,2,0.0
228874331453,P1-fast-idle,677,1063,0,1,2,0.0
228874500849,P1-fast-idle,677,1063,0,1,2,0.0
228874678631,P1-fast-idle,677,1063,0,1,2,0.0
228874851794,P1-fast-idle,678,1064,0,1,2,0.0
228875021120,P1-fast-idle,678,1064,0,1,2,0.0
228875194323,P1-fast-idle,678,1064,0,1,2,0.0
228875362827,P1-fast-idle,678,1064,0,1,2,0.0
228875532714,P1-fast-idle,678,1064,0,1,2,0.0
228875705387,P1-fast-idle,678,1064,0,1,2,0.0
228875876225,P1-fast-idle,679,1065,0,1,2,0.0
228876046593,P1-fast-idle,679,1065,0,1,2,0.0
228876214987,P1-fast-idle,679,1065,0,1,2,0.0
228876383432,P1-fast-idle,679,1065,0,1,2,0.0
228876556555,P1-fast-idle,679,1065,0,1,2,0.0
228876726572,P1-fast-idle,679,1065,0,1,2,0.0
228876896759,P1-fast-idle,680,1066,0,1,2,0.0
228877066616,P1-fast-idle,680,1066,0,1,2,0.0
228877234790,P1-fast-idle,680,1066,0,1,2,0.0
228877402533,P1-fast-idle,680,1066,0,1,2,0.0
228877572360,P1-fast-idle,680,1066,0,1,2,0.0
228877741265,P1-fast-idle,680,1066,0,1,2,0.0
228877910941,P1-fast-idle,681,1067,0,1,2,0.0
228878080948,P1-fast-idle,681,1067,0,1,2,0.0
228878249152,P1-fast-idle,681,1067,0,1,2,0.0
228878417216,P1-fast-idle,681,1067,0,1,2,0.0
228878587033,P1-fast-idle,681,1067,0,1,2,0.0
228878756018,P1-fast-idle,681,1067,0,1,2,0.0
228878933108,P1-fast-idle,681,1067,0,1,2,0.0
228879106752,P1-fast-idle,682,1068,0,1,2,0.0
228879275607,P1-fast-idle,682,1068,0,1,2,0.0
228879452217,P1-fast-idle,682,1068,0,1,2,0.0
228879623436,P1-fast-idle,682,1068,0,1,2,0.0
228879791831,P1-fast-idle,682,1068,0,1,2,0.0
228879959924,P1-fast-idle,682,1068,0,1,2,0.0
228880131053,P1-fast-idle,683,1069,0,1,2,0.0
228880300159,P1-fast-idle,683,1069,0,1,2,0.0
228880473643,P1-fast-idle,683,1069,0,1,2,0.0
228880646766,P1-fast-idle,683,1069,0,1,2,0.0
228880814949,P1-fast-idle,683,1069,0,1,2,0.0
228880982983,P1-fast-idle,683,1069,0,1,2,0.0
228881153801,P1-fast-idle,684,1070,0,1,2,0.0
228881322827,P1-fast-idle,684,1070,0,1,2,0.0
228881492564,P1-fast-idle,684,1070,0,1,2,0.0
228881669323,P1-fast-idle,684,1070,0,1,2,0.0
228881838409,P1-fast-idle,684,1070,0,1,2,0.0
228882006793,P1-fast-idle,684,1070,0,1,2,0.0
228882177632,P1-fast-idle,685,1071,0,1,2,0.0
228882350865,P1-fast-idle,685,1071,0,1,2,0.0
228882520932,P1-fast-idle,685,1071,0,1,2,0.0
228882690889,P1-fast-idle,685,1071,0,1,2,0.0
228882858822,P1-fast-idle,685,1071,0,1,2,0.0
228883027147,P1-fast-idle,685,1071,0,1,2,0.0
228883204387,P1-fast-idle,685,1071,0,1,2,0.0
228883377430,P1-fast-idle,686,1072,0,1,2,0.0
228883547417,P1-fast-idle,686,1072,0,1,2,0.0
228883715992,P1-fast-idle,686,1072,0,1,2,0.0
228883883995,P1-fast-idle,686,1072,0,1,2,0.0
228884052440,P1-fast-idle,686,1072,0,1,2,0.0
228884220463,P1-fast-idle,686,1072,0,1,2,0.0
228884391292,P1-fast-idle,687,1073,0,1,2,0.0
228884561810,P1-fast-idle,687,1073,0,1,2,0.0
228884730945,P1-fast-idle,687,1073,0,1,2,0.0
228884899480,P1-fast-idle,687,1073,0,1,2,0.0
228885067614,P1-fast-idle,687,1073,0,1,2,0.0
228885235607,P1-fast-idle,687,1073,0,1,2,0.0
228885406125,P1-fast-idle,688,1074,0,1,2,0.0
228885579899,P1-fast-idle,688,1074,0,1,2,0.0
228885748834,P1-fast-idle,688,1074,0,1,2,0.0
228885916908,P1-fast-idle,688,1074,0,1,2,0.0
228886088648,P1-fast-idle,688,1074,0,1,2,0.0
228886256973,P1-fast-idle,688,1074,0,1,2,0.0
228886433978,P1-fast-idle,689,1075,0,1,2,0.0
228886607291,P1-fast-idle,689,1075,0,1,2,0.0
228886776377,P1-fast-idle,689,1075,0,1,2,0.0
228886944971,P1-fast-idle,689,1075,0,1,2,0.0
228887115028,P1-fast-idle,689,1075,0,1,2,0.0
228887284294,P1-fast-idle,689,1075,0,1,2,0.0
228887452769,P1-fast-idle,689,1075,0,1,2,0.0
228887621554,P1-fast-idle,690,1077,0,1,2,0.0
228887790178,P1-fast-idle,690,1077,0,1,2,0.0
228887958312,P1-fast-idle,690,1077,0,1,2,0.0
228888127457,P1-fast-idle,690,1077,0,1,2,0.0
228888295742,P1-fast-idle,690,1077,0,1,2,0.0
228888463855,P1-fast-idle,690,1077,0,1,2,0.0
228888632510,P1-fast-idle,691,1078,0,1,2,0.0
228888800593,P1-fast-idle,691,1078,0,1,2,0.0
228888973336,P1-fast-idle,691,1078,0,1,2,0.0
228889142431,P1-fast-idle,691,1078,0,1,2,0.0
228889310495,P1-fast-idle,691,1078,0,1,2,0.0
228889478598,P1-fast-idle,691,1078,0,1,2,0.0
228889647644,P1-fast-idle,692,1079,0,1,2,0.0
228889816158,P1-fast-idle,692,1079,0,1,2,0.0
228889984412,P1-fast-idle,692,1079,0,1,2,0.0
228890153097,P1-fast-idle,692,1079,0,1,2,0.0
228890320800,P1-fast-idle,692,1079,0,1,2,0.0
228890493382,P1-fast-idle,692,1079,0,1,2,0.0
228890661966,P1-fast-idle,692,1079,0,1,2,0.0
228890830400,P1-fast-idle,693,1080,0,1,2,0.0
228890999135,P1-fast-idle,693,1080,0,1,2,0.0
228891167700,P1-fast-idle,693,1080,0,1,2,0.0
228891336124,P1-fast-idle,693,1080,0,1,2,0.0
228891508225,P1-fast-idle,693,1080,0,1,2,0.0
228891676549,P1-fast-idle,693,1080,0,1,2,0.0
228891845394,P1-fast-idle,694,1081,0,1,2,0.0
228892015081,P1-fast-idle,694,1081,0,1,2,0.0
228892186360,P1-fast-idle,694,1081,0,1,2,0.0
228892354875,P1-fast-idle,694,1081,0,1,2,0.0
228892528088,P1-fast-idle,694,1081,0,1,2,0.0
228892698937,P1-fast-idle,694,1081,0,1,2,0.0
228892868122,P1-fast-idle,695,1082,0,1,2,0.0
228893037528,P1-fast-idle,695,1082,0,1,2,0.0
228893206413,P1-fast-idle,695,1082,0,1,2,0.0
228893374807,P1-fast-idle,695,1082,0,1,2,0.0
228893543181,P1-fast-idle,695,1082,0,1,2,0.0
228893711195,P1-fast-idle,695,1082,0,1,2,0.0
228893879639,P1-fast-idle,695,1082,0,1,2,0.0
228894053664,P1-fast-idle,696,1083,0,1,2,0.0
228894222239,P1-fast-idle,696,1083,0,1,2,0.0
228894390312,P1-fast-idle,696,1083,0,1,2,0.0
228894558606,P1-fast-idle,696,1083,0,1,2,0.0
228894726880,P1-fast-idle,696,1083,0,1,2,0.0
228894895004,P1-fast-idle,696,1083,0,1,2,0.0
228895064510,P1-fast-idle,697,1084,0,1,2,0.0
228895233185,P1-fast-idle,697,1084,0,1,2,0.0
228895401158,P1-fast-idle,697,1084,0,1,2,0.0
228895573179,P1-fast-idle,697,1084,0,1,2,0.0
228895741443,P1-fast-idle,697,1084,0,1,2,0.0
228895909617,P1-fast-idle,697,1084,0,1,2,0.0
228896075827,P1-fast-idle,698,1085,0,1,2,0.0
228896237353,P1-fast-idle,698,1085,0,1,2,0.0
228896425805,P1-fast-idle,698,1085,0,1,2,0.0
228896600400,P1-fast-idle,698,1085,0,1,2,0.0
228896770648,P1-fast-idle,698,1085,0,1,2,0.0
228896944913,P1-fast-idle,698,1085,0,1,2,0.0
228897122364,P1-fast-idle,699,1086,0,1,2,0.0
228897293794,P1-fast-idle,699,1086,0,1,2,0.0
228897472407,P1-fast-idle,699,1086,0,1,2,0.0
228897643557,P1-fast-idle,699,1086,0,1,2,0.0
228897814165,P1-fast-idle,699,1086,0,1,2,0.0
228897984522,P1-fast-idle,699,1086,0,1,2,0.0
228898168626,P1-fast-idle,699,1086,0,1,2,0.0
228898341148,P1-fast-idle,700,1087,0,1,2,0.0
228898513279,P1-fast-idle,700,1087,0,1,2,0.0
228898684398,P1-fast-idle,700,1087,0,1,2,0.0
228898859064,P1-fast-idle,700,1087,0,1,2,0.0
228899030113,P1-fast-idle,700,1087,0,1,2,0.0
228899200261,P1-fast-idle,700,1087,0,1,2,0.0
228899373163,P1-fast-idle,701,1088,0,1,2,0.0
228899546026,P1-fast-idle,701,1088,0,1,2,0.0
228899717055,P1-fast-idle,701,1088,0,1,2,0.0
228899887343,P1-fast-idle,701,1088,0,1,2,0.0
228900058442,P1-fast-idle,701,1088,0,1,2,0.0
228900228749,P1-fast-idle,701,1088,0,1,2,0.0
228900401371,P1-fast-idle,702,1089,0,1,2,0.0
228900573012,P1-fast-idle,702,1089,0,1,2,0.0
228900743861,P1-fast-idle,702,1089,0,1,2,0.0
228900913978,P1-fast-idle,702,1089,0,1,2,0.0
228901085368,P1-fast-idle,702,1089,0,1,2,0.0
228901255315,P1-fast-idle,702,1089,0,1,2,0.0
228901427366,P1-fast-idle,703,1090,0,1,2,0.0
228901599918,P1-fast-idle,703,1090,0,1,2,0.0
228901770857,P1-fast-idle,703,1090,0,1,2,0.0
228901940593,P1-fast-idle,703,1090,0,1,2,0.0
228902111302,P1-fast-idle,703,1090,0,1,2,0.0
228902286138,P1-fast-idle,703,1090,0,1,2,0.0
228902466314,P1-fast-idle,704,1092,0,1,2,0.0
228902636993,P1-fast-idle,704,1092,0,1,2,0.0
228902805347,P1-fast-idle,704,1092,0,1,2,0.0
228902973821,P1-fast-idle,704,1092,0,1,2,0.0
228903141103,P1-fast-idle,704,1092,0,1,2,0.0
228903307103,P1-fast-idle,704,1092,0,1,2,0.0
228903456216,P1-fast-idle,704,1092,0,1,2,0.0
228903631473,P1-fast-idle,705,1093,0,1,2,0.0
228903800809,P1-fast-idle,705,1093,0,1,2,0.0
228903968833,P1-fast-idle,705,1093,0,1,2,0.0
228904138099,P1-fast-idle,705,1093,0,1,2,0.0
228904306573,P1-fast-idle,705,1093,0,1,2,0.0
228904474737,P1-fast-idle,705,1093,0,1,2,0.0
228904643642,P1-fast-idle,706,1094,0,1,2,0.0
228904816023,P1-fast-idle,706,1094,0,1,2,0.0
228904984407,P1-fast-idle,706,1094,0,1,2,0.0
228905154044,P1-fast-idle,706,1094,0,1,2,0.0
228905322068,P1-fast-idle,706,1094,0,1,2,0.0
228905493748,P1-fast-idle,706,1094,0,1,2,0.0
228905662944,P1-fast-idle,707,1095,0,1,2,0.0
228905831217,P1-fast-idle,707,1095,0,1,2,0.0
228905999080,P1-fast-idle,707,1095,0,1,2,0.0
228906166092,P1-fast-idle,707,1095,0,1,2,0.0
228906310156,P1-fast-idle,707,1095,0,1,2,0.0
228906452246,P1-fast-idle,707,1095,0,1,2,0.0
228906621562,P1-fast-idle,707,1095,0,1,2,0.0
228906790277,P1-fast-idle,708,1096,0,1,2,0.0
228906958441,P1-fast-idle,708,1096,0,1,2,0.0
228907127125,P1-fast-idle,708,1096,0,1,2,0.0
228907295499,P1-fast-idle,708,1096,0,1,2,0.0
228907463953,P1-fast-idle,708,1096,0,1,2,0.0
228907632177,P1-fast-idle,708,1096,0,1,2,0.0
228907805581,P1-fast-idle,709,1097,0,1,2,0.0
228907974646,P1-fast-idle,709,1097,0,1,2,0.0
228908143822,P1-fast-idle,709,1097,0,1,2,0.0
228908311895,P1-fast-idle,709,1097,0,1,2,0.0
228908479919,P1-fast-idle,709,1097,0,1,2,0.0
228908648063,P1-fast-idle,709,1097,0,1,2,0.0
228908819583,P1-fast-idle,709,1097,0,1,2,0.0
228908988688,P1-fast-idle,710,1098,0,1,2,0.0
228909158004,P1-fast-idle,710,1098,0,1,2,0.0
228909325857,P1-fast-idle,710,1098,0,1,2,0.0
228909494081,P1-fast-idle,710,1098,0,1,2,0.0
228909662165,P1-fast-idle,710,1098,0,1,2,0.0
228909830388,P1-fast-idle,710,1098,0,1,2,0.0
228909999133,P1-fast-idle,711,1099,0,1,2,0.0
228910168399,P1-fast-idle,711,1099,0,1,2,0.0
228910336303,P1-fast-idle,711,1099,0,1,2,0.0
228910504606,P1-fast-idle,711,1099,0,1,2,0.0
228910672960,P1-fast-idle,711,1099,0,1,2,0.0
228910841174,P1-fast-idle,711,1099,0,1,2,0.0
228911010280,P1-fast-idle,712,1100,0,1,2,0.0
228911178434,P1-fast-idle,712,1100,0,1,2,0.0
228911346708,P1-fast-idle,712,1100,0,1,2,0.0
228911514551,P1-fast-idle,712,1100,0,1,2,0.0
228911682785,P1-fast-idle,712,1100,0,1,2,0.0
228911851229,P1-fast-idle,712,1100,0,1,2,0.0
228912023891,P1-fast-idle,712,1100,0,1,2,0.0
228912193036,P1-fast-idle,713,1101,0,1,2,0.0
228912361321,P1-fast-idle,713,1101,0,1,2,0.0
228912529504,P1-fast-idle,713,1101,0,1,2,0.0
228912705152,P1-fast-idle,713,1101,0,1,2,0.0
228912875560,P1-fast-idle,713,1101,0,1,2,0.0
228913044826,P1-fast-idle,713,1101,0,1,2,0.0
228913217688,P1-fast-idle,714,1102,0,1,2,0.0
228913385992,P1-fast-idle,714,1102,0,1,2,0.0
228913554346,P1-fast-idle,714,1102,0,1,2,0.0
228913722430,P1-fast-idle,714,1102,0,1,2,0.0
228913890503,P1-fast-idle,714,1102,0,1,2,0.0
228914059669,P1-fast-idle,714,1102,0,1,2,0.0
228914228374,P1-fast-idle,715,1103,0,1,2,0.0
228914396608,P1-fast-idle,715,1103,0,1,2,0.0
228914564922,P1-fast-idle,715,1103,0,1,2,0.0
228914732805,P1-fast-idle,715,1103,0,1,2,0.0
228914900848,P1-fast-idle,715,1103,0,1,2,0.0
228915070064,P1-fast-idle,715,1103,0,1,2,0.0
228915238328,P1-fast-idle,715,1103,0,1,2,0.0
228915410730,P1-fast-idle,716,1104,0,1,2,0.0
228915582410,P1-fast-idle,716,1104,0,1,2,0.0
228915751195,P1-fast-idle,716,1104,0,1,2,0.0
228915919128,P1-fast-idle,716,1104,0,1,2,0.0
228916086270,P1-fast-idle,716,1104,0,1,2,0.0
228916252450,P1-fast-idle,716,1104,0,1,2,0.0
228916383229,P1-fast-idle,717,1105,0,1,2,0.0
228916556162,P1-fast-idle,717,1105,0,1,2,0.0
228916725447,P1-fast-idle,717,1105,0,1,2,0.0
228916893801,P1-fast-idle,717,1105,0,1,2,0.0
228917061084,P1-fast-idle,717,1105,0,1,2,0.0
228917227344,P1-fast-idle,717,1105,0,1,2,0.0
228917414663,P1-fast-idle,718,1106,0,1,2,0.0
228917587305,P1-fast-idle,718,1106,0,1,2,0.0
228917758154,P1-fast-idle,718,1106,0,1,2,0.0
228917928642,P1-fast-idle,718,1106,0,1,2,0.0
228918099260,P1-fast-idle,718,1106,0,1,2,0.0
228918269358,P1-fast-idle,718,1106,0,1,2,0.0
228918448572,P1-fast-idle,718,1106,0,1,2,0.0
228918625062,P1-fast-idle,719,1108,0,1,2,0.0
228918796081,P1-fast-idle,719,1108,0,1,2,0.0
228918966068,P1-fast-idle,719,1108,0,1,2,0.0
228919136937,P1-fast-idle,719,1108,0,1,2,0.0
228919307565,P1-fast-idle,719,1108,0,1,2,0.0
228919477512,P1-fast-idle,719,1108,0,1,2,0.0
228919649483,P1-fast-idle,720,1109,0,1,2,0.0
228919820532,P1-fast-idle,720,1109,0,1,2,0.0
228919990910,P1-fast-idle,720,1109,0,1,2,0.0
228920161809,P1-fast-idle,720,1109,0,1,2,0.0
228920331756,P1-fast-idle,720,1109,0,1,2,0.0
228920501803,P1-fast-idle,720,1109,0,1,2,0.0
228920674234,P1-fast-idle,721,1110,0,1,2,0.0
228920845244,P1-fast-idle,721,1110,0,1,2,0.0
228921016112,P1-fast-idle,721,1110,0,1,2,0.0
228921186140,P1-fast-idle,721,1110,0,1,2,0.0
228921355997,P1-fast-idle,721,1110,0,1,2,0.0
228921525773,P1-fast-idle,721,1110,0,1,2,0.0
228921701731,P1-fast-idle,722,1111,0,1,2,0.0
228921872991,P1-fast-idle,722,1111,0,1,2,0.0
228922048308,P1-fast-idle,722,1111,0,1,2,0.0
228922218666,P1-fast-idle,722,1111,0,1,2,0.0
228922389294,P1-fast-idle,722,1111,0,1,2,0.0
228922559592,P1-fast-idle,722,1111,0,1,2,0.0
228922737354,P1-fast-idle,722,1111,0,1,2,0.0
228922909856,P1-fast-idle,723,1112,0,1,2,0.0
228923081405,P1-fast-idle,723,1112,0,1,2,0.0
228923251703,P1-fast-idle,723,1112,0,1,2,0.0
228923422171,P1-fast-idle,723,1112,0,1,2,0.0
228923592679,P1-fast-idle,723,1112,0,1,2,0.0
228923763067,P1-fast-idle,723,1112,0,1,2,0.0
228923938805,P1-fast-idle,724,1113,0,1,2,0.0
228924110656,P1-fast-idle,724,1113,0,1,2,0.0
228924280663,P1-fast-idle,724,1113,0,1,2,0.0
228924450740,P1-fast-idle,724,1113,0,1,2,0.0
228924620757,P1-fast-idle,724,1113,0,1,2,0.0
228924790785,P1-fast-idle,724,1113,0,1,2,0.0
228924962946,P1-fast-idle,725,1114,0,1,2,0.0
228925134486,P1-fast-idle,725,1114,0,1,2,0.0
228925308350,P1-fast-idle,725,1114,0,1,2,0.0
228925478718,P1-fast-idle,725,1114,0,1,2,0.0
228925649026,P1-fast-idle,725,1114,0,1,2,0.0
228925818923,P1-fast-idle,725,1114,0,1,2,0.0
228925990653,P1-fast-idle,726,1115,0,1,2,0.0
228926162674,P1-fast-idle,726,1115,0,1,2,0.0
228926332952,P1-fast-idle,726,1115,0,1,2,0.0
228926506927,P1-fast-idle,726,1115,0,1,2,0.0
228926677725,P1-fast-idle,726,1115,0,1,2,0.0
228926848073,P1-fast-idle,726,1115,0,1,2,0.0
228927030564,P1-fast-idle,726,1115,0,1,2,0.0
228927205069,P1-fast-idle,727,1116,0,1,2,0.0
228927375467,P1-fast-idle,727,1116,0,1,2,0.0
228927545915,P1-fast-idle,727,1116,0,1,2,0.0
228927716584,P1-fast-idle,727,1116,0,1,2,0.0
228927886550,P1-fast-idle,727,1116,0,1,2,0.0
228928057209,P1-fast-idle,727,1116,0,1,2,0.0
228928229049,P1-fast-idle,728,1117,0,1,2,0.0
228928400008,P1-fast-idle,728,1117,0,1,2,0.0
228928570366,P1-fast-idle,728,1117,0,1,2,0.0
228928744722,P1-fast-idle,728,1117,0,1,2,0.0
228928914759,P1-fast-idle,728,1117,0,1,2,0.0
228929085498,P1-fast-idle,728,1117,0,1,2,0.0
228929256887,P1-fast-idle,729,1118,0,1,2,0.0
228929431272,P1-fast-idle,729,1118,0,1,2,0.0
228929601811,P1-fast-idle,729,1118,0,1,2,0.0
228929771918,P1-fast-idle,729,1118,0,1,2,0.0
228929941805,P1-fast-idle,729,1118,0,1,2,0.0
228930121781,P1-fast-idle,729,1118,0,1,2,0.0
228930293772,P1-fast-idle,730,1119,0,1,2,0.0
228930464470,P1-fast-idle,730,1119,0,1,2,0.0
228930634778,P1-fast-idle,730,1119,0,1,2,0.0
228930805116,P1-fast-idle,730,1119,0,1,2,0.0
228930975183,P1-fast-idle,730,1119,0,1,2,0.0
228931146463,P1-fast-idle,730,1119,0,1,2,0.0
228931327290,P1-fast-idle,731,1120,0,1,2,0.0
228931499291,P1-fast-idle,731,1120,0,1,2,0.0
228931669579,P1-fast-idle,731,1120,0,1,2,0.0
228931839726,P1-fast-idle,731,1120,0,1,2,0.0
228932018930,P1-fast-idle,731,1120,0,1,2,0.0
228932189308,P1-fast-idle,731,1120,0,1,2,0.0
228932364595,P1-fast-idle,731,1120,0,1,2,0.0
228932537047,P1-fast-idle,732,1121,0,1,2,0.0
228932708186,P1-fast-idle,732,1121,0,1,2,0.0
228932878835,P1-fast-idle,732,1121,0,1,2,0.0
228933049734,P1-fast-idle,732,1121,0,1,2,0.0
228933220121,P1-fast-idle,732,1121,0,1,2,0.0
228933390619,P1-fast-idle,732,1121,0,1,2,0.0
228933562720,P1-fast-idle,733,1123,0,1,2,0.0
228933733750,P1-fast-idle,733,1123,0,1,2,0.0
228933904188,P1-fast-idle,733,1123,0,1,2,0.0
228934075648,P1-fast-idle,733,1123,0,1,2,0.0
228934245805,P1-fast-idle,733,1123,0,1,2,0.0
228934415552,P1-fast-idle,733,1123,0,1,2,0.0
228934587803,P1-fast-idle,734,1124,0,1,2,0.0
228934758922,P1-fast-idle,734,1124,0,1,2,0.0
228934933258,P1-fast-idle,734,1124,0,1,2,0.0
228935104677,P1-fast-idle,734,1124,0,1,2,0.0
228935275065,P1-fast-idle,734,1124,0,1,2,0.0
228935448790,P1-fast-idle,734,1124,0,1,2,0.0
228935620430,P1-fast-idle,735,1125,0,1,2,0.0
228935792350,P1-fast-idle,735,1125,0,1,2,0.0
228935962458,P1-fast-idle,735,1125,0,1,2,0.0
228936133086,P1-fast-idle,735,1125,0,1,2,0.0
228936303053,P1-fast-idle,735,1125,0,1,2,0.0
228936472780,P1-fast-idle,735,1125,0,1,2,0.0
228936651543,P1-fast-idle,735,1125,0,1,2,0.0
228936824025,P1-fast-idle,736,1126,0,1,2,0.0
228936994834,P1-fast-idle,736,1126,0,1,2,0.0
228937166304,P1-fast-idle,736,1126,0,1,2,0.0
228937336361,P1-fast-idle,736,1126,0,1,2,0.0
228937510777,P1-fast-idle,736,1126,0,1,2,0.0
228937681315,P1-fast-idle,736,1126,0,1,2,0.0
228937853015,P1-fast-idle,737,1127,0,1,2,0.0
228938024435,P1-fast-idle,737,1127,0,1,2,0.0
228938194943,P1-fast-idle,737,1127,0,1,2,0.0
228938367925,P1-fast-idle,737,1127,0,1,2,0.0
228938538083,P1-fast-idle,737,1127,0,1,2,0.0
228938712068,P1-fast-idle,737,1127,0,1,2,0.0
228938884259,P1-fast-idle,738,1128,0,1,2,0.0
228939055669,P1-fast-idle,738,1128,0,1,2,0.0
228939226157,P1-fast-idle,738,1128,0,1,2,0.0
228939396244,P1-fast-idle,738,1128,0,1,2,0.0
228939566332,P1-fast-idle,738,1128,0,1,2,0.0
228939736338,P1-fast-idle,738,1128,0,1,2,0.0
228939908109,P1-fast-idle,739,1129,0,1,2,0.0
228940079669,P1-fast-idle,739,1129,0,1,2,0.0
228940250007,P1-fast-idle,739,1129,0,1,2,0.0
228940424242,P1-fast-idle,739,1129,0,1,2,0.0
228940594660,P1-fast-idle,739,1129,0,1,2,0.0
228940764868,P1-fast-idle,739,1129,0,1,2,0.0
228940944192,P1-fast-idle,740,1130,0,1,2,0.0
228941119419,P1-fast-idle,740,1130,0,1,2,0.0
228941291280,P1-fast-idle,740,1130,0,1,2,0.0
228941461427,P1-fast-idle,740,1130,0,1,2,0.0
228941631374,P1-fast-idle,740,1130,0,1,2,0.0
228941801542,P1-fast-idle,740,1130,0,1,2,0.0
228941971579,P1-fast-idle,740,1130,0,1,2,0.0
228942147778,P1-fast-idle,741,1131,0,1,2,0.0
228942319598,P1-fast-idle,741,1131,0,1,2,0.0
228942490116,P1-fast-idle,741,1131,0,1,2,0.0
228942660464,P1-fast-idle,741,1131,0,1,2,0.0
228942830451,P1-fast-idle,741,1131,0,1,2,0.0
228943000468,P1-fast-idle,741,1131,0,1,2,0.0
228943173041,P1-fast-idle,742,1132,0,1,2,0.0
228943343739,P1-fast-idle,742,1132,0,1,2,0.0
228943513766,P1-fast-idle,742,1132,0,1,2,0.0
228943683803,P1-fast-idle,742,1132,0,1,2,0.0
228943853600,P1-fast-idle,742,1132,0,1,2,0.0
228944024669,P1-fast-idle,742,1132,0,1,2,0.0
228944196590,P1-fast-idle,743,1133,0,1,2,0.0
228944367038,P1-fast-idle,743,1133,0,1,2,0.0
228944537146,P1-fast-idle,743,1133,0,1,2,0.0
228944707353,P1-fast-idle,743,1133,0,1,2,0.0
228944877360,P1-fast-idle,743,1133,0,1,2,0.0
228945048079,P1-fast-idle,743,1133,0,1,2,0.0
228945228035,P1-fast-idle,744,1134,0,1,2,0.0
228945404754,P1-fast-idle,744,1134,0,1,2,0.0
228945574902,P1-fast-idle,744,1134,0,1,2,0.0
228945744919,P1-fast-idle,744,1134,0,1,2,0.0
228945918212,P1-fast-idle,744,1134,0,1,2,0.0
228946090013,P1-fast-idle,744,1134,0,1,2,0.0
228946261082,P1-fast-idle,744,1134,0,1,2,0.0
228946435848,P1-fast-idle,745,1135,0,1,2,0.0
228946604412,P1-fast-idle,745,1135,0,1,2,0.0
228946774329,P1-fast-idle,745,1135,0,1,2,0.0
228946944317,P1-fast-idle,745,1135,0,1,2,0.0
228947114804,P1-fast-idle,745,1135,0,1,2,0.0
228947285002,P1-fast-idle,745,1135,0,1,2,0.0
228947456762,P1-fast-idle,746,1136,0,1,2,0.0
228947628182,P1-fast-idle,746,1136,0,1,2,0.0
228947798059,P1-fast-idle,746,1136,0,1,2,0.0
228947967976,P1-fast-idle,746,1136,0,1,2,0.0
228948138534,P1-fast-idle,746,1136,0,1,2,0.0
228948312259,P1-fast-idle,746,1136,0,1,2,0.0
228948483939,P1-fast-idle,747,1137,0,1,2,0.0
228948655128,P1-fast-idle,747,1137,0,1,2,0.0
228948830345,P1-fast-idle,747,1137,0,1,2,0.0
228949000743,P1-fast-idle,747,1137,0,1,2,0.0
228949171502,P1-fast-idle,747,1137,0,1,2,0.0
228949341689,P1-fast-idle,747,1137,0,1,2,0.0
228949519361,P1-fast-idle,748,1139,0,1,2,0.0
228949690610,P1-fast-idle,748,1139,0,1,2,0.0
228949861028,P1-fast-idle,748,1139,0,1,2,0.0
228950032268,P1-fast-idle,748,1139,0,1,2,0.0
228950202084,P1-fast-idle,748,1139,0,1,2,0.0
228950372142,P1-fast-idle,748,1139,0,1,2,0.0
228950547890,P1-fast-idle,748,1139,0,1,2,0.0
228950720452,P1-fast-idle,749,1140,0,1,2,0.0
228950891551,P1-fast-idle,749,1140,0,1,2,0.0
228951062490,P1-fast-idle,749,1140,0,1,2,0.0
228951232507,P1-fast-idle,749,1140,0,1,2,0.0
228951406782,P1-fast-idle,749,1140,0,1,2,0.0
228951577080,P1-fast-idle,749,1140,0,1,2,0.0
228951749021,P1-fast-idle,750,1141,0,1,2,0.0
228951920260,P1-fast-idle,750,1141,0,1,2,0.0
228952094856,P1-fast-idle,750,1141,0,1,2,0.0
228952265404,P1-fast-idle,750,1141,0,1,2,0.0
228952435571,P1-fast-idle,750,1141,0,1,2,0.0
228952604286,P1-fast-idle,750,1141,0,1,2,0.0
228952776347,P1-fast-idle,751,1142,0,1,2,0.0
228952947066,P1-fast-idle,751,1142,0,1,2,0.0
228953119007,P1-fast-idle,751,1142,0,1,2,0.0
228953289384,P1-fast-idle,751,1142,0,1,2,0.0
228953460714,P1-fast-idle,751,1142,0,1,2,0.0
228953630751,P1-fast-idle,751,1142,0,1,2,0.0
228953803514,P1-fast-idle,752,1143,0,1,2,0.0
228953974793,P1-fast-idle,752,1143,0,1,2,0.0
228954145672,P1-fast-idle,752,1143,0,1,2,0.0
228954315309,P1-fast-idle,752,1143,0,1,2,0.0
228954484714,P1-fast-idle,752,1143,0,1,2,0.0
228954654602,P1-fast-idle,752,1143,0,1,2,0.0
228954833175,P1-fast-idle,752,1143,0,1,2,0.0
228955005456,P1-fast-idle,753,1144,0,1,2,0.0
228955176886,P1-fast-idle,753,1144,0,1,2,0.0
228955346913,P1-fast-idle,753,1144,0,1,2,0.0
228955521319,P1-fast-idle,753,1144,0,1,2,0.0
228955691757,P1-fast-idle,753,1144,0,1,2,0.0
228955861924,P1-fast-idle,753,1144,0,1,2,0.0
228956034786,P1-fast-idle,754,1145,0,1,2,0.0
228956205996,P1-fast-idle,754,1145,0,1,2,0.0
228956376304,P1-fast-idle,754,1145,0,1,2,0.0
228956546271,P1-fast-idle,754,1145,0,1,2,0.0
228956715797,P1-fast-idle,754,1145,0,1,2,0.0
228956889982,P1-fast-idle,754,1145,0,1,2,0.0
228957063085,P1-fast-idle,755,1146,0,1,2,0.0
228957234465,P1-fast-idle,755,1146,0,1,2,0.0
228957404973,P1-fast-idle,755,1146,0,1,2,0.0
228957575321,P1-fast-idle,755,1146,0,1,2,0.0
228957745649,P1-fast-idle,755,1146,0,1,2,0.0
228957916036,P1-fast-idle,755,1146,0,1,2,0.0
228958087977,P1-fast-idle,756,1147,0,1,2,0.0
228958259047,P1-fast-idle,756,1147,0,1,2,0.0
228958429534,P1-fast-idle,756,1147,0,1,2,0.0
228958599702,P1-fast-idle,756,1147,0,1,2,0.0
228958773747,P1-fast-idle,756,1147,0,1,2,0.0
228958944105,P1-fast-idle,756,1147,0,1,2,0.0
228959127396,P1-fast-idle,756,1147,0,1,2,0.0
228959306581,P1-fast-idle,757,1148,0,1,2,0.0
228959477600,P1-fast-idle,757,1148,0,1,2,0.0
228959647988,P1-fast-idle,757,1148,0,1,2,0.0
228959817985,P1-fast-idle,757,1148,0,1,2,0.0
228959988112,P1-fast-idle,757,1148,0,1,2,0.0
228960159272,P1-fast-idle,757,1148,0,1,2,0.0
228960331182,P1-fast-idle,758,1149,0,1,2,0.0
228960502191,P1-fast-idle,758,1149,0,1,2,0.0
228960672970,P1-fast-idle,758,1149,0,1,2,0.0
228960848708,P1-fast-idle,758,1149,0,1,2,0.0
228961020168,P1-fast-idle,758,1149,0,1,2,0.0
228961190516,P1-fast-idle,758,1149,0,1,2,0.0
228961362336,P1-fast-idle,759,1150,0,1,2,0.0
228961533565,P1-fast-idle,759,1150,0,1,2,0.0
228961703723,P1-fast-idle,759,1150,0,1,2,0.0
228961873971,P1-fast-idle,759,1150,0,1,2,0.0
228962045100,P1-fast-idle,759,1150,0,1,2,0.0
228962221239,P1-fast-idle,759,1150,0,1,2,0.0
228962393680,P1-fast-idle,760,1151,0,1,2,0.0
228962564459,P1-fast-idle,760,1151,0,1,2,0.0
228962734646,P1-fast-idle,760,1151,0,1,2,0.0
228962904674,P1-fast-idle,760,1151,0,1,2,0.0
228963075222,P1-fast-idle,760,1151,0,1,2,0.0
228963245079,P1-fast-idle,760,1151,0,1,2,0.0
228963424664,P1-fast-idle,761,1152,0,1,2,0.0
228963598218,P1-fast-idle,761,1152,0,1,2,0.0
228963768606,P1-fast-idle,761,1152,0,1,2,0.0
228963938913,P1-fast-idle,761,1152,0,1,2,0.0
228964110403,P1-fast-idle,761,1152,0,1,2,0.0
228964280731,P1-fast-idle,761,1152,0,1,2,0.0
228964450778,P1-fast-idle,761,1152,0,1,2,0.0
228964623010,P1-fast-idle,762,1154,0,1,2,0.0
228964794359,P1-fast-idle,762,1154,0,1,2,0.0
228964964567,P1-fast-idle,762,1154,0,1,2,0.0
228965135576,P1-fast-idle,762,1154,0,1,2,0.0
228965306074,P1-fast-idle,762,1154,0,1,2,0.0
228965480289,P1-fast-idle,762,1154,0,1,2,0.0
228965652661,P1-fast-idle,763,1155,0,1,2,0.0
228965824101,P1-fast-idle,763,1155,0,1,2,0.0
228965994148,P1-fast-idle,763,1155,0,1,2,0.0
228966165417,P1-fast-idle,763,1155,0,1,2,0.0
228966335595,P1-fast-idle,763,1155,0,1,2,0.0
228966505882,P1-fast-idle,763,1155,0,1,2,0.0
228966677983,P1-fast-idle,764,1156,0,1,2,0.0
228966850205,P1-fast-idle,764,1156,0,1,2,0.0
228967021845,P1-fast-idle,764,1156,0,1,2,0.0
228967187033,P1-fast-idle,764,1156,0,1,2,0.0
228967351580,P1-fast-idle,764,1156,0,1,2,0.0
228967516828,P1-fast-idle,764,1156,0,1,2,0.0
228967692476,P1-fast-idle,764,1156,0,1,2,0.0
228967862724,P1-fast-idle,765,1157,0,1,2,0.0
228968023805,P1-fast-idle,765,1157,0,1,2,0.0
228968193030,P1-fast-idle,765,1157,0,1,2,0.0
228968360983,P1-fast-idle,765,1157,0,1,2,0.0
228968529107,P1-fast-idle,765,1157,0,1,2,0.0
228968696960,P1-fast-idle,765,1157,0,1,2,0.0
228968870484,P1-fast-idle,766,1158,0,1,2,0.0
228969041062,P1-fast-idle,766,1158,0,1,2,0.0
228969209417,P1-fast-idle,766,1158,0,1,2,0.0
228969377330,P1-fast-idle,766,1158,0,1,2,0.0
228969545974,P1-fast-idle,766,1158,0,1,2,0.0
228969714288,P1-fast-idle,766,1158,0,1,2,0.0
228969884276,P1-fast-idle,767,1159,0,1,2,0.0
228970054463,P1-fast-idle,767,1159,0,1,2,0.0
228970226935,P1-fast-idle,767,1159,0,1,2,0.0
228970395008,P1-fast-idle,767,1159,0,1,2,0.0
228970563372,P1-fast-idle,767,1159,0,1,2,0.0
228970731506,P1-fast-idle,767,1159,0,1,2,0.0
228970906773,P1-fast-idle,767,1159,0,1,2,0.0
228971079756,P1-fast-idle,768,1160,0,1,2,0.0
228971248341,P1-fast-idle,768,1160,0,1,2,0.0
228971416314,P1-fast-idle,768,1160,0,1,2,0.0
228971584307,P1-fast-idle,768,1160,0,1,2,0.0
228971752691,P1-fast-idle,768,1160,0,1,2,0.0
228971920695,P1-fast-idle,768,1160,0,1,2,0.0
228972094810,P1-fast-idle,769,1161,0,1,2,0.0
228972263945,P1-fast-idle,769,1161,0,1,2,0.0
228972432259,P1-fast-idle,769,1161,0,1,2,0.0
228972600323,P1-fast-idle,769,1161,0,1,2,0.0
228972768437,P1-fast-idle,769,1161,0,1,2,0.0
228972936821,P1-fast-idle,769,1161,0,1,2,0.0
228973110625,P1-fast-idle,770,1162,0,1,2,0.0
228973280041,P1-fast-idle,770,1162,0,1,2,0.0
228973448896,P1-fast-idle,770,1162,0,1,2,0.0
228973617290,P1-fast-idle,770,1162,0,1,2,0.0
228973786336,P1-fast-idle,770,1162,0,1,2,0.0
228973954429,P1-fast-idle,770,1162,0,1,2,0.0
228974131530,P1-fast-idle,771,1163,0,1,2,0.0
228974304001,P1-fast-idle,771,1163,0,1,2,0.0
228974472877,P1-fast-idle,771,1163,0,1,2,0.0
228974641100,P1-fast-idle,771,1163,0,1,2,0.0
228974809465,P1-fast-idle,771,1163,0,1,2,0.0
228974977819,P1-fast-idle,771,1163,0,1,2,0.0
228975146994,P1-fast-idle,771,1163,0,1,2,0.0
228975317382,P1-fast-idle,772,1164,0,1,2,0.0
228975490756,P1-fast-idle,772,1164,0,1,2,0.0
228975659611,P1-fast-idle,772,1164,0,1,2,0.0
228975827854,P1-fast-idle,772,1164,0,1,2,0.0
228975995978,P1-fast-idle,772,1164,0,1,2,0.0
228976162769,P1-fast-idle,772,1164,0,1,2,0.0
228976330462,P1-fast-idle,773,1165,0,1,2,0.0
228976497544,P1-fast-idle,773,1165,0,1,2,0.0
228976663363,P1-fast-idle,773,1165,0,1,2,0.0
228976829092,P1-fast-idle,773,1165,0,1,2,0.0
228977065944,P1-fast-idle,773,1165,0,1,2,0.0
228977242003,P1-fast-idle,773,1165,0,1,2,0.0
228977413072,P1-fast-idle,774,1166,0,1,2,0.0
228977582638,P1-fast-idle,774,1166,0,1,2,0.0
228977750572,P1-fast-idle,774,1166,0,1,2,0.0
228977918265,P1-fast-idle,774,1166,0,1,2,0.0
228978087089,P1-fast-idle,774,1166,0,1,2,0.0
228978255153,P1-fast-idle,774,1166,0,1,2,0.0
228978425381,P1-fast-idle,775,1167,0,1,2,0.0
228978598734,P1-fast-idle,775,1167,0,1,2,0.0
228978769833,P1-fast-idle,775,1167,0,1,2,0.0
228978938057,P1-fast-idle,775,1167,0,1,2,0.0
228979107303,P1-fast-idle,775,1167,0,1,2,0.0
228979275357,P1-fast-idle,775,1167,0,1,2,0.0
228979448099,P1-fast-idle,775,1167,0,1,2,0.0
228979620590,P1-fast-idle,776,1169,0,1,2,0.0
228979789736,P1-fast-idle,776,1169,0,1,2,0.0
228979957730,P1-fast-idle,776,1169,0,1,2,0.0
228980127115,P1-fast-idle,776,1169,0,1,2,0.0
228980295139,P1-fast-idle,776,1169,0,1,2,0.0
228980462942,P1-fast-idle,776,1169,0,1,2,0.0
228980633070,P1-fast-idle,777,1170,0,1,2,0.0
228980802005,P1-fast-idle,777,1170,0,1,2,0.0
228980970439,P1-fast-idle,777,1170,0,1,2,0.0
228981143532,P1-fast-idle,777,1170,0,1,2,0.0
228981311766,P1-fast-idle,777,1170,0,1,2,0.0
228981479619,P1-fast-idle,777,1170,0,1,2,0.0
228981649666,P1-fast-idle,778,1171,0,1,2,0.0
228981818802,P1-fast-idle,778,1171,0,1,2,0.0
228981986915,P1-fast-idle,778,1171,0,1,2,0.0
228982159918,P1-fast-idle,778,1171,0,1,2,0.0
228982328202,P1-fast-idle,778,1171,0,1,2,0.0
228982496215,P1-fast-idle,778,1171,0,1,2,0.0
228982673967,P1-fast-idle,778,1171,0,1,2,0.0
228982846910,P1-fast-idle,779,1172,0,1,2,0.0
228983016646,P1-fast-idle,779,1172,0,1,2,0.0
228983185251,P1-fast-idle,779,1172,0,1,2,0.0
228983353174,P1-fast-idle,779,1172,0,1,2,0.0
228983520957,P1-fast-idle,779,1172,0,1,2,0.0
228983688751,P1-fast-idle,779,1172,0,1,2,0.0
228983858888,P1-fast-idle,780,1173,0,1,2,0.0
228984035938,P1-fast-idle,780,1173,0,1,2,0.0
228984204262,P1-fast-idle,780,1173,0,1,2,0.0
228984371935,P1-fast-idle,780,1173,0,1,2,0.0
228984539848,P1-fast-idle,780,1173,0,1,2,0.0
228984707672,P1-fast-idle,780,1173,0,1,2,0.0
228984877899,P1-fast-idle,781,1174,0,1,2,0.0
228985047475,P1-fast-idle,781,1174,0,1,2,0.0
228985215409,P1-fast-idle,781,1174,0,1,2,0.0
228985387219,P1-fast-idle,781,1174,0,1,2,0.0
228985555884,P1-fast-idle,781,1174,0,1,2,0.0
228985724128,P1-fast-idle,781,1174,0,1,2,0.0
228985901990,P1-fast-idle,782,1175,0,1,2,0.0
228986073349,P1-fast-idle,782,1175,0,1,2,0.0
228986241593,P1-fast-idle,782,1175,0,1,2,0.0
228986410318,P1-fast-idle,782,1175,0,1,2,0.0
228986578642,P1-fast-idle,782,1175,0,1,2,0.0
228986746936,P1-fast-idle,782,1175,0,1,2,0.0
228986914850,P1-fast-idle,782,1175,0,1,2,0.0
228987085989,P1-fast-idle,783,1176,0,1,2,0.0
228987254974,P1-fast-idle,783,1176,0,1,2,0.0
228987423278,P1-fast-idle,783,1176,0,1,2,0.0
228987591422,P1-fast-idle,783,1176,0,1,2,0.0
228987759315,P1-fast-idle,783,1176,0,1,2,0.0
228987927208,P1-fast-idle,783,1176,0,1,2,0.0
228988097386,P1-fast-idle,784,1177,0,1,2,0.0
228988266481,P1-fast-idle,784,1177,0,1,2,0.0
228988435066,P1-fast-idle,784,1177,0,1,2,0.0
228988603169,P1-fast-idle,784,1177,0,1,2,0.0
228988775040,P1-fast-idle,784,1177,0,1,2,0.0
228988943504,P1-fast-idle,784,1177,0,1,2,0.0
228989116337,P1-fast-idle,785,1178,0,1,2,0.0
228989285633,P1-fast-idle,785,1178,0,1,2,0.0
228989457142,P1-fast-idle,785,1178,0,1,2,0.0
228989625777,P1-fast-idle,785,1178,0,1,2,0.0
228989793891,P1-fast-idle,785,1178,0,1,2,0.0
228989961864,P1-fast-idle,785,1178,0,1,2,0.0
228990130859,P1-fast-idle,785,1178,0,1,2,0.0
228990302750,P1-fast-idle,786,1179,0,1,2,0.0
228990471755,P1-fast-idle,786,1179,0,1,2,0.0
228990639659,P1-fast-idle,786,1179,0,1,2,0.0
228990807592,P1-fast-idle,786,1179,0,1,2,0.0
228990975666,P1-fast-idle,786,1179,0,1,2,0.0
228991144531,P1-fast-idle,786,1179,0,1,2,0.0
228991314648,P1-fast-idle,787,1180,0,1,2,0.0
228991484014,P1-fast-idle,787,1180,0,1,2,0.0
228991652859,P1-fast-idle,787,1180,0,1,2,0.0
228991824539,P1-fast-idle,787,1180,0,1,2,0.0
228991995649,P1-fast-idle,787,1180,0,1,2,0.0
228992164654,P1-fast-idle,787,1180,0,1,2,0.0
228992334481,P1-fast-idle,788,1181,0,1,2,0.0
228992503536,P1-fast-idle,788,1181,0,1,2,0.0
228992671810,P1-fast-idle,788,1181,0,1,2,0.0
228992840134,P1-fast-idle,788,1181,0,1,2,0.0
228993009049,P1-fast-idle,788,1181,0,1,2,0.0
228993177503,P1-fast-idle,788,1181,0,1,2,0.0
228993350617,P1-fast-idle,788,1181,0,1,2,0.0
228993523589,P1-fast-idle,789,1182,0,1,2,0.0
228993692564,P1-fast-idle,789,1182,0,1,2,0.0
228993860758,P1-fast-idle,789,1182,0,1,2,0.0
228994029483,P1-fast-idle,789,1182,0,1,2,0.0
228994197577,P1-fast-idle,789,1182,0,1,2,0.0
228994365280,P1-fast-idle,789,1182,0,1,2,0.0
228994535056,P1-fast-idle,790,1183,0,1,2,0.0
228994704262,P1-fast-idle,790,1183,0,1,2,0.0
228994876634,P1-fast-idle,790,1183,0,1,2,0.0
228995045669,P1-fast-idle,790,1183,0,1,2,0.0
228995213733,P1-fast-idle,790,1183,0,1,2,0.0
228995384952,P1-fast-idle,790,1183,0,1,2,0.0
228995555340,P1-fast-idle,791,1185,0,1,2,0.0
228995724365,P1-fast-idle,791,1185,0,1,2,0.0
228995892649,P1-fast-idle,791,1185,0,1,2,0.0
228996061675,P1-fast-idle,791,1185,0,1,2,0.0
228996229628,P1-fast-idle,791,1185,0,1,2,0.0
228996397581,P1-fast-idle,791,1185,0,1,2,0.0
228996574621,P1-fast-idle,791,1185,0,1,2,0.0
228996747083,P1-fast-idle,792,1186,0,1,2,0.0
228996916119,P1-fast-idle,792,1186,0,1,2,0.0
228997084703,P1-fast-idle,792,1186,0,1,2,0.0
228997252807,P1-fast-idle,792,1186,0,1,2,0.0
228997420960,P1-fast-idle,792,1186,0,1,2,0.0
228997589004,P1-fast-idle,792,1186,0,1,2,0.0
228997758621,P1-fast-idle,793,1187,0,1,2,0.0
228997927496,P1-fast-idle,793,1187,0,1,2,0.0
228998096421,P1-fast-idle,793,1187,0,1,2,0.0
228998264655,P1-fast-idle,793,1187,0,1,2,0.0
228998432117,P1-fast-idle,793,1187,0,1,2,0.0
228998605000,P1-fast-idle,793,1187,0,1,2,0.0
228998775057,P1-fast-idle,794,1188,0,1,2,0.0
228998944423,P1-fast-idle,794,1188,0,1,2,0.0
228999113659,P1-fast-idle,794,1188,0,1,2,0.0
228999281883,P1-fast-idle,794,1188,0,1,2,0.0
228999449766,P1-fast-idle,794,1188,0,1,2,0.0
228999617869,P1-fast-idle,794,1188,0,1,2,0.0
228999792665,P1-fast-idle,794,1188,0,1,2,0.0
228999965327,P1-fast-idle,795,1189,0,1,2,0.0
229000099122,P1-fast-idle,795,1189,0,1,2,0.0
229000276944,P1-fast-idle,795,1189,0,1,2,0.0
229000457150,P1-fast-idle,795,1189,0,1,2,0.0
229000629833,P1-fast-idle,795,1189,0,1,2,0.0
229000798367,P1-fast-idle,795,1189,0,1,2,0.0
229000967122,P1-fast-idle,796,1190,0,1,2,0.0
229001136979,P1-fast-idle,796,1190,0,1,2,0.0
229001305353,P1-fast-idle,796,1190,0,1,2,0.0
229001475711,P1-fast-idle,796,1190,0,1,2,0.0
229001644877,P1-fast-idle,796,1190,0,1,2,0.0
229001813391,P1-fast-idle,796,1190,0,1,2,0.0
229001986724,P1-fast-idle,797,1191,0,1,2,0.0
229002156641,P1-fast-idle,797,1191,0,1,2,0.0
229002325256,P1-fast-idle,797,1191,0,1,2,0.0
229002495073,P1-fast-idle,797,1191,0,1,2,0.0
229002667915,P1-fast-idle,797,1191,0,1,2,0.0
229002836249,P1-fast-idle,797,1191,0,1,2,0.0
229003005054,P1-fast-idle,798,1192,0,1,2,0.0
229003174971,P1-fast-idle,798,1192,0,1,2,0.0
229003343846,P1-fast-idle,798,1192,0,1,2,0.0
229003514525,P1-fast-idle,798,1192,0,1,2,0.0
229003683690,P1-fast-idle,798,1192,0,1,2,0.0
229003852495,P1-fast-idle,798,1192,0,1,2,0.0
229004021821,P1-fast-idle,798,1192,0,1,2,0.0
229004191388,P1-fast-idle,799,1193,0,1,2,0.0
229004360012,P1-fast-idle,799,1193,0,1,2,0.0
229004530140,P1-fast-idle,799,1193,0,1,2,0.0
229004699145,P1-fast-idle,799,1193,0,1,2,0.0
229004867469,P1-fast-idle,799,1193,0,1,2,0.0
229005036785,P1-fast-idle,799,1193,0,1,2,0.0
229005210108,P1-fast-idle,800,1194,0,1,2,0.0
229005378532,P1-fast-idle,800,1194,0,1,2,0.0
229005551655,P1-fast-idle,800,1194,0,1,2,0.0
229005720290,P1-fast-idle,800,1194,0,1,2,0.0
229005888814,P1-fast-idle,800,1194,0,1,2,0.0
229006057970,P1-fast-idle,800,1194,0,1,2,0.0
229006226374,P1-fast-idle,801,1195,0,1,2,0.0
229006394568,P1-fast-idle,801,1195,0,1,2,0.0
229006564275,P1-fast-idle,801,1195,0,1,2,0.0
229006732829,P1-fast-idle,801,1195,0,1,2,0.0
229006901103,P1-fast-idle,801,1195,0,1,2,0.0
229007046980,P1-fast-idle,801,1195,0,1,2,0.0
229007220694,P1-fast-idle,801,1195,0,1,2,0.0
229007393727,P1-fast-idle,802,1196,0,1,2,0.0
229007564946,P1-fast-idle,802,1196,0,1,2,0.0
229007735454,P1-fast-idle,802,1196,0,1,2,0.0
229007905472,P1-fast-idle,802,1196,0,1,2,0.0
229008076290,P1-fast-idle,802,1196,0,1,2,0.0
229008246628,P1-fast-idle,802,1196,0,1,2,0.0
229008418879,P1-fast-idle,803,1197,0,1,2,0.0
229008594758,P1-fast-idle,803,1197,0,1,2,0.0
229008765225,P1-fast-idle,803,1197,0,1,2,0.0
229008935353,P1-fast-idle,803,1197,0,1,2,0.0
229009106112,P1-fast-idle,803,1197,0,1,2,0.0
229009276199,P1-fast-idle,803,1197,0,1,2,0.0
229009449753,P1-fast-idle,804,1198,0,1,2,0.0
229009620692,P1-fast-idle,804,1198,0,1,2,0.0
229009790959,P1-fast-idle,804,1198,0,1,2,0.0
229009961167,P1-fast-idle,804,1198,0,1,2,0.0
229010131785,P1-fast-idle,804,1198,0,1,2,0.0
229010301712,P1-fast-idle,804,1198,0,1,2,0.0
229010479795,P1-fast-idle,804,1198,0,1,2,0.0
229010654791,P1-fast-idle,805,1200,0,1,2,0.0
229010825339,P1-fast-idle,805,1200,0,1,2,0.0
229010999674,P1-fast-idle,805,1200,0,1,2,0.0
229011170824,P1-fast-idle,805,1200,0,1,2,0.0
229011341242,P1-fast-idle,805,1200,0,1,2,0.0
229011511900,P1-fast-idle,805,1200,0,1,2,0.0
229011684231,P1-fast-idle,806,1201,0,1,2,0.0
229011858717,P1-fast-idle,806,1201,0,1,2,0.0
229012029726,P1-fast-idle,806,1201,0,1,2,0.0
229012199914,P1-fast-idle,806,1201,0,1,2,0.0
229012369931,P1-fast-idle,806,1201,0,1,2,0.0
229012540148,P1-fast-idle,806,1201,0,1,2,0.0
229012712370,P1-fast-idle,807,1202,0,1,2,0.0
229012883138,P1-fast-idle,807,1202,0,1,2,0.0
229013053737,P1-fast-idle,807,1202,0,1,2,0.0
229013224115,P1-fast-idle,807,1202,0,1,2,0.0
229013394482,P1-fast-idle,807,1202,0,1,2,0.0
229013568707,P1-fast-idle,807,1202,0,1,2,0.0
229013741349,P1-fast-idle,808,1203,0,1,2,0.0
229013912779,P1-fast-idle,808,1203,0,1,2,0.0
229014083839,P1-fast-idle,808,1203,0,1,2,0.0
229014254366,P1-fast-idle,808,1203,0,1,2,0.0
229014424414,P1-fast-idle,808,1203,0,1,2,0.0
229014594521,P1-fast-idle,808,1203,0,1,2,0.0
229014775789,P1-fast-idle,809,1204,0,1,2,0.0
229014948321,P1-fast-idle,809,1204,0,1,2,0.0
229015119771,P1-fast-idle,809,1204,0,1,2,0.0
229015294157,P1-fast-idle,809,1204,0,1,2,0.0
229015464554,P1-fast-idle,809,1204,0,1,2,0.0
229015634642,P1-fast-idle,809,1204,0,1,2,0.0
229015809548,P1-fast-idle,809,1204,0,1,2,0.0
229015982230,P1-fast-idle,810,1205,0,1,2,0.0
229016154431,P1-fast-idle,810,1205,0,1,2,0.0
229016324579,P1-fast-idle,810,1205,0,1,2,0.0
229016498614,P1-fast-idle,810,1205,0,1,2,0.0
229016668991,P1-fast-idle,810,1205,0,1,2,0.0
229016839009,P1-fast-idle,810,1205,0,1,2,0.0
229017011911,P1-fast-idle,811,1206,0,1,2,0.0
229017182900,P1-fast-idle,811,1206,0,1,2,0.0
229017352898,P1-fast-idle,811,1206,0,1,2,0.0
229017523015,P1-fast-idle,811,1206,0,1,2,0.0
229017693233,P1-fast-idle,811,1206,0,1,2,0.0
229017863320,P1-fast-idle,811,1206,0,1,2,0.0
229018036643,P1-fast-idle,812,1207,0,1,2,0.0
229018207572,P1-fast-idle,812,1207,0,1,2,0.0
229018377679,P1-fast-idle,812,1207,0,1,2,0.0
229018552175,P1-fast-idle,812,1207,0,1,2,0.0
229018722533,P1-fast-idle,812,1207,0,1,2,0.0
229018892941,P1-fast-idle,812,1207,0,1,2,0.0
229019065232,P1-fast-idle,813,1208,0,1,2,0.0
229019236141,P1-fast-idle,813,1208,0,1,2,0.0
229019406038,P1-fast-idle,813,1208,0,1,2,0.0
229019576005,P1-fast-idle,813,1208,0,1,2,0.0
229019745902,P1-fast-idle,813,1208,0,1,2,0.0
229019916220,P1-fast-idle,813,1208,0,1,2,0.0
229020094252,P1-fast-idle,813,1208,0,1,2,0.0
229020266914,P1-fast-idle,814,1209,0,1,2,0.0
229020437923,P1-fast-idle,814,1209,0,1,2,0.0
229020605927,P1-fast-idle,814,1209,0,1,2,0.0
229020775934,P1-fast-idle,814,1209,0,1,2,0.0
229020946081,P1-fast-idle,814,1209,0,1,2,0.0
229021117050,P1-fast-idle,814,1209,0,1,2,0.0
229021288991,P1-fast-idle,815,1210,0,1,2,0.0
229021459639,P1-fast-idle,815,1210,0,1,2,0.0
229021629947,P1-fast-idle,815,1210,0,1,2,0.0
229021799614,P1-fast-idle,815,1210,0,1,2,0.0
229021975742,P1-fast-idle,815,1210,0,1,2,0.0
229022146641,P1-fast-idle,815,1210,0,1,2,0.0
229022318301,P1-fast-idle,816,1211,0,1,2,0.0
229022489220,P1-fast-idle,816,1211,0,1,2,0.0
229022659628,P1-fast-idle,816,1211,0,1,2,0.0
229022829605,P1-fast-idle,816,1211,0,1,2,0.0
229022999342,P1-fast-idle,816,1211,0,1,2,0.0
229023171062,P1-fast-idle,816,1211,0,1,2,0.0
229023342633,P1-fast-idle,817,1212,0,1,2,0.0
229023513792,P1-fast-idle,817,1212,0,1,2,0.0
229023682887,P1-fast-idle,817,1212,0,1,2,0.0
229023851081,P1-fast-idle,817,1212,0,1,2,0.0
229024017612,P1-fast-idle,817,1212,0,1,2,0.0
229024183692,P1-fast-idle,817,1212,0,1,2,0.0
229024349661,P1-fast-idle,817,1212,0,1,2,0.0
229024570764,P1-fast-idle,818,1213,0,1,2,0.0
229024740921,P1-fast-idle,818,1213,0,1,2,0.0
229024909396,P1-fast-idle,818,1213,0,1,2,0.0
229025076508,P1-fast-idle,818,1213,0,1,2,0.0
229025246605,P1-fast-idle,818,1213,0,1,2,0.0
229025421651,P1-fast-idle,818,1213,0,1,2,0.0
229025594594,P1-fast-idle,819,1215,0,1,2,0.0
229025766174,P1-fast-idle,819,1215,0,1,2,0.0
229025936332,P1-fast-idle,819,1215,0,1,2,0.0
229026107852,P1-fast-idle,819,1215,0,1,2,0.0
229026278049,P1-fast-idle,819,1215,0,1,2,0.0
229026448567,P1-fast-idle,819,1215,0,1,2,0.0
229026620959,P1-fast-idle,820,1216,0,1,2,0.0
229026791898,P1-fast-idle,820,1216,0,1,2,0.0
229026961965,P1-fast-idle,820,1216,0,1,2,0.0
229027132804,P1-fast-idle,820,1216,0,1,2,0.0
229027303071,P1-fast-idle,820,1216,0,1,2,0.0
229027476986,P1-fast-idle,820,1216,0,1,2,0.0
229027649668,P1-fast-idle,821,1217,0,1,2,0.0
229027820928,P1-fast-idle,821,1217,0,1,2,0.0
229027991376,P1-fast-idle,821,1217,0,1,2,0.0
229028161994,P1-fast-idle,821,1217,0,1,2,0.0
229028332292,P1-fast-idle,821,1217,0,1,2,0.0
229028502319,P1-fast-idle,821,1217,0,1,2,0.0
229028685971,P1-fast-idle,822,1218,0,1,2,0.0
229028857572,P1-fast-idle,822,1218,0,1,2,0.0
229029028901,P1-fast-idle,822,1218,0,1,2,0.0
229029198828,P1-fast-idle,822,1218,0,1,2,0.0
229029368996,P1-fast-idle,822,1218,0,1,2,0.0
229029539193,P1-fast-idle,822,1218,0,1,2,0.0
229029710303,P1-fast-idle,822,1218,0,1,2,0.0
229029885109,P1-fast-idle,823,1219,0,1,2,0.0
229030056969,P1-fast-idle,823,1219,0,1,2,0.0
229030227127,P1-fast-idle,823,1219,0,1,2,0.0
229030397084,P1-fast-idle,823,1219,0,1,2,0.0
229030567281,P1-fast-idle,823,1219,0,1,2,0.0
229030737289,P1-fast-idle,823,1219,0,1,2,0.0
229030909400,P1-fast-idle,824,1220,0,1,2,0.0
229031081060,P1-fast-idle,824,1220,0,1,2,0.0
229031251237,P1-fast-idle,824,1220,0,1,2,0.0
229031421235,P1-fast-idle,824,1220,0,1,2,0.0
229031591162,P1-fast-idle,824,1220,0,1,2,0.0
229031761169,P1-fast-idle,824,1220,0,1,2,0.0
229031936877,P1-fast-idle,825,1221,0,1,2,0.0
229032108737,P1-fast-idle,825,1221,0,1,2,0.0
229032279306,P1-fast-idle,825,1221,0,1,2,0.0
229032449363,P1-fast-idle,825,1221,0,1,2,0.0
229032619340,P1-fast-idle,825,1221,0,1,2,0.0
229032789868,P1-fast-idle,825,1221,0,1,2,0.0
229032971357,P1-fast-idle,826,1222,0,1,2,0.0
229033144280,P1-fast-idle,826,1222,0,1,2,0.0
229033314938,P1-fast-idle,826,1222,0,1,2,0.0
229033485346,P1-fast-idle,826,1222,0,1,2,0.0
229033655984,P1-fast-idle,826,1222,0,1,2,0.0
229033826482,P1-fast-idle,826,1222,0,1,2,0.0
229034002701,P1-fast-idle,826,1222,0,1,2,0.0
229034175924,P1-fast-idle,827,1223,0,1,2,0.0
229034347494,P1-fast-idle,827,1223,0,1,2,0.0
229034518243,P1-fast-idle,827,1223,0,1,2,0.0
229034689142,P1-fast-idle,827,1223,0,1,2,0.0
229034859750,P1-fast-idle,827,1223,0,1,2,0.0
229035031100,P1-fast-idle,827,1223,0,1,2,0.0
229035203451,P1-fast-idle,828,1224,0,1,2,0.0
229035380742,P1-fast-idle,828,1224,0,1,2,0.0
229035551621,P1-fast-idle,828,1224,0,1,2,0.0
229035722089,P1-fast-idle,828,1224,0,1,2,0.0
229035892146,P1-fast-idle,828,1224,0,1,2,0.0
229036063105,P1-fast-idle,828,1224,0,1,2,0.0
229036235266,P1-fast-idle,829,1225,0,1,2,0.0
229036406285,P1-fast-idle,829,1225,0,1,2,0.0
229036576553,P1-fast-idle,829,1225,0,1,2,0.0
229036746991,P1-fast-idle,829,1225,0,1,2,0.0
229036917259,P1-fast-idle,829,1225,0,1,2,0.0
229037088167,P1-fast-idle,829,1225,0,1,2,0.0
229037260268,P1-fast-idle,830,1226,0,1,2,0.0
229037431368,P1-fast-idle,830,1226,0,1,2,0.0
229037601896,P1-fast-idle,830,1226,0,1,2,0.0
229037772554,P1-fast-idle,830,1226,0,1,2,0.0
229037942742,P1-fast-idle,830,1226,0,1,2,0.0
229038113971,P1-fast-idle,830,1226,0,1,2,0.0
229038293015,P1-fast-idle,830,1226,0,1,2,0.0
229038471087,P1-fast-idle,831,1227,0,1,2,0.0
229038645032,P1-fast-idle,831,1227,0,1,2,0.0
229038815730,P1-fast-idle,831,1227,0,1,2,0.0
229038985968,P1-fast-idle,831,1227,0,1,2,0.0
229039156907,P1-fast-idle,831,1227,0,1,2,0.0
229039336472,P1-fast-idle,831,1227,0,1,2,0.0
229039508483,P1-fast-idle,832,1228,0,1,2,0.0
229039677929,P1-fast-idle,832,1228,0,1,2,0.0
229039846965,P1-fast-idle,832,1228,0,1,2,0.0
229040029846,P1-fast-idle,832,1228,0,1,2,0.0
229040205263,P1-fast-idle,832,1228,0,1,2,0.0
229040375631,P1-fast-idle,832,1228,0,1,2,0.0
229040546560,P1-fast-idle,833,1230,0,1,2,0.0
229040715906,P1-fast-idle,833,1230,0,1,2,0.0
229040884661,P1-fast-idle,833,1230,0,1,2,0.0
229041053906,P1-fast-idle,833,1230,0,1,2,0.0
229041222060,P1-fast-idle,833,1230,0,1,2,0.0
229041390244,P1-fast-idle,833,1230,0,1,2,0.0
229041560802,P1-fast-idle,834,1231,0,1,2,0.0
229041729898,P1-fast-idle,834,1231,0,1,2,0.0
229041898332,P1-fast-idle,834,1231,0,1,2,0.0
229042072647,P1-fast-idle,834,1231,0,1,2,0.0
229042249998,P1-fast-idle,834,1231,0,1,2,0.0
229042419264,P1-fast-idle,834,1231,0,1,2,0.0
229042599590,P1-fast-idle,835,1232,0,1,2,0.0
229042774516,P1-fast-idle,835,1232,0,1,2,0.0
229042945034,P1-fast-idle,835,1232,0,1,2,0.0
229043116274,P1-fast-idle,835,1232,0,1,2,0.0
229043287293,P1-fast-idle,835,1232,0,1,2,0.0
229043458202,P1-fast-idle,835,1232,0,1,2,0.0
229043629171,P1-fast-idle,835,1232,0,1,2,0.0
229043802634,P1-fast-idle,836,1233,0,1,2,0.0
229043978673,P1-fast-idle,836,1233,0,1,2,0.0
229044150323,P1-fast-idle,836,1233,0,1,2,0.0
229044320551,P1-fast-idle,836,1233,0,1,2,0.0
229044490498,P1-fast-idle,836,1233,0,1,2,0.0
229044660535,P1-fast-idle,836,1233,0,1,2,0.0
229044832937,P1-fast-idle,837,1234,0,1,2,0.0
229045004517,P1-fast-idle,837,1234,0,1,2,0.0
229045175586,P1-fast-idle,837,1234,0,1,2,0.0
229045353308,P1-fast-idle,837,1234,0,1,2,0.0
229045524116,P1-fast-idle,837,1234,0,1,2,0.0
229045694564,P1-fast-idle,837,1234,0,1,2,0.0
229045866836,P1-fast-idle,838,1235,0,1,2,0.0
229046038696,P1-fast-idle,838,1235,0,1,2,0.0
229046209315,P1-fast-idle,838,1235,0,1,2,0.0
229046383349,P1-fast-idle,838,1235,0,1,2,0.0
229046553888,P1-fast-idle,838,1235,0,1,2,0.0
229046724165,P1-fast-idle,838,1235,0,1,2,0.0
229046896377,P1-fast-idle,839,1236,0,1,2,0.0
229047068428,P1-fast-idle,839,1236,0,1,2,0.0
229047234087,P1-fast-idle,839,1236,0,1,2,0.0
229047399285,P1-fast-idle,839,1236,0,1,2,0.0
229047564413,P1-fast-idle,839,1236,0,1,2,0.0
229047732426,P1-fast-idle,839,1236,0,1,2,0.0
229047900059,P1-fast-idle,839,1236,0,1,2,0.0
229048069956,P1-fast-idle,840,1237,0,1,2,0.0
229048240835,P1-fast-idle,840,1237,0,1,2,0.0
229048411052,P1-fast-idle,840,1237,0,1,2,0.0
229048581000,P1-fast-idle,840,1237,0,1,2,0.0
229048755085,P1-fast-idle,840,1237,0,1,2,0.0
229048924761,P1-fast-idle,840,1237,0,1,2,0.0
229049097653,P1-fast-idle,841,1238,0,1,2,0.0
229049272971,P1-fast-idle,841,1238,0,1,2,0.0
229049443499,P1-fast-idle,841,1238,0,1,2,0.0
229049611632,P1-fast-idle,841,1238,0,1,2,0.0
229049781419,P1-fast-idle,841,1238,0,1,2,0.0
229049951827,P1-fast-idle,841,1238,0,1,2,0.0
229050124560,P1-fast-idle,842,1239,0,1,2,0.0
229050296590,P1-fast-idle,842,1239,0,1,2,0.0
229050466788,P1-fast-idle,842,1239,0,1,2,0.0
229050636775,P1-fast-idle,842,1239,0,1,2,0.0
229050806832,P1-fast-idle,842,1239,0,1,2,0.0
229050976990,P1-fast-idle,842,1239,0,1,2,0.0
229051158438,P1-fast-idle,843,1240,0,1,2,0.0
229051330840,P1-fast-idle,843,1240,0,1,2,0.0
229051501498,P1-fast-idle,843,1240,0,1,2,0.0
229051671446,P1-fast-idle,843,1240,0,1,2,0.0
229051841452,P1-fast-idle,843,1240,0,1,2,0.0
229052015978,P1-fast-idle,843,1240,0,1,2,0.0
229052190594,P1-fast-idle,843,1240,0,1,2,0.0
229052362956,P1-fast-idle,844,1241,0,1,2,0.0
229052533955,P1-fast-idle,844,1241,0,1,2,0.0
229052704072,P1-fast-idle,844,1241,0,1,2,0.0
229052874350,P1-fast-idle,844,1241,0,1,2,0.0
229053045058,P1-fast-idle,844,1241,0,1,2,0.0
229053215406,P1-fast-idle,844,1241,0,1,2,0.0
229053387517,P1-fast-idle,845,1242,0,1,2,0.0
229053559087,P1-fast-idle,845,1242,0,1,2,0.0
229053729365,P1-fast-idle,845,1242,0,1,2,0.0
229053899362,P1-fast-idle,845,1242,0,1,2,0.0
229054069930,P1-fast-idle,845,1242,0,1,2,0.0
229054239787,P1-fast-idle,845,1242,0,1,2,0.0
229054411037,P1-fast-idle,846,1243,0,1,2,0.0
229054581885,P1-fast-idle,846,1243,0,1,2,0.0
229054755720,P1-fast-idle,846,1243,0,1,2,0.0
229054944532,P1-fast-idle,846,1243,0,1,2,0.0
229055120250,P1-fast-idle,846,1243,0,1,2,0.0
229055291239,P1-fast-idle,846,1243,0,1,2,0.0
229055469241,P1-fast-idle,847,1244,0,1,2,0.0
229055640871,P1-fast-idle,847,1244,0,1,2,0.0
229055811490,P1-fast-idle,847,1244,0,1,2,0.0
229055981948,P1-fast-idle,847,1244,0,1,2,0.0
229056153147,P1-fast-idle,847,1244,0,1,2,0.0
229056323445,P1-fast-idle,847,1244,0,1,2,0.0
229056505444,P1-fast-idle,848,1246,0,1,2,0.0
229056677996,P1-fast-idle,848,1246,0,1,2,0.0
229056848174,P1-fast-idle,848,1246,0,1,2,0.0
229057019613,P1-fast-idle,848,1246,0,1,2,0.0
229057189691,P1-fast-idle,848,1246,0,1,2,0.0
229057364447,P1-fast-idle,848,1246,0,1,2,0.0
229057539824,P1-fast-idle,848,1246,0,1,2,0.0
229057712686,P1-fast-idle,849,1247,0,1,2,0.0
229057883425,P1-fast-idle,849,1247,0,1,2,0.0
229058054424,P1-fast-idle,849,1247,0,1,2,0.0
229058224151,P1-fast-idle,849,1247,0,1,2,0.0
229058393847,P1-fast-idle,849,1247,0,1,2,0.0
229058563624,P1-fast-idle,849,1247,0,1,2,0.0
229058739833,P1-fast-idle,850,1248,0,1,2,0.0
229058911603,P1-fast-idle,850,1248,0,1,2,0.0
229059082302,P1-fast-idle,850,1248,0,1,2,0.0
229059252670,P1-fast-idle,850,1248,0,1,2,0.0
229059422607,P1-fast-idle,850,1248,0,1,2,0.0
229059592714,P1-fast-idle,850,1248,0,1,2,0.0
229059764815,P1-fast-idle,851,1249,0,1,2,0.0
229059936195,P1-fast-idle,851,1249,0,1,2,0.0
229060106883,P1-fast-idle,851,1249,0,1,2,0.0
229060280878,P1-fast-idle,851,1249,0,1,2,0.0
229060450795,P1-fast-idle,851,1249,0,1,2,0.0
229060620402,P1-fast-idle,851,1249,0,1,2,0.0
229060792733,P1-fast-idle,852,1250,0,1,2,0.0
229060963612,P1-fast-idle,852,1250,0,1,2,0.0
229061135192,P1-fast-idle,852,1250,0,1,2,0.0
229061305159,P1-fast-idle,852,1250,0,1,2,0.0
229061474776,P1-fast-idle,852,1250,0,1,2,0.0
229061644953,P1-fast-idle,852,1250,0,1,2,0.0
229061824678,P1-fast-idle,852,1250,0,1,2,0.0
229061997010,P1-fast-idle,853,1251,0,1,2,0.0
229062172607,P1-fast-idle,853,1251,0,1,2,0.0
229062343216,P1-fast-idle,853,1251,0,1,2,0.0
229062513083,P1-fast-idle,853,1251,0,1,2,0.0
229062682960,P1-fast-idle,853,1251,0,1,2,0.0
229062852827,P1-fast-idle,853,1251,0,1,2,0.0
229063025569,P1-fast-idle,854,1252,0,1,2,0.0
229063197369,P1-fast-idle,854,1252,0,1,2,0.0
229063367577,P1-fast-idle,854,1252,0,1,2,0.0
229063537724,P1-fast-idle,854,1252,0,1,2,0.0
229063707792,P1-fast-idle,854,1252,0,1,2,0.0
229063877829,P1-fast-idle,854,1252,0,1,2,0.0
229064051653,P1-fast-idle,855,1253,0,1,2,0.0
229064222572,P1-fast-idle,855,1253,0,1,2,0.0
229064392459,P1-fast-idle,855,1253,0,1,2,0.0
229064562496,P1-fast-idle,855,1253,0,1,2,0.0
229064732383,P1-fast-idle,855,1253,0,1,2,0.0
229064901910,P1-fast-idle,855,1253,0,1,2,0.0
229065073760,P1-fast-idle,856,1254,0,1,2,0.0
229065244699,P1-fast-idle,856,1254,0,1,2,0.0
229065418954,P1-fast-idle,856,1254,0,1,2,0.0
229065589683,P1-fast-idle,856,1254,0,1,2,0.0
229065763286,P1-fast-idle,856,1254,0,1,2,0.0
229065933915,P1-fast-idle,856,1254,0,1,2,0.0
229066113710,P1-fast-idle,856,1254,0,1,2,0.0
229066287054,P1-fast-idle,857,1255,0,1,2,0.0
229066457802,P1-fast-idle,857,1255,0,1,2,0.0
229066628070,P1-fast-idle,857,1255,0,1,2,0.0
229066798297,P1-fast-idle,857,1255,0,1,2,0.0
229066968435,P1-fast-idle,857,1255,0,1,2,0.0
229067139584,P1-fast-idle,857,1255,0,1,2,0.0
229067311385,P1-fast-idle,858,1256,0,1,2,0.0
229067482544,P1-fast-idle,858,1256,0,1,2,0.0
229067653303,P1-fast-idle,858,1256,0,1,2,0.0
229067823821,P1-fast-idle,858,1256,0,1,2,0.0
229067993928,P1-fast-idle,858,1256,0,1,2,0.0
229068164747,P1-fast-idle,858,1256,0,1,2,0.0
229068340735,P1-fast-idle,859,1257,0,1,2,0.0
229068512406,P1-fast-idle,859,1257,0,1,2,0.0
229068682743,P1-fast-idle,859,1257,0,1,2,0.0
229068856778,P1-fast-idle,859,1257,0,1,2,0.0
229069027797,P1-fast-idle,859,1257,0,1,2,0.0
229069197834,P1-fast-idle,859,1257,0,1,2,0.0
229069369605,P1-fast-idle,860,1258,0,1,2,0.0
229069540824,P1-fast-idle,860,1258,0,1,2,0.0
229069711112,P1-fast-idle,860,1258,0,1,2,0.0
229069881009,P1-fast-idle,860,1258,0,1,2,0.0
229070051647,P1-fast-idle,860,1258,0,1,2,0.0
229070221534,P1-fast-idle,860,1258,0,1,2,0.0
229070404516,P1-fast-idle,860,1258,0,1,2,0.0
229070577248,P1-fast-idle,861,1259,0,1,2,0.0
229070748578,P1-fast-idle,861,1259,0,1,2,0.0
229070918444,P1-fast-idle,861,1259,0,1,2,0.0
229071088873,P1-fast-idle,861,1259,0,1,2,0.0
229071258419,P1-fast-idle,861,1259,0,1,2,0.0
229071423326,P1-fast-idle,861,1259,0,1,2,0.0
229071594626,P1-fast-idle,862,1261,0,1,2,0.0
229071763331,P1-fast-idle,862,1261,0,1,2,0.0
229071929110,P1-fast-idle,862,1261,0,1,2,0.0
229072152297,P1-fast-idle,862,1261,0,1,2,0.0
229072321452,P1-fast-idle,862,1261,0,1,2,0.0
229072489766,P1-fast-idle,862,1261,0,1,2,0.0
229072660405,P1-fast-idle,863,1262,0,1,2,0.0
229072829470,P1-fast-idle,863,1262,0,1,2,0.0
229072997623,P1-fast-idle,863,1262,0,1,2,0.0
229073166819,P1-fast-idle,863,1262,0,1,2,0.0
229073334612,P1-fast-idle,863,1262,0,1,2,0.0
229073502606,P1-fast-idle,863,1262,0,1,2,0.0
229073673004,P1-fast-idle,864,1263,0,1,2,0.0
229073841488,P1-fast-idle,864,1263,0,1,2,0.0
229074010043,P1-fast-idle,864,1263,0,1,2,0.0
229074178417,P1-fast-idle,864,1263,0,1,2,0.0
229074346400,P1-fast-idle,864,1263,0,1,2,0.0
229074515045,P1-fast-idle,864,1263,0,1,2,0.0
229074693648,P1-fast-idle,865,1264,0,1,2,0.0
229074865829,P1-fast-idle,865,1264,0,1,2,0.0
229075035295,P1-fast-idle,865,1264,0,1,2,0.0
229075204240,P1-fast-idle,865,1264,0,1,2,0.0
229075372134,P1-fast-idle,865,1264,0,1,2,0.0
229075544986,P1-fast-idle,865,1264,0,1,2,0.0
229075713090,P1-fast-idle,865,1264,0,1,2,0.0
229075883879,P1-fast-idle,866,1265,0,1,2,0.0
229076054196,P1-fast-idle,866,1265,0,1,2,0.0
229076222620,P1-fast-idle,866,1265,0,1,2,0.0
229076390484,P1-fast-idle,866,1265,0,1,2,0.0
229076558727,P1-fast-idle,866,1265,0,1,2,0.0
229076730819,P1-fast-idle,866,1265,0,1,2,0.0
229076900665,P1-fast-idle,867,1266,0,1,2,0.0
229077070472,P1-fast-idle,867,1266,0,1,2,0.0
229077238306,P1-fast-idle,867,1266,0,1,2,0.0
229077405928,P1-fast-idle,867,1266,0,1,2,0.0
229077574242,P1-fast-idle,867,1266,0,1,2,0.0
229077742326,P1-fast-idle,867,1266,0,1,2,0.0
229077912052,P1-fast-idle,868,1267,0,1,2,0.0
229078081699,P1-fast-idle,868,1267,0,1,2,0.0
229078249652,P1-fast-idle,868,1267,0,1,2,0.0
229078417846,P1-fast-idle,868,1267,0,1,2,0.0
229078585960,P1-fast-idle,868,1267,0,1,2,0.0
229078757951,P1-fast-idle,868,1267,0,1,2,0.0
229078931975,P1-fast-idle,868,1267,0,1,2,0.0
229079110378,P1-fast-idle,869,1268,0,1,2,0.0
229079279474,P1-fast-idle,869,1268,0,1,2,0.0
229079447918,P1-fast-idle,869,1268,0,1,2,0.0
229079615410,P1-fast-idle,869,1268,0,1,2,0.0
229079783133,P1-fast-idle,869,1268,0,1,2,0.0
229079950906,P1-fast-idle,869,1268,0,1,2,0.0
229080121404,P1-fast-idle,870,1269,0,1,2,0.0
229080290139,P1-fast-idle,870,1269,0,1,2,0.0
229080458523,P1-fast-idle,870,1269,0,1,2,0.0
229080626497,P1-fast-idle,870,1269,0,1,2,0.0
229080794580,P1-fast-idle,870,1269,0,1,2,0.0
229080962223,P1-fast-idle,870,1269,0,1,2,0.0
229081132721,P1-fast-idle,871,1270,0,1,2,0.0
229081301897,P1-fast-idle,871,1270,0,1,2,0.0
229081469720,P1-fast-idle,871,1270,0,1,2,0.0
229081637894,P1-fast-idle,871,1270,0,1,2,0.0
229081806258,P1-fast-idle,871,1270,0,1,2,0.0
229081974602,P1-fast-idle,871,1270,0,1,2,0.0
229082155609,P1-fast-idle,871,1270,0,1,2,0.0
229082328412,P1-fast-idle,872,1271,0,1,2,0.0
229082496866,P1-fast-idle,872,1271,0,1,2,0.0
229082665220,P1-fast-idle,872,1271,0,1,2,0.0
229082833654,P1-fast-idle,872,1271,0,1,2,0.0
229083001899,P1-fast-idle,872,1271,0,1,2,0.0
229083170723,P1-fast-idle,872,1271,0,1,2,0.0
229083340831,P1-fast-idle,873,1272,0,1,2,0.0
229083509616,P1-fast-idle,873,1272,0,1,2,0.0
229083677629,P1-fast-idle,873,1272,0,1,2,0.0
229083845522,P1-fast-idle,873,1272,0,1,2,0.0
229084014057,P1-fast-idle,873,1272,0,1,2,0.0
229084182121,P1-fast-idle,873,1272,0,1,2,0.0
229084352178,P1-fast-idle,874,1273,0,1,2,0.0
229084521223,P1-fast-idle,874,1273,0,1,2,0.0
229084689407,P1-fast-idle,874,1273,0,1,2,0.0
229084857551,P1-fast-idle,874,1273,0,1,2,0.0
229085026626,P1-fast-idle,874,1273,0,1,2,0.0
229085194379,P1-fast-idle,874,1273,0,1,2,0.0
229085374755,P1-fast-idle,875,1274,0,1,2,0.0
229085544362,P1-fast-idle,875,1274,0,1,2,0.0
229085712466,P1-fast-idle,875,1274,0,1,2,0.0
229085880429,P1-fast-idle,875,1274,0,1,2,0.0
229086049354,P1-fast-idle,875,1274,0,1,2,0.0
229086217278,P1-fast-idle,875,1274,0,1,2,0.0
229086385111,P1-fast-idle,875,1274,0,1,2,0.0
229086555058,P1-fast-idle,876,1275,0,1,2,0.0
229086724514,P1-fast-idle,876,1275,0,1,2,0.0
229086892597,P1-fast-idle,876,1275,0,1,2,0.0
229087061453,P1-fast-idle,876,1275,0,1,2,0.0
229087229636,P1-fast-idle,876,1275,0,1,2,0.0
229087397650,P1-fast-idle,876,1275,0,1,2,0.0
229087571444,P1-fast-idle,877,1277,0,1,2,0.0
229087741181,P1-fast-idle,877,1277,0,1,2,0.0
229087909034,P1-fast-idle,877,1277,0,1,2,0.0
229088078730,P1-fast-idle,877,1277,0,1,2,0.0
229088246784,P1-fast-idle,877,1277,0,1,2,0.0
229088414657,P1-fast-idle,877,1277,0,1,2,0.0
229088584724,P1-fast-idle,878,1278,0,1,2,0.0
229088758018,P1-fast-idle,878,1278,0,1,2,0.0
229088926753,P1-fast-idle,878,1278,0,1,2,0.0
229089096088,P1-fast-idle,878,1278,0,1,2,0.0
229089263851,P1-fast-idle,878,1278,0,1,2,0.0
229089431875,P1-fast-idle,878,1278,0,1,2,0.0
229089605479,P1-fast-idle,878,1278,0,1,2,0.0
229089778361,P1-fast-idle,879,1279,0,1,2,0.0
229089951344,P1-fast-idle,879,1279,0,1,2,0.0
229090120520,P1-fast-idle,879,1279,0,1,2,0.0
229090288603,P1-fast-idle,879,1279,0,1,2,0.0
229090456136,P1-fast-idle,879,1279,0,1,2,0.0
229090624109,P1-fast-idle,879,1279,0,1,2,0.0
229090794056,P1-fast-idle,880,1280,0,1,2,0.0
229090963903,P1-fast-idle,880,1280,0,1,2,0.0
229091132788,P1-fast-idle,880,1280,0,1,2,0.0
229091300972,P1-fast-idle,880,1280,0,1,2,0.0
229091468294,P1-fast-idle,880,1280,0,1,2,0.0
229091636257,P1-fast-idle,880,1280,0,1,2,0.0
229091806134,P1-fast-idle,881,1281,0,1,2,0.0
229091978796,P1-fast-idle,881,1281,0,1,2,0.0
229092147822,P1-fast-idle,881,1281,0,1,2,0.0
229092316306,P1-fast-idle,881,1281,0,1,2,0.0
229092483799,P1-fast-idle,881,1281,0,1,2,0.0
229092651502,P1-fast-idle,881,1281,0,1,2,0.0
229092829724,P1-fast-idle,881,1281,0,1,2,0.0
229093002406,P1-fast-idle,882,1282,0,1,2,0.0
229093172314,P1-fast-idle,882,1282,0,1,2,0.0
229093340267,P1-fast-idle,882,1282,0,1,2,0.0
229093507970,P1-fast-idle,882,1282,0,1,2,0.0
229093675833,P1-fast-idle,882,1282,0,1,2,0.0
229093843546,P1-fast-idle,882,1282,0,1,2,0.0
229094014314,P1-fast-idle,883,1283,0,1,2,0.0
229094183099,P1-fast-idle,883,1283,0,1,2,0.0
229094351203,P1-fast-idle,883,1283,0,1,2,0.0
229094519086,P1-fast-idle,883,1283,0,1,2,0.0
229094687190,P1-fast-idle,883,1283,0,1,2,0.0
229094855534,P1-fast-idle,883,1283,0,1,2,0.0
229095026423,P1-fast-idle,884,1284,0,1,2,0.0
229095195638,P1-fast-idle,884,1284,0,1,2,0.0
229095367750,P1-fast-idle,884,1284,0,1,2,0.0
229095536344,P1-fast-idle,884,1284,0,1,2,0.0
229095705109,P1-fast-idle,884,1284,0,1,2,0.0
229095873363,P1-fast-idle,884,1284,0,1,2,0.0
229096051956,P1-fast-idle,885,1285,0,1,2,0.0
229096222274,P1-fast-idle,885,1285,0,1,2,0.0
229096390327,P1-fast-idle,885,1285,0,1,2,0.0
229096559052,P1-fast-idle,885,1285,0,1,2,0.0
229096727186,P1-fast-idle,885,1285,0,1,2,0.0
229096895019,P1-fast-idle,885,1285,0,1,2,0.0
229097064134,P1-fast-idle,885,1285,0,1,2,0.0
229097234572,P1-fast-idle,886,1286,0,1,2,0.0
229097403728,P1-fast-idle,886,1286,0,1,2,0.0
229097572423,P1-fast-idle,886,1286,0,1,2,0.0
229097740506,P1-fast-idle,886,1286,0,1,2,0.0
229097908480,P1-fast-idle,886,1286,0,1,2,0.0
229098077365,P1-fast-idle,886,1286,0,1,2,0.0
229098250728,P1-fast-idle,887,1287,0,1,2,0.0
229098419914,P1-fast-idle,887,1287,0,1,2,0.0
229098595732,P1-fast-idle,887,1287,0,1,2,0.0
229098764166,P1-fast-idle,887,1287,0,1,2,0.0
229098931869,P1-fast-idle,887,1287,0,1,2,0.0
229099100844,P1-fast-idle,887,1287,0,1,2,0.0
229099270351,P1-fast-idle,888,1288,0,1,2,0.0
229099439035,P1-fast-idle,888,1288,0,1,2,0.0
229099607289,P1-fast-idle,888,1288,0,1,2,0.0
229099775122,P1-fast-idle,888,1288,0,1,2,0.0
229099942715,P1-fast-idle,888,1288,0,1,2,0.0
229100111440,P1-fast-idle,888,1288,0,1,2,0.0
229100284593,P1-fast-idle,888,1288,0,1,2,0.0
229100456484,P1-fast-idle,889,1289,0,1,2,0.0
229100625489,P1-fast-idle,889,1289,0,1,2,0.0
229100797720,P1-fast-idle,889,1289,0,1,2,0.0
229100965593,P1-fast-idle,889,1289,0,1,2,0.0
229101134599,P1-fast-idle,889,1289,0,1,2,0.0
229101302522,P1-fast-idle,889,1289,0,1,2,0.0
229101472128,P1-fast-idle,890,1290,0,1,2,0.0
229101641003,P1-fast-idle,890,1290,0,1,2,0.0
229101808977,P1-fast-idle,890,1290,0,1,2,0.0
229101980657,P1-fast-idle,890,1290,0,1,2,0.0
229102149973,P1-fast-idle,890,1290,0,1,2,0.0
229102317966,P1-fast-idle,890,1290,0,1,2,0.0
229102488154,P1-fast-idle,891,1291,0,1,2,0.0
229102657440,P1-fast-idle,891,1291,0,1,2,0.0
229102825654,P1-fast-idle,891,1291,0,1,2,0.0
229102993467,P1-fast-idle,891,1291,0,1,2,0.0
229103162442,P1-fast-idle,891,1291,0,1,2,0.0
229103330145,P1-fast-idle,891,1291,0,1,2,0.0
229103507526,P1-fast-idle,892,1293,0,1,2,0.0
229103684566,P1-fast-idle,892,1293,0,1,2,0.0
229103852990,P1-fast-idle,892,1293,0,1,2,0.0
229104021725,P1-fast-idle,892,1293,0,1,2,0.0
229104189698,P1-fast-idle,892,1293,0,1,2,0.0
229104357622,P1-fast-idle,892,1293,0,1,2,0.0
229104525485,P1-fast-idle,892,1293,0,1,2,0.0
229104695783,P1-fast-idle,893,1294,0,1,2,0.0
229104865058,P1-fast-idle,893,1294,0,1,2,0.0
229105033984,P1-fast-idle,893,1294,0,1,2,0.0
229105205814,P1-fast-idle,893,1294,0,1,2,0.0
229105373928,P1-fast-idle,893,1294,0,1,2,0.0
229105542272,P1-fast-idle,893,1294,0,1,2,0.0
229105712149,P1-fast-idle,894,1295,0,1,2,0.0
229105881425,P1-fast-idle,894,1295,0,1,2,0.0
229106050049,P1-fast-idle,894,1295,0,1,2,0.0
229106218123,P1-fast-idle,894,1295,0,1,2,0.0
229106386056,P1-fast-idle,894,1295,0,1,2,0.0
229106554080,P1-fast-idle,894,1295,0,1,2,0.0
229106734391,P1-fast-idle,895,1296,0,1,2,0.0
229106907915,P1-fast-idle,895,1296,0,1,2,0.0
229107076319,P1-fast-idle,895,1296,0,1,2,0.0
229107242740,P1-fast-idle,895,1296,0,1,2,0.0
229107408729,P1-fast-idle,895,1296,0,1,2,0.0
229107576633,P1-fast-idle,895,1296,0,1,2,0.0
229107753222,P1-fast-idle,895,1296,0,1,2,0.0
229107925103,P1-fast-idle,896,1297,0,1,2,0.0
229108097014,P1-fast-idle,896,1297,0,1,2,0.0
229108267973,P1-fast-idle,896,1297,0,1,2,0.0
229108446045,P1-fast-idle,896,1297,0,1,2,0.0
229108626041,P1-fast-idle,896,1297,0,1,2,0.0
229108797471,P1-fast-idle,896,1297,0,1,2,0.0
229108968379,P1-fast-idle,897,1298,0,1,2,0.0
229109144047,P1-fast-idle,897,1298,0,1,2,0.0
229109314605,P1-fast-idle,897,1298,0,1,2,0.0
229109486306,P1-fast-idle,897,1298,0,1,2,0.0
229109657365,P1-fast-idle,897,1298,0,1,2,0.0
229109827562,P1-fast-idle,897,1298,0,1,2,0.0
229109998621,P1-fast-idle,898,1299,0,1,2,0.0
229110170442,P1-fast-idle,898,1299,0,1,2,0.0
229110340840,P1-fast-idle,898,1299,0,1,2,0.0
229110512841,P1-fast-idle,898,1299,0,1,2,0.0
229110683880,P1-fast-idle,898,1299,0,1,2,0.0
229110854388,P1-fast-idle,898,1299,0,1,2,0.0
229111026289,P1-fast-idle,899,1300,0,1,2,0.0
229111191878,P1-fast-idle,899,1300,0,1,2,0.0
229111357306,P1-fast-idle,899,1300,0,1,2,0.0
229111524228,P1-fast-idle,899,1300,0,1,2,0.0
229111697040,P1-fast-idle,899,1300,0,1,2,0.0
229111868009,P1-fast-idle,899,1300,0,1,2,0.0
229112044839,P1-fast-idle,900,1301,0,1,2,0.0
229112215437,P1-fast-idle,900,1301,0,1,2,0.0
229112384222,P1-fast-idle,900,1301,0,1,2,0.0
229112554179,P1-fast-idle,900,1301,0,1,2,0.0
229112723014,P1-fast-idle,900,1301,0,1,2,0.0
229112891398,P1-fast-idle,900,1301,0,1,2,0.0
229113058480,P1-fast-idle,900,1301,0,1,2,0.0
229113225963,P1-fast-idle,901,1302,0,1,2,0.0
229113392003,P1-fast-idle,901,1302,0,1,2,0.0
229113559275,P1-fast-idle,901,1302,0,1,2,0.0
229113726396,P1-fast-idle,901,1302,0,1,2,0.0
229113892456,P1-fast-idle,901,1302,0,1,2,0.0
229114021051,P1-fast-idle,901,1302,0,1,2,0.0
229114199604,P1-fast-idle,902,1303,0,1,2,0.0
229114369491,P1-fast-idle,902,1303,0,1,2,0.0
229114543395,P1-fast-idle,902,1303,0,1,2,0.0
229114711940,P1-fast-idle,902,1303,0,1,2,0.0
229114880134,P1-fast-idle,902,1303,0,1,2,0.0
229115049149,P1-fast-idle,902,1303,0,1,2,0.0
229115223564,P1-fast-idle,902,1303,0,1,2,0.0
229115397449,P1-fast-idle,903,1304,0,1,2,0.0
229115566414,P1-fast-idle,903,1304,0,1,2,0.0
229115734417,P1-fast-idle,903,1304,0,1,2,0.0
229115902481,P1-fast-idle,903,1304,0,1,2,0.0
229116071346,P1-fast-idle,903,1304,0,1,2,0.0
229116239359,P1-fast-idle,903,1304,0,1,2,0.0
229116409727,P1-fast-idle,904,1305,0,1,2,0.0
229116578743,P1-fast-idle,904,1305,0,1,2,0.0
229116746796,P1-fast-idle,904,1305,0,1,2,0.0
229116914579,P1-fast-idle,904,1305,0,1,2,0.0
229117081150,P1-fast-idle,904,1305,0,1,2,0.0
229117246709,P1-fast-idle,904,1305,0,1,2,0.0
229117414271,P1-fast-idle,905,1306,0,1,2,0.0
229117581523,P1-fast-idle,905,1306,0,1,2,0.0
229117803768,P1-fast-idle,905,1306,0,1,2,0.0
229117972533,P1-fast-idle,905,1306,0,1,2,0.0
229118141699,P1-fast-idle,905,1306,0,1,2,0.0
229118309842,P1-fast-idle,905,1306,0,1,2,0.0
229118484648,P1-fast-idle,906,1308,0,1,2,0.0
229118653714,P1-fast-idle,906,1308,0,1,2,0.0
229118822038,P1-fast-idle,906,1308,0,1,2,0.0
229118989881,P1-fast-idle,906,1308,0,1,2,0.0
229119158356,P1-fast-idle,906,1308,0,1,2,0.0
229119326409,P1-fast-idle,906,1308,0,1,2,0.0
229119494623,P1-fast-idle,906,1308,0,1,2,0.0
229119664810,P1-fast-idle,907,1309,0,1,2,0.0
229119833635,P1-fast-idle,907,1309,0,1,2,0.0
229120005786,P1-fast-idle,907,1309,0,1,2,0.0
229120174511,P1-fast-idle,907,1309,0,1,2,0.0
229120342304,P1-fast-idle,907,1309,0,1,2,0.0
229120510087,P1-fast-idle,907,1309,0,1,2,0.0
229120680335,P1-fast-idle,908,1310,0,1,2,0.0
229120849240,P1-fast-idle,908,1310,0,1,2,0.0
229121018255,P1-fast-idle,908,1310,0,1,2,0.0
229121186088,P1-fast-idle,908,1310,0,1,2,0.0
229121354242,P1-fast-idle,908,1310,0,1,2,0.0
229121522336,P1-fast-idle,908,1310,0,1,2,0.0
229121692173,P1-fast-idle,909,1311,0,1,2,0.0
229121865015,P1-fast-idle,909,1311,0,1,2,0.0
229122034251,P1-fast-idle,909,1311,0,1,2,0.0
229122202455,P1-fast-idle,909,1311,0,1,2,0.0
229122373494,P1-fast-idle,909,1311,0,1,2,0.0
229122541758,P1-fast-idle,909,1311,0,1,2,0.0
229122714711,P1-fast-idle,909,1311,0,1,2,0.0
229122887914,P1-fast-idle,910,1312,0,1,2,0.0
229123057250,P1-fast-idle,910,1312,0,1,2,0.0
229123225453,P1-fast-idle,910,1312,0,1,2,0.0
229123393217,P1-fast-idle,910,1312,0,1,2,0.0
229123560849,P1-fast-idle,910,1312,0,1,2,0.0
229123728923,P1-fast-idle,910,1312,0,1,2,0.0
229123898980,P1-fast-idle,911,1313,0,1,2,0.0
229124066473,P1-fast-idle,911,1313,0,1,2,0.0
229124213592,P1-fast-idle,911,1313,0,1,2,0.0
229124386064,P1-fast-idle,911,1313,0,1,2,0.0
229124556622,P1-fast-idle,911,1313,0,1,2,0.0
229124726299,P1-fast-idle,911,1313,0,1,2,0.0
229124895354,P1-fast-idle,912,1314,0,1,2,0.0
229125069209,P1-fast-idle,912,1314,0,1,2,0.0
229125237893,P1-fast-idle,912,1314,0,1,2,0.0
229125409664,P1-fast-idle,912,1314,0,1,2,0.0
229125579801,P1-fast-idle,912,1314,0,1,2,0.0
229125748546,P1-fast-idle,912,1314,0,1,2,0.0
229125917140,P1-fast-idle,912,1314,0,1,2,0.0
229126087178,P1-fast-idle,913,1315,0,1,2,0.0
229126255722,P1-fast-idle,913,1315,0,1,2,0.0
229126423986,P1-fast-idle,913,1315,0,1,2,0.0
229126594274,P1-fast-idle,913,1315,0,1,2,0.0
229126763660,P1-fast-idle,913,1315,0,1,2,0.0
229126932725,P1-fast-idle,913,1315,0,1,2,0.0
229127100368,P1-fast-idle,914,1316,0,1,2,0.0
229127266799,P1-fast-idle,914,1316,0,1,2,0.0
229127437207,P1-fast-idle,914,1316,0,1,2,0.0
229127607915,P1-fast-idle,914,1316,0,1,2,0.0
229127774596,P1-fast-idle,914,1316,0,1,2,0.0
229127992773,P1-fast-idle,914,1316,0,1,2,0.0
229128163131,P1-fast-idle,915,1317,0,1,2,0.0
229128332367,P1-fast-idle,915,1317,0,1,2,0.0
229128505990,P1-fast-idle,915,1317,0,1,2,0.0
229128680436,P1-fast-idle,915,1317,0,1,2,0.0
229128849061,P1-fast-idle,915,1317,0,1,2,0.0
229129019108,P1-fast-idle,915,1317,0,1,2,0.0
229129188434,P1-fast-idle,916,1318,0,1,2,0.0
229129357229,P1-fast-idle,916,1318,0,1,2,0.0
229129527446,P1-fast-idle,916,1318,0,1,2,0.0
229129696271,P1-fast-idle,916,1318,0,1,2,0.0
229129864455,P1-fast-idle,916,1318,0,1,2,0.0
229130033651,P1-fast-idle,916,1318,0,1,2,0.0
229130202506,P1-fast-idle,916,1318,0,1,2,0.0
229130371371,P1-fast-idle,917,1319,0,1,2,0.0
229130541488,P1-fast-idle,917,1319,0,1,2,0.0
229130710534,P1-fast-idle,917,1319,0,1,2,0.0
229130883326,P1-fast-idle,917,1319,0,1,2,0.0
229131052712,P1-fast-idle,917,1319,0,1,2,0.0
229131221357,P1-fast-idle,917,1319,0,1,2,0.0
229131390182,P1-fast-idle,918,1320,0,1,2,0.0
229131560099,P1-fast-idle,918,1320,0,1,2,0.0
229131732460,P1-fast-idle,918,1320,0,1,2,0.0
229131906685,P1-fast-idle,918,1320,0,1,2,0.0
229132076532,P1-fast-idle,918,1320,0,1,2,0.0
229132244997,P1-fast-idle,918,1320,0,1,2,0.0
229132414413,P1-fast-idle,919,1321,0,1,2,0.0
229132584660,P1-fast-idle,919,1321,0,1,2,0.0
229132753646,P1-fast-idle,919,1321,0,1,2,0.0
229132922360,P1-fast-idle,919,1321,0,1,2,0.0
229133092237,P1-fast-idle,919,1321,0,1,2,0.0
229133269588,P1-fast-idle,919,1321,0,1,2,0.0
229133448061,P1-fast-idle,920,1322,0,1,2,0.0
229133621855,P1-fast-idle,920,1322,0,1,2,0.0
229133791191,P1-fast-idle,920,1322,0,1,2,0.0
229133967470,P1-fast-idle,920,1322,0,1,2,0.0
229134149710,P1-fast-idle,920,1322,0,1,2,0.0
229134322082,P1-fast-idle,920,1322,0,1,2,0.0
229134492700,P1-fast-idle,921,1324,0,1,2,0.0
229134662216,P1-fast-idle,921,1324,0,1,2,0.0
229134830771,P1-fast-idle,921,1324,0,1,2,0.0
229134999195,P1-fast-idle,921,1324,0,1,2,0.0
229135172759,P1-fast-idle,921,1324,0,1,2,0.0
229135341834,P1-fast-idle,921,1324,0,1,2,0.0
229135511310,P1-fast-idle,921,1324,0,1,2,0.0
229135681037,P1-fast-idle,922,1325,0,1,2,0.0
229135849421,P1-fast-idle,922,1325,0,1,2,0.0
229136018587,P1-fast-idle,922,1325,0,1,2,0.0
229136190598,P1-fast-idle,922,1325,0,1,2,0.0
229136359533,P1-fast-idle,922,1325,0,1,2,0.0
229136528989,P1-fast-idle,922,1325,0,1,2,0.0
229136698686,P1-fast-idle,923,1326,0,1,2,0.0
229136867100,P1-fast-idle,923,1326,0,1,2,0.0
229137034172,P1-fast-idle,923,1326,0,1,2,0.0
229137199971,P1-fast-idle,923,1326,0,1,2,0.0
229137366151,P1-fast-idle,923,1326,0,1,2,0.0
229137534225,P1-fast-idle,923,1326,0,1,2,0.0
229137701176,P1-fast-idle,924,1327,0,1,2,0.0
229137867767,P1-fast-idle,924,1327,0,1,2,0.0
229138101333,P1-fast-idle,924,1327,0,1,2,0.0
229138270058,P1-fast-idle,924,1327,0,1,2,0.0
229138452277,P1-fast-idle,924,1327,0,1,2,0.0
229138624779,P1-fast-idle,924,1327,0,1,2,0.0
229138793835,P1-fast-idle,925,1328,0,1,2,0.0
229138962058,P1-fast-idle,925,1328,0,1,2,0.0
229139130913,P1-fast-idle,925,1328,0,1,2,0.0
229139298967,P1-fast-idle,925,1328,0,1,2,0.0
229139473693,P1-fast-idle,925,1328,0,1,2,0.0
229139642899,P1-fast-idle,925,1328,0,1,2,0.0
229139811042,P1-fast-idle,925,1328,0,1,2,0.0
229139979487,P1-fast-idle,926,1329,0,1,2,0.0
229140148963,P1-fast-idle,926,1329,0,1,2,0.0
229140317177,P1-fast-idle,926,1329,0,1,2,0.0
229140486643,P1-fast-idle,926,1329,0,1,2,0.0
229140655588,P1-fast-idle,926,1329,0,1,2,0.0
229140823642,P1-fast-idle,926,1329,0,1,2,0.0
229140992437,P1-fast-idle,927,1330,0,1,2,0.0
229141161261,P1-fast-idle,927,1330,0,1,2,0.0
229141329435,P1-fast-idle,927,1330,0,1,2,0.0
229141498902,P1-fast-idle,927,1330,0,1,2,0.0
229141671724,P1-fast-idle,927,1330,0,1,2,0.0
229141843374,P1-fast-idle,927,1330,0,1,2,0.0
229142013471,P1-fast-idle,928,1331,0,1,2,0.0
229142181926,P1-fast-idle,928,1331,0,1,2,0.0
229142350811,P1-fast-idle,928,1331,0,1,2,0.0
229142520437,P1-fast-idle,928,1331,0,1,2,0.0
229142689723,P1-fast-idle,928,1331,0,1,2,0.0
229142857817,P1-fast-idle,928,1331,0,1,2,0.0
229143038434,P1-fast-idle,929,1332,0,1,2,0.0
229143207238,P1-fast-idle,929,1332,0,1,2,0.0
229143375693,P1-fast-idle,929,1332,0,1,2,0.0
229143545660,P1-fast-idle,929,1332,0,1,2,0.0
229143714525,P1-fast-idle,929,1332,0,1,2,0.0
229143882869,P1-fast-idle,929,1332,0,1,2,0.0
229144051945,P1-fast-idle,929,1332,0,1,2,0.0
229144229756,P1-fast-idle,930,1333,0,1,2,0.0
229144399283,P1-fast-idle,930,1333,0,1,2,0.0
229144569761,P1-fast-idle,930,1333,0,1,2,0.0
229144738495,P1-fast-idle,930,1333,0,1,2,0.0
229144906900,P1-fast-idle,930,1333,0,1,2,0.0
229145080053,P1-fast-idle,930,1333,0,1,2,0.0
229145249148,P1-fast-idle,931,1334,0,1,2,0.0
229145417623,P1-fast-idle,931,1334,0,1,2,0.0
229145587239,P1-fast-idle,931,1334,0,1,2,0.0
229145756765,P1-fast-idle,931,1334,0,1,2,0.0
229145925280,P1-fast-idle,931,1334,0,1,2,0.0
229146094125,P1-fast-idle,931,1334,0,1,2,0.0
229146262910,P1-fast-idle,932,1335,0,1,2,0.0
229146432226,P1-fast-idle,932,1335,0,1,2,0.0
229146607192,P1-fast-idle,932,1335,0,1,2,0.0
229146776618,P1-fast-idle,932,1335,0,1,2,0.0
229146945062,P1-fast-idle,932,1335,0,1,2,0.0
229147118446,P1-fast-idle,932,1335,0,1,2,0.0
229147286980,P1-fast-idle,932,1335,0,1,2,0.0
229147463930,P1-fast-idle,933,1336,0,1,2,0.0
229147635591,P1-fast-idle,933,1336,0,1,2,0.0
229147804536,P1-fast-idle,933,1336,0,1,2,0.0
229147972780,P1-fast-idle,933,1336,0,1,2,0.0
229148108838,P1-fast-idle,933,1336,0,1,2,0.0
229148282933,P1-fast-idle,933,1336,0,1,2,0.0
229148460675,P1-fast-idle,934,1337,0,1,2,0.0
229148631934,P1-fast-idle,934,1337,0,1,2,0.0
229148802452,P1-fast-idle,934,1337,0,1,2,0.0
229148972550,P1-fast-idle,934,1337,0,1,2,0.0
229149143749,P1-fast-idle,934,1337,0,1,2,0.0
229149313766,P1-fast-idle,934,1337,0,1,2,0.0
229149485457,P1-fast-idle,935,1338,0,1,2,0.0
229149656716,P1-fast-idle,935,1338,0,1,2,0.0
229149827144,P1-fast-idle,935,1338,0,1,2,0.0
229149997602,P1-fast-idle,935,1338,0,1,2,0.0
229150168581,P1-fast-idle,935,1338,0,1,2,0.0
229150338498,P1-fast-idle,935,1338,0,1,2,0.0
229150518514,P1-fast-idle,936,1340,0,1,2,0.0
229150692889,P1-fast-idle,936,1340,0,1,2,0.0
229150863407,P1-fast-idle,936,1340,0,1,2,0.0
229151034867,P1-fast-idle,936,1340,0,1,2,0.0
229151204854,P1-fast-idle,936,1340,0,1,2,0.0
229151374721,P1-fast-idle,936,1340,0,1,2,0.0
229151544799,P1-fast-idle,936,1340,0,1,2,0.0
229151721117,P1-fast-idle,937,1341,0,1,2,0.0
229151892637,P1-fast-idle,937,1341,0,1,2,0.0
229152063787,P1-fast-idle,937,1341,0,1,2,0.0
229152234305,P1-fast-idle,937,1341,0,1,2,0.0
229152404042,P1-fast-idle,937,1341,0,1,2,0.0
229152578317,P1-fast-idle,937,1341,0,1,2,0.0
229152750749,P1-fast-idle,938,1342,0,1,2,0.0
229152922239,P1-fast-idle,938,1342,0,1,2,0.0
229153094280,P1-fast-idle,938,1342,0,1,2,0.0
229153264607,P1-fast-idle,938,1342,0,1,2,0.0
229153434815,P1-fast-idle,938,1342,0,1,2,0.0
229153603259,P1-fast-idle,938,1342,0,1,2,0.0
229153775420,P1-fast-idle,939,1343,0,1,2,0.0
229153946550,P1-fast-idle,939,1343,0,1,2,0.0
229154117739,P1-fast-idle,939,1343,0,1,2,0.0
229154288027,P1-fast-idle,939,1343,0,1,2,0.0
229154458715,P1-fast-idle,939,1343,0,1,2,0.0
229154628843,P1-fast-idle,939,1343,0,1,2,0.0
229154809770,P1-fast-idle,940,1344,0,1,2,0.0
229154981100,P1-fast-idle,940,1344,0,1,2,0.0
229155158511,P1-fast-idle,940,1344,0,1,2,0.0
229155329199,P1-fast-idle,940,1344,0,1,2,0.0
229155499928,P1-fast-idle,940,1344,0,1,2,0.0
229155669724,P1-fast-idle,940,1344,0,1,2,0.0
229155847556,P1-fast-idle,940,1344,0,1,2,0.0
229156021371,P1-fast-idle,941,1345,0,1,2,0.0
229156192440,P1-fast-idle,941,1345,0,1,2,0.0
229156362597,P1-fast-idle,941,1345,0,1,2,0.0
229156532614,P1-fast-idle,941,1345,0,1,2,0.0
229156702542,P1-fast-idle,941,1345,0,1,2,0.0
229156872539,P1-fast-idle,941,1345,0,1,2,0.0
229157045431,P1-fast-idle,942,1346,0,1,2,0.0
229157216651,P1-fast-idle,942,1346,0,1,2,0.0
229157386918,P1-fast-idle,942,1346,0,1,2,0.0
229157557066,P1-fast-idle,942,1346,0,1,2,0.0
229157727163,P1-fast-idle,942,1346,0,1,2,0.0
229157897240,P1-fast-idle,942,1346,0,1,2,0.0
229158073810,P1-fast-idle,943,1347,0,1,2,0.0
229158244919,P1-fast-idle,943,1347,0,1,2,0.0
229158418844,P1-fast-idle,943,1347,0,1,2,0.0
229158589311,P1-fast-idle,943,1347,0,1,2,0.0
229158759329,P1-fast-idle,943,1347,0,1,2,0.0
229158929306,P1-fast-idle,943,1347,0,1,2,0.0
229159101507,P1-fast-idle,944,1348,0,1,2,0.0
229159272306,P1-fast-idle,944,1348,0,1,2,0.0
229159442574,P1-fast-idle,944,1348,0,1,2,0.0
229159612691,P1-fast-idle,944,1348,0,1,2,0.0
229159782938,P1-fast-idle,944,1348,0,1,2,0.0
229159953016,P1-fast-idle,944,1348,0,1,2,0.0
229160131719,P1-fast-idle,944,1348,0,1,2,0.0
229160304682,P1-fast-idle,945,1349,0,1,2,0.0
229160475470,P1-fast-idle,945,1349,0,1,2,0.0
229160645678,P1-fast-idle,945,1349,0,1,2,0.0
229160815635,P1-fast-idle,945,1349,0,1,2,0.0
229160985693,P1-fast-idle,945,1349,0,1,2,0.0
229161156732,P1-fast-idle,945,1349,0,1,2,0.0
229161328873,P1-fast-idle,946,1350,0,1,2,0.0
229161500173,P1-fast-idle,946,1350,0,1,2,0.0
229161670510,P1-fast-idle,946,1350,0,1,2,0.0
229161845346,P1-fast-idle,946,1350,0,1,2,0.0
229162016906,P1-fast-idle,946,1350,0,1,2,0.0
229162187294,P1-fast-idle,946,1350,0,1,2,0.0
229162359546,P1-fast-idle,947,1351,0,1,2,0.0
229162531266,P1-fast-idle,947,1351,0,1,2,0.0
229162701323,P1-fast-idle,947,1351,0,1,2,0.0
229162871331,P1-fast-idle,947,1351,0,1,2,0.0
229163041969,P1-fast-idle,947,1351,0,1,2,0.0
229163212176,P1-fast-idle,947,1351,0,1,2,0.0
229163384438,P1-fast-idle,948,1352,0,1,2,0.0
229163559795,P1-fast-idle,948,1352,0,1,2,0.0
229163730233,P1-fast-idle,948,1352,0,1,2,0.0
229163900040,P1-fast-idle,948,1352,0,1,2,0.0
229164070898,P1-fast-idle,948,1352,0,1,2,0.0
229164241607,P1-fast-idle,948,1352,0,1,2,0.0
229164423406,P1-fast-idle,948,1352,0,1,2,0.0
229164596499,P1-fast-idle,949,1353,0,1,2,0.0
229164766897,P1-fast-idle,949,1353,0,1,2,0.0
229164936954,P1-fast-idle,949,1353,0,1,2,0.0
229165111911,P1-fast-idle,949,1353,0,1,2,0.0
229165282048,P1-fast-idle,949,1353,0,1,2,0.0
229165452196,P1-fast-idle,949,1353,0,1,2,0.0
229165624327,P1-fast-idle,950,1355,0,1,2,0.0
229165795306,P1-fast-idle,950,1355,0,1,2,0.0
229165968940,P1-fast-idle,950,1355,0,1,2,0.0
229166140229,P1-fast-idle,950,1355,0,1,2,0.0
229166310166,P1-fast-idle,950,1355,0,1,2,0.0
229166479943,P1-fast-idle,950,1355,0,1,2,0.0
229166652185,P1-fast-idle,951,1356,0,1,2,0.0
229166823103,P1-fast-idle,951,1356,0,1,2,0.0
229166992920,P1-fast-idle,951,1356,0,1,2,0.0
229167163739,P1-fast-idle,951,1356,0,1,2,0.0
229167333826,P1-fast-idle,951,1356,0,1,2,0.0
229167504124,P1-fast-idle,951,1356,0,1,2,0.0
229167676205,P1-fast-idle,952,1357,0,1,2,0.0
229167847665,P1-fast-idle,952,1357,0,1,2,0.0
229168018654,P1-fast-idle,952,1357,0,1,2,0.0
229168188932,P1-fast-idle,952,1357,0,1,2,0.0
229168359339,P1-fast-idle,952,1357,0,1,2,0.0
229168533434,P1-fast-idle,952,1357,0,1,2,0.0
229168714522,P1-fast-idle,952,1357,0,1,2,0.0
229168888016,P1-fast-idle,953,1358,0,1,2,0.0
229169063664,P1-fast-idle,953,1358,0,1,2,0.0
229169234312,P1-fast-idle,953,1358,0,1,2,0.0
229169404760,P1-fast-idle,953,1358,0,1,2,0.0
229169575178,P1-fast-idle,953,1358,0,1,2,0.0
229169745506,P1-fast-idle,953,1358,0,1,2,0.0
229169918539,P1-fast-idle,954,1359,0,1,2,0.0
229170090890,P1-fast-idle,954,1359,0,1,2,0.0
229170261719,P1-fast-idle,954,1359,0,1,2,0.0
229170432066,P1-fast-idle,954,1359,0,1,2,0.0
229170602114,P1-fast-idle,954,1359,0,1,2,0.0
229170772111,P1-fast-idle,954,1359,0,1,2,0.0
229170944543,P1-fast-idle,955,1360,0,1,2,0.0
229171116403,P1-fast-idle,955,1360,0,1,2,0.0
229171287062,P1-fast-idle,955,1360,0,1,2,0.0
229171457550,P1-fast-idle,955,1360,0,1,2,0.0
229171627697,P1-fast-idle,955,1360,0,1,2,0.0
229171802163,P1-fast-idle,955,1360,0,1,2,0.0
229171974524,P1-fast-idle,956,1361,0,1,2,0.0
229172146545,P1-fast-idle,956,1361,0,1,2,0.0
229172316783,P1-fast-idle,956,1361,0,1,2,0.0
229172486740,P1-fast-idle,956,1361,0,1,2,0.0
229172656627,P1-fast-idle,956,1361,0,1,2,0.0
229172826694,P1-fast-idle,956,1361,0,1,2,0.0
229173007762,P1-fast-idle,957,1362,0,1,2,0.0
229173181025,P1-fast-idle,957,1362,0,1,2,0.0
229173351213,P1-fast-idle,957,1362,0,1,2,0.0
229173521400,P1-fast-idle,957,1362,0,1,2,0.0
229173691458,P1-fast-idle,957,1362,0,1,2,0.0
229173861495,P1-fast-idle,957,1362,0,1,2,0.0
229174035910,P1-fast-idle,957,1362,0,1,2,0.0
229174208472,P1-fast-idle,958,1363,0,1,2,0.0
229174379551,P1-fast-idle,958,1363,0,1,2,0.0
229174555409,P1-fast-idle,958,1363,0,1,2,0.0
229174724545,P1-fast-idle,958,1363,0,1,2,0.0
229174892588,P1-fast-idle,958,1363,0,1,2,0.0
229175059530,P1-fast-idle,958,1363,0,1,2,0.0
229175230759,P1-fast-idle,959,1364,0,1,2,0.0
229175401488,P1-fast-idle,959,1364,0,1,2,0.0
229175566937,P1-fast-idle,959,1364,0,1,2,0.0
229175731814,P1-fast-idle,959,1364,0,1,2,0.0
229175896662,P1-fast-idle,959,1364,0,1,2,0.0
229176179560,P1-fast-idle,959,1364,0,1,2,0.0
229176353795,P1-fast-idle,960,1365,0,1,2,0.0
229176525024,P1-fast-idle,960,1365,0,1,2,0.0
229176695192,P1-fast-idle,960,1365,0,1,2,0.0
229176865439,P1-fast-idle,960,1365,0,1,2,0.0
229177041057,P1-fast-idle,960,1365,0,1,2,0.0
229177211755,P1-fast-idle,960,1365,0,1,2,0.0
229177384007,P1-fast-idle,961,1366,0,1,2,0.0
229177555066,P1-fast-idle,961,1366,0,1,2,0.0
229177725464,P1-fast-idle,961,1366,0,1,2,0.0
229177895461,P1-fast-idle,961,1366,0,1,2,0.0
229178066310,P1-fast-idle,961,1366,0,1,2,0.0
229178236537,P1-fast-idle,961,1366,0,1,2,0.0
229178408708,P1-fast-idle,962,1367,0,1,2,0.0
229178583825,P1-fast-idle,962,1367,0,1,2,0.0
229178754103,P1-fast-idle,962,1367,0,1,2,0.0
229178924310,P1-fast-idle,962,1367,0,1,2,0.0
229179095209,P1-fast-idle,962,1367,0,1,2,0.0
229179265547,P1-fast-idle,962,1367,0,1,2,0.0
229179437358,P1-fast-idle,963,1368,0,1,2,0.0
229179606082,P1-fast-idle,963,1368,0,1,2,0.0
229179776410,P1-fast-idle,963,1368,0,1,2,0.0
229179950285,P1-fast-idle,963,1368,0,1,2,0.0
229180121594,P1-fast-idle,963,1368,0,1,2,0.0
229180291812,P1-fast-idle,963,1368,0,1,2,0.0
229180473150,P1-fast-idle,963,1368,0,1,2,0.0
229180645973,P1-fast-idle,964,1370,0,1,2,0.0
229180817883,P1-fast-idle,964,1370,0,1,2,0.0
229180988141,P1-fast-idle,964,1370,0,1,2,0.0
229181158950,P1-fast-idle,964,1370,0,1,2,0.0
229181328947,P1-fast-idle,964,1370,0,1,2,0.0
229181498854,P1-fast-idle,964,1370,0,1,2,0.0
229181670895,P1-fast-idle,965,1371,0,1,2,0.0
229181841934,P1-fast-idle,965,1371,0,1,2,0.0
229182016880,P1-fast-idle,965,1371,0,1,2,0.0
229182187549,P1-fast-idle,965,1371,0,1,2,0.0
229182357666,P1-fast-idle,965,1371,0,1,2,0.0
229182527713,P1-fast-idle,965,1371,0,1,2,0.0
229182699774,P1-fast-idle,966,1372,0,1,2,0.0
229182870894,P1-fast-idle,966,1372,0,1,2,0.0
229183041712,P1-fast-idle,966,1372,0,1,2,0.0
229183212150,P1-fast-idle,966,1372,0,1,2,0.0
229183382057,P1-fast-idle,966,1372,0,1,2,0.0
229183552395,P1-fast-idle,966,1372,0,1,2,0.0
229183724566,P1-fast-idle,967,1373,0,1,2,0.0
229183895585,P1-fast-idle,967,1373,0,1,2,0.0
229184066915,P1-fast-idle,967,1373,0,1,2,0.0
229184237293,P1-fast-idle,967,1373,0,1,2,0.0
229184407360,P1-fast-idle,967,1373,0,1,2,0.0
229184577408,P1-fast-idle,967,1373,0,1,2,0.0
229184755029,P1-fast-idle,967,1373,0,1,2,0.0
229184929094,P1-fast-idle,968,1374,0,1,2,0.0
229185100293,P1-fast-idle,968,1374,0,1,2,0.0
229185278456,P1-fast-idle,968,1374,0,1,2,0.0
229185451568,P1-fast-idle,968,1374,0,1,2,0.0
229185622537,P1-fast-idle,968,1374,0,1,2,0.0
229185792685,P1-fast-idle,968,1374,0,1,2,0.0
229185964596,P1-fast-idle,969,1375,0,1,2,0.0
229186136015,P1-fast-idle,969,1375,0,1,2,0.0
229186305892,P1-fast-idle,969,1375,0,1,2,0.0
229186475959,P1-fast-idle,969,1375,0,1,2,0.0
229186646408,P1-fast-idle,969,1375,0,1,2,0.0
229186816104,P1-fast-idle,969,1375,0,1,2,0.0
229186988105,P1-fast-idle,970,1376,0,1,2,0.0
229187159595,P1-fast-idle,970,1376,0,1,2,0.0
229187329622,P1-fast-idle,970,1376,0,1,2,0.0
229187499980,P1-fast-idle,970,1376,0,1,2,0.0
229187670178,P1-fast-idle,970,1376,0,1,2,0.0
229187840475,P1-fast-idle,970,1376,0,1,2,0.0
229188016824,P1-fast-idle,971,1377,0,1,2,0.0
229188188254,P1-fast-idle,971,1377,0,1,2,0.0
229188358121,P1-fast-idle,971,1377,0,1,2,0.0
229188528369,P1-fast-idle,971,1377,0,1,2,0.0
229188702323,P1-fast-idle,971,1377,0,1,2,0.0
229188872200,P1-fast-idle,971,1377,0,1,2,0.0
229189053929,P1-fast-idle,972,1378,0,1,2,0.0
229189226301,P1-fast-idle,972,1378,0,1,2,0.0
229189396508,P1-fast-idle,972,1378,0,1,2,0.0
229189566926,P1-fast-idle,972,1378,0,1,2,0.0
229189737214,P1-fast-idle,972,1378,0,1,2,0.0
229189907321,P1-fast-idle,972,1378,0,1,2,0.0
229190078240,P1-fast-idle,972,1378,0,1,2,0.0
229190252365,P1-fast-idle,973,1379,0,1,2,0.0
229190423234,P1-fast-idle,973,1379,0,1,2,0.0
229190593993,P1-fast-idle,973,1379,0,1,2,0.0
229190764300,P1-fast-idle,973,1379,0,1,2,0.0
229190938706,P1-fast-idle,973,1379,0,1,2,0.0
229191110446,P1-fast-idle,973,1379,0,1,2,0.0
229191283268,P1-fast-idle,974,1380,0,1,2,0.0
229191454207,P1-fast-idle,974,1380,0,1,2,0.0
229191624766,P1-fast-idle,974,1380,0,1,2,0.0
229191795204,P1-fast-idle,974,1380,0,1,2,0.0
229191969228,P1-fast-idle,974,1380,0,1,2,0.0
229192140468,P1-fast-idle,974,1380,0,1,2,0.0
229192312579,P1-fast-idle,975,1381,0,1,2,0.0
229192483588,P1-fast-idle,975,1381,0,1,2,0.0
229192653756,P1-fast-idle,975,1381,0,1,2,0.0
229192823552,P1-fast-idle,975,1381,0,1,2,0.0
229192993630,P1-fast-idle,975,1381,0,1,2,0.0
229193164769,P1-fast-idle,975,1381,0,1,2,0.0
229193339765,P1-fast-idle,976,1382,0,1,2,0.0
229193510965,P1-fast-idle,976,1382,0,1,2,0.0
229193681182,P1-fast-idle,976,1382,0,1,2,0.0
229193851190,P1-fast-idle,976,1382,0,1,2,0.0
229194021878,P1-fast-idle,976,1382,0,1,2,0.0
229194191975,P1-fast-idle,976,1382,0,1,2,0.0
229194367402,P1-fast-idle,976,1382,0,1,2,0.0
229194539724,P1-fast-idle,977,1383,0,1,2,0.0
229194710393,P1-fast-idle,977,1383,0,1,2,0.0
229194880760,P1-fast-idle,977,1383,0,1,2,0.0
229195052420,P1-fast-idle,977,1383,0,1,2,0.0
229195222488,P1-fast-idle,977,1383,0,1,2,0.0
229195396863,P1-fast-idle,977,1383,0,1,2,0.0
229195568794,P1-fast-idle,978,1385,0,1,2,0.0
229195739562,P1-fast-idle,978,1385,0,1,2,0.0
229195909570,P1-fast-idle,978,1385,0,1,2,0.0
229196080819,P1-fast-idle,978,1385,0,1,2,0.0
229196250696,P1-fast-idle,978,1385,0,1,2,0.0
229196425482,P1-fast-idle,978,1385,0,1,2,0.0
229196597914,P1-fast-idle,979,1386,0,1,2,0.0
229196768973,P1-fast-idle,979,1386,0,1,2,0.0
229196939111,P1-fast-idle,979,1386,0,1,2,0.0
229197110210,P1-fast-idle,979,1386,0,1,2,0.0
229197280157,P1-fast-idle,979,1386,0,1,2,0.0
229197450224,P1-fast-idle,979,1386,0,1,2,0.0
229197622696,P1-fast-idle,980,1387,0,1,2,0.0
229197793685,P1-fast-idle,980,1387,0,1,2,0.0
229197964223,P1-fast-idle,980,1387,0,1,2,0.0
229198135763,P1-fast-idle,980,1387,0,1,2,0.0
229198306722,P1-fast-idle,980,1387,0,1,2,0.0
229198476980,P1-fast-idle,980,1387,0,1,2,0.0
229198663328,P1-fast-idle,980,1387,0,1,2,0.0
229198836391,P1-fast-idle,981,1388,0,1,2,0.0
229199011718,P1-fast-idle,981,1388,0,1,2,0.0
229199182476,P1-fast-idle,981,1388,0,1,2,0.0
229199352483,P1-fast-idle,981,1388,0,1,2,0.0
229199522380,P1-fast-idle,981,1388,0,1,2,0.0
229199692267,P1-fast-idle,981,1388,0,1,2,0.0
229199864469,P1-fast-idle,982,1389,0,1,2,0.0
229200036219,P1-fast-idle,982,1389,0,1,2,0.0
229200206276,P1-fast-idle,982,1389,0,1,2,0.0
229200376293,P1-fast-idle,982,1389,0,1,2,0.0
229200546140,P1-fast-idle,982,1389,0,1,2,0.0
229200716087,P1-fast-idle,982,1389,0,1,2,0.0
229200888279,P1-fast-idle,983,1390,0,1,2,0.0
229201060830,P1-fast-idle,983,1390,0,1,2,0.0
229201231178,P1-fast-idle,983,1390,0,1,2,0.0
229201401245,P1-fast-idle,983,1390,0,1,2,0.0
229201571343,P1-fast-idle,983,1390,0,1,2,0.0
229201741110,P1-fast-idle,983,1390,0,1,2,0.0
229201916617,P1-fast-idle,984,1391,0,1,2,0.0
229202092365,P1-fast-idle,984,1391,0,1,2,0.0
229202262683,P1-fast-idle,984,1391,0,1,2,0.0
229202432720,P1-fast-idle,984,1391,0,1,2,0.0
229202600643,P1-fast-idle,984,1391,0,1,2,0.0
229202770380,P1-fast-idle,984,1391,0,1,2,0.0
229202947200,P1-fast-idle,984,1391,0,1,2,0.0
229203120964,P1-fast-idle,985,1392,0,1,2,0.0
229203291993,P1-fast-idle,985,1392,0,1,2,0.0
229203461840,P1-fast-idle,985,1392,0,1,2,0.0
229203631998,P1-fast-idle,985,1392,0,1,2,0.0
229203802085,P1-fast-idle,985,1392,0,1,2,0.0
229203972232,P1-fast-idle,985,1392,0,1,2,0.0
229204144524,P1-fast-idle,986,1393,0,1,2,0.0
229204316605,P1-fast-idle,986,1393,0,1,2,0.0
229204486191,P1-fast-idle,986,1393,0,1,2,0.0
229204656018,P1-fast-idle,986,1393,0,1,2,0.0
229204826055,P1-fast-idle,986,1393,0,1,2,0.0
229204996172,P1-fast-idle,986,1393,0,1,2,0.0
229205168694,P1-fast-idle,987,1394,0,1,2,0.0
229205343391,P1-fast-idle,987,1394,0,1,2,0.0
229205513898,P1-fast-idle,987,1394,0,1,2,0.0
229205683886,P1-fast-idle,987,1394,0,1,2,0.0
229205854314,P1-fast-idle,987,1394,0,1,2,0.0
229206025353,P1-fast-idle,987,1394,0,1,2,0.0
229206197073,P1-fast-idle,988,1395,0,1,2,0.0
229206368243,P1-fast-idle,988,1395,0,1,2,0.0
229206538670,P1-fast-idle,988,1395,0,1,2,0.0
229206708808,P1-fast-idle,988,1395,0,1,2,0.0
229206879036,P1-fast-idle,988,1395,0,1,2,0.0
229207049995,P1-fast-idle,988,1395,0,1,2,0.0
229207227956,P1-fast-idle,988,1395,0,1,2,0.0
229207407782,P1-fast-idle,989,1396,0,1,2,0.0
229207578991,P1-fast-idle,989,1396,0,1,2,0.0
229207749289,P1-fast-idle,989,1396,0,1,2,0.0
229207919517,P1-fast-idle,989,1396,0,1,2,0.0
229208090987,P1-fast-idle,989,1396,0,1,2,0.0
229208260934,P1-fast-idle,989,1396,0,1,2,0.0
229208432484,P1-fast-idle,990,1397,0,1,2,0.0
229208601529,P1-fast-idle,990,1397,0,1,2,0.0
229208775443,P1-fast-idle,990,1397,0,1,2,0.0
229208945571,P1-fast-idle,990,1397,0,1,2,0.0
229209116901,P1-fast-idle,990,1397,0,1,2,0.0
229209287229,P1-fast-idle,990,1397,0,1,2,0.0
229209459189,P1-fast-idle,991,1398,0,1,2,0.0
229209630619,P1-fast-idle,991,1398,0,1,2,0.0
229209804433,P1-fast-idle,991,1398,0,1,2,0.0
229209974741,P1-fast-idle,991,1398,0,1,2,0.0
229210145350,P1-fast-idle,991,1398,0,1,2,0.0
229210315186,P1-fast-idle,991,1398,0,1,2,0.0
229210486947,P1-fast-idle,992,1399,0,1,2,0.0
229210657866,P1-fast-idle,992,1399,0,1,2,0.0
229210828163,P1-fast-idle,992,1399,0,1,2,0.0
229210998361,P1-fast-idle,992,1399,0,1,2,0.0
229211169140,P1-fast-idle,992,1399,0,1,2,0.0
229211338906,P1-fast-idle,992,1399,0,1,2,0.0
229211519082,P1-fast-idle,993,1401,0,1,2,0.0
229211692826,P1-fast-idle,993,1401,0,1,2,0.0
229211863024,P1-fast-idle,993,1401,0,1,2,0.0
229212038010,P1-fast-idle,993,1401,0,1,2,0.0
229212208388,P1-fast-idle,993,1401,0,1,2,0.0
229212378205,P1-fast-idle,993,1401,0,1,2,0.0
229212548122,P1-fast-idle,993,1401,0,1,2,0.0
229212720103,P1-fast-idle,994,1402,0,1,2,0.0
229212895230,P1-fast-idle,994,1402,0,1,2,0.0
229213066309,P1-fast-idle,994,1402,0,1,2,0.0
229213236547,P1-fast-idle,994,1402,0,1,2,0.0
229213406243,P1-fast-idle,994,1402,0,1,2,0.0
229213576231,P1-fast-idle,994,1402,0,1,2,0.0
229213748402,P1-fast-idle,995,1403,0,1,2,0.0
229213919591,P1-fast-idle,995,1403,0,1,2,0.0
229214090299,P1-fast-idle,995,1403,0,1,2,0.0
229214260417,P1-fast-idle,995,1403,0,1,2,0.0
229214430264,P1-fast-idle,995,1403,0,1,2,0.0
229214600522,P1-fast-idle,995,1403,0,1,2,0.0
229214772763,P1-fast-idle,996,1404,0,1,2,0.0
229214944293,P1-fast-idle,996,1404,0,1,2,0.0
229215115122,P1-fast-idle,996,1404,0,1,2,0.0
229215285179,P1-fast-idle,996,1404,0,1,2,0.0
229215459103,P1-fast-idle,996,1404,0,1,2,0.0
229215629101,P1-fast-idle,996,1404,0,1,2,0.0
229215807774,P1-fast-idle,997,1405,0,1,2,0.0
229215979013,P1-fast-idle,997,1405,0,1,2,0.0
229216150253,P1-fast-idle,997,1405,0,1,2,0.0
229216320320,P1-fast-idle,997,1405,0,1,2,0.0
229216490207,P1-fast-idle,997,1405,0,1,2,0.0
229216660164,P1-fast-idle,997,1405,0,1,2,0.0
229216833838,P1-fast-idle,997,1405,0,1,2,0.0
229217006159,P1-fast-idle,998,1406,0,1,2,0.0
229217177690,P1-fast-idle,998,1406,0,1,2,0.0
229217347877,P1-fast-idle,998,1406,0,1,2,0.0
229217517904,P1-fast-idle,998,1406,0,1,2,0.0
229217687761,P1-fast-idle,998,1406,0,1,2,0.0
229217857618,P1-fast-idle,998,1406,0,1,2,0.0
229218030751,P1-fast-idle,999,1407,0,1,2,0.0
229218202001,P1-fast-idle,999,1407,0,1,2,0.0
229218397566,P1-fast-idle,999,1407,0,1,2,0.0
229218569066,P1-fast-idle,999,1407,0,1,2,0.0
229218743741,P1-fast-idle,999,1407,0,1,2,0.0
229218914049,P1-fast-idle,999,1407,0,1,2,0.0
229219087533,P1-fast-idle,1000,1408,0,1,2,0.0
229219258742,P1-fast-idle,1000,1408,0,1,2,0.0
229219429000,P1-fast-idle,1000,1408,0,1,2,0.0
229219599338,P1-fast-idle,1000,1408,0,1,2,0.0
229219769455,P1-fast-idle,1000,1408,0,1,2,0.0
229219939983,P1-fast-idle,1000,1408,0,1,2,0.0
229220112595,P1-fast-idle,1001,1409,0,1,2,0.0
229220284065,P1-fast-idle,1001,1409,0,1,2,0.0
229220454413,P1-fast-idle,1001,1409,0,1,2,0.0
229220624971,P1-fast-idle,1001,1409,0,1,2,0.0
229220799206,P1-fast-idle,1001,1409,0,1,2,0.0
229220969514,P1-fast-idle,1001,1409,0,1,2,0.0
229221150382,P1-fast-idle,1002,1410,0,1,2,0.0
229221325178,P1-fast-idle,1002,1410,0,1,2,0.0
229221495636,P1-fast-idle,1002,1410,0,1,2,0.0
229221665793,P1-fast-idle,1002,1410,0,1,2,0.0
229221835770,P1-fast-idle,1002,1410,0,1,2,0.0
229222005707,P1-fast-idle,1002,1410,0,1,2,0.0
229222180363,P1-fast-idle,1002,1410,0,1,2,0.0
229222352895,P1-fast-idle,1003,1411,0,1,2,0.0
229222523824,P1-fast-idle,1003,1411,0,1,2,0.0
229222694042,P1-fast-idle,1003,1411,0,1,2,0.0
229222864269,P1-fast-idle,1003,1411,0,1,2,0.0
229223035398,P1-fast-idle,1003,1411,0,1,2,0.0
229223205926,P1-fast-idle,1003,1411,0,1,2,0.0
229223377967,P1-fast-idle,1004,1412,0,1,2,0.0
229223549227,P1-fast-idle,1004,1412,0,1,2,0.0
229223723612,P1-fast-idle,1004,1412,0,1,2,0.0
229223893760,P1-fast-idle,1004,1412,0,1,2,0.0
229224064789,P1-fast-idle,1004,1412,0,1,2,0.0
229224234986,P1-fast-idle,1004,1412,0,1,2,0.0
229224407138,P1-fast-idle,1005,1413,0,1,2,0.0
229224578237,P1-fast-idle,1005,1413,0,1,2,0.0
229224748174,P1-fast-idle,1005,1413,0,1,2,0.0
229224918151,P1-fast-idle,1005,1413,0,1,2,0.0
229225089080,P1-fast-idle,1005,1413,0,1,2,0.0
229225259428,P1-fast-idle,1005,1413,0,1,2,0.0
229225443191,P1-fast-idle,1006,1414,0,1,2,0.0
229225615192,P1-fast-idle,1006,1414,0,1,2,0.0
229225785589,P1-fast-idle,1006,1414,0,1,2,0.0
229225955897,P1-fast-idle,1006,1414,0,1,2,0.0
229226127006,P1-fast-idle,1006,1414,0,1,2,0.0
229226297164,P1-fast-idle,1006,1414,0,1,2,0.0
229226475226,P1-fast-idle,1006,1414,0,1,2,0.0
229226648259,P1-fast-idle,1007,1416,0,1,2,0.0
229226819017,P1-fast-idle,1007,1416,0,1,2,0.0
229226989265,P1-fast-idle,1007,1416,0,1,2,0.0
229227160244,P1-fast-idle,1007,1416,0,1,2,0.0
229227330251,P1-fast-idle,1007,1416,0,1,2,0.0
229227500349,P1-fast-idle,1007,1416,0,1,2,0.0
229227672480,P1-fast-idle,1008,1417,0,1,2,0.0
229227843278,P1-fast-idle,1008,1417,0,1,2,0.0
229228013887,P1-fast-idle,1008,1417,0,1,2,0.0
229228184185,P1-fast-idle,1008,1417,0,1,2,0.0
229228353841,P1-fast-idle,1008,1417,0,1,2,0.0
229228524079,P1-fast-idle,1008,1417,0,1,2,0.0
229228696290,P1-fast-idle,1009,1418,0,1,2,0.0
229228873891,P1-fast-idle,1009,1418,0,1,2,0.0
229229045000,P1-fast-idle,1009,1418,0,1,2,0.0
229229218444,P1-fast-idle,1009,1418,0,1,2,0.0
229229388552,P1-fast-idle,1009,1418,0,1,2,0.0
229229558599,P1-fast-idle,1009,1418,0,1,2,0.0
229229730750,P1-fast-idle,1010,1419,0,1,2,0.0
229229901839,P1-fast-idle,1010,1419,0,1,2,0.0
229230072818,P1-fast-idle,1010,1419,0,1,2,0.0
229230242715,P1-fast-idle,1010,1419,0,1,2,0.0
229230412492,P1-fast-idle,1010,1419,0,1,2,0.0
229230582409,P1-fast-idle,1010,1419,0,1,2,0.0
229230763597,P1-fast-idle,1010,1419,0,1,2,0.0
229230935898,P1-fast-idle,1011,1420,0,1,2,0.0
229231107278,P1-fast-idle,1011,1420,0,1,2,0.0
229231277205,P1-fast-idle,1011,1420,0,1,2,0.0
229231447653,P1-fast-idle,1011,1420,0,1,2,0.0
229231617650,P1-fast-idle,1011,1420,0,1,2,0.0
229231791905,P1-fast-idle,1011,1420,0,1,2,0.0
229231964647,P1-fast-idle,1012,1421,0,1,2,0.0
229232140135,P1-fast-idle,1012,1421,0,1,2,0.0
229232310393,P1-fast-idle,1012,1421,0,1,2,0.0
229232479859,P1-fast-idle,1012,1421,0,1,2,0.0
229232650076,P1-fast-idle,1012,1421,0,1,2,0.0
229232820103,P1-fast-idle,1012,1421,0,1,2,0.0
229232992275,P1-fast-idle,1013,1422,0,1,2,0.0
229233164396,P1-fast-idle,1013,1422,0,1,2,0.0
229233334744,P1-fast-idle,1013,1422,0,1,2,0.0
229233505833,P1-fast-idle,1013,1422,0,1,2,0.0
229233676151,P1-fast-idle,1013,1422,0,1,2,0.0
229233846649,P1-fast-idle,1013,1422,0,1,2,0.0
229234019461,P1-fast-idle,1014,1423,0,1,2,0.0
229234191011,P1-fast-idle,1014,1423,0,1,2,0.0
229234361209,P1-fast-idle,1014,1423,0,1,2,0.0
229234531306,P1-fast-idle,1014,1423,0,1,2,0.0
229234705160,P1-fast-idle,1014,1423,0,1,2,0.0
229234875809,P1-fast-idle,1014,1423,0,1,2,0.0
229235057408,P1-fast-idle,1014,1423,0,1,2,0.0
229235230200,P1-fast-idle,1015,1424,0,1,2,0.0
229235400808,P1-fast-idle,1015,1424,0,1,2,0.0
229235578761,P1-fast-idle,1015,1424,0,1,2,0.0
229235749259,P1-fast-idle,1015,1424,0,1,2,0.0
229235919626,P1-fast-idle,1015,1424,0,1,2,0.0
229236091157,P1-fast-idle,1015,1424,0,1,2,0.0
229236263728,P1-fast-idle,1016,1425,0,1,2,0.0
229236435619,P1-fast-idle,1016,1425,0,1,2,0.0
229236603783,P1-fast-idle,1016,1425,0,1,2,0.0
229236773850,P1-fast-idle,1016,1425,0,1,2,0.0
229236944328,P1-fast-idle,1016,1425,0,1,2,0.0
229237115428,P1-fast-idle,1016,1425,0,1,2,0.0
229237287849,P1-fast-idle,1017,1426,0,1,2,0.0
229237459098,P1-fast-idle,1017,1426,0,1,2,0.0
229237629356,P1-fast-idle,1017,1426,0,1,2,0.0
229237799333,P1-fast-idle,1017,1426,0,1,2,0.0
229237969370,P1-fast-idle,1017,1426,0,1,2,0.0
229238140309,P1-fast-idle,1017,1426,0,1,2,0.0
229238312080,P1-fast-idle,1018,1427,0,1,2,0.0
229238482939,P1-fast-idle,1018,1427,0,1,2,0.0
229238653297,P1-fast-idle,1018,1427,0,1,2,0.0
229238827822,P1-fast-idle,1018,1427,0,1,2,0.0
229238998861,P1-fast-idle,1018,1427,0,1,2,0.0
229239170622,P1-fast-idle,1018,1427,0,1,2,0.0
229239343925,P1-fast-idle,1019,1428,0,1,2,0.0
229239510506,P1-fast-idle,1019,1428,0,1,2,0.0
229239676095,P1-fast-idle,1019,1428,0,1,2,0.0
229239841383,P1-fast-idle,1019,1428,0,1,2,0.0
229240031989,P1-fast-idle,1019,1428,0,1,2,0.0
229240210422,P1-fast-idle,1019,1428,0,1,2,0.0
229240389175,P1-fast-idle,1019,1428,0,1,2,0.0
229240562358,P1-fast-idle,1020,1429,0,1,2,0.0
229240733387,P1-fast-idle,1020,1429,0,1,2,0.0
229240903445,P1-fast-idle,1020,1429,0,1,2,0.0
229241074844,P1-fast-idle,1020,1429,0,1,2,0.0
229241245553,P1-fast-idle,1020,1429,0,1,2,0.0
229241415239,P1-fast-idle,1020,1429,0,1,2,0.0
229241587611,P1-fast-idle,1021,1431,0,1,2,0.0
229241759001,P1-fast-idle,1021,1431,0,1,2,0.0
229241929309,P1-fast-idle,1021,1431,0,1,2,0.0
229242100047,P1-fast-idle,1021,1431,0,1,2,0.0
229242274493,P1-fast-idle,1021,1431,0,1,2,0.0
229242444920,P1-fast-idle,1021,1431,0,1,2,0.0
229242614697,P1-fast-idle,1022,1432,0,1,2,0.0
229242789634,P1-fast-idle,1022,1432,0,1,2,0.0
229242960082,P1-fast-idle,1022,1432,0,1,2,0.0
229243132153,P1-fast-idle,1022,1432,0,1,2,0.0
229243302701,P1-fast-idle,1022,1432,0,1,2,0.0
229243473049,P1-fast-idle,1022,1432,0,1,2,0.0
229243645200,P1-fast-idle,1023,1433,0,1,2,0.0
229243816560,P1-fast-idle,1023,1433,0,1,2,0.0
229243986777,P1-fast-idle,1023,1433,0,1,2,0.0
229244157957,P1-fast-idle,1023,1433,0,1,2,0.0
229244328305,P1-fast-idle,1023,1433,0,1,2,0.0
229244498492,P1-fast-idle,1023,1433,0,1,2,0.0
229244680071,P1-fast-idle,1023,1433,0,1,2,0.0
229244855378,P1-fast-idle,1024,1434,0,1,2,0.0
229245025275,P1-fast-idle,1024,1434,0,1,2,0.0
229245195612,P1-fast-idle,1024,1434,0,1,2,0.0
229245365910,P1-fast-idle,1024,1434,0,1,2,0.0
229245540266,P1-fast-idle,1024,1434,0,1,2,0.0
229245713519,P1-fast-idle,1024,1434,0,1,2,0.0
229245886000,P1-fast-idle,1025,1435,0,1,2,0.0
229246057771,P1-fast-idle,1025,1435,0,1,2,0.0
229246227999,P1-fast-idle,1025,1435,0,1,2,0.0
229246398086,P1-fast-idle,1025,1435,0,1,2,0.0
229246568213,P1-fast-idle,1025,1435,0,1,2,0.0
229246738170,P1-fast-idle,1025,1435,0,1,2,0.0
229246910442,P1-fast-idle,1026,1436,0,1,2,0.0
229247082523,P1-fast-idle,1026,1436,0,1,2,0.0
229247247811,P1-fast-idle,1026,1436,0,1,2,0.0
229247413040,P1-fast-idle,1026,1436,0,1,2,0.0
229247578168,P1-fast-idle,1026,1436,0,1,2,0.0
229247743416,P1-fast-idle,1026,1436,0,1,2,0.0
229247911239,P1-fast-idle,1027,1437,0,1,2,0.0
229248090293,P1-fast-idle,1027,1437,0,1,2,0.0
229248261723,P1-fast-idle,1027,1437,0,1,2,0.0
229248430929,P1-fast-idle,1027,1437,0,1,2,0.0
229248599703,P1-fast-idle,1027,1437,0,1,2,0.0
229248767837,P1-fast-idle,1027,1437,0,1,2,0.0
229248946621,P1-fast-idle,1027,1437,0,1,2,0.0
229249119984,P1-fast-idle,1028,1438,0,1,2,0.0
229249287817,P1-fast-idle,1028,1438,0,1,2,0.0
229249454278,P1-fast-idle,1028,1438,0,1,2,0.0
229249620949,P1-fast-idle,1028,1438,0,1,2,0.0
229249787019,P1-fast-idle,1028,1438,0,1,2,0.0
229250010165,P1-fast-idle,1028,1438,0,1,2,0.0
229250186364,P1-fast-idle,1029,1439,0,1,2,0.0
229250358004,P1-fast-idle,1029,1439,0,1,2,0.0
229250528903,P1-fast-idle,1029,1439,0,1,2,0.0
229250700062,P1-fast-idle,1029,1439,0,1,2,0.0
229250870891,P1-fast-idle,1029,1439,0,1,2,0.0
229251042872,P1-fast-idle,1029,1439,0,1,2,0.0
229251219391,P1-fast-idle,1030,1440,0,1,2,0.0
229251391102,P1-fast-idle,1030,1440,0,1,2,0.0
229251561820,P1-fast-idle,1030,1440,0,1,2,0.0
229251732368,P1-fast-idle,1030,1440,0,1,2,0.0
229251903187,P1-fast-idle,1030,1440,0,1,2,0.0
229252074757,P1-fast-idle,1030,1440,0,1,2,0.0
229252251226,P1-fast-idle,1031,1441,0,1,2,0.0
229252422516,P1-fast-idle,1031,1441,0,1,2,0.0
229252592884,P1-fast-idle,1031,1441,0,1,2,0.0
229252763472,P1-fast-idle,1031,1441,0,1,2,0.0
229252933890,P1-fast-idle,1031,1441,0,1,2,0.0
229253105480,P1-fast-idle,1031,1441,0,1,2,0.0
229253278763,P1-fast-idle,1032,1442,0,1,2,0.0
229253449903,P1-fast-idle,1032,1442,0,1,2,0.0
229253623807,P1-fast-idle,1032,1442,0,1,2,0.0
229253794115,P1-fast-idle,1032,1442,0,1,2,0.0
229253964252,P1-fast-idle,1032,1442,0,1,2,0.0
229254135091,P1-fast-idle,1032,1442,0,1,2,0.0
229254317872,P1-fast-idle,1032,1442,0,1,2,0.0
229254490754,P1-fast-idle,1033,1443,0,1,2,0.0
229254661753,P1-fast-idle,1033,1443,0,1,2,0.0
229254831921,P1-fast-idle,1033,1443,0,1,2,0.0
229255002188,P1-fast-idle,1033,1443,0,1,2,0.0
229255173388,P1-fast-idle,1033,1443,0,1,2,0.0
229255343355,P1-fast-idle,1033,1443,0,1,2,0.0
229255515697,P1-fast-idle,1034,1444,0,1,2,0.0
229255691034,P1-fast-idle,1034,1444,0,1,2,0.0
229255862303,P1-fast-idle,1034,1444,0,1,2,0.0
229256033473,P1-fast-idle,1034,1444,0,1,2,0.0
229256203720,P1-fast-idle,1034,1444,0,1,2,0.0
229256374259,P1-fast-idle,1034,1444,0,1,2,0.0
229256547241,P1-fast-idle,1035,1446,0,1,2,0.0
229256722378,P1-fast-idle,1035,1446,0,1,2,0.0
229256893167,P1-fast-idle,1035,1446,0,1,2,0.0
229257064486,P1-fast-idle,1035,1446,0,1,2,0.0
229257234874,P1-fast-idle,1035,1446,0,1,2,0.0
229257405062,P1-fast-idle,1035,1446,0,1,2,0.0
229257577173,P1-fast-idle,1036,1447,0,1,2,0.0
229257748512,P1-fast-idle,1036,1447,0,1,2,0.0
229257919001,P1-fast-idle,1036,1447,0,1,2,0.0
229258090069,P1-fast-idle,1036,1447,0,1,2,0.0
229258260067,P1-fast-idle,1036,1447,0,1,2,0.0
229258430124,P1-fast-idle,1036,1447,0,1,2,0.0
229258610060,P1-fast-idle,1036,1447,0,1,2,0.0
229258800014,P1-fast-idle,1037,1448,0,1,2,0.0
229258980301,P1-fast-idle,1037,1448,0,1,2,0.0
229259152662,P1-fast-idle,1037,1448,0,1,2,0.0
229259323241,P1-fast-idle,1037,1448,0,1,2,0.0
229259493869,P1-fast-idle,1037,1448,0,1,2,0.0
229259670128,P1-fast-idle,1037,1448,0,1,2,0.0
229259842740,P1-fast-idle,1038,1449,0,1,2,0.0
229260015031,P1-fast-idle,1038,1449,0,1,2,0.0
229260185269,P1-fast-idle,1038,1449,0,1,2,0.0
229260355476,P1-fast-idle,1038,1449,0,1,2,0.0
229260525493,P1-fast-idle,1038,1449,0,1,2,0.0
229260695360,P1-fast-idle,1038,1449,0,1,2,0.0
229260867562,P1-fast-idle,1039,1450,0,1,2,0.0
229261039983,P1-fast-idle,1039,1450,0,1,2,0.0
229261210622,P1-fast-idle,1039,1450,0,1,2,0.0
229261381009,P1-fast-idle,1039,1450,0,1,2,0.0
229261551207,P1-fast-idle,1039,1450,0,1,2,0.0
229261721214,P1-fast-idle,1039,1450,0,1,2,0.0
229261893215,P1-fast-idle,1040,1451,0,1,2,0.0
229262064925,P1-fast-idle,1040,1451,0,1,2,0.0
229262239982,P1-fast-idle,1040,1451,0,1,2,0.0
229262413165,P1-fast-idle,1040,1451,0,1,2,0.0
229262583593,P1-fast-idle,1040,1451,0,1,2,0.0
229262753690,P1-fast-idle,1040,1451,0,1,2,0.0
229262925561,P1-fast-idle,1041,1452,0,1,2,0.0
229263098333,P1-fast-idle,1041,1452,0,1,2,0.0
229263268591,P1-fast-idle,1041,1452,0,1,2,0.0
229263439249,P1-fast-idle,1041,1452,0,1,2,0.0
229263607574,P1-fast-idle,1041,1452,0,1,2,0.0
229263778162,P1-fast-idle,1041,1452,0,1,2,0.0
229263958779,P1-fast-idle,1041,1452,0,1,2,0.0
229264133114,P1-fast-idle,1042,1453,0,1,2,0.0
229264304684,P1-fast-idle,1042,1453,0,1,2,0.0
229264475333,P1-fast-idle,1042,1453,0,1,2,0.0
229264649948,P1-fast-idle,1042,1453,0,1,2,0.0
229264820406,P1-fast-idle,1042,1453,0,1,2,0.0
229264990654,P1-fast-idle,1042,1453,0,1,2,0.0
229265161523,P1-fast-idle,1043,1454,0,1,2,0.0
229265332913,P1-fast-idle,1043,1454,0,1,2,0.0
229265503581,P1-fast-idle,1043,1454,0,1,2,0.0
229265677746,P1-fast-idle,1043,1454,0,1,2,0.0
229265848004,P1-fast-idle,1043,1454,0,1,2,0.0
229266018642,P1-fast-idle,1043,1454,0,1,2,0.0
229266190914,P1-fast-idle,1044,1455,0,1,2,0.0
229266362193,P1-fast-idle,1044,1455,0,1,2,0.0
229266532461,P1-fast-idle,1044,1455,0,1,2,0.0
229266702528,P1-fast-idle,1044,1455,0,1,2,0.0
229266872445,P1-fast-idle,1044,1455,0,1,2,0.0
229267043173,P1-fast-idle,1044,1455,0,1,2,0.0
229267214854,P1-fast-idle,1045,1456,0,1,2,0.0
229267385712,P1-fast-idle,1045,1456,0,1,2,0.0
229267559687,P1-fast-idle,1045,1456,0,1,2,0.0
229267730476,P1-fast-idle,1045,1456,0,1,2,0.0
229267900473,P1-fast-idle,1045,1456,0,1,2,0.0
229268071271,P1-fast-idle,1045,1456,0,1,2,0.0
229268249344,P1-fast-idle,1045,1456,0,1,2,0.0
229268424110,P1-fast-idle,1046,1457,0,1,2,0.0
229268595009,P1-fast-idle,1046,1457,0,1,2,0.0
229268765046,P1-fast-idle,1046,1457,0,1,2,0.0
229268935634,P1-fast-idle,1046,1457,0,1,2,0.0
229269110570,P1-fast-idle,1046,1457,0,1,2,0.0
229269281219,P1-fast-idle,1046,1457,0,1,2,0.0
229269453630,P1-fast-idle,1047,1458,0,1,2,0.0
229269624580,P1-fast-idle,1047,1458,0,1,2,0.0
229269794707,P1-fast-idle,1047,1458,0,1,2,0.0
229269964784,P1-fast-idle,1047,1458,0,1,2,0.0
229270135573,P1-fast-idle,1047,1458,0,1,2,0.0
229270305971,P1-fast-idle,1047,1458,0,1,2,0.0
229270478352,P1-fast-idle,1048,1459,0,1,2,0.0
229270649622,P1-fast-idle,1048,1459,0,1,2,0.0
229270819649,P1-fast-idle,1048,1459,0,1,2,0.0
229270989356,P1-fast-idle,1048,1459,0,1,2,0.0
229271159864,P1-fast-idle,1048,1459,0,1,2,0.0
229271329851,P1-fast-idle,1048,1459,0,1,2,0.0
229271501441,P1-fast-idle,1049,1461,0,1,2,0.0
229271672550,P1-fast-idle,1049,1461,0,1,2,0.0
229271842507,P1-fast-idle,1049,1461,0,1,2,0.0
229272012885,P1-fast-idle,1049,1461,0,1,2,0.0
229272183003,P1-fast-idle,1049,1461,0,1,2,0.0
229272356747,P1-fast-idle,1049,1461,0,1,2,0.0
229272534388,P1-fast-idle,1049,1461,0,1,2,0.0
229272709204,P1-fast-idle,1050,1462,0,1,2,0.0
229272879973,P1-fast-idle,1050,1462,0,1,2,0.0
229273054348,P1-fast-idle,1050,1462,0,1,2,0.0
229273224686,P1-fast-idle,1050,1462,0,1,2,0.0
229273394914,P1-fast-idle,1050,1462,0,1,2,0.0
229273565031,P1-fast-idle,1050,1462,0,1,2,0.0
229273738825,P1-fast-idle,1051,1463,0,1,2,0.0
229273909634,P1-fast-idle,1051,1463,0,1,2,0.0
229274080373,P1-fast-idle,1051,1463,0,1,2,0.0
229274250310,P1-fast-idle,1051,1463,0,1,2,0.0
229274421970,P1-fast-idle,1051,1463,0,1,2,0.0
229274592729,P1-fast-idle,1051,1463,0,1,2,0.0
229274765090,P1-fast-idle,1052,1464,0,1,2,0.0
229274936039,P1-fast-idle,1052,1464,0,1,2,0.0
229275105646,P1-fast-idle,1052,1464,0,1,2,0.0
229275275593,P1-fast-idle,1052,1464,0,1,2,0.0
229275445800,P1-fast-idle,1052,1464,0,1,2,0.0
229275620215,P1-fast-idle,1052,1464,0,1,2,0.0
229275795122,P1-fast-idle,1053,1465,0,1,2,0.0
229275966161,P1-fast-idle,1053,1465,0,1,2,0.0
229276137250,P1-fast-idle,1053,1465,0,1,2,0.0
229276307418,P1-fast-idle,1053,1465,0,1,2,0.0
229276477164,P1-fast-idle,1053,1465,0,1,2,0.0
229276647482,P1-fast-idle,1053,1465,0,1,2,0.0
229276828490,P1-fast-idle,1054,1466,0,1,2,0.0
229277000841,P1-fast-idle,1054,1466,0,1,2,0.0
229277171760,P1-fast-idle,1054,1466,0,1,2,0.0
229277342188,P1-fast-idle,1054,1466,0,1,2,0.0
229277512065,P1-fast-idle,1054,1466,0,1,2,0.0
229277682223,P1-fast-idle,1054,1466,0,1,2,0.0
229277853462,P1-fast-idle,1054,1466,0,1,2,0.0
229278031895,P1-fast-idle,1055,1467,0,1,2,0.0
229278203285,P1-fast-idle,1055,1467,0,1,2,0.0
229278373853,P1-fast-idle,1055,1467,0,1,2,0.0
229278548118,P1-fast-idle,1055,1467,0,1,2,0.0
229278718446,P1-fast-idle,1055,1467,0,1,2,0.0
229278888704,P1-fast-idle,1055,1467,0,1,2,0.0
229279064211,P1-fast-idle,1056,1468,0,1,2,0.0
229279230411,P1-fast-idle,1056,1468,0,1,2,0.0
229279395549,P1-fast-idle,1056,1468,0,1,2,0.0
229279560286,P1-fast-idle,1056,1468,0,1,2,0.0
229279725164,P1-fast-idle,1056,1468,0,1,2,0.0
229279890433,P1-fast-idle,1056,1468,0,1,2,0.0
229280029752,P1-fast-idle,1056,1468,0,1,2,0.0
229280203797,P1-fast-idle,1057,1469,0,1,2,0.0
229280375297,P1-fast-idle,1057,1469,0,1,2,0.0
229280545755,P1-fast-idle,1057,1469,0,1,2,0.0
229280715873,P1-fast-idle,1057,1469,0,1,2,0.0
229280886010,P1-fast-idle,1057,1469,0,1,2,0.0
229281057149,P1-fast-idle,1057,1469,0,1,2,0.0
229281229401,P1-fast-idle,1058,1470,0,1,2,0.0
229281400720,P1-fast-idle,1058,1470,0,1,2,0.0
229281571078,P1-fast-idle,1058,1470,0,1,2,0.0
229281741035,P1-fast-idle,1058,1470,0,1,2,0.0
229281911103,P1-fast-idle,1058,1470,0,1,2,0.0
229282081941,P1-fast-idle,1058,1470,0,1,2,0.0
229282253942,P1-fast-idle,1059,1471,0,1,2,0.0
229282430662,P1-fast-idle,1059,1471,0,1,2,0.0
229282601761,P1-fast-idle,1059,1471,0,1,2,0.0
229282771718,P1-fast-idle,1059,1471,0,1,2,0.0
229282941786,P1-fast-idle,1059,1471,0,1,2,0.0
229283113295,P1-fast-idle,1059,1471,0,1,2,0.0
229283285507,P1-fast-idle,1060,1472,0,1,2,0.0
229283456335,P1-fast-idle,1060,1472,0,1,2,0.0
229283626853,P1-fast-idle,1060,1472,0,1,2,0.0
229283797111,P1-fast-idle,1060,1472,0,1,2,0.0
229283971577,P1-fast-idle,1060,1472,0,1,2,0.0
229284142676,P1-fast-idle,1060,1472,0,1,2,0.0
229284324796,P1-fast-idle,1061,1473,0,1,2,0.0
229284499141,P1-fast-idle,1061,1473,0,1,2,0.0
229284669930,P1-fast-idle,1061,1473,0,1,2,0.0
229284839957,P1-fast-idle,1061,1473,0,1,2,0.0
229285010645,P1-fast-idle,1061,1473,0,1,2,0.0
229285180602,P1-fast-idle,1061,1473,0,1,2,0.0
229285350379,P1-fast-idle,1061,1473,0,1,2,0.0
229285522540,P1-fast-idle,1062,1474,0,1,2,0.0
229285697557,P1-fast-idle,1062,1474,0,1,2,0.0
229285867995,P1-fast-idle,1062,1474,0,1,2,0.0
229286039094,P1-fast-idle,1062,1474,0,1,2,0.0
229286209712,P1-fast-idle,1062,1474,0,1,2,0.0
229286379689,P1-fast-idle,1062,1474,0,1,2,0.0
229286554606,P1-fast-idle,1063,1476,0,1,2,0.0
229286725955,P1-fast-idle,1063,1476,0,1,2,0.0
229286896013,P1-fast-idle,1063,1476,0,1,2,0.0
229287066942,P1-fast-idle,1063,1476,0,1,2,0.0
229287237430,P1-fast-idle,1063,1476,0,1,2,0.0
229287407607,P1-fast-idle,1063,1476,0,1,2,0.0
229287579528,P1-fast-idle,1064,1477,0,1,2,0.0
229287750577,P1-fast-idle,1064,1477,0,1,2,0.0
229287920795,P1-fast-idle,1064,1477,0,1,2,0.0
229288091794,P1-fast-idle,1064,1477,0,1,2,0.0
229288261540,P1-fast-idle,1064,1477,0,1,2,0.0
229288431488,P1-fast-idle,1064,1477,0,1,2,0.0
229288612185,P1-fast-idle,1065,1478,0,1,2,0.0
229288783564,P1-fast-idle,1065,1478,0,1,2,0.0
229288953912,P1-fast-idle,1065,1478,0,1,2,0.0
229289127696,P1-fast-idle,1065,1478,0,1,2,0.0
229289297453,P1-fast-idle,1065,1478,0,1,2,0.0
229289474594,P1-fast-idle,1065,1478,0,1,2,0.0
229289654499,P1-fast-idle,1065,1478,0,1,2,0.0
229289827252,P1-fast-idle,1066,1479,0,1,2,0.0
229289998541,P1-fast-idle,1066,1479,0,1,2,0.0
229290169720,P1-fast-idle,1066,1479,0,1,2,0.0
229290339688,P1-fast-idle,1066,1479,0,1,2,0.0
229290509805,P1-fast-idle,1066,1479,0,1,2,0.0
229290679952,P1-fast-idle,1066,1479,0,1,2,0.0
229290852144,P1-fast-idle,1067,1480,0,1,2,0.0
229291023854,P1-fast-idle,1067,1480,0,1,2,0.0
229291193911,P1-fast-idle,1067,1480,0,1,2,0.0
229291364179,P1-fast-idle,1067,1480,0,1,2,0.0
229291534547,P1-fast-idle,1067,1480,0,1,2,0.0
229291704684,P1-fast-idle,1067,1480,0,1,2,0.0
229291876184,P1-fast-idle,1068,1481,0,1,2,0.0
229292048105,P1-fast-idle,1068,1481,0,1,2,0.0
229292218142,P1-fast-idle,1068,1481,0,1,2,0.0
229292392137,P1-fast-idle,1068,1481,0,1,2,0.0
229292562675,P1-fast-idle,1068,1481,0,1,2,0.0
229292737000,P1-fast-idle,1068,1481,0,1,2,0.0
229292908610,P1-fast-idle,1069,1482,0,1,2,0.0
229293080561,P1-fast-idle,1069,1482,0,1,2,0.0
229293250679,P1-fast-idle,1069,1482,0,1,2,0.0
229293420736,P1-fast-idle,1069,1482,0,1,2,0.0
229293591034,P1-fast-idle,1069,1482,0,1,2,0.0
229293761381,P1-fast-idle,1069,1482,0,1,2,0.0
229293942630,P1-fast-idle,1069,1482,0,1,2,0.0
229294116063,P1-fast-idle,1070,1483,0,1,2,0.0
229294287052,P1-fast-idle,1070,1483,0,1,2,0.0
229294457610,P1-fast-idle,1070,1483,0,1,2,0.0
229294627708,P1-fast-idle,1070,1483,0,1,2,0.0
229294798015,P1-fast-idle,1070,1483,0,1,2,0.0
229294972421,P1-fast-idle,1070,1483,0,1,2,0.0
229295144943,P1-fast-idle,1071,1484,0,1,2,0.0
229295315812,P1-fast-idle,1071,1484,0,1,2,0.0
229295485508,P1-fast-idle,1071,1484,0,1,2,0.0
229295655716,P1-fast-idle,1071,1484,0,1,2,0.0
229295829420,P1-fast-idle,1071,1484,0,1,2,0.0
229295999948,P1-fast-idle,1071,1484,0,1,2,0.0
229296172420,P1-fast-idle,1072,1485,0,1,2,0.0
229296343459,P1-fast-idle,1072,1485,0,1,2,0.0
229296513676,P1-fast-idle,1072,1485,0,1,2,0.0
229296683674,P1-fast-idle,1072,1485,0,1,2,0.0
229296853621,P1-fast-idle,1072,1485,0,1,2,0.0
229297024560,P1-fast-idle,1072,1485,0,1,2,0.0
229297196490,P1-fast-idle,1073,1486,0,1,2,0.0
229297371497,P1-fast-idle,1073,1486,0,1,2,0.0
229297541765,P1-fast-idle,1073,1486,0,1,2,0.0
229297712002,P1-fast-idle,1073,1486,0,1,2,0.0
229297882621,P1-fast-idle,1073,1486,0,1,2,0.0
229298053359,P1-fast-idle,1073,1486,0,1,2,0.0
229298234838,P1-fast-idle,1073,1486,0,1,2,0.0
229298407119,P1-fast-idle,1074,1487,0,1,2,0.0
229298578408,P1-fast-idle,1074,1487,0,1,2,0.0
229298748346,P1-fast-idle,1074,1487,0,1,2,0.0
229298918583,P1-fast-idle,1074,1487,0,1,2,0.0
229299093620,P1-fast-idle,1074,1487,0,1,2,0.0
229299263867,P1-fast-idle,1074,1487,0,1,2,0.0
229299436249,P1-fast-idle,1075,1488,0,1,2,0.0
229299605134,P1-fast-idle,1075,1488,0,1,2,0.0
229299775352,P1-fast-idle,1075,1488,0,1,2,0.0
229299946170,P1-fast-idle,1075,1488,0,1,2,0.0
229300117139,P1-fast-idle,1075,1488,0,1,2,0.0
229300287487,P1-fast-idle,1075,1488,0,1,2,0.0
229300463485,P1-fast-idle,1076,1489,0,1,2,0.0
229300634595,P1-fast-idle,1076,1489,0,1,2,0.0
229300804712,P1-fast-idle,1076,1489,0,1,2,0.0
229300974549,P1-fast-idle,1076,1489,0,1,2,0.0
229301147412,P1-fast-idle,1076,1489,0,1,2,0.0
229301317739,P1-fast-idle,1076,1489,0,1,2,0.0
229301490562,P1-fast-idle,1077,1490,0,1,2,0.0
229301661330,P1-fast-idle,1077,1490,0,1,2,0.0
229301831618,P1-fast-idle,1077,1490,0,1,2,0.0
229302001896,P1-fast-idle,1077,1490,0,1,2,0.0
229302172895,P1-fast-idle,1077,1490,0,1,2,0.0
229302343042,P1-fast-idle,1077,1490,0,1,2,0.0
229302526755,P1-fast-idle,1078,1492,0,1,2,0.0
229302698546,P1-fast-idle,1078,1492,0,1,2,0.0
229302869004,P1-fast-idle,1078,1492,0,1,2,0.0
229303040573,P1-fast-idle,1078,1492,0,1,2,0.0
229303205962,P1-fast-idle,1078,1492,0,1,2,0.0
229303370810,P1-fast-idle,1078,1492,0,1,2,0.0
229303535878,P1-fast-idle,1078,1492,0,1,2,0.0
229303706276,P1-fast-idle,1079,1493,0,1,2,0.0
229303875081,P1-fast-idle,1079,1493,0,1,2,0.0
229304043295,P1-fast-idle,1079,1493,0,1,2,0.0
229304211578,P1-fast-idle,1079,1493,0,1,2,0.0
229304379492,P1-fast-idle,1079,1493,0,1,2,0.0
229304547796,P1-fast-idle,1079,1493,0,1,2,0.0
229304718043,P1-fast-idle,1080,1494,0,1,2,0.0
229304887590,P1-fast-idle,1080,1494,0,1,2,0.0
229305056986,P1-fast-idle,1080,1494,0,1,2,0.0
229305225149,P1-fast-idle,1080,1494,0,1,2,0.0
229305393013,P1-fast-idle,1080,1494,0,1,2,0.0
229305561307,P1-fast-idle,1080,1494,0,1,2,0.0
229305738367,P1-fast-idle,1081,1495,0,1,2,0.0
229305911690,P1-fast-idle,1081,1495,0,1,2,0.0
229306080796,P1-fast-idle,1081,1495,0,1,2,0.0
229306248759,P1-fast-idle,1081,1495,0,1,2,0.0
229306416712,P1-fast-idle,1081,1495,0,1,2,0.0
229306584806,P1-fast-idle,1081,1495,0,1,2,0.0
229306752549,P1-fast-idle,1081,1495,0,1,2,0.0
229306924951,P1-fast-idle,1082,1496,0,1,2,0.0
229307094577,P1-fast-idle,1082,1496,0,1,2,0.0
229307262711,P1-fast-idle,1082,1496,0,1,2,0.0
229307430654,P1-fast-idle,1082,1496,0,1,2,0.0
229307598878,P1-fast-idle,1082,1496,0,1,2,0.0
229307766441,P1-fast-idle,1082,1496,0,1,2,0.0
229307936378,P1-fast-idle,1083,1497,0,1,2,0.0
229308106144,P1-fast-idle,1083,1497,0,1,2,0.0
229308278817,P1-fast-idle,1083,1497,0,1,2,0.0
229308447080,P1-fast-idle,1083,1497,0,1,2,0.0
229308614673,P1-fast-idle,1083,1497,0,1,2,0.0
229308782496,P1-fast-idle,1083,1497,0,1,2,0.0
229308952624,P1-fast-idle,1084,1498,0,1,2,0.0
229309126508,P1-fast-idle,1084,1498,0,1,2,0.0
229309295223,P1-fast-idle,1084,1498,0,1,2,0.0
229309463186,P1-fast-idle,1084,1498,0,1,2,0.0
229309631601,P1-fast-idle,1084,1498,0,1,2,0.0
229309799694,P1-fast-idle,1084,1498,0,1,2,0.0
229309977716,P1-fast-idle,1084,1498,0,1,2,0.0
229310151010,P1-fast-idle,1085,1499,0,1,2,0.0
229310319544,P1-fast-idle,1085,1499,0,1,2,0.0
229310487477,P1-fast-idle,1085,1499,0,1,2,0.0
229310655511,P1-fast-idle,1085,1499,0,1,2,0.0
229310823374,P1-fast-idle,1085,1499,0,1,2,0.0
229310991227,P1-fast-idle,1085,1499,0,1,2,0.0
229311165182,P1-fast-idle,1086,1500,0,1,2,0.0
229311334568,P1-fast-idle,1086,1500,0,1,2,0.0
229311502792,P1-fast-idle,1086,1500,0,1,2,0.0
229311670625,P1-fast-idle,1086,1500,0,1,2,0.0
229311838488,P1-fast-idle,1086,1500,0,1,2,0.0
229312006862,P1-fast-idle,1086,1500,0,1,2,0.0
229312176949,P1-fast-idle,1087,1501,0,1,2,0.0
229312349752,P1-fast-idle,1087,1501,0,1,2,0.0
229312518256,P1-fast-idle,1087,1501,0,1,2,0.0
229312686119,P1-fast-idle,1087,1501,0,1,2,0.0
229312853993,P1-fast-idle,1087,1501,0,1,2,0.0
229313022527,P1-fast-idle,1087,1501,0,1,2,0.0
229313197654,P1-fast-idle,1087,1501,0,1,2,0.0
229313370356,P1-fast-idle,1088,1502,0,1,2,0.0
229313539521,P1-fast-idle,1088,1502,0,1,2,0.0
229313707855,P1-fast-idle,1088,1502,0,1,2,0.0
229313875568,P1-fast-idle,1088,1502,0,1,2,0.0
229314045004,P1-fast-idle,1088,1502,0,1,2,0.0
229314213038,P1-fast-idle,1088,1502,0,1,2,0.0
229314382975,P1-fast-idle,1089,1503,0,1,2,0.0
229314552131,P1-fast-idle,1089,1503,0,1,2,0.0
229314720355,P1-fast-idle,1089,1503,0,1,2,0.0
229314888188,P1-fast-idle,1089,1503,0,1,2,0.0
229315056952,P1-fast-idle,1089,1503,0,1,2,0.0
229315224335,P1-fast-idle,1089,1503,0,1,2,0.0
229315394302,P1-fast-idle,1090,1504,0,1,2,0.0
229315562947,P1-fast-idle,1090,1504,0,1,2,0.0
229315735148,P1-fast-idle,1090,1504,0,1,2,0.0
229315903692,P1-fast-idle,1090,1504,0,1,2,0.0
229316072658,P1-fast-idle,1090,1504,0,1,2,0.0
229316240691,P1-fast-idle,1090,1504,0,1,2,0.0
229316418733,P1-fast-idle,1091,1505,0,1,2,0.0
229316593269,P1-fast-idle,1091,1505,0,1,2,0.0
229316761292,P1-fast-idle,1091,1505,0,1,2,0.0
229316929376,P1-fast-idle,1091,1505,0,1,2,0.0
229317098351,P1-fast-idle,1091,1505,0,1,2,0.0
229317266294,P1-fast-idle,1091,1505,0,1,2,0.0
229317434198,P1-fast-idle,1091,1505,0,1,2,0.0
229317604746,P1-fast-idle,1092,1507,0,1,2,0.0
229317774202,P1-fast-idle,1092,1507,0,1,2,0.0
229317942326,P1-fast-idle,1092,1507,0,1,2,0.0
229318111381,P1-fast-idle,1092,1507,0,1,2,0.0
229318279294,P1-fast-idle,1092,1507,0,1,2,0.0
229318446837,P1-fast-idle,1092,1507,0,1,2,0.0
229318616844,P1-fast-idle,1093,1508,0,1,2,0.0
229318785950,P1-fast-idle,1093,1508,0,1,2,0.0
229318958291,P1-fast-idle,1093,1508,0,1,2,0.0
229319129982,P1-fast-idle,1093,1508,0,1,2,0.0
229319298225,P1-fast-idle,1093,1508,0,1,2,0.0
229319466299,P1-fast-idle,1093,1508,0,1,2,0.0
229319635745,P1-fast-idle,1094,1509,0,1,2,0.0
229319804851,P1-fast-idle,1094,1509,0,1,2,0.0
229319972594,P1-fast-idle,1094,1509,0,1,2,0.0
229320141038,P1-fast-idle,1094,1509,0,1,2,0.0
229320308871,P1-fast-idle,1094,1509,0,1,2,0.0
229320476504,P1-fast-idle,1094,1509,0,1,2,0.0
229320644567,P1-fast-idle,1094,1509,0,1,2,0.0
229320815486,P1-fast-idle,1095,1510,0,1,2,0.0
229320984101,P1-fast-idle,1095,1510,0,1,2,0.0
229321152655,P1-fast-idle,1095,1510,0,1,2,0.0
229321320258,P1-fast-idle,1095,1510,0,1,2,0.0
229321487810,P1-fast-idle,1095,1510,0,1,2,0.0
229321655563,P1-fast-idle,1095,1510,0,1,2,0.0
229321825330,P1-fast-idle,1096,1511,0,1,2,0.0
229321997952,P1-fast-idle,1096,1511,0,1,2,0.0
229322166767,P1-fast-idle,1096,1511,0,1,2,0.0
229322337736,P1-fast-idle,1096,1511,0,1,2,0.0
229322506531,P1-fast-idle,1096,1511,0,1,2,0.0
229322674344,P1-fast-idle,1096,1511,0,1,2,0.0
229322844432,P1-fast-idle,1097,1512,0,1,2,0.0
229323014409,P1-fast-idle,1097,1512,0,1,2,0.0
229323182663,P1-fast-idle,1097,1512,0,1,2,0.0
229323349965,P1-fast-idle,1097,1512,0,1,2,0.0
229323517778,P1-fast-idle,1097,1512,0,1,2,0.0
229323686002,P1-fast-idle,1097,1512,0,1,2,0.0
229323853935,P1-fast-idle,1097,1512,0,1,2,0.0
229324025575,P1-fast-idle,1098,1513,0,1,2,0.0
229324194600,P1-fast-idle,1098,1513,0,1,2,0.0
229324362283,P1-fast-idle,1098,1513,0,1,2,0.0
229324530086,P1-fast-idle,1098,1513,0,1,2,0.0
229324697879,P1-fast-idle,1098,1513,0,1,2,0.0
229324865953,P1-fast-idle,1098,1513,0,1,2,0.0
229325036702,P1-fast-idle,1099,1514,0,1,2,0.0
229325205867,P1-fast-idle,1099,1514,0,1,2,0.0
229325373720,P1-fast-idle,1099,1514,0,1,2,0.0
229325545792,P1-fast-idle,1099,1514,0,1,2,0.0
229325713775,P1-fast-idle,1099,1514,0,1,2,0.0
229325881658,P1-fast-idle,1099,1514,0,1,2,0.0
229326051545,P1-fast-idle,1100,1515,0,1,2,0.0
229326220290,P1-fast-idle,1100,1515,0,1,2,0.0
229326388384,P1-fast-idle,1100,1515,0,1,2,0.0
229326556627,P1-fast-idle,1100,1515,0,1,2,0.0
229326724601,P1-fast-idle,1100,1515,0,1,2,0.0
229326892484,P1-fast-idle,1100,1515,0,1,2,0.0
229327061239,P1-fast-idle,1100,1515,0,1,2,0.0
229327231637,P1-fast-idle,1101,1516,0,1,2,0.0
229327404850,P1-fast-idle,1101,1516,0,1,2,0.0
229327573916,P1-fast-idle,1101,1516,0,1,2,0.0
229327742159,P1-fast-idle,1101,1516,0,1,2,0.0
229327910293,P1-fast-idle,1101,1516,0,1,2,0.0
229328078838,P1-fast-idle,1101,1516,0,1,2,0.0
229328249125,P1-fast-idle,1102,1517,0,1,2,0.0
229328417760,P1-fast-idle,1102,1517,0,1,2,0.0
229328585933,P1-fast-idle,1102,1517,0,1,2,0.0
229328753867,P1-fast-idle,1102,1517,0,1,2,0.0
229328925527,P1-fast-idle,1102,1517,0,1,2,0.0
229329094232,P1-fast-idle,1102,1517,0,1,2,0.0
229329264159,P1-fast-idle,1103,1518,0,1,2,0.0
229329433204,P1-fast-idle,1103,1518,0,1,2,0.0
229329601548,P1-fast-idle,1103,1518,0,1,2,0.0
229329769401,P1-fast-idle,1103,1518,0,1,2,0.0
229329940881,P1-fast-idle,1103,1518,0,1,2,0.0
229330110217,P1-fast-idle,1103,1518,0,1,2,0.0
229330284102,P1-fast-idle,1103,1518,0,1,2,0.0
229330456473,P1-fast-idle,1104,1519,0,1,2,0.0
229330625308,P1-fast-idle,1104,1519,0,1,2,0.0
229330793582,P1-fast-idle,1104,1519,0,1,2,0.0
229330961616,P1-fast-idle,1104,1519,0,1,2,0.0
229331128216,P1-fast-idle,1104,1519,0,1,2,0.0
229331301270,P1-fast-idle,1104,1519,0,1,2,0.0
229331476366,P1-fast-idle,1105,1520,0,1,2,0.0
229331648146,P1-fast-idle,1105,1520,0,1,2,0.0
229331816280,P1-fast-idle,1105,1520,0,1,2,0.0
229331984264,P1-fast-idle,1105,1520,0,1,2,0.0
229332155533,P1-fast-idle,1105,1520,0,1,2,0.0
229332321803,P1-fast-idle,1105,1520,0,1,2,0.0
229332543167,P1-fast-idle,1106,1521,0,1,2,0.0
229332712302,P1-fast-idle,1106,1521,0,1,2,0.0
229332884052,P1-fast-idle,1106,1521,0,1,2,0.0
229333051335,P1-fast-idle,1106,1521,0,1,2,0.0
229333217324,P1-fast-idle,1106,1521,0,1,2,0.0
229333382593,P1-fast-idle,1106,1521,0,1,2,0.0
229333520405,P1-fast-idle,1107,1523,0,1,2,0.0
229333694059,P1-fast-idle,1107,1523,0,1,2,0.0
229333863505,P1-fast-idle,1107,1523,0,1,2,0.0
229334031539,P1-fast-idle,1107,1523,0,1,2,0.0
229334198320,P1-fast-idle,1107,1523,0,1,2,0.0
229354541274,P2-normal-rapid,1129,1543,1,2,2,0.018050000000000004
229359621672,P2-normal-rapid,1134,1548,1,2,2,0.028800000000000006
229364695679,P2-normal-rapid,1139,1553,1,2,2,0.04205000000000001
229369773352,P2-normal-rapid,1143,1558,1,2,2,0.05780000000000002
229374848791,P2-normal-rapid,1148,1563,1,2,2,0.07605000000000003
229379924300,P2-normal-rapid,1153,1568,1,2,2,0.09600000000000004
229385001523,P2-normal-rapid,1158,1574,1,2,2,0.12000000000000006
229390081911,P2-normal-rapid,1163,1579,1,2,2,0.14000000000000007
229395153954,P2-normal-rapid,1167,1583,1,2,2,0.15600000000000008
229400232870,P2-normal-rapid,1172,1589,1,2,2,0.1800000000000001
229405306346,P2-normal-rapid,1177,1594,1,2,2,0.20000000000000012
229410380042,P2-normal-rapid,1182,1599,1,2,2,0.22000000000000017
229415464498,P2-normal-rapid,1186,1604,1,2,2,0.24000000000000019
229420540398,P2-normal-rapid,1191,1609,1,2,2,0.2600000000000002
229425614024,P2-normal-rapid,1196,1614,1,2,2,0.2800000000000002
229430691126,P2-normal-rapid,1201,1620,1,2,2,0.3040000000000002
229435766295,P2-normal-rapid,1205,1624,1,2,2,0.32000000000000023
229440839850,P2-normal-rapid,1210,1629,1,2,2,0.3400000000000003
229445928765,P2-normal-rapid,1215,1635,1,2,2,0.3640000000000003
229451006318,P2-normal-rapid,1220,1640,1,2,2,0.38400000000000023
229456128795,P2-normal-rapid,1224,1644,1,2,2,0.40000000000000024
229461202832,P2-normal-rapid,1229,1650,1,2,2,0.42400000000000027
229466274053,P2-normal-rapid,1234,1655,1,2,2,0.44400000000000034
229471351987,P2-normal-rapid,1239,1660,1,2,2,0.46400000000000036
229476436463,P2-normal-rapid,1243,1664,1,2,2,0.48000000000000037
229481513455,P2-normal-rapid,1248,1670,1,2,2,0.5040000000000003
229486595757,P2-normal-rapid,1253,1675,1,2,2,0.5240000000000004
229491673651,P2-normal-rapid,1258,1681,1,2,2,0.5480000000000004
229496747938,P2-normal-rapid,1262,1685,1,2,2,0.5640000000000004
229501820341,P2-normal-rapid,1267,1690,1,2,2,0.5840000000000004
229506892584,P2-normal-rapid,1272,1695,1,2,2,0.6040000000000004
229511965139,P2-normal-rapid,1277,1701,1,2,2,0.6280000000000004
229517038474,P2-normal-rapid,1281,1705,1,2,2,0.6440000000000005
229522111989,P2-normal-rapid,1286,1710,1,2,2,0.6640000000000005
229527185014,P2-normal-rapid,1291,1716,1,2,2,0.6880000000000006
229532258971,P2-normal-rapid,1296,1721,1,2,2,0.7080000000000006
229537332196,P2-normal-rapid,1300,1725,1,2,2,0.7240000000000006
229542408857,P2-normal-rapid,1305,1731,1,2,2,0.7480000000000007
229547481932,P2-normal-rapid,1310,1736,1,2,2,0.7680000000000005
229552556530,P2-normal-rapid,1315,1741,1,2,2,0.7880000000000005
229557631628,P2-normal-rapid,1320,1747,1,2,2,0.8120000000000005
229562704623,P2-normal-rapid,1324,1751,1,2,2,0.8280000000000005
229567778289,P2-normal-rapid,1329,1756,1,2,2,0.8480000000000005
229572856573,P2-normal-rapid,1334,1762,1,2,2,0.8720000000000006
229577929959,P2-normal-rapid,1339,1767,1,2,2,0.8920000000000007
229583003645,P2-normal-rapid,1343,1771,1,2,2,0.9080000000000007
229588081649,P2-normal-rapid,1348,1777,1,2,2,0.9320000000000007
229593156036,P2-normal-rapid,1353,1782,1,2,2,0.9520000000000007
229598229963,P2-normal-rapid,1358,1787,1,2,2,0.9720000000000008
229603303949,P2-normal-rapid,1362,1792,1,2,2,0.9920000000000008
229608377655,P2-normal-rapid,1367,1797,1,2,2,1.0120000000000007
229613459506,P2-normal-rapid,1372,1802,1,2,2,1.0320000000000007
229618534775,P2-normal-rapid,1377,1808,1,2,2,1.0560000000000007
229623608712,P2-normal-rapid,1381,1812,1,2,2,1.0720000000000007
229628684872,P2-normal-rapid,1386,1817,1,2,2,1.0920000000000007
229633765541,P2-normal-rapid,1391,1822,1,2,2,1.1120000000000008
229638837263,P2-normal-rapid,1396,1828,1,2,2,1.1360000000000008
229643911861,P2-normal-rapid,1400,1832,1,2,2,1.1520000000000008
229648983633,P2-normal-rapid,1405,1837,1,2,2,1.1720000000000008
229654059443,P2-normal-rapid,1410,1843,1,2,2,1.1960000000000008
229659132508,P2-normal-rapid,1415,1848,1,2,2,1.2160000000000009
229664209821,P2-normal-rapid,1419,1852,1,2,2,1.2320000000000009
229669284819,P2-normal-rapid,1424,1858,1,2,2,1.256000000000001
229674360268,P2-normal-rapid,1429,1863,1,2,2,1.276000000000001
229679435838,P2-normal-rapid,1434,1868,1,2,2,1.296000000000001
229684517930,P2-normal-rapid,1438,1873,1,2,2,1.316000000000001
229689592146,P2-normal-rapid,1443,1878,1,2,2,1.3360000000000012
229694667575,P2-normal-rapid,1448,1883,1,2,2,1.356000000000001
229699741762,P2-normal-rapid,1453,1889,1,2,2,1.380000000000001
229704817523,P2-normal-rapid,1457,1893,1,2,2,1.396000000000001
229709889275,P2-normal-rapid,1462,1898,1,2,2,1.4160000000000013
229714964103,P2-normal-rapid,1467,1904,1,2,2,1.4400000000000013
229720035795,P2-normal-rapid,1472,1909,1,2,2,1.460000000000001
229725110733,P2-normal-rapid,1476,1913,1,2,2,1.476000000000001
229730183718,P2-normal-rapid,1481,1919,1,2,2,1.500000000000001
229735260089,P2-normal-rapid,1486,1924,1,2,2,1.520000000000001
229740335508,P2-normal-rapid,1491,1929,1,2,2,1.5400000000000011
229745410747,P2-normal-rapid,1495,1934,1,2,2,1.560000000000001
229750515802,P2-normal-rapid,1500,1939,1,2,2,1.5800000000000012
229755631115,P2-normal-rapid,1505,1944,1,2,2,1.600000000000001
229760747230,P2-normal-rapid,1510,1950,1,2,2,1.624000000000001
229765863476,P2-normal-rapid,1514,1954,1,2,2,1.640000000000001
229770979621,P2-normal-rapid,1519,1959,1,2,2,1.6600000000000013
229776096507,P2-normal-rapid,1524,1965,1,2,2,1.6840000000000013
229781213755,P2-normal-rapid,1529,1970,1,2,2,1.704000000000001
229786325642,P2-normal-rapid,1534,1975,1,2,2,1.7240000000000013
229791441196,P2-normal-rapid,1538,1980,1,2,2,1.744000000000001
229796565697,P2-normal-rapid,1543,1985,1,2,2,1.7640000000000013
229801675831,P2-normal-rapid,1548,1990,1,2,2,1.7840000000000014
229806790563,P2-normal-rapid,1553,1996,1,2,2,1.8080000000000014
229811909794,P2-normal-rapid,1557,2000,1,2,2,1.8240000000000014
229817022984,P2-normal-rapid,1562,2005,1,2,2,1.8440000000000014
229822129531,P2-normal-rapid,1567,2011,1,2,2,1.8680000000000014
229827245866,P2-normal-rapid,1572,2016,1,2,2,1.8880000000000015
229832361801,P2-normal-rapid,1577,2021,1,2,2,1.9080000000000015
229837477946,P2-normal-rapid,1581,2026,1,2,2,1.9280000000000015
229842593911,P2-normal-rapid,1586,2031,1,2,2,1.9480000000000015
229847710557,P2-normal-rapid,1591,2036,1,2,2,1.9680000000000015
229852827103,P2-normal-rapid,1596,2042,1,2,2,1.9920000000000015
229857943118,P2-normal-rapid,1601,2047,1,2,2,2.0120000000000013
229863056849,P2-normal-rapid,1605,2051,1,2,2,2.0280000000000014
229868179235,P2-normal-rapid,1610,2057,1,2,2,2.0520000000000014
229873288278,P2-normal-rapid,1615,2062,1,2,2,2.0720000000000014
229878404012,P2-normal-rapid,1620,2067,1,2,2,2.0920000000000014
229883522461,P2-normal-rapid,1625,2073,1,2,2,2.1160000000000014
229888638847,P2-normal-rapid,1629,2077,1,2,2,2.1320000000000014
229893751796,P2-normal-rapid,1634,2082,1,2,2,2.1520000000000015
229898869113,P2-normal-rapid,1639,2088,1,2,2,2.1760000000000015
229903994255,P2-normal-rapid,1644,2093,1,2,2,2.1960000000000015
229909113386,P2-normal-rapid,1648,2097,1,2,2,2.2120000000000015
229914229541,P2-normal-rapid,1653,2102,1,2,2,2.2320000000000015
229919349915,P2-normal-rapid,1658,2108,1,2,2,2.2560000000000016
229924468955,P2-normal-rapid,1663,2113,1,2,2,2.2760000000000016
229929587374,P2-normal-rapid,1668,2118,1,2,2,2.2960000000000016
229934705894,P2-normal-rapid,1672,2123,1,2,2,2.3160000000000016
229939824374,P2-normal-rapid,1677,2128,1,2,2,2.3360000000000016
229944943104,P2-normal-rapid,1682,2133,1,2,2,2.3560000000000016
229950062765,P2-normal-rapid,1687,2139,1,2,2,2.3800000000000017
229955187066,P2-normal-rapid,1692,2144,1,2,2,2.4000000000000017
229960307078,P2-normal-rapid,1696,2148,1,2,2,2.4160000000000017
229965426159,P2-normal-rapid,1701,2154,1,2,2,2.4400000000000017
229970517367,P2-normal-rapid,1706,2159,1,2,2,2.4600000000000017
229975601262,P2-normal-rapid,1711,2164,1,2,2,2.4800000000000018
229980678635,P2-normal-rapid,1715,2169,1,2,2,2.5000000000000018
229985759815,P2-normal-rapid,1720,2174,1,2,2,2.520000000000002
229990832579,P2-normal-rapid,1725,2179,1,2,2,2.540000000000002
229995905744,P2-normal-rapid,1730,2185,1,2,2,2.564000000000002
230000977186,P2-normal-rapid,1734,2189,1,2,2,2.580000000000002
230006053477,P2-normal-rapid,1739,2194,1,2,2,2.600000000000002
230011136079,P2-normal-rapid,1744,2200,1,2,2,2.624000000000002
230016209886,P2-normal-rapid,1749,2205,1,2,2,2.644000000000002
230021282429,P2-normal-rapid,1753,2209,1,2,2,2.660000000000002
230026356085,P2-normal-rapid,1758,2215,1,2,2,2.684000000000002
230031430162,P2-normal-rapid,1763,2220,1,2,2,2.7040000000000024
230036511111,P2-normal-rapid,1768,2225,1,2,2,2.724000000000002
230041584246,P2-normal-rapid,1773,2231,1,2,2,2.748000000000002
230046657752,P2-normal-rapid,1777,2235,1,2,2,2.764000000000002
230051730957,P2-normal-rapid,1782,2240,1,2,2,2.7840000000000025
230056803902,P2-normal-rapid,1787,2246,1,2,2,2.808000000000002
230061875954,P2-normal-rapid,1792,2251,1,2,2,2.828000000000002
230066948478,P2-normal-rapid,1796,2255,1,2,2,2.844000000000002
230072024729,P2-normal-rapid,1801,2261,1,2,2,2.868000000000002
230077100318,P2-normal-rapid,1806,2266,1,2,2,2.888000000000002
230082179054,P2-normal-rapid,1811,2271,1,2,2,2.908000000000002
230087254513,P2-normal-rapid,1815,2275,1,2,2,2.9239500000000023
230092327688,P2-normal-rapid,1820,2281,1,2,2,2.9455500000000017
230097400532,P2-normal-rapid,1825,2286,1,2,2,2.960800000000001
230102476643,P2-normal-rapid,1830,2292,1,2,2,2.9758000000000013
230107549888,P2-normal-rapid,1834,2296,1,2,2,2.983800000000001
230112623173,P2-normal-rapid,1839,2301,1,2,2,2.9915500000000006
230117700526,P2-normal-rapid,1844,2306,1,2,2,2.9968000000000004
230122773150,P2-normal-rapid,1849,2312,1,2,2,2.9997999999999996
230127848118,P2-normal-rapid,1853,2316,0,1,2,3.0
230132923137,P2-normal-rapid,1858,2321,0,1,2,3.0
230137996532,P2-normal-rapid,1863,2327,0,1,2,3.0
230143071330,P2-normal-rapid,1868,2332,0,1,2,3.0
230148145106,P2-normal-rapid,1872,2336,0,1,2,3.0
230153217750,P2-normal-rapid,1877,2342,0,1,2,3.0
230158290805,P2-normal-rapid,1882,2347,0,1,2,3.0
230163362848,P2-normal-rapid,1887,2352,0,1,2,3.0
230168440872,P2-normal-rapid,1891,2357,0,1,2,3.0
230173514067,P2-normal-rapid,1896,2362,0,1,2,3.0
230178586290,P2-normal-rapid,1901,2367,0,1,2,3.0
230183663122,P2-normal-rapid,1906,2373,0,1,2,3.0
230188735185,P2-normal-rapid,1910,2377,0,1,2,3.0
230193813289,P2-normal-rapid,1915,2382,0,1,2,3.0
230198887767,P2-normal-rapid,1920,2388,0,1,2,3.0
230203960942,P2-normal-rapid,1925,2393,0,1,2,3.0
230209034157,P2-normal-rapid,1929,2397,0,1,2,3.0
230214109085,P2-normal-rapid,1934,2403,0,1,2,3.0
230219183643,P2-normal-rapid,1939,2408,0,1,2,3.0
230224255886,P2-normal-rapid,1944,2413,0,1,2,3.0
230229329211,P2-normal-rapid,1948,2417,0,1,2,3.0
230234402447,P2-normal-rapid,1953,2423,0,1,2,3.0
230239474439,P2-normal-rapid,1958,2428,0,1,2,3.0
230244546041,P2-normal-rapid,1963,2433,0,1,2,3.0
230249618675,P2-normal-rapid,1967,2438,0,1,2,3.0
230254691029,P2-normal-rapid,1972,2443,0,1,2,3.0
230259763002,P2-normal-rapid,1977,2448,0,1,2,3.0
230264837189,P2-normal-rapid,1982,2454,0,1,2,3.0
230269909662,P2-normal-rapid,1986,2458,0,1,2,3.0
230274981605,P2-normal-rapid,1991,2463,0,1,2,3.0
230280060591,P2-normal-rapid,1996,2469,0,1,2,3.0
230285134898,P2-normal-rapid,2001,2474,0,1,2,3.0
230290210588,P2-normal-rapid,2005,2478,0,1,2,3.0
230295284484,P2-normal-rapid,2010,2484,0,1,2,3.0
230300357679,P2-normal-rapid,2015,2489,0,1,2,3.0
230305429381,P2-normal-rapid,2020,2494,0,1,2,3.0
230310503708,P2-normal-rapid,2024,2499,0,1,2,3.0
230315579558,P2-normal-rapid,2029,2504,0,1,2,3.0
230320652042,P2-normal-rapid,2034,2509,0,1,2,3.0
230325726459,P2-normal-rapid,2039,2515,0,1,2,3.0
230330800536,P2-normal-rapid,2043,2519,0,1,2,3.0
230335874853,P2-normal-rapid,2048,2524,0,1,2,3.0
230340954280,P2-normal-rapid,2053,2530,0,1,2,3.0
230346028577,P2-normal-rapid,2058,2535,0,1,2,3.0
230351102052,P2-normal-rapid,2062,2539,0,1,2,3.0
230356180196,P2-normal-rapid-drain,2067,2545,0,1,2,3.0
230376345298,P2-normal-feed,2089,2565,2,2,2,2.986
230381419445,P2-normal-feed,2094,2570,2,2,2,2.981
230386493893,P2-normal-feed,2099,2576,2,2,2,2.975
230391568801,P2-normal-feed,2103,2580,2,2,2,2.971
230396652355,P2-normal-feed,2108,2585,2,2,2,2.966
230401725460,P2-normal-feed,2113,2590,2,2,2,2.961
230406797663,P2-normal-feed,2118,2596,2,2,2,2.955
230411869896,P2-normal-feed,2122,2600,2,2,2,2.951
230416942741,P2-normal-feed,2127,2605,2,2,2,2.946
230422015565,P2-normal-feed,2132,2611,2,2,2,2.94
230427089041,P2-normal-feed,2137,2616,2,2,2,2.935
230432162747,P2-normal-feed,2141,2620,2,2,2,2.931
230437236062,P2-normal-feed,2146,2626,2,2,2,2.925
230442309077,P2-normal-feed,2151,2631,2,2,2,2.92
230447381280,P2-normal-feed,2156,2636,2,2,2,2.915
230452461728,P2-normal-feed,2160,2641,2,2,2,2.91
230457541065,P2-normal-feed,2165,2646,2,2,2,2.905
230462613508,P2-normal-feed,2170,2651,2,2,2,2.9
230467686123,P2-normal-feed,2175,2657,2,2,2,2.894
230472759368,P2-normal-feed,2179,2661,2,2,2,2.89
230477833464,P2-normal-feed,2184,2666,2,2,2,2.885
230482908102,P2-normal-feed,2189,2672,2,2,2,2.879
230487981818,P2-normal-feed,2194,2677,2,2,2,2.874
230493057818,P2-normal-feed,2198,2681,2,2,2,2.87
230498136443,P2-normal-feed,2203,2687,2,2,2,2.864
230503211422,P2-normal-feed,2208,2692,2,2,2,2.859
230508284156,P2-normal-feed,2213,2697,2,2,2,2.854
230513357912,P2-normal-feed,2217,2702,2,2,2,2.8489999999999998
230518435876,P2-normal-feed,2222,2707,2,2,2,2.844
230523510173,P2-normal-feed,2227,2712,2,2,2,2.839
230528583048,P2-normal-feed,2232,2717,2,2,2,2.834
230533660110,P2-normal-feed,2236,2722,2,2,2,2.8289999999999997
230538736321,P2-normal-feed,2241,2727,2,2,2,2.824
230543810798,P2-normal-feed,2246,2732,2,2,2,2.819
230548884314,P2-normal-feed,2251,2738,2,2,2,2.8129999999999997
230553956988,P2-normal-feed,2255,2742,2,2,2,2.8089999999999997
230559030313,P2-normal-feed,2260,2747,2,2,2,2.804
230564101324,P2-normal-feed,2265,2753,2,2,2,2.798
230569175090,P2-normal-feed,2270,2758,2,2,2,2.7929999999999997
230574246522,P2-normal-feed,2274,2762,2,2,2,2.7889999999999997
230579320007,P2-normal-feed,2279,2768,2,2,2,2.783
230584390888,P2-normal-feed,2284,2773,2,2,2,2.778
230589476687,P2-normal-feed,2289,2778,2,2,2,2.7729999999999997
230594559279,P2-normal-feed,2293,2783,2,2,2,2.768
230599632665,P2-normal-feed,2298,2788,2,2,2,2.763
230604724003,P2-normal-feed,2303,2793,2,2,2,2.758
230609799303,P2-normal-feed,2308,2799,2,2,2,2.752
230614884099,P2-normal-feed,2313,2804,2,2,2,2.747
230619961041,P2-normal-feed,2317,2808,2,2,2,2.743
230625036891,P2-normal-feed,2322,2814,2,2,2,2.7369999999999997
230630111368,P2-normal-feed,2327,2819,2,2,2,2.7319999999999998
230635184373,P2-normal-feed,2331,2823,2,2,2,2.7279999999999998
230640258420,P2-normal-feed,2336,2829,2,2,2,2.722
230645330313,P2-normal-feed,2341,2834,2,2,2,2.7169999999999996
230650402305,P2-normal-feed,2346,2839,2,2,2,2.7119999999999997
230655477945,P2-normal-feed,2350,2844,2,2,2,2.707
230660551110,P2-normal-feed,2355,2849,2,2,2,2.702
230665623473,P2-normal-feed,2360,2854,2,2,2,2.6969999999999996
230670693743,P2-normal-feed,2365,2860,2,2,2,2.691
230675767158,P2-normal-feed,2369,2864,2,2,2,2.687
230680840363,P2-normal-feed,2374,2869,2,2,2,2.682
230685912486,P2-normal-feed,2379,2875,2,2,2,2.6759999999999997
230690989859,P2-normal-feed,2384,2880,2,2,2,2.671
230696128286,P2-normal-feed,2388,2884,2,2,2,2.667
230701202072,P2-normal-feed,2393,2889,2,2,2,2.662
230706279174,P2-normal-feed,2398,2895,2,2,2,2.6559999999999997
230711355706,P2-normal-feed,2403,2900,2,2,2,2.651
230716428180,P2-normal-feed,2408,2905,2,2,2,2.646
230721503128,P2-normal-feed,2412,2910,2,2,2,2.6409999999999996
230726575171,P2-normal-feed,2417,2915,2,2,2,2.6359999999999997
230731648476,P2-normal-feed,2422,2921,2,2,2,2.63
230736721611,P2-normal-feed,2426,2925,2,2,2,2.626
230741794185,P2-normal-feed,2431,2930,2,2,2,2.6209999999999996
230746866157,P2-normal-feed,2436,2936,2,2,2,2.6149999999999998
230751939693,P2-normal-feed,2441,2941,2,2,2,2.61
230757012607,P2-normal-feed,2445,2945,2,2,2,2.606
230762086003,P2-normal-feed,2450,2951,2,2,2,2.5999999999999996
230767160029,P2-normal-feed,2455,2956,2,2,2,2.5949999999999998
230772234026,P2-normal-feed,2460,2961,2,2,2,2.59
230777315908,P2-normal-feed,2464,2965,2,2,2,2.586
230782410071,P2-normal-feed,2469,2971,2,2,2,2.5799999999999996
230787458531,P2-normal-feed,2474,2976,2,2,2,2.5749999999999997
230792540502,P2-normal-feed,2478,2981,2,2,2,2.57
230797624740,P2-normal-feed,2483,2986,2,2,2,2.5649999999999995
230802701752,P2-normal-feed,2488,2991,2,2,2,2.5599999999999996
230807784345,P2-normal-feed,2493,2997,2,2,2,2.554
230812867348,P2-normal-feed,2497,3001,2,2,2,2.55
230817944731,P2-normal-feed,2502,3006,2,2,2,2.5449999999999995
230823019248,P2-normal-feed,2507,3012,2,2,2,2.5389999999999997
230828093362,P2-normal-feed,2512,3017,2,2,2,2.534
230833182277,P2-normal-feed,2517,3022,2,2,2,2.5289999999999995
230838256604,P2-normal-feed,2521,3026,2,2,2,2.5249999999999995
230843334037,P2-normal-feed,2526,3032,2,2,2,2.5189999999999997
230848422591,P2-normal-feed,2531,3037,2,2,2,2.514
230853503851,P2-normal-feed,2536,3042,2,2,2,2.5089999999999995
230858576725,P2-normal-feed,2540,3047,2,2,2,2.5039999999999996
230863652205,P2-normal-feed,2545,3052,2,2,2,2.4989999999999997
230868730088,P2-normal-feed,2550,3057,2,2,2,2.4939999999999998
230873806780,P2-normal-feed,2555,3063,2,2,2,2.4879999999999995
230878882420,P2-normal-feed,2559,3067,2,2,2,2.4839999999999995
230883958680,P2-normal-feed,2564,3072,2,2,2,2.4789999999999996
230889037105,P2-normal-feed,2569,3078,2,2,2,2.473
230894109719,P2-normal-feed,2574,3083,2,2,2,2.4679999999999995
230899182774,P2-normal-feed,2578,3087,2,2,2,2.4639999999999995
230904256129,P2-normal-feed,2583,3093,2,2,2,2.4579999999999997
230909329585,P2-normal-feed,2588,3098,2,2,2,2.4529999999999994
230914409042,P2-normal-feed,2593,3103,2,2,2,2.4479999999999995
230919482748,P2-normal-feed,2597,3108,2,2,2,2.4429999999999996
230924557305,P2-normal-feed,2602,3113,2,2,2,2.4379999999999997
230929632444,P2-normal-feed,2607,3118,2,2,2,2.433
230934707081,P2-normal-feed,2612,3124,2,2,2,2.4269999999999996
230939781258,P2-normal-feed,2616,3128,2,2,2,2.4229999999999996
230944858581,P2-normal-feed,2621,3133,2,2,2,2.4179999999999997
230949931556,P2-normal-feed,2626,3139,2,2,2,2.4119999999999995
230955004160,P2-normal-feed,2631,3144,2,2,2,2.4069999999999996
230960077625,P2-normal-feed,2635,3148,2,2,2,2.4029999999999996
230965151662,P2-normal-feed,2640,3154,2,2,2,2.3969999999999994
230970225097,P2-normal-feed,2645,3159,2,2,2,2.3919999999999995
230975298603,P2-normal-feed,2650,3164,2,2,2,2.3869999999999996
230980373201,P2-normal-feed,2654,3169,2,2,2,2.3819999999999997
230985460302,P2-normal-feed,2659,3174,2,2,2,2.377
230990542143,P2-normal-feed,2664,3179,2,2,2,2.3719999999999994
230995618504,P2-normal-feed,2669,3185,2,2,2,2.3659999999999997
231000693332,P2-normal-feed,2673,3189,2,2,2,2.3619999999999997
231005767438,P2-normal-feed,2678,3194,2,2,2,2.3569999999999993
231010840914,P2-normal-feed,2683,3200,2,2,2,2.3509999999999995
231015914169,P2-normal-feed,2688,3205,2,2,2,2.3459999999999996
231020987294,P2-normal-feed,2692,3209,2,2,2,2.3419999999999996
231026060860,P2-normal-feed,2697,3215,2,2,2,2.3359999999999994
231031134325,P2-normal-feed,2702,3220,2,2,2,2.3309999999999995
231036207390,P2-normal-feed,2707,3225,2,2,2,2.3259999999999996
231041280495,P2-normal-feed,2711,3229,2,2,2,2.3219999999999996
231046354361,P2-normal-feed,2716,3235,2,2,2,2.3159999999999994
231051427256,P2-normal-feed,2721,3240,2,2,2,2.3109999999999995
231056500030,P2-normal-feed,2726,3245,2,2,2,2.3059999999999996
231061572734,P2-normal-feed,2730,3250,2,2,2,2.3009999999999997
231066645288,P2-normal-feed,2735,3255,2,2,2,2.2959999999999994
231071718293,P2-normal-feed,2740,3260,2,2,2,2.2909999999999995
231076791678,P2-normal-feed,2745,3266,2,2,2,2.2849999999999997
231081864272,P2-normal-feed,2749,3270,2,2,2,2.2809999999999993
231086944941,P2-normal-feed,2754,3275,2,2,2,2.2759999999999994
231092017004,P2-normal-feed,2759,3281,2,2,2,2.2699999999999996
231097092413,P2-normal-feed,2764,3286,2,2,2,2.2649999999999992
231102164536,P2-normal-feed,2768,3290,2,2,2,2.2609999999999997
231107243352,P2-normal-feed,2773,3296,2,2,2,2.2549999999999994
231112315545,P2-normal-feed,2778,3301,2,2,2,2.2499999999999996
231117390934,P2-normal-feed,2783,3306,2,2,2,2.2449999999999997
231122471623,P2-normal-feed,2787,3311,2,2,2,2.2399999999999993
231127548785,P2-normal-feed,2792,3316,2,2,2,2.2349999999999994
231132619997,P2-normal-feed,2797,3321,2,2,2,2.2299999999999995
231137692921,P2-normal-feed,2802,3327,2,2,2,2.2239999999999993
231142766717,P2-normal-feed,2806,3331,2,2,2,2.2199999999999993
231147841936,P2-normal-feed,2811,3336,2,2,2,2.2149999999999994
231152912566,P2-normal-feed,2816,3342,2,2,2,2.208999999999999
231157985711,P2-normal-feed,2821,3347,2,2,2,2.2039999999999993
231163075978,P2-normal-feed,2825,3351,2,2,2,2.1999999999999993
231168150065,P2-normal-feed,2830,3357,2,2,2,2.1939999999999995
231173223410,P2-normal-feed,2835,3362,2,2,2,2.1889999999999996
231178300172,P2-normal-feed,2840,3367,2,2,2,2.1839999999999993
231183374569,P2-normal-feed,2844,3372,2,2,2,2.1789999999999994
231188456391,P2-normal-feed,2849,3377,2,2,2,2.1739999999999995
231193531389,P2-normal-feed,2854,3382,2,2,2,2.168999999999999
231198602770,P2-normal-feed,2859,3388,2,2,2,2.1629999999999994
231203675625,P2-normal-feed,2863,3392,2,2,2,2.1589999999999994
231208765301,P2-normal-feed,2868,3397,2,2,2,2.1539999999999995
231213841612,P2-normal-feed,2873,3402,2,2,2,2.1489999999999996
231218919505,P2-normal-feed,2878,3408,2,2,2,2.1429999999999993
231223996558,P2-normal-feed,2882,3412,2,2,2,2.1389999999999993
231229072117,P2-normal-feed,2887,3417,2,2,2,2.1339999999999995
231234147706,P2-normal-feed,2892,3423,2,2,2,2.1279999999999992
231239222404,P2-normal-feed,2897,3428,2,2,2,2.1229999999999993
231244297363,P2-normal-feed,2901,3432,2,2,2,2.1189999999999993
231249371750,P2-normal-feed,2906,3438,2,2,2,2.112999999999999
231254459332,P2-normal-feed,2911,3443,2,2,2,2.107999999999999
231259537095,P2-normal-feed,2916,3448,2,2,2,2.1029999999999993
231264620329,P2-normal-feed,2920,3453,2,2,2,2.0979999999999994
231269697482,P2-normal-feed,2925,3458,2,2,2,2.0929999999999995
231274772450,P2-normal-feed,2930,3463,2,2,2,2.087999999999999
231279849322,P2-normal-feed,2935,3469,2,2,2,2.0819999999999994
231284929911,P2-normal-feed,2939,3473,2,2,2,2.0779999999999994
231290002966,P2-normal-feed,2944,3478,2,2,2,2.072999999999999
231295082733,P2-normal-feed,2949,3484,2,2,2,2.0669999999999993
231300159224,P2-normal-feed,2954,3489,2,2,2,2.0619999999999994
231305235815,P2-normal-feed,2958,3493,2,2,2,2.0579999999999994
231310309111,P2-normal-feed,2963,3499,2,2,2,2.051999999999999
231315381724,P2-normal-feed,2968,3504,2,2,2,2.0469999999999993
231320460269,P2-normal-feed,2973,3509,2,2,2,2.0419999999999994
231325536711,P2-normal-feed,2977,3514,2,2,2,2.0369999999999995
231330610667,P2-normal-feed,2982,3519,2,2,2,2.031999999999999
231335685094,P2-normal-feed,2987,3524,2,2,2,2.0269999999999992
231340760594,P2-normal-feed,2992,3530,2,2,2,2.0209999999999995
231345836343,P2-normal-feed,2996,3534,2,2,2,2.016999999999999
231350912193,P2-normal-feed,3001,3539,2,2,2,2.011999999999999
231355986691,P2-normal-feed,3006,3545,2,2,2,2.0059999999999993
231361060377,P2-normal-feed,3011,3550,2,2,2,2.000999999999999
231366133842,P2-normal-feed,3015,3554,2,2,2,1.9969999999999997
231371207518,P2-normal-feed,3020,3560,2,2,2,1.9910000000000003
231376282056,P2-normal-feed,3025,3565,2,2,2,1.9860000000000009
231381356904,P2-normal-feed,3030,3570,2,2,2,1.9810000000000014
231386438996,P2-normal-feed,3034,3575,2,2,2,1.976000000000002
231391511830,P2-normal-feed,3039,3580,2,2,2,1.9710000000000025
231396599221,P2-normal-feed,3044,3585,2,2,2,1.966000000000003
231401673418,P2-normal-feed,3049,3591,2,2,2,1.9600000000000037
231406746373,P2-normal-feed,3053,3595,2,2,2,1.9560000000000042
231411823215,P2-normal-feed,3058,3600,2,2,2,1.9510000000000047
231416898413,P2-normal-feed,3063,3606,2,2,2,1.9450000000000054
231421971258,P2-normal-feed,3068,3611,2,2,2,1.940000000000006
231427055474,P2-normal-feed,3072,3615,2,2,2,1.9360000000000064
231432133297,P2-normal-feed,3077,3621,2,2,2,1.930000000000007
231437211091,P2-normal-feed,3082,3626,2,2,2,1.9250000000000076
231442284607,P2-normal-feed,3087,3631,2,2,2,1.9200000000000081
231447357761,P2-normal-feed,3091,3635,2,2,2,1.9160000000000086
231452430556,P2-normal-feed,3096,3641,2,2,2,1.9100000000000092
231457503390,P2-normal-feed,3101,3646,2,2,2,1.9050000000000098
231462585041,P2-normal-feed,3106,3652,2,2,2,1.8990000000000105
231467659318,P2-normal-feed,3110,3656,2,2,2,1.895000000000011
231472731992,P2-normal-feed,3115,3661,2,2,2,1.8900000000000114
231477811178,P2-normal-feed,3120,3666,2,2,2,1.885000000000012
231482893430,P2-normal-feed,3125,3672,2,2,2,1.8790000000000127
231487968368,P2-normal-feed,3129,3676,2,2,2,1.875000000000013
231493043236,P2-normal-feed,3134,3681,2,2,2,1.8700000000000137
231498116712,P2-normal-feed,3139,3687,2,2,2,1.8640000000000143
231503197171,P2-normal-feed,3144,3692,2,2,2,1.8590000000000149
231508271778,P2-normal-feed,3148,3696,2,2,2,1.8550000000000153
231513345454,P2-normal-feed,3153,3702,2,2,2,1.849000000000016
231518419561,P2-normal-feed,3158,3707,2,2,2,1.8440000000000165
231523496333,P2-normal-feed,3163,3712,2,2,2,1.839000000000017
231528569087,P2-normal-feed,3167,3717,2,2,2,1.8340000000000176
231533641561,P2-normal-feed,3172,3722,2,2,2,1.8290000000000182
231538719174,P2-normal-feed,3177,3727,2,2,2,1.8240000000000187
231543801636,P2-normal-feed,3182,3733,2,2,2,1.8180000000000194
231548876444,P2-normal-feed,3186,3737,2,2,2,1.8140000000000198
231553949820,P2-normal-feed,3191,3742,2,2,2,1.8090000000000204
231559024317,P2-normal-feed,3196,3748,2,2,2,1.803000000000021
231564099997,P2-normal-feed,3201,3753,2,2,2,1.7980000000000216
231569175196,P2-normal-feed,3205,3757,2,2,2,1.794000000000022
231574251396,P2-normal-feed,3210,3763,2,2,2,1.7880000000000227
231579326575,P2-normal-feed,3215,3768,2,2,2,1.7830000000000232
231584403908,P2-normal-feed,3220,3773,2,2,2,1.7780000000000238
231589481080,P2-normal-feed,3224,3778,2,2,2,1.7730000000000243
231594554376,P2-normal-feed,3229,3783,2,2,2,1.7680000000000249
231599628071,P2-normal-feed,3234,3788,2,2,2,1.7630000000000254
231604704883,P2-normal-feed,3239,3794,2,2,2,1.757000000000026
231609779782,P2-normal-feed,3243,3798,2,2,2,1.7530000000000265
231614853257,P2-normal-feed,3248,3803,2,2,2,1.748000000000027
231619926552,P2-normal-feed,3253,3809,2,2,2,1.7420000000000277
231625005458,P2-normal-feed,3258,3814,2,2,2,1.7370000000000283
231630080376,P2-normal-feed,3262,3818,2,2,2,1.7330000000000287
231635153652,P2-normal-feed,3267,3824,2,2,2,1.7270000000000294
231640226025,P2-normal-feed,3272,3829,2,2,2,1.72200000000003
231645299270,P2-normal-feed,3277,3834,2,2,2,1.7170000000000305
231650372595,P2-normal-feed,3281,3839,2,2,2,1.712000000000031
231655458805,P2-normal-feed,3286,3844,2,2,2,1.7070000000000316
231660536769,P2-normal-feed,3291,3849,2,2,2,1.7020000000000322
231665612118,P2-normal-feed,3296,3855,2,2,2,1.6960000000000328
231670685714,P2-normal-feed,3300,3859,2,2,2,1.6920000000000333
231675760271,P2-normal-feed,3305,3864,2,2,2,1.6870000000000338
231680840710,P2-normal-feed,3310,3870,2,2,2,1.6810000000000345
231685913845,P2-normal-feed,3315,3875,2,2,2,1.676000000000035
231690995335,P2-normal-feed,3319,3879,2,2,2,1.6720000000000355
231696070153,P2-normal-feed,3324,3885,2,2,2,1.6660000000000361
231701142857,P2-normal-feed,3329,3890,2,2,2,1.6610000000000367
231706213989,P2-normal-feed,3334,3895,2,2,2,1.6560000000000372
231711289167,P2-normal-feed,3338,3899,2,2,2,1.6520000000000377
231716362713,P2-normal-feed,3343,3905,2,2,2,1.6460000000000383
231721449503,P2-normal-feed,3348,3910,2,2,2,1.6410000000000389
231726561511,P2-normal-feed,3353,3916,2,2,2,1.6350000000000395
231731635167,P2-normal-feed,3357,3920,2,2,2,1.63100000000004
231736708222,P2-normal-feed,3362,3925,2,2,2,1.6260000000000405
231741783410,P2-normal-feed,3367,3931,2,2,2,1.6200000000000412
231746860853,P2-normal-feed,3372,3936,2,2,2,1.6150000000000417
231751942133,P2-normal-feed,3376,3940,2,2,2,1.6110000000000422
231757017322,P2-normal-feed,3381,3945,2,2,2,1.6060000000000427
231762089485,P2-normal-feed,3386,3951,2,2,2,1.6000000000000434
231767161278,P2-normal-feed,3391,3956,2,2,2,1.595000000000044
231772233030,P2-normal-feed,3395,3960,2,2,2,1.5910000000000444
231777305203,P2-normal-feed,3400,3966,2,2,2,1.585000000000045
231782381324,P2-normal-feed,3405,3971,2,2,2,1.5800000000000456
231787491978,P2-normal-feed,3410,3976,2,2,2,1.5750000000000461
231792599117,P2-normal-feed,3414,3981,2,2,2,1.5700000000000467
231797704832,P2-normal-feed,3419,3986,2,2,2,1.5650000000000472
231802813143,P2-normal-feed,3424,3991,2,2,2,1.5600000000000478
231807894283,P2-normal-feed,3429,3997,2,2,2,1.5540000000000485
231812977196,P2-normal-feed,3433,4001,2,2,2,1.550000000000049
231818052545,P2-normal-feed,3438,4006,2,2,2,1.5450000000000494
231823142461,P2-normal-feed,3443,4012,2,2,2,1.53900000000005
231828227308,P2-normal-feed,3448,4017,2,2,2,1.5340000000000507
231833310171,P2-normal-feed,3453,4022,2,2,2,1.5290000000000512
231838392764,P2-normal-feed,3457,4027,2,2,2,1.5240000000000518
231843469796,P2-normal-feed,3462,4032,2,2,2,1.5190000000000523
231848548601,P2-normal-feed,3467,4037,2,2,2,1.5140000000000529
231853622879,P2-normal-feed,3472,4043,2,2,2,1.5080000000000535
231858703607,P2-normal-feed,3476,4047,2,2,2,1.504000000000054
231863816467,P2-normal-feed,3481,4052,2,2,2,1.4990000000000545
231868911122,P2-normal-feed,3486,4058,2,2,2,1.4930000000000552
231873999776,P2-normal-feed,3491,4063,2,2,2,1.4880000000000557
231879088299,P2-normal-feed,3495,4067,2,2,2,1.4840000000000562
231884196129,P2-normal-feed,3500,4073,2,2,2,1.4780000000000568
231889314969,P2-normal-feed,3505,4078,2,2,2,1.4730000000000574
231894433759,P2-normal-feed,3510,4083,2,2,2,1.468000000000058
231899549253,P2-normal-feed,3514,4088,2,2,2,1.4630000000000585
231904666450,P2-normal-feed,3519,4093,2,2,2,1.458000000000059
231909785541,P2-normal-feed,3524,4098,2,2,2,1.4530000000000596
231914910252,P2-normal-feed,3529,4104,2,2,2,1.4470000000000602
231920030044,P2-normal-feed,3534,4109,2,2,2,1.4420000000000608
231925150116,P2-normal-feed,3538,4113,2,2,2,1.4380000000000612
231930267103,P2-normal-feed,3543,4118,2,2,2,1.4330000000000618
231935379782,P2-normal-feed,3548,4124,2,2,2,1.4270000000000624
231940486940,P2-normal-feed,3553,4129,2,2,2,1.422000000000063
231945594610,P2-normal-feed,3557,4134,2,2,2,1.4170000000000635
231950677703,P2-normal-feed,3562,4139,2,2,2,1.412000000000064
231955755427,P2-normal-feed,3567,4144,2,2,2,1.4070000000000646
231960831537,P2-normal-feed,3572,4150,2,2,2,1.4010000000000653
231965907197,P2-normal-feed,3576,4154,2,2,2,1.3970000000000657
231970982456,P2-normal-feed,3581,4159,2,2,2,1.3920000000000663
231976057754,P2-normal-feed,3586,4165,2,2,2,1.386000000000067
231981142772,P2-normal-feed,3591,4170,2,2,2,1.3810000000000675
231986220606,P2-normal-feed,3595,4174,2,2,2,1.377000000000068
231991297026,P2-normal-feed,3600,4180,2,2,2,1.3710000000000686
231996369681,P2-normal-feed,3605,4185,2,2,2,1.3660000000000692
232001446342,P2-normal-feed,3610,4190,2,2,2,1.3610000000000697
232006520348,P2-normal-feed,3614,4195,2,2,2,1.3560000000000703
232011595257,P2-normal-feed,3619,4200,2,2,2,1.3510000000000708
232016672780,P2-normal-feed,3624,4205,2,2,2,1.3460000000000714
232021746035,P2-normal-feed,3629,4211,2,2,2,1.340000000000072
232026818429,P2-normal-feed,3633,4215,2,2,2,1.3360000000000725
232031892084,P2-normal-feed,3638,4220,2,2,2,1.331000000000073
232036964648,P2-normal-feed,3643,4226,2,2,2,1.3250000000000737
232042041781,P2-normal-feed,3648,4231,2,2,2,1.3200000000000742
232047119003,P2-normal-feed,3652,4235,2,2,2,1.3160000000000747
232052194793,P2-normal-feed,3657,4241,2,2,2,1.3100000000000753
232057271134,P2-normal-feed,3662,4246,2,2,2,1.3050000000000759
232062342446,P2-normal-feed,3667,4251,2,2,2,1.3000000000000764
232067420770,P2-normal-feed,3671,4255,2,2,2,1.2960000000000769
232072496450,P2-normal-feed,3676,4261,2,2,2,1.2900000000000775
232077584403,P2-normal-feed,3681,4266,2,2,2,1.285000000000078
232082667085,P2-normal-feed,3686,4272,2,2,2,1.2790000000000787
232087743887,P2-normal-feed,3690,4276,2,2,2,1.2750000000000792
232092818555,P2-normal-feed,3695,4281,2,2,2,1.2700000000000797
232097900155,P2-normal-feed,3700,4286,2,2,2,1.2650000000000803
232102976707,P2-normal-feed,3705,4292,2,2,2,1.259000000000081
232108060321,P2-normal-feed,3709,4296,2,2,2,1.2550000000000814
232113139387,P2-normal-feed,3714,4301,2,2,2,1.250000000000082
232118215608,P2-normal-feed,3719,4307,2,2,2,1.2440000000000826
232123289614,P2-normal-feed,3724,4312,2,2,2,1.2390000000000831
232128369091,P2-normal-feed,3728,4316,2,2,2,1.2350000000000836
232133447326,P2-normal-feed,3733,4322,2,2,2,1.2290000000000842
232138522564,P2-normal-feed,3738,4327,2,2,2,1.2240000000000848
232143599196,P2-normal-feed,3743,4332,2,2,2,1.2190000000000853
232148680756,P2-normal-feed,3747,4337,2,2,2,1.214000000000086
232153756196,P2-normal-feed,3752,4342,2,2,2,1.2090000000000864
232158831475,P2-normal-feed,3757,4347,2,2,2,1.204000000000087
232163906223,P2-normal-feed,3762,4353,2,2,2,1.1980000000000877
232168981702,P2-normal-feed,3766,4357,2,2,2,1.194000000000088
232174063212,P2-normal-feed,3771,4362,2,2,2,1.1890000000000887
232179146767,P2-normal-feed,3776,4368,2,2,2,1.1830000000000893
232184221555,P2-normal-feed,3781,4373,2,2,2,1.1780000000000899
232189300170,P2-normal-feed,3785,4377,2,2,2,1.1740000000000903
232194378194,P2-normal-feed,3790,4383,2,2,2,1.168000000000091
232199450978,P2-normal-feed,3795,4388,2,2,2,1.1630000000000915
232204524334,P2-normal-feed,3800,4393,2,2,2,1.158000000000092
232209612770,P2-normal-feed,3804,4398,2,2,2,1.1530000000000926
232214691635,P2-normal-feed,3809,4403,2,2,2,1.1480000000000932
232219765091,P2-normal-feed,3814,4408,2,2,2,1.1430000000000937
232224838035,P2-normal-feed,3819,4414,2,2,2,1.1370000000000944
232229916781,P2-normal-feed,3823,4418,2,2,2,1.1330000000000948
232234992460,P2-normal-feed,3828,4423,2,2,2,1.1280000000000954
232240071076,P2-normal-feed,3833,4429,2,2,2,1.122000000000096
232245147918,P2-normal-feed,3838,4434,2,2,2,1.1170000000000966
232250224509,P2-normal-feed,3842,4438,2,2,2,1.113000000000097
232255303124,P2-normal-feed,3847,4444,2,2,2,1.1070000000000977
232260382731,P2-normal-feed,3852,4449,2,2,2,1.1020000000000982
232265458010,P2-normal-feed,3857,4454,2,2,2,1.0970000000000988
232270543388,P2-normal-feed,3861,4459,2,2,2,1.0920000000000993
232275629908,P2-normal-feed,3866,4464,2,2,2,1.0870000000000999
232280705057,P2-normal-feed,3871,4469,2,2,2,1.0820000000001004
232285779173,P2-normal-feed,3876,4475,2,2,2,1.076000000000101
232290855183,P2-normal-feed,3880,4479,2,2,2,1.0720000000001015
232295930753,P2-normal-feed,3885,4484,2,2,2,1.067000000000102
232301005451,P2-normal-feed,3890,4490,2,2,2,1.0610000000001027
232306083855,P2-normal-feed,3895,4495,2,2,2,1.0560000000001033
232311156930,P2-normal-feed,3899,4499,2,2,2,1.0520000000001037
232316233251,P2-normal-feed,3904,4505,2,2,2,1.0460000000001044
232321310354,P2-normal-feed,3909,4510,2,2,2,1.041000000000105
232326386594,P2-normal-feed,3914,4515,2,2,2,1.0360000000001055
232331461462,P2-normal-feed,3918,4520,2,2,2,1.031000000000106
232336547792,P2-normal-feed,3923,4525,2,2,2,1.0260000000001066
232341624013,P2-normal-feed,3928,4530,2,2,2,1.0210000000001072
232346699642,P2-normal-feed,3933,4536,2,2,2,1.0150000000001078
232351791262,P2-normal-feed,3937,4540,2,2,2,1.0110000000001083
232356868364,P2-normal-feed,3942,4545,2,2,2,1.0060000000001088
232361943182,P2-normal-feed,3947,4551,2,2,2,1.0000000000001095
232367019332,P2-normal-feed,3952,4556,2,2,2,0.9950000000001098
232372093760,P2-normal-feed,3956,4560,2,2,2,0.9910000000001102
232377176252,P2-normal-feed,3961,4565,2,2,2,0.9860000000001108
232382251561,P2-normal-feed,3966,4571,2,2,2,0.9800000000001114
232387329014,P2-normal-feed,3971,4576,2,2,2,0.975000000000112
232392402079,P2-normal-feed,3975,4580,2,2,2,0.9710000000001124
232397475324,P2-normal-feed,3980,4586,2,2,2,0.9650000000001131
232402593323,P2-normal-feed,3985,4591,2,2,2,0.9600000000001137
232407678961,P2-normal-feed,3990,4597,2,2,2,0.9540000000001143
232412755302,P2-normal-feed,3994,4601,2,2,2,0.9500000000001148
232417829348,P2-normal-feed,3999,4606,2,2,2,0.9450000000001153
232422904577,P2-normal-feed,4004,4612,2,2,2,0.939000000000116
232427977442,P2-normal-feed,4009,4617,2,2,2,0.9340000000001165
232433052640,P2-normal-feed,4013,4621,2,2,2,0.930000000000117
232438129282,P2-normal-feed,4018,4627,2,2,2,0.9240000000001176
232443206104,P2-normal-feed,4023,4632,2,2,2,0.9190000000001182
232448283627,P2-normal-feed,4028,4637,2,2,2,0.9140000000001187
232453361180,P2-normal-feed,4032,4642,2,2,2,0.9090000000001193
232458439875,P2-normal-feed,4037,4647,2,2,2,0.9040000000001198
232463517599,P2-normal-feed,4042,4652,2,2,2,0.8990000000001204
232468593940,P2-normal-feed,4047,4658,2,2,2,0.893000000000121
232473675811,P2-normal-feed,4051,4662,2,2,2,0.8890000000001215
232478751711,P2-normal-feed,4056,4667,2,2,2,0.884000000000122
232483831178,P2-normal-feed,4061,4673,2,2,2,0.8780000000001227
232488908240,P2-normal-feed,4066,4678,2,2,2,0.8730000000001232
232493985362,P2-normal-feed,4070,4682,2,2,2,0.8690000000001237
232499100997,P2-normal-feed,4075,4687,2,2,2,0.8640000000001242
232504220558,P2-normal-feed,4080,4693,2,2,2,0.8580000000001249
232509338857,P2-normal-feed,4085,4698,2,2,2,0.8530000000001254
232514457768,P2-normal-feed,4090,4703,2,2,2,0.848000000000126
232519576117,P2-normal-feed,4094,4708,2,2,2,0.8430000000001265
232524685700,P2-normal-feed,4099,4713,2,2,2,0.8380000000001271
232529800142,P2-normal-feed,4104,4718,2,2,2,0.8330000000001276
232534915776,P2-normal-feed,4109,4724,2,2,2,0.8270000000001283
232540038233,P2-normal-feed,4113,4728,2,2,2,0.8230000000001287
232545145812,P2-normal-feed,4118,4733,2,2,2,0.8180000000001293
232550261877,P2-normal-feed,4123,4739,2,2,2,0.81200000000013
232555380277,P2-normal-feed,4128,4744,2,2,2,0.8070000000001305
232560502122,P2-normal-feed,4133,4749,2,2,2,0.802000000000131
232565618117,P2-normal-feed,4137,4754,2,2,2,0.7970000000001316
232570737829,P2-normal-feed,4142,4759,2,2,2,0.7920000000001322
232575862881,P2-normal-feed,4147,4764,2,2,2,0.7870000000001327
232580980228,P2-normal-feed,4152,4770,2,2,2,0.7810000000001334
232586097866,P2-normal-feed,4157,4775,2,2,2,0.7760000000001339
232591215504,P2-normal-feed,4161,4779,2,2,2,0.7720000000001344
232596333523,P2-normal-feed,4166,4785,2,2,2,0.766000000000135
232601450920,P2-normal-feed,4171,4790,2,2,2,0.7610000000001356
232606567386,P2-normal-feed,4176,4795,2,2,2,0.7560000000001361
232611683782,P2-normal-feed,4181,4801,2,2,2,0.7500000000001368
232616801459,P2-normal-feed,4185,4805,2,2,2,0.7460000000001372
232621918016,P2-normal-feed,4190,4810,2,2,2,0.7410000000001378
232627036726,P2-normal-feed,4195,4816,2,2,2,0.7350000000001384
232632187385,P2-normal-feed,4200,4821,2,2,2,0.730000000000139
232637311034,P2-normal-feed,4205,4826,2,2,2,0.7250000000001395
232642431758,P2-normal-feed,4209,4831,2,2,2,0.7200000000001401
232647548023,P2-normal-feed,4214,4836,2,2,2,0.7150000000001406
232652667465,P2-normal-feed,4219,4841,2,2,2,0.7100000000001412
232657785583,P2-normal-feed,4224,4847,2,2,2,0.7040000000001418
232662894295,P2-normal-feed,4228,4851,2,2,2,0.7000000000001423
232668002695,P2-normal-feed,4233,4856,2,2,2,0.6950000000001428
232673092281,P2-normal-feed,4238,4862,2,2,2,0.6890000000001435
232678169504,P2-normal-feed,4243,4867,2,2,2,0.684000000000144
232683246425,P2-normal-feed,4247,4871,2,2,2,0.6800000000001445
232688322726,P2-normal-feed,4252,4877,2,2,2,0.6740000000001451
232693397524,P2-normal-feed,4257,4882,2,2,2,0.6690000000001457
232698472633,P2-normal-feed,4262,4887,2,2,2,0.6640000000001463
232703548333,P2-normal-feed,4266,4892,2,2,2,0.6590000000001468
232708623131,P2-normal-feed,4271,4897,2,2,2,0.6540000000001474
232713697989,P2-normal-feed,4276,4902,2,2,2,0.6490000000001479
232718776073,P2-normal-feed,4281,4908,2,2,2,0.6430000000001486
232723857573,P2-normal-feed,4285,4912,2,2,2,0.639000000000149
232728932832,P2-normal-feed,4290,4917,2,2,2,0.6340000000001496
232734011177,P2-normal-feed,4295,4923,2,2,2,0.6280000000001502
232739117394,P2-normal-feed,4299,4927,2,2,2,0.6240000000001507
232744206248,P2-normal-feed,4304,4932,2,2,2,0.6190000000001512
232749283721,P2-normal-feed,4309,4938,2,2,2,0.6130000000001519
232754358890,P2-normal-feed,4314,4943,2,2,2,0.6080000000001524
232759446822,P2-normal-feed,4318,4947,2,2,2,0.6040000000001529
232764525898,P2-normal-feed,4323,4953,2,2,2,0.5980000000001535
232769601898,P2-normal-feed,4328,4958,2,2,2,0.5930000000001541
232774685703,P2-normal-feed,4333,4964,2,2,2,0.5870000000001547
232779765411,P2-normal-feed,4337,4968,2,2,2,0.5830000000001552
232784844396,P2-normal-feed,4342,4973,2,2,2,0.5780000000001557
232789922070,P2-normal-feed,4347,4978,2,2,2,0.5730000000001563
232794999733,P2-normal-feed,4352,4984,2,2,2,0.5670000000001569
232800085482,P2-normal-feed,4357,4989,2,2,2,0.5620000000001575
232805172021,P2-normal-feed,4361,4993,2,2,2,0.5580000000001579
232810257520,P2-normal-feed,4366,4999,2,2,2,0.5520000000001586
232815331656,P2-normal-feed,4371,5004,2,2,2,0.5470000000001591
232820407857,P2-normal-feed,4376,5009,2,2,2,0.5420000000001597
232825479699,P2-normal-feed,4380,5014,2,2,2,0.5370000000001602
232830554908,P2-normal-feed,4385,5019,2,2,2,0.5320000000001608
232835625729,P2-normal-feed,4390,5024,2,2,2,0.5270000000001613
232840707490,P2-normal-feed,4395,5030,2,2,2,0.521000000000162
232845787267,P2-normal-feed,4399,5034,2,2,2,0.5170000000001624
232850860312,P2-normal-feed,4404,5039,2,2,2,0.512000000000163
232855936051,P2-normal-feed,4409,5045,2,2,2,0.5060000000001637
232861018163,P2-normal-feed,4414,5050,2,2,2,0.5010000000001642
232866091689,P2-normal-feed,4418,5054,2,2,2,0.49700000000016464
232871204448,P2-normal-feed,4423,5060,2,2,2,0.4910000000001653
232876284576,P2-normal-feed,4428,5065,2,2,2,0.48600000000016585
232881363301,P2-normal-feed,4432,5069,2,2,2,0.4820000000001663
232886444771,P2-normal-feed,4437,5075,2,2,2,0.47600000000016696
232891519219,P2-normal-feed,4442,5080,2,2,2,0.4710000000001675
232896594418,P2-normal-feed,4447,5085,2,2,2,0.46600000000016806
232901669807,P2-normal-feed,4451,5090,2,2,2,0.4610000000001686
232906744975,P2-normal-feed,4456,5095,2,2,2,0.45600000000016916
232911819513,P2-normal-feed,4461,5100,2,2,2,0.4510000000001697
232916894140,P2-normal-feed,4466,5106,2,2,2,0.44500000000017037
232921973076,P2-normal-feed,4470,5110,2,2,2,0.4410000000001708
232927049017,P2-normal-feed,4475,5115,2,2,2,0.43600000000017136
232932124426,P2-normal-feed,4480,5121,2,2,2,0.430000000000172
232937198302,P2-normal-feed,4485,5126,2,2,2,0.4250000000001726
232942276927,P2-normal-feed,4489,5130,2,2,2,0.421000000000173
232947351775,P2-normal-feed,4494,5136,2,2,2,0.4150000000001737
232952429218,P2-normal-feed,4499,5141,2,2,2,0.4100000000001742
232957507503,P2-normal-feed,4504,5146,2,2,2,0.4050000000001748
232962582752,P2-normal-feed,4508,5151,2,2,2,0.4000000000001753
232967657219,P2-normal-feed,4513,5156,2,2,2,0.3950000000001759
232972743138,P2-normal-feed,4518,5161,2,2,2,0.39000000000017643
232977817665,P2-normal-feed,4523,5167,2,2,2,0.3840000000001771
232982895779,P2-normal-feed,4527,5171,2,2,2,0.38000000000017753
232987971790,P2-normal-feed,4532,5176,2,2,2,0.3750000000001781
232993045806,P2-normal-feed,4537,5182,2,2,2,0.36900000000017874
232998119653,P2-normal-feed,4542,5187,2,2,2,0.3640000000001793
233003202816,P2-normal-feed,4546,5191,2,2,2,0.36000000000017973
233008277374,P2-normal-feed,4551,5197,2,2,2,0.3540000000001804
233013358424,P2-normal-feed,4556,5202,2,2,2,0.34900000000018094
233018436327,P2-normal-feed,4561,5207,2,2,2,0.3440000000001815
233023516475,P2-normal-feed,4565,5212,2,2,2,0.33900000000018204
233028592846,P2-normal-feed,4570,5217,2,2,2,0.3340000000001826
233033678675,P2-normal-feed,4575,5222,2,2,2,0.32900000000018315
233038761888,P2-normal-feed,4580,5227,2,2,2,0.32400000000018414
233043877012,P2-normal-feed,4585,5233,2,2,2,0.31800000000018436
233048963762,P2-normal-feed,4589,5237,2,2,2,0.3140000000001848
233054078334,P2-normal-feed,4594,5242,2,2,2,0.30900000000018535
233059195081,P2-normal-feed,4599,5248,2,2,2,0.303000000000186
233064312518,P2-normal-feed,4604,5253,2,2,2,0.29800000000018656
233069434344,P2-normal-feed,4609,5258,2,2,2,0.2930000000001871
233074550299,P2-normal-feed,4613,5263,2,2,2,0.2880000000001872
233079666243,P2-normal-feed,4618,5268,2,2,2,0.2830000000001882
233084782128,P2-normal-feed,4623,5273,2,2,2,0.27800000000018876
233089899806,P2-normal-feed,4628,5279,2,2,2,0.272000000000189
233095015992,P2-normal-feed,4633,5284,2,2,2,0.26700000000019
233100134451,P2-normal-feed,4637,5288,2,2,2,0.2630000000001904
233105252249,P2-normal-feed,4642,5294,2,2,2,0.2570000000001911
233110369406,P2-normal-feed,4647,5299,2,2,2,0.25200000000019207
233115485181,P2-normal-feed,4652,5304,2,2,2,0.24700000000019218
233120601005,P2-normal-feed,4657,5310,2,2,2,0.24100000000019284
233125716489,P2-normal-feed,4661,5314,2,2,2,0.23700000000019328
233130821964,P2-normal-feed,4666,5319,2,2,2,0.23200000000019338
233135937459,P2-normal-feed,4671,5325,2,2,2,0.2260000000001945
233141047562,P2-normal-feed,4676,5330,2,2,2,0.22100000000019504
233146153979,P2-normal-feed,4680,5334,2,2,2,0.21700000000019548
233151270465,P2-normal-feed,4685,5340,2,2,2,0.21100000000019614
233156387973,P2-normal-feed,4690,5345,2,2,2,0.2060000000001967
233161503507,P2-normal-feed,4695,5350,2,2,2,0.20100000000019724
233166620894,P2-normal-feed,4700,5356,2,2,2,0.1950000000001979
233171742841,P2-normal-feed,4704,5360,2,2,2,0.19100000000019834
233176859527,P2-normal-feed,4709,5365,2,2,2,0.1860000000001989
233181975381,P2-normal-feed,4714,5371,2,2,2,0.1800000000002
233187093140,P2-normal-feed,4719,5376,2,2,2,0.1750000000002001
233192209996,P2-normal-feed,4724,5381,2,2,2,0.17000000000020066
233197327443,P2-normal-feed,4728,5385,2,2,2,0.1660000000002011
233202449187,P2-normal-feed,4733,5391,2,2,2,0.16000000000020131
233207565342,P2-normal-feed,4738,5396,2,2,2,0.1550000000002023
233212686336,P2-normal-feed,4743,5402,2,2,2,0.14900000000020297
233217787163,P2-normal-feed,4747,5406,2,2,2,0.1450000000002034
233222866259,P2-normal-feed,4752,5411,2,2,2,0.1400000000002044
233227942209,P2-normal-feed,4757,5416,2,2,2,0.1350000000002045
233233035822,P2-normal-feed,4762,5422,2,2,2,0.12900000000020517
233238112894,P2-normal-feed,4767,5427,2,2,2,0.12400000000020617
233243189315,P2-normal-feed,4771,5431,2,2,2,0.12000000000020572
233248290232,P2-normal-feed,4776,5437,2,2,2,0.11400000000020682
233253370550,P2-normal-feed,4781,5442,2,2,2,0.10900000000020738
233258446561,P2-normal-feed,4786,5447,2,2,2,0.10400000000020748
233263546221,P2-normal-feed,4790,5452,2,2,2,0.09900000000020848
233268643732,P2-normal-feed,4795,5457,2,2,2,0.09400000000020903
233273726404,P2-normal-feed,4800,5462,2,2,2,0.08900000000020958
233278807975,P2-normal-feed,4805,5468,2,2,2,0.08300000000021024
233283889676,P2-normal-feed,4809,5472,2,2,2,0.07900000000021068
233288966878,P2-normal-feed,4814,5477,2,2,2,0.07400000000021123
233294060351,P2-normal-feed,4819,5483,2,2,2,0.06800000000021234
233299137013,P2-normal-feed,4824,5488,2,2,2,0.06300000000021244
233304214606,P2-normal-feed,4828,5492,2,2,2,0.05900000000021288
233309302919,P2-normal-feed,4833,5498,2,2,2,0.05300000000021354
233314379781,P2-normal-feed,4838,5503,2,2,2,0.04800000000021365
233319451163,P2-normal-feed,4843,5508,2,2,2,0.043000000000214644
233324537753,P2-normal-feed,4847,5513,2,2,2,0.038000000000215195
233329617339,P2-normal-feed,4852,5518,2,2,2,0.033000000000215746
233334692338,P2-normal-feed,4857,5523,2,2,2,0.02800000000021674
233339769150,P2-normal-feed,4862,5529,2,2,2,0.022000000000216957
233344846302,P2-normal-feed,4866,5533,2,2,2,0.018000000000217398
233349963389,P2-normal-feed,4871,5538,2,2,2,0.013000000000217948
233355053696,P2-normal-feed,4876,5544,2,2,2,0.007000000000218609
233360138282,P2-normal-feed,4881,5549,2,2,2,0.0024500000001612676
233365212289,P2-normal-feed,4885,5553,2,2,2,0.0004500000000695614
233370290403,P2-normal-feed,4890,5559,0,1,2,0.0
233375369730,P2-normal-feed,4895,5564,0,1,2,0.0
233380444217,P2-normal-feed,4900,5569,0,1,2,0.0
233385520357,P2-normal-feed,4904,5574,0,1,2,0.0
233390595386,P2-normal-feed,4909,5579,0,1,2,0.0
233395670414,P2-normal-feed,4914,5584,0,1,2,0.0
233400743229,P2-normal-feed,4919,5590,0,1,2,0.0
233405822445,P2-normal-feed,4923,5594,0,1,2,0.0
233410898866,P2-normal-feed,4928,5599,0,1,2,0.0
233415974506,P2-normal-feed,4933,5605,0,1,2,0.0
233421052971,P2-normal-feed,4938,5610,0,1,2,0.0
233426130003,P2-normal-feed,4942,5614,0,1,2,0.0
233431208788,P2-normal-feed,4947,5620,0,1,2,0.0
233436288325,P2-normal-feed,4952,5625,0,1,2,0.0
233441364937,P2-normal-feed,4957,5630,0,1,2,0.0
233446448601,P2-normal-feed,4961,5635,0,1,2,0.0
233451559914,P2-normal-feed,4966,5640,0,1,2,0.0
233456638509,P2-normal-feed,4971,5645,0,1,2,0.0
233461714309,P2-normal-feed,4976,5651,0,1,2,0.0
233466794527,P2-normal-feed,4980,5655,0,1,2,0.0
233471869916,P2-normal-feed,4985,5660,0,1,2,0.0
233476943842,P2-normal-feed,4990,5666,0,1,2,0.0
233482024020,P2-normal-feed,4995,5671,0,1,2,0.0
233487099189,P2-normal-feed,4999,5675,0,1,2,0.0
233492173015,P2-normal-feed,5004,5681,0,1,2,0.0
233497250659,P2-normal-feed,5009,5686,0,1,2,0.0
233502325747,P2-normal-feed,5014,5691,0,1,2,0.0
233507400044,P2-normal-feed,5018,5696,0,1,2,0.0
233512475985,P2-normal-feed,5023,5701,0,1,2,0.0
233517550402,P2-normal-feed,5028,5706,0,1,2,0.0
233522623587,P2-normal-feed,5033,5712,0,1,2,0.0
233527700449,P2-normal-feed,5037,5716,0,1,2,0.0
233532776980,P2-normal-feed,5042,5721,0,1,2,0.0
233537859583,P2-normal-feed,5047,5727,0,1,2,0.0
233542935894,P2-normal-feed,5052,5732,0,1,2,0.0
233548020119,P2-normal-feed,5056,5736,0,1,2,0.0
233553095107,P2-normal-feed,5061,5742,0,1,2,0.0
233558191425,P2-normal-feed,5066,5747,0,1,2,0.0
233563268648,P2-normal-feed,5071,5752,0,1,2,0.0
233568350309,P2-normal-feed,5075,5756,0,1,2,0.0
233573425418,P2-normal-feed,5080,5762,0,1,2,0.0
233578531123,P2-normal-feed,5085,5767,0,1,2,0.0
233583607344,P2-normal-feed,5090,5772,0,1,2,0.0
233588683184,P2-normal-feed,5094,5777,0,1,2,0.0
233593758172,P2-normal-feed,5099,5782,0,1,2,0.0
233598835575,P2-normal-feed,5104,5787,0,1,2,0.0
233603911445,P2-normal-feed,5109,5793,0,1,2,0.0
233608986283,P2-normal-feed,5113,5797,0,1,2,0.0
233614062143,P2-normal-feed,5118,5802,0,1,2,0.0
233619137512,P2-normal-feed,5123,5808,0,1,2,0.0
233624213302,P2-normal-feed,5128,5813,0,1,2,0.0
233629294151,P2-normal-feed,5132,5817,0,1,2,0.0
233634370592,P2-normal-feed,5137,5823,0,1,2,0.0
233639444599,P2-normal-feed,5142,5828,0,1,2,0.0
233644518515,P2-normal-feed,5147,5833,0,1,2,0.0
233649591039,P2-normal-feed,5151,5838,0,1,2,0.0
233654670897,P2-normal-feed,5156,5843,0,1,2,0.0
233659765471,P2-normal-feed,5161,5848,0,1,2,0.0
233664851611,P2-normal-feed,5166,5854,0,1,2,0.0
233669929184,P2-normal-feed,5170,5858,0,1,2,0.0
233675003130,P2-normal-feed,5175,5863,0,1,2,0.0
233680081595,P2-normal-feed,5180,5869,0,1,2,0.0
233685158547,P2-normal-feed,5185,5874,0,1,2,0.0
233690234307,P2-normal-feed,5189,5878,0,1,2,0.0
233695309857,P2-normal-feed,5194,5884,0,1,2,0.0
233700397078,P2-normal-feed,5199,5889,0,1,2,0.0
233705473639,P2-normal-feed,5203,5894,0,1,2,0.0
233710548627,P2-normal-feed,5208,5899,0,1,2,0.0
233715623746,P2-normal-feed,5213,5904,0,1,2,0.0
233720704205,P2-normal-feed,5218,5910,0,1,2,0.0
233725778512,P2-normal-feed,5222,5914,0,1,2,0.0
233730851326,P2-normal-feed,5227,5919,0,1,2,0.0
233735924942,P2-normal-feed,5232,5925,0,1,2,0.0
233741005921,P2-normal-feed,5237,5930,0,1,2,0.0
233746080449,P2-normal-feed,5241,5934,0,1,2,0.0
233751153834,P2-normal-feed,5246,5940,0,1,2,0.0
233756226779,P2-normal-feed,5251,5945,0,1,2,0.0
233761306997,P2-normal-feed,5256,5950,0,1,2,0.0
233766395401,P2-normal-feed,5260,5955,0,1,2,0.0
233771474857,P2-normal-feed,5265,5960,0,1,2,0.0
233776548944,P2-normal-feed,5270,5965,0,1,2,0.0
233781625164,P2-normal-feed,5275,5971,0,1,2,0.0
233786699201,P2-normal-feed,5279,5975,0,1,2,0.0
233791772256,P2-normal-feed,5284,5980,0,1,2,0.0
233796844780,P2-normal-feed,5289,5986,0,1,2,0.0
233801918205,P2-normal-feed,5294,5991,0,1,2,0.0
233806992322,P2-normal-feed,5298,5995,0,1,2,0.0
233812068553,P2-normal-feed,5303,6000,0,1,2,0.0
233817142749,P2-normal-feed,5308,6006,0,1,2,0.0
233822217958,P2-normal-feed,5313,6011,0,1,2,0.0
233827295291,P2-normal-feed,5317,6015,0,1,2,0.0
233832371862,P2-normal-feed,5322,6021,0,1,2,0.0
233837446600,P2-normal-feed,5327,6026,0,1,2,0.0
233842522220,P2-normal-feed,5332,6031,0,1,2,0.0
233847601126,P2-normal-feed,5336,6036,0,1,2,0.0
233852675894,P2-normal-feed,5341,6041,0,1,2,0.0
233857760069,P2-normal-feed,5346,6046,0,1,2,0.0
233862836280,P2-normal-feed,5351,6052,0,1,2,0.0
233867909104,P2-normal-feed,5355,6056,0,1,2,0.0
233872981658,P2-normal-feed,5360,6061,0,1,2,0.0
233878054913,P2-normal-feed,5365,6067,0,1,2,0.0
233883131124,P2-normal-feed,5370,6072,0,1,2,0.0
233888207545,P2-normal-feed,5374,6076,0,1,2,0.0
233893283094,P2-normal-feed,5379,6082,0,1,2,0.0
233898358243,P2-normal-feed,5384,6087,0,1,2,0.0
233903449692,P2-normal-feed,5389,6092,0,1,2,0.0
233908526794,P2-normal-feed,5393,6097,0,1,2,0.0
233913602564,P2-normal-feed,5398,6102,0,1,2,0.0
233918682061,P2-normal-feed,5403,6107,0,1,2,0.0
233923758532,P2-normal-feed,5408,6113,0,1,2,0.0
233928834071,P2-normal-feed,5412,6117,0,1,2,0.0
233933913037,P2-normal-feed,5417,6122,0,1,2,0.0
233938990119,P2-normal-feed,5422,6128,0,1,2,0.0
233944065529,P2-normal-feed,5427,6133,0,1,2,0.0
233949154914,P2-normal-feed,5431,6137,0,1,2,0.0
233954233870,P2-normal-feed,5436,6143,0,1,2,0.0
233959309850,P2-normal-feed,5441,6148,0,1,2,0.0
233964397422,P2-normal-feed,5446,6153,0,1,2,0.0
233969472801,P2-normal-feed,5450,6158,0,1,2,0.0
233974547589,P2-normal-feed,5455,6163,0,1,2,0.0
233979628739,P2-normal-feed-drain,5460,6168,0,1,2,0.0
233979636744,P2-normal-idle,5460,6168,0,1,2,0.0
233984709758,P2-normal-idle,5465,6174,0,1,2,0.0
233989782382,P2-normal-idle,5469,6178,0,1,2,0.0
233994855327,P2-normal-idle,5474,6183,0,1,2,0.0
233999927730,P2-normal-idle,5479,6189,0,1,2,0.0
234005001697,P2-normal-idle,5484,6194,0,1,2,0.0
234010075994,P2-normal-idle,5488,6198,0,1,2,0.0
234015153167,P2-normal-idle,5493,6204,0,1,2,0.0
234020230039,P2-normal-idle,5498,6209,0,1,2,0.0
234025301380,P2-normal-idle,5503,6214,0,1,2,0.0
234030379645,P2-normal-idle,5507,6219,0,1,2,0.0
234035457178,P2-normal-idle,5512,6224,0,1,2,0.0
234040533328,P2-normal-idle,5517,6229,0,1,2,0.0
234045617293,P2-normal-idle,5522,6235,0,1,2,0.0
234050691701,P2-normal-idle,5526,6239,0,1,2,0.0
234055773422,P2-normal-idle,5531,6244,0,1,2,0.0
234060852698,P2-normal-idle,5536,6250,0,1,2,0.0
234065929410,P2-normal-idle,5541,6255,0,1,2,0.0
234071011431,P2-normal-idle,5545,6259,0,1,2,0.0
234076097200,P2-normal-idle,5550,6265,0,1,2,0.0
234081175785,P2-normal-idle,5555,6270,0,1,2,0.0
234086260341,P2-normal-idle,5560,6275,0,1,2,0.0
234091353253,P2-normal-idle,5564,6279,0,1,2,0.0
234096435424,P2-normal-idle,5569,6285,0,1,2,0.0
234101520932,P2-normal-idle,5574,6290,0,1,2,0.0
234106599718,P2-normal-idle,5579,6296,0,1,2,0.0
234111674085,P2-normal-idle,5583,6300,0,1,2,0.0
234116747511,P2-normal-idle,5588,6305,0,1,2,0.0
234121820876,P2-normal-idle,5593,6311,0,1,2,0.0
234126897998,P2-normal-idle,5598,6316,0,1,2,0.0
234131972456,P2-normal-idle,5602,6320,0,1,2,0.0
234137050239,P2-normal-idle,5607,6325,0,1,2,0.0
234142126770,P2-normal-idle,5612,6331,0,1,2,0.0
234147201799,P2-normal-idle,5617,6336,0,1,2,0.0
234152278361,P2-normal-idle,5621,6340,0,1,2,0.0
234157367725,P2-normal-idle,5626,6346,0,1,2,0.0
234162443275,P2-normal-idle,5631,6351,0,1,2,0.0
234167535145,P2-normal-idle,5636,6356,0,1,2,0.0
234172624400,P2-normal-idle,5640,6361,0,1,2,0.0
234177711140,P2-normal-idle,5645,6366,0,1,2,0.0
234182787852,P2-normal-idle,5650,6372,0,1,2,0.0
234187880633,P2-normal-idle,5655,6377,0,1,2,0.0
234192960461,P2-normal-idle,5659,6381,0,1,2,0.0
234198037002,P2-normal-idle,5664,6386,0,1,2,0.0
234203113934,P2-normal-idle,5669,6392,0,1,2,0.0
234208188381,P2-normal-idle,5674,6397,0,1,2,0.0
234213268530,P2-normal-idle,5678,6401,0,1,2,0.0
234218344640,P2-normal-idle,5683,6407,0,1,2,0.0
234223419478,P2-normal-idle,5688,6412,0,1,2,0.0
234228494266,P2-normal-idle,5693,6417,0,1,2,0.0
234233569084,P2-normal-idle,5697,6422,0,1,2,0.0
234238643962,P2-normal-idle,5702,6427,0,1,2,0.0
234243718380,P2-normal-idle,5707,6432,0,1,2,0.0
234248792757,P2-normal-idle,5712,6438,0,1,2,0.0
234253877063,P2-normal-idle,5716,6442,0,1,2,0.0
234258951801,P2-normal-idle,5721,6447,0,1,2,0.0
234264030776,P2-normal-idle,5726,6453,0,1,2,0.0
234269105855,P2-normal-idle,5731,6458,0,1,2,0.0
234274181645,P2-normal-idle,5735,6462,0,1,2,0.0
234279257445,P2-normal-idle,5740,6468,0,1,2,0.0
234284333064,P2-normal-idle,5745,6473,0,1,2,0.0
234289407492,P2-normal-idle,5750,6478,0,1,2,0.0
234294481949,P2-normal-idle,5754,6483,0,1,2,0.0
234299554974,P2-normal-idle,5759,6488,0,1,2,0.0
234304630152,P2-normal-idle,5764,6493,0,1,2,0.0
234309709299,P2-normal-idle,5769,6499,0,1,2,0.0
234314786721,P2-normal-idle,5773,6503,0,1,2,0.0
234319862391,P2-normal-idle,5778,6508,0,1,2,0.0
234324935065,P2-normal-idle,5783,6514,0,1,2,0.0
234330007749,P2-normal-idle,5788,6519,0,1,2,0.0
234335083689,P2-normal-idle,5792,6523,0,1,2,0.0
234340171301,P2-normal-idle,5797,6529,0,1,2,0.0
234345244917,P2-normal-idle,5802,6534,0,1,2,0.0
234350317130,P2-normal-idle,5807,6539,0,1,2,0.0
234355399953,P2-normal-idle,5811,6544,0,1,2,0.0
234360474160,P2-normal-idle,5816,6549,0,1,2,0.0
234365547315,P2-normal-idle,5821,6554,0,1,2,0.0
234370623015,P2-normal-idle,5826,6560,0,1,2,0.0
234375696961,P2-normal-idle,5830,6564,0,1,2,0.0
234400932131,P3-slow-rapid,5857,6589,1,2,2,0.018050000000000004
234451012160,P3-slow-rapid,5904,6640,1,2,2,0.20000000000000012
234501089784,P3-slow-rapid,5951,6690,1,2,2,0.40000000000000024
234551167668,P3-slow-rapid,5998,6740,1,2,2,0.6000000000000004
234601255812,P3-slow-rapid,6044,6789,1,2,2,0.7960000000000005
234651337453,P3-slow-rapid,6091,6839,1,2,2,0.9960000000000008
234701420598,P3-slow-rapid,6138,6890,1,2,2,1.2000000000000008
234751510615,P3-slow-rapid,6185,6940,1,2,2,1.4000000000000012
234801601805,P3-slow-rapid,6232,6990,1,2,2,1.600000000000001
234851743542,P3-slow-rapid,6279,7040,1,2,2,1.8000000000000014
234901854292,P3-slow-rapid,6326,7090,1,2,2,2.0000000000000013
234951961344,P3-slow-rapid,6373,7141,1,2,2,2.2040000000000015
235002064135,P3-slow-rapid,6419,7190,1,2,2,2.4000000000000017
235052162968,P3-slow-rapid,6466,7240,1,2,2,2.600000000000002
235102265770,P3-slow-rapid,6513,7291,1,2,2,2.804000000000002
235152367639,P3-slow-rapid,6560,7341,1,2,2,2.981950000000001
235202478205,P3-slow-rapid,6607,7391,0,1,2,3.0
235252581687,P3-slow-rapid,6654,7441,0,1,2,3.0
235302679278,P3-slow-rapid,6701,7492,0,1,2,3.0
235352765458,P3-slow-rapid,6747,7541,0,1,2,3.0
235402863190,P3-slow-rapid-drain,6794,7591,0,1,2,3.0
235423040132,P3-slow-feed,6816,7612,2,2,2,2.985
235473122625,P3-slow-feed,6863,7662,2,2,2,2.935
235523202553,P3-slow-feed,6910,7712,2,2,2,2.885
235573294695,P3-slow-feed,6956,7761,2,2,2,2.836
235623381957,P3-slow-feed,7003,7812,2,2,2,2.7849999999999997
235673462386,P3-slow-feed,7050,7862,2,2,2,2.735
235723544839,P3-slow-feed,7097,7912,2,2,2,2.6849999999999996
235773634556,P3-slow-feed,7144,7963,2,2,2,2.634
235823748869,P3-slow-feed,7191,8013,2,2,2,2.5839999999999996
235873847412,P3-slow-feed,7237,8062,2,2,2,2.5349999999999997
235923942749,P3-slow-feed,7284,8112,2,2,2,2.4849999999999994
235974034309,P3-slow-feed,7331,8162,2,2,2,2.4349999999999996
236024138032,P3-slow-feed,7378,8213,2,2,2,2.3839999999999995
236074234512,P3-slow-feed,7425,8263,2,2,2,2.3339999999999996
236124314260,P3-slow-feed,7472,8313,2,2,2,2.2839999999999994
236174397014,P3-slow-feed,7519,8363,2,2,2,2.2339999999999995
236224493793,P3-slow-feed,7565,8413,2,2,2,2.1839999999999993
236274578401,P3-slow-feed,7612,8463,2,2,2,2.1339999999999995
236324660142,P3-slow-feed,7659,8513,2,2,2,2.083999999999999
236374766169,P3-slow-feed,7706,8563,2,2,2,2.0339999999999994
236424847651,P3-slow-feed,7753,8614,2,2,2,1.9830000000000012
236474930996,P3-slow-feed,7799,8663,2,2,2,1.9340000000000066
236525018538,P3-slow-feed,7846,8714,2,2,2,1.8830000000000122
236575109868,P3-slow-feed,7893,8764,2,2,2,1.8330000000000177
236625199845,P3-slow-feed,7940,8813,2,2,2,1.7840000000000231
236675299080,P3-slow-feed,7987,8864,2,2,2,1.7330000000000287
236725392403,P3-slow-feed,8033,8914,2,2,2,1.6830000000000342
236775482320,P3-slow-feed,8080,8964,2,2,2,1.6330000000000398
236825565915,P3-slow-feed,8127,9014,2,2,2,1.5830000000000453
236875648999,P3-slow-feed,8174,9064,2,2,2,1.5330000000000508
236925739888,P3-slow-feed,8221,9115,2,2,2,1.4820000000000564
236975823554,P3-slow-feed,8268,9165,2,2,2,1.432000000000062
237025915645,P3-slow-feed,8314,9214,2,2,2,1.3830000000000673
237076000332,P3-slow-feed,8361,9264,2,2,2,1.3330000000000728
237126082755,P3-slow-feed,8408,9314,2,2,2,1.2830000000000783
237176172843,P3-slow-feed,8455,9365,2,2,2,1.232000000000084
237226254855,P3-slow-feed,8502,9415,2,2,2,1.1820000000000894
237276335886,P3-slow-feed,8549,9465,2,2,2,1.132000000000095
237326413630,P3-slow-feed,8596,9515,2,2,2,1.0820000000001004
237376493458,P3-slow-feed,8643,9565,2,2,2,1.032000000000106
237426574349,P3-slow-feed,8690,9616,2,2,2,0.9810000000001113
237476654047,P3-slow-feed,8736,9665,2,2,2,0.9320000000001167
237526737312,P3-slow-feed,8783,9715,2,2,2,0.8820000000001222
237576822069,P3-slow-feed,8830,9765,2,2,2,0.8320000000001277
237626905675,P3-slow-feed,8877,9815,2,2,2,0.7820000000001333
237676994860,P3-slow-feed,8924,9866,2,2,2,0.7310000000001389
237727086150,P3-slow-feed,8971,9916,2,2,2,0.6810000000001444
237777175295,P3-slow-feed,9018,9966,2,2,2,0.6310000000001499
237827271354,P3-slow-feed,9065,10016,2,2,2,0.5810000000001554
237877366150,P3-slow-feed,9112,10066,2,2,2,0.5310000000001609
237927448924,P3-slow-feed,9158,10116,2,2,2,0.4810000000001664
237977532089,P3-slow-feed,9205,10166,2,2,2,0.4310000000001719
238027619832,P3-slow-feed,9252,10216,2,2,2,0.3810000000001774
238077702335,P3-slow-feed,9299,10266,2,2,2,0.3310000000001829
238127782735,P3-slow-feed,9346,10316,2,2,2,0.28100000000018843
238177864827,P3-slow-feed,9393,10367,2,2,2,0.23000000000019405
238227950546,P3-slow-feed,9440,10417,2,2,2,0.1800000000002
238278031206,P3-slow-feed,9486,10466,2,2,2,0.13100000000020495
238328112697,P3-slow-feed,9533,10516,2,2,2,0.08100000000021046
238378198309,P3-slow-feed,9580,10567,2,2,2,0.030000000000216076
238428316659,P3-slow-feed,9627,10617,0,1,2,0.0
238478438275,P3-slow-feed,9674,10667,0,1,2,0.0
238528537710,P3-slow-feed,9721,10717,0,1,2,0.0
238578625785,P3-slow-feed,9768,10768,0,1,2,0.0
238628724603,P3-slow-feed,9815,10818,0,1,2,0.0
238678805653,P3-slow-feed,9861,10867,0,1,2,0.0
238728916499,P3-slow-feed,9908,10917,0,1,2,0.0
238779005935,P3-slow-feed,9955,10967,0,1,2,0.0
238829093648,P3-slow-feed,10002,11018,0,1,2,0.0
238879178065,P3-slow-feed,10049,11068,0,1,2,0.0
238929263574,P3-slow-feed,10095,11118,0,1,2,0.0
238979359392,P3-slow-feed,10142,11168,0,1,2,0.0
239029456543,P3-slow-feed-drain,10189,11218,0,1,2,0.0
239029467493,P4-idle,10189,11218,0,1,2,0.0
239034540607,P4-idle,10194,11223,0,1,2,0.0
239039614092,P4-idle,10198,11228,0,1,2,0.0
239044689311,P4-idle,10203,11233,0,1,2,0.0
239049770721,P4-idle,10208,11238,0,1,2,0.0
239054843494,P4-idle,10213,11244,0,1,2,0.0
239059920265,P4-idle,10217,11248,0,1,2,0.0
239064995574,P4-idle,10222,11253,0,1,2,0.0
239070071052,P4-idle,10227,11259,0,1,2,0.0
239075145589,P4-idle,10232,11264,0,1,2,0.0
239080227670,P4-idle,10236,11268,0,1,2,0.0
239085311535,P4-idle,10241,11274,0,1,2,0.0
239090386563,P4-idle,10246,11279,0,1,2,0.0
239095466079,P4-idle,10251,11284,0,1,2,0.0
239100541568,P4-idle,10255,11289,0,1,2,0.0
239105614963,P4-idle,10260,11294,0,1,2,0.0
239110691243,P4-idle,10265,11299,0,1,2,0.0
239115772813,P4-idle,10270,11305,0,1,2,0.0
239120860505,P4-idle,10274,11309,0,1,2,0.0
239125947855,P4-idle,10279,11314,0,1,2,0.0
239131029425,P4-idle,10284,11320,0,1,2,0.0
239136103261,P4-idle,10289,11325,0,1,2,0.0
239141188208,P4-idle,10293,11329,0,1,2,0.0
239146261933,P4-idle,10298,11335,0,1,2,0.0
239151333965,P4-idle,10303,11340,0,1,2,0.0
239156412430,P4-idle,10308,11345,0,1,2,0.0
239161500011,P4-idle,10312,11350,0,1,2,0.0
239166575780,P4-idle,10317,11355,0,1,2,0.0
239171650127,P4-idle,10322,11360,0,1,2,0.0
239176728812,P4-idle,10327,11366,0,1,2,0.0
239181805884,P4-idle,10331,11370,0,1,2,0.0
239186881262,P4-idle,10336,11375,0,1,2,0.0
239191958754,P4-idle,10341,11381,0,1,2,0.0
239197036257,P4-idle,10346,11386,0,1,2,0.0
239202112216,P4-idle,10350,11390,0,1,2,0.0
239207191753,P4-idle,10355,11396,0,1,2,0.0
239212269255,P4-idle,10360,11401,0,1,2,0.0
239217352929,P4-idle,10365,11406,0,1,2,0.0
239222432105,P4-idle,10369,11411,0,1,2,0.0
239227509127,P4-idle,10374,11416,0,1,2,0.0
239232590486,P4-idle,10379,11421,0,1,2,0.0
239237667508,P4-idle,10384,11427,0,1,2,0.0
239242742486,P4-idle,10388,11431,0,1,2,0.0
239247815650,P4-idle,10393,11436,0,1,2,0.0
239252896449,P4-idle,10398,11442,0,1,2,0.0
239257973961,P4-idle,10403,11447,0,1,2,0.0
239263050312,P4-idle,10407,11451,0,1,2,0.0
239268122795,P4-idle,10412,11456,0,1,2,0.0
239273197182,P4-idle,10417,11462,0,1,2,0.0
239278268993,P4-idle,10422,11467,0,1,2,0.0
239283342429,P4-idle,10426,11471,0,1,2,0.0
239288425932,P4-idle,10431,11477,0,1,2,0.0
239293501972,P4-idle,10436,11482,0,1,2,0.0
239298581629,P4-idle,10441,11487,0,1,2,0.0
239303667367,P4-idle,10445,11492,0,1,2,0.0
239308746282,P4-idle,10450,11497,0,1,2,0.0
239313824866,P4-idle,10455,11502,0,1,2,0.0
239318912908,P4-idle,10460,11508,0,1,2,0.0
239323988938,P4-idle,10465,11513,0,1,2,0.0
239329079184,P4-idle,10469,11517,0,1,2,0.0
239334152830,P4-idle,10474,11523,0,1,2,0.0
239339224982,P4-idle,10479,11528,0,1,2,0.0
239344300872,P4-idle,10484,11533,0,1,2,0.0
239349374116,P4-idle,10488,11538,0,1,2,0.0
239354455747,P4-idle,10493,11543,0,1,2,0.0
239359531847,P4-idle,10498,11548,0,1,2,0.0
239364611794,P4-idle,10503,11554,0,1,2,0.0
239369687723,P4-idle,10507,11558,0,1,2,0.0
239374760507,P4-idle,10512,11563,0,1,2,0.0
239379836306,P4-idle,10517,11569,0,1,2,0.0
239384910843,P4-idle,10522,11574,0,1,2,0.0
239389985771,P4-idle,10526,11578,0,1,2,0.0
239395067622,P4-idle,10531,11583,0,1,2,0.0
239400140095,P4-idle,10536,11589,0,1,2,0.0
239405209853,P4-idle,10541,11594,0,1,2,0.0
239410282677,P4-idle,10545,11598,0,1,2,0.0
239415366511,P4-idle,10550,11604,0,1,2,0.0
239420443873,P4-idle,10555,11609,0,1,2,0.0
239425521205,P4-idle,10560,11614,0,1,2,0.0
239430594781,P4-idle,10564,11619,0,1,2,0.0
239435666392,P4-idle,10569,11624,0,1,2,0.0
239440742803,P4-idle,10574,11629,0,1,2,0.0
239445816218,P4-idle,10579,11635,0,1,2,0.0
239450888380,P4-idle,10583,11639,0,1,2,0.0
239455962957,P4-idle,10588,11644,0,1,2,0.0
239461034809,P4-idle,10593,11650,0,1,2,0.0
239466104517,P4-idle,10598,11655,0,1,2,0.0
239471176530,P4-idle,10603,11660,0,1,2,0.0
239476248111,P4-idle,10607,11664,0,1,2,0.0
239481324592,P4-idle,10612,11670,0,1,2,0.0
239486404689,P4-idle,10617,11675,0,1,2,0.0
239491483183,P4-idle,10622,11681,0,1,2,0.0
239496556187,P4-idle,10626,11685,0,1,2,0.0
239501630815,P4-idle,10631,11690,0,1,2,0.0
239506705322,P4-idle,10636,11695,0,1,2,0.0
239511778326,P4-idle,10640,11700,0,1,2,0.0
239516855648,P4-idle,10645,11705,0,1,2,0.0
239521928161,P4-idle,10650,11711,0,1,2,0.0
239526999723,P4-idle,10655,11716,0,1,2,0.0
239532076264,P4-idle,10659,11720,0,1,2,0.0
239537148817,P4-idle,10664,11726,0,1,2,0.0
239542226069,P4-idle,10669,11731,0,1,2,0.0
239547298802,P4-idle,10674,11736,0,1,2,0.0
239552373510,P4-idle,10678,11741,0,1,2,0.0
239557455805,P4-idle,10683,11746,0,1,2,0.0
239562530613,P4-idle,10688,11751,0,1,2,0.0
239567632110,P4-idle,10693,11757,0,1,2,0.0
239572705114,P4-idle,10697,11761,0,1,2,0.0
239577778880,P4-idle,10702,11766,0,1,2,0.0
239582853447,P4-idle,10707,11772,0,1,2,0.0
239587927293,P4-idle,10712,11777,0,1,2,0.0
239593000858,P4-idle,10716,11781,0,1,2,0.0
239598075480,P4-idle,10721,11786,0,1,2,0.0
239603180444,P4-idle,10726,11792,0,1,2,0.0
239608262990,P4-idle,10731,11797,0,1,2,0.0
239613344430,P4-idle,10735,11801,0,1,2,0.0
239618416924,P4-idle,10740,11807,0,1,2,0.0
239623489046,P4-idle,10745,11812,0,1,2,0.0
239628563683,P4-idle,10750,11817,0,1,2,0.0
