0 0.000000 0.000000 0.000000 0.000000 0.000000 0.000000 0.000000 0.000000 1 1 
1 0.000000 0.000000 0.000000 0.000000 0.000000 0.000000 0.000000 0.000000 1 1 
2 0.000000 0.000000 0.000000 0.000000 0.000000 0.000000 0.000000 0.000000 1 1 
3 0.000000 0.000000 0.000000 0.000000 0.000000 0.000000 0.000000 0.000000 1 1 
4 0.000000 0.000000 0.000000 0.000000 0.000000 0.000000 0.000000 0.000000 1 1 
5 0.000000 0.000000 0.000000 0.000000 0.000000 0.000000 0.000000 0.000000 1 1 
6 0.000000 0.000000 0.000000 0.000000 0.000000 0.000000 0.000000 0.000000 1 1 
7 0.000000 0.000000 0.000000 0.000000 0.000000 0.000000 0.000000 0.000000 1 1 
8 0.000000 0.000000 0.000000 0.000000 0.000000 0.000000 0.000000 0.000000 1 1 
9 0.000000 0.000000 0.000000 0.000000 0.000000 0.000000 0.000000 0.000000 1 1 
10 0.000000 0.000000 0.000000 0.000000 0.000000 0.000000 0.000000 0.000000 1 1 
11 0.000000 0.000000 0.000000 0.000000 0.000000 0.000000 0.000000 0.000000 1 1 
12 0.000000 0.000000 0.000000 0.000000 0.000000 0.000000 0.000000 0.000000 1 1 
13 0.000000 0.000000 0.000000 0.000000 0.000000 0.000000 0.000000 0.000000 1 1 
14 0.000000 0.000000 0.000000 0.000000 0.000000 0.000000 0.000000 0.000000 1 1 
15 0.000000 0.000000 0.000000 0.000000 0.000000 0.000000 0.000000 0.000000 1 1 
16 0.000000 0.000000 0.000000 0.000000 0.000000 0.000000 0.000000 0.000000 1 1 
17 0.000000 0.000000 0.000000 0.000000 0.000000 0.000000 0.000000 0.000000 1 1 
18 0.000000 0.000000 0.000000 0.000000 0.000000 0.000000 0.000000 0.000000 1 1 
19 0.000000 0.000000 0.000000 0.000000 0.000000 0.000000 0.000000 0.000000 1 1 
20 0.000000 0.000000 0.000000 0.000000 0.000000 0.000000 0.000000 0.000000 1 1 
21 0.000000 0.000000 0.000000 0.000000 0.000000 0.000000 0.000000 0.000000 1 1 
22 0.000000 0.000000 0.000000 0.000000 0.000000 0.000000 0.000000 0.000000 1 1 
23 0.000000 0.000000 0.000000 0.000000 0.000000 0.000000 0.000000 0.000000 1 1 
24 0.000000 0.000000 0.000000 0.000000 0.000000 0.000000 0.000000 0.000000 1 1 
25 0.000000 0.000000 0.000000 0.000000 0.000000 0.000000 0.000000 0.000000 1 1 
26 0.000000 0.000000 0.000000 0.000000 0.000000 0.000000 0.000000 0.000000 1 1 
27 0.000000 0.000000 0.000000 0.000000 0.000000 0.000000 0.000000 0.000000 1 1 
28 0.000000 0.000000 0.000000 0.000000 0.000000 0.000000 0.000000 0.000000 1 1 
29 0.000000 0.000000 0.000000 0.000000 0.000000 0.000000 0.000000 0.000000 1 1 
30 0.000000 0.000000 0.000000 0.000000 0.000000 0.000000 0.000000 0.000000 1 1 
31 0.000000 0.000000 0.000000 0.000000 0.000000 0.000000 0.000000 0.000000 1 1 
32 0.000000 0.000000 0.000000 0.000000 0.000000 0.000000 0.000000 0.000000 1 1 
33 0.000000 0.000000 0.000000 0.000000 0.000000 0.000000 0.000000 0.000000 1 1 
34 0.000000 0.000000 0.000000 0.000000 0.000000 0.000000 0.000000 0.000000 1 1 
35 0.000000 0.000000 0.000000 0.000000 0.000000 0.000000 0.000000 0.000000 1 1 
36 0.000000 0.000000 0.000000 0.000000 0.000000 0.000000 0.000000 0.000000 1 1 
37 0.000000 0.000000 0.000000 0.000000 0.000000 0.000000 0.000000 0.000000 1 1 
38 0.000000 0.000000 0.000000 0.000000 0.000000 0.000000 0.000000 0.000000 1 1 
39 0.000000 0.000000 0.000000 0.000000 0.000000 0.000000 0.000000 0.000000 1 1 
40 0.000000 0.000000 0.000000 0.000000 0.000000 0.000000 0.000000 0.000000 1 1 
41 0.000000 0.000000 0.000000 0.000000 0.000000 0.000000 0.000000 0.000000 1 1 
42 0.000000 0.000000 0.000000 0.000000 0.000000 0.000000 0.000000 0.000000 1 1 
43 0.000000 0.000000 0.000000 0.000000 0.000000 0.000000 0.000000 0.000000 1 1 
44 0.000000 0.000000 0.000000 0.000000 0.000000 0.000000 0.000000 0.000000 1 1 
45 0.000000 0.000000 0.000000 0.000000 0.000000 0.000000 0.000000 0.000000 1 1 
46 0.000000 0.000000 0.000000 0.000000 0.000000 0.000000 0.000000 0.000000 1 1 
47 0.000000 0.000000 0.000000 0.000000 0.000000 0.000000 0.000000 0.000000 1 1 
48 0.000000 0.000000 0.000000 0.000000 0.000000 0.000000 0.000000 0.000000 1 1 
49 0.000000 0.000000 0.000000 0.000000 0.000000 0.000000 0.000000 0.000000 1 1 
50 0.000000 0.000000 0.000000 0.000000 0.000000 0.000000 0.000000 0.000000 1 1 
51 0.000000 0.000000 0.000000 0.000000 0.000000 0.000000 0.000000 0.000000 1 1 
52 0.000000 0.000000 0.000000 0.000000 0.000000 0.000000 0.000000 0.000000 1 1 
53 0.000000 0.000000 0.000000 0.000000 0.000000 0.000000 0.000000 0.000000 1 1 
54 0.000000 0.000000 0.000000 0.000000 0.000000 0.000000 0.000000 0.000000 1 1 
55 0.000000 0.000000 0.000000 0.000000 0.000000 0.000000 0.000000 0.000000 1 1 
56 0.000000 0.000000 0.000000 0.000000 0.000000 0.000000 0.000000 0.000000 1 1 
57 0.000000 0.000000 0.000000 0.000000 0.000000 0.000000 0.000000 0.000000 1 1 
58 0.000000 0.000000 0.000000 0.000000 0.000000 0.000000 0.000000 0.000000 1 1 
59 0.000000 0.000000 0.000000 0.000000 0.000000 0.000000 0.000000 0.000000 1 1 
60 0.000000 0.000000 0.000000 0.000000 0.000000 0.000000 0.000000 0.000000 1 1 
61 0.000000 0.000000 0.000000 0.000000 0.000000 0.000000 0.000000 0.000000 1 1 
62 0.000000 0.000000 0.000000 0.000000 0.000000 0.000000 0.000000 0.000000 1 1 
63 0.000000 0.000000 0.000000 0.000000 0.000000 0.000000 0.000000 0.000000 1 1 
64 0.000000 0.000000 0.000000 0.000000 0.000000 0.000000 0.000000 0.000000 1 1 
65 0.000000 0.000000 0.000000 0.000000 0.000000 0.000000 0.000000 0.000000 1 1 
66 0.000000 0.000000 0.000000 0.000000 0.000000 0.000000 0.000000 0.000000 1 1 
67 0.000000 0.000000 0.000000 0.000000 0.000000 0.000000 0.000000 0.000000 1 1 
68 0.000000 0.000000 0.000000 0.000000 0.000000 0.000000 0.000000 0.000000 1 1 
69 0.000000 0.000000 0.000000 0.000000 0.000000 0.000000 0.000000 0.000000 1 1 
70 0.000000 0.000000 0.000000 0.000000 0.000000 0.000000 0.000000 0.000000 1 1 
71 0.000000 0.000000 0.000000 0.000000 0.000000 0.000000 0.000000 0.000000 1 1 
72 0.000000 0.000000 0.000000 0.000000 0.000000 0.000000 0.000000 0.000000 1 1 
73 0.000000 0.000000 0.000000 0.000000 0.000000 0.000000 0.000000 0.000000 1 1 
74 0.000000 0.000000 0.000000 0.000000 0.000000 0.000000 0.000000 0.000000 1 1 
75 0.000000 0.000000 0.000000 0.000000 0.000000 0.000000 0.000000 0.000000 1 1 
76 0.000000 0.000000 0.000000 0.000000 0.000000 0.000000 0.000000 0.000000 1 1 
77 0.000000 0.000000 0.000000 0.000000 0.000000 0.000000 0.000000 0.000000 1 1 
78 0.000000 0.000000 0.000000 0.000000 0.000000 0.000000 0.000000 0.000000 1 1 
79 0.000000 0.000000 0.000000 0.000000 0.000000 0.000000 0.000000 0.000000 1 1 
80 0.000000 0.000000 0.000000 0.000000 0.000000 0.000000 0.000000 0.000000 1 1 
81 0.000000 0.000000 0.000000 0.000000 0.000000 0.000000 0.000000 0.000000 1 1 
82 0.000000 0.000000 0.000000 0.000000 0.000000 0.000000 0.000000 0.000000 1 1 
83 0.000000 0.000000 0.000000 0.000000 0.000000 0.000000 0.000000 0.000000 1 1 
84 0.000000 0.000000 0.000000 0.000000 0.000000 0.000000 0.000000 0.000000 1 1 
85 0.000000 0.000000 0.000000 0.000000 0.000000 0.000000 0.000000 0.000000 1 1 
86 0.000000 0.000000 0.000000 0.000000 0.000000 0.000000 0.000000 0.000000 1 1 
87 0.000000 0.000000 0.000000 0.000000 0.000000 0.000000 0.000000 0.000000 1 1 
88 0.000000 0.000000 0.000000 0.000000 0.000000 0.000000 0.000000 0.000000 1 1 
89 0.000000 0.000000 0.000000 0.000000 0.000000 0.000000 0.000000 0.000000 1 1 
90 0.000000 0.000000 0.000000 0.000000 0.000000 0.000000 0.000000 0.000000 1 1 
91 0.000000 0.000000 0.000000 0.000000 0.000000 0.000000 0.000000 0.000000 1 1 
92 0.000000 0.000000 0.000000 0.000000 0.000000 0.000000 0.000000 0.000000 1 1 
93 0.000000 0.000000 0.000000 0.000000 0.000000 0.000000 0.000000 0.000000 1 1 
94 0.000000 0.000000 0.000000 0.000000 0.000000 0.000000 0.000000 0.000000 1 1 
95 0.000000 0.000000 0.000000 0.000000 0.000000 0.000000 0.000000 0.000000 1 1 
96 0.000000 0.000000 0.000000 0.000000 0.000000 0.000000 0.000000 0.000000 1 1 
97 0.000000 0.000000 0.000000 0.000000 0.000000 0.000000 0.000000 0.000000 1 1 
98 0.000000 0.000000 0.000000 0.000000 0.000000 0.000000 0.000000 0.000000 1 1 
99 0.000000 0.000000 0.000000 0.000000 0.000000 0.000000 0.000000 0.000000 1 1 
100 0.000000 0.000000 0.000000 0.000000 0.000000 0.000000 0.000000 0.000000 1 1 
101 0.000000 0.000000 0.000000 0.000000 0.000000 0.000000 0.000000 0.000000 1 1 
102 0.000000 0.000000 0.000000 0.000000 0.000000 0.000000 0.000000 0.000000 1 1 
103 0.000000 0.000000 0.000000 0.000000 0.000000 0.000000 0.000000 0.000000 1 1 
104 0.000000 0.000000 0.000000 0.000000 0.000000 0.000000 0.000000 0.000000 1 1 
105 0.000000 0.000000 0.000000 0.000000 0.000000 0.000000 0.000000 0.000000 1 1 
106 0.000000 0.000000 0.000000 0.000000 0.000000 0.000000 0.000000 0.000000 1 1 
107 0.000000 0.000000 0.000000 0.000000 0.000000 0.000000 0.000000 0.000000 1 1 
108 0.000000 0.000000 0.000000 0.000000 0.000000 0.000000 0.000000 0.000000 1 1 
109 0.000000 0.000000 0.000000 0.000000 0.000000 0.000000 0.000000 0.000000 1 1 
110 0.000000 0.000000 0.000000 0.000000 0.000000 0.000000 0.000000 0.000000 1 1 
111 0.000000 0.000000 0.000000 0.000000 0.000000 0.000000 0.000000 0.000000 1 1 
112 0.000000 0.000000 0.000000 0.000000 0.000000 0.000000 0.000000 0.000000 1 1 
113 0.000000 0.000000 0.000000 0.000000 0.000000 0.000000 0.000000 0.000000 1 1 
114 0.000000 0.000000 0.000000 0.000000 0.000000 0.000000 0.000000 0.000000 1 1 
115 0.000000 0.000000 0.000000 0.000000 0.000000 0.000000 0.000000 0.000000 1 1 
116 0.000000 0.000000 0.000000 0.000000 0.000000 0.000000 0.000000 0.000000 1 1 
117 0.000000 0.000000 0.000000 0.000000 0.000000 0.000000 0.000000 0.000000 1 1 
118 0.000000 0.000000 0.000000 0.000000 0.000000 0.000000 0.000000 0.000000 1 1 
119 0.000000 0.000000 0.000000 0.000000 0.000000 0.000000 0.000000 0.000000 1 1 
120 0.000000 0.000000 0.000000 0.000000 0.000000 0.000000 0.000000 0.000000 1 1 
121 0.000000 0.000000 0.000000 0.000000 0.000000 0.000000 0.000000 0.000000 1 1 
122 0.000000 0.000000 0.000000 0.000000 0.000000 0.000000 0.000000 0.000000 1 1 
123 0.000000 0.000000 0.000000 0.000000 0.000000 0.000000 0.000000 0.000000 1 1 
124 0.000000 0.000000 0.000000 0.000000 0.000000 0.000000 0.000000 0.000000 1 1 
125 0.000000 0.000000 0.000000 0.000000 0.000000 0.000000 0.000000 0.000000 1 1 
126 0.000000 0.000000 0.000000 0.000000 0.000000 0.000000 0.000000 0.000000 1 1 
127 0.000000 0.000000 0.000000 0.000000 0.000000 0.000000 0.000000 0.000000 1 1 
128 0.000000 0.000000 0.000000 0.000000 0.000000 0.000000 0.000000 0.000000 1 1 
129 0.000000 0.000000 0.000000 0.000000 0.000000 0.000000 0.000000 0.000000 1 1 
130 0.000000 0.000000 0.000000 0.000000 0.000000 0.000000 0.000000 0.000000 1 1 
131 0.000000 0.000000 0.000000 0.000000 0.000000 0.000000 0.000000 0.000000 1 1 
132 0.000000 0.000000 0.000000 0.000000 0.000000 0.000000 0.000000 0.000000 1 1 
133 0.000000 0.000000 0.000000 0.000000 0.000000 0.000000 0.000000 0.000000 1 1 
134 0.000000 0.000000 0.000000 0.000000 0.000000 0.000000 0.000000 0.000000 1 1 
135 0.000000 0.000000 0.000000 0.000000 0.000000 0.000000 0.000000 0.000000 1 1 
136 0.000000 0.000000 0.000000 0.000000 0.000000 0.000000 0.000000 0.000000 1 1 
137 0.000000 0.000000 0.000000 0.000000 0.000000 0.000000 0.000000 0.000000 1 1 
138 0.000000 0.000000 0.000000 0.000000 0.000000 0.000000 0.000000 0.000000 1 1 
139 0.000000 0.000000 0.000000 0.000000 0.000000 0.000000 0.000000 0.000000 1 1 
140 0.000000 0.000000 0.000000 0.000000 0.000000 0.000000 0.000000 0.000000 1 1 
141 0.000000 0.000000 0.000000 0.000000 0.000000 0.000000 0.000000 0.000000 1 1 
142 0.000000 0.000000 0.000000 0.000000 0.000000 0.000000 0.000000 0.000000 1 1 
143 0.000000 0.000000 0.000000 0.000000 0.000000 0.000000 0.000000 0.000000 1 1 
144 0.000000 0.000000 0.000000 0.000000 0.000000 0.000000 0.000000 0.000000 1 1 
145 0.000000 0.000000 0.000000 0.000000 0.000000 0.000000 0.000000 0.000000 1 1 
146 0.000000 0.000000 0.000000 0.000000 0.000000 0.000000 0.000000 0.000000 1 1 
147 0.000000 0.000000 0.000000 0.000000 0.000000 0.000000 0.000000 0.000000 1 1 
148 0.000000 0.000000 0.000000 0.000000 0.000000 0.000000 0.000000 0.000000 1 1 
149 0.000000 0.000000 0.000000 0.000000 0.000000 0.000000 0.000000 0.000000 1 1 
150 0.000000 0.000000 0.000000 0.000000 0.000000 0.000000 0.000000 0.000000 1 1 
151 0.000000 0.000000 0.000000 0.000000 0.000000 0.000000 0.000000 0.000000 1 1 
152 0.000000 0.000000 0.000000 0.000000 0.000000 0.000000 0.000000 0.000000 1 1 
153 0.000000 0.000000 0.000000 0.000000 0.000000 0.000000 0.000000 0.000000 1 1 
154 0.000000 0.000000 0.000000 0.000000 0.000000 0.000000 0.000000 0.000000 1 1 
155 0.000000 0.000000 0.000000 0.000000 0.000000 0.000000 0.000000 0.000000 1 1 
156 0.000000 0.000000 0.000000 0.000000 0.000000 0.000000 0.000000 0.000000 1 1 
157 0.000000 0.000000 0.000000 0.000000 0.000000 0.000000 0.000000 0.000000 1 1 
158 0.000000 0.000000 0.000000 0.000000 0.000000 0.000000 0.000000 0.000000 1 1 
159 0.000000 0.000000 0.000000 0.000000 0.000000 0.000000 0.000000 0.000000 1 1 
160 0.000000 0.000000 0.000000 0.000000 0.000000 0.000000 0.000000 0.000000 1 1 
161 0.000000 0.000000 0.000000 0.000000 0.000000 0.000000 0.000000 0.000000 1 1 
162 0.000000 0.000000 0.000000 0.000000 0.000000 0.000000 0.000000 0.000000 1 1 
163 0.000000 0.000000 0.000000 0.000000 0.000000 0.000000 0.000000 0.000000 1 1 
164 0.000000 0.000000 0.000000 0.000000 0.000000 0.000000 0.000000 0.000000 1 1 
165 0.000000 0.000000 0.000000 0.000000 0.000000 0.000000 0.000000 0.000000 1 1 
166 0.000000 0.000000 0.000000 0.000000 0.000000 0.000000 0.000000 0.000000 1 1 
167 0.000000 0.000000 0.000000 0.000000 0.000000 0.000000 0.000000 0.000000 1 1 
168 0.000000 0.000000 0.000000 0.000000 0.000000 0.000000 0.000000 0.000000 1 1 
169 0.000000 0.000000 0.000000 0.000000 0.000000 0.000000 0.000000 0.000000 1 1 
170 0.000000 0.000000 0.000000 0.000000 0.000000 0.000000 0.000000 0.000000 1 1 
171 0.000000 0.000000 0.000000 0.000000 0.000000 0.000000 0.000000 0.000000 1 1 
172 0.000000 0.000000 0.000000 0.000000 0.000000 0.000000 0.000000 0.000000 1 1 
173 0.000000 0.000000 0.000000 0.000000 0.000000 0.000000 0.000000 0.000000 1 1 
174 0.000000 0.000000 0.000000 0.000000 0.000000 0.000000 0.000000 0.000000 1 1 
175 0.000000 0.000000 0.000000 0.000000 0.000000 0.000000 0.000000 0.000000 1 1 
176 0.000000 0.000000 0.000000 0.000000 0.000000 0.000000 0.000000 0.000000 1 1 
177 0.000000 0.000000 0.000000 0.000000 0.000000 0.000000 0.000000 0.000000 1 1 
178 0.000000 0.000000 0.000000 0.000000 0.000000 0.000000 0.000000 0.000000 1 1 
179 0.000000 0.000000 0.000000 0.000000 0.000000 0.000000 0.000000 0.000000 1 1 
180 0.000000 0.000000 0.000000 0.000000 0.000000 0.000000 0.000000 0.000000 1 1 
181 0.000000 0.000000 0.000000 0.000000 0.000000 0.000000 0.000000 0.000000 1 1 
182 0.000000 0.000000 0.000000 0.000000 0.000000 0.000000 0.000000 0.000000 1 1 
183 0.000000 0.000000 0.000000 0.000000 0.000000 0.000000 0.000000 0.000000 1 1 
184 0.000000 0.000000 0.000000 0.000000 0.000000 0.000000 0.000000 0.000000 1 1 
185 0.000000 0.000000 0.000000 0.000000 0.000000 0.000000 0.000000 0.000000 1 1 
186 0.000000 0.000000 0.000000 0.000000 0.000000 0.000000 0.000000 0.000000 1 1 
187 0.000000 0.000000 0.000000 0.000000 0.000000 0.000000 0.000000 0.000000 1 1 
188 0.000000 0.000000 0.000000 0.000000 0.000000 0.000000 0.000000 0.000000 1 1 
189 0.000000 0.000000 0.000000 0.000000 0.000000 0.000000 0.000000 0.000000 1 1 
190 0.000000 0.000000 0.000000 0.000000 0.000000 0.000000 0.000000 0.000000 1 1 
191 0.000000 0.000000 0.000000 0.000000 0.000000 0.000000 0.000000 0.000000 1 1 
192 0.000000 0.000000 0.000000 0.000000 0.000000 0.000000 0.000000 0.000000 1 1 
193 0.000000 0.000000 0.000000 0.000000 0.000000 0.000000 0.000000 0.000000 1 1 
194 0.000000 0.000000 0.000000 0.000000 0.000000 0.000000 0.000000 0.000000 1 1 
195 0.000000 0.000000 0.000000 0.000000 0.000000 0.000000 0.000000 0.000000 1 1 
196 0.000000 0.000000 0.000000 0.000000 0.000000 0.000000 0.000000 0.000000 1 1 
197 0.000000 0.000000 0.000000 0.000000 0.000000 0.000000 0.000000 0.000000 1 1 
198 0.000000 0.000000 0.000000 0.000000 0.000000 0.000000 0.000000 0.000000 1 1 
199 0.000000 0.000000 0.000000 0.000000 0.000000 0.000000 0.000000 0.000000 1 1 
200 0.000000 0.000000 0.000000 0.000000 0.000000 0.000000 0.000000 0.000000 1 1 
201 0.000000 0.000000 0.000000 0.000000 0.000000 0.000000 0.000000 0.000000 1 1 
202 0.000000 0.000000 0.000000 0.000000 0.000000 0.000000 0.000000 0.000000 1 1 
203 0.000000 0.000000 0.000000 0.000000 0.000000 0.000000 0.000000 0.000000 1 1 
204 0.000000 0.000000 0.000000 0.000000 0.000000 0.000000 0.000000 0.000000 1 1 
205 0.000000 0.000000 0.000000 0.000000 0.000000 0.000000 0.000000 0.000000 1 1 
206 0.000000 0.000000 0.000000 0.000000 0.000000 0.000000 0.000000 0.000000 1 1 
207 0.000000 0.000000 0.000000 0.000000 0.000000 0.000000 0.000000 0.000000 1 1 
208 0.000000 0.000000 0.000000 0.000000 0.000000 0.000000 0.000000 0.000000 1 1 
209 0.000000 0.000000 0.000000 0.000000 0.000000 0.000000 0.000000 0.000000 1 1 
210 0.000000 0.000000 0.000000 0.000000 0.000000 0.000000 0.000000 0.000000 1 1 
211 0.000000 0.000000 0.000000 0.000000 0.000000 0.000000 0.000000 0.000000 1 1 
212 0.000000 0.000000 0.000000 0.000000 0.000000 0.000000 0.000000 0.000000 1 1 
213 0.000000 0.000000 0.000000 0.000000 0.000000 0.000000 0.000000 0.000000 1 1 
214 0.000000 0.000000 0.000000 0.000000 0.000000 0.000000 0.000000 0.000000 1 1 
215 0.000000 0.000000 0.000000 0.000000 0.000000 0.000000 0.000000 0.000000 1 1 
216 0.000000 0.000000 0.000000 0.000000 0.000000 0.000000 0.000000 0.000000 1 1 
217 0.000000 0.000000 0.000000 0.000000 0.000000 0.000000 0.000000 0.000000 1 1 
218 0.000000 0.000000 0.000000 0.000000 0.000000 0.000000 0.000000 0.000000 1 1 
219 0.000000 0.000000 0.000000 0.000000 0.000000 0.000000 0.000000 0.000000 1 1 
220 0.000000 0.000000 0.000000 0.000000 0.000000 0.000000 0.000000 0.000000 1 1 
221 0.000000 0.000000 0.000000 0.000000 0.000000 0.000000 0.000000 0.000000 1 1 
222 0.000000 0.000000 0.000000 0.000000 0.000000 0.000000 0.000000 0.000000 1 1 
223 0.000000 0.000000 0.000000 0.000000 0.000000 0.000000 0.000000 0.000000 1 1 
224 0.000000 0.000000 0.000000 0.000000 0.000000 0.000000 0.000000 0.000000 1 1 
225 0.000000 0.000000 0.000000 0.000000 0.000000 0.000000 0.000000 0.000000 1 1 
226 0.000000 0.000000 0.000000 0.000000 0.000000 0.000000 0.000000 0.000000 1 1 
227 0.000000 0.000000 0.000000 0.000000 0.000000 0.000000 0.000000 0.000000 1 1 
228 0.000000 0.000000 0.000000 0.000000 0.000000 0.000000 0.000000 0.000000 1 1 
229 0.000000 0.000000 0.000000 0.000000 0.000000 0.000000 0.000000 0.000000 1 1 
230 0.000000 0.000000 0.000000 0.000000 0.000000 0.000000 0.000000 0.000000 1 1 
231 0.000000 0.000000 0.000000 0.000000 0.000000 0.000000 0.000000 0.000000 1 1 
232 0.000000 0.000000 0.000000 0.000000 0.000000 0.000000 0.000000 0.000000 1 1 
233 0.000000 0.000000 0.000000 0.000000 0.000000 0.000000 0.000000 0.000000 1 1 
234 0.000000 0.000000 0.000000 0.000000 0.000000 0.000000 0.000000 0.000000 1 1 
235 0.000000 0.000000 0.000000 0.000000 0.000000 0.000000 0.000000 0.000000 1 1 
236 0.000000 0.000000 0.000000 0.000000 0.000000 0.000000 0.000000 0.000000 1 1 
237 0.000000 0.000000 0.000000 0.000000 0.000000 0.000000 0.000000 0.000000 1 1 
238 0.000000 0.000000 0.000000 0.000000 0.000000 0.000000 0.000000 0.000000 1 1 
239 0.000000 0.000000 0.000000 0.000000 0.000000 0.000000 0.000000 0.000000 1 1 
240 0.000000 0.000000 0.000000 0.000000 0.000000 0.000000 0.000000 0.000000 1 1 
241 0.000000 0.000000 0.000000 0.000000 0.000000 0.000000 0.000000 0.000000 1 1 
242 0.000000 0.000000 0.000000 0.000000 0.000000 0.000000 0.000000 0.000000 1 1 
243 0.000000 0.000000 0.000000 0.000000 0.000000 0.000000 0.000000 0.000000 1 1 
244 0.000000 0.000000 0.000000 0.000000 0.000000 0.000000 0.000000 0.000000 1 1 
245 0.000000 0.000000 0.000000 0.000000 0.000000 0.000000 0.000000 0.000000 1 1 
246 0.000000 0.000000 0.000000 0.000000 0.000000 0.000000 0.000000 0.000000 1 1 
247 0.000000 0.000000 0.000000 0.000000 0.000000 0.000000 0.000000 0.000000 1 1 
248 0.000000 0.000000 0.000000 0.000000 0.000000 0.000000 0.000000 0.000000 1 1 
249 0.000000 0.000000 0.000000 0.000000 0.000000 0.000000 0.000000 0.000000 1 1 
250 0.000000 0.000000 0.000000 0.000000 0.000000 0.000000 0.000000 0.000000 1 1 
251 0.000000 0.000000 0.000000 0.000000 0.000000 0.000000 0.000000 0.000000 1 1 
252 0.000000 0.000000 0.000000 0.000000 0.000000 0.000000 0.000000 0.000000 1 1 
253 0.000000 0.000000 0.000000 0.000000 0.000000 0.000000 0.000000 0.000000 1 1 
254 0.000000 0.000000 0.000000 0.000000 0.000000 0.000000 0.000000 0.000000 1 1 
255 0.000000 0.000000 0.000000 0.000000 0.000000 0.000000 0.000000 0.000000 1 1 
256 0.000000 0.000000 0.000000 0.000000 0.000000 0.000000 0.000000 0.000000 1 1 
257 0.000000 0.000000 0.000000 0.000000 0.000000 0.000000 0.000000 0.000000 1 1 
258 0.000000 0.000000 0.000000 0.000000 0.000000 0.000000 0.000000 0.000000 1 1 
259 0.000000 0.000000 0.000000 0.000000 0.000000 0.000000 0.000000 0.000000 1 1 
260 0.000000 0.000000 0.000000 0.000000 0.000000 0.000000 0.000000 0.000000 1 1 
261 0.000000 0.000000 0.000000 0.000000 0.000000 0.000000 0.000000 0.000000 1 1 
262 0.000000 0.000000 0.000000 0.000000 0.000000 0.000000 0.000000 0.000000 1 1 
263 0.000000 0.000000 0.000000 0.000000 0.000000 0.000000 0.000000 0.000000 1 1 
264 0.000000 0.000000 0.000000 0.000000 0.000000 0.000000 0.000000 0.000000 1 1 
265 0.000000 0.000000 0.000000 0.000000 0.000000 0.000000 0.000000 0.000000 1 1 
266 0.000000 0.000000 0.000000 0.000000 0.000000 0.000000 0.000000 0.000000 1 1 
267 0.000000 0.000000 0.000000 0.000000 0.000000 0.000000 0.000000 0.000000 1 1 
268 0.000000 0.000000 0.000000 0.000000 0.000000 0.000000 0.000000 0.000000 1 1 
269 0.000000 0.000000 0.000000 0.000000 0.000000 0.000000 0.000000 0.000000 1 1 
270 0.000000 0.000000 0.000000 0.000000 0.000000 0.000000 0.000000 0.000000 1 1 
271 0.000000 0.000000 0.000000 0.000000 0.000000 0.000000 0.000000 0.000000 1 1 
272 0.000000 0.000000 0.000000 0.000000 0.000000 0.000000 0.000000 0.000000 1 1 
273 0.000000 0.000000 0.000000 0.000000 0.000000 0.000000 0.000000 0.000000 1 1 
274 0.000000 0.000000 0.000000 0.000000 0.000000 0.000000 0.000000 0.000000 1 1 
275 0.000000 0.000000 0.000000 0.000000 0.000000 0.000000 0.000000 0.000000 1 1 
276 0.000000 0.000000 0.000000 0.000000 0.000000 0.000000 0.000000 0.000000 1 1 
277 0.000000 0.000000 0.000000 0.000000 0.000000 0.000000 0.000000 0.000000 1 1 
278 0.000000 0.000000 0.000000 0.000000 0.000000 0.000000 0.000000 0.000000 1 1 
279 0.000000 0.000000 0.000000 0.000000 0.000000 0.000000 0.000000 0.000000 1 1 
280 0.000000 0.000000 0.000000 0.000000 0.000000 0.000000 0.000000 0.000000 1 1 
281 0.000000 0.000000 0.000000 0.000000 0.000000 0.000000 0.000000 0.000000 1 1 
282 0.000000 0.000000 0.000000 0.000000 0.000000 0.000000 0.000000 0.000000 1 1 
283 0.000000 0.000000 0.000000 0.000000 0.000000 0.000000 0.000000 0.000000 1 1 
284 0.000000 0.000000 0.000000 0.000000 0.000000 0.000000 0.000000 0.000000 1 1 
285 0.000000 0.000000 0.000000 0.000000 0.000000 0.000000 0.000000 0.000000 1 1 
286 0.000000 0.000000 0.000000 0.000000 0.000000 0.000000 0.000000 0.000000 1 1 
287 0.000000 0.000000 0.000000 0.000000 0.000000 0.000000 0.000000 0.000000 1 1 
288 0.000000 0.000000 0.000000 0.000000 0.000000 0.000000 0.000000 0.000000 1 1 
289 0.000000 0.000000 0.000000 0.000000 0.000000 0.000000 0.000000 0.000000 1 1 
290 0.000000 0.000000 0.000000 0.000000 0.000000 0.000000 0.000000 0.000000 1 1 
291 0.000000 0.000000 0.000000 0.000000 0.000000 0.000000 0.000000 0.000000 1 1 
292 0.000000 0.000000 0.000000 0.000000 0.000000 0.000000 0.000000 0.000000 1 1 
293 0.000000 0.000000 0.000000 0.000000 0.000000 0.000000 0.000000 0.000000 1 1 
294 0.000000 0.000000 0.000000 0.000000 0.000000 0.000000 0.000000 0.000000 1 1 
295 0.000000 0.000000 0.000000 0.000000 0.000000 0.000000 0.000000 0.000000 1 1 
296 0.000000 0.000000 0.000000 0.000000 0.000000 0.000000 0.000000 0.000000 1 1 
297 0.000000 0.000000 0.000000 0.000000 0.000000 0.000000 0.000000 0.000000 1 1 
298 0.000000 0.000000 0.000000 0.000000 0.000000 0.000000 0.000000 0.000000 1 1 
299 0.000000 0.000000 0.000000 0.000000 0.000000 0.000000 0.000000 0.000000 1 1 
300 0.000000 0.000000 0.000000 0.000000 0.000000 0.000000 0.000000 0.000000 1 1 
301 0.000000 0.000000 0.000000 0.000000 0.000000 0.000000 0.000000 0.000000 1 1 
302 0.000000 0.000000 0.000000 0.000000 0.000000 0.000000 0.000000 0.000000 1 1 
303 0.000000 0.000000 0.000000 0.000000 0.000000 0.000000 0.000000 0.000000 1 1 
304 0.000000 0.000000 0.000000 0.000000 0.000000 0.000000 0.000000 0.000000 1 1 
305 0.000000 0.000000 0.000000 0.000000 0.000000 0.000000 0.000000 0.000000 1 1 
306 0.000000 0.000000 0.000000 0.000000 0.000000 0.000000 0.000000 0.000000 1 1 
307 0.000000 0.000000 0.000000 0.000000 0.000000 0.000000 0.000000 0.000000 1 1 
308 0.000000 0.000000 0.000000 0.000000 0.000000 0.000000 0.000000 0.000000 1 1 
309 0.000000 0.000000 0.000000 0.000000 0.000000 0.000000 0.000000 0.000000 1 1 
310 0.000000 0.000000 0.000000 0.000000 0.000000 0.000000 0.000000 0.000000 1 1 
311 0.000000 0.000000 0.000000 0.000000 0.000000 0.000000 0.000000 0.000000 1 1 
312 0.000000 0.000000 0.000000 0.000000 0.000000 0.000000 0.000000 0.000000 1 1 
313 0.000000 0.000000 0.000000 0.000000 0.000000 0.000000 0.000000 0.000000 1 1 
314 0.000000 0.000000 0.000000 0.000000 0.000000 0.000000 0.000000 0.000000 1 1 
315 0.000000 0.000000 0.000000 0.000000 0.000000 0.000000 0.000000 0.000000 1 1 
316 0.000000 0.000000 0.000000 0.000000 0.000000 0.000000 0.000000 0.000000 1 1 
317 0.000000 0.000000 0.000000 0.000000 0.000000 0.000000 0.000000 0.000000 1 1 
318 0.000000 0.000000 0.000000 0.000000 0.000000 0.000000 0.000000 0.000000 1 1 
319 0.000000 0.000000 0.000000 0.000000 0.000000 0.000000 0.000000 0.000000 1 1 
320 0.000000 0.000000 0.000000 0.000000 0.000000 0.000000 0.000000 0.000000 1 1 
321 0.000000 0.000000 0.000000 0.000000 0.000000 0.000000 0.000000 0.000000 1 1 
322 0.000000 0.000000 0.000000 0.000000 0.000000 0.000000 0.000000 0.000000 1 1 
323 0.000000 0.000000 0.000000 0.000000 0.000000 0.000000 0.000000 0.000000 1 1 
324 0.000000 0.000000 0.000000 0.000000 0.000000 0.000000 0.000000 0.000000 1 1 
325 0.000000 0.000000 0.000000 0.000000 0.000000 0.000000 0.000000 0.000000 1 1 
326 0.000000 0.000000 0.000000 0.000000 0.000000 0.000000 0.000000 0.000000 1 1 
327 0.000000 0.000000 0.000000 0.000000 0.000000 0.000000 0.000000 0.000000 1 1 
328 0.000000 0.000000 0.000000 0.000000 0.000000 0.000000 0.000000 0.000000 1 1 
329 0.000000 0.000000 0.000000 0.000000 0.000000 0.000000 0.000000 0.000000 1 1 
330 0.000000 0.000000 0.000000 0.000000 0.000000 0.000000 0.000000 0.000000 1 1 
331 0.000000 0.000000 0.000000 0.000000 0.000000 0.000000 0.000000 0.000000 1 1 
332 0.000000 0.000000 0.000000 0.000000 0.000000 0.000000 0.000000 0.000000 1 1 
333 0.000000 0.000000 0.000000 0.000000 0.000000 0.000000 0.000000 0.000000 1 1 
334 0.000000 0.000000 0.000000 0.000000 0.000000 0.000000 0.000000 0.000000 1 1 
335 0.000000 0.000000 0.000000 0.000000 0.000000 0.000000 0.000000 0.000000 1 1 
336 0.000000 0.000000 0.000000 0.000000 0.000000 0.000000 0.000000 0.000000 1 1 
337 0.000000 0.000000 0.000000 0.000000 0.000000 0.000000 0.000000 0.000000 1 1 
338 0.000000 0.000000 0.000000 0.000000 0.000000 0.000000 0.000000 0.000000 1 1 
339 0.000000 0.000000 0.000000 0.000000 0.000000 0.000000 0.000000 0.000000 1 1 
340 0.000000 0.000000 0.000000 0.000000 0.000000 0.000000 0.000000 0.000000 1 1 
341 0.000000 0.000000 0.000000 0.000000 0.000000 0.000000 0.000000 0.000000 1 1 
342 0.000000 0.000000 0.000000 0.000000 0.000000 0.000000 0.000000 0.000000 1 1 
343 0.000000 0.000000 0.000000 0.000000 0.000000 0.000000 0.000000 0.000000 1 1 
344 0.000000 0.000000 0.000000 0.000000 0.000000 0.000000 0.000000 0.000000 1 1 
345 0.000000 0.000000 0.000000 0.000000 0.000000 0.000000 0.000000 0.000000 1 1 
346 0.000000 0.000000 0.000000 0.000000 0.000000 0.000000 0.000000 0.000000 1 1 
347 0.000000 0.000000 0.000000 0.000000 0.000000 0.000000 0.000000 0.000000 1 1 
348 0.000000 0.000000 0.000000 0.000000 0.000000 0.000000 0.000000 0.000000 1 1 
349 0.000000 0.000000 0.000000 0.000000 0.000000 0.000000 0.000000 0.000000 1 1 
350 0.000000 0.000000 0.000000 0.000000 0.000000 0.000000 0.000000 0.000000 1 1 
351 0.000000 0.000000 0.000000 0.000000 0.000000 0.000000 0.000000 0.000000 1 1 
352 0.000000 0.000000 0.000000 0.000000 0.000000 0.000000 0.000000 0.000000 1 1 
353 0.000000 0.000000 0.000000 0.000000 0.000000 0.000000 0.000000 0.000000 1 1 
354 0.000000 0.000000 0.000000 0.000000 0.000000 0.000000 0.000000 0.000000 1 1 
355 0.000000 0.000000 0.000000 0.000000 0.000000 0.000000 0.000000 0.000000 1 1 
356 0.000000 0.000000 0.000000 0.000000 0.000000 0.000000 0.000000 0.000000 1 1 
357 0.000000 0.000000 0.000000 0.000000 0.000000 0.000000 0.000000 0.000000 1 1 
358 0.000000 0.000000 0.000000 0.000000 0.000000 0.000000 0.000000 0.000000 1 1 
359 0.000000 0.000000 0.000000 0.000000 0.000000 0.000000 0.000000 0.000000 1 1 
360 0.000000 0.000000 0.000000 0.000000 0.000000 0.000000 0.000000 0.000000 1 1 
361 0.000000 0.000000 0.000000 0.000000 0.000000 0.000000 0.000000 0.000000 1 1 
362 0.000000 0.000000 0.000000 0.000000 0.000000 0.000000 0.000000 0.000000 1 1 
363 0.000000 0.000000 0.000000 0.000000 0.000000 0.000000 0.000000 0.000000 1 1 
364 0.000000 0.000000 0.000000 0.000000 0.000000 0.000000 0.000000 0.000000 1 1 
365 0.000000 0.000000 0.000000 0.000000 0.000000 0.000000 0.000000 0.000000 1 1 
366 0.000000 0.000000 0.000000 0.000000 0.000000 0.000000 0.000000 0.000000 1 1 
367 0.000000 0.000000 0.000000 0.000000 0.000000 0.000000 0.000000 0.000000 1 1 
368 0.000000 0.000000 0.000000 0.000000 0.000000 0.000000 0.000000 0.000000 1 1 
369 0.000000 0.000000 0.000000 0.000000 0.000000 0.000000 0.000000 0.000000 1 1 
370 0.000000 0.000000 0.000000 0.000000 0.000000 0.000000 0.000000 0.000000 1 1 
371 0.000000 0.000000 0.000000 0.000000 0.000000 0.000000 0.000000 0.000000 1 1 
372 0.000000 0.000000 0.000000 0.000000 0.000000 0.000000 0.000000 0.000000 1 1 
373 0.000000 0.000000 0.000000 0.000000 0.000000 0.000000 0.000000 0.000000 1 1 
374 0.000000 0.000000 0.000000 0.000000 0.000000 0.000000 0.000000 0.000000 1 1 
375 0.000000 0.000000 0.000000 0.000000 0.000000 0.000000 0.000000 0.000000 1 1 
376 0.000000 0.000000 0.000000 0.000000 0.000000 0.000000 0.000000 0.000000 1 1 
377 0.000000 0.000000 0.000000 0.000000 0.000000 0.000000 0.000000 0.000000 1 1 
378 0.000000 0.000000 0.000000 0.000000 0.000000 0.000000 0.000000 0.000000 1 1 
379 0.000000 0.000000 0.000000 0.000000 0.000000 0.000000 0.000000 0.000000 1 1 
380 0.000000 0.000000 0.000000 0.000000 0.000000 0.000000 0.000000 0.000000 1 1 
381 0.000000 0.000000 0.000000 0.000000 0.000000 0.000000 0.000000 0.000000 1 1 
382 0.000000 0.000000 0.000000 0.000000 0.000000 0.000000 0.000000 0.000000 1 1 
383 0.000000 0.000000 0.000000 0.000000 0.000000 0.000000 0.000000 0.000000 1 1 
384 0.000000 0.000000 0.000000 0.000000 0.000000 0.000000 0.000000 0.000000 1 1 
385 0.000000 0.000000 0.000000 0.000000 0.000000 0.000000 0.000000 0.000000 1 1 
386 0.000000 0.000000 0.000000 0.000000 0.000000 0.000000 0.000000 0.000000 1 1 
387 0.000000 0.000000 0.000000 0.000000 0.000000 0.000000 0.000000 0.000000 1 1 
388 0.000000 0.000000 0.000000 0.000000 0.000000 0.000000 0.000000 0.000000 1 1 
389 0.000000 0.000000 0.000000 0.000000 0.000000 0.000000 0.000000 0.000000 1 1 
390 0.000000 0.000000 0.000000 0.000000 0.000000 0.000000 0.000000 0.000000 1 1 
391 0.000000 0.000000 0.000000 0.000000 0.000000 0.000000 0.000000 0.000000 1 1 
392 0.000000 0.000000 0.000000 0.000000 0.000000 0.000000 0.000000 0.000000 1 1 
393 0.000000 0.000000 0.000000 0.000000 0.000000 0.000000 0.000000 0.000000 1 1 
394 0.000000 0.000000 0.000000 0.000000 0.000000 0.000000 0.000000 0.000000 1 1 
395 0.000000 0.000000 0.000000 0.000000 0.000000 0.000000 0.000000 0.000000 1 1 
396 0.000000 0.000000 0.000000 0.000000 0.000000 0.000000 0.000000 0.000000 1 1 
397 0.000000 0.000000 0.000000 0.000000 0.000000 0.000000 0.000000 0.000000 1 1 
398 0.000000 0.000000 0.000000 0.000000 0.000000 0.000000 0.000000 0.000000 1 1 
399 0.000000 0.000000 0.000000 0.000000 0.000000 0.000000 0.000000 0.000000 1 1 
400 0.000000 0.000000 0.000000 0.000000 0.000000 0.000000 0.000000 0.000000 1 1 
401 0.000000 0.000000 0.000000 0.000000 0.000000 0.000000 0.000000 0.000000 1 1 
402 0.000000 0.000000 0.000000 0.000000 0.000000 0.000000 0.000000 0.000000 1 1 
403 0.000000 0.000000 0.000000 0.000000 0.000000 0.000000 0.000000 0.000000 1 1 
404 0.000000 0.000000 0.000000 0.000000 0.000000 0.000000 0.000000 0.000000 1 1 
405 0.000000 0.000000 0.000000 0.000000 0.000000 0.000000 0.000000 0.000000 1 1 
406 0.000000 0.000000 0.000000 0.000000 0.000000 0.000000 0.000000 0.000000 1 1 
407 0.000000 0.000000 0.000000 0.000000 0.000000 0.000000 0.000000 0.000000 1 1 
408 0.000000 0.000000 0.000000 0.000000 0.000000 0.000000 0.000000 0.000000 1 1 
409 0.000000 0.000000 0.000000 0.000000 0.000000 0.000000 0.000000 0.000000 1 1 
410 0.000000 0.000000 0.000000 0.000000 0.000000 0.000000 0.000000 0.000000 1 1 
411 0.000000 0.000000 0.000000 0.000000 0.000000 0.000000 0.000000 0.000000 1 1 
412 0.000000 0.000000 0.000000 0.000000 0.000000 0.000000 0.000000 0.000000 1 1 
413 0.000000 0.000000 0.000000 0.000000 0.000000 0.000000 0.000000 0.000000 1 1 
414 0.000000 0.000000 0.000000 0.000000 0.000000 0.000000 0.000000 0.000000 1 1 
415 0.000000 0.000000 0.000000 0.000000 0.000000 0.000000 0.000000 0.000000 1 1 
416 0.000000 0.000000 0.000000 0.000000 0.000000 0.000000 0.000000 0.000000 1 1 
417 0.000000 0.000000 0.000000 0.000000 0.000000 0.000000 0.000000 0.000000 1 1 
418 0.000000 0.000000 0.000000 0.000000 0.000000 0.000000 0.000000 0.000000 1 1 
419 0.000000 0.000000 0.000000 0.000000 0.000000 0.000000 0.000000 0.000000 1 1 
420 0.000000 0.000000 0.000000 0.000000 0.000000 0.000000 0.000000 0.000000 1 1 
421 0.000000 0.000000 0.000000 0.000000 0.000000 0.000000 0.000000 0.000000 1 1 
422 0.000000 0.000000 0.000000 0.000000 0.000000 0.000000 0.000000 0.000000 1 1 
423 0.000000 0.000000 0.000000 0.000000 0.000000 0.000000 0.000000 0.000000 1 1 
424 0.000000 0.000000 0.000000 0.000000 0.000000 0.000000 0.000000 0.000000 1 1 
425 0.000000 0.000000 0.000000 0.000000 0.000000 0.000000 0.000000 0.000000 1 1 
426 0.000000 0.000000 0.000000 0.000000 0.000000 0.000000 0.000000 0.000000 1 1 
427 0.000000 0.000000 0.000000 0.000000 0.000000 0.000000 0.000000 0.000000 1 1 
428 0.000000 0.000000 0.000000 0.000000 0.000000 0.000000 0.000000 0.000000 1 1 
429 0.000000 0.000000 0.000000 0.000000 0.000000 0.000000 0.000000 0.000000 1 1 
430 0.000000 0.000000 0.000000 0.000000 0.000000 0.000000 0.000000 0.000000 1 1 
431 0.000000 0.000000 0.000000 0.000000 0.000000 0.000000 0.000000 0.000000 1 1 
432 0.000000 0.000000 0.000000 0.000000 0.000000 0.000000 0.000000 0.000000 1 1 
433 0.000000 0.000000 0.000000 0.000000 0.000000 0.000000 0.000000 0.000000 1 1 
434 0.000000 0.000000 0.000000 0.000000 0.000000 0.000000 0.000000 0.000000 1 1 
435 0.000000 0.000000 0.000000 0.000000 0.000000 0.000000 0.000000 0.000000 1 1 
436 0.000000 0.000000 0.000000 0.000000 0.000000 0.000000 0.000000 0.000000 1 1 
437 0.000000 0.000000 0.000000 0.000000 0.000000 0.000000 0.000000 0.000000 1 1 
438 0.000000 0.000000 0.000000 0.000000 0.000000 0.000000 0.000000 0.000000 1 1 
439 0.000000 0.000000 0.000000 0.000000 0.000000 0.000000 0.000000 0.000000 1 1 
440 0.000000 0.000000 0.000000 0.000000 0.000000 0.000000 0.000000 0.000000 1 1 
441 0.000000 0.000000 0.000000 0.000000 0.000000 0.000000 0.000000 0.000000 1 1 
442 0.000000 0.000000 0.000000 0.000000 0.000000 0.000000 0.000000 0.000000 1 1 
443 0.000000 0.000000 0.000000 0.000000 0.000000 0.000000 0.000000 0.000000 1 1 
444 0.000000 0.000000 0.000000 0.000000 0.000000 0.000000 0.000000 0.000000 1 1 
445 0.000000 0.000000 0.000000 0.000000 0.000000 0.000000 0.000000 0.000000 1 1 
446 0.000000 0.000000 0.000000 0.000000 0.000000 0.000000 0.000000 0.000000 1 1 
447 0.000000 0.000000 0.000000 0.000000 0.000000 0.000000 0.000000 0.000000 1 1 
448 0.000000 0.000000 0.000000 0.000000 0.000000 0.000000 0.000000 0.000000 1 1 
449 0.000000 0.000000 0.000000 0.000000 0.000000 0.000000 0.000000 0.000000 1 1 
450 0.000000 0.000000 0.000000 0.000000 0.000000 0.000000 0.000000 0.000000 1 1 
451 0.000000 0.000000 0.000000 0.000000 0.000000 0.000000 0.000000 0.000000 1 1 
452 0.000000 0.000000 0.000000 0.000000 0.000000 0.000000 0.000000 0.000000 1 1 
453 0.000000 0.000000 0.000000 0.000000 0.000000 0.000000 0.000000 0.000000 1 1 
454 0.000000 0.000000 0.000000 0.000000 0.000000 0.000000 0.000000 0.000000 1 1 
455 0.000000 0.000000 0.000000 0.000000 0.000000 0.000000 0.000000 0.000000 1 1 
456 0.000000 0.000000 0.000000 0.000000 0.000000 0.000000 0.000000 0.000000 1 1 
457 0.000000 0.000000 0.000000 0.000000 0.000000 0.000000 0.000000 0.000000 1 1 
458 0.000000 0.000000 0.000000 0.000000 0.000000 0.000000 0.000000 0.000000 1 1 
459 0.000000 0.000000 0.000000 0.000000 0.000000 0.000000 0.000000 0.000000 1 1 
460 0.000000 0.000000 0.000000 0.000000 0.000000 0.000000 0.000000 0.000000 1 1 
461 0.000000 0.000000 0.000000 0.000000 0.000000 0.000000 0.000000 0.000000 1 1 
462 0.000000 0.000000 0.000000 0.000000 0.000000 0.000000 0.000000 0.000000 1 1 
463 0.000000 0.000000 0.000000 0.000000 0.000000 0.000000 0.000000 0.000000 1 1 
464 0.000000 0.000000 0.000000 0.000000 0.000000 0.000000 0.000000 0.000000 1 1 
465 0.000000 0.000000 0.000000 0.000000 0.000000 0.000000 0.000000 0.000000 1 1 
466 0.000000 0.000000 0.000000 0.000000 0.000000 0.000000 0.000000 0.000000 1 1 
467 0.000000 0.000000 0.000000 0.000000 0.000000 0.000000 0.000000 0.000000 1 1 
468 0.000000 0.000000 0.000000 0.000000 0.000000 0.000000 0.000000 0.000000 1 1 
469 0.000000 0.000000 0.000000 0.000000 0.000000 0.000000 0.000000 0.000000 1 1 
470 0.000000 0.000000 0.000000 0.000000 0.000000 0.000000 0.000000 0.000000 1 1 
471 0.000000 0.000000 0.000000 0.000000 0.000000 0.000000 0.000000 0.000000 1 1 
472 0.000000 0.000000 0.000000 0.000000 0.000000 0.000000 0.000000 0.000000 1 1 
473 0.000000 0.000000 0.000000 0.000000 0.000000 0.000000 0.000000 0.000000 1 1 
474 0.000000 0.000000 0.000000 0.000000 0.000000 0.000000 0.000000 0.000000 1 1 
475 0.000000 0.000000 0.000000 0.000000 0.000000 0.000000 0.000000 0.000000 1 1 
476 0.000000 0.000000 0.000000 0.000000 0.000000 0.000000 0.000000 0.000000 1 1 
477 0.000000 0.000000 0.000000 0.000000 0.000000 0.000000 0.000000 0.000000 1 1 
478 0.000000 0.000000 0.000000 0.000000 0.000000 0.000000 0.000000 0.000000 1 1 
479 0.000000 0.000000 0.000000 0.000000 0.000000 0.000000 0.000000 0.000000 1 1 
480 0.000000 0.000000 0.000000 0.000000 0.000000 0.000000 0.000000 0.000000 1 1 
481 0.000000 0.000000 0.000000 0.000000 0.000000 0.000000 0.000000 0.000000 1 1 
482 0.000000 0.000000 0.000000 0.000000 0.000000 0.000000 0.000000 0.000000 1 1 
483 0.000000 0.000000 0.000000 0.000000 0.000000 0.000000 0.000000 0.000000 1 1 
484 0.000000 0.000000 0.000000 0.000000 0.000000 0.000000 0.000000 0.000000 1 1 
485 0.000000 0.000000 0.000000 0.000000 0.000000 0.000000 0.000000 0.000000 1 1 
486 0.000000 0.000000 0.000000 0.000000 0.000000 0.000000 0.000000 0.000000 1 1 
487 0.000000 0.000000 0.000000 0.000000 0.000000 0.000000 0.000000 0.000000 1 1 
488 0.000000 0.000000 0.000000 0.000000 0.000000 0.000000 0.000000 0.000000 1 1 
489 0.000000 0.000000 0.000000 0.000000 0.000000 0.000000 0.000000 0.000000 1 1 
490 0.000000 0.000000 0.000000 0.000000 0.000000 0.000000 0.000000 0.000000 1 1 
491 0.000000 0.000000 0.000000 0.000000 0.000000 0.000000 0.000000 0.000000 1 1 
492 0.000000 0.000000 0.000000 0.000000 0.000000 0.000000 0.000000 0.000000 1 1 
493 0.000000 0.000000 0.000000 0.000000 0.000000 0.000000 0.000000 0.000000 1 1 
494 0.000000 0.000000 0.000000 0.000000 0.000000 0.000000 0.000000 0.000000 1 1 
495 0.000000 0.000000 0.000000 0.000000 0.000000 0.000000 0.000000 0.000000 1 1 
496 0.000000 0.000000 0.000000 0.000000 0.000000 0.000000 0.000000 0.000000 1 1 
497 0.000000 0.000000 0.000000 0.000000 0.000000 0.000000 0.000000 0.000000 1 1 
498 0.000000 0.000000 0.000000 0.000000 0.000000 0.000000 0.000000 0.000000 1 1 
499 0.000000 0.000000 0.000000 0.000000 0.000000 0.000000 0.000000 0.000000 1 1 
500 0.000000 0.000000 0.000000 0.000000 0.000000 0.000000 0.000000 0.000000 1 1 
501 0.000000 0.000000 0.000000 0.000000 0.000000 0.000000 0.000000 0.000000 1 1 
502 0.000000 0.000000 0.000000 0.000000 0.000000 0.000000 0.000000 0.000000 1 1 
503 0.000000 0.000000 0.000000 0.000000 0.000000 0.000000 0.000000 0.000000 1 1 
504 0.000000 0.000000 0.000000 0.000000 0.000000 0.000000 0.000000 0.000000 1 1 
505 0.000000 0.000000 0.000000 0.000000 0.000000 0.000000 0.000000 0.000000 1 1 
506 0.000000 0.000000 0.000000 0.000000 0.000000 0.000000 0.000000 0.000000 1 1 
507 0.000000 0.000000 0.000000 0.000000 0.000000 0.000000 0.000000 0.000000 1 1 
508 0.000000 0.000000 0.000000 0.000000 0.000000 0.000000 0.000000 0.000000 1 1 
509 0.000000 0.000000 0.000000 0.000000 0.000000 0.000000 0.000000 0.000000 1 1 
510 0.000000 0.000000 0.000000 0.000000 0.000000 0.000000 0.000000 0.000000 1 1 
511 0.000000 0.000000 0.000000 0.000000 0.000000 0.000000 0.000000 0.000000 1 1 
512 0.000000 0.000000 0.000000 0.000000 0.000000 0.000000 0.000000 0.000000 1 1 
513 0.000000 0.000000 0.000000 0.000000 0.000000 0.000000 0.000000 0.000000 1 1 
514 0.000000 0.000000 0.000000 0.000000 0.000000 0.000000 0.000000 0.000000 1 1 
515 0.000000 0.000000 0.000000 0.000000 0.000000 0.000000 0.000000 0.000000 1 1 
516 0.000000 0.000000 0.000000 0.000000 0.000000 0.000000 0.000000 0.000000 1 1 
517 0.000000 0.000000 0.000000 0.000000 0.000000 0.000000 0.000000 0.000000 1 1 
518 0.000000 0.000000 0.000000 0.000000 0.000000 0.000000 0.000000 0.000000 1 1 
519 0.000000 0.000000 0.000000 0.000000 0.000000 0.000000 0.000000 0.000000 1 1 
520 0.000000 0.000000 0.000000 0.000000 0.000000 0.000000 0.000000 0.000000 1 1 
521 0.000000 0.000000 0.000000 0.000000 0.000000 0.000000 0.000000 0.000000 1 1 
522 0.000000 0.000000 0.000000 0.000000 0.000000 0.000000 0.000000 0.000000 1 1 
523 0.000000 0.000000 0.000000 0.000000 0.000000 0.000000 0.000000 0.000000 1 1 
524 0.000000 0.000000 0.000000 0.000000 0.000000 0.000000 0.000000 0.000000 1 1 
525 0.000000 0.000000 0.000000 0.000000 0.000000 0.000000 0.000000 0.000000 1 1 
526 0.000000 0.000000 0.000000 0.000000 0.000000 0.000000 0.000000 0.000000 1 1 
527 0.000000 0.000000 0.000000 0.000000 0.000000 0.000000 0.000000 0.000000 1 1 
528 0.000000 0.000000 0.000000 0.000000 0.000000 0.000000 0.000000 0.000000 1 1 
529 0.000000 0.000000 0.000000 0.000000 0.000000 0.000000 0.000000 0.000000 1 1 
530 0.000000 0.000000 0.000000 0.000000 0.000000 0.000000 0.000000 0.000000 1 1 
531 0.000000 0.000000 0.000000 0.000000 0.000000 0.000000 0.000000 0.000000 1 1 
532 0.000000 0.000000 0.000000 0.000000 0.000000 0.000000 0.000000 0.000000 1 1 
533 0.000000 0.000000 0.000000 0.000000 0.000000 0.000000 0.000000 0.000000 1 1 
534 0.000000 0.000000 0.000000 0.000000 0.000000 0.000000 0.000000 0.000000 1 1 
535 0.000000 0.000000 0.000000 0.000000 0.000000 0.000000 0.000000 0.000000 1 1 
536 0.000000 0.000000 0.000000 0.000000 0.000000 0.000000 0.000000 0.000000 1 1 
537 0.000000 0.000000 0.000000 0.000000 0.000000 0.000000 0.000000 0.000000 1 1 
538 0.000000 0.000000 0.000000 0.000000 0.000000 0.000000 0.000000 0.000000 1 1 
539 0.000000 0.000000 0.000000 0.000000 0.000000 0.000000 0.000000 0.000000 1 1 
540 0.000000 0.000000 0.000000 0.000000 0.000000 0.000000 0.000000 0.000000 1 1 
541 0.000000 0.000000 0.000000 0.000000 0.000000 0.000000 0.000000 0.000000 1 1 
542 0.000000 0.000000 0.000000 0.000000 0.000000 0.000000 0.000000 0.000000 1 1 
543 0.000000 0.000000 0.000000 0.000000 0.000000 0.000000 0.000000 0.000000 1 1 
544 0.000000 0.000000 0.000000 0.000000 0.000000 0.000000 0.000000 0.000000 1 1 
545 0.000000 0.000000 0.000000 0.000000 0.000000 0.000000 0.000000 0.000000 1 1 
546 0.000000 0.000000 0.000000 0.000000 0.000000 0.000000 0.000000 0.000000 1 1 
547 0.000000 0.000000 0.000000 0.000000 0.000000 0.000000 0.000000 0.000000 1 1 
548 0.000000 0.000000 0.000000 0.000000 0.000000 0.000000 0.000000 0.000000 1 1 
549 0.000000 0.000000 0.000000 0.000000 0.000000 0.000000 0.000000 0.000000 1 1 
550 0.000000 0.000000 0.000000 0.000000 0.000000 0.000000 0.000000 0.000000 1 1 
551 0.000000 0.000000 0.000000 0.000000 0.000000 0.000000 0.000000 0.000000 1 1 
552 0.000000 0.000000 0.000000 0.000000 0.000000 0.000000 0.000000 0.000000 1 1 
553 0.000000 0.000000 0.000000 0.000000 0.000000 0.000000 0.000000 0.000000 1 1 
554 0.000000 0.000000 0.000000 0.000000 0.000000 0.000000 0.000000 0.000000 1 1 
555 0.000000 0.000000 0.000000 0.000000 0.000000 0.000000 0.000000 0.000000 1 1 
556 0.000000 0.000000 0.000000 0.000000 0.000000 0.000000 0.000000 0.000000 1 1 
557 0.000000 0.000000 0.000000 0.000000 0.000000 0.000000 0.000000 0.000000 1 1 
558 0.000000 0.000000 0.000000 0.000000 0.000000 0.000000 0.000000 0.000000 1 1 
559 0.000000 0.000000 0.000000 0.000000 0.000000 0.000000 0.000000 0.000000 1 1 
560 0.000000 0.000000 0.000000 0.000000 0.000000 0.000000 0.000000 0.000000 1 1 
561 0.000000 0.000000 0.000000 0.000000 0.000000 0.000000 0.000000 0.000000 1 1 
562 0.000000 0.000000 0.000000 0.000000 0.000000 0.000000 0.000000 0.000000 1 1 
563 0.000000 0.000000 0.000000 0.000000 0.000000 0.000000 0.000000 0.000000 1 1 
564 0.000000 0.000000 0.000000 0.000000 0.000000 0.000000 0.000000 0.000000 1 1 
565 0.000000 0.000000 0.000000 0.000000 0.000000 0.000000 0.000000 0.000000 1 1 
566 0.000000 0.000000 0.000000 0.000000 0.000000 0.000000 0.000000 0.000000 1 1 
567 0.000000 0.000000 0.000000 0.000000 0.000000 0.000000 0.000000 0.000000 1 1 
568 0.000000 0.000000 0.000000 0.000000 0.000000 0.000000 0.000000 0.000000 1 1 
569 0.000000 0.000000 0.000000 0.000000 0.000000 0.000000 0.000000 0.000000 1 1 
570 0.000000 0.000000 0.000000 0.000000 0.000000 0.000000 0.000000 0.000000 1 1 
571 0.000000 0.000000 0.000000 0.000000 0.000000 0.000000 0.000000 0.000000 1 1 
572 0.000000 0.000000 0.000000 0.000000 0.000000 0.000000 0.000000 0.000000 1 1 
573 0.000000 0.000000 0.000000 0.000000 0.000000 0.000000 0.000000 0.000000 1 1 
574 0.000000 0.000000 0.000000 0.000000 0.000000 0.000000 0.000000 0.000000 1 1 
575 0.000000 0.000000 0.000000 0.000000 0.000000 0.000000 0.000000 0.000000 1 1 
576 0.000000 0.000000 0.000000 0.000000 0.000000 0.000000 0.000000 0.000000 1 1 
577 0.000000 0.000000 0.000000 0.000000 0.000000 0.000000 0.000000 0.000000 1 1 
578 0.000000 0.000000 0.000000 0.000000 0.000000 0.000000 0.000000 0.000000 1 1 
579 0.000000 0.000000 0.000000 0.000000 0.000000 0.000000 0.000000 0.000000 1 1 
580 0.000000 0.000000 0.000000 0.000000 0.000000 0.000000 0.000000 0.000000 1 1 
581 0.000000 0.000000 0.000000 0.000000 0.000000 0.000000 0.000000 0.000000 1 1 
582 0.000000 0.000000 0.000000 0.000000 0.000000 0.000000 0.000000 0.000000 1 1 
583 0.000000 0.000000 0.000000 0.000000 0.000000 0.000000 0.000000 0.000000 1 1 
584 0.000000 0.000000 0.000000 0.000000 0.000000 0.000000 0.000000 0.000000 1 1 
585 0.000000 0.000000 0.000000 0.000000 0.000000 0.000000 0.000000 0.000000 1 1 
586 0.000000 0.000000 0.000000 0.000000 0.000000 0.000000 0.000000 0.000000 1 1 
587 0.000000 0.000000 0.000000 0.000000 0.000000 0.000000 0.000000 0.000000 1 1 
588 0.000000 0.000000 0.000000 0.000000 0.000000 0.000000 0.000000 0.000000 1 1 
589 0.000000 0.000000 0.000000 0.000000 0.000000 0.000000 0.000000 0.000000 1 1 
590 0.000000 0.000000 0.000000 0.000000 0.000000 0.000000 0.000000 0.000000 1 1 
591 0.000000 0.000000 0.000000 0.000000 0.000000 0.000000 0.000000 0.000000 1 1 
592 0.000000 0.000000 0.000000 0.000000 0.000000 0.000000 0.000000 0.000000 1 1 
593 0.000000 0.000000 0.000000 0.000000 0.000000 0.000000 0.000000 0.000000 1 1 
594 0.000000 0.000000 0.000000 0.000000 0.000000 0.000000 0.000000 0.000000 1 1 
595 0.000000 0.000000 0.000000 0.000000 0.000000 0.000000 0.000000 0.000000 1 1 
596 0.000000 0.000000 0.000000 0.000000 0.000000 0.000000 0.000000 0.000000 1 1 
597 0.000000 0.000000 0.000000 0.000000 0.000000 0.000000 0.000000 0.000000 1 1 
598 0.000000 0.000000 0.000000 0.000000 0.000000 0.000000 0.000000 0.000000 1 1 
599 0.000000 0.000000 0.000000 0.000000 0.000000 0.000000 0.000000 0.000000 1 1 
600 0.000000 0.000000 0.000000 0.000000 0.000000 0.000000 0.000000 0.000000 1 1 
601 0.000000 0.000000 0.000000 0.000000 0.000000 0.000000 0.000000 0.000000 1 1 
602 0.000000 0.000000 0.000000 0.000000 0.000000 0.000000 0.000000 0.000000 1 1 
603 0.000000 0.000000 0.000000 0.000000 0.000000 0.000000 0.000000 0.000000 1 1 
604 0.000000 0.000000 0.000000 0.000000 0.000000 0.000000 0.000000 0.000000 1 1 
605 0.000000 0.000000 0.000000 0.000000 0.000000 0.000000 0.000000 0.000000 1 1 
606 0.000000 0.000000 0.000000 0.000000 0.000000 0.000000 0.000000 0.000000 1 1 
607 0.000000 0.000000 0.000000 0.000000 0.000000 0.000000 0.000000 0.000000 1 1 
608 0.000000 0.000000 0.000000 0.000000 0.000000 0.000000 0.000000 0.000000 1 1 
609 0.000000 0.000000 0.000000 0.000000 0.000000 0.000000 0.000000 0.000000 1 1 
610 0.000000 0.000000 0.000000 0.000000 0.000000 0.000000 0.000000 0.000000 1 1 
611 0.000000 0.000000 0.000000 0.000000 0.000000 0.000000 0.000000 0.000000 1 1 
612 0.000000 0.000000 0.000000 0.000000 0.000000 0.000000 0.000000 0.000000 1 1 
613 0.000000 0.000000 0.000000 0.000000 0.000000 0.000000 0.000000 0.000000 1 1 
614 0.000000 0.000000 0.000000 0.000000 0.000000 0.000000 0.000000 0.000000 1 1 
615 0.000000 0.000000 0.000000 0.000000 0.000000 0.000000 0.000000 0.000000 1 1 
616 0.000000 0.000000 0.000000 0.000000 0.000000 0.000000 0.000000 0.000000 1 1 
617 0.000000 0.000000 0.000000 0.000000 0.000000 0.000000 0.000000 0.000000 1 1 
618 0.000000 0.000000 0.000000 0.000000 0.000000 0.000000 0.000000 0.000000 1 1 
619 0.000000 0.000000 0.000000 0.000000 0.000000 0.000000 0.000000 0.000000 1 1 
620 0.000000 0.000000 0.000000 0.000000 0.000000 0.000000 0.000000 0.000000 1 1 
621 0.000000 0.000000 0.000000 0.000000 0.000000 0.000000 0.000000 0.000000 1 1 
622 0.000000 0.000000 0.000000 0.000000 0.000000 0.000000 0.000000 0.000000 1 1 
623 0.000000 0.000000 0.000000 0.000000 0.000000 0.000000 0.000000 0.000000 1 1 
624 0.000000 0.000000 0.000000 0.000000 0.000000 0.000000 0.000000 0.000000 1 1 
625 0.000000 0.000000 0.000000 0.000000 0.000000 0.000000 0.000000 0.000000 1 1 
626 0.000000 0.000000 0.000000 0.000000 0.000000 0.000000 0.000000 0.000000 1 1 
627 0.000000 0.000000 0.000000 0.000000 0.000000 0.000000 0.000000 0.000000 1 1 
628 0.000000 0.000000 0.000000 0.000000 0.000000 0.000000 0.000000 0.000000 1 1 
629 0.000000 0.000000 0.000000 0.000000 0.000000 0.000000 0.000000 0.000000 1 1 
630 0.000000 0.000000 0.000000 0.000000 0.000000 0.000000 0.000000 0.000000 1 1 
631 0.000000 0.000000 0.000000 0.000000 0.000000 0.000000 0.000000 0.000000 1 1 
632 0.000000 0.000000 0.000000 0.000000 0.000000 0.000000 0.000000 0.000000 1 1 
633 0.000000 0.000000 0.000000 0.000000 0.000000 0.000000 0.000000 0.000000 1 1 
634 0.000000 0.000000 0.000000 0.000000 0.000000 0.000000 0.000000 0.000000 1 1 
635 0.000000 0.000000 0.000000 0.000000 0.000000 0.000000 0.000000 0.000000 1 1 
636 0.000000 0.000000 0.000000 0.000000 0.000000 0.000000 0.000000 0.000000 1 1 
637 0.000000 0.000000 0.000000 0.000000 0.000000 0.000000 0.000000 0.000000 1 1 
638 0.000000 0.000000 0.000000 0.000000 0.000000 0.000000 0.000000 0.000000 1 1 
639 0.000000 0.000000 0.000000 0.000000 0.000000 0.000000 0.000000 0.000000 1 1 
640 0.000000 0.000000 0.000000 0.000000 0.000000 0.000000 0.000000 0.000000 1 1 
641 0.000000 0.000000 0.000000 0.000000 0.000000 0.000000 0.000000 0.000000 1 1 
642 0.000000 0.000000 0.000000 0.000000 0.000000 0.000000 0.000000 0.000000 1 1 
643 0.000000 0.000000 0.000000 0.000000 0.000000 0.000000 0.000000 0.000000 1 1 
644 0.000000 0.000000 0.000000 0.000000 0.000000 0.000000 0.000000 0.000000 1 1 
645 0.000000 0.000000 0.000000 0.000000 0.000000 0.000000 0.000000 0.000000 1 1 
646 0.000000 0.000000 0.000000 0.000000 0.000000 0.000000 0.000000 0.000000 1 1 
647 0.000000 0.000000 0.000000 0.000000 0.000000 0.000000 0.000000 0.000000 1 1 
648 0.000000 0.000000 0.000000 0.000000 0.000000 0.000000 0.000000 0.000000 1 1 
649 0.000000 0.000000 0.000000 0.000000 0.000000 0.000000 0.000000 0.000000 1 1 
650 0.000000 0.000000 0.000000 0.000000 0.000000 0.000000 0.000000 0.000000 1 1 
651 0.000000 0.000000 0.000000 0.000000 0.000000 0.000000 0.000000 0.000000 1 1 
652 0.000000 0.000000 0.000000 0.000000 0.000000 0.000000 0.000000 0.000000 1 1 
653 0.000000 0.000000 0.000000 0.000000 0.000000 0.000000 0.000000 0.000000 1 1 
654 0.000000 0.000000 0.000000 0.000000 0.000000 0.000000 0.000000 0.000000 1 1 
655 0.000000 0.000000 0.000000 0.000000 0.000000 0.000000 0.000000 0.000000 1 1 
656 0.000000 0.000000 0.000000 0.000000 0.000000 0.000000 0.000000 0.000000 1 1 
657 0.000000 0.000000 0.000000 0.000000 0.000000 0.000000 0.000000 0.000000 1 1 
658 0.000000 0.000000 0.000000 0.000000 0.000000 0.000000 0.000000 0.000000 1 1 
659 0.000000 0.000000 0.000000 0.000000 0.000000 0.000000 0.000000 0.000000 1 1 
660 0.000000 0.000000 0.000000 0.000000 0.000000 0.000000 0.000000 0.000000 1 1 
661 0.000000 0.000000 0.000000 0.000000 0.000000 0.000000 0.000000 0.000000 1 1 
662 0.000000 0.000000 0.000000 0.000000 0.000000 0.000000 0.000000 0.000000 1 1 
663 0.000000 0.000000 0.000000 0.000000 0.000000 0.000000 0.000000 0.000000 1 1 
664 0.000000 0.000000 0.000000 0.000000 0.000000 0.000000 0.000000 0.000000 1 1 
665 0.000000 0.000000 0.000000 0.000000 0.000000 0.000000 0.000000 0.000000 1 1 
666 0.000000 0.000000 0.000000 0.000000 0.000000 0.000000 0.000000 0.000000 1 1 
667 0.000000 0.000000 0.000000 0.000000 0.000000 0.000000 0.000000 0.000000 1 1 
668 0.000000 0.000000 0.000000 0.000000 0.000000 0.000000 0.000000 0.000000 1 1 
669 0.000000 0.000000 0.000000 0.000000 0.000000 0.000000 0.000000 0.000000 1 1 
670 0.000000 0.000000 0.000000 0.000000 0.000000 0.000000 0.000000 0.000000 1 1 
671 0.000000 0.000000 0.000000 0.000000 0.000000 0.000000 0.000000 0.000000 1 1 
672 0.000000 0.000000 0.000000 0.000000 0.000000 0.000000 0.000000 0.000000 1 1 
673 0.000000 0.000000 0.000000 0.000000 0.000000 0.000000 0.000000 0.000000 1 1 
674 0.000000 0.000000 0.000000 0.000000 0.000000 0.000000 0.000000 0.000000 1 1 
675 0.000000 0.000000 0.000000 0.000000 0.000000 0.000000 0.000000 0.000000 1 1 
676 0.000000 0.000000 0.000000 0.000000 0.000000 0.000000 0.000000 0.000000 1 1 
677 0.000000 0.000000 0.000000 0.000000 0.000000 0.000000 0.000000 0.000000 1 1 
678 0.000000 0.000000 0.000000 0.000000 0.000000 0.000000 0.000000 0.000000 1 1 
679 0.000000 0.000000 0.000000 0.000000 0.000000 0.000000 0.000000 0.000000 1 1 
680 0.000000 0.000000 0.000000 0.000000 0.000000 0.000000 0.000000 0.000000 1 1 
681 0.000000 0.000000 0.000000 0.000000 0.000000 0.000000 0.000000 0.000000 1 1 
682 0.000000 0.000000 0.000000 0.000000 0.000000 0.000000 0.000000 0.000000 1 1 
683 0.000000 0.000000 0.000000 0.000000 0.000000 0.000000 0.000000 0.000000 1 1 
684 0.000000 0.000000 0.000000 0.000000 0.000000 0.000000 0.000000 0.000000 1 1 
685 0.000000 0.000000 0.000000 0.000000 0.000000 0.000000 0.000000 0.000000 1 1 
686 0.000000 0.000000 0.000000 0.000000 0.000000 0.000000 0.000000 0.000000 1 1 
687 0.000000 0.000000 0.000000 0.000000 0.000000 0.000000 0.000000 0.000000 1 1 
688 0.000000 0.000000 0.000000 0.000000 0.000000 0.000000 0.000000 0.000000 1 1 
689 0.000000 0.000000 0.000000 0.000000 0.000000 0.000000 0.000000 0.000000 1 1 
690 0.000000 0.000000 0.000000 0.000000 0.000000 0.000000 0.000000 0.000000 1 1 
691 0.000000 0.000000 0.000000 0.000000 0.000000 0.000000 0.000000 0.000000 1 1 
692 0.000000 0.000000 0.000000 0.000000 0.000000 0.000000 0.000000 0.000000 1 1 
693 0.000000 0.000000 0.000000 0.000000 0.000000 0.000000 0.000000 0.000000 1 1 
694 0.000000 0.000000 0.000000 0.000000 0.000000 0.000000 0.000000 0.000000 1 1 
695 0.000000 0.000000 0.000000 0.000000 0.000000 0.000000 0.000000 0.000000 1 1 
696 0.000000 0.000000 0.000000 0.000000 0.000000 0.000000 0.000000 0.000000 1 1 
697 0.000000 0.000000 0.000000 0.000000 0.000000 0.000000 0.000000 0.000000 1 1 
698 0.000000 0.000000 0.000000 0.000000 0.000000 0.000000 0.000000 0.000000 1 1 
699 0.000000 0.000000 0.000000 0.000000 0.000000 0.000000 0.000000 0.000000 1 1 
700 0.000000 0.000000 0.000000 0.000000 0.000000 0.000000 0.000000 0.000000 1 1 
701 0.000000 0.000000 0.000000 0.000000 0.000000 0.000000 0.000000 0.000000 1 1 
702 0.000000 0.000000 0.000000 0.000000 0.000000 0.000000 0.000000 0.000000 1 1 
703 0.000000 0.000000 0.000000 0.000000 0.000000 0.000000 0.000000 0.000000 1 1 
704 0.000000 0.000000 0.000000 0.000000 0.000000 0.000000 0.000000 0.000000 1 1 
705 0.000000 0.000000 0.000000 0.000000 0.000000 0.000000 0.000000 0.000000 1 1 
706 0.000000 0.000000 0.000000 0.000000 0.000000 0.000000 0.000000 0.000000 1 1 
707 0.000000 0.000000 0.000000 0.000000 0.000000 0.000000 0.000000 0.000000 1 1 
708 0.000000 0.000000 0.000000 0.000000 0.000000 0.000000 0.000000 0.000000 1 1 
709 0.000000 0.000000 0.000000 0.000000 0.000000 0.000000 0.000000 0.000000 1 1 
710 0.000000 0.000000 0.000000 0.000000 0.000000 0.000000 0.000000 0.000000 1 1 
711 0.000000 0.000000 0.000000 0.000000 0.000000 0.000000 0.000000 0.000000 1 1 
712 0.000000 0.000000 0.000000 0.000000 0.000000 0.000000 0.000000 0.000000 1 1 
713 0.000000 0.000000 0.000000 0.000000 0.000000 0.000000 0.000000 0.000000 1 1 
714 0.000000 0.000000 0.000000 0.000000 0.000000 0.000000 0.000000 0.000000 1 1 
715 0.000000 0.000000 0.000000 0.000000 0.000000 0.000000 0.000000 0.000000 1 1 
716 0.000000 0.000000 0.000000 0.000000 0.000000 0.000000 0.000000 0.000000 1 1 
717 0.000000 0.000000 0.000000 0.000000 0.000000 0.000000 0.000000 0.000000 1 1 
718 0.000000 0.000000 0.000000 0.000000 0.000000 0.000000 0.000000 0.000000 1 1 
719 0.000000 0.000000 0.000000 0.000000 0.000000 0.000000 0.000000 0.000000 1 1 
720 0.000000 0.000000 0.000000 0.000000 0.000000 0.000000 0.000000 0.000000 1 1 
721 0.000000 0.000000 0.000000 0.000000 0.000000 0.000000 0.000000 0.000000 1 1 
722 0.000000 0.000000 0.000000 0.000000 0.000000 0.000000 0.000000 0.000000 1 1 
723 0.000000 0.000000 0.000000 0.000000 0.000000 0.000000 0.000000 0.000000 1 1 
724 0.000000 0.000000 0.000000 0.000000 0.000000 0.000000 0.000000 0.000000 1 1 
725 0.000000 0.000000 0.000000 0.000000 0.000000 0.000000 0.000000 0.000000 1 1 
726 0.000000 0.000000 0.000000 0.000000 0.000000 0.000000 0.000000 0.000000 1 1 
727 0.000000 0.000000 0.000000 0.000000 0.000000 0.000000 0.000000 0.000000 1 1 
728 0.000000 0.000000 0.000000 0.000000 0.000000 0.000000 0.000000 0.000000 1 1 
729 0.000000 0.000000 0.000000 0.000000 0.000000 0.000000 0.000000 0.000000 1 1 
730 0.000000 0.000000 0.000000 0.000000 0.000000 0.000000 0.000000 0.000000 1 1 
731 0.000000 0.000000 0.000000 0.000000 0.000000 0.000000 0.000000 0.000000 1 1 
732 0.000000 0.000000 0.000000 0.000000 0.000000 0.000000 0.000000 0.000000 1 1 
733 0.000000 0.000000 0.000000 0.000000 0.000000 0.000000 0.000000 0.000000 1 1 
734 0.000000 0.000000 0.000000 0.000000 0.000000 0.000000 0.000000 0.000000 1 1 
735 0.000000 0.000000 0.000000 0.000000 0.000000 0.000000 0.000000 0.000000 1 1 
736 0.000000 0.000000 0.000000 0.000000 0.000000 0.000000 0.000000 0.000000 1 1 
737 0.000000 0.000000 0.000000 0.000000 0.000000 0.000000 0.000000 0.000000 1 1 
738 0.000000 0.000000 0.000000 0.000000 0.000000 0.000000 0.000000 0.000000 1 1 
739 0.000000 0.000000 0.000000 0.000000 0.000000 0.000000 0.000000 0.000000 1 1 
740 0.000000 0.000000 0.000000 0.000000 0.000000 0.000000 0.000000 0.000000 1 1 
741 0.000000 0.000000 0.000000 0.000000 0.000000 0.000000 0.000000 0.000000 1 1 
742 0.000000 0.000000 0.000000 0.000000 0.000000 0.000000 0.000000 0.000000 1 1 
743 0.000000 0.000000 0.000000 0.000000 0.000000 0.000000 0.000000 0.000000 1 1 
744 0.000000 0.000000 0.000000 0.000000 0.000000 0.000000 0.000000 0.000000 1 1 
745 0.000000 0.000000 0.000000 0.000000 0.000000 0.000000 0.000000 0.000000 1 1 
746 0.000000 0.000000 0.000000 0.000000 0.000000 0.000000 0.000000 0.000000 1 1 
747 0.000000 0.000000 0.000000 0.000000 0.000000 0.000000 0.000000 0.000000 1 1 
748 0.000000 0.000000 0.000000 0.000000 0.000000 0.000000 0.000000 0.000000 1 1 
749 0.000000 0.000000 0.000000 0.000000 0.000000 0.000000 0.000000 0.000000 1 1 
750 0.000000 0.000000 0.000000 0.000000 0.000000 0.000000 0.000000 0.000000 1 1 
751 0.000000 0.000000 0.000000 0.000000 0.000000 0.000000 0.000000 0.000000 1 1 
752 0.000000 0.000000 0.000000 0.000000 0.000000 0.000000 0.000000 0.000000 1 1 
753 0.000000 0.000000 0.000000 0.000000 0.000000 0.000000 0.000000 0.000000 1 1 
754 0.000000 0.000000 0.000000 0.000000 0.000000 0.000000 0.000000 0.000000 1 1 
755 0.000000 0.000000 0.000000 0.000000 0.000000 0.000000 0.000000 0.000000 1 1 
756 0.000000 0.000000 0.000000 0.000000 0.000000 0.000000 0.000000 0.000000 1 1 
757 0.000000 0.000000 0.000000 0.000000 0.000000 0.000000 0.000000 0.000000 1 1 
758 0.000000 0.000000 0.000000 0.000000 0.000000 0.000000 0.000000 0.000000 1 1 
759 0.000000 0.000000 0.000000 0.000000 0.000000 0.000000 0.000000 0.000000 1 1 
760 0.000000 0.000000 0.000000 0.000000 0.000000 0.000000 0.000000 0.000000 1 1 
761 0.000000 0.000000 0.000000 0.000000 0.000000 0.000000 0.000000 0.000000 1 1 
762 0.000000 0.000000 0.000000 0.000000 0.000000 0.000000 0.000000 0.000000 1 1 
763 0.000000 0.000000 0.000000 0.000000 0.000000 0.000000 0.000000 0.000000 1 1 
764 0.000000 0.000000 0.000000 0.000000 0.000000 0.000000 0.000000 0.000000 1 1 
765 0.000000 0.000000 0.000000 0.000000 0.000000 0.000000 0.000000 0.000000 1 1 
766 0.000000 0.000000 0.000000 0.000000 0.000000 0.000000 0.000000 0.000000 1 1 
767 0.000000 0.000000 0.000000 0.000000 0.000000 0.000000 0.000000 0.000000 1 1 
768 0.000000 0.000000 0.000000 0.000000 0.000000 0.000000 0.000000 0.000000 1 1 
769 0.000000 0.000000 0.000000 0.000000 0.000000 0.000000 0.000000 0.000000 1 1 
770 0.000000 0.000000 0.000000 0.000000 0.000000 0.000000 0.000000 0.000000 1 1 
771 0.000000 0.000000 0.000000 0.000000 0.000000 0.000000 0.000000 0.000000 1 1 
772 0.000000 0.000000 0.000000 0.000000 0.000000 0.000000 0.000000 0.000000 1 1 
773 0.000000 0.000000 0.000000 0.000000 0.000000 0.000000 0.000000 0.000000 1 1 
774 0.000000 0.000000 0.000000 0.000000 0.000000 0.000000 0.000000 0.000000 1 1 
775 0.000000 0.000000 0.000000 0.000000 0.000000 0.000000 0.000000 0.000000 1 1 
776 0.000000 0.000000 0.000000 0.000000 0.000000 0.000000 0.000000 0.000000 1 1 
777 0.000000 0.000000 0.000000 0.000000 0.000000 0.000000 0.000000 0.000000 1 1 
778 0.000000 0.000000 0.000000 0.000000 0.000000 0.000000 0.000000 0.000000 1 1 
779 0.000000 0.000000 0.000000 0.000000 0.000000 0.000000 0.000000 0.000000 1 1 
780 0.000000 0.000000 0.000000 0.000000 0.000000 0.000000 0.000000 0.000000 1 1 
781 0.000000 0.000000 0.000000 0.000000 0.000000 0.000000 0.000000 0.000000 1 1 
782 0.000000 0.000000 0.000000 0.000000 0.000000 0.000000 0.000000 0.000000 1 1 
783 0.000000 0.000000 0.000000 0.000000 0.000000 0.000000 0.000000 0.000000 1 1 
784 0.000000 0.000000 0.000000 0.000000 0.000000 0.000000 0.000000 0.000000 1 1 
785 0.000000 0.000000 0.000000 0.000000 0.000000 0.000000 0.000000 0.000000 1 1 
786 0.000000 0.000000 0.000000 0.000000 0.000000 0.000000 0.000000 0.000000 1 1 
787 0.000000 0.000000 0.000000 0.000000 0.000000 0.000000 0.000000 0.000000 1 1 
788 0.000000 0.000000 0.000000 0.000000 0.000000 0.000000 0.000000 0.000000 1 1 
789 0.000000 0.000000 0.000000 0.000000 0.000000 0.000000 0.000000 0.000000 1 1 
790 0.000000 0.000000 0.000000 0.000000 0.000000 0.000000 0.000000 0.000000 1 1 
791 0.000000 0.000000 0.000000 0.000000 0.000000 0.000000 0.000000 0.000000 1 1 
792 0.000000 0.000000 0.000000 0.000000 0.000000 0.000000 0.000000 0.000000 1 1 
793 0.000000 0.000000 0.000000 0.000000 0.000000 0.000000 0.000000 0.000000 1 1 
794 0.000000 0.000000 0.000000 0.000000 0.000000 0.000000 0.000000 0.000000 1 1 
795 0.000000 0.000000 0.000000 0.000000 0.000000 0.000000 0.000000 0.000000 1 1 
796 0.000000 0.000000 0.000000 0.000000 0.000000 0.000000 0.000000 0.000000 1 1 
797 0.000000 0.000000 0.000000 0.000000 0.000000 0.000000 0.000000 0.000000 1 1 
798 0.000000 0.000000 0.000000 0.000000 0.000000 0.000000 0.000000 0.000000 1 1 
799 0.000000 0.000000 0.000000 0.000000 0.000000 0.000000 0.000000 0.000000 1 1 
800 0.000000 0.000000 0.000000 0.000000 0.000000 0.000000 0.000000 0.000000 1 1 
801 0.000000 0.000000 0.000000 0.000000 0.000000 0.000000 0.000000 0.000000 1 1 
802 0.000000 0.000000 0.000000 0.000000 0.000000 0.000000 0.000000 0.000000 1 1 
803 0.000000 0.000000 0.000000 0.000000 0.000000 0.000000 0.000000 0.000000 1 1 
804 0.000000 0.000000 0.000000 0.000000 0.000000 0.000000 0.000000 0.000000 1 1 
805 0.000000 0.000000 0.000000 0.000000 0.000000 0.000000 0.000000 0.000000 1 1 
806 0.000000 0.000000 0.000000 0.000000 0.000000 0.000000 0.000000 0.000000 1 1 
807 0.000000 0.000000 0.000000 0.000000 0.000000 0.000000 0.000000 0.000000 1 1 
808 0.000000 0.000000 0.000000 0.000000 0.000000 0.000000 0.000000 0.000000 1 1 
809 0.000000 0.000000 0.000000 0.000000 0.000000 0.000000 0.000000 0.000000 1 1 
810 0.000000 0.000000 0.000000 0.000000 0.000000 0.000000 0.000000 0.000000 1 1 
811 0.000000 0.000000 0.000000 0.000000 0.000000 0.000000 0.000000 0.000000 1 1 
812 0.000000 0.000000 0.000000 0.000000 0.000000 0.000000 0.000000 0.000000 1 1 
813 0.000000 0.000000 0.000000 0.000000 0.000000 0.000000 0.000000 0.000000 1 1 
814 0.000000 0.000000 0.000000 0.000000 0.000000 0.000000 0.000000 0.000000 1 1 
815 0.000000 0.000000 0.000000 0.000000 0.000000 0.000000 0.000000 0.000000 1 1 
816 0.000000 0.000000 0.000000 0.000000 0.000000 0.000000 0.000000 0.000000 1 1 
817 0.000000 0.000000 0.000000 0.000000 0.000000 0.000000 0.000000 0.000000 1 1 
818 0.000000 0.000000 0.000000 0.000000 0.000000 0.000000 0.000000 0.000000 1 1 
819 0.000000 0.000000 0.000000 0.000000 0.000000 0.000000 0.000000 0.000000 1 1 
820 0.000000 0.000000 0.000000 0.000000 0.000000 0.000000 0.000000 0.000000 1 1 
821 0.000000 0.000000 0.000000 0.000000 0.000000 0.000000 0.000000 0.000000 1 1 
822 0.000000 0.000000 0.000000 0.000000 0.000000 0.000000 0.000000 0.000000 1 1 
823 0.000000 0.000000 0.000000 0.000000 0.000000 0.000000 0.000000 0.000000 1 1 
824 0.000000 0.000000 0.000000 0.000000 0.000000 0.000000 0.000000 0.000000 1 1 
825 0.000000 0.000000 0.000000 0.000000 0.000000 0.000000 0.000000 0.000000 1 1 
826 0.000000 0.000000 0.000000 0.000000 0.000000 0.000000 0.000000 0.000000 1 1 
827 0.000000 0.000000 0.000000 0.000000 0.000000 0.000000 0.000000 0.000000 1 1 
828 0.000000 0.000000 0.000000 0.000000 0.000000 0.000000 0.000000 0.000000 1 1 
829 0.000000 0.000000 0.000000 0.000000 0.000000 0.000000 0.000000 0.000000 1 1 
830 0.000000 0.000000 0.000000 0.000000 0.000000 0.000000 0.000000 0.000000 1 1 
831 0.000000 0.000000 0.000000 0.000000 0.000000 0.000000 0.000000 0.000000 1 1 
832 0.000000 0.000000 0.000000 0.000000 0.000000 0.000000 0.000000 0.000000 1 1 
833 0.000000 0.000000 0.000000 0.000000 0.000000 0.000000 0.000000 0.000000 1 1 
834 0.000000 0.000000 0.000000 0.000000 0.000000 0.000000 0.000000 0.000000 1 1 
835 0.000000 0.000000 0.000000 0.000000 0.000000 0.000000 0.000000 0.000000 1 1 
836 0.000000 0.000000 0.000000 0.000000 0.000000 0.000000 0.000000 0.000000 1 1 
837 0.000000 0.000000 0.000000 0.000000 0.000000 0.000000 0.000000 0.000000 1 1 
838 0.000000 0.000000 0.000000 0.000000 0.000000 0.000000 0.000000 0.000000 1 1 
839 0.000000 0.000000 0.000000 0.000000 0.000000 0.000000 0.000000 0.000000 1 1 
840 0.000000 0.000000 0.000000 0.000000 0.000000 0.000000 0.000000 0.000000 1 1 
841 0.000000 0.000000 0.000000 0.000000 0.000000 0.000000 0.000000 0.000000 1 1 
842 0.000000 0.000000 0.000000 0.000000 0.000000 0.000000 0.000000 0.000000 1 1 
843 0.000000 0.000000 0.000000 0.000000 0.000000 0.000000 0.000000 0.000000 1 1 
844 0.000000 0.000000 0.000000 0.000000 0.000000 0.000000 0.000000 0.000000 1 1 
845 0.000000 0.000000 0.000000 0.000000 0.000000 0.000000 0.000000 0.000000 1 1 
846 0.000000 0.000000 0.000000 0.000000 0.000000 0.000000 0.000000 0.000000 1 1 
847 0.000000 0.000000 0.000000 0.000000 0.000000 0.000000 0.000000 0.000000 1 1 
848 0.000000 0.000000 0.000000 0.000000 0.000000 0.000000 0.000000 0.000000 1 1 
849 0.000000 0.000000 0.000000 0.000000 0.000000 0.000000 0.000000 0.000000 1 1 
850 0.000000 0.000000 0.000000 0.000000 0.000000 0.000000 0.000000 0.000000 1 1 
851 0.000000 0.000000 0.000000 0.000000 0.000000 0.000000 0.000000 0.000000 1 1 
852 0.000000 0.000000 0.000000 0.000000 0.000000 0.000000 0.000000 0.000000 1 1 
853 0.000000 0.000000 0.000000 0.000000 0.000000 0.000000 0.000000 0.000000 1 1 
854 0.000000 0.000000 0.000000 0.000000 0.000000 0.000000 0.000000 0.000000 1 1 
855 0.000000 0.000000 0.000000 0.000000 0.000000 0.000000 0.000000 0.000000 1 1 
856 0.000000 0.000000 0.000000 0.000000 0.000000 0.000000 0.000000 0.000000 1 1 
857 0.000000 0.000000 0.000000 0.000000 0.000000 0.000000 0.000000 0.000000 1 1 
858 0.000000 0.000000 0.000000 0.000000 0.000000 0.000000 0.000000 0.000000 1 1 
859 0.000000 0.000000 0.000000 0.000000 0.000000 0.000000 0.000000 0.000000 1 1 
860 0.000000 0.000000 0.000000 0.000000 0.000000 0.000000 0.000000 0.000000 1 1 
861 0.000000 0.000000 0.000000 0.000000 0.000000 0.000000 0.000000 0.000000 1 1 
862 0.000000 0.000000 0.000000 0.000000 0.000000 0.000000 0.000000 0.000000 1 1 
863 0.000000 0.000000 0.000000 0.000000 0.000000 0.000000 0.000000 0.000000 1 1 
864 0.000000 0.000000 0.000000 0.000000 0.000000 0.000000 0.000000 0.000000 1 1 
865 0.000000 0.000000 0.000000 0.000000 0.000000 0.000000 0.000000 0.000000 1 1 
866 0.000000 0.000000 0.000000 0.000000 0.000000 0.000000 0.000000 0.000000 1 1 
867 0.000000 0.000000 0.000000 0.000000 0.000000 0.000000 0.000000 0.000000 1 1 
868 0.000000 0.000000 0.000000 0.000000 0.000000 0.000000 0.000000 0.000000 1 1 
869 0.000000 0.000000 0.000000 0.000000 0.000000 0.000000 0.000000 0.000000 1 1 
870 0.000000 0.000000 0.000000 0.000000 0.000000 0.000000 0.000000 0.000000 1 1 
871 0.000000 0.000000 0.000000 0.000000 0.000000 0.000000 0.000000 0.000000 1 1 
872 0.000000 0.000000 0.000000 0.000000 0.000000 0.000000 0.000000 0.000000 1 1 
873 0.000000 0.000000 0.000000 0.000000 0.000000 0.000000 0.000000 0.000000 1 1 
874 0.000000 0.000000 0.000000 0.000000 0.000000 0.000000 0.000000 0.000000 1 1 
875 0.000000 0.000000 0.000000 0.000000 0.000000 0.000000 0.000000 0.000000 1 1 
876 0.000000 0.000000 0.000000 0.000000 0.000000 0.000000 0.000000 0.000000 1 1 
877 0.000000 0.000000 0.000000 0.000000 0.000000 0.000000 0.000000 0.000000 1 1 
878 0.000000 0.000000 0.000000 0.000000 0.000000 0.000000 0.000000 0.000000 1 1 
879 0.000000 0.000000 0.000000 0.000000 0.000000 0.000000 0.000000 0.000000 1 1 
880 0.000000 0.000000 0.000000 0.000000 0.000000 0.000000 0.000000 0.000000 1 1 
881 0.000000 0.000000 0.000000 0.000000 0.000000 0.000000 0.000000 0.000000 1 1 
882 0.000000 0.000000 0.000000 0.000000 0.000000 0.000000 0.000000 0.000000 1 1 
883 0.000000 0.000000 0.000000 0.000000 0.000000 0.000000 0.000000 0.000000 1 1 
884 0.000000 0.000000 0.000000 0.000000 0.000000 0.000000 0.000000 0.000000 1 1 
885 0.000000 0.000000 0.000000 0.000000 0.000000 0.000000 0.000000 0.000000 1 1 
886 0.000000 0.000000 0.000000 0.000000 0.000000 0.000000 0.000000 0.000000 1 1 
887 0.000000 0.000000 0.000000 0.000000 0.000000 0.000000 0.000000 0.000000 1 1 
888 0.000000 0.000000 0.000000 0.000000 0.000000 0.000000 0.000000 0.000000 1 1 
889 0.000000 0.000000 0.000000 0.000000 0.000000 0.000000 0.000000 0.000000 1 1 
890 0.000000 0.000000 0.000000 0.000000 0.000000 0.000000 0.000000 0.000000 1 1 
891 0.000000 0.000000 0.000000 0.000000 0.000000 0.000000 0.000000 0.000000 1 1 
892 0.000000 0.000000 0.000000 0.000000 0.000000 0.000000 0.000000 0.000000 1 1 
893 0.000000 0.000000 0.000000 0.000000 0.000000 0.000000 0.000000 0.000000 1 1 
894 0.000000 0.000000 0.000000 0.000000 0.000000 0.000000 0.000000 0.000000 1 1 
895 0.000000 0.000000 0.000000 0.000000 0.000000 0.000000 0.000000 0.000000 1 1 
896 0.000000 0.000000 0.000000 0.000000 0.000000 0.000000 0.000000 0.000000 1 1 
897 0.000000 0.000000 0.000000 0.000000 0.000000 0.000000 0.000000 0.000000 1 1 
898 0.000000 0.000000 0.000000 0.000000 0.000000 0.000000 0.000000 0.000000 1 1 
899 0.000000 0.000000 0.000000 0.000000 0.000000 0.000000 0.000000 0.000000 1 1 
900 0.000000 0.000000 0.000000 0.000000 0.000000 0.000000 0.000000 0.000000 1 1 
901 0.000000 0.000000 0.000000 0.000000 0.000000 0.000000 0.000000 0.000000 1 1 
902 0.000000 0.000000 0.000000 0.000000 0.000000 0.000000 0.000000 0.000000 1 1 
903 0.000000 0.000000 0.000000 0.000000 0.000000 0.000000 0.000000 0.000000 1 1 
904 0.000000 0.000000 0.000000 0.000000 0.000000 0.000000 0.000000 0.000000 1 1 
905 0.000000 0.000000 0.000000 0.000000 0.000000 0.000000 0.000000 0.000000 1 1 
906 0.000000 0.000000 0.000000 0.000000 0.000000 0.000000 0.000000 0.000000 1 1 
907 0.000000 0.000000 0.000000 0.000000 0.000000 0.000000 0.000000 0.000000 1 1 
908 0.000000 0.000000 0.000000 0.000000 0.000000 0.000000 0.000000 0.000000 1 1 
909 0.000000 0.000000 0.000000 0.000000 0.000000 0.000000 0.000000 0.000000 1 1 
910 0.000000 0.000000 0.000000 0.000000 0.000000 0.000000 0.000000 0.000000 1 1 
911 0.000000 0.000000 0.000000 0.000000 0.000000 0.000000 0.000000 0.000000 1 1 
912 0.000000 0.000000 0.000000 0.000000 0.000000 0.000000 0.000000 0.000000 1 1 
913 0.000000 0.000000 0.000000 0.000000 0.000000 0.000000 0.000000 0.000000 1 1 
914 0.000000 0.000000 0.000000 0.000000 0.000000 0.000000 0.000000 0.000000 1 1 
915 0.000000 0.000000 0.000000 0.000000 0.000000 0.000000 0.000000 0.000000 1 1 
916 0.000000 0.000000 0.000000 0.000000 0.000000 0.000000 0.000000 0.000000 1 1 
917 0.000000 0.000000 0.000000 0.000000 0.000000 0.000000 0.000000 0.000000 1 1 
918 0.000000 0.000000 0.000000 0.000000 0.000000 0.000000 0.000000 0.000000 1 1 
919 0.000000 0.000000 0.000000 0.000000 0.000000 0.000000 0.000000 0.000000 1 1 
920 0.000000 0.000000 0.000000 0.000000 0.000000 0.000000 0.000000 0.000000 1 1 
921 0.000000 0.000000 0.000000 0.000000 0.000000 0.000000 0.000000 0.000000 1 1 
922 0.000000 0.000000 0.000000 0.000000 0.000000 0.000000 0.000000 0.000000 1 1 
923 0.000000 0.000000 0.000000 0.000000 0.000000 0.000000 0.000000 0.000000 1 1 
924 0.000000 0.000000 0.000000 0.000000 0.000000 0.000000 0.000000 0.000000 1 1 
925 0.000000 0.000000 0.000000 0.000000 0.000000 0.000000 0.000000 0.000000 1 1 
926 0.000000 0.000000 0.000000 0.000000 0.000000 0.000000 0.000000 0.000000 1 1 
927 0.000000 0.000000 0.000000 0.000000 0.000000 0.000000 0.000000 0.000000 1 1 
928 0.000000 0.000000 0.000000 0.000000 0.000000 0.000000 0.000000 0.000000 1 1 
929 0.000000 0.000000 0.000000 0.000000 0.000000 0.000000 0.000000 0.000000 1 1 
930 0.000000 0.000000 0.000000 0.000000 0.000000 0.000000 0.000000 0.000000 1 1 
931 0.000000 0.000000 0.000000 0.000000 0.000000 0.000000 0.000000 0.000000 1 1 
932 0.000000 0.000000 0.000000 0.000000 0.000000 0.000000 0.000000 0.000000 1 1 
933 0.000000 0.000000 0.000000 0.000000 0.000000 0.000000 0.000000 0.000000 1 1 
934 0.000000 0.000000 0.000000 0.000000 0.000000 0.000000 0.000000 0.000000 1 1 
935 0.000000 0.000000 0.000000 0.000000 0.000000 0.000000 0.000000 0.000000 1 1 
936 0.000000 0.000000 0.000000 0.000000 0.000000 0.000000 0.000000 0.000000 1 1 
937 0.000000 0.000000 0.000000 0.000000 0.000000 0.000000 0.000000 0.000000 1 1 
938 0.000000 0.000000 0.000000 0.000000 0.000000 0.000000 0.000000 0.000000 1 1 
939 0.000000 0.000000 0.000000 0.000000 0.000000 0.000000 0.000000 0.000000 1 1 
940 0.000000 0.000000 0.000000 0.000000 0.000000 0.000000 0.000000 0.000000 1 1 
941 0.000000 0.000000 0.000000 0.000000 0.000000 0.000000 0.000000 0.000000 1 1 
942 0.000000 0.000000 0.000000 0.000000 0.000000 0.000000 0.000000 0.000000 1 1 
943 0.000000 0.000000 0.000000 0.000000 0.000000 0.000000 0.000000 0.000000 1 1 
944 0.000000 0.000000 0.000000 0.000000 0.000000 0.000000 0.000000 0.000000 1 1 
945 0.000000 0.000000 0.000000 0.000000 0.000000 0.000000 0.000000 0.000000 1 1 
946 0.000000 0.000000 0.000000 0.000000 0.000000 0.000000 0.000000 0.000000 1 1 
947 0.000000 0.000000 0.000000 0.000000 0.000000 0.000000 0.000000 0.000000 1 1 
948 0.000000 0.000000 0.000000 0.000000 0.000000 0.000000 0.000000 0.000000 1 1 
949 0.000000 0.000000 0.000000 0.000000 0.000000 0.000000 0.000000 0.000000 1 1 
950 0.000000 0.000000 0.000000 0.000000 0.000000 0.000000 0.000000 0.000000 1 1 
951 0.000000 0.000000 0.000000 0.000000 0.000000 0.000000 0.000000 0.000000 1 1 
952 0.000000 0.000000 0.000000 0.000000 0.000000 0.000000 0.000000 0.000000 1 1 
953 0.000000 0.000000 0.000000 0.000000 0.000000 0.000000 0.000000 0.000000 1 1 
954 0.000000 0.000000 0.000000 0.000000 0.000000 0.000000 0.000000 0.000000 1 1 
955 0.000000 0.000000 0.000000 0.000000 0.000000 0.000000 0.000000 0.000000 1 1 
956 0.000000 0.000000 0.000000 0.000000 0.000000 0.000000 0.000000 0.000000 1 1 
957 0.000000 0.000000 0.000000 0.000000 0.000000 0.000000 0.000000 0.000000 1 1 
958 0.000000 0.000000 0.000000 0.000000 0.000000 0.000000 0.000000 0.000000 1 1 
959 0.000000 0.000000 0.000000 0.000000 0.000000 0.000000 0.000000 0.000000 1 1 
960 0.000000 0.000000 0.000000 0.000000 0.000000 0.000000 0.000000 0.000000 1 1 
961 0.000000 0.000000 0.000000 0.000000 0.000000 0.000000 0.000000 0.000000 1 1 
962 0.000000 0.000000 0.000000 0.000000 0.000000 0.000000 0.000000 0.000000 1 1 
963 0.000000 0.000000 0.000000 0.000000 0.000000 0.000000 0.000000 0.000000 1 1 
964 0.000000 0.000000 0.000000 0.000000 0.000000 0.000000 0.000000 0.000000 1 1 
965 0.000000 0.000000 0.000000 0.000000 0.000000 0.000000 0.000000 0.000000 1 1 
966 0.000000 0.000000 0.000000 0.000000 0.000000 0.000000 0.000000 0.000000 1 1 
967 0.000000 0.000000 0.000000 0.000000 0.000000 0.000000 0.000000 0.000000 1 1 
968 0.000000 0.000000 0.000000 0.000000 0.000000 0.000000 0.000000 0.000000 1 1 
969 0.000000 0.000000 0.000000 0.000000 0.000000 0.000000 0.000000 0.000000 1 1 
970 0.000000 0.000000 0.000000 0.000000 0.000000 0.000000 0.000000 0.000000 1 1 
971 0.000000 0.000000 0.000000 0.000000 0.000000 0.000000 0.000000 0.000000 1 1 
972 0.000000 0.000000 0.000000 0.000000 0.000000 0.000000 0.000000 0.000000 1 1 
973 0.000000 0.000000 0.000000 0.000000 0.000000 0.000000 0.000000 0.000000 1 1 
974 0.000000 0.000000 0.000000 0.000000 0.000000 0.000000 0.000000 0.000000 1 1 
975 0.000000 0.000000 0.000000 0.000000 0.000000 0.000000 0.000000 0.000000 1 1 
976 0.000000 0.000000 0.000000 0.000000 0.000000 0.000000 0.000000 0.000000 1 1 
977 0.000000 0.000000 0.000000 0.000000 0.000000 0.000000 0.000000 0.000000 1 1 
978 0.000000 0.000000 0.000000 0.000000 0.000000 0.000000 0.000000 0.000000 1 1 
979 0.000000 0.000000 0.000000 0.000000 0.000000 0.000000 0.000000 0.000000 1 1 
980 0.000000 0.000000 0.000000 0.000000 0.000000 0.000000 0.000000 0.000000 1 1 
981 0.000000 0.000000 0.000000 0.000000 0.000000 0.000000 0.000000 0.000000 1 1 
982 0.000000 0.000000 0.000000 0.000000 0.000000 0.000000 0.000000 0.000000 1 1 
983 0.000000 0.000000 0.000000 0.000000 0.000000 0.000000 0.000000 0.000000 1 1 
984 0.000000 0.000000 0.000000 0.000000 0.000000 0.000000 0.000000 0.000000 1 1 
985 0.000000 0.000000 0.000000 0.000000 0.000000 0.000000 0.000000 0.000000 1 1 
986 0.000000 0.000000 0.000000 0.000000 0.000000 0.000000 0.000000 0.000000 1 1 
987 0.000000 0.000000 0.000000 0.000000 0.000000 0.000000 0.000000 0.000000 1 1 
988 0.000000 0.000000 0.000000 0.000000 0.000000 0.000000 0.000000 0.000000 1 1 
989 0.000000 0.000000 0.000000 0.000000 0.000000 0.000000 0.000000 0.000000 1 1 
990 0.000000 0.000000 0.000000 0.000000 0.000000 0.000000 0.000000 0.000000 1 1 
991 0.000000 0.000000 0.000000 0.000000 0.000000 0.000000 0.000000 0.000000 1 1 
992 0.000000 0.000000 0.000000 0.000000 0.000000 0.000000 0.000000 0.000000 1 1 
993 0.000000 0.000000 0.000000 0.000000 0.000000 0.000000 0.000000 0.000000 1 1 
994 0.000000 0.000000 0.000000 0.000000 0.000000 0.000000 0.000000 0.000000 1 1 
995 0.000000 0.000000 0.000000 0.000000 0.000000 0.000000 0.000000 0.000000 1 1 
996 0.000000 0.000000 0.000000 0.000000 0.000000 0.000000 0.000000 0.000000 1 1 
997 0.000000 0.000000 0.000000 0.000000 0.000000 0.000000 0.000000 0.000000 1 1 
998 0.000000 0.000000 0.000000 0.000000 0.000000 0.000000 0.000000 0.000000 1 1 
999 0.000000 0.000000 0.000000 0.000000 0.000000 0.000000 0.000000 0.000000 1 1 
1000 0.000000 0.000000 0.000000 0.000000 0.000000 0.000000 0.000000 0.000000 1 1 
1001 0.000000 0.000000 0.000000 0.000000 0.000000 0.000000 0.000000 0.000000 1 1 
1002 0.000000 0.000000 0.000000 0.000000 0.000000 0.000000 0.000000 0.000000 1 1 
1003 0.000000 0.000000 0.000000 0.000000 0.000000 0.000000 0.000000 0.000000 1 1 
1004 0.000000 0.000000 0.000000 0.000000 0.000000 0.000000 0.000000 0.000000 1 1 
1005 0.000000 0.000000 0.000000 0.000000 0.000000 0.000000 0.000000 0.000000 1 1 
1006 0.000000 0.000000 0.000000 0.000000 0.000000 0.000000 0.000000 0.000000 1 1 
1007 0.000000 0.000000 0.000000 0.000000 0.000000 0.000000 0.000000 0.000000 1 1 
1008 0.000000 0.000000 0.000000 0.000000 0.000000 0.000000 0.000000 0.000000 1 1 
1009 0.000000 0.000000 0.000000 0.000000 0.000000 0.000000 0.000000 0.000000 1 1 
1010 0.000000 0.000000 0.000000 0.000000 0.000000 0.000000 0.000000 0.000000 1 1 
1011 0.000000 0.000000 0.000000 0.000000 0.000000 0.000000 0.000000 0.000000 1 1 
1012 0.000000 0.000000 0.000000 0.000000 0.000000 0.000000 0.000000 0.000000 1 1 
1013 0.000000 0.000000 0.000000 0.000000 0.000000 0.000000 0.000000 0.000000 1 1 
1014 0.000000 0.000000 0.000000 0.000000 0.000000 0.000000 0.000000 0.000000 1 1 
1015 0.000000 0.000000 0.000000 0.000000 0.000000 0.000000 0.000000 0.000000 1 1 
1016 0.000000 0.000000 0.000000 0.000000 0.000000 0.000000 0.000000 0.000000 1 1 
1017 0.000000 0.000000 0.000000 0.000000 0.000000 0.000000 0.000000 0.000000 1 1 
1018 0.000000 0.000000 0.000000 0.000000 0.000000 0.000000 0.000000 0.000000 1 1 
1019 0.000000 0.000000 0.000000 0.000000 0.000000 0.000000 0.000000 0.000000 1 1 
1020 0.000000 0.000000 0.000000 0.000000 0.000000 0.000000 0.000000 0.000000 1 1 
1021 0.000000 0.000000 0.000000 0.000000 0.000000 0.000000 0.000000 0.000000 1 1 
1022 0.000000 0.000000 0.000000 0.000000 0.000000 0.000000 0.000000 0.000000 1 1 
1023 0.000000 0.000000 0.000000 0.000000 0.000000 0.000000 0.000000 0.000000 1 1 
1024 0.000000 0.000000 0.000000 0.000000 0.000000 0.000000 0.000000 0.000000 1 1 
1025 0.000000 0.000000 0.000000 0.000000 0.000000 0.000000 0.000000 0.000000 1 1 
1026 0.000000 0.000000 0.000000 0.000000 0.000000 0.000000 0.000000 0.000000 1 1 
1027 0.000000 0.000000 0.000000 0.000000 0.000000 0.000000 0.000000 0.000000 1 1 
1028 0.000000 0.000000 0.000000 0.000000 0.000000 0.000000 0.000000 0.000000 1 1 
1029 0.000000 0.000000 0.000000 0.000000 0.000000 0.000000 0.000000 0.000000 1 1 
1030 0.000000 0.000000 0.000000 0.000000 0.000000 0.000000 0.000000 0.000000 1 1 
1031 0.000000 0.000000 0.000000 0.000000 0.000000 0.000000 0.000000 0.000000 1 1 
1032 0.000000 0.000000 0.000000 0.000000 0.000000 0.000000 0.000000 0.000000 1 1 
1033 0.000000 0.000000 0.000000 0.000000 0.000000 0.000000 0.000000 0.000000 1 1 
1034 0.000000 0.000000 0.000000 0.000000 0.000000 0.000000 0.000000 0.000000 1 1 
1035 0.000000 0.000000 0.000000 0.000000 0.000000 0.000000 0.000000 0.000000 1 1 
1036 0.000000 0.000000 0.000000 0.000000 0.000000 0.000000 0.000000 0.000000 1 1 
1037 0.000000 0.000000 0.000000 0.000000 0.000000 0.000000 0.000000 0.000000 1 1 
1038 0.000000 0.000000 0.000000 0.000000 0.000000 0.000000 0.000000 0.000000 1 1 
1039 0.000000 0.000000 0.000000 0.000000 0.000000 0.000000 0.000000 0.000000 1 1 
1040 0.000000 0.000000 0.000000 0.000000 0.000000 0.000000 0.000000 0.000000 1 1 
1041 0.000000 0.000000 0.000000 0.000000 0.000000 0.000000 0.000000 0.000000 1 1 
1042 0.000000 0.000000 0.000000 0.000000 0.000000 0.000000 0.000000 0.000000 1 1 
1043 0.000000 0.000000 0.000000 0.000000 0.000000 0.000000 0.000000 0.000000 1 1 
1044 0.000000 0.000000 0.000000 0.000000 0.000000 0.000000 0.000000 0.000000 1 1 
1045 0.000000 0.000000 0.000000 0.000000 0.000000 0.000000 0.000000 0.000000 1 1 
1046 0.000000 0.000000 0.000000 0.000000 0.000000 0.000000 0.000000 0.000000 1 1 
1047 0.000000 0.000000 0.000000 0.000000 0.000000 0.000000 0.000000 0.000000 1 1 
1048 0.000000 0.000000 0.000000 0.000000 0.000000 0.000000 0.000000 0.000000 1 1 
1049 0.000000 0.000000 0.000000 0.000000 0.000000 0.000000 0.000000 0.000000 1 1 
1050 0.000000 0.000000 0.000000 0.000000 0.000000 0.000000 0.000000 0.000000 1 1 
1051 0.000000 0.000000 0.000000 0.000000 0.000000 0.000000 0.000000 0.000000 1 1 
1052 0.000000 0.000000 0.000000 0.000000 0.000000 0.000000 0.000000 0.000000 1 1 
1053 0.000000 0.000000 0.000000 0.000000 0.000000 0.000000 0.000000 0.000000 1 1 
1054 0.000000 0.000000 0.000000 0.000000 0.000000 0.000000 0.000000 0.000000 1 1 
1055 0.000000 0.000000 0.000000 0.000000 0.000000 0.000000 0.000000 0.000000 1 1 
1056 0.000000 0.000000 0.000000 0.000000 0.000000 0.000000 0.000000 0.000000 1 1 
1057 0.000000 0.000000 0.000000 0.000000 0.000000 0.000000 0.000000 0.000000 1 1 
1058 0.000000 0.000000 0.000000 0.000000 0.000000 0.000000 0.000000 0.000000 1 1 
1059 0.000000 0.000000 0.000000 0.000000 0.000000 0.000000 0.000000 0.000000 1 1 
1060 0.000000 0.000000 0.000000 0.000000 0.000000 0.000000 0.000000 0.000000 1 1 
1061 0.000000 0.000000 0.000000 0.000000 0.000000 0.000000 0.000000 0.000000 1 1 
1062 0.000000 0.000000 0.000000 0.000000 0.000000 0.000000 0.000000 0.000000 1 1 
1063 0.000000 0.000000 0.000000 0.000000 0.000000 0.000000 0.000000 0.000000 1 1 
1064 0.000000 0.000000 0.000000 0.000000 0.000000 0.000000 0.000000 0.000000 1 1 
1065 0.000000 0.000000 0.000000 0.000000 0.000000 0.000000 0.000000 0.000000 1 1 
1066 0.000000 0.000000 0.000000 0.000000 0.000000 0.000000 0.000000 0.000000 1 1 
1067 0.000000 0.000000 0.000000 0.000000 0.000000 0.000000 0.000000 0.000000 1 1 
1068 0.000000 0.000000 0.000000 0.000000 0.000000 0.000000 0.000000 0.000000 1 1 
1069 0.000000 0.000000 0.000000 0.000000 0.000000 0.000000 0.000000 0.000000 1 1 
1070 0.000000 0.000000 0.000000 0.000000 0.000000 0.000000 0.000000 0.000000 1 1 
1071 0.000000 0.000000 0.000000 0.000000 0.000000 0.000000 0.000000 0.000000 1 1 
1072 0.000000 0.000000 0.000000 0.000000 0.000000 0.000000 0.000000 0.000000 1 1 
1073 0.000000 0.000000 0.000000 0.000000 0.000000 0.000000 0.000000 0.000000 1 1 
1074 0.000000 0.000000 0.000000 0.000000 0.000000 0.000000 0.000000 0.000000 1 1 
1075 0.000000 0.000000 0.000000 0.000000 0.000000 0.000000 0.000000 0.000000 1 1 
1076 0.000000 0.000000 0.000000 0.000000 0.000000 0.000000 0.000000 0.000000 1 1 
1077 0.000000 0.000000 0.000000 0.000000 0.000000 0.000000 0.000000 0.000000 1 1 
1078 0.000000 0.000000 0.000000 0.000000 0.000000 0.000000 0.000000 0.000000 1 1 
1079 0.000000 0.000000 0.000000 0.000000 0.000000 0.000000 0.000000 0.000000 1 1 
1080 0.000000 0.000000 0.000000 0.000000 0.000000 0.000000 0.000000 0.000000 1 1 
1081 0.000000 0.000000 0.000000 0.000000 0.000000 0.000000 0.000000 0.000000 1 1 
1082 0.000000 0.000000 0.000000 0.000000 0.000000 0.000000 0.000000 0.000000 1 1 
1083 0.000000 0.000000 0.000000 0.000000 0.000000 0.000000 0.000000 0.000000 1 1 
1084 0.000000 0.000000 0.000000 0.000000 0.000000 0.000000 0.000000 0.000000 1 1 
1085 0.000000 0.000000 0.000000 0.000000 0.000000 0.000000 0.000000 0.000000 1 1 
1086 0.000000 0.000000 0.000000 0.000000 0.000000 0.000000 0.000000 0.000000 1 1 
1087 0.000000 0.000000 0.000000 0.000000 0.000000 0.000000 0.000000 0.000000 1 1 
1088 0.000000 0.000000 0.000000 0.000000 0.000000 0.000000 0.000000 0.000000 1 1 
1089 0.000000 0.000000 0.000000 0.000000 0.000000 0.000000 0.000000 0.000000 1 1 
1090 0.000000 0.000000 0.000000 0.000000 0.000000 0.000000 0.000000 0.000000 1 1 
1091 0.000000 0.000000 0.000000 0.000000 0.000000 0.000000 0.000000 0.000000 1 1 
1092 0.000000 0.000000 0.000000 0.000000 0.000000 0.000000 0.000000 0.000000 1 1 
1093 0.000000 0.000000 0.000000 0.000000 0.000000 0.000000 0.000000 0.000000 1 1 
1094 0.000000 0.000000 0.000000 0.000000 0.000000 0.000000 0.000000 0.000000 1 1 
1095 0.000000 0.000000 0.000000 0.000000 0.000000 0.000000 0.000000 0.000000 1 1 
1096 0.000000 0.000000 0.000000 0.000000 0.000000 0.000000 0.000000 0.000000 1 1 
1097 0.000000 0.000000 0.000000 0.000000 0.000000 0.000000 0.000000 0.000000 1 1 
1098 0.000000 0.000000 0.000000 0.000000 0.000000 0.000000 0.000000 0.000000 1 1 
1099 0.000000 0.000000 0.000000 0.000000 0.000000 0.000000 0.000000 0.000000 1 1 
1100 0.000000 0.000000 0.000000 0.000000 0.000000 0.000000 0.000000 0.000000 1 1 
1101 0.000000 0.000000 0.000000 0.000000 0.000000 0.000000 0.000000 0.000000 1 1 
1102 0.000000 0.000000 0.000000 0.000000 0.000000 0.000000 0.000000 0.000000 1 1 
1103 0.000000 0.000000 0.000000 0.000000 0.000000 0.000000 0.000000 0.000000 1 1 
1104 0.000000 0.000000 0.000000 0.000000 0.000000 0.000000 0.000000 0.000000 1 1 
1105 0.000000 0.000000 0.000000 0.000000 0.000000 0.000000 0.000000 0.000000 1 1 
1106 0.000000 0.000000 0.000000 0.000000 0.000000 0.000000 0.000000 0.000000 1 1 
1107 0.000000 0.000000 0.000000 0.000000 0.000000 0.000000 0.000000 0.000000 1 1 
1108 0.000000 0.000000 0.000000 0.000000 0.000000 0.000000 0.000000 0.000000 1 1 
1109 0.000000 0.000000 0.000000 0.000000 0.000000 0.000000 0.000000 0.000000 1 1 
1110 0.000000 0.000000 0.000000 0.000000 0.000000 0.000000 0.000000 0.000000 1 1 
1111 0.000000 0.000000 0.000000 0.000000 0.000000 0.000000 0.000000 0.000000 1 1 
1112 0.000000 0.000000 0.000000 0.000000 0.000000 0.000000 0.000000 0.000000 1 1 
1113 0.000000 0.000000 0.000000 0.000000 0.000000 0.000000 0.000000 0.000000 1 1 
1114 0.000000 0.000000 0.000000 0.000000 0.000000 0.000000 0.000000 0.000000 1 1 
1115 0.000000 0.000000 0.000000 0.000000 0.000000 0.000000 0.000000 0.000000 1 1 
1116 0.000000 0.000000 0.000000 0.000000 0.000000 0.000000 0.000000 0.000000 1 1 
1117 0.000000 0.000000 0.000000 0.000000 0.000000 0.000000 0.000000 0.000000 1 1 
1118 0.000000 0.000000 0.000000 0.000000 0.000000 0.000000 0.000000 0.000000 1 1 
1119 0.000000 0.000000 0.000000 0.000000 0.000000 0.000000 0.000000 0.000000 1 1 
1120 0.000000 0.000000 0.000000 0.000000 0.000000 0.000000 0.000000 0.000000 1 1 
1121 0.000000 0.000000 0.000000 0.000000 0.000000 0.000000 0.000000 0.000000 1 1 
1122 0.000000 0.000000 0.000000 0.000000 0.000000 0.000000 0.000000 0.000000 1 1 
1123 0.000000 0.000000 0.000000 0.000000 0.000000 0.000000 0.000000 0.000000 1 1 
1124 0.000000 0.000000 0.000000 0.000000 0.000000 0.000000 0.000000 0.000000 1 1 
1125 0.000000 0.000000 0.000000 0.000000 0.000000 0.000000 0.000000 0.000000 1 1 
1126 0.000000 0.000000 0.000000 0.000000 0.000000 0.000000 0.000000 0.000000 1 1 
1127 0.000000 0.000000 0.000000 0.000000 0.000000 0.000000 0.000000 0.000000 1 1 
1128 0.000000 0.000000 0.000000 0.000000 0.000000 0.000000 0.000000 0.000000 1 1 
1129 0.000000 0.000000 0.000000 0.000000 0.000000 0.000000 0.000000 0.000000 1 1 
1130 0.000000 0.000000 0.000000 0.000000 0.000000 0.000000 0.000000 0.000000 1 1 
1131 0.000000 0.000000 0.000000 0.000000 0.000000 0.000000 0.000000 0.000000 1 1 
1132 0.000000 0.000000 0.000000 0.000000 0.000000 0.000000 0.000000 0.000000 1 1 
1133 0.000000 0.000000 0.000000 0.000000 0.000000 0.000000 0.000000 0.000000 1 1 
1134 0.000000 0.000000 0.000000 0.000000 0.000000 0.000000 0.000000 0.000000 1 1 
1135 0.000000 0.000000 0.000000 0.000000 0.000000 0.000000 0.000000 0.000000 1 1 
1136 0.000000 0.000000 0.000000 0.000000 0.000000 0.000000 0.000000 0.000000 1 1 
1137 0.000000 0.000000 0.000000 0.000000 0.000000 0.000000 0.000000 0.000000 1 1 
1138 0.000000 0.000000 0.000000 0.000000 0.000000 0.000000 0.000000 0.000000 1 1 
1139 0.000000 0.000000 0.000000 0.000000 0.000000 0.000000 0.000000 0.000000 1 1 
1140 0.000000 0.000000 0.000000 0.000000 0.000000 0.000000 0.000000 0.000000 1 1 
1141 0.000000 0.000000 0.000000 0.000000 0.000000 0.000000 0.000000 0.000000 1 1 
1142 0.000000 0.000000 0.000000 0.000000 0.000000 0.000000 0.000000 0.000000 1 1 
1143 0.000000 0.000000 0.000000 0.000000 0.000000 0.000000 0.000000 0.000000 1 1 
1144 0.000000 0.000000 0.000000 0.000000 0.000000 0.000000 0.000000 0.000000 1 1 
1145 0.000000 0.000000 0.000000 0.000000 0.000000 0.000000 0.000000 0.000000 1 1 
1146 0.000000 0.000000 0.000000 0.000000 0.000000 0.000000 0.000000 0.000000 1 1 
1147 0.000000 0.000000 0.000000 0.000000 0.000000 0.000000 0.000000 0.000000 1 1 
1148 0.000000 0.000000 0.000000 0.000000 0.000000 0.000000 0.000000 0.000000 1 1 
1149 0.000000 0.000000 0.000000 0.000000 0.000000 0.000000 0.000000 0.000000 1 1 
1150 0.000000 0.000000 0.000000 0.000000 0.000000 0.000000 0.000000 0.000000 1 1 
1151 0.000000 0.000000 0.000000 0.000000 0.000000 0.000000 0.000000 0.000000 1 1 
1152 0.000000 0.000000 0.000000 0.000000 0.000000 0.000000 0.000000 0.000000 1 1 
1153 0.000000 0.000000 0.000000 0.000000 0.000000 0.000000 0.000000 0.000000 1 1 
1154 0.000000 0.000000 0.000000 0.000000 0.000000 0.000000 0.000000 0.000000 1 1 
1155 0.000000 0.000000 0.000000 0.000000 0.000000 0.000000 0.000000 0.000000 1 1 
1156 0.000000 0.000000 0.000000 0.000000 0.000000 0.000000 0.000000 0.000000 1 1 
1157 0.000000 0.000000 0.000000 0.000000 0.000000 0.000000 0.000000 0.000000 1 1 
1158 0.000000 0.000000 0.000000 0.000000 0.000000 0.000000 0.000000 0.000000 1 1 
1159 0.000000 0.000000 0.000000 0.000000 0.000000 0.000000 0.000000 0.000000 1 1 
1160 0.000000 0.000000 0.000000 0.000000 0.000000 0.000000 0.000000 0.000000 1 1 
1161 0.000000 0.000000 0.000000 0.000000 0.000000 0.000000 0.000000 0.000000 1 1 
1162 0.000000 0.000000 0.000000 0.000000 0.000000 0.000000 0.000000 0.000000 1 1 
1163 0.000000 0.000000 0.000000 0.000000 0.000000 0.000000 0.000000 0.000000 1 1 
1164 0.000000 0.000000 0.000000 0.000000 0.000000 0.000000 0.000000 0.000000 1 1 
1165 0.000000 0.000000 0.000000 0.000000 0.000000 0.000000 0.000000 0.000000 1 1 
1166 0.000000 0.000000 0.000000 0.000000 0.000000 0.000000 0.000000 0.000000 1 1 
1167 0.000000 0.000000 0.000000 0.000000 0.000000 0.000000 0.000000 0.000000 1 1 
1168 0.000000 0.000000 0.000000 0.000000 0.000000 0.000000 0.000000 0.000000 1 1 
1169 0.000000 0.000000 0.000000 0.000000 0.000000 0.000000 0.000000 0.000000 1 1 
1170 0.000000 0.000000 0.000000 0.000000 0.000000 0.000000 0.000000 0.000000 1 1 
1171 0.000000 0.000000 0.000000 0.000000 0.000000 0.000000 0.000000 0.000000 1 1 
1172 0.000000 0.000000 0.000000 0.000000 0.000000 0.000000 0.000000 0.000000 1 1 
1173 0.000000 0.000000 0.000000 0.000000 0.000000 0.000000 0.000000 0.000000 1 1 
1174 0.000000 0.000000 0.000000 0.000000 0.000000 0.000000 0.000000 0.000000 1 1 
1175 0.000000 0.000000 0.000000 0.000000 0.000000 0.000000 0.000000 0.000000 1 1 
1176 0.000000 0.000000 0.000000 0.000000 0.000000 0.000000 0.000000 0.000000 1 1 
1177 0.000000 0.000000 0.000000 0.000000 0.000000 0.000000 0.000000 0.000000 1 1 
1178 0.000000 0.000000 0.000000 0.000000 0.000000 0.000000 0.000000 0.000000 1 1 
1179 0.000000 0.000000 0.000000 0.000000 0.000000 0.000000 0.000000 0.000000 1 1 
1180 0.000000 0.000000 0.000000 0.000000 0.000000 0.000000 0.000000 0.000000 1 1 
1181 0.000000 0.000000 0.000000 0.000000 0.000000 0.000000 0.000000 0.000000 1 1 
1182 0.000000 0.000000 0.000000 0.000000 0.000000 0.000000 0.000000 0.000000 1 1 
1183 0.000000 0.000000 0.000000 0.000000 0.000000 0.000000 0.000000 0.000000 1 1 
1184 0.000000 0.000000 0.000000 0.000000 0.000000 0.000000 0.000000 0.000000 1 1 
1185 0.000000 0.000000 0.000000 0.000000 0.000000 0.000000 0.000000 0.000000 1 1 
1186 0.000000 0.000000 0.000000 0.000000 0.000000 0.000000 0.000000 0.000000 1 1 
1187 0.000000 0.000000 0.000000 0.000000 0.000000 0.000000 0.000000 0.000000 1 1 
1188 0.000000 0.000000 0.000000 0.000000 0.000000 0.000000 0.000000 0.000000 1 1 
1189 0.000000 0.000000 0.000000 0.000000 0.000000 0.000000 0.000000 0.000000 1 1 
1190 0.000000 0.000000 0.000000 0.000000 0.000000 0.000000 0.000000 0.000000 1 1 
1191 0.000000 0.000000 0.000000 0.000000 0.000000 0.000000 0.000000 0.000000 1 1 
1192 0.000000 0.000000 0.000000 0.000000 0.000000 0.000000 0.000000 0.000000 1 1 
1193 0.000000 0.000000 0.000000 0.000000 0.000000 0.000000 0.000000 0.000000 1 1 
1194 0.000000 0.000000 0.000000 0.000000 0.000000 0.000000 0.000000 0.000000 1 1 
1195 0.000000 0.000000 0.000000 0.000000 0.000000 0.000000 0.000000 0.000000 1 1 
1196 0.000000 0.000000 0.000000 0.000000 0.000000 0.000000 0.000000 0.000000 1 1 
1197 0.000000 0.000000 0.000000 0.000000 0.000000 0.000000 0.000000 0.000000 1 1 
1198 0.000000 0.000000 0.000000 0.000000 0.000000 0.000000 0.000000 0.000000 1 1 
1199 0.000000 0.000000 0.000000 0.000000 0.000000 0.000000 0.000000 0.000000 1 1 
1200 0.000000 0.000000 0.000000 0.000000 0.000000 0.000000 0.000000 0.000000 1 1 
1201 0.000000 0.000000 0.000000 0.000000 0.000000 0.000000 0.000000 0.000000 1 1 
1202 0.000000 0.000000 0.000000 0.000000 0.000000 0.000000 0.000000 0.000000 1 1 
1203 0.000000 0.000000 0.000000 0.000000 0.000000 0.000000 0.000000 0.000000 1 1 
1204 0.000000 0.000000 0.000000 0.000000 0.000000 0.000000 0.000000 0.000000 1 1 
1205 0.000000 0.000000 0.000000 0.000000 0.000000 0.000000 0.000000 0.000000 1 1 
1206 0.000000 0.000000 0.000000 0.000000 0.000000 0.000000 0.000000 0.000000 1 1 
1207 0.000000 0.000000 0.000000 0.000000 0.000000 0.000000 0.000000 0.000000 1 1 
1208 0.000000 0.000000 0.000000 0.000000 0.000000 0.000000 0.000000 0.000000 1 1 
1209 0.000000 0.000000 0.000000 0.000000 0.000000 0.000000 0.000000 0.000000 1 1 
1210 0.000000 0.000000 0.000000 0.000000 0.000000 0.000000 0.000000 0.000000 1 1 
1211 0.000000 0.000000 0.000000 0.000000 0.000000 0.000000 0.000000 0.000000 1 1 
1212 0.000000 0.000000 0.000000 0.000000 0.000000 0.000000 0.000000 0.000000 1 1 
1213 0.000000 0.000000 0.000000 0.000000 0.000000 0.000000 0.000000 0.000000 1 1 
1214 0.000000 0.000000 0.000000 0.000000 0.000000 0.000000 0.000000 0.000000 1 1 
1215 0.000000 0.000000 0.000000 0.000000 0.000000 0.000000 0.000000 0.000000 1 1 
1216 0.000000 0.000000 0.000000 0.000000 0.000000 0.000000 0.000000 0.000000 1 1 
1217 0.000000 0.000000 0.000000 0.000000 0.000000 0.000000 0.000000 0.000000 1 1 
1218 0.000000 0.000000 0.000000 0.000000 0.000000 0.000000 0.000000 0.000000 1 1 
1219 0.000000 0.000000 0.000000 0.000000 0.000000 0.000000 0.000000 0.000000 1 1 
1220 0.000000 0.000000 0.000000 0.000000 0.000000 0.000000 0.000000 0.000000 1 1 
1221 0.000000 0.000000 0.000000 0.000000 0.000000 0.000000 0.000000 0.000000 1 1 
1222 0.000000 0.000000 0.000000 0.000000 0.000000 0.000000 0.000000 0.000000 1 1 
1223 0.000000 0.000000 0.000000 0.000000 0.000000 0.000000 0.000000 0.000000 1 1 
1224 0.000000 0.000000 0.000000 0.000000 0.000000 0.000000 0.000000 0.000000 1 1 
1225 0.000000 0.000000 0.000000 0.000000 0.000000 0.000000 0.000000 0.000000 1 1 
1226 0.000000 0.000000 0.000000 0.000000 0.000000 0.000000 0.000000 0.000000 1 1 
1227 0.000000 0.000000 0.000000 0.000000 0.000000 0.000000 0.000000 0.000000 1 1 
1228 0.000000 0.000000 0.000000 0.000000 0.000000 0.000000 0.000000 0.000000 1 1 
1229 0.000000 0.000000 0.000000 0.000000 0.000000 0.000000 0.000000 0.000000 1 1 
1230 0.000000 0.000000 0.000000 0.000000 0.000000 0.000000 0.000000 0.000000 1 1 
1231 0.000000 0.000000 0.000000 0.000000 0.000000 0.000000 0.000000 0.000000 1 1 
1232 0.000000 0.000000 0.000000 0.000000 0.000000 0.000000 0.000000 0.000000 1 1 
1233 0.000000 0.000000 0.000000 0.000000 0.000000 0.000000 0.000000 0.000000 1 1 
1234 0.000000 0.000000 0.000000 0.000000 0.000000 0.000000 0.000000 0.000000 1 1 
1235 0.000000 0.000000 0.000000 0.000000 0.000000 0.000000 0.000000 0.000000 1 1 
1236 0.000000 0.000000 0.000000 0.000000 0.000000 0.000000 0.000000 0.000000 1 1 
1237 0.000000 0.000000 0.000000 0.000000 0.000000 0.000000 0.000000 0.000000 1 1 
1238 0.000000 0.000000 0.000000 0.000000 0.000000 0.000000 0.000000 0.000000 1 1 
1239 0.000000 0.000000 0.000000 0.000000 0.000000 0.000000 0.000000 0.000000 1 1 
1240 0.000000 0.000000 0.000000 0.000000 0.000000 0.000000 0.000000 0.000000 1 1 
1241 0.000000 0.000000 0.000000 0.000000 0.000000 0.000000 0.000000 0.000000 1 1 
1242 0.000000 0.000000 0.000000 0.000000 0.000000 0.000000 0.000000 0.000000 1 1 
1243 0.000000 0.000000 0.000000 0.000000 0.000000 0.000000 0.000000 0.000000 1 1 
1244 0.000000 0.000000 0.000000 0.000000 0.000000 0.000000 0.000000 0.000000 1 1 
1245 0.000000 0.000000 0.000000 0.000000 0.000000 0.000000 0.000000 0.000000 1 1 
1246 0.000000 0.000000 0.000000 0.000000 0.000000 0.000000 0.000000 0.000000 1 1 
1247 0.000000 0.000000 0.000000 0.000000 0.000000 0.000000 0.000000 0.000000 1 1 
1248 0.000000 0.000000 0.000000 0.000000 0.000000 0.000000 0.000000 0.000000 1 1 
1249 0.000002 0.000000 0.000000 0.000002 0.000002 0.000007 0.000007 0.000000 1 1 
1250 0.000013 0.000000 0.000000 0.000013 0.000013 0.000053 0.000053 0.000000 1 1 
1251 0.000043 0.000000 0.000000 0.000043 0.000043 0.000173 0.000173 0.000000 1 1 
1252 0.000093 0.000001 0.000001 0.000093 0.000093 0.000372 0.000372 0.000000 1 1 
1253 0.000163 0.000001 0.000001 0.000163 0.000163 0.000651 0.000651 0.000000 1 1 
1254 0.000253 0.000002 0.000002 0.000252 0.000252 0.001008 0.001008 0.000000 1 1 
1255 0.000363 0.000004 0.000004 0.000361 0.000361 0.001444 0.001444 0.000000 1 1 
1256 0.000493 0.000006 0.000006 0.000490 0.000490 0.001958 0.001958 0.000000 1 1 
1257 0.000643 0.000008 0.000008 0.000638 0.000638 0.002551 0.002551 0.000000 1 1 
1258 0.000813 0.000011 0.000011 0.000805 0.000805 0.003220 0.003220 0.000000 1 1 
1259 0.001003 0.000015 0.000015 0.000992 0.000992 0.003968 0.003968 0.000000 1 1 
1260 0.001213 0.000020 0.000020 0.001198 0.001198 0.004792 0.004792 0.000000 1 1 
1261 0.001443 0.000026 0.000026 0.001423 0.001423 0.005693 0.005693 0.000000 1 1 
1262 0.001693 0.000033 0.000033 0.001667 0.001667 0.006670 0.006670 0.000000 1 1 
1263 0.001963 0.000040 0.000040 0.001931 0.001931 0.007723 0.007723 0.000000 1 1 
1264 0.002253 0.000049 0.000049 0.002213 0.002213 0.008852 0.008852 0.000000 1 1 
1265 0.002563 0.000059 0.000059 0.002514 0.002514 0.010057 0.010057 0.000000 1 1 
1266 0.002893 0.000071 0.000071 0.002834 0.002834 0.011337 0.011337 0.000000 1 1 
1267 0.003243 0.000083 0.000083 0.003173 0.003173 0.012691 0.012691 0.000000 1 1 
1268 0.003613 0.000097 0.000097 0.003530 0.003530 0.014120 0.014120 0.000000 1 1 
1269 0.004003 0.000113 0.000113 0.003906 0.003906 0.015624 0.015624 0.000000 1 1 
1270 0.004413 0.000130 0.000130 0.004300 0.004300 0.017201 0.017201 0.000000 1 1 
1271 0.004843 0.000149 0.000149 0.004713 0.004713 0.018853 0.018853 0.000000 1 1 
1272 0.005293 0.000170 0.000170 0.005144 0.005144 0.020577 0.020577 0.000000 1 1 
1273 0.005763 0.000192 0.000192 0.005594 0.005594 0.022375 0.022375 0.000000 1 1 
1274 0.006253 0.000216 0.000216 0.006061 0.006061 0.024245 0.024245 0.000000 1 1 
1275 0.006763 0.000242 0.000242 0.006547 0.006547 0.026188 0.026188 0.000000 1 1 
1276 0.007293 0.000271 0.000271 0.007051 0.007051 0.028204 0.028204 0.000000 1 1 
1277 0.007843 0.000301 0.000301 0.007573 0.007573 0.030291 0.030291 0.000000 1 1 
1278 0.008413 0.000333 0.000333 0.008112 0.008112 0.032450 0.032450 0.000000 1 1 
1279 0.009003 0.000368 0.000368 0.008670 0.008670 0.034680 0.034680 0.000000 1 1 
1280 0.009613 0.000405 0.000405 0.009245 0.009245 0.036981 0.036981 0.000000 1 1 
1281 0.010243 0.000444 0.000444 0.009838 0.009838 0.039353 0.039353 0.000000 1 1 
1282 0.010893 0.000486 0.000486 0.010449 0.010449 0.041796 0.041796 0.000000 1 1 
1283 0.011563 0.000530 0.000530 0.011077 0.011077 0.044309 0.044309 0.000000 1 1 
1284 0.012253 0.000577 0.000577 0.011723 0.011723 0.046891 0.046891 0.000000 1 1 
1285 0.012963 0.000627 0.000627 0.012386 0.012386 0.049544 0.049544 0.000000 1 1 
1286 0.013693 0.000679 0.000679 0.013066 0.013066 0.052266 0.052266 0.000000 1 1 
1287 0.014443 0.000734 0.000734 0.013764 0.013764 0.055057 0.055057 0.000000 1 1 
1288 0.015213 0.000792 0.000792 0.014479 0.014479 0.057916 0.057916 0.000000 1 1 
1289 0.016003 0.000853 0.000853 0.015211 0.015211 0.060845 0.060845 0.000000 1 1 
1290 0.016813 0.000917 0.000917 0.015960 0.015960 0.063841 0.063841 0.000000 1 1 
1291 0.017643 0.000984 0.000984 0.016727 0.016727 0.066906 0.066906 0.000000 1 1 
1292 0.018493 0.001054 0.001054 0.017510 0.017510 0.070038 0.070038 0.000000 1 1 
1293 0.019363 0.001127 0.001127 0.018310 0.018310 0.073238 0.073238 0.000000 1 1 
1294 0.020253 0.001204 0.001204 0.019126 0.019126 0.076505 0.076505 0.000000 1 1 
1295 0.021163 0.001283 0.001283 0.019960 0.019960 0.079839 0.079839 0.000000 1 1 
1296 0.022093 0.001367 0.001367 0.020810 0.020810 0.083240 0.083240 0.000000 1 1 
1297 0.023043 0.001453 0.001453 0.021677 0.021677 0.086707 0.086707 0.000000 1 1 
1298 0.024013 0.001544 0.001544 0.022560 0.022560 0.090240 0.090240 0.000000 1 1 
1299 0.025002 0.001637 0.001637 0.023458 0.023458 0.093832 0.093832 0.000000 1 1 
1300 0.026000 0.001735 0.001735 0.024363 0.024363 0.097450 0.097450 0.000000 1 1 
1301 0.027000 0.001836 0.001836 0.025265 0.025265 0.101061 0.101061 0.000000 1 1 
1302 0.028000 0.001941 0.001941 0.026164 0.026164 0.104656 0.104656 0.000000 1 1 
1303 0.029000 0.002049 0.002049 0.027059 0.027059 0.108238 0.108238 0.000000 1 1 
1304 0.030000 0.002161 0.002161 0.027951 0.027951 0.111805 0.111805 0.000000 1 1 
1305 0.031000 0.002276 0.002276 0.028839 0.028839 0.115358 0.115358 0.000000 1 1 
1306 0.032000 0.002395 0.002395 0.029724 0.029724 0.118896 0.118896 0.000000 1 1 
1307 0.033000 0.002517 0.002517 0.030605 0.030605 0.122421 0.122421 0.000000 1 1 
1308 0.034000 0.002643 0.002643 0.031483 0.031483 0.125931 0.125931 0.000000 1 1 
1309 0.035000 0.002773 0.002773 0.032357 0.032357 0.129427 0.129427 0.000000 1 1 
1310 0.036000 0.002906 0.002906 0.033227 0.033227 0.132910 0.132910 0.000000 1 1 
1311 0.037000 0.003042 0.003042 0.034094 0.034094 0.136378 0.136378 0.000000 1 1 
1312 0.038000 0.003182 0.003182 0.034958 0.034958 0.139832 0.139832 0.000000 1 1 
1313 0.039000 0.003325 0.003325 0.035818 0.035818 0.143273 0.143273 0.000000 1 1 
1314 0.040000 0.003472 0.003472 0.036675 0.036675 0.146700 0.146700 0.000000 1 1 
1315 0.041000 0.003622 0.003622 0.037528 0.037528 0.150113 0.150113 0.000000 1 1 
1316 0.042000 0.003775 0.003775 0.038378 0.038378 0.153513 0.153513 0.000000 1 1 
1317 0.043000 0.003932 0.003932 0.039225 0.039225 0.156899 0.156899 0.000000 1 1 
1318 0.044000 0.004093 0.004093 0.040068 0.040068 0.160271 0.160271 0.000000 1 1 
1319 0.045000 0.004256 0.004256 0.040907 0.040907 0.163630 0.163630 0.000000 1 1 
1320 0.046000 0.004423 0.004423 0.041744 0.041744 0.166975 0.166975 0.000000 1 1 
1321 0.047000 0.004593 0.004593 0.042577 0.042577 0.170308 0.170308 0.000000 1 1 
1322 0.048000 0.004767 0.004767 0.043407 0.043407 0.173626 0.173626 0.000000 1 1 
1323 0.049000 0.004944 0.004944 0.044233 0.044233 0.176932 0.176932 0.000000 1 1 
1324 0.050000 0.005124 0.005124 0.045056 0.045056 0.180224 0.180224 0.000000 1 1 
1325 0.051000 0.005308 0.005308 0.045876 0.045876 0.183503 0.183503 0.000000 1 1 
1326 0.052000 0.005494 0.005494 0.046692 0.046692 0.186769 0.186769 0.000000 1 1 
1327 0.053000 0.005684 0.005684 0.047506 0.047506 0.190022 0.190022 0.000000 1 1 
1328 0.054000 0.005878 0.005878 0.048316 0.048316 0.193262 0.193262 0.000000 1 1 
1329 0.055000 0.006074 0.006074 0.049122 0.049122 0.196489 0.196489 0.000000 1 1 
1330 0.056000 0.006274 0.006274 0.049926 0.049926 0.199703 0.199703 0.000000 1 1 
1331 0.057000 0.006477 0.006477 0.050726 0.050726 0.202904 0.202904 0.000000 1 1 
1332 0.058000 0.006683 0.006683 0.051523 0.051523 0.206093 0.206093 0.000000 1 1 
1333 0.059000 0.006892 0.006892 0.052317 0.052317 0.209268 0.209268 0.000000 1 1 
1334 0.060000 0.007105 0.007105 0.053108 0.053108 0.212431 0.212431 0.000000 1 1 
1335 0.061000 0.007320 0.007320 0.053895 0.053895 0.215581 0.215581 0.000000 1 1 
1336 0.062000 0.007539 0.007539 0.054680 0.054680 0.218719 0.218719 0.000000 1 1 
1337 0.063000 0.007761 0.007761 0.055461 0.055461 0.221844 0.221844 0.000000 1 1 
1338 0.064000 0.007986 0.007986 0.056239 0.056239 0.224957 0.224957 0.000000 1 1 
1339 0.065000 0.008214 0.008214 0.057014 0.057014 0.228057 0.228057 0.000000 1 1 
1340 0.066000 0.008445 0.008445 0.057786 0.057786 0.231145 0.231145 0.000000 1 1 
1341 0.067000 0.008679 0.008679 0.058555 0.058555 0.234220 0.234220 0.000000 1 1 
1342 0.068000 0.008916 0.008916 0.059321 0.059321 0.237283 0.237283 0.000000 1 1 
1343 0.069000 0.009157 0.009157 0.060084 0.060084 0.240334 0.240334 0.000000 1 1 
1344 0.070000 0.009400 0.009400 0.060843 0.060843 0.243373 0.243373 0.000000 1 1 
1345 0.071000 0.009647 0.009647 0.061600 0.061600 0.246399 0.246399 0.000000 1 1 
1346 0.072000 0.009896 0.009896 0.062353 0.062353 0.249414 0.249414 0.000000 1 1 
1347 0.073000 0.010148 0.010148 0.063104 0.063104 0.252416 0.252416 0.000000 1 1 
1348 0.074000 0.010404 0.010404 0.063852 0.063852 0.255406 0.255406 0.000000 1 1 
1349 0.075000 0.010662 0.010662 0.064596 0.064596 0.258385 0.258385 0.000000 1 1 
1350 0.076000 0.010924 0.010924 0.065338 0.065338 0.261351 0.261351 0.000000 1 1 
1351 0.077000 0.011188 0.011188 0.066076 0.066076 0.264306 0.264306 0.000000 1 1 
1352 0.078000 0.011455 0.011455 0.066812 0.066812 0.267249 0.267249 0.000000 1 1 
1353 0.079000 0.011725 0.011725 0.067545 0.067545 0.270180 0.270180 0.000000 1 1 
1354 0.080000 0.011998 0.011998 0.068275 0.068275 0.273099 0.273099 0.000000 1 1 
1355 0.081000 0.012274 0.012274 0.069002 0.069002 0.276007 0.276007 0.000000 1 1 
1356 0.082000 0.012553 0.012553 0.069726 0.069726 0.278903 0.278903 0.000000 1 1 
1357 0.083000 0.012835 0.012835 0.070447 0.070447 0.281787 0.281787 0.000000 1 1 
1358 0.084000 0.013120 0.013120 0.071165 0.071165 0.284660 0.284660 0.000000 1 1 
1359 0.085000 0.013407 0.013407 0.071880 0.071880 0.287521 0.287521 0.000000 1 1 
1360 0.086000 0.013698 0.013698 0.072593 0.072593 0.290371 0.290371 0.000000 1 1 
1361 0.087000 0.013991 0.013991 0.073302 0.073302 0.293210 0.293210 0.000000 1 1 
1362 0.088000 0.014287 0.014287 0.074009 0.074009 0.296037 0.296037 0.000000 1 1 
1363 0.089000 0.014586 0.014586 0.074713 0.074713 0.298853 0.298853 0.000000 1 1 
1364 0.090000 0.014887 0.014887 0.075414 0.075414 0.301657 0.301657 0.000000 1 1 
1365 0.091000 0.015192 0.015192 0.076113 0.076113 0.304451 0.304451 0.000000 1 1 
1366 0.092000 0.015499 0.015499 0.076808 0.076808 0.307233 0.307233 0.000000 1 1 
1367 0.093000 0.015809 0.015809 0.077501 0.077501 0.310004 0.310004 0.000000 1 1 
1368 0.094000 0.016122 0.016122 0.078191 0.078191 0.312764 0.312764 0.000000 1 1 
1369 0.095000 0.016437 0.016437 0.078878 0.078878 0.315513 0.315513 0.000000 1 1 
1370 0.096000 0.016756 0.016756 0.079563 0.079563 0.318251 0.318251 0.000000 1 1 
1371 0.097000 0.017077 0.017077 0.080244 0.080244 0.320978 0.320978 0.000000 1 1 
1372 0.098000 0.017400 0.017400 0.080923 0.080923 0.323694 0.323694 0.000000 1 1 
1373 0.099000 0.017727 0.017727 0.081600 0.081600 0.326399 0.326399 0.000000 1 1 
1374 0.100000 0.018056 0.018056 0.082273 0.082273 0.329093 0.329093 0.000000 1 1 
1375 0.101000 0.018388 0.018388 0.082944 0.082944 0.331777 0.331777 0.000000 1 1 
1376 0.102000 0.018722 0.018722 0.083612 0.083612 0.334450 0.334450 0.000000 1 1 
1377 0.103000 0.019059 0.019059 0.084278 0.084278 0.337112 0.337112 0.000000 1 1 
1378 0.104000 0.019399 0.019399 0.084941 0.084941 0.339764 0.339764 0.000000 1 1 
1379 0.105000 0.019741 0.019741 0.085601 0.085601 0.342405 0.342405 0.000000 1 1 
1380 0.106000 0.020086 0.020086 0.086259 0.086259 0.345035 0.345035 0.000000 1 1 
1381 0.107000 0.020434 0.020434 0.086914 0.086914 0.347655 0.347655 0.000000 1 1 
1382 0.108000 0.020784 0.020784 0.087566 0.087566 0.350264 0.350264 0.000000 1 1 
1383 0.109000 0.021137 0.021137 0.088216 0.088216 0.352863 0.352863 0.000000 1 1 
1384 0.110000 0.021493 0.021493 0.088863 0.088863 0.355452 0.355452 0.000000 1 1 
1385 0.111000 0.021851 0.021851 0.089507 0.089507 0.358030 0.358030 0.000000 1 1 
1386 0.112000 0.022211 0.022211 0.090149 0.090149 0.360598 0.360598 0.000000 1 1 
1387 0.113000 0.022574 0.022574 0.090789 0.090789 0.363155 0.363155 0.000000 1 1 
1388 0.114000 0.022940 0.022940 0.091426 0.091426 0.365703 0.365703 0.000000 1 1 
1389 0.115000 0.023308 0.023308 0.092060 0.092060 0.368240 0.368240 0.000000 1 1 
1390 0.116000 0.023679 0.023679 0.092692 0.092692 0.370767 0.370767 0.000000 1 1 
1391 0.117000 0.024052 0.024052 0.093321 0.093321 0.373284 0.373284 0.000000 1 1 
1392 0.118000 0.024428 0.024428 0.093948 0.093948 0.375791 0.375791 0.000000 1 1 
1393 0.119000 0.024806 0.024806 0.094572 0.094572 0.378288 0.378288 0.000000 1 1 
1394 0.120000 0.025187 0.025187 0.095194 0.095194 0.380774 0.380774 0.000000 1 1 
1395 0.121000 0.025570 0.025570 0.095813 0.095813 0.383251 0.383251 0.000000 1 1 
1396 0.122000 0.025956 0.025956 0.096430 0.096430 0.385718 0.385718 0.000000 1 1 
1397 0.123000 0.026344 0.026344 0.097044 0.097044 0.388176 0.388176 0.000000 1 1 
1398 0.124000 0.026735 0.026735 0.097656 0.097656 0.390623 0.390623 0.000000 1 1 
1399 0.125000 0.027128 0.027128 0.098265 0.098265 0.393060 0.393060 0.000000 1 1 
1400 0.126000 0.027523 0.027523 0.098872 0.098872 0.395488 0.395488 0.000000 1 1 
1401 0.127000 0.027921 0.027921 0.099477 0.099477 0.397906 0.397906 0.000000 1 1 
1402 0.128000 0.028322 0.028322 0.100079 0.100079 0.400314 0.400314 0.000000 1 1 
1403 0.129000 0.028724 0.028724 0.100678 0.100678 0.402713 0.402713 0.000000 1 1 
1404 0.130000 0.029130 0.029130 0.101276 0.101276 0.405102 0.405102 0.000000 1 1 
1405 0.131000 0.029537 0.029537 0.101870 0.101870 0.407482 0.407482 0.000000 1 1 
1406 0.132000 0.029947 0.029947 0.102463 0.102463 0.409852 0.409852 0.000000 1 1 
1407 0.133000 0.030359 0.030359 0.103053 0.103053 0.412213 0.412213 0.000000 1 1 
1408 0.134000 0.030774 0.030774 0.103641 0.103641 0.414564 0.414564 0.000000 1 1 
1409 0.135000 0.031191 0.031191 0.104226 0.104226 0.416906 0.416906 0.000000 1 1 
1410 0.136000 0.031610 0.031610 0.104809 0.104809 0.419238 0.419238 0.000000 1 1 
1411 0.137000 0.032031 0.032031 0.105390 0.105390 0.421561 0.421561 0.000000 1 1 
1412 0.138000 0.032455 0.032455 0.105969 0.105969 0.423875 0.423875 0.000000 1 1 
1413 0.139000 0.032881 0.032881 0.106545 0.106545 0.426179 0.426179 0.000000 1 1 
1414 0.140000 0.033310 0.033310 0.107119 0.107119 0.428475 0.428475 0.000000 1 1 
1415 0.141000 0.033741 0.033741 0.107690 0.107690 0.430761 0.430761 0.000000 1 1 
1416 0.142000 0.034174 0.034174 0.108259 0.108259 0.433038 0.433038 0.000000 1 1 
1417 0.143000 0.034609 0.034609 0.108826 0.108826 0.435305 0.435305 0.000000 1 1 
1418 0.144000 0.035047 0.035047 0.109391 0.109391 0.437564 0.437564 0.000000 1 1 
1419 0.145000 0.035486 0.035486 0.109953 0.109953 0.439814 0.439814 0.000000 1 1 
1420 0.146000 0.035928 0.035928 0.110514 0.110514 0.442055 0.442055 0.000000 1 1 
1421 0.147000 0.036373 0.036373 0.111072 0.111072 0.444286 0.444286 0.000000 1 1 
1422 0.148000 0.036819 0.036819 0.111627 0.111627 0.446509 0.446509 0.000000 1 1 
1423 0.149000 0.037268 0.037268 0.112181 0.112181 0.448723 0.448723 0.000000 1 1 
1424 0.150000 0.037719 0.037719 0.112732 0.112732 0.450928 0.450928 0.000000 1 1 
1425 0.151000 0.038172 0.038172 0.113281 0.113281 0.453125 0.453125 0.000000 1 1 
1426 0.152000 0.038627 0.038627 0.113828 0.113828 0.455312 0.455312 0.000000 1 1 
1427 0.153000 0.039085 0.039085 0.114373 0.114373 0.457491 0.457491 0.000000 1 1 
1428 0.154000 0.039544 0.039544 0.114915 0.114915 0.459661 0.459661 0.000000 1 1 
1429 0.155000 0.040006 0.040006 0.115456 0.115456 0.461822 0.461822 0.000000 1 1 
1430 0.156000 0.040470 0.040470 0.115994 0.115994 0.463975 0.463975 0.000000 1 1 
1431 0.157000 0.040936 0.040936 0.116530 0.116530 0.466119 0.466119 0.000000 1 1 
1432 0.158000 0.041405 0.041405 0.117064 0.117064 0.468255 0.468255 0.000000 1 1 
1433 0.159000 0.041875 0.041875 0.117595 0.117595 0.470382 0.470382 0.000000 1 1 
1434 0.160000 0.042347 0.042347 0.118125 0.118125 0.472500 0.472500 0.000000 1 1 
1435 0.161000 0.042822 0.042822 0.118653 0.118653 0.474610 0.474610 0.000000 1 1 
1436 0.162000 0.043299 0.043299 0.119178 0.119178 0.476712 0.476712 0.000000 1 1 
1437 0.163000 0.043778 0.043778 0.119701 0.119701 0.478805 0.478805 0.000000 1 1 
1438 0.164000 0.044258 0.044258 0.120222 0.120222 0.480890 0.480890 0.000000 1 1 
1439 0.165000 0.044741 0.044741 0.120742 0.120742 0.482966 0.482966 0.000000 1 1 
1440 0.166000 0.045226 0.045226 0.121259 0.121259 0.485034 0.485034 0.000000 1 1 
1441 0.167000 0.045714 0.045714 0.121774 0.121774 0.487094 0.487094 0.000000 1 1 
1442 0.168000 0.046203 0.046203 0.122286 0.122286 0.489146 0.489146 0.000000 1 1 
1443 0.169000 0.046694 0.046694 0.122797 0.122797 0.491189 0.491189 0.000000 1 1 
1444 0.170000 0.047187 0.047187 0.123306 0.123306 0.493224 0.493224 0.000000 1 1 
1445 0.171000 0.047682 0.047682 0.123813 0.123813 0.495251 0.495251 0.000000 1 1 
1446 0.172000 0.048180 0.048180 0.124318 0.124318 0.497270 0.497270 0.000000 1 1 
1447 0.173000 0.048679 0.048679 0.124820 0.124820 0.499281 0.499281 0.000000 1 1 
1448 0.174000 0.049180 0.049180 0.125321 0.125321 0.501284 0.501284 0.000000 1 1 
1449 0.175000 0.049684 0.049684 0.125820 0.125820 0.503279 0.503279 0.000000 1 1 
1450 0.176000 0.050189 0.050189 0.126316 0.126316 0.505266 0.505266 0.000000 1 1 
1451 0.177000 0.050696 0.050696 0.126811 0.126811 0.507245 0.507245 0.000000 1 1 
1452 0.178000 0.051205 0.051205 0.127304 0.127304 0.509216 0.509216 0.000000 1 1 
1453 0.179000 0.051716 0.051716 0.127795 0.127795 0.511179 0.511179 0.000000 1 1 
1454 0.180000 0.052230 0.052230 0.128284 0.128284 0.513134 0.513134 0.000000 1 1 
1455 0.181000 0.052745 0.052745 0.128770 0.128770 0.515082 0.515082 0.000000 1 1 
1456 0.182000 0.053262 0.053262 0.129255 0.129255 0.517021 0.517021 0.000000 1 1 
1457 0.183000 0.053781 0.053781 0.129738 0.129738 0.518953 0.518953 0.000000 1 1 
1458 0.184000 0.054301 0.054301 0.130219 0.130219 0.520878 0.520878 0.000000 1 1 
1459 0.185000 0.054824 0.054824 0.130699 0.130699 0.522794 0.522794 0.000000 1 1 
1460 0.186000 0.055349 0.055349 0.131176 0.131176 0.524703 0.524703 0.000000 1 1 
1461 0.187000 0.055876 0.055876 0.131651 0.131651 0.526604 0.526604 0.000000 1 1 
1462 0.188000 0.056404 0.056404 0.132124 0.132124 0.528498 0.528498 0.000000 1 1 
1463 0.189000 0.056934 0.056934 0.132596 0.132596 0.530384 0.530384 0.000000 1 1 
1464 0.190000 0.057467 0.057467 0.133066 0.133066 0.532262 0.532262 0.000000 1 1 
1465 0.191000 0.058001 0.058001 0.133533 0.133533 0.534133 0.534133 0.000000 1 1 
1466 0.192000 0.058537 0.058537 0.133999 0.133999 0.535997 0.535997 0.000000 1 1 
1467 0.193000 0.059075 0.059075 0.134463 0.134463 0.537853 0.537853 0.000000 1 1 
1468 0.194000 0.059614 0.059614 0.134925 0.134925 0.539701 0.539701 0.000000 1 1 
1469 0.195000 0.060156 0.060156 0.135386 0.135386 0.541542 0.541542 0.000000 1 1 
1470 0.196000 0.060699 0.060699 0.135844 0.135844 0.543376 0.543376 0.000000 1 1 
1471 0.197000 0.061245 0.061245 0.136301 0.136301 0.545203 0.545203 0.000000 1 1 
1472 0.198000 0.061792 0.061792 0.136755 0.136755 0.547022 0.547022 0.000000 1 1 
1473 0.199000 0.062340 0.062340 0.137208 0.137208 0.548834 0.548834 0.000000 1 1 
1474 0.200000 0.062891 0.062891 0.137660 0.137660 0.550638 0.550638 0.000000 1 1 
1475 0.201000 0.063443 0.063443 0.138109 0.138109 0.552436 0.552436 0.000000 1 1 
1476 0.202000 0.063998 0.063998 0.138557 0.138557 0.554226 0.554226 0.000000 1 1 
1477 0.203000 0.064554 0.064554 0.139002 0.139002 0.556009 0.556009 0.000000 1 1 
1478 0.204000 0.065111 0.065111 0.139446 0.139446 0.557785 0.557785 0.000000 1 1 
1479 0.205000 0.065671 0.065671 0.139889 0.139889 0.559554 0.559554 0.000000 1 1 
1480 0.206000 0.066232 0.066232 0.140329 0.140329 0.561316 0.561316 0.000000 1 1 
1481 0.207000 0.066795 0.066795 0.140768 0.140768 0.563071 0.563071 0.000000 1 1 
1482 0.208000 0.067360 0.067360 0.141205 0.141205 0.564818 0.564818 0.000000 1 1 
1483 0.209000 0.067927 0.067927 0.141640 0.141640 0.566559 0.566559 0.000000 1 1 
1484 0.210000 0.068495 0.068495 0.142073 0.142073 0.568293 0.568293 0.000000 1 1 
1485 0.211000 0.069065 0.069065 0.142505 0.142505 0.570020 0.570020 0.000000 1 1 
1486 0.212000 0.069637 0.069637 0.142935 0.142935 0.571740 0.571740 0.000000 1 1 
1487 0.213000 0.070210 0.070210 0.143363 0.143363 0.573453 0.573453 0.000000 1 1 
1488 0.214000 0.070785 0.070785 0.143790 0.143790 0.575159 0.575159 0.000000 1 1 
1489 0.215000 0.071362 0.071362 0.144215 0.144215 0.576858 0.576858 0.000000 1 1 
1490 0.216000 0.071941 0.071941 0.144638 0.144638 0.578551 0.578551 0.000000 1 1 
1491 0.217000 0.072521 0.072521 0.145059 0.145059 0.580237 0.580237 0.000000 1 1 
1492 0.218000 0.073103 0.073103 0.145479 0.145479 0.581916 0.581916 0.000000 1 1 
1493 0.219000 0.073687 0.073687 0.145897 0.145897 0.583588 0.583588 0.000000 1 1 
1494 0.220000 0.074272 0.074272 0.146313 0.146313 0.585254 0.585254 0.000000 1 1 
1495 0.221000 0.074859 0.074859 0.146728 0.146728 0.586913 0.586913 0.000000 1 1 
1496 0.222000 0.075447 0.075447 0.147141 0.147141 0.588565 0.588565 0.000000 1 1 
1497 0.223000 0.076038 0.076038 0.147553 0.147553 0.590211 0.590211 0.000000 1 1 
1498 0.224000 0.076629 0.076629 0.147962 0.147962 0.591850 0.591850 0.000000 1 1 
1499 0.225000 0.077223 0.077223 0.148371 0.148371 0.593482 0.593482 0.000000 1 1 
1500 0.226000 0.077818 0.077818 0.148777 0.148777 0.595108 0.595108 0.000000 1 1 
1501 0.227000 0.078415 0.078415 0.149182 0.149182 0.596728 0.596728 0.000000 1 1 
1502 0.228000 0.079013 0.079013 0.149585 0.149585 0.598341 0.598341 0.000000 1 1 
1503 0.229000 0.079613 0.079613 0.149987 0.149987 0.599948 0.599948 0.000000 1 1 
1504 0.230000 0.080215 0.080215 0.150387 0.150387 0.601548 0.601548 0.000000 1 1 
1505 0.231000 0.080818 0.080818 0.150785 0.150785 0.603142 0.603142 0.000000 1 1 
1506 0.232000 0.081422 0.081422 0.151182 0.151182 0.604729 0.604729 0.000000 1 1 
1507 0.233000 0.082029 0.082029 0.151578 0.151578 0.606310 0.606310 0.000000 1 1 
1508 0.234000 0.082637 0.082637 0.151971 0.151971 0.607885 0.607885 0.000000 1 1 
1509 0.235000 0.083246 0.083246 0.152363 0.152363 0.609453 0.609453 0.000000 1 1 
1510 0.236000 0.083857 0.083857 0.152754 0.152754 0.611016 0.611016 0.000000 1 1 
1511 0.237000 0.084470 0.084470 0.153143 0.153143 0.612572 0.612572 0.000000 1 1 
1512 0.238000 0.085084 0.085084 0.153530 0.153530 0.614121 0.614121 0.000000 1 1 
1513 0.239000 0.085699 0.085699 0.153916 0.153916 0.615665 0.615665 0.000000 1 1 
1514 0.240000 0.086317 0.086317 0.154301 0.154301 0.617202 0.617202 0.000000 1 1 
1515 0.241000 0.086935 0.086935 0.154683 0.154683 0.618733 0.618733 0.000000 1 1 
1516 0.242000 0.087556 0.087556 0.155065 0.155065 0.620258 0.620258 0.000000 1 1 
1517 0.243000 0.088177 0.088177 0.155444 0.155444 0.621777 0.621777 0.000000 1 1 
1518 0.244000 0.088801 0.088801 0.155823 0.155823 0.623290 0.623290 0.000000 1 1 
1519 0.245000 0.089426 0.089426 0.156199 0.156199 0.624797 0.624797 0.000000 1 1 
1520 0.246000 0.090052 0.090052 0.156574 0.156574 0.626298 0.626298 0.000000 1 1 
1521 0.247000 0.090680 0.090680 0.156948 0.156948 0.627793 0.627793 0.000000 1 1 
1522 0.248000 0.091309 0.091309 0.157320 0.157320 0.629282 0.629282 0.000000 1 1 
1523 0.249000 0.091940 0.091940 0.157691 0.157691 0.630764 0.630764 0.000000 1 1 
1524 0.250000 0.092572 0.092572 0.158060 0.158060 0.632241 0.632241 0.000000 1 1 
1525 0.251000 0.093206 0.093206 0.158428 0.158428 0.633712 0.633712 0.000000 1 1 
1526 0.252000 0.093841 0.093841 0.158794 0.158794 0.635178 0.635178 0.000000 1 1 
1527 0.253000 0.094477 0.094477 0.159159 0.159159 0.636637 0.636637 0.000000 1 1 
1528 0.254000 0.095116 0.095116 0.159523 0.159523 0.638090 0.638090 0.000000 1 1 
1529 0.255000 0.095755 0.095755 0.159884 0.159884 0.639538 0.639538 0.000000 1 1 
1530 0.256000 0.096396 0.096396 0.160245 0.160245 0.640980 0.640980 0.000000 1 1 
1531 0.257000 0.097038 0.097038 0.160604 0.160604 0.642416 0.642416 0.000000 1 1 
1532 0.258000 0.097682 0.097682 0.160962 0.160962 0.643846 0.643846 0.000000 1 1 
1533 0.259000 0.098328 0.098328 0.161318 0.161318 0.645271 0.645271 0.000000 1 1 
1534 0.260000 0.098974 0.098974 0.161672 0.161672 0.646690 0.646690 0.000000 1 1 
1535 0.261000 0.099622 0.099622 0.162026 0.162026 0.648103 0.648103 0.000000 1 1 
1536 0.262000 0.100272 0.100272 0.162378 0.162378 0.649511 0.649511 0.000000 1 1 
1537 0.263000 0.100923 0.100923 0.162728 0.162728 0.650913 0.650913 0.000000 1 1 
1538 0.264000 0.101575 0.101575 0.163077 0.163077 0.652309 0.652309 0.000000 1 1 
1539 0.265000 0.102229 0.102229 0.163425 0.163425 0.653700 0.653700 0.000000 1 1 
1540 0.266000 0.102884 0.102884 0.163771 0.163771 0.655085 0.655085 0.000000 1 1 
1541 0.267000 0.103540 0.103540 0.164116 0.164116 0.656465 0.656465 0.000000 1 1 
1542 0.268000 0.104198 0.104198 0.164460 0.164460 0.657839 0.657839 0.000000 1 1 
1543 0.269000 0.104857 0.104857 0.164802 0.164802 0.659207 0.659207 0.000000 1 1 
1544 0.270000 0.105518 0.105518 0.165143 0.165143 0.660570 0.660570 0.000000 1 1 
1545 0.271000 0.106180 0.106180 0.165482 0.165482 0.661928 0.661928 0.000000 1 1 
1546 0.272000 0.106843 0.106843 0.165820 0.165820 0.663280 0.663280 0.000000 1 1 
1547 0.273000 0.107508 0.107508 0.166157 0.166157 0.664627 0.664627 0.000000 1 1 
1548 0.274000 0.108174 0.108174 0.166492 0.166492 0.665969 0.665969 0.000000 1 1 
1549 0.275000 0.108841 0.108841 0.166826 0.166826 0.667305 0.667305 0.000000 1 1 
1550 0.276000 0.109510 0.109510 0.167159 0.167159 0.668636 0.668636 0.000000 1 1 
1551 0.277000 0.110180 0.110180 0.167490 0.167490 0.669961 0.669961 0.000000 1 1 
1552 0.278000 0.110851 0.110851 0.167820 0.167820 0.671281 0.671281 0.000000 1 1 
1553 0.279000 0.111524 0.111524 0.168149 0.168149 0.672596 0.672596 0.000000 1 1 
1554 0.280000 0.112197 0.112197 0.168476 0.168476 0.673906 0.673906 0.000000 1 1 
1555 0.281000 0.112873 0.112873 0.168803 0.168803 0.675210 0.675210 0.000000 1 1 
1556 0.282000 0.113549 0.113549 0.169127 0.169127 0.676509 0.676509 0.000000 1 1 
1557 0.283000 0.114227 0.114227 0.169451 0.169451 0.677803 0.677803 0.000000 1 1 
1558 0.284000 0.114906 0.114906 0.169773 0.169773 0.679092 0.679092 0.000000 1 1 
1559 0.285000 0.115586 0.115586 0.170094 0.170094 0.680376 0.680376 0.000000 1 1 
1560 0.286000 0.116268 0.116268 0.170414 0.170414 0.681654 0.681654 0.000000 1 1 
1561 0.287000 0.116951 0.116951 0.170732 0.170732 0.682928 0.682928 0.000000 1 1 
1562 0.288000 0.117635 0.117635 0.171049 0.171049 0.684196 0.684196 0.000000 1 1 
1563 0.289000 0.118321 0.118321 0.171365 0.171365 0.685459 0.685459 0.000000 1 1 
1564 0.290000 0.119007 0.119007 0.171679 0.171679 0.686717 0.686717 0.000000 1 1 
1565 0.291000 0.119695 0.119695 0.171993 0.171993 0.687970 0.687970 0.000000 1 1 
1566 0.292000 0.120385 0.120385 0.172305 0.172305 0.689219 0.689219 0.000000 1 1 
1567 0.293000 0.121075 0.121075 0.172615 0.172615 0.690462 0.690462 0.000000 1 1 
1568 0.294000 0.121767 0.121767 0.172925 0.172925 0.691700 0.691700 0.000000 1 1 
1569 0.295000 0.122460 0.122460 0.173233 0.173233 0.692933 0.692933 0.000000 1 1 
1570 0.296000 0.123154 0.123154 0.173540 0.173540 0.694161 0.694161 0.000000 1 1 
1571 0.297000 0.123849 0.123849 0.173846 0.173846 0.695385 0.695385 0.000000 1 1 
1572 0.298000 0.124546 0.124546 0.174151 0.174151 0.696603 0.696603 0.000000 1 1 
1573 0.299000 0.125244 0.125244 0.174454 0.174454 0.697817 0.697817 0.000000 1 1 
1574 0.300000 0.125943 0.125943 0.174756 0.174756 0.699025 0.699025 0.000000 1 1 
1575 0.301000 0.126643 0.126643 0.175057 0.175057 0.700229 0.700229 0.000000 1 1 
1576 0.302000 0.127344 0.127344 0.175357 0.175357 0.701428 0.701428 0.000000 1 1 
1577 0.303000 0.128047 0.128047 0.175656 0.175656 0.702623 0.702623 0.000000 1 1 
1578 0.304000 0.128751 0.128751 0.175953 0.175953 0.703812 0.703812 0.000000 1 1 
1579 0.305000 0.129456 0.129456 0.176249 0.176249 0.704997 0.704997 0.000000 1 1 
1580 0.306000 0.130162 0.130162 0.176544 0.176544 0.706177 0.706177 0.000000 1 1 
1581 0.307000 0.130869 0.130869 0.176838 0.176838 0.707352 0.707352 0.000000 1 1 
1582 0.308000 0.131578 0.131578 0.177131 0.177131 0.708523 0.708523 0.000000 1 1 
1583 0.309000 0.132287 0.132287 0.177422 0.177422 0.709689 0.709689 0.000000 1 1 
1584 0.310000 0.132998 0.132998 0.177713 0.177713 0.710850 0.710850 0.000000 1 1 
1585 0.311000 0.133710 0.133710 0.178002 0.178002 0.712007 0.712007 0.000000 1 1 
1586 0.312000 0.134424 0.134424 0.178290 0.178290 0.713159 0.713159 0.000000 1 1 
1587 0.313000 0.135138 0.135138 0.178576 0.178576 0.714306 0.714306 0.000000 1 1 
1588 0.314000 0.135853 0.135853 0.178862 0.178862 0.715449 0.715449 0.000000 1 1 
1589 0.315000 0.136570 0.136570 0.179147 0.179147 0.716587 0.716587 0.000000 1 1 
1590 0.316000 0.137288 0.137288 0.179430 0.179430 0.717721 0.717721 0.000000 1 1 
1591 0.317000 0.138006 0.138006 0.179712 0.179712 0.718850 0.718850 0.000000 1 1 
1592 0.318000 0.138726 0.138726 0.179994 0.179994 0.719974 0.719974 0.000000 1 1 
1593 0.319000 0.139447 0.139447 0.180274 0.180274 0.721094 0.721094 0.000000 1 1 
1594 0.320000 0.140170 0.140170 0.180553 0.180553 0.722210 0.722210 0.000000 1 1 
1595 0.321000 0.140893 0.140893 0.180830 0.180830 0.723321 0.723321 0.000000 1 1 
1596 0.322000 0.141617 0.141617 0.181107 0.181107 0.724428 0.724428 0.000000 1 1 
1597 0.323000 0.142343 0.142343 0.181383 0.181383 0.725530 0.725530 0.000000 1 1 
1598 0.324000 0.143070 0.143070 0.181657 0.181657 0.726628 0.726628 0.000000 1 1 
1599 0.325000 0.143797 0.143797 0.181930 0.181930 0.727722 0.727722 0.000000 1 1 
1600 0.326000 0.144526 0.144526 0.182203 0.182203 0.728811 0.728811 0.000000 1 1 
1601 0.327000 0.145256 0.145256 0.182474 0.182474 0.729895 0.729895 0.000000 1 1 
1602 0.328000 0.145987 0.145987 0.182744 0.182744 0.730976 0.730976 0.000000 1 1 
1603 0.329000 0.146719 0.146719 0.183013 0.183013 0.732052 0.732052 0.000000 1 1 
1604 0.330000 0.147452 0.147452 0.183281 0.183281 0.733124 0.733124 0.000000 1 1 
1605 0.331000 0.148186 0.148186 0.183548 0.183548 0.734191 0.734191 0.000000 1 1 
1606 0.332000 0.148922 0.148922 0.183814 0.183814 0.735254 0.735254 0.000000 1 1 
1607 0.333000 0.149658 0.149658 0.184078 0.184078 0.736313 0.736313 0.000000 1 1 
1608 0.334000 0.150395 0.150395 0.184342 0.184342 0.737368 0.737368 0.000000 1 1 
1609 0.335000 0.151134 0.151134 0.184605 0.184605 0.738419 0.738419 0.000000 1 1 
1610 0.336000 0.151873 0.151873 0.184866 0.184866 0.739465 0.739465 0.000000 1 1 
1611 0.337000 0.152614 0.152614 0.185127 0.185127 0.740507 0.740507 0.000000 1 1 
1612 0.338000 0.153355 0.153355 0.185386 0.185386 0.741545 0.741545 0.000000 1 1 
1613 0.339000 0.154098 0.154098 0.185645 0.185645 0.742579 0.742579 0.000000 1 1 
1614 0.340000 0.154841 0.154841 0.185902 0.185902 0.743609 0.743609 0.000000 1 1 
1615 0.341000 0.155586 0.155586 0.186159 0.186159 0.744634 0.744634 0.000000 1 1 
1616 0.342000 0.156332 0.156332 0.186414 0.186414 0.745656 0.745656 0.000000 1 1 
1617 0.343000 0.157078 0.157078 0.186668 0.186668 0.746673 0.746673 0.000000 1 1 
1618 0.344000 0.157826 0.157826 0.186922 0.186922 0.747686 0.747686 0.000000 1 1 
1619 0.345000 0.158575 0.158575 0.187174 0.187174 0.748696 0.748696 0.000000 1 1 
1620 0.346000 0.159324 0.159324 0.187425 0.187425 0.749701 0.749701 0.000000 1 1 
1621 0.347000 0.160075 0.160075 0.187676 0.187676 0.750702 0.750702 0.000000 1 1 
1622 0.348000 0.160827 0.160827 0.187925 0.187925 0.751699 0.751699 0.000000 1 1 
1623 0.349000 0.161580 0.161580 0.188173 0.188173 0.752692 0.752692 0.000000 1 1 
1624 0.350000 0.162333 0.162333 0.188420 0.188420 0.753682 0.753682 0.000000 1 1 
1625 0.351000 0.163088 0.163088 0.188667 0.188667 0.754667 0.754667 0.000000 1 1 
1626 0.352000 0.163844 0.163844 0.188912 0.188912 0.755648 0.755648 0.000000 1 1 
1627 0.353000 0.164600 0.164600 0.189156 0.189156 0.756626 0.756626 0.000000 1 1 
1628 0.354000 0.165358 0.165358 0.189400 0.189400 0.757599 0.757599 0.000000 1 1 
1629 0.355000 0.166116 0.166116 0.189642 0.189642 0.758569 0.758569 0.000000 1 1 
1630 0.356000 0.166876 0.166876 0.189884 0.189884 0.759535 0.759535 0.000000 1 1 
1631 0.357000 0.167636 0.167636 0.190124 0.190124 0.760496 0.760496 0.000000 1 1 
1632 0.358000 0.168398 0.168398 0.190364 0.190364 0.761454 0.761454 0.000000 1 1 
1633 0.359000 0.169160 0.169160 0.190602 0.190602 0.762409 0.762409 0.000000 1 1 
1634 0.360000 0.169924 0.169924 0.190840 0.190840 0.763359 0.763359 0.000000 1 1 
1635 0.361000 0.170688 0.170688 0.191076 0.191076 0.764306 0.764306 0.000000 1 1 
1636 0.362000 0.171453 0.171453 0.191312 0.191312 0.765248 0.765248 0.000000 1 1 
1637 0.363000 0.172219 0.172219 0.191547 0.191547 0.766187 0.766187 0.000000 1 1 
1638 0.364000 0.172986 0.172986 0.191781 0.191781 0.767123 0.767123 0.000000 1 1 
1639 0.365000 0.173755 0.173755 0.192014 0.192014 0.768054 0.768054 0.000000 1 1 
1640 0.366000 0.174524 0.174524 0.192245 0.192245 0.768982 0.768982 0.000000 1 1 
1641 0.367000 0.175293 0.175293 0.192476 0.192476 0.769906 0.769906 0.000000 1 1 
1642 0.368000 0.176064 0.176064 0.192707 0.192707 0.770826 0.770826 0.000000 1 1 
1643 0.369000 0.176836 0.176836 0.192936 0.192936 0.771743 0.771743 0.000000 1 1 
1644 0.370000 0.177609 0.177609 0.193164 0.193164 0.772656 0.772656 0.000000 1 1 
1645 0.371000 0.178382 0.178382 0.193391 0.193391 0.773565 0.773565 0.000000 1 1 
1646 0.372000 0.179157 0.179157 0.193618 0.193618 0.774471 0.774471 0.000000 1 1 
1647 0.373000 0.179932 0.179932 0.193843 0.193843 0.775373 0.775373 0.000000 1 1 
1648 0.374000 0.180708 0.180708 0.194068 0.194068 0.776272 0.776272 0.000000 1 1 
1649 0.375000 0.181485 0.181485 0.194292 0.194292 0.777167 0.777167 0.000000 1 1 
1650 0.376000 0.182264 0.182264 0.194515 0.194515 0.778058 0.778058 0.000000 1 1 
1651 0.377000 0.183043 0.183043 0.194736 0.194736 0.778946 0.778946 0.000000 1 1 
1652 0.378000 0.183822 0.183822 0.194957 0.194957 0.779830 0.779830 0.000000 1 1 
1653 0.379000 0.184603 0.184603 0.195178 0.195178 0.780711 0.780711 0.000000 1 1 
1654 0.380000 0.185385 0.185385 0.195397 0.195397 0.781588 0.781588 0.000000 1 1 
1655 0.381000 0.186167 0.186167 0.195615 0.195615 0.782461 0.782461 0.000000 1 1 
1656 0.382000 0.186950 0.186950 0.195833 0.195833 0.783332 0.783332 0.000000 1 1 
1657 0.383000 0.187735 0.187735 0.196050 0.196050 0.784198 0.784198 0.000000 1 1 
1658 0.384000 0.188520 0.188520 0.196265 0.196265 0.785062 0.785062 0.000000 1 1 
1659 0.385000 0.189306 0.189306 0.196480 0.196480 0.785921 0.785921 0.000000 1 1 
1660 0.386000 0.190092 0.190092 0.196694 0.196694 0.786778 0.786778 0.000000 1 1 
1661 0.387000 0.190880 0.190880 0.196908 0.196908 0.787630 0.787630 0.000000 1 1 
1662 0.388000 0.191668 0.191668 0.197120 0.197120 0.788480 0.788480 0.000000 1 1 
1663 0.389000 0.192458 0.192458 0.197332 0.197332 0.789326 0.789326 0.000000 1 1 
1664 0.390000 0.193248 0.193248 0.197542 0.197542 0.790169 0.790169 0.000000 1 1 
1665 0.391000 0.194039 0.194039 0.197752 0.197752 0.791008 0.791008 0.000000 1 1 
1666 0.392000 0.194831 0.194831 0.197961 0.197961 0.791844 0.791844 0.000000 1 1 
1667 0.393000 0.195624 0.195624 0.198169 0.198169 0.792677 0.792677 0.000000 1 1 
1668 0.394000 0.196417 0.196417 0.198376 0.198376 0.793506 0.793506 0.000000 1 1 
1669 0.395000 0.197211 0.197211 0.198583 0.198583 0.794332 0.794332 0.000000 1 1 
1670 0.396000 0.198007 0.198007 0.198789 0.198789 0.795155 0.795155 0.000000 1 1 
1671 0.397000 0.198802 0.198802 0.198993 0.198993 0.795974 0.795974 0.000000 1 1 
1672 0.398000 0.199599 0.199599 0.199198 0.199198 0.796790 0.796790 0.000000 1 1 
1673 0.399000 0.200397 0.200397 0.199401 0.199401 0.797603 0.797603 0.000000 1 1 
1674 0.400000 0.201195 0.201195 0.199603 0.199603 0.798412 0.798412 0.000000 1 1 
1675 0.401000 0.201995 0.201995 0.199805 0.199805 0.799219 0.799219 0.000000 1 1 
1676 0.402000 0.202795 0.202795 0.200005 0.200005 0.800022 0.800022 0.000000 1 1 
1677 0.403000 0.203595 0.203595 0.200205 0.200205 0.800822 0.800822 0.000000 1 1 
1678 0.404000 0.204397 0.204397 0.200405 0.200405 0.801619 0.801619 0.000000 1 1 
1679 0.405000 0.205199 0.205199 0.200603 0.200603 0.802412 0.802412 0.000000 1 1 
1680 0.406000 0.206003 0.206003 0.200801 0.200801 0.803202 0.803202 0.000000 1 1 
1681 0.407000 0.206807 0.206807 0.200997 0.200997 0.803990 0.803990 0.000000 1 1 
1682 0.408000 0.207611 0.207611 0.201193 0.201193 0.804774 0.804774 0.000000 1 1 
1683 0.409000 0.208417 0.208417 0.201389 0.201389 0.805555 0.805555 0.000000 1 1 
1684 0.410000 0.209223 0.209223 0.201583 0.201583 0.806332 0.806332 0.000000 1 1 
1685 0.411000 0.210030 0.210030 0.201777 0.201777 0.807107 0.807107 0.000000 1 1 
1686 0.412000 0.210838 0.210838 0.201970 0.201970 0.807879 0.807879 0.000000 1 1 
1687 0.413000 0.211647 0.211647 0.202162 0.202162 0.808647 0.808647 0.000000 1 1 
1688 0.414000 0.212456 0.212456 0.202353 0.202353 0.809413 0.809413 0.000000 1 1 
1689 0.415000 0.213266 0.213266 0.202544 0.202544 0.810175 0.810175 0.000000 1 1 
1690 0.416000 0.214077 0.214077 0.202734 0.202734 0.810934 0.810934 0.000000 1 1 
1691 0.417000 0.214889 0.214889 0.202923 0.202923 0.811690 0.811690 0.000000 1 1 
1692 0.418000 0.215702 0.215702 0.203111 0.203111 0.812444 0.812444 0.000000 1 1 
1693 0.419000 0.216515 0.216515 0.203298 0.203298 0.813194 0.813194 0.000000 1 1 
1694 0.420000 0.217329 0.217329 0.203485 0.203485 0.813941 0.813941 0.000000 1 1 
1695 0.421000 0.218143 0.218143 0.203671 0.203671 0.814685 0.814685 0.000000 1 1 
1696 0.422000 0.218959 0.218959 0.203857 0.203857 0.815427 0.815427 0.000000 1 1 
1697 0.423000 0.219775 0.219775 0.204041 0.204041 0.816165 0.816165 0.000000 1 1 
1698 0.424000 0.220592 0.220592 0.204225 0.204225 0.816900 0.816900 0.000000 1 1 
1699 0.425000 0.221409 0.221409 0.204408 0.204408 0.817633 0.817633 0.000000 1 1 
1700 0.426000 0.222228 0.222228 0.204591 0.204591 0.818362 0.818362 0.000000 1 1 
1701 0.427000 0.223047 0.223047 0.204772 0.204772 0.819089 0.819089 0.000000 1 1 
1702 0.428000 0.223867 0.223867 0.204953 0.204953 0.819812 0.819812 0.000000 1 1 
1703 0.429000 0.224687 0.224687 0.205133 0.205133 0.820533 0.820533 0.000000 1 1 
1704 0.430000 0.225509 0.225509 0.205313 0.205313 0.821251 0.821251 0.000000 1 1 
1705 0.431000 0.226330 0.226330 0.205491 0.205491 0.821966 0.821966 0.000000 1 1 
1706 0.432000 0.227153 0.227153 0.205670 0.205670 0.822678 0.822678 0.000000 1 1 
1707 0.433000 0.227977 0.227977 0.205847 0.205847 0.823387 0.823387 0.000000 1 1 
1708 0.434000 0.228801 0.228801 0.206023 0.206023 0.824094 0.824094 0.000000 1 1 
1709 0.435000 0.229625 0.229625 0.206199 0.206199 0.824797 0.824797 0.000000 1 1 
1710 0.436000 0.230451 0.230451 0.206375 0.206375 0.825498 0.825498 0.000000 1 1 
1711 0.437000 0.231277 0.231277 0.206549 0.206549 0.826196 0.826196 0.000000 1 1 
1712 0.438000 0.232104 0.232104 0.206723 0.206723 0.826891 0.826891 0.000000 1 1 
1713 0.439000 0.232932 0.232932 0.206896 0.206896 0.827584 0.827584 0.000000 1 1 
1714 0.440000 0.233760 0.233760 0.207068 0.207068 0.828274 0.828274 0.000000 1 1 
1715 0.441000 0.234589 0.234589 0.207240 0.207240 0.828960 0.828960 0.000000 1 1 
1716 0.442000 0.235418 0.235418 0.207411 0.207411 0.829645 0.829645 0.000000 1 1 
1717 0.443000 0.236249 0.236249 0.207582 0.207582 0.830326 0.830326 0.000000 1 1 
1718 0.444000 0.237080 0.237080 0.207751 0.207751 0.831005 0.831005 0.000000 1 1 
1719 0.445000 0.237911 0.237911 0.207920 0.207920 0.831681 0.831681 0.000000 1 1 
1720 0.446000 0.238744 0.238744 0.208089 0.208089 0.832354 0.832354 0.000000 1 1 
1721 0.447000 0.239577 0.239577 0.208256 0.208256 0.833025 0.833025 0.000000 1 1 
1722 0.448000 0.240411 0.240411 0.208423 0.208423 0.833692 0.833692 0.000000 1 1 
1723 0.449000 0.241245 0.241245 0.208589 0.208589 0.834358 0.834358 0.000000 1 1 
1724 0.450000 0.242080 0.242080 0.208755 0.208755 0.835020 0.835020 0.000000 1 1 
1725 0.451000 0.242916 0.242916 0.208920 0.208920 0.835680 0.835680 0.000000 1 1 
1726 0.452000 0.243752 0.243752 0.209084 0.209084 0.836337 0.836337 0.000000 1 1 
1727 0.453000 0.244589 0.244589 0.209248 0.209248 0.836992 0.836992 0.000000 1 1 
1728 0.454000 0.245427 0.245427 0.209411 0.209411 0.837644 0.837644 0.000000 1 1 
1729 0.455000 0.246265 0.246265 0.209573 0.209573 0.838294 0.838294 0.000000 1 1 
1730 0.456000 0.247104 0.247104 0.209735 0.209735 0.838940 0.838940 0.000000 1 1 
1731 0.457000 0.247943 0.247943 0.209896 0.209896 0.839585 0.839585 0.000000 1 1 
1732 0.458000 0.248784 0.248784 0.210057 0.210057 0.840226 0.840226 0.000000 1 1 
1733 0.459000 0.249625 0.249625 0.210216 0.210216 0.840865 0.840865 0.000000 1 1 
1734 0.460000 0.250466 0.250466 0.210375 0.210375 0.841502 0.841502 0.000000 1 1 
1735 0.461000 0.251308 0.251308 0.210534 0.210534 0.842136 0.842136 0.000000 1 1 
1736 0.462000 0.252151 0.252151 0.210692 0.210692 0.842767 0.842767 0.000000 1 1 
1737 0.463000 0.252994 0.252994 0.210849 0.210849 0.843396 0.843396 0.000000 1 1 
1738 0.464000 0.253838 0.253838 0.211006 0.211006 0.844023 0.844023 0.000000 1 1 
1739 0.465000 0.254683 0.254683 0.211162 0.211162 0.844647 0.844647 0.000000 1 1 
1740 0.466000 0.255528 0.255528 0.211317 0.211317 0.845268 0.845268 0.000000 1 1 
1741 0.467000 0.256374 0.256374 0.211472 0.211472 0.845887 0.845887 0.000000 1 1 
1742 0.468000 0.257221 0.257221 0.211626 0.211626 0.846503 0.846503 0.000000 1 1 
1743 0.469000 0.258068 0.258068 0.211779 0.211779 0.847117 0.847117 0.000000 1 1 
1744 0.470000 0.258915 0.258915 0.211932 0.211932 0.847729 0.847729 0.000000 1 1 
1745 0.471000 0.259764 0.259764 0.212085 0.212085 0.848338 0.848338 0.000000 1 1 
1746 0.472000 0.260613 0.260613 0.212236 0.212236 0.848945 0.848945 0.000000 1 1 
1747 0.473000 0.261462 0.261462 0.212387 0.212387 0.849549 0.849549 0.000000 1 1 
1748 0.474000 0.262312 0.262312 0.212538 0.212538 0.850151 0.850151 0.000000 1 1 
1749 0.475000 0.263163 0.263163 0.212688 0.212688 0.850750 0.850750 0.000000 1 1 
1750 0.476000 0.264015 0.264015 0.212837 0.212837 0.851347 0.851347 0.000000 1 1 
1751 0.477000 0.264867 0.264867 0.212985 0.212985 0.851942 0.851942 0.000000 1 1 
1752 0.478000 0.265719 0.265719 0.213133 0.213133 0.852534 0.852534 0.000000 1 1 
1753 0.479000 0.266572 0.266572 0.213281 0.213281 0.853124 0.853124 0.000000 1 1 
1754 0.480000 0.267426 0.267426 0.213428 0.213428 0.853711 0.853711 0.000000 1 1 
1755 0.481000 0.268280 0.268280 0.213574 0.213574 0.854296 0.854296 0.000000 1 1 
1756 0.482000 0.269135 0.269135 0.213720 0.213720 0.854879 0.854879 0.000000 1 1 
1757 0.483000 0.269991 0.269991 0.213865 0.213865 0.855460 0.855460 0.000000 1 1 
1758 0.484000 0.270847 0.270847 0.214009 0.214009 0.856038 0.856038 0.000000 1 1 
1759 0.485000 0.271703 0.271703 0.214153 0.214153 0.856614 0.856614 0.000000 1 1 
1760 0.486000 0.272560 0.272560 0.214297 0.214297 0.857187 0.857187 0.000000 1 1 
1761 0.487000 0.273418 0.273418 0.214440 0.214440 0.857759 0.857759 0.000000 1 1 
1762 0.488000 0.274276 0.274276 0.214582 0.214582 0.858328 0.858328 0.000000 1 1 
1763 0.489000 0.275135 0.275135 0.214724 0.214724 0.858894 0.858894 0.000000 1 1 
1764 0.490000 0.275995 0.275995 0.214865 0.214865 0.859459 0.859459 0.000000 1 1 
1765 0.491000 0.276855 0.276855 0.215005 0.215005 0.860021 0.860021 0.000000 1 1 
1766 0.492000 0.277715 0.277715 0.215145 0.215145 0.860581 0.860581 0.000000 1 1 
1767 0.493000 0.278577 0.278577 0.215285 0.215285 0.861138 0.861138 0.000000 1 1 
1768 0.494000 0.279438 0.279438 0.215423 0.215423 0.861694 0.861694 0.000000 1 1 
1769 0.495000 0.280300 0.280300 0.215562 0.215562 0.862247 0.862247 0.000000 1 1 
1770 0.496000 0.281163 0.281163 0.215700 0.215700 0.862798 0.862798 0.000000 1 1 
1771 0.497000 0.282027 0.282027 0.215837 0.215837 0.863347 0.863347 0.000000 1 1 
1772 0.498000 0.282891 0.282891 0.215973 0.215973 0.863894 0.863894 0.000000 1 1 
1773 0.499000 0.283755 0.283755 0.216109 0.216109 0.864438 0.864438 0.000000 1 1 
1774 0.500000 0.284620 0.284620 0.216245 0.216245 0.864980 0.864980 0.000000 1 1 
1775 0.501000 0.285485 0.285485 0.216380 0.216380 0.865520 0.865520 0.000000 1 1 
1776 0.502000 0.286352 0.286352 0.216515 0.216515 0.866058 0.866058 0.000000 1 1 
1777 0.503000 0.287218 0.287218 0.216648 0.216648 0.866594 0.866594 0.000000 1 1 
1778 0.504000 0.288085 0.288085 0.216782 0.216782 0.867128 0.867128 0.000000 1 1 
1779 0.505000 0.288953 0.288953 0.216915 0.216915 0.867659 0.867659 0.000000 1 1 
1780 0.506000 0.289821 0.289821 0.217047 0.217047 0.868188 0.868188 0.000000 1 1 
1781 0.507000 0.290690 0.290690 0.217179 0.217179 0.868716 0.868716 0.000000 1 1 
1782 0.508000 0.291559 0.291559 0.217310 0.217310 0.869241 0.869241 0.000000 1 1 
1783 0.509000 0.292429 0.292429 0.217441 0.217441 0.869764 0.869764 0.000000 1 1 
1784 0.510000 0.293299 0.293299 0.217571 0.217571 0.870285 0.870285 0.000000 1 1 
1785 0.511000 0.294170 0.294170 0.217701 0.217701 0.870804 0.870804 0.000000 1 1 
1786 0.512000 0.295041 0.295041 0.217830 0.217830 0.871320 0.871320 0.000000 1 1 
1787 0.513000 0.295913 0.295913 0.217959 0.217959 0.871835 0.871835 0.000000 1 1 
1788 0.514000 0.296785 0.296785 0.218087 0.218087 0.872348 0.872348 0.000000 1 1 
1789 0.515000 0.297658 0.297658 0.218215 0.218215 0.872858 0.872858 0.000000 1 1 
1790 0.516000 0.298532 0.298532 0.218342 0.218342 0.873367 0.873367 0.000000 1 1 
1791 0.517000 0.299405 0.299405 0.218468 0.218468 0.873874 0.873874 0.000000 1 1 
1792 0.518000 0.300280 0.300280 0.218595 0.218595 0.874378 0.874378 0.000000 1 1 
1793 0.519000 0.301155 0.301155 0.218720 0.218720 0.874881 0.874881 0.000000 1 1 
1794 0.520000 0.302030 0.302030 0.218845 0.218845 0.875381 0.875381 0.000000 1 1 
1795 0.521000 0.302906 0.302906 0.218970 0.218970 0.875879 0.875879 0.000000 1 1 
1796 0.522000 0.303782 0.303782 0.219094 0.219094 0.876376 0.876376 0.000000 1 1 
1797 0.523000 0.304659 0.304659 0.219218 0.219218 0.876870 0.876870 0.000000 1 1 
1798 0.524000 0.305537 0.305537 0.219341 0.219341 0.877363 0.877363 0.000000 1 1 
1799 0.525000 0.306414 0.306414 0.219463 0.219463 0.877854 0.877854 0.000000 1 1 
1800 0.526000 0.307293 0.307293 0.219586 0.219586 0.878342 0.878342 0.000000 1 1 
1801 0.527000 0.308172 0.308172 0.219707 0.219707 0.878829 0.878829 0.000000 1 1 
1802 0.528000 0.309051 0.309051 0.219828 0.219828 0.879313 0.879313 0.000000 1 1 
1803 0.529000 0.309931 0.309931 0.219949 0.219949 0.879796 0.879796 0.000000 1 1 
1804 0.530000 0.310811 0.310811 0.220069 0.220069 0.880277 0.880277 0.000000 1 1 
1805 0.531000 0.311692 0.311692 0.220189 0.220189 0.880756 0.880756 0.000000 1 1 
1806 0.532000 0.312573 0.312573 0.220308 0.220308 0.881233 0.881233 0.000000 1 1 
1807 0.533000 0.313455 0.313455 0.220427 0.220427 0.881708 0.881708 0.000000 1 1 
1808 0.534000 0.314337 0.314337 0.220545 0.220545 0.882181 0.882181 0.000000 1 1 
1809 0.535000 0.315220 0.315220 0.220663 0.220663 0.882652 0.882652 0.000000 1 1 
1810 0.536000 0.316103 0.316103 0.220780 0.220780 0.883122 0.883122 0.000000 1 1 
1811 0.537000 0.316986 0.316986 0.220897 0.220897 0.883589 0.883589 0.000000 1 1 
1812 0.538000 0.317870 0.317870 0.221014 0.221014 0.884055 0.884055 0.000000 1 1 
1813 0.539000 0.318755 0.318755 0.221130 0.221130 0.884519 0.884519 0.000000 1 1 
1814 0.540000 0.319640 0.319640 0.221245 0.221245 0.884981 0.884981 0.000000 1 1 
1815 0.541000 0.320525 0.320525 0.221360 0.221360 0.885441 0.885441 0.000000 1 1 
1816 0.542000 0.321411 0.321411 0.221475 0.221475 0.885899 0.885899 0.000000 1 1 
1817 0.543000 0.322298 0.322298 0.221589 0.221589 0.886355 0.886355 0.000000 1 1 
1818 0.544000 0.323184 0.323184 0.221702 0.221702 0.886810 0.886810 0.000000 1 1 
1819 0.545000 0.324072 0.324072 0.221816 0.221816 0.887263 0.887263 0.000000 1 1 
1820 0.546000 0.324959 0.324959 0.221928 0.221928 0.887714 0.887714 0.000000 1 1 
1821 0.547000 0.325847 0.325847 0.222041 0.222041 0.888163 0.888163 0.000000 1 1 
1822 0.548000 0.326736 0.326736 0.222153 0.222153 0.888610 0.888610 0.000000 1 1 
1823 0.549000 0.327625 0.327625 0.222264 0.222264 0.889056 0.889056 0.000000 1 1 
1824 0.550000 0.328515 0.328515 0.222375 0.222375 0.889499 0.889499 0.000000 1 1 
1825 0.551000 0.329405 0.329405 0.222485 0.222485 0.889941 0.889941 0.000000 1 1 
1826 0.552000 0.330295 0.330295 0.222595 0.222595 0.890382 0.890382 0.000000 1 1 
1827 0.553000 0.331186 0.331186 0.222705 0.222705 0.890820 0.890820 0.000000 1 1 
1828 0.554000 0.332077 0.332077 0.222814 0.222814 0.891257 0.891257 0.000000 1 1 
1829 0.555000 0.332969 0.332969 0.222923 0.222923 0.891692 0.891692 0.000000 1 1 
1830 0.556000 0.333861 0.333861 0.223031 0.223031 0.892125 0.892125 0.000000 1 1 
1831 0.557000 0.334753 0.334753 0.223139 0.223139 0.892557 0.892557 0.000000 1 1 
1832 0.558000 0.335646 0.335646 0.223247 0.223247 0.892986 0.892986 0.000000 1 1 
1833 0.559000 0.336540 0.336540 0.223354 0.223354 0.893414 0.893414 0.000000 1 1 
1834 0.560000 0.337434 0.337434 0.223460 0.223460 0.893841 0.893841 0.000000 1 1 
1835 0.561000 0.338328 0.338328 0.223566 0.223566 0.894265 0.894265 0.000000 1 1 
1836 0.562000 0.339223 0.339223 0.223672 0.223672 0.894688 0.894688 0.000000 1 1 
1837 0.563000 0.340118 0.340118 0.223777 0.223777 0.895110 0.895110 0.000000 1 1 
1838 0.564000 0.341013 0.341013 0.223882 0.223882 0.895529 0.895529 0.000000 1 1 
1839 0.565000 0.341909 0.341909 0.223987 0.223987 0.895947 0.895947 0.000000 1 1 
1840 0.566000 0.342806 0.342806 0.224091 0.224091 0.896363 0.896363 0.000000 1 1 
1841 0.567000 0.343702 0.343702 0.224194 0.224194 0.896778 0.896778 0.000000 1 1 
1842 0.568000 0.344600 0.344600 0.224298 0.224298 0.897191 0.897191 0.000000 1 1 
1843 0.569000 0.345497 0.345497 0.224400 0.224400 0.897602 0.897602 0.000000 1 1 
1844 0.570000 0.346395 0.346395 0.224503 0.224503 0.898012 0.898012 0.000000 1 1 
1845 0.571000 0.347294 0.347294 0.224605 0.224605 0.898419 0.898419 0.000000 1 1 
1846 0.572000 0.348192 0.348192 0.224706 0.224706 0.898826 0.898826 0.000000 1 1 
1847 0.573000 0.349092 0.349092 0.224808 0.224808 0.899230 0.899230 0.000000 1 1 
1848 0.574000 0.349991 0.349991 0.224908 0.224908 0.899634 0.899634 0.000000 1 1 
1849 0.575000 0.350891 0.350891 0.225009 0.225009 0.900035 0.900035 0.000000 1 1 
1850 0.576000 0.351792 0.351792 0.225109 0.225109 0.900435 0.900435 0.000000 1 1 
1851 0.577000 0.352693 0.352693 0.225208 0.225208 0.900833 0.900833 0.000000 1 1 
1852 0.578000 0.353594 0.353594 0.225307 0.225307 0.901230 0.901230 0.000000 1 1 
1853 0.579000 0.354495 0.354495 0.225406 0.225406 0.901625 0.901625 0.000000 1 1 
1854 0.580000 0.355397 0.355397 0.225505 0.225505 0.902018 0.902018 0.000000 1 1 
1855 0.581000 0.356300 0.356300 0.225603 0.225603 0.902410 0.902410 0.000000 1 1 
1856 0.582000 0.357203 0.357203 0.225700 0.225700 0.902801 0.902801 0.000000 1 1 
1857 0.583000 0.358106 0.358106 0.225797 0.225797 0.903189 0.903189 0.000000 1 1 
1858 0.584000 0.359009 0.359009 0.225894 0.225894 0.903577 0.903577 0.000000 1 1 
1859 0.585000 0.359913 0.359913 0.225991 0.225991 0.903962 0.903962 0.000000 1 1 
1860 0.586000 0.360818 0.360818 0.226087 0.226087 0.904347 0.904347 0.000000 1 1 
1861 0.587000 0.361722 0.361722 0.226182 0.226182 0.904729 0.904729 0.000000 1 1 
1862 0.588000 0.362628 0.362628 0.226278 0.226278 0.905110 0.905110 0.000000 1 1 
1863 0.589000 0.363533 0.363533 0.226372 0.226372 0.905490 0.905490 0.000000 1 1 
1864 0.590000 0.364439 0.364439 0.226467 0.226467 0.905868 0.905868 0.000000 1 1 
1865 0.591000 0.365345 0.365345 0.226561 0.226561 0.906244 0.906244 0.000000 1 1 
1866 0.592000 0.366252 0.366252 0.226655 0.226655 0.906619 0.906619 0.000000 1 1 
1867 0.593000 0.367159 0.367159 0.226748 0.226748 0.906993 0.906993 0.000000 1 1 
1868 0.594000 0.368066 0.368066 0.226841 0.226841 0.907365 0.907365 0.000000 1 1 
1869 0.595000 0.368974 0.368974 0.226934 0.226934 0.907736 0.907736 0.000000 1 1 
1870 0.596000 0.369882 0.369882 0.227026 0.227026 0.908105 0.908105 0.000000 1 1 
1871 0.597000 0.370790 0.370790 0.227118 0.227118 0.908472 0.908472 0.000000 1 1 
1872 0.598000 0.371699 0.371699 0.227210 0.227210 0.908838 0.908838 0.000000 1 1 
1873 0.599000 0.372608 0.372608 0.227301 0.227301 0.909203 0.909203 0.000000 1 1 
1874 0.600000 0.373518 0.373518 0.227392 0.227392 0.909566 0.909566 0.000000 1 1 
1875 0.601000 0.374428 0.374428 0.227482 0.227482 0.909928 0.909928 0.000000 1 1 
1876 0.602000 0.375338 0.375338 0.227572 0.227572 0.910288 0.910288 0.000000 1 1 
1877 0.603000 0.376249 0.376249 0.227662 0.227662 0.910647 0.910647 0.000000 1 1 
1878 0.604000 0.377160 0.377160 0.227751 0.227751 0.911004 0.911004 0.000000 1 1 
1879 0.605000 0.378071 0.378071 0.227840 0.227840 0.911360 0.911360 0.000000 1 1 
1880 0.606000 0.378983 0.378983 0.227929 0.227929 0.911715 0.911715 0.000000 1 1 
1881 0.607000 0.379895 0.379895 0.228017 0.228017 0.912068 0.912068 0.000000 1 1 
1882 0.608000 0.380807 0.380807 0.228105 0.228105 0.912420 0.912420 0.000000 1 1 
1883 0.609000 0.381720 0.381720 0.228193 0.228193 0.912770 0.912770 0.000000 1 1 
1884 0.610000 0.382633 0.382633 0.228280 0.228280 0.913119 0.913119 0.000000 1 1 
1885 0.611000 0.383547 0.383547 0.228367 0.228367 0.913467 0.913467 0.000000 1 1 
1886 0.612000 0.384461 0.384461 0.228453 0.228453 0.913813 0.913813 0.000000 1 1 
1887 0.613000 0.385375 0.385375 0.228539 0.228539 0.914157 0.914157 0.000000 1 1 
1888 0.614000 0.386289 0.386289 0.228625 0.228625 0.914501 0.914501 0.000000 1 1 
1889 0.615000 0.387204 0.387204 0.228711 0.228711 0.914843 0.914843 0.000000 1 1 
1890 0.616000 0.388119 0.388119 0.228796 0.228796 0.915183 0.915183 0.000000 1 1 
1891 0.617000 0.389035 0.389035 0.228881 0.228881 0.915523 0.915523 0.000000 1 1 
1892 0.618000 0.389951 0.389951 0.228965 0.228965 0.915861 0.915861 0.000000 1 1 
1893 0.619000 0.390867 0.390867 0.229049 0.229049 0.916197 0.916197 0.000000 1 1 
1894 0.620000 0.391783 0.391783 0.229133 0.229133 0.916532 0.916532 0.000000 1 1 
1895 0.621000 0.392700 0.392700 0.229217 0.229217 0.916866 0.916866 0.000000 1 1 
1896 0.622000 0.393618 0.393618 0.229300 0.229300 0.917199 0.917199 0.000000 1 1 
1897 0.623000 0.394535 0.394535 0.229382 0.229382 0.917530 0.917530 0.000000 1 1 
1898 0.624000 0.395453 0.395453 0.229465 0.229465 0.917860 0.917860 0.000000 1 1 
1899 0.625000 0.396371 0.396371 0.229547 0.229547 0.918188 0.918188 0.000000 1 1 
1900 0.626000 0.397290 0.397290 0.229629 0.229629 0.918516 0.918516 0.000000 1 1 
1901 0.627000 0.398208 0.398208 0.229710 0.229710 0.918842 0.918842 0.000000 1 1 
1902 0.628000 0.399128 0.399128 0.229792 0.229792 0.919166 0.919166 0.000000 1 1 
1903 0.629000 0.400047 0.400047 0.229872 0.229872 0.919490 0.919490 0.000000 1 1 
1904 0.630000 0.400967 0.400967 0.229953 0.229953 0.919812 0.919812 0.000000 1 1 
1905 0.631000 0.401887 0.401887 0.230033 0.230033 0.920132 0.920132 0.000000 1 1 
1906 0.632000 0.402807 0.402807 0.230113 0.230113 0.920452 0.920452 0.000000 1 1 
1907 0.633000 0.403728 0.403728 0.230193 0.230193 0.920770 0.920770 0.000000 1 1 
1908 0.634000 0.404649 0.404649 0.230272 0.230272 0.921087 0.921087 0.000000 1 1 
1909 0.635000 0.405571 0.405571 0.230351 0.230351 0.921403 0.921403 0.000000 1 1 
1910 0.636000 0.406492 0.406492 0.230429 0.230429 0.921717 0.921717 0.000000 1 1 
1911 0.637000 0.407414 0.407414 0.230508 0.230508 0.922030 0.922030 0.000000 1 1 
1912 0.638000 0.408337 0.408337 0.230586 0.230586 0.922342 0.922342 0.000000 1 1 
1913 0.639000 0.409259 0.409259 0.230663 0.230663 0.922653 0.922653 0.000000 1 1 
1914 0.640000 0.410182 0.410182 0.230741 0.230741 0.922962 0.922962 0.000000 1 1 
1915 0.641000 0.411106 0.411106 0.230818 0.230818 0.923270 0.923270 0.000000 1 1 
1916 0.642000 0.412029 0.412029 0.230894 0.230894 0.923577 0.923577 0.000000 1 1 
1917 0.643000 0.412953 0.412953 0.230971 0.230971 0.923883 0.923883 0.000000 1 1 
1918 0.644000 0.413877 0.413877 0.231047 0.231047 0.924187 0.924187 0.000000 1 1 
1919 0.645000 0.414802 0.414802 0.231123 0.231123 0.924491 0.924491 0.000000 1 1 
1920 0.646000 0.415727 0.415727 0.231198 0.231198 0.924793 0.924793 0.000000 1 1 
1921 0.647000 0.416652 0.416652 0.231273 0.231273 0.925093 0.925093 0.000000 1 1 
1922 0.648000 0.417577 0.417577 0.231348 0.231348 0.925393 0.925393 0.000000 1 1 
1923 0.649000 0.418503 0.418503 0.231423 0.231423 0.925691 0.925691 0.000000 1 1 
1924 0.650000 0.419429 0.419429 0.231497 0.231497 0.925989 0.925989 0.000000 1 1 
1925 0.651000 0.420355 0.420355 0.231571 0.231571 0.926285 0.926285 0.000000 1 1 
1926 0.652000 0.421282 0.421282 0.231645 0.231645 0.926580 0.926580 0.000000 1 1 
1927 0.653000 0.422209 0.422209 0.231718 0.231718 0.926873 0.926873 0.000000 1 1 
1928 0.654000 0.423136 0.423136 0.231791 0.231791 0.927166 0.927166 0.000000 1 1 
1929 0.655000 0.424063 0.424063 0.231864 0.231864 0.927457 0.927457 0.000000 1 1 
1930 0.656000 0.424991 0.424991 0.231937 0.231937 0.927747 0.927747 0.000000 1 1 
1931 0.657000 0.425919 0.425919 0.232009 0.232009 0.928036 0.928036 0.000000 1 1 
1932 0.658000 0.426847 0.426847 0.232081 0.232081 0.928324 0.928324 0.000000 1 1 
1933 0.659000 0.427776 0.427776 0.232153 0.232153 0.928611 0.928611 0.000000 1 1 
1934 0.660000 0.428705 0.428705 0.232224 0.232224 0.928896 0.928896 0.000000 1 1 
1935 0.661000 0.429634 0.429634 0.232295 0.232295 0.929181 0.929181 0.000000 1 1 
1936 0.662000 0.430563 0.430563 0.232366 0.232366 0.929464 0.929464 0.000000 1 1 
1937 0.663000 0.431493 0.431493 0.232437 0.232437 0.929746 0.929746 0.000000 1 1 
1938 0.664000 0.432423 0.432423 0.232507 0.232507 0.930027 0.930027 0.000000 1 1 
1939 0.665000 0.433354 0.433354 0.232577 0.232577 0.930307 0.930307 0.000000 1 1 
1940 0.666000 0.434284 0.434284 0.232646 0.232646 0.930586 0.930586 0.000000 1 1 
1941 0.667000 0.435215 0.435215 0.232716 0.232716 0.930864 0.930864 0.000000 1 1 
1942 0.668000 0.436146 0.436146 0.232785 0.232785 0.931140 0.931140 0.000000 1 1 
1943 0.669000 0.437078 0.437078 0.232854 0.232854 0.931416 0.931416 0.000000 1 1 
1944 0.670000 0.438009 0.438009 0.232922 0.232922 0.931690 0.931690 0.000000 1 1 
1945 0.671000 0.438941 0.438941 0.232991 0.232991 0.931963 0.931963 0.000000 1 1 
1946 0.672000 0.439873 0.439873 0.233059 0.233059 0.932235 0.932235 0.000000 1 1 
1947 0.673000 0.440806 0.440806 0.233127 0.233127 0.932506 0.932506 0.000000 1 1 
1948 0.674000 0.441739 0.441739 0.233194 0.233194 0.932776 0.932776 0.000000 1 1 
1949 0.675000 0.442672 0.442672 0.233261 0.233261 0.933045 0.933045 0.000000 1 1 
1950 0.676000 0.443605 0.443605 0.233328 0.233328 0.933313 0.933313 0.000000 1 1 
1951 0.677000 0.444539 0.444539 0.233395 0.233395 0.933580 0.933580 0.000000 1 1 
1952 0.678000 0.445472 0.445472 0.233461 0.233461 0.933845 0.933845 0.000000 1 1 
1953 0.679000 0.446407 0.446407 0.233528 0.233528 0.934110 0.934110 0.000000 1 1 
1954 0.680000 0.447341 0.447341 0.233593 0.233593 0.934374 0.934374 0.000000 1 1 
1955 0.681000 0.448276 0.448276 0.233659 0.233659 0.934636 0.934636 0.000000 1 1 
1956 0.682000 0.449210 0.449210 0.233724 0.233724 0.934898 0.934898 0.000000 1 1 
1957 0.683000 0.450146 0.450146 0.233790 0.233790 0.935158 0.935158 0.000000 1 1 
1958 0.684000 0.451081 0.451081 0.233854 0.233854 0.935417 0.935417 0.000000 1 1 
1959 0.685000 0.452017 0.452017 0.233919 0.233919 0.935676 0.935676 0.000000 1 1 
1960 0.686000 0.452953 0.452953 0.233983 0.233983 0.935933 0.935933 0.000000 1 1 
1961 0.687000 0.453889 0.453889 0.234047 0.234047 0.936189 0.936189 0.000000 1 1 
1962 0.688000 0.454825 0.454825 0.234111 0.234111 0.936445 0.936445 0.000000 1 1 
1963 0.689000 0.455762 0.455762 0.234175 0.234175 0.936699 0.936699 0.000000 1 1 
1964 0.690000 0.456699 0.456699 0.234238 0.234238 0.936952 0.936952 0.000000 1 1 
1965 0.691000 0.457636 0.457636 0.234301 0.234301 0.937204 0.937204 0.000000 1 1 
1966 0.692000 0.458574 0.458574 0.234364 0.234364 0.937455 0.937455 0.000000 1 1 
1967 0.693000 0.459511 0.459511 0.234426 0.234426 0.937705 0.937705 0.000000 1 1 
1968 0.694000 0.460449 0.460449 0.234489 0.234489 0.937955 0.937955 0.000000 1 1 
1969 0.695000 0.461387 0.461387 0.234551 0.234551 0.938203 0.938203 0.000000 1 1 
1970 0.696000 0.462326 0.462326 0.234613 0.234613 0.938450 0.938450 0.000000 1 1 
1971 0.697000 0.463265 0.463265 0.234674 0.234674 0.938696 0.938696 0.000000 1 1 
1972 0.698000 0.464204 0.464204 0.234735 0.234735 0.938941 0.938941 0.000000 1 1 
1973 0.699000 0.465143 0.465143 0.234796 0.234796 0.939186 0.939186 0.000000 1 1 
1974 0.700000 0.466082 0.466082 0.234857 0.234857 0.939429 0.939429 0.000000 1 1 
1975 0.701000 0.467022 0.467022 0.234918 0.234918 0.939671 0.939671 0.000000 1 1 
1976 0.702000 0.467962 0.467962 0.234978 0.234978 0.939913 0.939913 0.000000 1 1 
1977 0.703000 0.468902 0.468902 0.235038 0.235038 0.940153 0.940153 0.000000 1 1 
1978 0.704000 0.469842 0.469842 0.235098 0.235098 0.940392 0.940392 0.000000 1 1 
1979 0.705000 0.470783 0.470783 0.235158 0.235158 0.940631 0.940631 0.000000 1 1 
1980 0.706000 0.471724 0.471724 0.235217 0.235217 0.940868 0.940868 0.000000 1 1 
1981 0.707000 0.472665 0.472665 0.235276 0.235276 0.941105 0.941105 0.000000 1 1 
1982 0.708000 0.473606 0.473606 0.235335 0.235335 0.941340 0.941340 0.000000 1 1 
1983 0.709000 0.474548 0.474548 0.235394 0.235394 0.941575 0.941575 0.000000 1 1 
1984 0.710000 0.475490 0.475490 0.235452 0.235452 0.941809 0.941809 0.000000 1 1 
1985 0.711000 0.476432 0.476432 0.235510 0.235510 0.942041 0.942041 0.000000 1 1 
1986 0.712000 0.477374 0.477374 0.235568 0.235568 0.942273 0.942273 0.000000 1 1 
1987 0.713000 0.478316 0.478316 0.235626 0.235626 0.942504 0.942504 0.000000 1 1 
1988 0.714000 0.479259 0.479259 0.235684 0.235684 0.942734 0.942734 0.000000 1 1 
1989 0.715000 0.480202 0.480202 0.235741 0.235741 0.942963 0.942963 0.000000 1 1 
1990 0.716000 0.481145 0.481145 0.235798 0.235798 0.943191 0.943191 0.000000 1 1 
1991 0.717000 0.482089 0.482089 0.235855 0.235855 0.943419 0.943419 0.000000 1 1 
1992 0.718000 0.483032 0.483032 0.235911 0.235911 0.943645 0.943645 0.000000 1 1 
1993 0.719000 0.483976 0.483976 0.235968 0.235968 0.943870 0.943870 0.000000 1 1 
1994 0.720000 0.484920 0.484920 0.236024 0.236024 0.944095 0.944095 0.000000 1 1 
1995 0.721000 0.485865 0.485865 0.236080 0.236080 0.944318 0.944318 0.000000 1 1 
1996 0.722000 0.486809 0.486809 0.236135 0.236135 0.944541 0.944541 0.000000 1 1 
1997 0.723000 0.487754 0.487754 0.236191 0.236191 0.944763 0.944763 0.000000 1 1 
1998 0.724000 0.488699 0.488699 0.236246 0.236246 0.944984 0.944984 0.000000 1 1 
1999 0.725000 0.489644 0.489644 0.236301 0.236301 0.945204 0.945204 0.000000 1 1 
2000 0.726000 0.490590 0.490590 0.236356 0.236356 0.945423 0.945423 0.000000 1 1 
2001 0.727000 0.491535 0.491535 0.236410 0.236410 0.945642 0.945642 0.000000 1 1 
2002 0.728000 0.492481 0.492481 0.236465 0.236465 0.945859 0.945859 0.000000 1 1 
2003 0.729000 0.493427 0.493427 0.236519 0.236519 0.946076 0.946076 0.000000 1 1 
2004 0.730000 0.494373 0.494373 0.236573 0.236573 0.946291 0.946291 0.000000 1 1 
2005 0.731000 0.495320 0.495320 0.236627 0.236627 0.946506 0.946506 0.000000 1 1 
2006 0.732000 0.496267 0.496267 0.236680 0.236680 0.946720 0.946720 0.000000 1 1 
2007 0.733000 0.497214 0.497214 0.236733 0.236733 0.946933 0.946933 0.000000 1 1 
2008 0.734000 0.498161 0.498161 0.236786 0.236786 0.947145 0.947145 0.000000 1 1 
2009 0.735000 0.499108 0.499108 0.236839 0.236839 0.947357 0.947357 0.000000 1 1 
2010 0.736000 0.500056 0.500056 0.236892 0.236892 0.947567 0.947567 0.000000 1 1 
2011 0.737000 0.501003 0.501003 0.236944 0.236944 0.947777 0.947777 0.000000 1 1 
2012 0.738000 0.501951 0.501951 0.236997 0.236997 0.947986 0.947986 0.000000 1 1 
2013 0.739000 0.502900 0.502900 0.237049 0.237049 0.948194 0.948194 0.000000 1 1 
2014 0.740000 0.503848 0.503848 0.237100 0.237100 0.948401 0.948401 0.000000 1 1 
2015 0.741000 0.504797 0.504797 0.237152 0.237152 0.948608 0.948608 0.000000 1 1 
2016 0.742000 0.505745 0.505745 0.237203 0.237203 0.948813 0.948813 0.000000 1 1 
2017 0.743000 0.506695 0.506695 0.237255 0.237255 0.949018 0.949018 0.000000 1 1 
2018 0.744000 0.507644 0.507644 0.237305 0.237305 0.949222 0.949222 0.000000 1 1 
2019 0.745000 0.508593 0.508593 0.237356 0.237356 0.949425 0.949425 0.000000 1 1 
2020 0.746000 0.509543 0.509543 0.237407 0.237407 0.949627 0.949627 0.000000 1 1 
2021 0.747000 0.510493 0.510493 0.237457 0.237457 0.949829 0.949829 0.000000 1 1 
2022 0.748000 0.511443 0.511443 0.237507 0.237507 0.950030 0.950030 0.000000 1 1 
2023 0.749000 0.512393 0.512393 0.237557 0.237557 0.950229 0.950229 0.000000 1 1 
2024 0.750000 0.513343 0.513343 0.237607 0.237607 0.950429 0.950429 0.000000 1 1 
2025 0.751000 0.514294 0.514294 0.237657 0.237657 0.950627 0.950627 0.000000 1 1 
2026 0.752000 0.515245 0.515245 0.237706 0.237706 0.950824 0.950824 0.000000 1 1 
2027 0.753000 0.516196 0.516196 0.237755 0.237755 0.951021 0.951021 0.000000 1 1 
2028 0.754000 0.517147 0.517147 0.237804 0.237804 0.951217 0.951217 0.000000 1 1 
2029 0.755000 0.518098 0.518098 0.237853 0.237853 0.951412 0.951412 0.000000 1 1 
2030 0.756000 0.519050 0.519050 0.237902 0.237902 0.951606 0.951606 0.000000 1 1 
2031 0.757000 0.520002 0.520002 0.237950 0.237950 0.951800 0.951800 0.000000 1 1 
2032 0.758000 0.520954 0.520954 0.237998 0.237998 0.951993 0.951993 0.000000 1 1 
2033 0.759000 0.521906 0.521906 0.238046 0.238046 0.952185 0.952185 0.000000 1 1 
2034 0.760000 0.522858 0.522858 0.238094 0.238094 0.952376 0.952376 0.000000 1 1 
2035 0.761000 0.523811 0.523811 0.238142 0.238142 0.952567 0.952567 0.000000 1 1 
2036 0.762000 0.524764 0.524764 0.238189 0.238189 0.952756 0.952756 0.000000 1 1 
2037 0.763000 0.525717 0.525717 0.238236 0.238236 0.952945 0.952945 0.000000 1 1 
2038 0.764000 0.526670 0.526670 0.238283 0.238283 0.953133 0.953133 0.000000 1 1 
2039 0.765000 0.527623 0.527623 0.238330 0.238330 0.953321 0.953321 0.000000 1 1 
2040 0.766000 0.528577 0.528577 0.238377 0.238377 0.953508 0.953508 0.000000 1 1 
2041 0.767000 0.529530 0.529530 0.238423 0.238423 0.953694 0.953694 0.000000 1 1 
2042 0.768000 0.530484 0.530484 0.238470 0.238470 0.953879 0.953879 0.000000 1 1 
2043 0.769000 0.531438 0.531438 0.238516 0.238516 0.954063 0.954063 0.000000 1 1 
2044 0.770000 0.532392 0.532392 0.238562 0.238562 0.954247 0.954247 0.000000 1 1 
2045 0.771000 0.533347 0.533347 0.238608 0.238608 0.954430 0.954430 0.000000 1 1 
2046 0.772000 0.534302 0.534302 0.238653 0.238653 0.954612 0.954612 0.000000 1 1 
2047 0.773000 0.535256 0.535256 0.238698 0.238698 0.954794 0.954794 0.000000 1 1 
2048 0.774000 0.536211 0.536211 0.238744 0.238744 0.954975 0.954975 0.000000 1 1 
2049 0.775000 0.537166 0.537166 0.238789 0.238789 0.955155 0.955155 0.000000 1 1 
2050 0.776000 0.538122 0.538122 0.238834 0.238834 0.955334 0.955334 0.000000 1 1 
2051 0.777000 0.539077 0.539077 0.238878 0.238878 0.955513 0.955513 0.000000 1 1 
2052 0.778000 0.540033 0.540033 0.238923 0.238923 0.955691 0.955691 0.000000 1 1 
2053 0.779000 0.540989 0.540989 0.238967 0.238967 0.955868 0.955868 0.000000 1 1 
2054 0.780000 0.541945 0.541945 0.239011 0.239011 0.956045 0.956045 0.000000 1 1 
2055 0.781000 0.542901 0.542901 0.239055 0.239055 0.956220 0.956220 0.000000 1 1 
2056 0.782000 0.543858 0.543858 0.239099 0.239099 0.956396 0.956396 0.000000 1 1 
2057 0.783000 0.544814 0.544814 0.239142 0.239142 0.956570 0.956570 0.000000 1 1 
2058 0.784000 0.545771 0.545771 0.239186 0.239186 0.956744 0.956744 0.000000 1 1 
2059 0.785000 0.546728 0.546728 0.239229 0.239229 0.956917 0.956917 0.000000 1 1 
2060 0.786000 0.547685 0.547685 0.239272 0.239272 0.957089 0.957089 0.000000 1 1 
2061 0.787000 0.548642 0.548642 0.239315 0.239315 0.957261 0.957261 0.000000 1 1 
2062 0.788000 0.549600 0.549600 0.239358 0.239358 0.957432 0.957432 0.000000 1 1 
2063 0.789000 0.550557 0.550557 0.239400 0.239400 0.957602 0.957602 0.000000 1 1 
2064 0.790000 0.551515 0.551515 0.239443 0.239443 0.957772 0.957772 0.000000 1 1 
2065 0.791000 0.552473 0.552473 0.239485 0.239485 0.957940 0.957940 0.000000 1 1 
2066 0.792000 0.553431 0.553431 0.239527 0.239527 0.958109 0.958109 0.000000 1 1 
2067 0.793000 0.554389 0.554389 0.239569 0.239569 0.958276 0.958276 0.000000 1 1 
2068 0.794000 0.555348 0.555348 0.239611 0.239611 0.958443 0.958443 0.000000 1 1 
2069 0.795000 0.556306 0.556306 0.239652 0.239652 0.958609 0.958609 0.000000 1 1 
2070 0.796000 0.557265 0.557265 0.239694 0.239694 0.958775 0.958775 0.000000 1 1 
2071 0.797000 0.558224 0.558224 0.239735 0.239735 0.958940 0.958940 0.000000 1 1 
2072 0.798000 0.559183 0.559183 0.239776 0.239776 0.959104 0.959104 0.000000 1 1 
2073 0.799000 0.560142 0.560142 0.239817 0.239817 0.959268 0.959268 0.000000 1 1 
2074 0.800000 0.561102 0.561102 0.239858 0.239858 0.959431 0.959431 0.000000 1 1 
2075 0.801000 0.562061 0.562061 0.239898 0.239898 0.959593 0.959593 0.000000 1 1 
2076 0.802000 0.563021 0.563021 0.239939 0.239939 0.959754 0.959754 0.000000 1 1 
2077 0.803000 0.563981 0.563981 0.239979 0.239979 0.959915 0.959915 0.000000 1 1 
2078 0.804000 0.564941 0.564941 0.240019 0.240019 0.960076 0.960076 0.000000 1 1 
2079 0.805000 0.565901 0.565901 0.240059 0.240059 0.960235 0.960235 0.000000 1 1 
2080 0.806000 0.566862 0.566862 0.240099 0.240099 0.960395 0.960395 0.000000 1 1 
2081 0.807000 0.567822 0.567822 0.240138 0.240138 0.960553 0.960553 0.000000 1 1 
2082 0.808000 0.568783 0.568783 0.240178 0.240178 0.960711 0.960711 0.000000 1 1 
2083 0.809000 0.569744 0.569744 0.240217 0.240217 0.960868 0.960868 0.000000 1 1 
2084 0.810000 0.570705 0.570705 0.240256 0.240256 0.961024 0.961024 0.000000 1 1 
2085 0.811000 0.571666 0.571666 0.240295 0.240295 0.961180 0.961180 0.000000 1 1 
2086 0.812000 0.572627 0.572627 0.240334 0.240334 0.961336 0.961336 0.000000 1 1 
2087 0.813000 0.573589 0.573589 0.240373 0.240373 0.961490 0.961490 0.000000 1 1 
2088 0.814000 0.574551 0.574551 0.240411 0.240411 0.961644 0.961644 0.000000 1 1 
2089 0.815000 0.575512 0.575512 0.240449 0.240449 0.961798 0.961798 0.000000 1 1 
2090 0.816000 0.576474 0.576474 0.240488 0.240488 0.961951 0.961951 0.000000 1 1 
2091 0.817000 0.577436 0.577436 0.240526 0.240526 0.962103 0.962103 0.000000 1 1 
2092 0.818000 0.578399 0.578399 0.240564 0.240564 0.962254 0.962254 0.000000 1 1 
2093 0.819000 0.579361 0.579361 0.240601 0.240601 0.962405 0.962405 0.000000 1 1 
2094 0.820000 0.580324 0.580324 0.240639 0.240639 0.962556 0.962556 0.000000 1 1 
2095 0.821000 0.581286 0.581286 0.240676 0.240676 0.962705 0.962705 0.000000 1 1 
2096 0.822000 0.582249 0.582249 0.240714 0.240714 0.962855 0.962855 0.000000 1 1 
2097 0.823000 0.583212 0.583212 0.240751 0.240751 0.963003 0.963003 0.000000 1 1 
2098 0.824000 0.584175 0.584175 0.240788 0.240788 0.963151 0.963151 0.000000 1 1 
2099 0.825000 0.585139 0.585139 0.240825 0.240825 0.963299 0.963299 0.000000 1 1 
2100 0.826000 0.586102 0.586102 0.240861 0.240861 0.963445 0.963445 0.000000 1 1 
2101 0.827000 0.587066 0.587066 0.240898 0.240898 0.963592 0.963592 0.000000 1 1 
2102 0.828000 0.588029 0.588029 0.240934 0.240934 0.963737 0.963737 0.000000 1 1 
2103 0.829000 0.588993 0.588993 0.240971 0.240971 0.963882 0.963882 0.000000 1 1 
2104 0.830000 0.589957 0.589957 0.241007 0.241007 0.964027 0.964027 0.000000 1 1 
2105 0.831000 0.590921 0.590921 0.241043 0.241043 0.964171 0.964171 0.000000 1 1 
2106 0.832000 0.591886 0.591886 0.241079 0.241079 0.964314 0.964314 0.000000 1 1 
2107 0.833000 0.592850 0.592850 0.241114 0.241114 0.964457 0.964457 0.000000 1 1 
2108 0.834000 0.593815 0.593815 0.241150 0.241150 0.964599 0.964599 0.000000 1 1 
2109 0.835000 0.594780 0.594780 0.241185 0.241185 0.964741 0.964741 0.000000 1 1 
2110 0.836000 0.595744 0.595744 0.241220 0.241220 0.964882 0.964882 0.000000 1 1 
2111 0.837000 0.596710 0.596710 0.241256 0.241256 0.965022 0.965022 0.000000 1 1 
2112 0.838000 0.597675 0.597675 0.241290 0.241290 0.965162 0.965162 0.000000 1 1 
2113 0.839000 0.598640 0.598640 0.241325 0.241325 0.965301 0.965301 0.000000 1 1 
2114 0.840000 0.599605 0.599605 0.241360 0.241360 0.965440 0.965440 0.000000 1 1 
2115 0.841000 0.600571 0.600571 0.241395 0.241395 0.965578 0.965578 0.000000 1 1 
2116 0.842000 0.601537 0.601537 0.241429 0.241429 0.965716 0.965716 0.000000 1 1 
2117 0.843000 0.602503 0.602503 0.241463 0.241463 0.965853 0.965853 0.000000 1 1 
2118 0.844000 0.603469 0.603469 0.241497 0.241497 0.965990 0.965990 0.000000 1 1 
2119 0.845000 0.604435 0.604435 0.241531 0.241531 0.966126 0.966126 0.000000 1 1 
2120 0.846000 0.605401 0.605401 0.241565 0.241565 0.966261 0.966261 0.000000 1 1 
2121 0.847000 0.606367 0.606367 0.241599 0.241599 0.966396 0.966396 0.000000 1 1 
2122 0.848000 0.607334 0.607334 0.241633 0.241633 0.966531 0.966531 0.000000 1 1 
2123 0.849000 0.608301 0.608301 0.241666 0.241666 0.966665 0.966665 0.000000 1 1 
2124 0.850000 0.609267 0.609267 0.241699 0.241699 0.966798 0.966798 0.000000 1 1 
2125 0.851000 0.610234 0.610234 0.241733 0.241733 0.966931 0.966931 0.000000 1 1 
2126 0.852000 0.611201 0.611201 0.241766 0.241766 0.967063 0.967063 0.000000 1 1 
2127 0.853000 0.612169 0.612169 0.241799 0.241799 0.967195 0.967195 0.000000 1 1 
2128 0.854000 0.613136 0.613136 0.241831 0.241831 0.967326 0.967326 0.000000 1 1 
2129 0.855000 0.614103 0.614103 0.241864 0.241864 0.967457 0.967457 0.000000 1 1 
2130 0.856000 0.615071 0.615071 0.241897 0.241897 0.967587 0.967587 0.000000 1 1 
2131 0.857000 0.616039 0.616039 0.241929 0.241929 0.967716 0.967716 0.000000 1 1 
2132 0.858000 0.617006 0.617006 0.241961 0.241961 0.967846 0.967846 0.000000 1 1 
2133 0.859000 0.617974 0.617974 0.241994 0.241994 0.967974 0.967974 0.000000 1 1 
2134 0.860000 0.618943 0.618943 0.242026 0.242026 0.968102 0.968102 0.000000 1 1 
2135 0.861000 0.619911 0.619911 0.242057 0.242057 0.968230 0.968230 0.000000 1 1 
2136 0.862000 0.620879 0.620879 0.242089 0.242089 0.968357 0.968357 0.000000 1 1 
2137 0.863000 0.621848 0.621848 0.242121 0.242121 0.968484 0.968484 0.000000 1 1 
2138 0.864000 0.622816 0.622816 0.242152 0.242152 0.968610 0.968610 0.000000 1 1 
2139 0.865000 0.623785 0.623785 0.242184 0.242184 0.968735 0.968735 0.000000 1 1 
2140 0.866000 0.624754 0.624754 0.242215 0.242215 0.968860 0.968860 0.000000 1 1 
2141 0.867000 0.625723 0.625723 0.242246 0.242246 0.968985 0.968985 0.000000 1 1 
2142 0.868000 0.626692 0.626692 0.242277 0.242277 0.969109 0.969109 0.000000 1 1 
2143 0.869000 0.627661 0.627661 0.242308 0.242308 0.969232 0.969232 0.000000 1 1 
2144 0.870000 0.628630 0.628630 0.242339 0.242339 0.969355 0.969355 0.000000 1 1 
2145 0.871000 0.629600 0.629600 0.242370 0.242370 0.969478 0.969478 0.000000 1 1 
2146 0.872000 0.630570 0.630570 0.242400 0.242400 0.969600 0.969600 0.000000 1 1 
2147 0.873000 0.631539 0.631539 0.242430 0.242430 0.969722 0.969722 0.000000 1 1 
2148 0.874000 0.632509 0.632509 0.242461 0.242461 0.969843 0.969843 0.000000 1 1 
2149 0.875000 0.633479 0.633479 0.242491 0.242491 0.969963 0.969963 0.000000 1 1 
2150 0.876000 0.634449 0.634449 0.242521 0.242521 0.970084 0.970084 0.000000 1 1 
2151 0.877000 0.635419 0.635419 0.242551 0.242551 0.970203 0.970203 0.000000 1 1 
2152 0.878000 0.636390 0.636390 0.242581 0.242581 0.970322 0.970322 0.000000 1 1 
2153 0.879000 0.637360 0.637360 0.242610 0.242610 0.970441 0.970441 0.000000 1 1 
2154 0.880000 0.638331 0.638331 0.242640 0.242640 0.970559 0.970559 0.000000 1 1 
2155 0.881000 0.639301 0.639301 0.242669 0.242669 0.970677 0.970677 0.000000 1 1 
2156 0.882000 0.640272 0.640272 0.242699 0.242699 0.970794 0.970794 0.000000 1 1 
2157 0.883000 0.641243 0.641243 0.242728 0.242728 0.970911 0.970911 0.000000 1 1 
2158 0.884000 0.642214 0.642214 0.242757 0.242757 0.971028 0.971028 0.000000 1 1 
2159 0.885000 0.643185 0.643185 0.242786 0.242786 0.971144 0.971144 0.000000 1 1 
2160 0.886000 0.644157 0.644157 0.242815 0.242815 0.971259 0.971259 0.000000 1 1 
2161 0.887000 0.645128 0.645128 0.242843 0.242843 0.971374 0.971374 0.000000 1 1 
2162 0.888000 0.646099 0.646099 0.242872 0.242872 0.971488 0.971488 0.000000 1 1 
2163 0.889000 0.647071 0.647071 0.242901 0.242901 0.971603 0.971603 0.000000 1 1 
2164 0.890000 0.648043 0.648043 0.242929 0.242929 0.971716 0.971716 0.000000 1 1 
2165 0.891000 0.649015 0.649015 0.242957 0.242957 0.971829 0.971829 0.000000 1 1 
2166 0.892000 0.649986 0.649986 0.242985 0.242985 0.971942 0.971942 0.000000 1 1 
2167 0.893000 0.650959 0.650959 0.243014 0.243014 0.972054 0.972054 0.000000 1 1 
2168 0.894000 0.651931 0.651931 0.243041 0.243041 0.972166 0.972166 0.000000 1 1 
2169 0.895000 0.652903 0.652903 0.243069 0.243069 0.972277 0.972277 0.000000 1 1 
2170 0.896000 0.653875 0.653875 0.243097 0.243097 0.972388 0.972388 0.000000 1 1 
2171 0.897000 0.654848 0.654848 0.243125 0.243125 0.972499 0.972499 0.000000 1 1 
2172 0.898000 0.655820 0.655820 0.243152 0.243152 0.972609 0.972609 0.000000 1 1 
2173 0.899000 0.656793 0.656793 0.243180 0.243180 0.972718 0.972718 0.000000 1 1 
2174 0.900000 0.657766 0.657766 0.243207 0.243207 0.972827 0.972827 0.000000 1 1 
2175 0.901000 0.658739 0.658739 0.243234 0.243234 0.972936 0.972936 0.000000 1 1 
2176 0.902000 0.659712 0.659712 0.243261 0.243261 0.973044 0.973044 0.000000 1 1 
2177 0.903000 0.660685 0.660685 0.243288 0.243288 0.973152 0.973152 0.000000 1 1 
2178 0.904000 0.661658 0.661658 0.243315 0.243315 0.973259 0.973259 0.000000 1 1 
2179 0.905000 0.662632 0.662632 0.243342 0.243342 0.973366 0.973366 0.000000 1 1 
2180 0.906000 0.663605 0.663605 0.243368 0.243368 0.973473 0.973473 0.000000 1 1 
2181 0.907000 0.664579 0.664579 0.243395 0.243395 0.973579 0.973579 0.000000 1 1 
2182 0.908000 0.665552 0.665552 0.243421 0.243421 0.973685 0.973685 0.000000 1 1 
2183 0.909000 0.666526 0.666526 0.243448 0.243448 0.973790 0.973790 0.000000 1 1 
2184 0.910000 0.667500 0.667500 0.243474 0.243474 0.973895 0.973895 0.000000 1 1 
2185 0.911000 0.668474 0.668474 0.243500 0.243500 0.973999 0.973999 0.000000 1 1 
2186 0.912000 0.669448 0.669448 0.243526 0.243526 0.974103 0.974103 0.000000 1 1 
2187 0.913000 0.670422 0.670422 0.243552 0.243552 0.974207 0.974207 0.000000 1 1 
2188 0.914000 0.671397 0.671397 0.243578 0.243578 0.974310 0.974310 0.000000 1 1 
2189 0.915000 0.672371 0.672371 0.243603 0.243603 0.974413 0.974413 0.000000 1 1 
2190 0.916000 0.673346 0.673346 0.243629 0.243629 0.974515 0.974515 0.000000 1 1 
2191 0.917000 0.674320 0.674320 0.243654 0.243654 0.974617 0.974617 0.000000 1 1 
2192 0.918000 0.675295 0.675295 0.243680 0.243680 0.974719 0.974719 0.000000 1 1 
2193 0.919000 0.676270 0.676270 0.243705 0.243705 0.974820 0.974820 0.000000 1 1 
2194 0.920000 0.677245 0.677245 0.243730 0.243730 0.974920 0.974920 0.000000 1 1 
2195 0.921000 0.678220 0.678220 0.243755 0.243755 0.975021 0.975021 0.000000 1 1 
2196 0.922000 0.679195 0.679195 0.243780 0.243780 0.975121 0.975121 0.000000 1 1 
2197 0.923000 0.680170 0.680170 0.243805 0.243805 0.975220 0.975220 0.000000 1 1 
2198 0.924000 0.681145 0.681145 0.243830 0.243830 0.975319 0.975319 0.000000 1 1 
2199 0.925000 0.682121 0.682121 0.243855 0.243855 0.975418 0.975418 0.000000 1 1 
2200 0.926000 0.683096 0.683096 0.243879 0.243879 0.975516 0.975516 0.000000 1 1 
2201 0.927000 0.684072 0.684072 0.243904 0.243904 0.975614 0.975614 0.000000 1 1 
2202 0.928000 0.685048 0.685048 0.243928 0.243928 0.975712 0.975712 0.000000 1 1 
2203 0.929000 0.686024 0.686024 0.243952 0.243952 0.975809 0.975809 0.000000 1 1 
2204 0.930000 0.686999 0.686999 0.243976 0.243976 0.975906 0.975906 0.000000 1 1 
2205 0.931000 0.687975 0.687975 0.244001 0.244001 0.976002 0.976002 0.000000 1 1 
2206 0.932000 0.688952 0.688952 0.244025 0.244025 0.976098 0.976098 0.000000 1 1 
2207 0.933000 0.689928 0.689928 0.244048 0.244048 0.976194 0.976194 0.000000 1 1 
2208 0.934000 0.690904 0.690904 0.244072 0.244072 0.976289 0.976289 0.000000 1 1 
2209 0.935000 0.691880 0.691880 0.244096 0.244096 0.976384 0.976384 0.000000 1 1 
2210 0.936000 0.692857 0.692857 0.244120 0.244120 0.976478 0.976478 0.000000 1 1 
2211 0.937000 0.693833 0.693833 0.244143 0.244143 0.976572 0.976572 0.000000 1 1 
2212 0.938000 0.694810 0.694810 0.244167 0.244167 0.976666 0.976666 0.000000 1 1 
2213 0.939000 0.695787 0.695787 0.244190 0.244190 0.976759 0.976759 0.000000 1 1 
2214 0.940000 0.696764 0.696764 0.244213 0.244213 0.976852 0.976852 0.000000 1 1 
2215 0.941000 0.697741 0.697741 0.244236 0.244236 0.976945 0.976945 0.000000 1 1 
2216 0.942000 0.698718 0.698718 0.244259 0.244259 0.977037 0.977037 0.000000 1 1 
2217 0.943000 0.699695 0.699695 0.244282 0.244282 0.977129 0.977129 0.000000 1 1 
2218 0.944000 0.700672 0.700672 0.244305 0.244305 0.977221 0.977221 0.000000 1 1 
2219 0.945000 0.701649 0.701649 0.244328 0.244328 0.977312 0.977312 0.000000 1 1 
2220 0.946000 0.702627 0.702627 0.244351 0.244351 0.977402 0.977402 0.000000 1 1 
2221 0.947000 0.703604 0.703604 0.244373 0.244373 0.977493 0.977493 0.000000 1 1 
2222 0.948000 0.704582 0.704582 0.244396 0.244396 0.977583 0.977583 0.000000 1 1 
2223 0.949000 0.705560 0.705560 0.244418 0.244418 0.977672 0.977672 0.000000 1 1 
2224 0.950000 0.706537 0.706537 0.244440 0.244440 0.977762 0.977762 0.000000 1 1 
2225 0.951000 0.707515 0.707515 0.244463 0.244463 0.977851 0.977851 0.000000 1 1 
2226 0.952000 0.708493 0.708493 0.244485 0.244485 0.977939 0.977939 0.000000 1 1 
2227 0.953000 0.709471 0.709471 0.244507 0.244507 0.978028 0.978028 0.000000 1 1 
2228 0.954000 0.710449 0.710449 0.244529 0.244529 0.978115 0.978115 0.000000 1 1 
2229 0.955000 0.711427 0.711427 0.244551 0.244551 0.978203 0.978203 0.000000 1 1 
2230 0.956000 0.712406 0.712406 0.244573 0.244573 0.978290 0.978290 0.000000 1 1 
2231 0.957000 0.713384 0.713384 0.244594 0.244594 0.978377 0.978377 0.000000 1 1 
2232 0.958000 0.714363 0.714363 0.244616 0.244616 0.978464 0.978464 0.000000 1 1 
2233 0.959000 0.715341 0.715341 0.244637 0.244637 0.978550 0.978550 0.000000 1 1 
2234 0.960000 0.716320 0.716320 0.244659 0.244659 0.978635 0.978635 0.000000 1 1 
2235 0.961000 0.717298 0.717298 0.244680 0.244680 0.978721 0.978721 0.000000 1 1 
2236 0.962000 0.718277 0.718277 0.244702 0.244702 0.978806 0.978806 0.000000 1 1 
2237 0.963000 0.719256 0.719256 0.244723 0.244723 0.978891 0.978891 0.000000 1 1 
2238 0.964000 0.720235 0.720235 0.244744 0.244744 0.978975 0.978975 0.000000 1 1 
2239 0.965000 0.721214 0.721214 0.244765 0.244765 0.979059 0.979059 0.000000 1 1 
2240 0.966000 0.722193 0.722193 0.244786 0.244786 0.979143 0.979143 0.000000 1 1 
2241 0.967000 0.723173 0.723173 0.244807 0.244807 0.979227 0.979227 0.000000 1 1 
2242 0.968000 0.724152 0.724152 0.244827 0.244827 0.979310 0.979310 0.000000 1 1 
2243 0.969000 0.725131 0.725131 0.244848 0.244848 0.979392 0.979392 0.000000 1 1 
2244 0.970000 0.726111 0.726111 0.244869 0.244869 0.979475 0.979475 0.000000 1 1 
2245 0.971000 0.727090 0.727090 0.244889 0.244889 0.979557 0.979557 0.000000 1 1 
2246 0.972000 0.728070 0.728070 0.244910 0.244910 0.979639 0.979639 0.000000 1 1 
2247 0.973000 0.729050 0.729050 0.244930 0.244930 0.979720 0.979720 0.000000 1 1 
2248 0.974000 0.730029 0.730029 0.244950 0.244950 0.979801 0.979801 0.000000 1 1 
2249 0.975000 0.731009 0.731009 0.244971 0.244971 0.979882 0.979882 0.000000 1 1 
2250 0.976000 0.731989 0.731989 0.244991 0.244991 0.979963 0.979963 0.000000 1 1 
2251 0.977000 0.732969 0.732969 0.245011 0.245011 0.980043 0.980043 0.000000 1 1 
2252 0.978000 0.733949 0.733949 0.245031 0.245031 0.980123 0.980123 0.000000 1 1 
2253 0.979000 0.734930 0.734930 0.245051 0.245051 0.980202 0.980202 0.000000 1 1 
2254 0.980000 0.735910 0.735910 0.245070 0.245070 0.980281 0.980281 0.000000 1 1 
2255 0.981000 0.736890 0.736890 0.245090 0.245090 0.980360 0.980360 0.000000 1 1 
2256 0.982000 0.737871 0.737871 0.245110 0.245110 0.980439 0.980439 0.000000 1 1 
2257 0.983000 0.738851 0.738851 0.245129 0.245129 0.980517 0.980517 0.000000 1 1 
2258 0.984000 0.739832 0.739832 0.245149 0.245149 0.980595 0.980595 0.000000 1 1 
2259 0.985000 0.740813 0.740813 0.245168 0.245168 0.980672 0.980672 0.000000 1 1 
2260 0.986000 0.741793 0.741793 0.245187 0.245187 0.980750 0.980750 0.000000 1 1 
2261 0.987000 0.742774 0.742774 0.245207 0.245207 0.980827 0.980827 0.000000 1 1 
2262 0.988000 0.743755 0.743755 0.245226 0.245226 0.980903 0.980903 0.000000 1 1 
2263 0.989000 0.744736 0.744736 0.245245 0.245245 0.980980 0.980980 0.000000 1 1 
2264 0.990000 0.745717 0.745717 0.245264 0.245264 0.981056 0.981056 0.000000 1 1 
2265 0.991000 0.746698 0.746698 0.245283 0.245283 0.981132 0.981132 0.000000 1 1 
2266 0.992000 0.747679 0.747679 0.245302 0.245302 0.981207 0.981207 0.000000 1 1 
2267 0.993000 0.748661 0.748661 0.245321 0.245321 0.981282 0.981282 0.000000 1 1 
2268 0.994000 0.749642 0.749642 0.245339 0.245339 0.981357 0.981357 0.000000 1 1 
2269 0.995000 0.750623 0.750623 0.245358 0.245358 0.981432 0.981432 0.000000 1 1 
2270 0.996000 0.751605 0.751605 0.245377 0.245377 0.981506 0.981506 0.000000 1 1 
2271 0.997000 0.752587 0.752587 0.245395 0.245395 0.981580 0.981580 0.000000 1 1 
2272 0.998000 0.753568 0.753568 0.245413 0.245413 0.981654 0.981654 0.000000 1 1 
2273 0.999000 0.754550 0.754550 0.245432 0.245432 0.981727 0.981727 0.000000 1 1 
2274 1.000000 0.755532 0.755532 0.245450 0.245450 0.981800 0.981800 0.000000 1 1 
2275 1.001000 0.756514 0.756514 0.245468 0.245468 0.981873 0.981873 1.000000 1 1 
2276 1.002000 0.757496 0.757496 0.245486 0.245486 0.981946 0.981946 1.000000 1 1 
2277 1.003000 0.758478 0.758478 0.245504 0.245504 0.982018 0.982018 1.000000 1 1 
2278 1.004000 0.759460 0.759460 0.245522 0.245522 0.982090 0.982090 1.000000 1 1 
2279 1.005000 0.760442 0.760442 0.245540 0.245540 0.982161 0.982161 1.000000 1 1 
2280 1.006000 0.761424 0.761424 0.245558 0.245558 0.982233 0.982233 1.000000 1 1 
2281 1.007000 0.762406 0.762406 0.245576 0.245576 0.982304 0.982304 1.000000 1 1 
2282 1.008000 0.763389 0.763389 0.245594 0.245594 0.982375 0.982375 1.000000 1 1 
2283 1.009000 0.764371 0.764371 0.245611 0.245611 0.982445 0.982445 1.000000 1 1 
2284 1.010000 0.765354 0.765354 0.245629 0.245629 0.982515 0.982515 1.000000 1 1 
2285 1.011000 0.766336 0.766336 0.245646 0.245646 0.982585 0.982585 1.000000 1 1 
2286 1.012000 0.767319 0.767319 0.245664 0.245664 0.982655 0.982655 1.000000 1 1 
2287 1.013000 0.768302 0.768302 0.245681 0.245681 0.982724 0.982724 1.000000 1 1 
2288 1.014000 0.769284 0.769284 0.245698 0.245698 0.982793 0.982793 1.000000 1 1 
2289 1.015000 0.770267 0.770267 0.245716 0.245716 0.982862 0.982862 1.000000 1 1 
2290 1.016000 0.771250 0.771250 0.245733 0.245733 0.982931 0.982931 1.000000 1 1 
2291 1.017000 0.772233 0.772233 0.245750 0.245750 0.982999 0.982999 1.000000 1 1 
2292 1.018000 0.773216 0.773216 0.245767 0.245767 0.983067 0.983067 1.000000 1 1 
2293 1.019000 0.774199 0.774199 0.245784 0.245784 0.983135 0.983135 1.000000 1 1 
2294 1.020000 0.775183 0.775183 0.245801 0.245801 0.983202 0.983202 1.000000 1 1 
2295 1.021000 0.776166 0.776166 0.245817 0.245817 0.983269 0.983269 1.000000 1 1 
2296 1.022000 0.777149 0.777149 0.245834 0.245834 0.983336 0.983336 1.000000 1 1 
2297 1.023000 0.778133 0.778133 0.245851 0.245851 0.983403 0.983403 1.000000 1 1 
2298 1.024000 0.779116 0.779116 0.245867 0.245867 0.983469 0.983469 1.000000 1 1 
2299 1.025000 0.780100 0.780100 0.245884 0.245884 0.983535 0.983535 1.000000 1 1 
2300 1.026000 0.781083 0.781083 0.245900 0.245900 0.983601 0.983601 1.000000 1 1 
2301 1.027000 0.782067 0.782067 0.245917 0.245917 0.983667 0.983667 1.000000 1 1 
2302 1.028000 0.783051 0.783051 0.245933 0.245933 0.983732 0.983732 1.000000 1 1 
2303 1.029000 0.784034 0.784034 0.245949 0.245949 0.983797 0.983797 1.000000 1 1 
2304 1.030000 0.785018 0.785018 0.245966 0.245966 0.983862 0.983862 1.000000 1 1 
2305 1.031000 0.786002 0.786002 0.245982 0.245982 0.983927 0.983927 1.000000 1 1 
2306 1.032000 0.786986 0.786986 0.245998 0.245998 0.983991 0.983991 1.000000 1 1 
2307 1.033000 0.787970 0.787970 0.246014 0.246014 0.984055 0.984055 1.000000 1 1 
2308 1.034000 0.788954 0.788954 0.246030 0.246030 0.984119 0.984119 1.000000 1 1 
2309 1.035000 0.789939 0.789939 0.246046 0.246046 0.984182 0.984182 1.000000 1 1 
2310 1.036000 0.790923 0.790923 0.246061 0.246061 0.984246 0.984246 1.000000 1 1 
2311 1.037000 0.791907 0.791907 0.246077 0.246077 0.984309 0.984309 1.000000 1 1 
2312 1.038000 0.792892 0.792892 0.246093 0.246093 0.984371 0.984371 1.000000 1 1 
2313 1.039000 0.793876 0.793876 0.246108 0.246108 0.984434 0.984434 1.000000 1 1 
2314 1.040000 0.794860 0.794860 0.246124 0.246124 0.984496 0.984496 1.000000 1 1 
2315 1.041000 0.795845 0.795845 0.246140 0.246140 0.984558 0.984558 1.000000 1 1 
2316 1.042000 0.796830 0.796830 0.246155 0.246155 0.984620 0.984620 1.000000 1 1 
2317 1.043000 0.797814 0.797814 0.246170 0.246170 0.984681 0.984681 1.000000 1 1 
2318 1.044000 0.798799 0.798799 0.246186 0.246186 0.984743 0.984743 1.000000 1 1 
2319 1.045000 0.799784 0.799784 0.246201 0.246201 0.984804 0.984804 1.000000 1 1 
2320 1.046000 0.800769 0.800769 0.246216 0.246216 0.984865 0.984865 1.000000 1 1 
2321 1.047000 0.801754 0.801754 0.246231 0.246231 0.984925 0.984925 1.000000 1 1 
2322 1.048000 0.802739 0.802739 0.246246 0.246246 0.984985 0.984985 1.000000 1 1 
2323 1.049000 0.803724 0.803724 0.246261 0.246261 0.985045 0.985045 1.000000 1 1 
2324 1.050000 0.804709 0.804709 0.246276 0.246276 0.985105 0.985105 1.000000 1 1 
2325 1.051000 0.805694 0.805694 0.246291 0.246291 0.985165 0.985165 1.000000 1 1 
2326 1.052000 0.806679 0.806679 0.246306 0.246306 0.985224 0.985224 1.000000 1 1 
2327 1.053000 0.807664 0.807664 0.246321 0.246321 0.985283 0.985283 1.000000 1 1 
2328 1.054000 0.808650 0.808650 0.246336 0.246336 0.985342 0.985342 1.000000 1 1 
2329 1.055000 0.809635 0.809635 0.246350 0.246350 0.985401 0.985401 1.000000 1 1 
2330 1.056000 0.810621 0.810621 0.246365 0.246365 0.985459 0.985459 1.000000 1 1 
2331 1.057000 0.811606 0.811606 0.246379 0.246379 0.985517 0.985517 1.000000 1 1 
2332 1.058000 0.812592 0.812592 0.246394 0.246394 0.985575 0.985575 1.000000 1 1 
2333 1.059000 0.813577 0.813577 0.246408 0.246408 0.985633 0.985633 1.000000 1 1 
2334 1.060000 0.814563 0.814563 0.246423 0.246423 0.985690 0.985690 1.000000 1 1 
2335 1.061000 0.815549 0.815549 0.246437 0.246437 0.985748 0.985748 1.000000 1 1 
2336 1.062000 0.816535 0.816535 0.246451 0.246451 0.985805 0.985805 1.000000 1 1 
2337 1.063000 0.817520 0.817520 0.246465 0.246465 0.985861 0.985861 1.000000 1 1 
2338 1.064000 0.818506 0.818506 0.246480 0.246480 0.985918 0.985918 1.000000 1 1 
2339 1.065000 0.819492 0.819492 0.246494 0.246494 0.985974 0.985974 1.000000 1 1 
2340 1.066000 0.820478 0.820478 0.246508 0.246508 0.986030 0.986030 1.000000 1 1 
2341 1.067000 0.821465 0.821465 0.246522 0.246522 0.986086 0.986086 1.000000 1 1 
2342 1.068000 0.822451 0.822451 0.246535 0.246535 0.986142 0.986142 1.000000 1 1 
2343 1.069000 0.823437 0.823437 0.246549 0.246549 0.986197 0.986197 1.000000 1 1 
2344 1.070000 0.824423 0.824423 0.246563 0.246563 0.986253 0.986253 1.000000 1 1 
2345 1.071000 0.825409 0.825409 0.246577 0.246577 0.986308 0.986308 1.000000 1 1 
2346 1.072000 0.826396 0.826396 0.246591 0.246591 0.986362 0.986362 1.000000 1 1 
2347 1.073000 0.827382 0.827382 0.246604 0.246604 0.986417 0.986417 1.000000 1 1 
2348 1.074000 0.828369 0.828369 0.246618 0.246618 0.986471 0.986471 1.000000 1 1 
2349 1.075000 0.829355 0.829355 0.246631 0.246631 0.986525 0.986525 1.000000 1 1 
2350 1.076000 0.830342 0.830342 0.246645 0.246645 0.986579 0.986579 1.000000 1 1 
2351 1.077000 0.831328 0.831328 0.246658 0.246658 0.986633 0.986633 1.000000 1 1 
2352 1.078000 0.832315 0.832315 0.246672 0.246672 0.986686 0.986686 1.000000 1 1 
2353 1.079000 0.833302 0.833302 0.246685 0.246685 0.986740 0.986740 1.000000 1 1 
2354 1.080000 0.834289 0.834289 0.246698 0.246698 0.986793 0.986793 1.000000 1 1 
2355 1.081000 0.835275 0.835275 0.246711 0.246711 0.986846 0.986846 1.000000 1 1 
2356 1.082000 0.836262 0.836262 0.246725 0.246725 0.986898 0.986898 1.000000 1 1 
2357 1.083000 0.837249 0.837249 0.246738 0.246738 0.986951 0.986951 1.000000 1 1 
2358 1.084000 0.838236 0.838236 0.246751 0.246751 0.987003 0.987003 1.000000 1 1 
2359 1.085000 0.839223 0.839223 0.246764 0.246764 0.987055 0.987055 1.000000 1 1 
2360 1.086000 0.840210 0.840210 0.246777 0.246777 0.987107 0.987107 1.000000 1 1 
2361 1.087000 0.841198 0.841198 0.246790 0.246790 0.987158 0.987158 1.000000 1 1 
2362 1.088000 0.842185 0.842185 0.246802 0.246802 0.987209 0.987209 1.000000 1 1 
2363 1.089000 0.843172 0.843172 0.246815 0.246815 0.987261 0.987261 1.000000 1 1 
2364 1.090000 0.844159 0.844159 0.246828 0.246828 0.987312 0.987312 1.000000 1 1 
2365 1.091000 0.845147 0.845147 0.246841 0.246841 0.987362 0.987362 1.000000 1 1 
2366 1.092000 0.846134 0.846134 0.246853 0.246853 0.987413 0.987413 1.000000 1 1 
2367 1.093000 0.847122 0.847122 0.246866 0.246866 0.987463 0.987463 1.000000 1 1 
2368 1.094000 0.848109 0.848109 0.246878 0.246878 0.987513 0.987513 1.000000 1 1 
2369 1.095000 0.849097 0.849097 0.246891 0.246891 0.987563 0.987563 1.000000 1 1 
2370 1.096000 0.850084 0.850084 0.246903 0.246903 0.987613 0.987613 1.000000 1 1 
2371 1.097000 0.851072 0.851072 0.246916 0.246916 0.987663 0.987663 1.000000 1 1 
2372 1.098000 0.852060 0.852060 0.246928 0.246928 0.987712 0.987712 1.000000 1 1 
2373 1.099000 0.853047 0.853047 0.246940 0.246940 0.987761 0.987761 1.000000 1 1 
2374 1.100000 0.854035 0.854035 0.246953 0.246953 0.987810 0.987810 1.000000 1 1 
2375 1.101000 0.855023 0.855023 0.246965 0.246965 0.987859 0.987859 1.000000 1 1 
2376 1.102000 0.856011 0.856011 0.246977 0.246977 0.987907 0.987907 1.000000 1 1 
2377 1.103000 0.856999 0.856999 0.246989 0.246989 0.987956 0.987956 1.000000 1 1 
2378 1.104000 0.857987 0.857987 0.247001 0.247001 0.988004 0.988004 1.000000 1 1 
2379 1.105000 0.858975 0.858975 0.247013 0.247013 0.988052 0.988052 1.000000 1 1 
2380 1.106000 0.859963 0.859963 0.247025 0.247025 0.988100 0.988100 1.000000 1 1 
2381 1.107000 0.860951 0.860951 0.247037 0.247037 0.988147 0.988147 1.000000 1 1 
2382 1.108000 0.861940 0.861940 0.247049 0.247049 0.988195 0.988195 1.000000 1 1 
2383 1.109000 0.862928 0.862928 0.247060 0.247060 0.988242 0.988242 1.000000 1 1 
2384 1.110000 0.863916 0.863916 0.247072 0.247072 0.988289 0.988289 1.000000 1 1 
2385 1.111000 0.864904 0.864904 0.247084 0.247084 0.988336 0.988336 1.000000 1 1 
2386 1.112000 0.865893 0.865893 0.247096 0.247096 0.988383 0.988383 1.000000 1 1 
2387 1.113000 0.866881 0.866881 0.247107 0.247107 0.988429 0.988429 1.000000 1 1 
2388 1.114000 0.867870 0.867870 0.247119 0.247119 0.988475 0.988475 1.000000 1 1 
2389 1.115000 0.868858 0.868858 0.247130 0.247130 0.988521 0.988521 1.000000 1 1 
2390 1.116000 0.869847 0.869847 0.247142 0.247142 0.988567 0.988567 1.000000 1 1 
2391 1.117000 0.870835 0.870835 0.247153 0.247153 0.988613 0.988613 1.000000 1 1 
2392 1.118000 0.871824 0.871824 0.247165 0.247165 0.988659 0.988659 1.000000 1 1 
2393 1.119000 0.872813 0.872813 0.247176 0.247176 0.988704 0.988704 1.000000 1 1 
2394 1.120000 0.873801 0.873801 0.247187 0.247187 0.988749 0.988749 1.000000 1 1 
2395 1.121000 0.874790 0.874790 0.247199 0.247199 0.988794 0.988794 1.000000 1 1 
2396 1.122000 0.875779 0.875779 0.247210 0.247210 0.988839 0.988839 1.000000 1 1 
2397 1.123000 0.876768 0.876768 0.247221 0.247221 0.988884 0.988884 1.000000 1 1 
2398 1.124000 0.877757 0.877757 0.247232 0.247232 0.988928 0.988928 1.000000 1 1 
2399 1.125000 0.878746 0.878746 0.247243 0.247243 0.988972 0.988972 1.000000 1 1 
2400 1.126000 0.879735 0.879735 0.247254 0.247254 0.989016 0.989016 1.000000 1 1 
2401 1.127000 0.880724 0.880724 0.247265 0.247265 0.989060 0.989060 1.000000 1 1 
2402 1.128000 0.881713 0.881713 0.247276 0.247276 0.989104 0.989104 1.000000 1 1 
2403 1.129000 0.882702 0.882702 0.247287 0.247287 0.989148 0.989148 1.000000 1 1 
2404 1.130000 0.883691 0.883691 0.247298 0.247298 0.989191 0.989191 1.000000 1 1 
2405 1.131000 0.884681 0.884681 0.247309 0.247309 0.989234 0.989234 1.000000 1 1 
2406 1.132000 0.885670 0.885670 0.247319 0.247319 0.989277 0.989277 1.000000 1 1 
2407 1.133000 0.886659 0.886659 0.247330 0.247330 0.989320 0.989320 1.000000 1 1 
2408 1.134000 0.887649 0.887649 0.247341 0.247341 0.989363 0.989363 1.000000 1 1 
2409 1.135000 0.888638 0.888638 0.247351 0.247351 0.989406 0.989406 1.000000 1 1 
2410 1.136000 0.889627 0.889627 0.247362 0.247362 0.989448 0.989448 1.000000 1 1 
2411 1.137000 0.890617 0.890617 0.247373 0.247373 0.989490 0.989490 1.000000 1 1 
2412 1.138000 0.891606 0.891606 0.247383 0.247383 0.989532 0.989532 1.000000 1 1 
2413 1.139000 0.892596 0.892596 0.247394 0.247394 0.989574 0.989574 1.000000 1 1 
2414 1.140000 0.893586 0.893586 0.247404 0.247404 0.989616 0.989616 1.000000 1 1 
2415 1.141000 0.894575 0.894575 0.247414 0.247414 0.989657 0.989657 1.000000 1 1 
2416 1.142000 0.895565 0.895565 0.247425 0.247425 0.989699 0.989699 1.000000 1 1 
2417 1.143000 0.896555 0.896555 0.247435 0.247435 0.989740 0.989740 1.000000 1 1 
2418 1.144000 0.897545 0.897545 0.247445 0.247445 0.989781 0.989781 1.000000 1 1 
2419 1.145000 0.898534 0.898534 0.247455 0.247455 0.989822 0.989822 1.000000 1 1 
2420 1.146000 0.899524 0.899524 0.247466 0.247466 0.989863 0.989863 1.000000 1 1 
2421 1.147000 0.900514 0.900514 0.247476 0.247476 0.989903 0.989903 1.000000 1 1 
2422 1.148000 0.901504 0.901504 0.247486 0.247486 0.989943 0.989943 1.000000 1 1 
2423 1.149000 0.902494 0.902494 0.247496 0.247496 0.989984 0.989984 1.000000 1 1 
2424 1.150000 0.903484 0.903484 0.247506 0.247506 0.990024 0.990024 1.000000 1 1 
2425 1.151000 0.904474 0.904474 0.247516 0.247516 0.990064 0.990064 1.000000 1 1 
2426 1.152000 0.905464 0.905464 0.247526 0.247526 0.990103 0.990103 1.000000 1 1 
2427 1.153000 0.906454 0.906454 0.247536 0.247536 0.990143 0.990143 1.000000 1 1 
2428 1.154000 0.907445 0.907445 0.247546 0.247546 0.990182 0.990182 1.000000 1 1 
2429 1.155000 0.908435 0.908435 0.247555 0.247555 0.990222 0.990222 1.000000 1 1 
2430 1.156000 0.909425 0.909425 0.247565 0.247565 0.990261 0.990261 1.000000 1 1 
2431 1.157000 0.910415 0.910415 0.247575 0.247575 0.990300 0.990300 1.000000 1 1 
2432 1.158000 0.911406 0.911406 0.247585 0.247585 0.990339 0.990339 1.000000 1 1 
2433 1.159000 0.912396 0.912396 0.247594 0.247594 0.990377 0.990377 1.000000 1 1 
2434 1.160000 0.913386 0.913386 0.247604 0.247604 0.990416 0.990416 1.000000 1 1 
2435 1.161000 0.914377 0.914377 0.247614 0.247614 0.990454 0.990454 1.000000 1 1 
2436 1.162000 0.915367 0.915367 0.247623 0.247623 0.990492 0.990492 1.000000 1 1 
2437 1.163000 0.916358 0.916358 0.247633 0.247633 0.990530 0.990530 1.000000 1 1 
2438 1.164000 0.917349 0.917349 0.247642 0.247642 0.990568 0.990568 1.000000 1 1 
2439 1.165000 0.918339 0.918339 0.247651 0.247651 0.990606 0.990606 1.000000 1 1 
2440 1.166000 0.919330 0.919330 0.247661 0.247661 0.990643 0.990643 1.000000 1 1 
2441 1.167000 0.920320 0.920320 0.247670 0.247670 0.990681 0.990681 1.000000 1 1 
2442 1.168000 0.921311 0.921311 0.247680 0.247680 0.990718 0.990718 1.000000 1 1 
2443 1.169000 0.922302 0.922302 0.247689 0.247689 0.990755 0.990755 1.000000 1 1 
2444 1.170000 0.923293 0.923293 0.247698 0.247698 0.990792 0.990792 1.000000 1 1 
2445 1.171000 0.924284 0.924284 0.247707 0.247707 0.990829 0.990829 1.000000 1 1 
2446 1.172000 0.925274 0.925274 0.247716 0.247716 0.990866 0.990866 1.000000 1 1 
2447 1.173000 0.926265 0.926265 0.247726 0.247726 0.990902 0.990902 1.000000 1 1 
2448 1.174000 0.927256 0.927256 0.247735 0.247735 0.990939 0.990939 1.000000 1 1 
2449 1.175000 0.928247 0.928247 0.247744 0.247744 0.990975 0.990975 1.000000 1 1 
2450 1.176000 0.929238 0.929238 0.247753 0.247753 0.991011 0.991011 1.000000 1 1 
2451 1.177000 0.930229 0.930229 0.247762 0.247762 0.991047 0.991047 1.000000 1 1 
2452 1.178000 0.931220 0.931220 0.247771 0.247771 0.991083 0.991083 1.000000 1 1 
2453 1.179000 0.932212 0.932212 0.247780 0.247780 0.991118 0.991118 1.000000 1 1 
2454 1.180000 0.933203 0.933203 0.247788 0.247788 0.991154 0.991154 1.000000 1 1 
2455 1.181000 0.934194 0.934194 0.247797 0.247797 0.991189 0.991189 1.000000 1 1 
2456 1.182000 0.935185 0.935185 0.247806 0.247806 0.991225 0.991225 1.000000 1 1 
2457 1.183000 0.936176 0.936176 0.247815 0.247815 0.991260 0.991260 1.000000 1 1 
2458 1.184000 0.937168 0.937168 0.247824 0.247824 0.991295 0.991295 1.000000 1 1 
2459 1.185000 0.938159 0.938159 0.247832 0.247832 0.991329 0.991329 1.000000 1 1 
2460 1.186000 0.939150 0.939150 0.247841 0.247841 0.991364 0.991364 1.000000 1 1 
2461 1.187000 0.940142 0.940142 0.247850 0.247850 0.991399 0.991399 1.000000 1 1 
2462 1.188000 0.941133 0.941133 0.247858 0.247858 0.991433 0.991433 1.000000 1 1 
2463 1.189000 0.942125 0.942125 0.247867 0.247867 0.991467 0.991467 1.000000 1 1 
2464 1.190000 0.943116 0.943116 0.247875 0.247875 0.991502 0.991502 1.000000 1 1 
2465 1.191000 0.944108 0.944108 0.247884 0.247884 0.991536 0.991536 1.000000 1 1 
2466 1.192000 0.945099 0.945099 0.247892 0.247892 0.991569 0.991569 1.000000 1 1 
2467 1.193000 0.946091 0.946091 0.247901 0.247901 0.991603 0.991603 1.000000 1 1 
2468 1.194000 0.947082 0.947082 0.247909 0.247909 0.991637 0.991637 1.000000 1 1 
2469 1.195000 0.948074 0.948074 0.247918 0.247918 0.991670 0.991670 1.000000 1 1 
2470 1.196000 0.949066 0.949066 0.247926 0.247926 0.991703 0.991703 1.000000 1 1 
2471 1.197000 0.950058 0.950058 0.247934 0.247934 0.991737 0.991737 1.000000 1 1 
2472 1.198000 0.951049 0.951049 0.247942 0.247942 0.991770 0.991770 1.000000 1 1 
2473 1.199000 0.952041 0.952041 0.247951 0.247951 0.991803 0.991803 1.000000 1 1 
2474 1.200000 0.953033 0.953033 0.247959 0.247959 0.991835 0.991835 1.000000 1 1 
2475 1.201000 0.954025 0.954025 0.247967 0.247967 0.991868 0.991868 1.000000 1 1 
2476 1.202000 0.955017 0.955017 0.247975 0.247975 0.991901 0.991901 1.000000 1 1 
2477 1.203000 0.956009 0.956009 0.247983 0.247983 0.991933 0.991933 1.000000 1 1 
2478 1.204000 0.957001 0.957001 0.247991 0.247991 0.991965 0.991965 1.000000 1 1 
2479 1.205000 0.957993 0.957993 0.247999 0.247999 0.991997 0.991997 1.000000 1 1 
2480 1.206000 0.958985 0.958985 0.248007 0.248007 0.992029 0.992029 1.000000 1 1 
2481 1.207000 0.959977 0.959977 0.248015 0.248015 0.992061 0.992061 1.000000 1 1 
2482 1.208000 0.960969 0.960969 0.248023 0.248023 0.992093 0.992093 1.000000 1 1 
2483 1.209000 0.961961 0.961961 0.248031 0.248031 0.992125 0.992125 1.000000 1 1 
2484 1.210000 0.962953 0.962953 0.248039 0.248039 0.992156 0.992156 1.000000 1 1 
2485 1.211000 0.963945 0.963945 0.248047 0.248047 0.992188 0.992188 1.000000 1 1 
2486 1.212000 0.964938 0.964938 0.248055 0.248055 0.992219 0.992219 1.000000 1 1 
2487 1.213000 0.965930 0.965930 0.248062 0.248062 0.992250 0.992250 1.000000 1 1 
2488 1.214000 0.966922 0.966922 0.248070 0.248070 0.992281 0.992281 1.000000 1 1 
2489 1.215000 0.967914 0.967914 0.248078 0.248078 0.992312 0.992312 1.000000 1 1 
2490 1.216000 0.968907 0.968907 0.248086 0.248086 0.992343 0.992343 1.000000 1 1 
2491 1.217000 0.969899 0.969899 0.248093 0.248093 0.992373 0.992373 1.000000 1 1 
2492 1.218000 0.970891 0.970891 0.248101 0.248101 0.992404 0.992404 1.000000 1 1 
2493 1.219000 0.971884 0.971884 0.248109 0.248109 0.992434 0.992434 1.000000 1 1 
2494 1.220000 0.972876 0.972876 0.248116 0.248116 0.992464 0.992464 1.000000 1 1 
2495 1.221000 0.973869 0.973869 0.248124 0.248124 0.992494 0.992494 1.000000 1 1 
2496 1.222000 0.974861 0.974861 0.248131 0.248131 0.992525 0.992525 1.000000 1 1 
2497 1.223000 0.975854 0.975854 0.248139 0.248139 0.992554 0.992554 1.000000 1 1 
2498 1.224000 0.976847 0.976847 0.248146 0.248146 0.992584 0.992584 1.000000 1 1 
2499 1.225000 0.977839 0.977839 0.248153 0.248153 0.992614 0.992614 1.000000 1 1 
2500 1.226000 0.978832 0.978832 0.248161 0.248161 0.992643 0.992643 1.000000 1 1 
2501 1.227000 0.979824 0.979824 0.248168 0.248168 0.992673 0.992673 1.000000 1 1 
2502 1.228000 0.980817 0.980817 0.248176 0.248176 0.992702 0.992702 1.000000 1 1 
2503 1.229000 0.981810 0.981810 0.248183 0.248183 0.992731 0.992731 1.000000 1 1 
2504 1.230000 0.982803 0.982803 0.248190 0.248190 0.992760 0.992760 1.000000 1 1 
2505 1.231000 0.983795 0.983795 0.248197 0.248197 0.992789 0.992789 1.000000 1 1 
2506 1.232000 0.984788 0.984788 0.248205 0.248205 0.992818 0.992818 1.000000 1 1 
2507 1.233000 0.985781 0.985781 0.248212 0.248212 0.992847 0.992847 1.000000 1 1 
2508 1.234000 0.986774 0.986774 0.248219 0.248219 0.992876 0.992876 1.000000 1 1 
2509 1.235000 0.987767 0.987767 0.248226 0.248226 0.992904 0.992904 1.000000 1 1 
2510 1.236000 0.988760 0.988760 0.248233 0.248233 0.992932 0.992932 1.000000 1 1 
2511 1.237000 0.989753 0.989753 0.248240 0.248240 0.992961 0.992961 1.000000 1 1 
2512 1.238000 0.990746 0.990746 0.248247 0.248247 0.992989 0.992989 1.000000 1 1 
2513 1.239000 0.991739 0.991739 0.248254 0.248254 0.993017 0.993017 1.000000 1 1 
2514 1.240000 0.992732 0.992732 0.248261 0.248261 0.993045 0.993045 1.000000 1 1 
2515 1.241000 0.993725 0.993725 0.248268 0.248268 0.993073 0.993073 1.000000 1 1 
2516 1.242000 0.994718 0.994718 0.248275 0.248275 0.993100 0.993100 1.000000 1 1 
2517 1.243000 0.995711 0.995711 0.248282 0.248282 0.993128 0.993128 1.000000 1 1 
2518 1.244000 0.996704 0.996704 0.248289 0.248289 0.993155 0.993155 1.000000 1 1 
2519 1.245000 0.997697 0.997697 0.248296 0.248296 0.993183 0.993183 1.000000 1 1 
2520 1.246000 0.998691 0.998691 0.248303 0.248303 0.993210 0.993210 1.000000 1 1 
2521 1.247000 0.999684 0.999684 0.248309 0.248309 0.993237 0.993237 1.000000 1 1 
2522 1.248000 1.000677 1.000677 0.248316 0.248316 0.993264 0.993264 1.000000 1 1 
2523 1.249000 1.001670 1.001670 0.248323 0.248323 0.993291 0.993291 1.000000 1 1 
2524 1.250000 1.002664 1.002664 0.248330 0.248330 0.993318 0.993318 1.000000 1 1 
2525 1.251000 1.003657 1.003657 0.248336 0.248336 0.993345 0.993345 1.000000 1 1 
2526 1.252000 1.004651 1.004651 0.248343 0.248343 0.993371 0.993371 1.000000 1 1 
2527 1.253000 1.005644 1.005644 0.248349 0.248349 0.993398 0.993398 1.000000 1 1 
2528 1.254000 1.006637 1.006637 0.248356 0.248356 0.993424 0.993424 1.000000 1 1 
2529 1.255000 1.007631 1.007631 0.248363 0.248363 0.993451 0.993451 1.000000 1 1 
2530 1.256000 1.008624 1.008624 0.248369 0.248369 0.993477 0.993477 1.000000 1 1 
2531 1.257000 1.009618 1.009618 0.248376 0.248376 0.993503 0.993503 1.000000 1 1 
2532 1.258000 1.010611 1.010611 0.248382 0.248382 0.993529 0.993529 1.000000 1 1 
2533 1.259000 1.011605 1.011605 0.248389 0.248389 0.993555 0.993555 1.000000 1 1 
2534 1.260000 1.012598 1.012598 0.248395 0.248395 0.993581 0.993581 1.000000 1 1 
2535 1.261000 1.013592 1.013592 0.248402 0.248402 0.993606 0.993606 1.000000 1 1 
2536 1.262000 1.014586 1.014586 0.248408 0.248408 0.993632 0.993632 1.000000 1 1 
2537 1.263000 1.015579 1.015579 0.248414 0.248414 0.993657 0.993657 1.000000 1 1 
2538 1.264000 1.016573 1.016573 0.248421 0.248421 0.993683 0.993683 1.000000 1 1 
2539 1.265000 1.017567 1.017567 0.248427 0.248427 0.993708 0.993708 1.000000 1 1 
2540 1.266000 1.018560 1.018560 0.248433 0.248433 0.993733 0.993733 1.000000 1 1 
2541 1.267000 1.019554 1.019554 0.248440 0.248440 0.993758 0.993758 1.000000 1 1 
2542 1.268000 1.020548 1.020548 0.248446 0.248446 0.993783 0.993783 1.000000 1 1 
2543 1.269000 1.021542 1.021542 0.248452 0.248452 0.993808 0.993808 1.000000 1 1 
2544 1.270000 1.022536 1.022536 0.248458 0.248458 0.993833 0.993833 1.000000 1 1 
2545 1.271000 1.023529 1.023529 0.248464 0.248464 0.993857 0.993857 1.000000 1 1 
2546 1.272000 1.024523 1.024523 0.248471 0.248471 0.993882 0.993882 1.000000 1 1 
2547 1.273000 1.025517 1.025517 0.248477 0.248477 0.993907 0.993907 1.000000 1 1 
2548 1.274000 1.026511 1.026511 0.248483 0.248483 0.993931 0.993931 1.000000 1 1 
2549 1.275000 1.027505 1.027505 0.248489 0.248489 0.993955 0.993955 1.000000 1 1 
2550 1.276000 1.028499 1.028499 0.248495 0.248495 0.993979 0.993979 1.000000 1 1 
2551 1.277000 1.029493 1.029493 0.248501 0.248501 0.994003 0.994003 1.000000 1 1 
2552 1.278000 1.030487 1.030487 0.248507 0.248507 0.994027 0.994027 1.000000 1 1 
2553 1.279000 1.031481 1.031481 0.248513 0.248513 0.994051 0.994051 1.000000 1 1 
2554 1.280000 1.032475 1.032475 0.248519 0.248519 0.994075 0.994075 1.000000 1 1 
2555 1.281000 1.033469 1.033469 0.248525 0.248525 0.994099 0.994099 1.000000 1 1 
2556 1.282000 1.034464 1.034464 0.248531 0.248531 0.994122 0.994122 1.000000 1 1 
2557 1.283000 1.035458 1.035458 0.248536 0.248536 0.994146 0.994146 1.000000 1 1 
2558 1.284000 1.036452 1.036452 0.248542 0.248542 0.994169 0.994169 1.000000 1 1 
2559 1.285000 1.037446 1.037446 0.248548 0.248548 0.994193 0.994193 1.000000 1 1 
2560 1.286000 1.038440 1.038440 0.248554 0.248554 0.994216 0.994216 1.000000 1 1 
2561 1.287000 1.039434 1.039434 0.248560 0.248560 0.994239 0.994239 1.000000 1 1 
2562 1.288000 1.040429 1.040429 0.248566 0.248566 0.994262 0.994262 1.000000 1 1 
2563 1.289000 1.041423 1.041423 0.248571 0.248571 0.994285 0.994285 1.000000 1 1 
2564 1.290000 1.042417 1.042417 0.248577 0.248577 0.994308 0.994308 1.000000 1 1 
2565 1.291000 1.043412 1.043412 0.248583 0.248583 0.994331 0.994331 1.000000 1 1 
2566 1.292000 1.044406 1.044406 0.248588 0.248588 0.994353 0.994353 1.000000 1 1 
2567 1.293000 1.045400 1.045400 0.248594 0.248594 0.994376 0.994376 1.000000 1 1 
2568 1.294000 1.046395 1.046395 0.248600 0.248600 0.994398 0.994398 1.000000 1 1 
2569 1.295000 1.047389 1.047389 0.248605 0.248605 0.994421 0.994421 1.000000 1 1 
2570 1.296000 1.048384 1.048384 0.248611 0.248611 0.994443 0.994443 1.000000 1 1 
2571 1.297000 1.049378 1.049378 0.248616 0.248616 0.994465 0.994465 1.000000 1 1 
2572 1.298000 1.050373 1.050373 0.248622 0.248622 0.994487 0.994487 1.000000 1 1 
2573 1.299000 1.051367 1.051367 0.248627 0.248627 0.994510 0.994510 1.000000 1 1 
2574 1.300000 1.052362 1.052362 0.248633 0.248633 0.994532 0.994532 1.000000 1 1 
2575 1.301000 1.053356 1.053356 0.248638 0.248638 0.994553 0.994553 1.000000 1 1 
2576 1.302000 1.054351 1.054351 0.248644 0.248644 0.994575 0.994575 1.000000 1 1 
2577 1.303000 1.055345 1.055345 0.248649 0.248649 0.994597 0.994597 1.000000 1 1 
2578 1.304000 1.056340 1.056340 0.248655 0.248655 0.994618 0.994618 1.000000 1 1 
2579 1.305000 1.057335 1.057335 0.248660 0.248660 0.994640 0.994640 1.000000 1 1 
2580 1.306000 1.058329 1.058329 0.248665 0.248665 0.994661 0.994661 1.000000 1 1 
2581 1.307000 1.059324 1.059324 0.248671 0.248671 0.994683 0.994683 1.000000 1 1 
2582 1.308000 1.060319 1.060319 0.248676 0.248676 0.994704 0.994704 1.000000 1 1 
2583 1.309000 1.061313 1.061313 0.248681 0.248681 0.994725 0.994725 1.000000 1 1 
2584 1.310000 1.062308 1.062308 0.248687 0.248687 0.994746 0.994746 1.000000 1 1 
2585 1.311000 1.063303 1.063303 0.248692 0.248692 0.994767 0.994767 1.000000 1 1 
2586 1.312000 1.064298 1.064298 0.248697 0.248697 0.994788 0.994788 1.000000 1 1 
2587 1.313000 1.065293 1.065293 0.248702 0.248702 0.994809 0.994809 1.000000 1 1 
2588 1.314000 1.066287 1.066287 0.248707 0.248707 0.994830 0.994830 1.000000 1 1 
2589 1.315000 1.067282 1.067282 0.248713 0.248713 0.994851 0.994851 1.000000 1 1 
2590 1.316000 1.068277 1.068277 0.248718 0.248718 0.994871 0.994871 1.000000 1 1 
2591 1.317000 1.069272 1.069272 0.248723 0.248723 0.994892 0.994892 1.000000 1 1 
2592 1.318000 1.070267 1.070267 0.248728 0.248728 0.994912 0.994912 1.000000 1 1 
2593 1.319000 1.071262 1.071262 0.248733 0.248733 0.994932 0.994932 1.000000 1 1 
2594 1.320000 1.072257 1.072257 0.248738 0.248738 0.994953 0.994953 1.000000 1 1 
2595 1.321000 1.073252 1.073252 0.248743 0.248743 0.994973 0.994973 1.000000 1 1 
2596 1.322000 1.074247 1.074247 0.248748 0.248748 0.994993 0.994993 1.000000 1 1 
2597 1.323000 1.075242 1.075242 0.248753 0.248753 0.995013 0.995013 1.000000 1 1 
2598 1.324000 1.076237 1.076237 0.248758 0.248758 0.995033 0.995033 1.000000 1 1 
2599 1.325000 1.077232 1.077232 0.248763 0.248763 0.995053 0.995053 1.000000 1 1 
2600 1.326000 1.078227 1.078227 0.248768 0.248768 0.995073 0.995073 1.000000 1 1 
2601 1.327000 1.079222 1.079222 0.248773 0.248773 0.995092 0.995092 1.000000 1 1 
2602 1.328000 1.080217 1.080217 0.248778 0.248778 0.995112 0.995112 1.000000 1 1 
2603 1.329000 1.081212 1.081212 0.248783 0.248783 0.995132 0.995132 1.000000 1 1 
2604 1.330000 1.082207 1.082207 0.248788 0.248788 0.995151 0.995151 1.000000 1 1 
2605 1.331000 1.083203 1.083203 0.248793 0.248793 0.995170 0.995170 1.000000 1 1 
2606 1.332000 1.084198 1.084198 0.248797 0.248797 0.995190 0.995190 1.000000 1 1 
2607 1.333000 1.085193 1.085193 0.248802 0.248802 0.995209 0.995209 1.000000 1 1 
2608 1.334000 1.086188 1.086188 0.248807 0.248807 0.995228 0.995228 1.000000 1 1 
2609 1.335000 1.087183 1.087183 0.248812 0.248812 0.995247 0.995247 1.000000 1 1 
2610 1.336000 1.088179 1.088179 0.248817 0.248817 0.995266 0.995266 1.000000 1 1 
2611 1.337000 1.089174 1.089174 0.248821 0.248821 0.995285 0.995285 1.000000 1 1 
2612 1.338000 1.090169 1.090169 0.248826 0.248826 0.995304 0.995304 1.000000 1 1 
2613 1.339000 1.091165 1.091165 0.248831 0.248831 0.995323 0.995323 1.000000 1 1 
2614 1.340000 1.092160 1.092160 0.248835 0.248835 0.995342 0.995342 1.000000 1 1 
2615 1.341000 1.093155 1.093155 0.248840 0.248840 0.995360 0.995360 1.000000 1 1 
2616 1.342000 1.094151 1.094151 0.248845 0.248845 0.995379 0.995379 1.000000 1 1 
2617 1.343000 1.095146 1.095146 0.248849 0.248849 0.995397 0.995397 1.000000 1 1 
2618 1.344000 1.096142 1.096142 0.248854 0.248854 0.995416 0.995416 1.000000 1 1 
2619 1.345000 1.097137 1.097137 0.248858 0.248858 0.995434 0.995434 1.000000 1 1 
2620 1.346000 1.098132 1.098132 0.248863 0.248863 0.995452 0.995452 1.000000 1 1 
2621 1.347000 1.099128 1.099128 0.248868 0.248868 0.995470 0.995470 1.000000 1 1 
2622 1.348000 1.100123 1.100123 0.248872 0.248872 0.995489 0.995489 1.000000 1 1 
2623 1.349000 1.101119 1.101119 0.248877 0.248877 0.995507 0.995507 1.000000 1 1 
2624 1.350000 1.102114 1.102114 0.248881 0.248881 0.995525 0.995525 1.000000 1 1 
2625 1.351000 1.103110 1.103110 0.248886 0.248886 0.995542 0.995542 1.000000 1 1 
2626 1.352000 1.104105 1.104105 0.248890 0.248890 0.995560 0.995560 1.000000 1 1 
2627 1.353000 1.105101 1.105101 0.248895 0.248895 0.995578 0.995578 1.000000 1 1 
2628 1.354000 1.106097 1.106097 0.248899 0.248899 0.995596 0.995596 1.000000 1 1 
2629 1.355000 1.107092 1.107092 0.248903 0.248903 0.995613 0.995613 1.000000 1 1 
2630 1.356000 1.108088 1.108088 0.248908 0.248908 0.995631 0.995631 1.000000 1 1 
2631 1.357000 1.109084 1.109084 0.248912 0.248912 0.995648 0.995648 1.000000 1 1 
2632 1.358000 1.110079 1.110079 0.248916 0.248916 0.995666 0.995666 1.000000 1 1 
2633 1.359000 1.111075 1.111075 0.248921 0.248921 0.995683 0.995683 1.000000 1 1 
2634 1.360000 1.112071 1.112071 0.248925 0.248925 0.995700 0.995700 1.000000 1 1 
2635 1.361000 1.113066 1.113066 0.248929 0.248929 0.995718 0.995718 1.000000 1 1 
2636 1.362000 1.114062 1.114062 0.248934 0.248934 0.995735 0.995735 1.000000 1 1 
2637 1.363000 1.115058 1.115058 0.248938 0.248938 0.995752 0.995752 1.000000 1 1 
2638 1.364000 1.116054 1.116054 0.248942 0.248942 0.995769 0.995769 1.000000 1 1 
2639 1.365000 1.117049 1.117049 0.248946 0.248946 0.995786 0.995786 1.000000 1 1 
2640 1.366000 1.118045 1.118045 0.248951 0.248951 0.995803 0.995803 1.000000 1 1 
2641 1.367000 1.119041 1.119041 0.248955 0.248955 0.995819 0.995819 1.000000 1 1 
2642 1.368000 1.120037 1.120037 0.248959 0.248959 0.995836 0.995836 1.000000 1 1 
2643 1.369000 1.121033 1.121033 0.248963 0.248963 0.995853 0.995853 1.000000 1 1 
2644 1.370000 1.122029 1.122029 0.248967 0.248967 0.995869 0.995869 1.000000 1 1 
2645 1.371000 1.123024 1.123024 0.248971 0.248971 0.995886 0.995886 1.000000 1 1 
2646 1.372000 1.124020 1.124020 0.248976 0.248976 0.995902 0.995902 1.000000 1 1 
2647 1.373000 1.125016 1.125016 0.248980 0.248980 0.995919 0.995919 1.000000 1 1 
2648 1.374000 1.126012 1.126012 0.248984 0.248984 0.995935 0.995935 1.000000 1 1 
2649 1.375000 1.127008 1.127008 0.248988 0.248988 0.995951 0.995951 1.000000 1 1 
2650 1.376000 1.128004 1.128004 0.248992 0.248992 0.995967 0.995967 1.000000 1 1 
2651 1.377000 1.129000 1.129000 0.248996 0.248996 0.995984 0.995984 1.000000 1 1 
2652 1.378000 1.129996 1.129996 0.249000 0.249000 0.996000 0.996000 1.000000 1 1 
2653 1.379000 1.130992 1.130992 0.249004 0.249004 0.996016 0.996016 1.000000 1 1 
2654 1.380000 1.131988 1.131988 0.249008 0.249008 0.996032 0.996032 1.000000 1 1 
2655 1.381000 1.132984 1.132984 0.249012 0.249012 0.996047 0.996047 1.000000 1 1 
2656 1.382000 1.133980 1.133980 0.249016 0.249016 0.996063 0.996063 1.000000 1 1 
2657 1.383000 1.134976 1.134976 0.249020 0.249020 0.996079 0.996079 1.000000 1 1 
2658 1.384000 1.135972 1.135972 0.249024 0.249024 0.996095 0.996095 1.000000 1 1 
2659 1.385000 1.136969 1.136969 0.249028 0.249028 0.996110 0.996110 1.000000 1 1 
2660 1.386000 1.137965 1.137965 0.249031 0.249031 0.996126 0.996126 1.000000 1 1 
2661 1.387000 1.138961 1.138961 0.249035 0.249035 0.996141 0.996141 1.000000 1 1 
2662 1.388000 1.139957 1.139957 0.249039 0.249039 0.996157 0.996157 1.000000 1 1 
2663 1.389000 1.140953 1.140953 0.249043 0.249043 0.996172 0.996172 1.000000 1 1 
2664 1.390000 1.141949 1.141949 0.249047 0.249047 0.996188 0.996188 1.000000 1 1 
2665 1.391000 1.142946 1.142946 0.249051 0.249051 0.996203 0.996203 1.000000 1 1 
2666 1.392000 1.143942 1.143942 0.249054 0.249054 0.996218 0.996218 1.000000 1 1 
2667 1.393000 1.144938 1.144938 0.249058 0.249058 0.996233 0.996233 1.000000 1 1 
2668 1.394000 1.145934 1.145934 0.249062 0.249062 0.996248 0.996248 1.000000 1 1 
2669 1.395000 1.146930 1.146930 0.249066 0.249066 0.996263 0.996263 1.000000 1 1 
2670 1.396000 1.147927 1.147927 0.249070 0.249070 0.996278 0.996278 1.000000 1 1 
2671 1.397000 1.148923 1.148923 0.249073 0.249073 0.996293 0.996293 1.000000 1 1 
2672 1.398000 1.149919 1.149919 0.249077 0.249077 0.996308 0.996308 1.000000 1 1 
2673 1.399000 1.150916 1.150916 0.249081 0.249081 0.996323 0.996323 1.000000 1 1 
2674 1.400000 1.151912 1.151912 0.249084 0.249084 0.996337 0.996337 1.000000 1 1 
2675 1.401000 1.152908 1.152908 0.249088 0.249088 0.996352 0.996352 1.000000 1 1 
2676 1.402000 1.153905 1.153905 0.249092 0.249092 0.996367 0.996367 1.000000 1 1 
2677 1.403000 1.154901 1.154901 0.249095 0.249095 0.996381 0.996381 1.000000 1 1 
2678 1.404000 1.155898 1.155898 0.249099 0.249099 0.996396 0.996396 1.000000 1 1 
2679 1.405000 1.156894 1.156894 0.249102 0.249102 0.996410 0.996410 1.000000 1 1 
2680 1.406000 1.157890 1.157890 0.249106 0.249106 0.996424 0.996424 1.000000 1 1 
2681 1.407000 1.158887 1.158887 0.249110 0.249110 0.996439 0.996439 1.000000 1 1 
2682 1.408000 1.159883 1.159883 0.249113 0.249113 0.996453 0.996453 1.000000 1 1 
2683 1.409000 1.160880 1.160880 0.249117 0.249117 0.996467 0.996467 1.000000 1 1 
2684 1.410000 1.161876 1.161876 0.249120 0.249120 0.996481 0.996481 1.000000 1 1 
2685 1.411000 1.162873 1.162873 0.249124 0.249124 0.996495 0.996495 1.000000 1 1 
2686 1.412000 1.163869 1.163869 0.249127 0.249127 0.996509 0.996509 1.000000 1 1 
2687 1.413000 1.164866 1.164866 0.249131 0.249131 0.996523 0.996523 1.000000 1 1 
2688 1.414000 1.165862 1.165862 0.249134 0.249134 0.996537 0.996537 1.000000 1 1 
2689 1.415000 1.166859 1.166859 0.249138 0.249138 0.996551 0.996551 1.000000 1 1 
2690 1.416000 1.167855 1.167855 0.249141 0.249141 0.996565 0.996565 1.000000 1 1 
2691 1.417000 1.168852 1.168852 0.249145 0.249145 0.996579 0.996579 1.000000 1 1 
2692 1.418000 1.169849 1.169849 0.249148 0.249148 0.996592 0.996592 1.000000 1 1 
2693 1.419000 1.170845 1.170845 0.249151 0.249151 0.996606 0.996606 1.000000 1 1 
2694 1.420000 1.171842 1.171842 0.249155 0.249155 0.996619 0.996619 1.000000 1 1 
2695 1.421000 1.172838 1.172838 0.249158 0.249158 0.996633 0.996633 1.000000 1 1 
2696 1.422000 1.173835 1.173835 0.249162 0.249162 0.996646 0.996646 1.000000 1 1 
2697 1.423000 1.174832 1.174832 0.249165 0.249165 0.996660 0.996660 1.000000 1 1 
2698 1.424000 1.175828 1.175828 0.249168 0.249168 0.996673 0.996673 1.000000 1 1 
2699 1.425000 1.176825 1.176825 0.249172 0.249172 0.996687 0.996687 1.000000 1 1 
2700 1.426000 1.177822 1.177822 0.249175 0.249175 0.996700 0.996700 1.000000 1 1 
2701 1.427000 1.178818 1.178818 0.249178 0.249178 0.996713 0.996713 1.000000 1 1 
2702 1.428000 1.179815 1.179815 0.249182 0.249182 0.996726 0.996726 1.000000 1 1 
2703 1.429000 1.180812 1.180812 0.249185 0.249185 0.996739 0.996739 1.000000 1 1 
2704 1.430000 1.181809 1.181809 0.249188 0.249188 0.996752 0.996752 1.000000 1 1 
2705 1.431000 1.182805 1.182805 0.249191 0.249191 0.996765 0.996765 1.000000 1 1 
2706 1.432000 1.183802 1.183802 0.249195 0.249195 0.996778 0.996778 1.000000 1 1 
2707 1.433000 1.184799 1.184799 0.249198 0.249198 0.996791 0.996791 1.000000 1 1 
2708 1.434000 1.185796 1.185796 0.249201 0.249201 0.996804 0.996804 1.000000 1 1 
2709 1.435000 1.186793 1.186793 0.249204 0.249204 0.996817 0.996817 1.000000 1 1 
2710 1.436000 1.187789 1.187789 0.249207 0.249207 0.996829 0.996829 1.000000 1 1 
2711 1.437000 1.188786 1.188786 0.249211 0.249211 0.996842 0.996842 1.000000 1 1 
2712 1.438000 1.189783 1.189783 0.249214 0.249214 0.996855 0.996855 1.000000 1 1 
2713 1.439000 1.190780 1.190780 0.249217 0.249217 0.996867 0.996867 1.000000 1 1 
2714 1.440000 1.191777 1.191777 0.249220 0.249220 0.996880 0.996880 1.000000 1 1 
2715 1.441000 1.192774 1.192774 0.249223 0.249223 0.996892 0.996892 1.000000 1 1 
2716 1.442000 1.193771 1.193771 0.249226 0.249226 0.996905 0.996905 1.000000 1 1 
2717 1.443000 1.194768 1.194768 0.249229 0.249229 0.996917 0.996917 1.000000 1 1 
2718 1.444000 1.195765 1.195765 0.249232 0.249232 0.996929 0.996929 1.000000 1 1 
2719 1.445000 1.196762 1.196762 0.249235 0.249235 0.996942 0.996942 1.000000 1 1 
2720 1.446000 1.197758 1.197758 0.249238 0.249238 0.996954 0.996954 1.000000 1 1 
2721 1.447000 1.198755 1.198755 0.249242 0.249242 0.996966 0.996966 1.000000 1 1 
2722 1.448000 1.199752 1.199752 0.249245 0.249245 0.996978 0.996978 1.000000 1 1 
2723 1.449000 1.200749 1.200749 0.249248 0.249248 0.996990 0.996990 1.000000 1 1 
2724 1.450000 1.201746 1.201746 0.249251 0.249251 0.997002 0.997002 1.000000 1 1 
2725 1.451000 1.202743 1.202743 0.249254 0.249254 0.997014 0.997014 1.000000 1 1 
2726 1.452000 1.203740 1.203740 0.249257 0.249257 0.997026 0.997026 1.000000 1 1 
2727 1.453000 1.204737 1.204737 0.249260 0.249260 0.997038 0.997038 1.000000 1 1 
2728 1.454000 1.205735 1.205735 0.249263 0.249263 0.997050 0.997050 1.000000 1 1 
2729 1.455000 1.206732 1.206732 0.249265 0.249265 0.997062 0.997062 1.000000 1 1 
2730 1.456000 1.207729 1.207729 0.249268 0.249268 0.997074 0.997074 1.000000 1 1 
2731 1.457000 1.208726 1.208726 0.249271 0.249271 0.997085 0.997085 1.000000 1 1 
2732 1.458000 1.209723 1.209723 0.249274 0.249274 0.997097 0.997097 1.000000 1 1 
2733 1.459000 1.210720 1.210720 0.249277 0.249277 0.997109 0.997109 1.000000 1 1 
2734 1.460000 1.211717 1.211717 0.249280 0.249280 0.997120 0.997120 1.000000 1 1 
2735 1.461000 1.212714 1.212714 0.249283 0.249283 0.997132 0.997132 1.000000 1 1 
2736 1.462000 1.213711 1.213711 0.249286 0.249286 0.997143 0.997143 1.000000 1 1 
2737 1.463000 1.214708 1.214708 0.249289 0.249289 0.997155 0.997155 1.000000 1 1 
2738 1.464000 1.215706 1.215706 0.249292 0.249292 0.997166 0.997166 1.000000 1 1 
2739 1.465000 1.216703 1.216703 0.249294 0.249294 0.997177 0.997177 1.000000 1 1 
2740 1.466000 1.217700 1.217700 0.249297 0.249297 0.997189 0.997189 1.000000 1 1 
2741 1.467000 1.218697 1.218697 0.249300 0.249300 0.997200 0.997200 1.000000 1 1 
2742 1.468000 1.219694 1.219694 0.249303 0.249303 0.997211 0.997211 1.000000 1 1 
2743 1.469000 1.220692 1.220692 0.249306 0.249306 0.997222 0.997222 1.000000 1 1 
2744 1.470000 1.221689 1.221689 0.249308 0.249308 0.997233 0.997233 1.000000 1 1 
2745 1.471000 1.222686 1.222686 0.249311 0.249311 0.997244 0.997244 1.000000 1 1 
2746 1.472000 1.223683 1.223683 0.249314 0.249314 0.997255 0.997255 1.000000 1 1 
2747 1.473000 1.224681 1.224681 0.249317 0.249317 0.997266 0.997266 1.000000 1 1 
2748 1.474000 1.225678 1.225678 0.249319 0.249319 0.997277 0.997277 1.000000 1 1 
2749 1.475000 1.226675 1.226675 0.249322 0.249322 0.997288 0.997288 1.000000 1 1 
2750 1.476000 1.227673 1.227673 0.249325 0.249325 0.997299 0.997299 1.000000 1 1 
2751 1.477000 1.228670 1.228670 0.249327 0.249327 0.997310 0.997310 1.000000 1 1 
2752 1.478000 1.229667 1.229667 0.249330 0.249330 0.997321 0.997321 1.000000 1 1 
2753 1.479000 1.230664 1.230664 0.249333 0.249333 0.997331 0.997331 1.000000 1 1 
2754 1.480000 1.231662 1.231662 0.249336 0.249336 0.997342 0.997342 1.000000 1 1 
2755 1.481000 1.232659 1.232659 0.249338 0.249338 0.997353 0.997353 1.000000 1 1 
2756 1.482000 1.233657 1.233657 0.249341 0.249341 0.997363 0.997363 1.000000 1 1 
2757 1.483000 1.234654 1.234654 0.249343 0.249343 0.997374 0.997374 1.000000 1 1 
2758 1.484000 1.235651 1.235651 0.249346 0.249346 0.997384 0.997384 1.000000 1 1 
2759 1.485000 1.236649 1.236649 0.249349 0.249349 0.997395 0.997395 1.000000 1 1 
2760 1.486000 1.237646 1.237646 0.249351 0.249351 0.997405 0.997405 1.000000 1 1 
2761 1.487000 1.238644 1.238644 0.249354 0.249354 0.997416 0.997416 1.000000 1 1 
2762 1.488000 1.239641 1.239641 0.249356 0.249356 0.997426 0.997426 1.000000 1 1 
2763 1.489000 1.240638 1.240638 0.249359 0.249359 0.997436 0.997436 1.000000 1 1 
2764 1.490000 1.241636 1.241636 0.249362 0.249362 0.997446 0.997446 1.000000 1 1 
2765 1.491000 1.242633 1.242633 0.249364 0.249364 0.997457 0.997457 1.000000 1 1 
2766 1.492000 1.243631 1.243631 0.249367 0.249367 0.997467 0.997467 1.000000 1 1 
2767 1.493000 1.244628 1.244628 0.249369 0.249369 0.997477 0.997477 1.000000 1 1 
2768 1.494000 1.245626 1.245626 0.249372 0.249372 0.997487 0.997487 1.000000 1 1 
2769 1.495000 1.246623 1.246623 0.249374 0.249374 0.997497 0.997497 1.000000 1 1 
2770 1.496000 1.247621 1.247621 0.249377 0.249377 0.997507 0.997507 1.000000 1 1 
2771 1.497000 1.248618 1.248618 0.249379 0.249379 0.997517 0.997517 1.000000 1 1 
2772 1.498000 1.249616 1.249616 0.249382 0.249382 0.997527 0.997527 1.000000 1 1 
2773 1.499000 1.250613 1.250613 0.249384 0.249384 0.997537 0.997537 1.000000 1 1 
2774 1.500000 1.251611 1.251611 0.249387 0.249387 0.997547 0.997547 1.000000 1 1 
2775 1.501000 1.252608 1.252608 0.249389 0.249389 0.997557 0.997557 1.000000 1 1 
2776 1.502000 1.253606 1.253606 0.249392 0.249392 0.997566 0.997566 1.000000 1 1 
2777 1.503000 1.254604 1.254604 0.249394 0.249394 0.997576 0.997576 1.000000 1 1 
2778 1.504000 1.255601 1.255601 0.249396 0.249396 0.997586 0.997586 1.000000 1 1 
2779 1.505000 1.256599 1.256599 0.249399 0.249399 0.997595 0.997595 1.000000 1 1 
2780 1.506000 1.257596 1.257596 0.249401 0.249401 0.997605 0.997605 1.000000 1 1 
2781 1.507000 1.258594 1.258594 0.249404 0.249404 0.997615 0.997615 1.000000 1 1 
2782 1.508000 1.259592 1.259592 0.249406 0.249406 0.997624 0.997624 1.000000 1 1 
2783 1.509000 1.260589 1.260589 0.249408 0.249408 0.997634 0.997634 1.000000 1 1 
2784 1.510000 1.261587 1.261587 0.249411 0.249411 0.997643 0.997643 1.000000 1 1 
2785 1.511000 1.262585 1.262585 0.249413 0.249413 0.997653 0.997653 1.000000 1 1 
2786 1.512000 1.263582 1.263582 0.249415 0.249415 0.997662 0.997662 1.000000 1 1 
2787 1.513000 1.264580 1.264580 0.249418 0.249418 0.997671 0.997671 1.000000 1 1 
2788 1.514000 1.265578 1.265578 0.249420 0.249420 0.997681 0.997681 1.000000 1 1 
2789 1.515000 1.266575 1.266575 0.249422 0.249422 0.997690 0.997690 1.000000 1 1 
2790 1.516000 1.267573 1.267573 0.249425 0.249425 0.997699 0.997699 1.000000 1 1 
2791 1.517000 1.268571 1.268571 0.249427 0.249427 0.997708 0.997708 1.000000 1 1 
2792 1.518000 1.269568 1.269568 0.249429 0.249429 0.997718 0.997718 1.000000 1 1 
2793 1.519000 1.270566 1.270566 0.249432 0.249432 0.997727 0.997727 1.000000 1 1 
2794 1.520000 1.271564 1.271564 0.249434 0.249434 0.997736 0.997736 1.000000 1 1 
2795 1.521000 1.272562 1.272562 0.249436 0.249436 0.997745 0.997745 1.000000 1 1 
2796 1.522000 1.273559 1.273559 0.249438 0.249438 0.997754 0.997754 1.000000 1 1 
2797 1.523000 1.274557 1.274557 0.249441 0.249441 0.997763 0.997763 1.000000 1 1 
2798 1.524000 1.275555 1.275555 0.249443 0.249443 0.997772 0.997772 1.000000 1 1 
2799 1.525000 1.276553 1.276553 0.249445 0.249445 0.997781 0.997781 1.000000 1 1 
2800 1.526000 1.277550 1.277550 0.249447 0.249447 0.997790 0.997790 1.000000 1 1 
2801 1.527000 1.278548 1.278548 0.249450 0.249450 0.997798 0.997798 1.000000 1 1 
2802 1.528000 1.279546 1.279546 0.249452 0.249452 0.997807 0.997807 1.000000 1 1 
2803 1.529000 1.280544 1.280544 0.249454 0.249454 0.997816 0.997816 1.000000 1 1 
2804 1.530000 1.281542 1.281542 0.249456 0.249456 0.997825 0.997825 1.000000 1 1 
2805 1.531000 1.282539 1.282539 0.249458 0.249458 0.997833 0.997833 1.000000 1 1 
2806 1.532000 1.283537 1.283537 0.249461 0.249461 0.997842 0.997842 1.000000 1 1 
2807 1.533000 1.284535 1.284535 0.249463 0.249463 0.997851 0.997851 1.000000 1 1 
2808 1.534000 1.285533 1.285533 0.249465 0.249465 0.997859 0.997859 1.000000 1 1 
2809 1.535000 1.286531 1.286531 0.249467 0.249467 0.997868 0.997868 1.000000 1 1 
2810 1.536000 1.287529 1.287529 0.249469 0.249469 0.997876 0.997876 1.000000 1 1 
2811 1.537000 1.288527 1.288527 0.249471 0.249471 0.997885 0.997885 1.000000 1 1 
2812 1.538000 1.289525 1.289525 0.249473 0.249473 0.997893 0.997893 1.000000 1 1 
2813 1.539000 1.290522 1.290522 0.249475 0.249475 0.997902 0.997902 1.000000 1 1 
2814 1.540000 1.291520 1.291520 0.249478 0.249478 0.997910 0.997910 1.000000 1 1 
2815 1.541000 1.292518 1.292518 0.249480 0.249480 0.997919 0.997919 1.000000 1 1 
2816 1.542000 1.293516 1.293516 0.249482 0.249482 0.997927 0.997927 1.000000 1 1 
2817 1.543000 1.294514 1.294514 0.249484 0.249484 0.997935 0.997935 1.000000 1 1 
2818 1.544000 1.295512 1.295512 0.249486 0.249486 0.997943 0.997943 1.000000 1 1 
2819 1.545000 1.296510 1.296510 0.249488 0.249488 0.997952 0.997952 1.000000 1 1 
2820 1.546000 1.297508 1.297508 0.249490 0.249490 0.997960 0.997960 1.000000 1 1 
2821 1.547000 1.298506 1.298506 0.249492 0.249492 0.997968 0.997968 1.000000 1 1 
2822 1.548000 1.299504 1.299504 0.249494 0.249494 0.997976 0.997976 1.000000 1 1 
2823 1.549000 1.300502 1.300502 0.249496 0.249496 0.997984 0.997984 1.000000 1 1 
2824 1.550000 1.301500 1.301500 0.249498 0.249498 0.997992 0.997992 1.000000 1 1 
2825 1.551000 1.302498 1.302498 0.249500 0.249500 0.998000 0.998000 1.000000 1 1 
2826 1.552000 1.303496 1.303496 0.249502 0.249502 0.998008 0.998008 1.000000 1 1 
2827 1.553000 1.304494 1.304494 0.249504 0.249504 0.998016 0.998016 1.000000 1 1 
2828 1.554000 1.305492 1.305492 0.249506 0.249506 0.998024 0.998024 1.000000 1 1 
2829 1.555000 1.306490 1.306490 0.249508 0.249508 0.998032 0.998032 1.000000 1 1 
2830 1.556000 1.307488 1.307488 0.249510 0.249510 0.998040 0.998040 1.000000 1 1 
2831 1.557000 1.308486 1.308486 0.249512 0.249512 0.998048 0.998048 1.000000 1 1 
2832 1.558000 1.309484 1.309484 0.249514 0.249514 0.998056 0.998056 1.000000 1 1 
2833 1.559000 1.310482 1.310482 0.249516 0.249516 0.998063 0.998063 1.000000 1 1 
2834 1.560000 1.311480 1.311480 0.249518 0.249518 0.998071 0.998071 1.000000 1 1 
2835 1.561000 1.312478 1.312478 0.249520 0.249520 0.998079 0.998079 1.000000 1 1 
2836 1.562000 1.313476 1.313476 0.249522 0.249522 0.998087 0.998087 1.000000 1 1 
2837 1.563000 1.314475 1.314475 0.249524 0.249524 0.998094 0.998094 1.000000 1 1 
2838 1.564000 1.315473 1.315473 0.249525 0.249525 0.998102 0.998102 1.000000 1 1 
2839 1.565000 1.316471 1.316471 0.249527 0.249527 0.998109 0.998109 1.000000 1 1 
2840 1.566000 1.317469 1.317469 0.249529 0.249529 0.998117 0.998117 1.000000 1 1 
2841 1.567000 1.318467 1.318467 0.249531 0.249531 0.998125 0.998125 1.000000 1 1 
2842 1.568000 1.319465 1.319465 0.249533 0.249533 0.998132 0.998132 1.000000 1 1 
2843 1.569000 1.320463 1.320463 0.249535 0.249535 0.998139 0.998139 1.000000 1 1 
2844 1.570000 1.321461 1.321461 0.249537 0.249537 0.998147 0.998147 1.000000 1 1 
2845 1.571000 1.322460 1.322460 0.249539 0.249539 0.998154 0.998154 1.000000 1 1 
2846 1.572000 1.323458 1.323458 0.249540 0.249540 0.998162 0.998162 1.000000 1 1 
2847 1.573000 1.324456 1.324456 0.249542 0.249542 0.998169 0.998169 1.000000 1 1 
2848 1.574000 1.325454 1.325454 0.249544 0.249544 0.998176 0.998176 1.000000 1 1 
2849 1.575000 1.326452 1.326452 0.249546 0.249546 0.998184 0.998184 1.000000 1 1 
2850 1.576000 1.327450 1.327450 0.249548 0.249548 0.998191 0.998191 1.000000 1 1 
2851 1.577000 1.328449 1.328449 0.249550 0.249550 0.998198 0.998198 1.000000 1 1 
2852 1.578000 1.329447 1.329447 0.249551 0.249551 0.998205 0.998205 1.000000 1 1 
2853 1.579000 1.330445 1.330445 0.249553 0.249553 0.998213 0.998213 1.000000 1 1 
2854 1.580000 1.331443 1.331443 0.249555 0.249555 0.998220 0.998220 1.000000 1 1 
2855 1.581000 1.332442 1.332442 0.249557 0.249557 0.998227 0.998227 1.000000 1 1 
2856 1.582000 1.333440 1.333440 0.249558 0.249558 0.998234 0.998234 1.000000 1 1 
2857 1.583000 1.334438 1.334438 0.249560 0.249560 0.998241 0.998241 1.000000 1 1 
2858 1.584000 1.335436 1.335436 0.249562 0.249562 0.998248 0.998248 1.000000 1 1 
2859 1.585000 1.336434 1.336434 0.249564 0.249564 0.998255 0.998255 1.000000 1 1 
2860 1.586000 1.337433 1.337433 0.249566 0.249566 0.998262 0.998262 1.000000 1 1 
2861 1.587000 1.338431 1.338431 0.249567 0.249567 0.998269 0.998269 1.000000 1 1 
2862 1.588000 1.339429 1.339429 0.249569 0.249569 0.998276 0.998276 1.000000 1 1 
2863 1.589000 1.340428 1.340428 0.249571 0.249571 0.998283 0.998283 1.000000 1 1 
2864 1.590000 1.341426 1.341426 0.249572 0.249572 0.998290 0.998290 1.000000 1 1 
2865 1.591000 1.342424 1.342424 0.249574 0.249574 0.998297 0.998297 1.000000 1 1 
2866 1.592000 1.343422 1.343422 0.249576 0.249576 0.998303 0.998303 1.000000 1 1 
2867 1.593000 1.344421 1.344421 0.249578 0.249578 0.998310 0.998310 1.000000 1 1 
2868 1.594000 1.345419 1.345419 0.249579 0.249579 0.998317 0.998317 1.000000 1 1 
2869 1.595000 1.346417 1.346417 0.249581 0.249581 0.998324 0.998324 1.000000 1 1 
2870 1.596000 1.347416 1.347416 0.249583 0.249583 0.998330 0.998330 1.000000 1 1 
2871 1.597000 1.348414 1.348414 0.249584 0.249584 0.998337 0.998337 1.000000 1 1 
2872 1.598000 1.349412 1.349412 0.249586 0.249586 0.998344 0.998344 1.000000 1 1 
2873 1.599000 1.350411 1.350411 0.249588 0.249588 0.998350 0.998350 1.000000 1 1 
2874 1.600000 1.351409 1.351409 0.249589 0.249589 0.998357 0.998357 1.000000 1 1 
2875 1.601000 1.352408 1.352408 0.249591 0.249591 0.998363 0.998363 1.000000 1 1 
2876 1.602000 1.353406 1.353406 0.249592 0.249592 0.998370 0.998370 1.000000 1 1 
2877 1.603000 1.354404 1.354404 0.249594 0.249594 0.998377 0.998377 1.000000 1 1 
2878 1.604000 1.355403 1.355403 0.249596 0.249596 0.998383 0.998383 1.000000 1 1 
2879 1.605000 1.356401 1.356401 0.249597 0.249597 0.998389 0.998389 1.000000 1 1 
2880 1.606000 1.357399 1.357399 0.249599 0.249599 0.998396 0.998396 1.000000 1 1 
2881 1.607000 1.358398 1.358398 0.249601 0.249601 0.998402 0.998402 1.000000 1 1 
2882 1.608000 1.359396 1.359396 0.249602 0.249602 0.998409 0.998409 1.000000 1 1 
2883 1.609000 1.360395 1.360395 0.249604 0.249604 0.998415 0.998415 1.000000 1 1 
2884 1.610000 1.361393 1.361393 0.249605 0.249605 0.998421 0.998421 1.000000 1 1 
2885 1.611000 1.362391 1.362391 0.249607 0.249607 0.998428 0.998428 1.000000 1 1 
2886 1.612000 1.363390 1.363390 0.249609 0.249609 0.998434 0.998434 1.000000 1 1 
2887 1.613000 1.364388 1.364388 0.249610 0.249610 0.998440 0.998440 1.000000 1 1 
2888 1.614000 1.365387 1.365387 0.249612 0.249612 0.998447 0.998447 1.000000 1 1 
2889 1.615000 1.366385 1.366385 0.249613 0.249613 0.998453 0.998453 1.000000 1 1 
2890 1.616000 1.367384 1.367384 0.249615 0.249615 0.998459 0.998459 1.000000 1 1 
2891 1.617000 1.368382 1.368382 0.249616 0.249616 0.998465 0.998465 1.000000 1 1 
2892 1.618000 1.369381 1.369381 0.249618 0.249618 0.998471 0.998471 1.000000 1 1 
2893 1.619000 1.370379 1.370379 0.249619 0.249619 0.998477 0.998477 1.000000 1 1 
2894 1.620000 1.371378 1.371378 0.249621 0.249621 0.998483 0.998483 1.000000 1 1 
2895 1.621000 1.372376 1.372376 0.249622 0.249622 0.998490 0.998490 1.000000 1 1 
2896 1.622000 1.373375 1.373375 0.249624 0.249624 0.998496 0.998496 1.000000 1 1 
2897 1.623000 1.374373 1.374373 0.249625 0.249625 0.998502 0.998502 1.000000 1 1 
2898 1.624000 1.375372 1.375372 0.249627 0.249627 0.998508 0.998508 1.000000 1 1 
2899 1.625000 1.376370 1.376370 0.249628 0.249628 0.998514 0.998514 1.000000 1 1 
2900 1.626000 1.377369 1.377369 0.249630 0.249630 0.998519 0.998519 1.000000 1 1 
2901 1.627000 1.378367 1.378367 0.249631 0.249631 0.998525 0.998525 1.000000 1 1 
2902 1.628000 1.379366 1.379366 0.249633 0.249633 0.998531 0.998531 1.000000 1 1 
2903 1.629000 1.380364 1.380364 0.249634 0.249634 0.998537 0.998537 1.000000 1 1 
2904 1.630000 1.381363 1.381363 0.249636 0.249636 0.998543 0.998543 1.000000 1 1 
2905 1.631000 1.382361 1.382361 0.249637 0.249637 0.998549 0.998549 1.000000 1 1 
2906 1.632000 1.383360 1.383360 0.249639 0.249639 0.998555 0.998555 1.000000 1 1 
2907 1.633000 1.384358 1.384358 0.249640 0.249640 0.998560 0.998560 1.000000 1 1 
2908 1.634000 1.385357 1.385357 0.249642 0.249642 0.998566 0.998566 1.000000 1 1 
2909 1.635000 1.386356 1.386356 0.249643 0.249643 0.998572 0.998572 1.000000 1 1 
2910 1.636000 1.387354 1.387354 0.249644 0.249644 0.998578 0.998578 1.000000 1 1 
2911 1.637000 1.388353 1.388353 0.249646 0.249646 0.998583 0.998583 1.000000 1 1 
2912 1.638000 1.389351 1.389351 0.249647 0.249647 0.998589 0.998589 1.000000 1 1 
2913 1.639000 1.390350 1.390350 0.249649 0.249649 0.998595 0.998595 1.000000 1 1 
2914 1.640000 1.391349 1.391349 0.249650 0.249650 0.998600 0.998600 1.000000 1 1 
2915 1.641000 1.392347 1.392347 0.249651 0.249651 0.998606 0.998606 1.000000 1 1 
2916 1.642000 1.393346 1.393346 0.249653 0.249653 0.998611 0.998611 1.000000 1 1 
2917 1.643000 1.394344 1.394344 0.249654 0.249654 0.998617 0.998617 1.000000 1 1 
2918 1.644000 1.395343 1.395343 0.249656 0.249656 0.998623 0.998623 1.000000 1 1 
2919 1.645000 1.396342 1.396342 0.249657 0.249657 0.998628 0.998628 1.000000 1 1 
2920 1.646000 1.397340 1.397340 0.249658 0.249658 0.998634 0.998634 1.000000 1 1 
2921 1.647000 1.398339 1.398339 0.249660 0.249660 0.998639 0.998639 1.000000 1 1 
2922 1.648000 1.399338 1.399338 0.249661 0.249661 0.998644 0.998644 1.000000 1 1 
2923 1.649000 1.400336 1.400336 0.249662 0.249662 0.998650 0.998650 1.000000 1 1 
2924 1.650000 1.401335 1.401335 0.249664 0.249664 0.998655 0.998655 1.000000 1 1 
2925 1.651000 1.402333 1.402333 0.249665 0.249665 0.998661 0.998661 1.000000 1 1 
2926 1.652000 1.403332 1.403332 0.249667 0.249667 0.998666 0.998666 1.000000 1 1 
2927 1.653000 1.404331 1.404331 0.249668 0.249668 0.998671 0.998671 1.000000 1 1 
2928 1.654000 1.405330 1.405330 0.249669 0.249669 0.998677 0.998677 1.000000 1 1 
2929 1.655000 1.406328 1.406328 0.249670 0.249670 0.998682 0.998682 1.000000 1 1 
2930 1.656000 1.407327 1.407327 0.249672 0.249672 0.998687 0.998687 1.000000 1 1 
2931 1.657000 1.408326 1.408326 0.249673 0.249673 0.998692 0.998692 1.000000 1 1 
2932 1.658000 1.409324 1.409324 0.249674 0.249674 0.998698 0.998698 1.000000 1 1 
2933 1.659000 1.410323 1.410323 0.249676 0.249676 0.998703 0.998703 1.000000 1 1 
2934 1.660000 1.411322 1.411322 0.249677 0.249677 0.998708 0.998708 1.000000 1 1 
2935 1.661000 1.412320 1.412320 0.249678 0.249678 0.998713 0.998713 1.000000 1 1 
2936 1.662000 1.413319 1.413319 0.249680 0.249680 0.998718 0.998718 1.000000 1 1 
2937 1.663000 1.414318 1.414318 0.249681 0.249681 0.998724 0.998724 1.000000 1 1 
2938 1.664000 1.415317 1.415317 0.249682 0.249682 0.998729 0.998729 1.000000 1 1 
2939 1.665000 1.416315 1.416315 0.249683 0.249683 0.998734 0.998734 1.000000 1 1 
2940 1.666000 1.417314 1.417314 0.249685 0.249685 0.998739 0.998739 1.000000 1 1 
2941 1.667000 1.418313 1.418313 0.249686 0.249686 0.998744 0.998744 1.000000 1 1 
2942 1.668000 1.419312 1.419312 0.249687 0.249687 0.998749 0.998749 1.000000 1 1 
2943 1.669000 1.420310 1.420310 0.249688 0.249688 0.998754 0.998754 1.000000 1 1 
2944 1.670000 1.421309 1.421309 0.249690 0.249690 0.998759 0.998759 1.000000 1 1 
2945 1.671000 1.422308 1.422308 0.249691 0.249691 0.998764 0.998764 1.000000 1 1 
2946 1.672000 1.423307 1.423307 0.249692 0.249692 0.998769 0.998769 1.000000 1 1 
2947 1.673000 1.424305 1.424305 0.249693 0.249693 0.998774 0.998774 1.000000 1 1 
2948 1.674000 1.425304 1.425304 0.249695 0.249695 0.998779 0.998779 1.000000 1 1 
2949 1.675000 1.426303 1.426303 0.249696 0.249696 0.998783 0.998783 1.000000 1 1 
2950 1.676000 1.427302 1.427302 0.249697 0.249697 0.998788 0.998788 1.000000 1 1 
2951 1.677000 1.428300 1.428300 0.249698 0.249698 0.998793 0.998793 1.000000 1 1 
2952 1.678000 1.429299 1.429299 0.249700 0.249700 0.998798 0.998798 1.000000 1 1 
2953 1.679000 1.430298 1.430298 0.249701 0.249701 0.998803 0.998803 1.000000 1 1 
2954 1.680000 1.431297 1.431297 0.249702 0.249702 0.998808 0.998808 1.000000 1 1 
2955 1.681000 1.432296 1.432296 0.249703 0.249703 0.998812 0.998812 1.000000 1 1 
2956 1.682000 1.433295 1.433295 0.249704 0.249704 0.998817 0.998817 1.000000 1 1 
2957 1.683000 1.434293 1.434293 0.249705 0.249705 0.998822 0.998822 1.000000 1 1 
2958 1.684000 1.435292 1.435292 0.249707 0.249707 0.998827 0.998827 1.000000 1 1 
2959 1.685000 1.436291 1.436291 0.249708 0.249708 0.998831 0.998831 1.000000 1 1 
2960 1.686000 1.437290 1.437290 0.249709 0.249709 0.998836 0.998836 1.000000 1 1 
2961 1.687000 1.438289 1.438289 0.249710 0.249710 0.998841 0.998841 1.000000 1 1 
2962 1.688000 1.439288 1.439288 0.249711 0.249711 0.998845 0.998845 1.000000 1 1 
2963 1.689000 1.440286 1.440286 0.249712 0.249712 0.998850 0.998850 1.000000 1 1 
2964 1.690000 1.441285 1.441285 0.249714 0.249714 0.998854 0.998854 1.000000 1 1 
2965 1.691000 1.442284 1.442284 0.249715 0.249715 0.998859 0.998859 1.000000 1 1 
2966 1.692000 1.443283 1.443283 0.249716 0.249716 0.998864 0.998864 1.000000 1 1 
2967 1.693000 1.444282 1.444282 0.249717 0.249717 0.998868 0.998868 1.000000 1 1 
2968 1.694000 1.445281 1.445281 0.249718 0.249718 0.998873 0.998873 1.000000 1 1 
2969 1.695000 1.446280 1.446280 0.249719 0.249719 0.998877 0.998877 1.000000 1 1 
2970 1.696000 1.447278 1.447278 0.249720 0.249720 0.998882 0.998882 1.000000 1 1 
2971 1.697000 1.448277 1.448277 0.249722 0.249722 0.998886 0.998886 1.000000 1 1 
2972 1.698000 1.449276 1.449276 0.249723 0.249723 0.998891 0.998891 1.000000 1 1 
2973 1.699000 1.450275 1.450275 0.249724 0.249724 0.998895 0.998895 1.000000 1 1 
2974 1.700000 1.451274 1.451274 0.249725 0.249725 0.998899 0.998899 1.000000 1 1 
2975 1.701000 1.452273 1.452273 0.249726 0.249726 0.998904 0.998904 1.000000 1 1 
2976 1.702000 1.453272 1.453272 0.249727 0.249727 0.998908 0.998908 1.000000 1 1 
2977 1.703000 1.454271 1.454271 0.249728 0.249728 0.998913 0.998913 1.000000 1 1 
2978 1.704000 1.455270 1.455270 0.249729 0.249729 0.998917 0.998917 1.000000 1 1 
2979 1.705000 1.456269 1.456269 0.249730 0.249730 0.998921 0.998921 1.000000 1 1 
2980 1.706000 1.457268 1.457268 0.249731 0.249731 0.998926 0.998926 1.000000 1 1 
2981 1.707000 1.458266 1.458266 0.249732 0.249732 0.998930 0.998930 1.000000 1 1 
2982 1.708000 1.459265 1.459265 0.249734 0.249734 0.998934 0.998934 1.000000 1 1 
2983 1.709000 1.460264 1.460264 0.249735 0.249735 0.998938 0.998938 1.000000 1 1 
2984 1.710000 1.461263 1.461263 0.249736 0.249736 0.998943 0.998943 1.000000 1 1 
2985 1.711000 1.462262 1.462262 0.249737 0.249737 0.998947 0.998947 1.000000 1 1 
2986 1.712000 1.463261 1.463261 0.249738 0.249738 0.998951 0.998951 1.000000 1 1 
2987 1.713000 1.464260 1.464260 0.249739 0.249739 0.998955 0.998955 1.000000 1 1 
2988 1.714000 1.465259 1.465259 0.249740 0.249740 0.998960 0.998960 1.000000 1 1 
2989 1.715000 1.466258 1.466258 0.249741 0.249741 0.998964 0.998964 1.000000 1 1 
2990 1.716000 1.467257 1.467257 0.249742 0.249742 0.998968 0.998968 1.000000 1 1 
2991 1.717000 1.468256 1.468256 0.249743 0.249743 0.998972 0.998972 1.000000 1 1 
2992 1.718000 1.469255 1.469255 0.249744 0.249744 0.998976 0.998976 1.000000 1 1 
2993 1.719000 1.470254 1.470254 0.249745 0.249745 0.998980 0.998980 1.000000 1 1 
2994 1.720000 1.471253 1.471253 0.249746 0.249746 0.998984 0.998984 1.000000 1 1 
2995 1.721000 1.472252 1.472252 0.249747 0.249747 0.998988 0.998988 1.000000 1 1 
2996 1.722000 1.473251 1.473251 0.249748 0.249748 0.998992 0.998992 1.000000 1 1 
2997 1.723000 1.474250 1.474250 0.249749 0.249749 0.998996 0.998996 1.000000 1 1 
2998 1.724000 1.475249 1.475249 0.249750 0.249750 0.999000 0.999000 1.000000 1 1 
2999 1.725000 1.476248 1.476248 0.249751 0.249751 0.999004 0.999004 1.000000 1 1 
3000 1.726000 1.477247 1.477247 0.249752 0.249752 0.999008 0.999008 1.000000 1 1 
3001 1.727000 1.478246 1.478246 0.249753 0.249753 0.999012 0.999012 1.000000 1 1 
3002 1.728000 1.479245 1.479245 0.249754 0.249754 0.999016 0.999016 1.000000 1 1 
3003 1.729000 1.480244 1.480244 0.249755 0.249755 0.999020 0.999020 1.000000 1 1 
3004 1.730000 1.481243 1.481243 0.249756 0.249756 0.999024 0.999024 1.000000 1 1 
3005 1.731000 1.482242 1.482242 0.249757 0.249757 0.999028 0.999028 1.000000 1 1 
3006 1.732000 1.483241 1.483241 0.249758 0.249758 0.999032 0.999032 1.000000 1 1 
3007 1.733000 1.484240 1.484240 0.249759 0.249759 0.999036 0.999036 1.000000 1 1 
3008 1.734000 1.485239 1.485239 0.249760 0.249760 0.999040 0.999040 1.000000 1 1 
3009 1.735000 1.486238 1.486238 0.249761 0.249761 0.999044 0.999044 1.000000 1 1 
3010 1.736000 1.487237 1.487237 0.249762 0.249762 0.999047 0.999047 1.000000 1 1 
3011 1.737000 1.488236 1.488236 0.249763 0.249763 0.999051 0.999051 1.000000 1 1 
3012 1.738000 1.489235 1.489235 0.249764 0.249764 0.999055 0.999055 1.000000 1 1 
3013 1.739000 1.490234 1.490234 0.249765 0.249765 0.999059 0.999059 1.000000 1 1 
3014 1.740000 1.491233 1.491233 0.249766 0.249766 0.999062 0.999062 1.000000 1 1 
3015 1.741000 1.492233 1.492233 0.249767 0.249767 0.999066 0.999066 1.000000 1 1 
3016 1.742000 1.493232 1.493232 0.249767 0.249767 0.999070 0.999070 1.000000 1 1 
3017 1.743000 1.494231 1.494231 0.249768 0.249768 0.999074 0.999074 1.000000 1 1 
3018 1.744000 1.495230 1.495230 0.249769 0.249769 0.999077 0.999077 1.000000 1 1 
3019 1.745000 1.496229 1.496229 0.249770 0.249770 0.999081 0.999081 1.000000 1 1 
3020 1.746000 1.497228 1.497228 0.249771 0.249771 0.999085 0.999085 1.000000 1 1 
3021 1.747000 1.498227 1.498227 0.249772 0.249772 0.999088 0.999088 1.000000 1 1 
3022 1.748000 1.499226 1.499226 0.249773 0.249773 0.999092 0.999092 1.000000 1 1 
3023 1.749000 1.500225 1.500225 0.249774 0.249774 0.999096 0.999096 1.000000 1 1 
3024 1.750000 1.501224 1.501224 0.249775 0.249775 0.999099 0.999099 1.000000 1 1 
3025 1.751000 1.502223 1.502223 0.249776 0.249776 0.999103 0.999103 1.000000 1 1 
3026 1.752000 1.503222 1.503222 0.249777 0.249777 0.999107 0.999107 1.000000 1 1 
3027 1.753000 1.504222 1.504222 0.249778 0.249778 0.999110 0.999110 1.000000 1 1 
3028 1.754000 1.505221 1.505221 0.249778 0.249778 0.999114 0.999114 1.000000 1 1 
3029 1.755000 1.506220 1.506220 0.249779 0.249779 0.999117 0.999117 1.000000 1 1 
3030 1.756000 1.507219 1.507219 0.249780 0.249780 0.999121 0.999121 1.000000 1 1 
3031 1.757000 1.508218 1.508218 0.249781 0.249781 0.999124 0.999124 1.000000 1 1 
3032 1.758000 1.509217 1.509217 0.249782 0.249782 0.999128 0.999128 1.000000 1 1 
3033 1.759000 1.510216 1.510216 0.249783 0.249783 0.999131 0.999131 1.000000 1 1 
3034 1.760000 1.511215 1.511215 0.249784 0.249784 0.999135 0.999135 1.000000 1 1 
3035 1.761000 1.512215 1.512215 0.249785 0.249785 0.999138 0.999138 1.000000 1 1 
3036 1.762000 1.513214 1.513214 0.249785 0.249785 0.999142 0.999142 1.000000 1 1 
3037 1.763000 1.514213 1.514213 0.249786 0.249786 0.999145 0.999145 1.000000 1 1 
3038 1.764000 1.515212 1.515212 0.249787 0.249787 0.999148 0.999148 1.000000 1 1 
3039 1.765000 1.516211 1.516211 0.249788 0.249788 0.999152 0.999152 1.000000 1 1 
3040 1.766000 1.517210 1.517210 0.249789 0.249789 0.999155 0.999155 1.000000 1 1 
3041 1.767000 1.518209 1.518209 0.249790 0.249790 0.999159 0.999159 1.000000 1 1 
3042 1.768000 1.519209 1.519209 0.249791 0.249791 0.999162 0.999162 1.000000 1 1 
3043 1.769000 1.520208 1.520208 0.249791 0.249791 0.999165 0.999165 1.000000 1 1 
3044 1.770000 1.521207 1.521207 0.249792 0.249792 0.999169 0.999169 1.000000 1 1 
3045 1.771000 1.522206 1.522206 0.249793 0.249793 0.999172 0.999172 1.000000 1 1 
3046 1.772000 1.523205 1.523205 0.249794 0.249794 0.999175 0.999175 1.000000 1 1 
3047 1.773000 1.524205 1.524205 0.249795 0.249795 0.999179 0.999179 1.000000 1 1 
3048 1.774000 1.525204 1.525204 0.249795 0.249795 0.999182 0.999182 1.000000 1 1 
3049 1.775000 1.526203 1.526203 0.249796 0.249796 0.999185 0.999185 1.000000 1 1 
3050 1.776000 1.527202 1.527202 0.249797 0.249797 0.999188 0.999188 1.000000 1 1 
3051 1.777000 1.528201 1.528201 0.249798 0.249798 0.999192 0.999192 1.000000 1 1 
3052 1.778000 1.529200 1.529200 0.249799 0.249799 0.999195 0.999195 1.000000 1 1 
3053 1.779000 1.530200 1.530200 0.249800 0.249800 0.999198 0.999198 1.000000 1 1 
3054 1.780000 1.531199 1.531199 0.249800 0.249800 0.999201 0.999201 1.000000 1 1 
3055 1.781000 1.532198 1.532198 0.249801 0.249801 0.999205 0.999205 1.000000 1 1 
3056 1.782000 1.533197 1.533197 0.249802 0.249802 0.999208 0.999208 1.000000 1 1 
3057 1.783000 1.534196 1.534196 0.249803 0.249803 0.999211 0.999211 1.000000 1 1 
3058 1.784000 1.535196 1.535196 0.249804 0.249804 0.999214 0.999214 1.000000 1 1 
3059 1.785000 1.536195 1.536195 0.249804 0.249804 0.999217 0.999217 1.000000 1 1 
3060 1.786000 1.537194 1.537194 0.249805 0.249805 0.999220 0.999220 1.000000 1 1 
3061 1.787000 1.538193 1.538193 0.249806 0.249806 0.999223 0.999223 1.000000 1 1 
3062 1.788000 1.539193 1.539193 0.249807 0.249807 0.999227 0.999227 1.000000 1 1 
3063 1.789000 1.540192 1.540192 0.249807 0.249807 0.999230 0.999230 1.000000 1 1 
3064 1.790000 1.541191 1.541191 0.249808 0.249808 0.999233 0.999233 1.000000 1 1 
3065 1.791000 1.542190 1.542190 0.249809 0.249809 0.999236 0.999236 1.000000 1 1 
3066 1.792000 1.543190 1.543190 0.249810 0.249810 0.999239 0.999239 1.000000 1 1 
3067 1.793000 1.544189 1.544189 0.249810 0.249810 0.999242 0.999242 1.000000 1 1 
3068 1.794000 1.545188 1.545188 0.249811 0.249811 0.999245 0.999245 1.000000 1 1 
3069 1.795000 1.546187 1.546187 0.249812 0.249812 0.999248 0.999248 1.000000 1 1 
3070 1.796000 1.547187 1.547187 0.249813 0.249813 0.999251 0.999251 1.000000 1 1 
3071 1.797000 1.548186 1.548186 0.249813 0.249813 0.999254 0.999254 1.000000 1 1 
3072 1.798000 1.549185 1.549185 0.249814 0.249814 0.999257 0.999257 1.000000 1 1 
3073 1.799000 1.550184 1.550184 0.249815 0.249815 0.999260 0.999260 1.000000 1 1 
3074 1.800000 1.551184 1.551184 0.249816 0.249816 0.999263 0.999263 1.000000 1 1 
3075 1.801000 1.552183 1.552183 0.249816 0.249816 0.999266 0.999266 1.000000 1 1 
3076 1.802000 1.553182 1.553182 0.249817 0.249817 0.999269 0.999269 1.000000 1 1 
3077 1.803000 1.554181 1.554181 0.249818 0.249818 0.999272 0.999272 1.000000 1 1 
3078 1.804000 1.555181 1.555181 0.249819 0.249819 0.999275 0.999275 1.000000 1 1 
3079 1.805000 1.556180 1.556180 0.249819 0.249819 0.999278 0.999278 1.000000 1 1 
3080 1.806000 1.557179 1.557179 0.249820 0.249820 0.999280 0.999280 1.000000 1 1 
3081 1.807000 1.558178 1.558178 0.249821 0.249821 0.999283 0.999283 1.000000 1 1 
3082 1.808000 1.559178 1.559178 0.249822 0.249822 0.999286 0.999286 1.000000 1 1 
3083 1.809000 1.560177 1.560177 0.249822 0.249822 0.999289 0.999289 1.000000 1 1 
3084 1.810000 1.561176 1.561176 0.249823 0.249823 0.999292 0.999292 1.000000 1 1 
3085 1.811000 1.562176 1.562176 0.249824 0.249824 0.999295 0.999295 1.000000 1 1 
3086 1.812000 1.563175 1.563175 0.249824 0.249824 0.999297 0.999297 1.000000 1 1 
3087 1.813000 1.564174 1.564174 0.249825 0.249825 0.999300 0.999300 1.000000 1 1 
3088 1.814000 1.565174 1.565174 0.249826 0.249826 0.999303 0.999303 1.000000 1 1 
3089 1.815000 1.566173 1.566173 0.249826 0.249826 0.999306 0.999306 1.000000 1 1 
3090 1.816000 1.567172 1.567172 0.249827 0.249827 0.999309 0.999309 1.000000 1 1 
3091 1.817000 1.568171 1.568171 0.249828 0.249828 0.999311 0.999311 1.000000 1 1 
3092 1.818000 1.569171 1.569171 0.249829 0.249829 0.999314 0.999314 1.000000 1 1 
3093 1.819000 1.570170 1.570170 0.249829 0.249829 0.999317 0.999317 1.000000 1 1 
3094 1.820000 1.571169 1.571169 0.249830 0.249830 0.999320 0.999320 1.000000 1 1 
3095 1.821000 1.572169 1.572169 0.249831 0.249831 0.999322 0.999322 1.000000 1 1 
3096 1.822000 1.573168 1.573168 0.249831 0.249831 0.999325 0.999325 1.000000 1 1 
3097 1.823000 1.574167 1.574167 0.249832 0.249832 0.999328 0.999328 1.000000 1 1 
3098 1.824000 1.575167 1.575167 0.249833 0.249833 0.999330 0.999330 1.000000 1 1 
3099 1.825000 1.576166 1.576166 0.249833 0.249833 0.999333 0.999333 1.000000 1 1 
3100 1.826000 1.577165 1.577165 0.249834 0.249834 0.999336 0.999336 1.000000 1 1 
3101 1.827000 1.578165 1.578165 0.249835 0.249835 0.999338 0.999338 1.000000 1 1 
3102 1.828000 1.579164 1.579164 0.249835 0.249835 0.999341 0.999341 1.000000 1 1 
3103 1.829000 1.580163 1.580163 0.249836 0.249836 0.999344 0.999344 1.000000 1 1 
3104 1.830000 1.581163 1.581163 0.249837 0.249837 0.999346 0.999346 1.000000 1 1 
3105 1.831000 1.582162 1.582162 0.249837 0.249837 0.999349 0.999349 1.000000 1 1 
3106 1.832000 1.583161 1.583161 0.249838 0.249838 0.999352 0.999352 1.000000 1 1 
3107 1.833000 1.584161 1.584161 0.249839 0.249839 0.999354 0.999354 1.000000 1 1 
3108 1.834000 1.585160 1.585160 0.249839 0.249839 0.999357 0.999357 1.000000 1 1 
3109 1.835000 1.586160 1.586160 0.249840 0.249840 0.999359 0.999359 1.000000 1 1 
3110 1.836000 1.587159 1.587159 0.249840 0.249840 0.999362 0.999362 1.000000 1 1 
3111 1.837000 1.588158 1.588158 0.249841 0.249841 0.999364 0.999364 1.000000 1 1 
3112 1.838000 1.589158 1.589158 0.249842 0.249842 0.999367 0.999367 1.000000 1 1 
3113 1.839000 1.590157 1.590157 0.249842 0.249842 0.999370 0.999370 1.000000 1 1 
3114 1.840000 1.591156 1.591156 0.249843 0.249843 0.999372 0.999372 1.000000 1 1 
3115 1.841000 1.592156 1.592156 0.249844 0.249844 0.999375 0.999375 1.000000 1 1 
3116 1.842000 1.593155 1.593155 0.249844 0.249844 0.999377 0.999377 1.000000 1 1 
3117 1.843000 1.594154 1.594154 0.249845 0.249845 0.999380 0.999380 1.000000 1 1 
3118 1.844000 1.595154 1.595154 0.249846 0.249846 0.999382 0.999382 1.000000 1 1 
3119 1.845000 1.596153 1.596153 0.249846 0.249846 0.999385 0.999385 1.000000 1 1 
3120 1.846000 1.597153 1.597153 0.249847 0.249847 0.999387 0.999387 1.000000 1 1 
3121 1.847000 1.598152 1.598152 0.249847 0.249847 0.999389 0.999389 1.000000 1 1 
3122 1.848000 1.599151 1.599151 0.249848 0.249848 0.999392 0.999392 1.000000 1 1 
3123 1.849000 1.600151 1.600151 0.249849 0.249849 0.999394 0.999394 1.000000 1 1 
3124 1.850000 1.601150 1.601150 0.249849 0.249849 0.999397 0.999397 1.000000 1 1 
3125 1.851000 1.602150 1.602150 0.249850 0.249850 0.999399 0.999399 1.000000 1 1 
3126 1.852000 1.603149 1.603149 0.249850 0.249850 0.999402 0.999402 1.000000 1 1 
3127 1.853000 1.604148 1.604148 0.249851 0.249851 0.999404 0.999404 1.000000 1 1 
3128 1.854000 1.605148 1.605148 0.249852 0.249852 0.999406 0.999406 1.000000 1 1 
3129 1.855000 1.606147 1.606147 0.249852 0.249852 0.999409 0.999409 1.000000 1 1 
3130 1.856000 1.607147 1.607147 0.249853 0.249853 0.999411 0.999411 1.000000 1 1 
3131 1.857000 1.608146 1.608146 0.249853 0.249853 0.999413 0.999413 1.000000 1 1 
3132 1.858000 1.609145 1.609145 0.249854 0.249854 0.999416 0.999416 1.000000 1 1 
3133 1.859000 1.610145 1.610145 0.249855 0.249855 0.999418 0.999418 1.000000 1 1 
3134 1.860000 1.611144 1.611144 0.249855 0.249855 0.999420 0.999420 1.000000 1 1 
3135 1.861000 1.612144 1.612144 0.249856 0.249856 0.999423 0.999423 1.000000 1 1 
3136 1.862000 1.613143 1.613143 0.249856 0.249856 0.999425 0.999425 1.000000 1 1 
3137 1.863000 1.614143 1.614143 0.249857 0.249857 0.999427 0.999427 1.000000 1 1 
3138 1.864000 1.615142 1.615142 0.249857 0.249857 0.999430 0.999430 1.000000 1 1 
3139 1.865000 1.616141 1.616141 0.249858 0.249858 0.999432 0.999432 1.000000 1 1 
3140 1.866000 1.617141 1.617141 0.249859 0.249859 0.999434 0.999434 1.000000 1 1 
3141 1.867000 1.618140 1.618140 0.249859 0.249859 0.999436 0.999436 1.000000 1 1 
3142 1.868000 1.619140 1.619140 0.249860 0.249860 0.999439 0.999439 1.000000 1 1 
3143 1.869000 1.620139 1.620139 0.249860 0.249860 0.999441 0.999441 1.000000 1 1 
3144 1.870000 1.621139 1.621139 0.249861 0.249861 0.999443 0.999443 1.000000 1 1 
3145 1.871000 1.622138 1.622138 0.249861 0.249861 0.999445 0.999445 1.000000 1 1 
3146 1.872000 1.623138 1.623138 0.249862 0.249862 0.999448 0.999448 1.000000 1 1 
3147 1.873000 1.624137 1.624137 0.249862 0.249862 0.999450 0.999450 1.000000 1 1 
3148 1.874000 1.625136 1.625136 0.249863 0.249863 0.999452 0.999452 1.000000 1 1 
3149 1.875000 1.626136 1.626136 0.249864 0.249864 0.999454 0.999454 1.000000 1 1 
3150 1.876000 1.627135 1.627135 0.249864 0.249864 0.999456 0.999456 1.000000 1 1 
3151 1.877000 1.628135 1.628135 0.249865 0.249865 0.999459 0.999459 1.000000 1 1 
3152 1.878000 1.629134 1.629134 0.249865 0.249865 0.999461 0.999461 1.000000 1 1 
3153 1.879000 1.630134 1.630134 0.249866 0.249866 0.999463 0.999463 1.000000 1 1 
3154 1.880000 1.631133 1.631133 0.249866 0.249866 0.999465 0.999465 1.000000 1 1 
3155 1.881000 1.632133 1.632133 0.249867 0.249867 0.999467 0.999467 1.000000 1 1 
3156 1.882000 1.633132 1.633132 0.249867 0.249867 0.999469 0.999469 1.000000 1 1 
3157 1.883000 1.634132 1.634132 0.249868 0.249868 0.999471 0.999471 1.000000 1 1 
3158 1.884000 1.635131 1.635131 0.249868 0.249868 0.999474 0.999474 1.000000 1 1 
3159 1.885000 1.636131 1.636131 0.249869 0.249869 0.999476 0.999476 1.000000 1 1 
3160 1.886000 1.637130 1.637130 0.249869 0.249869 0.999478 0.999478 1.000000 1 1 
3161 1.887000 1.638130 1.638130 0.249870 0.249870 0.999480 0.999480 1.000000 1 1 
3162 1.888000 1.639129 1.639129 0.249870 0.249870 0.999482 0.999482 1.000000 1 1 
3163 1.889000 1.640128 1.640128 0.249871 0.249871 0.999484 0.999484 1.000000 1 1 
3164 1.890000 1.641128 1.641128 0.249872 0.249872 0.999486 0.999486 1.000000 1 1 
3165 1.891000 1.642127 1.642127 0.249872 0.249872 0.999488 0.999488 1.000000 1 1 
3166 1.892000 1.643127 1.643127 0.249873 0.249873 0.999490 0.999490 1.000000 1 1 
3167 1.893000 1.644126 1.644126 0.249873 0.249873 0.999492 0.999492 1.000000 1 1 
3168 1.894000 1.645126 1.645126 0.249874 0.249874 0.999494 0.999494 1.000000 1 1 
3169 1.895000 1.646125 1.646125 0.249874 0.249874 0.999496 0.999496 1.000000 1 1 
3170 1.896000 1.647125 1.647125 0.249875 0.249875 0.999498 0.999498 1.000000 1 1 
3171 1.897000 1.648124 1.648124 0.249875 0.249875 0.999500 0.999500 1.000000 1 1 
3172 1.898000 1.649124 1.649124 0.249876 0.249876 0.999502 0.999502 1.000000 1 1 
3173 1.899000 1.650123 1.650123 0.249876 0.249876 0.999504 0.999504 1.000000 1 1 
3174 1.900000 1.651123 1.651123 0.249877 0.249877 0.999506 0.999506 1.000000 1 1 
3175 1.901000 1.652122 1.652122 0.249877 0.249877 0.999508 0.999508 1.000000 1 1 
3176 1.902000 1.653122 1.653122 0.249878 0.249878 0.999510 0.999510 1.000000 1 1 
3177 1.903000 1.654121 1.654121 0.249878 0.249878 0.999512 0.999512 1.000000 1 1 
3178 1.904000 1.655121 1.655121 0.249879 0.249879 0.999514 0.999514 1.000000 1 1 
3179 1.905000 1.656120 1.656120 0.249879 0.249879 0.999516 0.999516 1.000000 1 1 
3180 1.906000 1.657120 1.657120 0.249880 0.249880 0.999518 0.999518 1.000000 1 1 
3181 1.907000 1.658120 1.658120 0.249880 0.249880 0.999520 0.999520 1.000000 1 1 
3182 1.908000 1.659119 1.659119 0.249880 0.249880 0.999522 0.999522 1.000000 1 1 
3183 1.909000 1.660119 1.660119 0.249881 0.249881 0.999524 0.999524 1.000000 1 1 
3184 1.910000 1.661118 1.661118 0.249881 0.249881 0.999526 0.999526 1.000000 1 1 
3185 1.911000 1.662118 1.662118 0.249882 0.249882 0.999528 0.999528 1.000000 1 1 
3186 1.912000 1.663117 1.663117 0.249882 0.249882 0.999529 0.999529 1.000000 1 1 
3187 1.913000 1.664117 1.664117 0.249883 0.249883 0.999531 0.999531 1.000000 1 1 
3188 1.914000 1.665116 1.665116 0.249883 0.249883 0.999533 0.999533 1.000000 1 1 
3189 1.915000 1.666116 1.666116 0.249884 0.249884 0.999535 0.999535 1.000000 1 1 
3190 1.916000 1.667115 1.667115 0.249884 0.249884 0.999537 0.999537 1.000000 1 1 
3191 1.917000 1.668115 1.668115 0.249885 0.249885 0.999539 0.999539 1.000000 1 1 
3192 1.918000 1.669114 1.669114 0.249885 0.249885 0.999541 0.999541 1.000000 1 1 
3193 1.919000 1.670114 1.670114 0.249886 0.249886 0.999542 0.999542 1.000000 1 1 
3194 1.920000 1.671113 1.671113 0.249886 0.249886 0.999544 0.999544 1.000000 1 1 
3195 1.921000 1.672113 1.672113 0.249887 0.249887 0.999546 0.999546 1.000000 1 1 
3196 1.922000 1.673113 1.673113 0.249887 0.249887 0.999548 0.999548 1.000000 1 1 
3197 1.923000 1.674112 1.674112 0.249887 0.249887 0.999550 0.999550 1.000000 1 1 
3198 1.924000 1.675112 1.675112 0.249888 0.249888 0.999552 0.999552 1.000000 1 1 
3199 1.925000 1.676111 1.676111 0.249888 0.249888 0.999553 0.999553 1.000000 1 1 
3200 1.926000 1.677111 1.677111 0.249889 0.249889 0.999555 0.999555 1.000000 1 1 
3201 1.927000 1.678110 1.678110 0.249889 0.249889 0.999557 0.999557 1.000000 1 1 
3202 1.928000 1.679110 1.679110 0.249890 0.249890 0.999559 0.999559 1.000000 1 1 
3203 1.929000 1.680109 1.680109 0.249890 0.249890 0.999560 0.999560 1.000000 1 1 
3204 1.930000 1.681109 1.681109 0.249891 0.249891 0.999562 0.999562 1.000000 1 1 
3205 1.931000 1.682109 1.682109 0.249891 0.249891 0.999564 0.999564 1.000000 1 1 
3206 1.932000 1.683108 1.683108 0.249891 0.249891 0.999566 0.999566 1.000000 1 1 
3207 1.933000 1.684108 1.684108 0.249892 0.249892 0.999567 0.999567 1.000000 1 1 
3208 1.934000 1.685107 1.685107 0.249892 0.249892 0.999569 0.999569 1.000000 1 1 
3209 1.935000 1.686107 1.686107 0.249893 0.249893 0.999571 0.999571 1.000000 1 1 
3210 1.936000 1.687106 1.687106 0.249893 0.249893 0.999573 0.999573 1.000000 1 1 
3211 1.937000 1.688106 1.688106 0.249894 0.249894 0.999574 0.999574 1.000000 1 1 
3212 1.938000 1.689106 1.689106 0.249894 0.249894 0.999576 0.999576 1.000000 1 1 
3213 1.939000 1.690105 1.690105 0.249894 0.249894 0.999578 0.999578 1.000000 1 1 
3214 1.940000 1.691105 1.691105 0.249895 0.249895 0.999579 0.999579 1.000000 1 1 
3215 1.941000 1.692104 1.692104 0.249895 0.249895 0.999581 0.999581 1.000000 1 1 
3216 1.942000 1.693104 1.693104 0.249896 0.249896 0.999583 0.999583 1.000000 1 1 
3217 1.943000 1.694103 1.694103 0.249896 0.249896 0.999584 0.999584 1.000000 1 1 
3218 1.944000 1.695103 1.695103 0.249897 0.249897 0.999586 0.999586 1.000000 1 1 
3219 1.945000 1.696103 1.696103 0.249897 0.249897 0.999588 0.999588 1.000000 1 1 
3220 1.946000 1.697102 1.697102 0.249897 0.249897 0.999589 0.999589 1.000000 1 1 
3221 1.947000 1.698102 1.698102 0.249898 0.249898 0.999591 0.999591 1.000000 1 1 
3222 1.948000 1.699101 1.699101 0.249898 0.249898 0.999593 0.999593 1.000000 1 1 
3223 1.949000 1.700101 1.700101 0.249899 0.249899 0.999594 0.999594 1.000000 1 1 
3224 1.950000 1.701101 1.701101 0.249899 0.249899 0.999596 0.999596 1.000000 1 1 
3225 1.951000 1.702100 1.702100 0.249899 0.249899 0.999598 0.999598 1.000000 1 1 
3226 1.952000 1.703100 1.703100 0.249900 0.249900 0.999599 0.999599 1.000000 1 1 
3227 1.953000 1.704099 1.704099 0.249900 0.249900 0.999601 0.999601 1.000000 1 1 
3228 1.954000 1.705099 1.705099 0.249901 0.249901 0.999602 0.999602 1.000000 1 1 
3229 1.955000 1.706099 1.706099 0.249901 0.249901 0.999604 0.999604 1.000000 1 1 
3230 1.956000 1.707098 1.707098 0.249901 0.249901 0.999606 0.999606 1.000000 1 1 
3231 1.957000 1.708098 1.708098 0.249902 0.249902 0.999607 0.999607 1.000000 1 1 
3232 1.958000 1.709097 1.709097 0.249902 0.249902 0.999609 0.999609 1.000000 1 1 
3233 1.959000 1.710097 1.710097 0.249903 0.249903 0.999610 0.999610 1.000000 1 1 
3234 1.960000 1.711097 1.711097 0.249903 0.249903 0.999612 0.999612 1.000000 1 1 
3235 1.961000 1.712096 1.712096 0.249903 0.249903 0.999613 0.999613 1.000000 1 1 
3236 1.962000 1.713096 1.713096 0.249904 0.249904 0.999615 0.999615 1.000000 1 1 
3237 1.963000 1.714096 1.714096 0.249904 0.249904 0.999616 0.999616 1.000000 1 1 
3238 1.964000 1.715095 1.715095 0.249904 0.249904 0.999618 0.999618 1.000000 1 1 
3239 1.965000 1.716095 1.716095 0.249905 0.249905 0.999620 0.999620 1.000000 1 1 
3240 1.966000 1.717094 1.717094 0.249905 0.249905 0.999621 0.999621 1.000000 1 1 
3241 1.967000 1.718094 1.718094 0.249906 0.249906 0.999623 0.999623 1.000000 1 1 
3242 1.968000 1.719094 1.719094 0.249906 0.249906 0.999624 0.999624 1.000000 1 1 
3243 1.969000 1.720093 1.720093 0.249906 0.249906 0.999626 0.999626 1.000000 1 1 
3244 1.970000 1.721093 1.721093 0.249907 0.249907 0.999627 0.999627 1.000000 1 1 
3245 1.971000 1.722092 1.722092 0.249907 0.249907 0.999629 0.999629 1.000000 1 1 
3246 1.972000 1.723092 1.723092 0.249908 0.249908 0.999630 0.999630 1.000000 1 1 
3247 1.973000 1.724092 1.724092 0.249908 0.249908 0.999632 0.999632 1.000000 1 1 
3248 1.974000 1.725091 1.725091 0.249908 0.249908 0.999633 0.999633 1.000000 1 1 
3249 1.975000 1.726091 1.726091 0.249909 0.249909 0.999634 0.999634 1.000000 1 1 
3250 1.976000 1.727091 1.727091 0.249909 0.249909 0.999636 0.999636 1.000000 1 1 
3251 1.977000 1.728090 1.728090 0.249909 0.249909 0.999637 0.999637 1.000000 1 1 
3252 1.978000 1.729090 1.729090 0.249910 0.249910 0.999639 0.999639 1.000000 1 1 
3253 1.979000 1.730090 1.730090 0.249910 0.249910 0.999640 0.999640 1.000000 1 1 
3254 1.980000 1.731089 1.731089 0.249910 0.249910 0.999642 0.999642 1.000000 1 1 
3255 1.981000 1.732089 1.732089 0.249911 0.249911 0.999643 0.999643 1.000000 1 1 
3256 1.982000 1.733088 1.733088 0.249911 0.249911 0.999645 0.999645 1.000000 1 1 
3257 1.983000 1.734088 1.734088 0.249912 0.249912 0.999646 0.999646 1.000000 1 1 
3258 1.984000 1.735088 1.735088 0.249912 0.249912 0.999647 0.999647 1.000000 1 1 
3259 1.985000 1.736087 1.736087 0.249912 0.249912 0.999649 0.999649 1.000000 1 1 
3260 1.986000 1.737087 1.737087 0.249913 0.249913 0.999650 0.999650 1.000000 1 1 
3261 1.987000 1.738087 1.738087 0.249913 0.249913 0.999652 0.999652 1.000000 1 1 
3262 1.988000 1.739086 1.739086 0.249913 0.249913 0.999653 0.999653 1.000000 1 1 
3263 1.989000 1.740086 1.740086 0.249914 0.249914 0.999654 0.999654 1.000000 1 1 
3264 1.990000 1.741086 1.741086 0.249914 0.249914 0.999656 0.999656 1.000000 1 1 
3265 1.991000 1.742085 1.742085 0.249914 0.249914 0.999657 0.999657 1.000000 1 1 
3266 1.992000 1.743085 1.743085 0.249915 0.249915 0.999659 0.999659 1.000000 1 1 
3267 1.993000 1.744085 1.744085 0.249915 0.249915 0.999660 0.999660 1.000000 1 1 
3268 1.994000 1.745084 1.745084 0.249915 0.249915 0.999661 0.999661 1.000000 1 1 
3269 1.995000 1.746084 1.746084 0.249916 0.249916 0.999663 0.999663 1.000000 1 1 
3270 1.996000 1.747084 1.747084 0.249916 0.249916 0.999664 0.999664 1.000000 1 1 
3271 1.997000 1.748083 1.748083 0.249916 0.249916 0.999665 0.999665 1.000000 1 1 
3272 1.998000 1.749083 1.749083 0.249917 0.249917 0.999667 0.999667 1.000000 1 1 
3273 1.999000 1.750083 1.750083 0.249917 0.249917 0.999668 0.999668 1.000000 1 1 
3274 2.000000 1.751082 1.751082 0.249917 0.249917 0.999669 0.999669 1.000000 1 1 
3275 2.001000 1.752082 1.752082 0.249918 0.249918 0.999671 0.999671 1.000000 1 1 
3276 2.002000 1.753082 1.753082 0.249918 0.249918 0.999672 0.999672 1.000000 1 1 
3277 2.003000 1.754081 1.754081 0.249918 0.249918 0.999673 0.999673 1.000000 1 1 
3278 2.004000 1.755081 1.755081 0.249919 0.249919 0.999675 0.999675 1.000000 1 1 
3279 2.005000 1.756081 1.756081 0.249919 0.249919 0.999676 0.999676 1.000000 1 1 
3280 2.006000 1.757080 1.757080 0.249919 0.249919 0.999677 0.999677 1.000000 1 1 
3281 2.007000 1.758080 1.758080 0.249920 0.249920 0.999678 0.999678 1.000000 1 1 
3282 2.008000 1.759080 1.759080 0.249920 0.249920 0.999680 0.999680 1.000000 1 1 
3283 2.009000 1.760079 1.760079 0.249920 0.249920 0.999681 0.999681 1.000000 1 1 
3284 2.010000 1.761079 1.761079 0.249921 0.249921 0.999682 0.999682 1.000000 1 1 
3285 2.011000 1.762079 1.762079 0.249921 0.249921 0.999684 0.999684 1.000000 1 1 
3286 2.012000 1.763078 1.762329 0.249921 0.249921 0.999685 0.999685 1.000000 1 1 
3287 2.013000 1.764078 1.762579 0.249922 0.250671 0.999686 1.002685 1.000000 1 1 
3288 2.014000 1.765078 1.762831 0.249922 0.251421 0.999687 1.005682 2.000000 1 1 
3289 2.015000 1.766078 1.763083 0.249922 0.252169 0.999689 1.008677 2.000000 1 1 
3290 2.016000 1.767077 1.763336 0.249922 0.252917 0.999690 1.011668 2.000000 1 1 
3291 2.017000 1.768077 1.763590 0.249923 0.253664 0.999691 1.014656 2.000000 1 1 
3292 2.018000 1.769077 1.763844 0.249923 0.254410 0.999692 1.017642 2.000000 1 1 
3293 2.019000 1.770076 1.764099 0.249923 0.255156 0.999694 1.020624 2.000000 1 1 
3294 2.020000 1.771076 1.764355 0.249924 0.255901 0.999695 1.023604 2.000000 1 1 
3295 2.021000 1.772076 1.764612 0.249924 0.256645 0.999696 1.026580 2.000000 1 1 
3296 2.022000 1.773075 1.764869 0.249924 0.257388 0.999697 1.029553 2.000000 1 1 
3297 2.023000 1.774075 1.765127 0.249925 0.258131 0.999698 1.032524 2.000000 1 1 
3298 2.024000 1.775075 1.765386 0.249925 0.258873 0.999700 1.035491 2.000000 1 1 
3299 2.025000 1.776074 1.765646 0.249925 0.259614 0.999701 1.038456 2.000000 1 1 
3300 2.026000 1.777074 1.765906 0.249926 0.260354 0.999702 1.041417 2.000000 1 1 
3301 2.027000 1.778074 1.766167 0.249926 0.261094 0.999703 1.044376 2.000000 1 1 
3302 2.028000 1.779074 1.766429 0.249926 0.261833 0.999704 1.047332 2.000000 1 1 
3303 2.029000 1.780073 1.766692 0.249926 0.262571 0.999706 1.050284 2.000000 1 1 
3304 2.030000 1.781073 1.766955 0.249927 0.263308 0.999707 1.053234 2.000000 1 1 
3305 2.031000 1.782073 1.767219 0.249927 0.264045 0.999708 1.056181 2.000000 1 1 
3306 2.032000 1.783072 1.767484 0.249927 0.264781 0.999709 1.059124 2.000000 1 1 
3307 2.033000 1.784072 1.767749 0.249928 0.265516 0.999710 1.062065 2.000000 1 1 
3308 2.034000 1.785072 1.768015 0.249928 0.266251 0.999711 1.065003 2.000000 1 1 
3309 2.035000 1.786072 1.768282 0.249928 0.266985 0.999713 1.067938 2.000000 1 1 
3310 2.036000 1.787071 1.768550 0.249928 0.267718 0.999714 1.070870 2.000000 1 1 
3311 2.037000 1.788071 1.768819 0.249929 0.268450 0.999715 1.073799 2.000000 1 1 
3312 2.038000 1.789071 1.769088 0.249929 0.269181 0.999716 1.076726 2.000000 1 1 
3313 2.039000 1.790070 1.769358 0.249929 0.269912 0.999717 1.079649 2.000000 1 1 
3314 2.040000 1.791070 1.769628 0.249930 0.270642 0.999718 1.082569 2.000000 1 1 
3315 2.041000 1.792070 1.769900 0.249930 0.271372 0.999719 1.085487 2.000000 1 1 
3316 2.042000 1.793070 1.770172 0.249930 0.272100 0.999721 1.088401 2.000000 1 1 
3317 2.043000 1.794069 1.770445 0.249930 0.272828 0.999722 1.091313 2.000000 1 1 
3318 2.044000 1.795069 1.770718 0.249931 0.273555 0.999723 1.094222 2.000000 1 1 
3319 2.045000 1.796069 1.770992 0.249931 0.274282 0.999724 1.097127 2.000000 1 1 
3320 2.046000 1.797068 1.771267 0.249931 0.275008 0.999725 1.100030 2.000000 1 1 
3321 2.047000 1.798068 1.771543 0.249932 0.275733 0.999726 1.102930 2.000000 1 1 
3322 2.048000 1.799068 1.771820 0.249932 0.276457 0.999727 1.105827 2.000000 1 1 
3323 2.049000 1.800068 1.772097 0.249932 0.277180 0.999728 1.108721 2.000000 1 1 
3324 2.050000 1.801067 1.772375 0.249932 0.277903 0.999729 1.111613 2.000000 1 1 
3325 2.051000 1.802067 1.772653 0.249933 0.278625 0.999730 1.114501 2.000000 1 1 
3326 2.052000 1.803067 1.772933 0.249933 0.279347 0.999732 1.117387 2.000000 1 1 
3327 2.053000 1.804067 1.773213 0.249933 0.280067 0.999733 1.120269 2.000000 1 1 
3328 2.054000 1.805066 1.773494 0.249933 0.280787 0.999734 1.123149 2.000000 1 1 
3329 2.055000 1.806066 1.773775 0.249934 0.281506 0.999735 1.126026 2.000000 1 1 
3330 2.056000 1.807066 1.774057 0.249934 0.282225 0.999736 1.128900 2.000000 1 1 
3331 2.057000 1.808066 1.774340 0.249934 0.282943 0.999737 1.131771 2.000000 1 1 
3332 2.058000 1.809065 1.774624 0.249934 0.283660 0.999738 1.134639 2.000000 1 1 
3333 2.059000 1.810065 1.774908 0.249935 0.284376 0.999739 1.137504 2.000000 1 1 
3334 2.060000 1.811065 1.775193 0.249935 0.285092 0.999740 1.140367 2.000000 1 1 
3335 2.061000 1.812064 1.775479 0.249935 0.285807 0.999741 1.143227 2.000000 1 1 
3336 2.062000 1.813064 1.775766 0.249936 0.286521 0.999742 1.146083 2.000000 1 1 
3337 2.063000 1.814064 1.776053 0.249936 0.287234 0.999743 1.148937 2.000000 1 1 
3338 2.064000 1.815064 1.776341 0.249936 0.287947 0.999744 1.151788 2.000000 1 1 
3339 2.065000 1.816063 1.776630 0.249936 0.288659 0.999745 1.154637 2.000000 1 1 
3340 2.066000 1.817063 1.776919 0.249937 0.289370 0.999746 1.157482 2.000000 1 1 
3341 2.067000 1.818063 1.777209 0.249937 0.290081 0.999747 1.160324 2.000000 1 1 
3342 2.068000 1.819063 1.777500 0.249937 0.290791 0.999748 1.163164 2.000000 1 1 
3343 2.069000 1.820062 1.777791 0.249937 0.291500 0.999749 1.166001 2.000000 1 1 
3344 2.070000 1.821062 1.778083 0.249938 0.292209 0.999750 1.168835 2.000000 1 1 
3345 2.071000 1.822062 1.778376 0.249938 0.292917 0.999751 1.171666 2.000000 1 1 
3346 2.072000 1.823062 1.778670 0.249938 0.293624 0.999752 1.174494 2.000000 1 1 
3347 2.073000 1.824061 1.778964 0.249938 0.294330 0.999753 1.177320 2.000000 1 1 
3348 2.074000 1.825061 1.779259 0.249939 0.295036 0.999754 1.180143 2.000000 1 1 
3349 2.075000 1.826061 1.779555 0.249939 0.295741 0.999755 1.182962 2.000000 1 1 
3350 2.076000 1.827061 1.779852 0.249939 0.296445 0.999756 1.185780 2.000000 1 1 
3351 2.077000 1.828060 1.780149 0.249939 0.297148 0.999757 1.188594 2.000000 1 1 
3352 2.078000 1.829060 1.780447 0.249940 0.297851 0.999758 1.191405 2.000000 1 1 
3353 2.079000 1.830060 1.780745 0.249940 0.298553 0.999759 1.194214 2.000000 1 1 
3354 2.080000 1.831060 1.781044 0.249940 0.299255 0.999760 1.197020 2.000000 1 1 
3355 2.081000 1.832060 1.781344 0.249940 0.299956 0.999761 1.199822 2.000000 1 1 
3356 2.082000 1.833059 1.781645 0.249940 0.300656 0.999762 1.202623 2.000000 1 1 
3357 2.083000 1.834059 1.781946 0.249941 0.301355 0.999763 1.205420 2.000000 1 1 
3358 2.084000 1.835059 1.782248 0.249941 0.302054 0.999764 1.208215 2.000000 1 1 
3359 2.085000 1.836059 1.782551 0.249941 0.302752 0.999765 1.211006 2.000000 1 1 
3360 2.086000 1.837058 1.782855 0.249941 0.303449 0.999766 1.213795 2.000000 1 1 
3361 2.087000 1.838058 1.783159 0.249942 0.304145 0.999767 1.216582 2.000000 1 1 
3362 2.088000 1.839058 1.783464 0.249942 0.304841 0.999768 1.219365 2.000000 1 1 
3363 2.089000 1.840058 1.783769 0.249942 0.305536 0.999769 1.222146 2.000000 1 1 
3364 2.090000 1.841057 1.784075 0.249942 0.306231 0.999769 1.224924 2.000000 1 1 
3365 2.091000 1.842057 1.784382 0.249943 0.306925 0.999770 1.227699 2.000000 1 1 
3366 2.092000 1.843057 1.784690 0.249943 0.307618 0.999771 1.230471 2.000000 1 1 
3367 2.093000 1.844057 1.784998 0.249943 0.308310 0.999772 1.233240 2.000000 1 1 
3368 2.094000 1.845056 1.785307 0.249943 0.309002 0.999773 1.236007 2.000000 1 1 
3369 2.095000 1.846056 1.785617 0.249944 0.309693 0.999774 1.238771 2.000000 1 1 
3370 2.096000 1.847056 1.785927 0.249944 0.310383 0.999775 1.241532 2.000000 1 1 
3371 2.097000 1.848056 1.786238 0.249944 0.311073 0.999776 1.244291 2.000000 1 1 
3372 2.098000 1.849056 1.786550 0.249944 0.311762 0.999777 1.247047 2.000000 1 1 
3373 2.099000 1.850055 1.786863 0.249944 0.312450 0.999778 1.249800 2.000000 1 1 
3374 2.100000 1.851055 1.787176 0.249945 0.313137 0.999779 1.252550 2.000000 1 1 
3375 2.101000 1.852055 1.787490 0.249945 0.313824 0.999779 1.255297 2.000000 1 1 
3376 2.102000 1.853055 1.787804 0.249945 0.314510 0.999780 1.258042 2.000000 1 1 
3377 2.103000 1.854054 1.788119 0.249945 0.315196 0.999781 1.260784 2.000000 1 1 
3378 2.104000 1.855054 1.788435 0.249946 0.315881 0.999782 1.263523 2.000000 1 1 
3379 2.105000 1.856054 1.788752 0.249946 0.316565 0.999783 1.266260 2.000000 1 1 
3380 2.106000 1.857054 1.789069 0.249946 0.317248 0.999784 1.268993 2.000000 1 1 
3381 2.107000 1.858054 1.789387 0.249946 0.317931 0.999785 1.271724 2.000000 1 1 
3382 2.108000 1.859053 1.789705 0.249946 0.318613 0.999786 1.274453 2.000000 1 1 
3383 2.109000 1.860053 1.790025 0.249947 0.319295 0.999786 1.277178 2.000000 1 1 
3384 2.110000 1.861053 1.790345 0.249947 0.319975 0.999787 1.279901 2.000000 1 1 
3385 2.111000 1.862053 1.790665 0.249947 0.320655 0.999788 1.282621 2.000000 1 1 
3386 2.112000 1.863053 1.790987 0.249947 0.321335 0.999789 1.285338 2.000000 1 1 
3387 2.113000 1.864052 1.791309 0.249947 0.322013 0.999790 1.288053 2.000000 1 1 
3388 2.114000 1.865052 1.791631 0.249948 0.322691 0.999791 1.290765 2.000000 1 1 
3389 2.115000 1.866052 1.791955 0.249948 0.323369 0.999791 1.293474 2.000000 1 1 
3390 2.116000 1.867052 1.792279 0.249948 0.324045 0.999792 1.296181 2.000000 1 1 
3391 2.117000 1.868052 1.792604 0.249948 0.324721 0.999793 1.298885 2.000000 1 1 
3392 2.118000 1.869051 1.792929 0.249948 0.325396 0.999794 1.301586 2.000000 1 1 
3393 2.119000 1.870051 1.793255 0.249949 0.326071 0.999795 1.304284 2.000000 1 1 
3394 2.120000 1.871051 1.793582 0.249949 0.326745 0.999796 1.306980 2.000000 1 1 
3395 2.121000 1.872051 1.793909 0.249949 0.327418 0.999796 1.309673 2.000000 1 1 
3396 2.122000 1.873050 1.794237 0.249949 0.328091 0.999797 1.312363 2.000000 1 1 
3397 2.123000 1.874050 1.794566 0.249950 0.328763 0.999798 1.315051 2.000000 1 1 
3398 2.124000 1.875050 1.794895 0.249950 0.329434 0.999799 1.317736 2.000000 1 1 
3399 2.125000 1.876050 1.795226 0.249950 0.330105 0.999800 1.320418 2.000000 1 1 
3400 2.126000 1.877050 1.795556 0.249950 0.330774 0.999800 1.323098 2.000000 1 1 
3401 2.127000 1.878049 1.795888 0.249950 0.331444 0.999801 1.325775 2.000000 1 1 
3402 2.128000 1.879049 1.796220 0.249951 0.332112 0.999802 1.328449 2.000000 1 1 
3403 2.129000 1.880049 1.796553 0.249951 0.332780 0.999803 1.331120 2.000000 1 1 
3404 2.130000 1.881049 1.796886 0.249951 0.333447 0.999804 1.333789 2.000000 1 1 
3405 2.131000 1.882049 1.797220 0.249951 0.334114 0.999804 1.336455 2.000000 1 1 
3406 2.132000 1.883049 1.797555 0.249951 0.334780 0.999805 1.339119 2.000000 1 1 
3407 2.133000 1.884048 1.797890 0.249951 0.335445 0.999806 1.341780 2.000000 1 1 
3408 2.134000 1.885048 1.798227 0.249952 0.336110 0.999807 1.344438 2.000000 1 1 
3409 2.135000 1.886048 1.798563 0.249952 0.336773 0.999808 1.347094 2.000000 1 1 
3410 2.136000 1.887048 1.798901 0.249952 0.337437 0.999808 1.349747 2.000000 1 1 
3411 2.137000 1.888048 1.799239 0.249952 0.338099 0.999809 1.352397 2.000000 1 1 
3412 2.138000 1.889047 1.799578 0.249952 0.338761 0.999810 1.355044 2.000000 1 1 
3413 2.139000 1.890047 1.799917 0.249953 0.339422 0.999811 1.357689 2.000000 1 1 
3414 2.140000 1.891047 1.800257 0.249953 0.340083 0.999811 1.360332 2.000000 1 1 
3415 2.141000 1.892047 1.800598 0.249953 0.340743 0.999812 1.362971 2.000000 1 1 
3416 2.142000 1.893047 1.800939 0.249953 0.341402 0.999813 1.365608 2.000000 1 1 
3417 2.143000 1.894046 1.801281 0.249953 0.342061 0.999814 1.368243 2.000000 1 1 
3418 2.144000 1.895046 1.801624 0.249954 0.342719 0.999814 1.370874 2.000000 1 1 
3419 2.145000 1.896046 1.801967 0.249954 0.343376 0.999815 1.373504 2.000000 1 1 
3420 2.146000 1.897046 1.802312 0.249954 0.344033 0.999816 1.376130 2.000000 1 1 
3421 2.147000 1.898046 1.802656 0.249954 0.344688 0.999817 1.378754 2.000000 1 1 
3422 2.148000 1.899045 1.803002 0.249954 0.345344 0.999817 1.381375 2.000000 1 1 
3423 2.149000 1.900045 1.803348 0.249955 0.345998 0.999818 1.383994 2.000000 1 1 
3424 2.150000 1.901045 1.803694 0.249955 0.346652 0.999819 1.386610 2.000000 1 1 
3425 2.151000 1.902045 1.804041 0.249955 0.347306 0.999819 1.389223 2.000000 1 1 
3426 2.152000 1.903045 1.804389 0.249955 0.347959 0.999820 1.391834 2.000000 1 1 
3427 2.153000 1.904045 1.804738 0.249955 0.348611 0.999821 1.394442 2.000000 1 1 
3428 2.154000 1.905044 1.805087 0.249955 0.349262 0.999822 1.397048 2.000000 1 1 
3429 2.155000 1.906044 1.805437 0.249956 0.349913 0.999822 1.399651 2.000000 1 1 
3430 2.156000 1.907044 1.805788 0.249956 0.350563 0.999823 1.402251 2.000000 1 1 
3431 2.157000 1.908044 1.806139 0.249956 0.351212 0.999824 1.404849 2.000000 1 1 
3432 2.158000 1.909044 1.806491 0.249956 0.351861 0.999824 1.407444 2.000000 1 1 
3433 2.159000 1.910044 1.806843 0.249956 0.352509 0.999825 1.410036 2.000000 1 1 
3434 2.160000 1.911043 1.807197 0.249956 0.353157 0.999826 1.412626 2.000000 1 1 
3435 2.161000 1.912043 1.807550 0.249957 0.353803 0.999827 1.415214 2.000000 1 1 
3436 2.162000 1.913043 1.807905 0.249957 0.354450 0.999827 1.417799 2.000000 1 1 
3437 2.163000 1.914043 1.808260 0.249957 0.355095 0.999828 1.420381 2.000000 1 1 
3438 2.164000 1.915043 1.808616 0.249957 0.355740 0.999829 1.422960 2.000000 1 1 
3439 2.165000 1.916043 1.808972 0.249957 0.356384 0.999829 1.425537 2.000000 1 1 
3440 2.166000 1.917042 1.809329 0.249957 0.357028 0.999830 1.428112 2.000000 1 1 
3441 2.167000 1.918042 1.809687 0.249958 0.357671 0.999831 1.430684 2.000000 1 1 
3442 2.168000 1.919042 1.810045 0.249958 0.358313 0.999831 1.433253 2.000000 1 1 
3443 2.169000 1.920042 1.810404 0.249958 0.358955 0.999832 1.435820 2.000000 1 1 
3444 2.170000 1.921042 1.810764 0.249958 0.359596 0.999833 1.438384 2.000000 1 1 
3445 2.171000 1.922041 1.811124 0.249958 0.360236 0.999833 1.440946 2.000000 1 1 
3446 2.172000 1.923041 1.811485 0.249959 0.360876 0.999834 1.443505 2.000000 1 1 
3447 2.173000 1.924041 1.811846 0.249959 0.361515 0.999835 1.446061 2.000000 1 1 
3448 2.174000 1.925041 1.812208 0.249959 0.362154 0.999835 1.448615 2.000000 1 1 
3449 2.175000 1.926041 1.812571 0.249959 0.362792 0.999836 1.451167 2.000000 1 1 
3450 2.176000 1.927041 1.812935 0.249959 0.363429 0.999837 1.453715 2.000000 1 1 
3451 2.177000 1.928041 1.813299 0.249959 0.364065 0.999837 1.456262 2.000000 1 1 
3452 2.178000 1.929040 1.813663 0.249959 0.364701 0.999838 1.458805 2.000000 1 1 
3453 2.179000 1.930040 1.814029 0.249960 0.365337 0.999839 1.461347 2.000000 1 1 
3454 2.180000 1.931040 1.814395 0.249960 0.365971 0.999839 1.463885 2.000000 1 1 
3455 2.181000 1.932040 1.814761 0.249960 0.366605 0.999840 1.466421 2.000000 1 1 
3456 2.182000 1.933040 1.815128 0.249960 0.367239 0.999841 1.468955 2.000000 1 1 
3457 2.183000 1.934040 1.815496 0.249960 0.367872 0.999841 1.471486 2.000000 1 1 
3458 2.184000 1.935039 1.815865 0.249960 0.368504 0.999842 1.474015 2.000000 1 1 
3459 2.185000 1.936039 1.816234 0.249961 0.369135 0.999842 1.476541 2.000000 1 1 
3460 2.186000 1.937039 1.816604 0.249961 0.369766 0.999843 1.479064 2.000000 1 1 
3461 2.187000 1.938039 1.816974 0.249961 0.370396 0.999844 1.481585 2.000000 1 1 
3462 2.188000 1.939039 1.817345 0.249961 0.371026 0.999844 1.484103 2.000000 1 1 
3463 2.189000 1.940039 1.817717 0.249961 0.371655 0.999845 1.486619 2.000000 1 1 
3464 2.190000 1.941038 1.818089 0.249961 0.372283 0.999846 1.489133 2.000000 1 1 
3465 2.191000 1.942038 1.818462 0.249962 0.372911 0.999846 1.491643 2.000000 1 1 
3466 2.192000 1.943038 1.818836 0.249962 0.373538 0.999847 1.494152 2.000000 1 1 
3467 2.193000 1.944038 1.819210 0.249962 0.374164 0.999847 1.496658 2.000000 1 1 
3468 2.194000 1.945038 1.819585 0.249962 0.374790 0.999848 1.499161 2.000000 1 1 
3469 2.195000 1.946038 1.819960 0.249962 0.375415 0.999849 1.501662 2.000000 1 1 
3470 2.196000 1.947038 1.820336 0.249962 0.376040 0.999849 1.504160 2.000000 1 1 
3471 2.197000 1.948037 1.820713 0.249962 0.376664 0.999850 1.506656 2.000000 1 1 
3472 2.198000 1.949037 1.821090 0.249963 0.377287 0.999850 1.509149 2.000000 1 1 
3473 2.199000 1.950037 1.821468 0.249963 0.377910 0.999851 1.511640 2.000000 1 1 
3474 2.200000 1.951037 1.821846 0.249963 0.378532 0.999852 1.514129 2.000000 1 1 
3475 2.201000 1.952037 1.822226 0.249963 0.379154 0.999852 1.516614 2.000000 1 1 
3476 2.202000 1.953037 1.822605 0.249963 0.379774 0.999853 1.519098 2.000000 1 1 
3477 2.203000 1.954036 1.822986 0.249963 0.380395 0.999853 1.521579 2.000000 1 1 
3478 2.204000 1.955036 1.823367 0.249964 0.381014 0.999854 1.524057 2.000000 1 1 
3479 2.205000 1.956036 1.823748 0.249964 0.381633 0.999855 1.526533 2.000000 1 1 
3480 2.206000 1.957036 1.824131 0.249964 0.382252 0.999855 1.529007 2.000000 1 1 
3481 2.207000 1.958036 1.824513 0.249964 0.382869 0.999856 1.531478 2.000000 1 1 
3482 2.208000 1.959036 1.824897 0.249964 0.383487 0.999856 1.533946 2.000000 1 1 
3483 2.209000 1.960036 1.825281 0.249964 0.384103 0.999857 1.536412 2.000000 1 1 
3484 2.210000 1.961035 1.825666 0.249964 0.384719 0.999857 1.538876 2.000000 1 1 
3485 2.211000 1.962035 1.826051 0.249965 0.385334 0.999858 1.541337 2.000000 1 1 
3486 2.212000 1.963035 1.826437 0.249965 0.385949 0.999859 1.543796 2.000000 1 1 
3487 2.213000 1.964035 1.826824 0.249965 0.386563 0.999859 1.546252 2.000000 1 1 
3488 2.214000 1.965035 1.827211 0.249965 0.387176 0.999860 1.548705 2.000000 1 1 
3489 2.215000 1.966035 1.827599 0.249965 0.387789 0.999860 1.551157 2.000000 1 1 
3490 2.216000 1.967035 1.827987 0.249965 0.388401 0.999861 1.553606 2.000000 1 1 
3491 2.217000 1.968035 1.828376 0.249965 0.389013 0.999861 1.556052 2.000000 1 1 
3492 2.218000 1.969034 1.828766 0.249965 0.389624 0.999862 1.558496 2.000000 1 1 
3493 2.219000 1.970034 1.829156 0.249966 0.390234 0.999863 1.560937 2.000000 1 1 
3494 2.220000 1.971034 1.829547 0.249966 0.390844 0.999863 1.563377 2.000000 1 1 
3495 2.221000 1.972034 1.829938 0.249966 0.391453 0.999864 1.565813 2.000000 1 1 
3496 2.222000 1.973034 1.830330 0.249966 0.392062 0.999864 1.568247 2.000000 1 1 
3497 2.223000 1.974034 1.830723 0.249966 0.392670 0.999865 1.570679 2.000000 1 1 
3498 2.224000 1.975034 1.831116 0.249966 0.393277 0.999865 1.573108 2.000000 1 1 
3499 2.225000 1.976033 1.831510 0.249966 0.393884 0.999866 1.575535 2.000000 1 1 
3500 2.226000 1.977033 1.831905 0.249967 0.394490 0.999866 1.577960 2.000000 1 1 
3501 2.227000 1.978033 1.832300 0.249967 0.395095 0.999867 1.580382 2.000000 1 1 
3502 2.228000 1.979033 1.832695 0.249967 0.395700 0.999867 1.582801 2.000000 1 1 
3503 2.229000 1.980033 1.833092 0.249967 0.396305 0.999868 1.585219 2.000000 1 1 
3504 2.230000 1.981033 1.833489 0.249967 0.396908 0.999868 1.587633 2.000000 1 1 
3505 2.231000 1.982033 1.833886 0.249967 0.397511 0.999869 1.590046 2.000000 1 1 
3506 2.232000 1.983032 1.834284 0.249967 0.398114 0.999870 1.592456 2.000000 1 1 
3507 2.233000 1.984032 1.834683 0.249968 0.398716 0.999870 1.594863 2.000000 1 1 
3508 2.234000 1.985032 1.835082 0.249968 0.399317 0.999871 1.597268 2.000000 1 1 
3509 2.235000 1.986032 1.835482 0.249968 0.399918 0.999871 1.599671 2.000000 1 1 
3510 2.236000 1.987032 1.835883 0.249968 0.400518 0.999872 1.602071 2.000000 1 1 
3511 2.237000 1.988032 1.836284 0.249968 0.401117 0.999872 1.604469 2.000000 1 1 
3512 2.238000 1.989032 1.836685 0.249968 0.401716 0.999873 1.606865 2.000000 1 1 
3513 2.239000 1.990032 1.837088 0.249968 0.402315 0.999873 1.609258 2.000000 1 1 
3514 2.240000 1.991031 1.837491 0.249968 0.402912 0.999874 1.611649 2.000000 1 1 
3515 2.241000 1.992031 1.837894 0.249969 0.403509 0.999874 1.614037 2.000000 1 1 
3516 2.242000 1.993031 1.838298 0.249969 0.404106 0.999875 1.616423 2.000000 1 1 
3517 2.243000 1.994031 1.838703 0.249969 0.404702 0.999875 1.618807 2.000000 1 1 
3518 2.244000 1.995031 1.839108 0.249969 0.405297 0.999876 1.621188 2.000000 1 1 
3519 2.245000 1.996031 1.839514 0.249969 0.405892 0.999876 1.623567 2.000000 1 1 
3520 2.246000 1.997031 1.839921 0.249969 0.406486 0.999877 1.625943 2.000000 1 1 
3521 2.247000 1.998031 1.840328 0.249969 0.407079 0.999877 1.628317 2.000000 1 1 
3522 2.248000 1.999030 1.840735 0.249969 0.407672 0.999878 1.630689 2.000000 1 1 
3523 2.249000 2.000030 1.841144 0.249970 0.408265 0.999878 1.633058 2.000000 1 1 
3524 2.250000 2.001030 1.841553 0.249970 0.408856 0.999879 1.635425 2.000000 1 1 
3525 2.251000 2.002030 1.841962 0.249970 0.409447 0.999879 1.637790 2.000000 1 1 
3526 2.252000 2.003030 1.842372 0.249970 0.410038 0.999880 1.640152 2.000000 1 1 
3527 2.253000 2.004030 1.842783 0.249970 0.410628 0.999880 1.642512 2.000000 1 1 
3528 2.254000 2.005030 1.843194 0.249970 0.411217 0.999881 1.644869 2.000000 1 1 
3529 2.255000 2.006030 1.843606 0.249970 0.411806 0.999881 1.647224 2.000000 1 1 
3530 2.256000 2.007030 1.844018 0.249970 0.412394 0.999881 1.649577 2.000000 1 1 
3531 2.257000 2.008029 1.844431 0.249970 0.412982 0.999882 1.651928 2.000000 1 1 
3532 2.258000 2.009029 1.844845 0.249971 0.413569 0.999882 1.654276 2.000000 1 1 
3533 2.259000 2.010029 1.845259 0.249971 0.414155 0.999883 1.656621 2.000000 1 1 
3534 2.260000 2.011029 1.845674 0.249971 0.414741 0.999883 1.658965 2.000000 1 1 
3535 2.261000 2.012029 1.846089 0.249971 0.415326 0.999884 1.661306 2.000000 1 1 
3536 2.262000 2.013029 1.846505 0.249971 0.415911 0.999884 1.663644 2.000000 1 1 
3537 2.263000 2.014029 1.846921 0.249971 0.416495 0.999885 1.665981 2.000000 1 1 
3538 2.264000 2.015029 1.847338 0.249971 0.417079 0.999885 1.668315 2.000000 1 1 
3539 2.265000 2.016028 1.847756 0.249971 0.417662 0.999886 1.670647 2.000000 1 1 
3540 2.266000 2.017028 1.848174 0.249972 0.418244 0.999886 1.672976 2.000000 1 1 
3541 2.267000 2.018028 1.848593 0.249972 0.418826 0.999887 1.675303 2.000000 1 1 
3542 2.268000 2.019028 1.849013 0.249972 0.419407 0.999887 1.677628 2.000000 1 1 
3543 2.269000 2.020028 1.849432 0.249972 0.419987 0.999887 1.679950 2.000000 1 1 
3544 2.270000 2.021028 1.849853 0.249972 0.420568 0.999888 1.682270 2.000000 1 1 
3545 2.271000 2.022028 1.850274 0.249972 0.421147 0.999888 1.684588 2.000000 1 1 
3546 2.272000 2.023028 1.850696 0.249972 0.421726 0.999889 1.686903 2.000000 1 1 
3547 2.273000 2.024028 1.851118 0.249972 0.422304 0.999889 1.689216 2.000000 1 1 
3548 2.274000 2.025027 1.851541 0.249972 0.422882 0.999890 1.691527 2.000000 1 1 
3549 2.275000 2.026027 1.851965 0.249973 0.423459 0.999890 1.693836 2.000000 1 1 
3550 2.276000 2.027027 1.852389 0.249973 0.424035 0.999891 1.696142 2.000000 1 1 
3551 2.277000 2.028027 1.852813 0.249973 0.424611 0.999891 1.698446 2.000000 1 1 
3552 2.278000 2.029027 1.853238 0.249973 0.425187 0.999891 1.700747 2.000000 1 1 
3553 2.279000 2.030027 1.853664 0.249973 0.425762 0.999892 1.703046 2.000000 1 1 
3554 2.280000 2.031027 1.854091 0.249973 0.426336 0.999892 1.705343 2.000000 1 1 
3555 2.281000 2.032027 1.854517 0.249973 0.426909 0.999893 1.707638 2.000000 1 1 
3556 2.282000 2.033027 1.854945 0.249973 0.427483 0.999893 1.709930 2.000000 1 1 
3557 2.283000 2.034026 1.855373 0.249973 0.428055 0.999894 1.712220 2.000000 1 1 
3558 2.284000 2.035026 1.855802 0.249974 0.428627 0.999894 1.714508 2.000000 1 1 
3559 2.285000 2.036026 1.856231 0.249974 0.429198 0.999894 1.716794 2.000000 1 1 
3560 2.286000 2.037026 1.856661 0.249974 0.429769 0.999895 1.719077 2.000000 1 1 
3561 2.287000 2.038026 1.857091 0.249974 0.430339 0.999895 1.721358 2.000000 1 1 
3562 2.288000 2.039026 1.857522 0.249974 0.430909 0.999896 1.723636 2.000000 1 1 
3563 2.289000 2.040026 1.857953 0.249974 0.431478 0.999896 1.725913 2.000000 1 1 
3564 2.290000 2.041026 1.858385 0.249974 0.432047 0.999897 1.728187 2.000000 1 1 
3565 2.291000 2.042026 1.858818 0.249974 0.432615 0.999897 1.730459 2.000000 1 1 
3566 2.292000 2.043026 1.859251 0.249974 0.433182 0.999897 1.732728 2.000000 1 1 
3567 2.293000 2.044025 1.859685 0.249974 0.433749 0.999898 1.734996 2.000000 1 1 
3568 2.294000 2.045025 1.860119 0.249975 0.434315 0.999898 1.737261 2.000000 1 1 
3569 2.295000 2.046025 1.860554 0.249975 0.434881 0.999899 1.739523 2.000000 1 1 
3570 2.296000 2.047025 1.860990 0.249975 0.435446 0.999899 1.741784 2.000000 1 1 
3571 2.297000 2.048025 1.861426 0.249975 0.436010 0.999899 1.744042 2.000000 1 1 
3572 2.298000 2.049025 1.861862 0.249975 0.436574 0.999900 1.746298 2.000000 1 1 
3573 2.299000 2.050025 1.862299 0.249975 0.437138 0.999900 1.748552 2.000000 1 1 
3574 2.300000 2.051025 1.862737 0.249975 0.437701 0.999901 1.750803 2.000000 1 1 
3575 2.301000 2.052025 1.863175 0.249975 0.438263 0.999901 1.753052 2.000000 1 1 
3576 2.302000 2.053025 1.863614 0.249975 0.438825 0.999901 1.755299 2.000000 1 1 
3577 2.303000 2.054024 1.864053 0.249975 0.439386 0.999902 1.757544 2.000000 1 1 
3578 2.304000 2.055024 1.864493 0.249976 0.439947 0.999902 1.759786 2.000000 1 1 
3579 2.305000 2.056024 1.864934 0.249976 0.440507 0.999903 1.762027 2.000000 1 1 
3580 2.306000 2.057024 1.865375 0.249976 0.441066 0.999903 1.764265 2.000000 1 1 
3581 2.307000 2.058024 1.865817 0.249976 0.441625 0.999903 1.766500 2.000000 1 1 
3582 2.308000 2.059024 1.866259 0.249976 0.442183 0.999904 1.768734 2.000000 1 1 
3583 2.309000 2.060024 1.866701 0.249976 0.442741 0.999904 1.770965 2.000000 1 1 
3584 2.310000 2.061024 1.867145 0.249976 0.443299 0.999905 1.773194 2.000000 1 1 
3585 2.311000 2.062024 1.867589 0.249976 0.443855 0.999905 1.775421 2.000000 1 1 
3586 2.312000 2.063024 1.868033 0.249976 0.444411 0.999905 1.777645 2.000000 1 1 
3587 2.313000 2.064023 1.868478 0.249976 0.444967 0.999906 1.779868 2.000000 1 1 
3588 2.314000 2.065023 1.868924 0.249977 0.445522 0.999906 1.782088 2.000000 1 1 
3589 2.315000 2.066023 1.869370 0.249977 0.446076 0.999906 1.784306 2.000000 1 1 
3590 2.316000 2.067023 1.869816 0.249977 0.446630 0.999907 1.786522 2.000000 1 1 
3591 2.317000 2.068023 1.870263 0.249977 0.447184 0.999907 1.788735 2.000000 1 1 
3592 2.318000 2.069023 1.870711 0.249977 0.447737 0.999908 1.790946 2.000000 1 1 
3593 2.319000 2.070023 1.871159 0.249977 0.448289 0.999908 1.793155 2.000000 1 1 
3594 2.320000 2.071023 1.871608 0.249977 0.448841 0.999908 1.795362 2.000000 1 1 
3595 2.321000 2.072023 1.872058 0.249977 0.449392 0.999909 1.797567 2.000000 1 1 
3596 2.322000 2.073023 1.872508 0.249977 0.449942 0.999909 1.799769 2.000000 1 1 
3597 2.323000 2.074023 1.872958 0.249977 0.450492 0.999909 1.801970 2.000000 1 1 
3598 2.324000 2.075022 1.873409 0.249977 0.451042 0.999910 1.804168 2.000000 1 1 
3599 2.325000 2.076022 1.873861 0.249978 0.451591 0.999910 1.806363 2.000000 1 1 
3600 2.326000 2.077022 1.874313 0.249978 0.452139 0.999910 1.808557 2.000000 1 1 
3601 2.327000 2.078022 1.874766 0.249978 0.452687 0.999911 1.810748 2.000000 1 1 
3602 2.328000 2.079022 1.875219 0.249978 0.453234 0.999911 1.812938 2.000000 1 1 
3603 2.329000 2.080022 1.875673 0.249978 0.453781 0.999912 1.815125 2.000000 1 1 
3604 2.330000 2.081022 1.876127 0.249978 0.454327 0.999912 1.817310 2.000000 1 1 
3605 2.331000 2.082022 1.876582 0.249978 0.454873 0.999912 1.819492 2.000000 1 1 
3606 2.332000 2.083022 1.877037 0.249978 0.455418 0.999913 1.821673 2.000000 1 1 
3607 2.333000 2.084022 1.877493 0.249978 0.455963 0.999913 1.823851 2.000000 1 1 
3608 2.334000 2.085022 1.877950 0.249978 0.456507 0.999913 1.826027 2.000000 1 1 
3609 2.335000 2.086022 1.878407 0.249978 0.457050 0.999914 1.828201 2.000000 1 1 
3610 2.336000 2.087021 1.878864 0.249978 0.457593 0.999914 1.830373 2.000000 1 1 
3611 2.337000 2.088021 1.879322 0.249979 0.458136 0.999914 1.832543 2.000000 1 1 
3612 2.338000 2.089021 1.879781 0.249979 0.458678 0.999915 1.834710 2.000000 1 1 
3613 2.339000 2.090021 1.880240 0.249979 0.459219 0.999915 1.836875 2.000000 1 1 
3614 2.340000 2.091021 1.880700 0.249979 0.459760 0.999915 1.839039 2.000000 1 1 
3615 2.341000 2.092021 1.881160 0.249979 0.460300 0.999916 1.841200 2.000000 1 1 
3616 2.342000 2.093021 1.881621 0.249979 0.460840 0.999916 1.843358 2.000000 1 1 
3617 2.343000 2.094021 1.882083 0.249979 0.461379 0.999916 1.845515 2.000000 1 1 
3618 2.344000 2.095021 1.882545 0.249979 0.461917 0.999917 1.847669 2.000000 1 1 
3619 2.345000 2.096021 1.883007 0.249979 0.462455 0.999917 1.849822 2.000000 1 1 
3620 2.346000 2.097021 1.883470 0.249979 0.462993 0.999917 1.851972 2.000000 1 1 
3621 2.347000 2.098020 1.883934 0.249979 0.463530 0.999918 1.854120 2.000000 1 1 
3622 2.348000 2.099020 1.884398 0.249980 0.464066 0.999918 1.856266 2.000000 1 1 
3623 2.349000 2.100020 1.884862 0.249980 0.464602 0.999918 1.858410 2.000000 1 1 
3624 2.350000 2.101020 1.885327 0.249980 0.465138 0.999919 1.860551 2.000000 1 1 
3625 2.351000 2.102020 1.885793 0.249980 0.465673 0.999919 1.862691 2.000000 1 1 
3626 2.352000 2.103020 1.886259 0.249980 0.466207 0.999919 1.864828 2.000000 1 1 
3627 2.353000 2.104020 1.886726 0.249980 0.466741 0.999920 1.866963 2.000000 1 1 
3628 2.354000 2.105020 1.887193 0.249980 0.467274 0.999920 1.869096 2.000000 1 1 
3629 2.355000 2.106020 1.887661 0.249980 0.467807 0.999920 1.871227 2.000000 1 1 
3630 2.356000 2.107020 1.888129 0.249980 0.468339 0.999921 1.873356 2.000000 1 1 
3631 2.357000 2.108020 1.888598 0.249980 0.468871 0.999921 1.875482 2.000000 1 1 
3632 2.358000 2.109020 1.889068 0.249980 0.469402 0.999921 1.877607 2.000000 1 1 
3633 2.359000 2.110020 1.889538 0.249980 0.469932 0.999922 1.879729 2.000000 1 1 
3634 2.360000 2.111019 1.890008 0.249980 0.470462 0.999922 1.881850 2.000000 1 1 
3635 2.361000 2.112019 1.890479 0.249981 0.470992 0.999922 1.883968 2.000000 1 1 
3636 2.362000 2.113019 1.890951 0.249981 0.471521 0.999923 1.886084 2.000000 1 1 
3637 2.363000 2.114019 1.891423 0.249981 0.472049 0.999923 1.888198 2.000000 1 1 
3638 2.364000 2.115019 1.891895 0.249981 0.472577 0.999923 1.890310 2.000000 1 1 
3639 2.365000 2.116019 1.892368 0.249981 0.473105 0.999923 1.892419 2.000000 1 1 
3640 2.366000 2.117019 1.892842 0.249981 0.473632 0.999924 1.894527 2.000000 1 1 
3641 2.367000 2.118019 1.893316 0.249981 0.474158 0.999924 1.896632 2.000000 1 1 
3642 2.368000 2.119019 1.893791 0.249981 0.474684 0.999924 1.898736 2.000000 1 1 
3643 2.369000 2.120019 1.894266 0.249981 0.475209 0.999925 1.900837 2.000000 1 1 
3644 2.370000 2.121019 1.894742 0.249981 0.475734 0.999925 1.902936 2.000000 1 1 
3645 2.371000 2.122019 1.895218 0.249981 0.476258 0.999925 1.905033 2.000000 1 1 
3646 2.372000 2.123019 1.895695 0.249981 0.476782 0.999926 1.907128 2.000000 1 1 
3647 2.373000 2.124018 1.896172 0.249981 0.477305 0.999926 1.909221 2.000000 1 1 
3648 2.374000 2.125018 1.896650 0.249982 0.477828 0.999926 1.911312 2.000000 1 1 
3649 2.375000 2.126018 1.897128 0.249982 0.478350 0.999926 1.913400 2.000000 1 1 
3650 2.376000 2.127018 1.897607 0.249982 0.478872 0.999927 1.915487 2.000000 1 1 
3651 2.377000 2.128018 1.898086 0.249982 0.479393 0.999927 1.917572 2.000000 1 1 
3652 2.378000 2.129018 1.898566 0.249982 0.479914 0.999927 1.919654 2.000000 1 1 
3653 2.379000 2.130018 1.899047 0.249982 0.480434 0.999928 1.921734 2.000000 1 1 
3654 2.380000 2.131018 1.899528 0.249982 0.480953 0.999928 1.923813 2.000000 1 1 
3655 2.381000 2.132018 1.900009 0.249982 0.481472 0.999928 1.925889 2.000000 1 1 
3656 2.382000 2.133018 1.900491 0.249982 0.481991 0.999928 1.927963 2.000000 1 1 
3657 2.383000 2.134018 1.900974 0.249982 0.482509 0.999929 1.930035 2.000000 1 1 
3658 2.384000 2.135018 1.901457 0.249982 0.483026 0.999929 1.932105 2.000000 1 1 
3659 2.385000 2.136018 1.901940 0.249982 0.483543 0.999929 1.934173 2.000000 1 1 
3660 2.386000 2.137018 1.902424 0.249982 0.484060 0.999930 1.936239 2.000000 1 1 
3661 2.387000 2.138017 1.902909 0.249982 0.484576 0.999930 1.938302 2.000000 1 1 
3662 2.388000 2.139017 1.903394 0.249983 0.485091 0.999930 1.940364 2.000000 1 1 
3663 2.389000 2.140017 1.903880 0.249983 0.485606 0.999930 1.942424 2.000000 1 1 
3664 2.390000 2.141017 1.904366 0.249983 0.486120 0.999931 1.944481 2.000000 1 1 
3665 2.391000 2.142017 1.904852 0.249983 0.486634 0.999931 1.946537 2.000000 1 1 
3666 2.392000 2.143017 1.905340 0.249983 0.487148 0.999931 1.948590 2.000000 1 1 
3667 2.393000 2.144017 1.905827 0.249983 0.487660 0.999932 1.950642 2.000000 1 1 
3668 2.394000 2.145017 1.906315 0.249983 0.488173 0.999932 1.952691 2.000000 1 1 
3669 2.395000 2.146017 1.906804 0.249983 0.488685 0.999932 1.954738 2.000000 1 1 
3670 2.396000 2.147017 1.907293 0.249983 0.489196 0.999932 1.956784 2.000000 1 1 
3671 2.397000 2.148017 1.907783 0.249983 0.489707 0.999933 1.958827 2.000000 1 1 
3672 2.398000 2.149017 1.908273 0.249983 0.490217 0.999933 1.960868 2.000000 1 1 
3673 2.399000 2.150017 1.908764 0.249983 0.490727 0.999933 1.962907 2.000000 1 1 
3674 2.400000 2.151017 1.909255 0.249983 0.491236 0.999933 1.964944 2.000000 1 1 
3675 2.401000 2.152017 1.909747 0.249983 0.491745 0.999934 1.966979 2.000000 1 1 
3676 2.402000 2.153016 1.910239 0.249983 0.492253 0.999934 1.969012 2.000000 1 1 
3677 2.403000 2.154016 1.910732 0.249984 0.492761 0.999934 1.971043 2.000000 1 1 
3678 2.404000 2.155016 1.911225 0.249984 0.493268 0.999935 1.973072 2.000000 1 1 
3679 2.405000 2.156016 1.911719 0.249984 0.493775 0.999935 1.975099 2.000000 1 1 
3680 2.406000 2.157016 1.912213 0.249984 0.494281 0.999935 1.977124 2.000000 1 1 
3681 2.407000 2.158016 1.912708 0.249984 0.494787 0.999935 1.979147 2.000000 1 1 
3682 2.408000 2.159016 1.913203 0.249984 0.495292 0.999936 1.981168 2.000000 1 1 
3683 2.409000 2.160016 1.913699 0.249984 0.495797 0.999936 1.983187 2.000000 1 1 
3684 2.410000 2.161016 1.914195 0.249984 0.496301 0.999936 1.985203 2.000000 1 1 
3685 2.411000 2.162016 1.914692 0.249984 0.496805 0.999936 1.987218 2.000000 1 1 
3686 2.412000 2.163016 1.915190 0.249984 0.497308 0.999937 1.989231 2.000000 1 1 
3687 2.413000 2.164016 1.915687 0.249984 0.497810 0.999937 1.991242 2.000000 1 1 
3688 2.414000 2.165016 1.916186 0.249984 0.498313 0.999937 1.993251 2.000000 1 1 
3689 2.415000 2.166016 1.916684 0.249984 0.498814 0.999937 1.995257 2.000000 1 1 
3690 2.416000 2.167016 1.917184 0.249984 0.499316 0.999938 1.997262 2.000000 1 1 
3691 2.417000 2.168015 1.917684 0.249984 0.499816 0.999938 1.999265 2.000000 1 1 
3692 2.418000 2.169015 1.918184 0.249985 0.500316 0.999938 2.001266 2.000000 1 1 
3693 2.419000 2.170015 1.918685 0.249985 0.500816 0.999938 2.003264 2.000000 1 1 
3694 2.420000 2.171015 1.919186 0.249985 0.501315 0.999939 2.005261 2.000000 1 1 
3695 2.421000 2.172015 1.919688 0.249985 0.501814 0.999939 2.007256 2.000000 1 1 
3696 2.422000 2.173015 1.920190 0.249985 0.502312 0.999939 2.009249 2.000000 1 1 
3697 2.423000 2.174015 1.920693 0.249985 0.502810 0.999939 2.011239 2.000000 1 1 
3698 2.424000 2.175015 1.921196 0.249985 0.503307 0.999940 2.013228 2.000000 1 1 
3699 2.425000 2.176015 1.921700 0.249985 0.503804 0.999940 2.015215 2.000000 1 1 
3700 2.426000 2.177015 1.922204 0.249985 0.504300 0.999940 2.017200 2.000000 1 1 
3701 2.427000 2.178015 1.922709 0.249985 0.504796 0.999940 2.019182 2.000000 1 1 
3702 2.428000 2.179015 1.923214 0.249985 0.505291 0.999941 2.021163 2.000000 1 1 
3703 2.429000 2.180015 1.923720 0.249985 0.505786 0.999941 2.023142 2.000000 1 1 
3704 2.430000 2.181015 1.924227 0.249985 0.506280 0.999941 2.025119 2.000000 1 1 
3705 2.431000 2.182015 1.924733 0.249985 0.506773 0.999941 2.027094 2.000000 1 1 
3706 2.432000 2.183015 1.925241 0.249985 0.507267 0.999941 2.029067 2.000000 1 1 
3707 2.433000 2.184015 1.925748 0.249985 0.507759 0.999942 2.031038 2.000000 1 1 
3708 2.434000 2.185014 1.926257 0.249985 0.508252 0.999942 2.033007 2.000000 1 1 
3709 2.435000 2.186014 1.926765 0.249986 0.508743 0.999942 2.034974 2.000000 1 1 
3710 2.436000 2.187014 1.927275 0.249986 0.509235 0.999942 2.036939 2.000000 1 1 
3711 2.437000 2.188014 1.927784 0.249986 0.509725 0.999943 2.038902 2.000000 1 1 
3712 2.438000 2.189014 1.928295 0.249986 0.510216 0.999943 2.040863 2.000000 1 1 
3713 2.439000 2.190014 1.928805 0.249986 0.510705 0.999943 2.042822 2.000000 1 1 
3714 2.440000 2.191014 1.929316 0.249986 0.511195 0.999943 2.044779 2.000000 1 1 
3715 2.441000 2.192014 1.929828 0.249986 0.511684 0.999944 2.046734 2.000000 1 1 
3716 2.442000 2.193014 1.930340 0.249986 0.512172 0.999944 2.048688 2.000000 1 1 
3717 2.443000 2.194014 1.930853 0.249986 0.512660 0.999944 2.050639 2.000000 1 1 
3718 2.444000 2.195014 1.931366 0.249986 0.513147 0.999944 2.052588 2.000000 1 1 
3719 2.445000 2.196014 1.931880 0.249986 0.513634 0.999944 2.054536 2.000000 1 1 
3720 2.446000 2.197014 1.932394 0.249986 0.514120 0.999945 2.056481 2.000000 1 1 
3721 2.447000 2.198014 1.932908 0.249986 0.514606 0.999945 2.058425 2.000000 1 1 
3722 2.448000 2.199014 1.933424 0.249986 0.515092 0.999945 2.060366 2.000000 1 1 
3723 2.449000 2.200014 1.933939 0.249986 0.515576 0.999945 2.062306 2.000000 1 1 
3724 2.450000 2.201014 1.934455 0.249986 0.516061 0.999946 2.064244 2.000000 1 1 
3725 2.451000 2.202014 1.934972 0.249986 0.516545 0.999946 2.066179 2.000000 1 1 
3726 2.452000 2.203013 1.935489 0.249986 0.517028 0.999946 2.068113 2.000000 1 1 
3727 2.453000 2.204013 1.936006 0.249987 0.517511 0.999946 2.070045 2.000000 1 1 
3728 2.454000 2.205013 1.936524 0.249987 0.517994 0.999946 2.071975 2.000000 1 1 
3729 2.455000 2.206013 1.937043 0.249987 0.518476 0.999947 2.073903 2.000000 1 1 
3730 2.456000 2.207013 1.937562 0.249987 0.518957 0.999947 2.075829 2.000000 1 1 
3731 2.457000 2.208013 1.938081 0.249987 0.519438 0.999947 2.077753 2.000000 1 1 
3732 2.458000 2.209013 1.938601 0.249987 0.519919 0.999947 2.079675 2.000000 1 1 
3733 2.459000 2.210013 1.939121 0.249987 0.520399 0.999947 2.081596 2.000000 1 1 
3734 2.460000 2.211013 1.939642 0.249987 0.520879 0.999948 2.083514 2.000000 1 1 
3735 2.461000 2.212013 1.940164 0.249987 0.521358 0.999948 2.085431 2.000000 1 1 
3736 2.462000 2.213013 1.940686 0.249987 0.521836 0.999948 2.087345 2.000000 1 1 
3737 2.463000 2.214013 1.941208 0.249987 0.522314 0.999948 2.089258 2.000000 1 1 
3738 2.464000 2.215013 1.941731 0.249987 0.522792 0.999949 2.091169 2.000000 1 1 
3739 2.465000 2.216013 1.942254 0.249987 0.523269 0.999949 2.093078 2.000000 1 1 
3740 2.466000 2.217013 1.942778 0.249987 0.523746 0.999949 2.094984 2.000000 1 1 
3741 2.467000 2.218013 1.943302 0.249987 0.524222 0.999949 2.096889 2.000000 1 1 
3742 2.468000 2.219013 1.943827 0.249987 0.524698 0.999949 2.098793 2.000000 1 1 
3743 2.469000 2.220013 1.944352 0.249987 0.525173 0.999950 2.100694 2.000000 1 1 
3744 2.470000 2.221013 1.944877 0.249987 0.525648 0.999950 2.102593 2.000000 1 1 
3745 2.471000 2.222012 1.945404 0.249987 0.526123 0.999950 2.104490 2.000000 1 1 
3746 2.472000 2.223012 1.945930 0.249988 0.526596 0.999950 2.106386 2.000000 1 1 
3747 2.473000 2.224012 1.946457 0.249988 0.527070 0.999950 2.108280 2.000000 1 1 
3748 2.474000 2.225012 1.946985 0.249988 0.527543 0.999951 2.110171 2.000000 1 1 
3749 2.475000 2.226012 1.947513 0.249988 0.528015 0.999951 2.112061 2.000000 1 1 
3750 2.476000 2.227012 1.948041 0.249988 0.528487 0.999951 2.113949 2.000000 1 1 
3751 2.477000 2.228012 1.948570 0.249988 0.528959 0.999951 2.115835 2.000000 1 1 
3752 2.478000 2.229012 1.949100 0.249988 0.529430 0.999951 2.117719 2.000000 1 1 
3753 2.479000 2.230012 1.949630 0.249988 0.529900 0.999952 2.119602 2.000000 1 1 
3754 2.480000 2.231012 1.950160 0.249988 0.530370 0.999952 2.121482 2.000000 1 1 
3755 2.481000 2.232012 1.950691 0.249988 0.530840 0.999952 2.123361 2.000000 1 1 
3756 2.482000 2.233012 1.951222 0.249988 0.531309 0.999952 2.125237 2.000000 1 1 
3757 2.483000 2.234012 1.951754 0.249988 0.531778 0.999952 2.127112 2.000000 1 1 
3758 2.484000 2.235012 1.952286 0.249988 0.532246 0.999952 2.128985 2.000000 1 1 
3759 2.485000 2.236012 1.952819 0.249988 0.532714 0.999953 2.130856 2.000000 1 1 
3760 2.486000 2.237012 1.953352 0.249988 0.533181 0.999953 2.132725 2.000000 1 1 
3761 2.487000 2.238012 1.953886 0.249988 0.533648 0.999953 2.134592 2.000000 1 1 
3762 2.488000 2.239012 1.954420 0.249988 0.534114 0.999953 2.136458 2.000000 1 1 
3763 2.489000 2.240012 1.954954 0.249988 0.534580 0.999953 2.138321 2.000000 1 1 
3764 2.490000 2.241012 1.955489 0.249988 0.535046 0.999954 2.140183 2.000000 1 1 
3765 2.491000 2.242012 1.956025 0.249988 0.535511 0.999954 2.142043 2.000000 1 1 
3766 2.492000 2.243011 1.956561 0.249988 0.535975 0.999954 2.143901 2.000000 1 1 
3767 2.493000 2.244011 1.957097 0.249989 0.536439 0.999954 2.145757 2.000000 1 1 
3768 2.494000 2.245011 1.957634 0.249989 0.536903 0.999954 2.147611 2.000000 1 1 
3769 2.495000 2.246011 1.958172 0.249989 0.537366 0.999955 2.149463 2.000000 1 1 
3770 2.496000 2.247011 1.958709 0.249989 0.537828 0.999955 2.151314 2.000000 1 1 
3771 2.497000 2.248011 1.959248 0.249989 0.538291 0.999955 2.153163 2.000000 1 1 
3772 2.498000 2.249011 1.959786 0.249989 0.538752 0.999955 2.155009 2.000000 1 1 
3773 2.499000 2.250011 1.960326 0.249989 0.539214 0.999955 2.156854 2.000000 1 1 
3774 2.500000 2.251011 1.960865 0.249989 0.539674 0.999955 2.158698 2.000000 1 1 
3775 2.501000 2.252011 1.961405 0.249989 0.540135 0.999956 2.160539 2.000000 1 1 
3776 2.502000 2.253011 1.961946 0.249989 0.540595 0.999956 2.162378 2.000000 1 1 
3777 2.503000 2.254011 1.962487 0.249989 0.541054 0.999956 2.164216 2.000000 1 1 
3778 2.504000 2.255011 1.963029 0.249989 0.541513 0.999956 2.166052 2.000000 1 1 
3779 2.505000 2.256011 1.963571 0.249989 0.541971 0.999956 2.167886 2.000000 1 1 
3780 2.506000 2.257011 1.964113 0.249989 0.542429 0.999956 2.169718 2.000000 1 1 
3781 2.507000 2.258011 1.964656 0.249989 0.542887 0.999957 2.171548 2.000000 1 1 
3782 2.508000 2.259011 1.965199 0.249989 0.543344 0.999957 2.173377 2.000000 1 1 
3783 2.509000 2.260011 1.965743 0.249989 0.543801 0.999957 2.175203 2.000000 1 1 
3784 2.510000 2.261011 1.966287 0.249989 0.544257 0.999957 2.177028 2.000000 1 1 
3785 2.511000 2.262011 1.966832 0.249989 0.544713 0.999957 2.178851 2.000000 1 1 
3786 2.512000 2.263011 1.967377 0.249989 0.545168 0.999958 2.180672 2.000000 1 1 
3787 2.513000 2.264011 1.967923 0.249989 0.545623 0.999958 2.182491 2.000000 1 1 
3788 2.514000 2.265010 1.968469 0.249989 0.546077 0.999958 2.184309 2.000000 1 1 
3789 2.515000 2.266010 1.969015 0.249990 0.546531 0.999958 2.186125 2.000000 1 1 
3790 2.516000 2.267010 1.969562 0.249990 0.546985 0.999958 2.187938 2.000000 1 1 
3791 2.517000 2.268010 1.970110 0.249990 0.547438 0.999958 2.189751 2.000000 1 1 
3792 2.518000 2.269010 1.970658 0.249990 0.547890 0.999959 2.191561 2.000000 1 1 
3793 2.519000 2.270010 1.971206 0.249990 0.548342 0.999959 2.193369 2.000000 1 1 
3794 2.520000 2.271010 1.971755 0.249990 0.548794 0.999959 2.195176 2.000000 1 1 
3795 2.521000 2.272010 1.972304 0.249990 0.549245 0.999959 2.196981 2.000000 1 1 
3796 2.522000 2.273010 1.972854 0.249990 0.549696 0.999959 2.198784 2.000000 1 1 
3797 2.523000 2.274010 1.973404 0.249990 0.550146 0.999959 2.200585 2.000000 1 1 
3798 2.524000 2.275010 1.973955 0.249990 0.550596 0.999960 2.202384 2.000000 1 1 
3799 2.525000 2.276010 1.974506 0.249990 0.551045 0.999960 2.204182 2.000000 1 1 
3800 2.526000 2.277010 1.975057 0.249990 0.551494 0.999960 2.205978 2.000000 1 1 
3801 2.527000 2.278010 1.975609 0.249990 0.551943 0.999960 2.207772 2.000000 1 1 
3802 2.528000 2.279010 1.976161 0.249990 0.552391 0.999960 2.209564 2.000000 1 1 
3803 2.529000 2.280010 1.976714 0.249990 0.552839 0.999960 2.211354 2.000000 1 1 
3804 2.530000 2.281010 1.977268 0.249990 0.553286 0.999960 2.213143 2.000000 1 1 
3805 2.531000 2.282010 1.977821 0.249990 0.553732 0.999961 2.214930 2.000000 1 1 
3806 2.532000 2.283010 1.978375 0.249990 0.554179 0.999961 2.216715 2.000000 1 1 
3807 2.533000 2.284010 1.978930 0.249990 0.554625 0.999961 2.218498 2.000000 1 1 
3808 2.534000 2.285010 1.979485 0.249990 0.555070 0.999961 2.220280 2.000000 1 1 
3809 2.535000 2.286010 1.980041 0.249990 0.555515 0.999961 2.222060 2.000000 1 1 
3810 2.536000 2.287010 1.980597 0.249990 0.555959 0.999961 2.223837 2.000000 1 1 
3811 2.537000 2.288010 1.981153 0.249990 0.556403 0.999962 2.225614 2.000000 1 1 
3812 2.538000 2.289010 1.981710 0.249990 0.556847 0.999962 2.227388 2.000000 1 1 
3813 2.539000 2.290009 1.982267 0.249990 0.557290 0.999962 2.229161 2.000000 1 1 
3814 2.540000 2.291009 1.982825 0.249991 0.557733 0.999962 2.230931 2.000000 1 1 
3815 2.541000 2.292009 1.983383 0.249991 0.558175 0.999962 2.232701 2.000000 1 1 
3816 2.542000 2.293009 1.983942 0.249991 0.558617 0.999962 2.234468 2.000000 1 1 
3817 2.543000 2.294009 1.984501 0.249991 0.559058 0.999962 2.236233 2.000000 1 1 
3818 2.544000 2.295009 1.985060 0.249991 0.559499 0.999963 2.237997 2.000000 1 1 
3819 2.545000 2.296009 1.985620 0.249991 0.559940 0.999963 2.239759 2.000000 1 1 
3820 2.546000 2.297009 1.986181 0.249991 0.560380 0.999963 2.241519 2.000000 1 1 
3821 2.547000 2.298009 1.986741 0.249991 0.560819 0.999963 2.243278 2.000000 1 1 
3822 2.548000 2.299009 1.987303 0.249991 0.561259 0.999963 2.245035 2.000000 1 1 
3823 2.549000 2.300009 1.987864 0.249991 0.561697 0.999963 2.246790 2.000000 1 1 
3824 2.550000 2.301009 1.988426 0.249991 0.562136 0.999964 2.248543 2.000000 1 1 
3825 2.551000 2.302009 1.988989 0.249991 0.562574 0.999964 2.250294 2.000000 1 1 
3826 2.552000 2.303009 1.989552 0.249991 0.563011 0.999964 2.252044 2.000000 1 1 
3827 2.553000 2.304009 1.990115 0.249991 0.563448 0.999964 2.253792 2.000000 1 1 
3828 2.554000 2.305009 1.990679 0.249991 0.563885 0.999964 2.255538 2.000000 1 1 
3829 2.555000 2.306009 1.991244 0.249991 0.564321 0.999964 2.257283 2.000000 1 1 
3830 2.556000 2.307009 1.991808 0.249991 0.564756 0.999964 2.259025 2.000000 1 1 
3831 2.557000 2.308009 1.992374 0.249991 0.565192 0.999965 2.260766 2.000000 1 1 
3832 2.558000 2.309009 1.992939 0.249991 0.565626 0.999965 2.262505 2.000000 1 1 
3833 2.559000 2.310009 1.993505 0.249991 0.566061 0.999965 2.264243 2.000000 1 1 
3834 2.560000 2.311009 1.994072 0.249991 0.566495 0.999965 2.265979 2.000000 1 1 
3835 2.561000 2.312009 1.994639 0.249991 0.566928 0.999965 2.267713 2.000000 1 1 
3836 2.562000 2.313009 1.995206 0.249991 0.567361 0.999965 2.269445 2.000000 1 1 
3837 2.563000 2.314009 1.995774 0.249991 0.567794 0.999965 2.271176 2.000000 1 1 
3838 2.564000 2.315009 1.996342 0.249991 0.568226 0.999966 2.272904 2.000000 1 1 
3839 2.565000 2.316009 1.996911 0.249991 0.568658 0.999966 2.274632 2.000000 1 1 
3840 2.566000 2.317009 1.997480 0.249991 0.569089 0.999966 2.276357 2.000000 1 1 
3841 2.567000 2.318008 1.998049 0.249991 0.569520 0.999966 2.278081 2.000000 1 1 
3842 2.568000 2.319008 1.998619 0.249992 0.569951 0.999966 2.279802 2.000000 1 1 
3843 2.569000 2.320008 1.999190 0.249992 0.570381 0.999966 2.281523 2.000000 1 1 
3844 2.570000 2.321008 1.999761 0.249992 0.570810 0.999966 2.283241 2.000000 1 1 
3845 2.571000 2.322008 2.000332 0.249992 0.571239 0.999966 2.284958 2.000000 1 1 
3846 2.572000 2.323008 2.000903 0.249992 0.571668 0.999967 2.286673 2.000000 1 1 
3847 2.573000 2.324008 2.001476 0.249992 0.572097 0.999967 2.288386 2.000000 1 1 
3848 2.574000 2.325008 2.002048 0.249992 0.572524 0.999967 2.290098 2.000000 1 1 
3849 2.575000 2.326008 2.002621 0.249992 0.572952 0.999967 2.291808 2.000000 1 1 
3850 2.576000 2.327008 2.003194 0.249992 0.573379 0.999967 2.293516 2.000000 1 1 
3851 2.577000 2.328008 2.003768 0.249992 0.573806 0.999967 2.295222 2.000000 1 1 
3852 2.578000 2.329008 2.004342 0.249992 0.574232 0.999967 2.296927 2.000000 1 1 
3853 2.579000 2.330008 2.004917 0.249992 0.574658 0.999968 2.298630 2.000000 1 1 
3854 2.580000 2.331008 2.005492 0.249992 0.575083 0.999968 2.300332 2.000000 1 1 
3855 2.581000 2.332008 2.006068 0.249992 0.575508 0.999968 2.302031 2.000000 1 1 
3856 2.582000 2.333008 2.006644 0.249992 0.575932 0.999968 2.303729 2.000000 1 1 
3857 2.583000 2.334008 2.007220 0.249992 0.576356 0.999968 2.305426 2.000000 1 1 
3858 2.584000 2.335008 2.007797 0.249992 0.576780 0.999968 2.307120 2.000000 1 1 
3859 2.585000 2.336008 2.008374 0.249992 0.577203 0.999968 2.308813 2.000000 1 1 
3860 2.586000 2.337008 2.008952 0.249992 0.577626 0.999968 2.310504 2.000000 1 1 
3861 2.587000 2.338008 2.009530 0.249992 0.578048 0.999969 2.312194 2.000000 1 1 
3862 2.588000 2.339008 2.010108 0.249992 0.578470 0.999969 2.313882 2.000000 1 1 
3863 2.589000 2.340008 2.010687 0.249992 0.578892 0.999969 2.315568 2.000000 1 1 
3864 2.590000 2.341008 2.011266 0.249992 0.579313 0.999969 2.317252 2.000000 1 1 
3865 2.591000 2.342008 2.011846 0.249992 0.579734 0.999969 2.318935 2.000000 1 1 
3866 2.592000 2.343008 2.012426 0.249992 0.580154 0.999969 2.320616 2.000000 1 1 
3867 2.593000 2.344008 2.013007 0.249992 0.580574 0.999969 2.322295 2.000000 1 1 
3868 2.594000 2.345008 2.013588 0.249992 0.580993 0.999969 2.323973 2.000000 1 1 
3869 2.595000 2.346008 2.014169 0.249992 0.581412 0.999970 2.325649 2.000000 1 1 
3870 2.596000 2.347008 2.014751 0.249992 0.581831 0.999970 2.327323 2.000000 1 1 
3871 2.597000 2.348008 2.015333 0.249992 0.582249 0.999970 2.328996 2.000000 1 1 
3872 2.598000 2.349007 2.015916 0.249992 0.582667 0.999970 2.330667 2.000000 1 1 
3873 2.599000 2.350007 2.016499 0.249993 0.583084 0.999970 2.332336 2.000000 1 1 
3874 2.600000 2.351007 2.017082 0.249993 0.583501 0.999970 2.334004 2.000000 1 1 
3875 2.601000 2.352007 2.017666 0.249993 0.583918 0.999970 2.335670 2.000000 1 1 
3876 2.602000 2.353007 2.018251 0.249993 0.584334 0.999970 2.337334 2.000000 1 1 
3877 2.603000 2.354007 2.018835 0.249993 0.584749 0.999971 2.338997 2.000000 1 1 
3878 2.604000 2.355007 2.019421 0.249993 0.585165 0.999971 2.340658 2.000000 1 1 
3879 2.605000 2.356007 2.020006 0.249993 0.585579 0.999971 2.342317 2.000000 1 1 
3880 2.606000 2.357007 2.020592 0.249993 0.585994 0.999971 2.343975 2.000000 1 1 
3881 2.607000 2.358007 2.021179 0.249993 0.586408 0.999971 2.345631 2.000000 1 1 
3882 2.608000 2.359007 2.021765 0.249993 0.586821 0.999971 2.347285 2.000000 1 1 
3883 2.609000 2.360007 2.022353 0.249993 0.587235 0.999971 2.348938 2.000000 1 1 
3884 2.610000 2.361007 2.022940 0.249993 0.587647 0.999971 2.350589 2.000000 1 1 
3885 2.611000 2.362007 2.023528 0.249993 0.588060 0.999971 2.352239 2.000000 1 1 
3886 2.612000 2.363007 2.024117 0.249993 0.588472 0.999972 2.353886 2.000000 1 1 
3887 2.613000 2.364007 2.024706 0.249993 0.588883 0.999972 2.355532 2.000000 1 1 
3888 2.614000 2.365007 2.025295 0.249993 0.589294 0.999972 2.357177 2.000000 1 1 
3889 2.615000 2.366007 2.025885 0.249993 0.589705 0.999972 2.358820 2.000000 1 1 
3890 2.616000 2.367007 2.026475 0.249993 0.590115 0.999972 2.360461 2.000000 1 1 
3891 2.617000 2.368007 2.027065 0.249993 0.590525 0.999972 2.362100 2.000000 1 1 
3892 2.618000 2.369007 2.027656 0.249993 0.590935 0.999972 2.363738 2.000000 1 1 
3893 2.619000 2.370007 2.028248 0.249993 0.591344 0.999972 2.365375 2.000000 1 1 
3894 2.620000 2.371007 2.028839 0.249993 0.591752 0.999972 2.367009 2.000000 1 1 
3895 2.621000 2.372007 2.029432 0.249993 0.592161 0.999973 2.368642 2.000000 1 1 
3896 2.622000 2.373007 2.030024 0.249993 0.592568 0.999973 2.370274 2.000000 1 1 
3897 2.623000 2.374007 2.030617 0.249993 0.592976 0.999973 2.371903 2.000000 1 1 
3898 2.624000 2.375007 2.031211 0.249993 0.593383 0.999973 2.373531 2.000000 1 1 
3899 2.625000 2.376007 2.031804 0.249993 0.593789 0.999973 2.375158 2.000000 1 1 
3900 2.626000 2.377007 2.032399 0.249993 0.594196 0.999973 2.376783 2.000000 1 1 
3901 2.627000 2.378007 2.032993 0.249993 0.594601 0.999973 2.378406 2.000000 1 1 
3902 2.628000 2.379007 2.033588 0.249993 0.595007 0.999973 2.380028 2.000000 1 1 
3903 2.629000 2.380007 2.034184 0.249993 0.595412 0.999973 2.381648 2.000000 1 1 
3904 2.630000 2.381007 2.034779 0.249993 0.595816 0.999974 2.383266 2.000000 1 1 
3905 2.631000 2.382007 2.035376 0.249993 0.596221 0.999974 2.384883 2.000000 1 1 
3906 2.632000 2.383007 2.035972 0.249993 0.596624 0.999974 2.386498 2.000000 1 1 
3907 2.633000 2.384007 2.036569 0.249993 0.597028 0.999974 2.388111 2.000000 1 1 
3908 2.634000 2.385006 2.037167 0.249993 0.597431 0.999974 2.389723 2.000000 1 1 
3909 2.635000 2.386006 2.037764 0.249994 0.597833 0.999974 2.391333 2.000000 1 1 
3910 2.636000 2.387006 2.038363 0.249994 0.598236 0.999974 2.392942 2.000000 1 1 
3911 2.637000 2.388006 2.038961 0.249994 0.598637 0.999974 2.394549 2.000000 1 1 
3912 2.638000 2.389006 2.039560 0.249994 0.599039 0.999974 2.396155 2.000000 1 1 
3913 2.639000 2.390006 2.040160 0.249994 0.599440 0.999974 2.397758 2.000000 1 1 
3914 2.640000 2.391006 2.040760 0.249994 0.599840 0.999975 2.399361 2.000000 1 1 
3915 2.641000 2.392006 2.041360 0.249994 0.600240 0.999975 2.400961 2.000000 1 1 
3916 2.642000 2.393006 2.041961 0.249994 0.600640 0.999975 2.402560 2.000000 1 1 
3917 2.643000 2.394006 2.042562 0.249994 0.601039 0.999975 2.404158 2.000000 1 1 
3918 2.644000 2.395006 2.043163 0.249994 0.601438 0.999975 2.405754 2.000000 1 1 
3919 2.645000 2.396006 2.043765 0.249994 0.601837 0.999975 2.407348 2.000000 1 1 
3920 2.646000 2.397006 2.044367 0.249994 0.602235 0.999975 2.408941 2.000000 1 1 
3921 2.647000 2.398006 2.044970 0.249994 0.602633 0.999975 2.410532 2.000000 1 1 
3922 2.648000 2.399006 2.045573 0.249994 0.603030 0.999975 2.412121 2.000000 1 1 
3923 2.649000 2.400006 2.046176 0.249994 0.603427 0.999975 2.413709 2.000000 1 1 
3924 2.650000 2.401006 2.046780 0.249994 0.603824 0.999976 2.415295 2.000000 1 1 
3925 2.651000 2.402006 2.047384 0.249994 0.604220 0.999976 2.416880 2.000000 1 1 
3926 2.652000 2.403006 2.047989 0.249994 0.604616 0.999976 2.418463 2.000000 1 1 
3927 2.653000 2.404006 2.048594 0.249994 0.605011 0.999976 2.420045 2.000000 1 1 
3928 2.654000 2.405006 2.049199 0.249994 0.605406 0.999976 2.421625 2.000000 1 1 
3929 2.655000 2.406006 2.049805 0.249994 0.605801 0.999976 2.423203 2.000000 1 1 
3930 2.656000 2.407006 2.050411 0.249994 0.606195 0.999976 2.424780 2.000000 1 1 
3931 2.657000 2.408006 2.051018 0.249994 0.606589 0.999976 2.426355 2.000000 1 1 
3932 2.658000 2.409006 2.051625 0.249994 0.606982 0.999976 2.427929 2.000000 1 1 
3933 2.659000 2.410006 2.052232 0.249994 0.607375 0.999976 2.429501 2.000000 1 1 
3934 2.660000 2.411006 2.052840 0.249994 0.607768 0.999977 2.431071 2.000000 1 1 
3935 2.661000 2.412006 2.053448 0.249994 0.608160 0.999977 2.432640 2.000000 1 1 
3936 2.662000 2.413006 2.054057 0.249994 0.608552 0.999977 2.434207 2.000000 1 1 
3937 2.663000 2.414006 2.054666 0.249994 0.608943 0.999977 2.435773 2.000000 1 1 
3938 2.664000 2.415006 2.055275 0.249994 0.609334 0.999977 2.437337 2.000000 1 1 
3939 2.665000 2.416006 2.055885 0.249994 0.609725 0.999977 2.438900 2.000000 1 1 
3940 2.666000 2.417006 2.056495 0.249994 0.610115 0.999977 2.440461 2.000000 1 1 
3941 2.667000 2.418006 2.057105 0.249994 0.610505 0.999977 2.442021 2.000000 1 1 
3942 2.668000 2.419006 2.057716 0.249994 0.610895 0.999977 2.443579 2.000000 1 1 
3943 2.669000 2.420006 2.058327 0.249994 0.611284 0.999977 2.445135 2.000000 1 1 
3944 2.670000 2.421006 2.058939 0.249994 0.611673 0.999977 2.446690 2.000000 1 1 
3945 2.671000 2.422006 2.059551 0.249994 0.612061 0.999978 2.448243 2.000000 1 1 
3946 2.672000 2.423006 2.060164 0.249994 0.612449 0.999978 2.449795 2.000000 1 1 
3947 2.673000 2.424006 2.060777 0.249994 0.612836 0.999978 2.451345 2.000000 1 1 
3948 2.674000 2.425006 2.061390 0.249994 0.613223 0.999978 2.452894 2.000000 1 1 
3949 2.675000 2.426006 2.062003 0.249994 0.613610 0.999978 2.454441 2.000000 1 1 
3950 2.676000 2.427005 2.062617 0.249994 0.613997 0.999978 2.455987 2.000000 1 1 
3951 2.677000 2.428005 2.063232 0.249995 0.614383 0.999978 2.457531 2.000000 1 1 
3952 2.678000 2.429005 2.063846 0.249995 0.614768 0.999978 2.459073 2.000000 1 1 
3953 2.679000 2.430005 2.064462 0.249995 0.615154 0.999978 2.460614 2.000000 1 1 
3954 2.680000 2.431005 2.065077 0.249995 0.615538 0.999978 2.462153 2.000000 1 1 
3955 2.681000 2.432005 2.065693 0.249995 0.615923 0.999978 2.463691 2.000000 1 1 
3956 2.682000 2.433005 2.066309 0.249995 0.616307 0.999979 2.465228 2.000000 1 1 
3957 2.683000 2.434005 2.066926 0.249995 0.616691 0.999979 2.466762 2.000000 1 1 
3958 2.684000 2.435005 2.067543 0.249995 0.617074 0.999979 2.468296 2.000000 1 1 
3959 2.685000 2.436005 2.068161 0.249995 0.617457 0.999979 2.469827 2.000000 1 1 
3960 2.686000 2.437005 2.068778 0.249995 0.617839 0.999979 2.471357 2.000000 1 1 
3961 2.687000 2.438005 2.069397 0.249995 0.618222 0.999979 2.472886 2.000000 1 1 
3962 2.688000 2.439005 2.070015 0.249995 0.618603 0.999979 2.474413 2.000000 1 1 
3963 2.689000 2.440005 2.070634 0.249995 0.618985 0.999979 2.475939 2.000000 1 1 
3964 2.690000 2.441005 2.071254 0.249995 0.619366 0.999979 2.477463 2.000000 1 1 
3965 2.691000 2.442005 2.071873 0.249995 0.619746 0.999979 2.478985 2.000000 1 1 
3966 2.692000 2.443005 2.072494 0.249995 0.620127 0.999979 2.480506 2.000000 1 1 
3967 2.693000 2.444005 2.073114 0.249995 0.620506 0.999979 2.482026 2.000000 1 1 
3968 2.694000 2.445005 2.073735 0.249995 0.620886 0.999980 2.483544 2.000000 1 1 
3969 2.695000 2.446005 2.074356 0.249995 0.621265 0.999980 2.485060 2.000000 1 1 
3970 2.696000 2.447005 2.074978 0.249995 0.621644 0.999980 2.486575 2.000000 1 1 
3971 2.697000 2.448005 2.075600 0.249995 0.622022 0.999980 2.488089 2.000000 1 1 
3972 2.698000 2.449005 2.076222 0.249995 0.622400 0.999980 2.489601 2.000000 1 1 
3973 2.699000 2.450005 2.076845 0.249995 0.622778 0.999980 2.491111 2.000000 1 1 
3974 2.700000 2.451005 2.077468 0.249995 0.623155 0.999980 2.492620 2.000000 1 1 
3975 2.701000 2.452005 2.078092 0.249995 0.623532 0.999980 2.494127 2.000000 1 1 
3976 2.702000 2.453005 2.078716 0.249995 0.623908 0.999980 2.495633 2.000000 1 1 
3977 2.703000 2.454005 2.079340 0.249995 0.624284 0.999980 2.497138 2.000000 1 1 
3978 2.704000 2.455005 2.079965 0.249995 0.624660 0.999980 2.498640 2.000000 1 1 
3979 2.705000 2.456005 2.080590 0.249995 0.625035 0.999980 2.500142 2.000000 1 1 
3980 2.706000 2.457005 2.081215 0.249995 0.625410 0.999980 2.501642 2.000000 1 1 
3981 2.707000 2.458005 2.081841 0.249995 0.625785 0.999981 2.503140 2.000000 1 1 
3982 2.708000 2.459005 2.082467 0.249995 0.626159 0.999981 2.504637 2.000000 1 1 
3983 2.709000 2.460005 2.083093 0.249995 0.626533 0.999981 2.506132 2.000000 1 1 
3984 2.710000 2.461005 2.083720 0.249995 0.626907 0.999981 2.507626 2.000000 1 1 
3985 2.711000 2.462005 2.084348 0.249995 0.627280 0.999981 2.509118 2.000000 1 1 
3986 2.712000 2.463005 2.084975 0.249995 0.627652 0.999981 2.510609 2.000000 1 1 
3987 2.713000 2.464005 2.085603 0.249995 0.628025 0.999981 2.512099 2.000000 1 1 
3988 2.714000 2.465005 2.086232 0.249995 0.628397 0.999981 2.513587 2.000000 1 1 
3989 2.715000 2.466005 2.086861 0.249995 0.628768 0.999981 2.515073 2.000000 1 1 
3990 2.716000 2.467005 2.087490 0.249995 0.629139 0.999981 2.516558 2.000000 1 1 
3991 2.717000 2.468005 2.088119 0.249995 0.629510 0.999981 2.518041 2.000000 1 1 
3992 2.718000 2.469005 2.088749 0.249995 0.629881 0.999981 2.519523 2.000000 1 1 
3993 2.719000 2.470005 2.089379 0.249995 0.630251 0.999981 2.521004 2.000000 1 1 
3994 2.720000 2.471005 2.090010 0.249995 0.630621 0.999982 2.522483 2.000000 1 1 
3995 2.721000 2.472005 2.090641 0.249995 0.630990 0.999982 2.523960 2.000000 1 1 
3996 2.722000 2.473005 2.091272 0.249995 0.631359 0.999982 2.525436 2.000000 1 1 
3997 2.723000 2.474005 2.091904 0.249995 0.631728 0.999982 2.526911 2.000000 1 1 
3998 2.724000 2.475005 2.092536 0.249995 0.632096 0.999982 2.528384 2.000000 1 1 
3999 2.725000 2.476005 2.093169 0.249995 0.632464 0.999982 2.529856 2.000000 1 1 
4000 2.726000 2.477004 2.093801 0.249995 0.632831 0.999982 2.531326 2.000000 1 1 
4001 2.727000 2.478004 2.094435 0.249996 0.633199 0.999982 2.532794 2.000000 1 1 
4002 2.728000 2.479004 2.095068 0.249996 0.633565 0.999982 2.534262 2.000000 1 1 
4003 2.729000 2.480004 2.095702 0.249996 0.633932 0.999982 2.535727 2.000000 1 1 
4004 2.730000 2.481004 2.096336 0.249996 0.634298 0.999982 2.537192 2.000000 1 1 
4005 2.731000 2.482004 2.096971 0.249996 0.634664 0.999982 2.538654 2.000000 1 1 
4006 2.732000 2.483004 2.097606 0.249996 0.635029 0.999982 2.540116 2.000000 1 1 
4007 2.733000 2.484004 2.098241 0.249996 0.635394 0.999982 2.541576 2.000000 1 1 
4008 2.734000 2.485004 2.098877 0.249996 0.635759 0.999983 2.543034 2.000000 1 1 
4009 2.735000 2.486004 2.099513 0.249996 0.636123 0.999983 2.544491 2.000000 1 1 
4010 2.736000 2.487004 2.100150 0.249996 0.636487 0.999983 2.545947 2.000000 1 1 
4011 2.737000 2.488004 2.100787 0.249996 0.636850 0.999983 2.547401 2.000000 1 1 
4012 2.738000 2.489004 2.101424 0.249996 0.637213 0.999983 2.548853 2.000000 1 1 
4013 2.739000 2.490004 2.102061 0.249996 0.637576 0.999983 2.550304 2.000000 1 1 
4014 2.740000 2.491004 2.102699 0.249996 0.637939 0.999983 2.551754 2.000000 1 1 
4015 2.741000 2.492004 2.103338 0.249996 0.638301 0.999983 2.553202 2.000000 1 1 
4016 2.742000 2.493004 2.103976 0.249996 0.638662 0.999983 2.554649 2.000000 1 1 
4017 2.743000 2.494004 2.104615 0.249996 0.639024 0.999983 2.556095 2.000000 1 1 
4018 2.744000 2.495004 2.105255 0.249996 0.639385 0.999983 2.557538 2.000000 1 1 
4019 2.745000 2.496004 2.105895 0.249996 0.639745 0.999983 2.558981 2.000000 1 1 
4020 2.746000 2.497004 2.106535 0.249996 0.640105 0.999983 2.560422 2.000000 1 1 
4021 2.747000 2.498004 2.107175 0.249996 0.640465 0.999983 2.561861 2.000000 1 1 
4022 2.748000 2.499004 2.107816 0.249996 0.640825 0.999984 2.563300 2.000000 1 1 
4023 2.749000 2.500004 2.108457 0.249996 0.641184 0.999984 2.564736 2.000000 1 1 
4024 2.750000 2.501004 2.109099 0.249996 0.641543 0.999984 2.566172 2.000000 1 1 
4025 2.751000 2.502004 2.109741 0.249996 0.641901 0.999984 2.567605 2.000000 1 1 
4026 2.752000 2.503004 2.110383 0.249996 0.642259 0.999984 2.569038 2.000000 1 1 
4027 2.753000 2.504004 2.111025 0.249996 0.642617 0.999984 2.570469 2.000000 1 1 
4028 2.754000 2.505004 2.111668 0.249996 0.642975 0.999984 2.571898 2.000000 1 1 
4029 2.755000 2.506004 2.112312 0.249996 0.643332 0.999984 2.573326 2.000000 1 1 
4030 2.756000 2.507004 2.112955 0.249996 0.643688 0.999984 2.574753 2.000000 1 1 
4031 2.757000 2.508004 2.113599 0.249996 0.644045 0.999984 2.576178 2.000000 1 1 
4032 2.758000 2.509004 2.114244 0.249996 0.644401 0.999984 2.577602 2.000000 1 1 
4033 2.759000 2.510004 2.114889 0.249996 0.644756 0.999984 2.579025 2.000000 1 1 
4034 2.760000 2.511004 2.115534 0.249996 0.645111 0.999984 2.580446 2.000000 1 1 
4035 2.761000 2.512004 2.116179 0.249996 0.645466 0.999984 2.581865 2.000000 1 1 
4036 2.762000 2.513004 2.116825 0.249996 0.645821 0.999984 2.583283 2.000000 1 1 
4037 2.763000 2.514004 2.117471 0.249996 0.646175 0.999984 2.584700 2.000000 1 1 
4038 2.764000 2.515004 2.118118 0.249996 0.646529 0.999985 2.586115 2.000000 1 1 
4039 2.765000 2.516004 2.118765 0.249996 0.646882 0.999985 2.587529 2.000000 1 1 
4040 2.766000 2.517004 2.119412 0.249996 0.647235 0.999985 2.588942 2.000000 1 1 
4041 2.767000 2.518004 2.120059 0.249996 0.647588 0.999985 2.590353 2.000000 1 1 
4042 2.768000 2.519004 2.120707 0.249996 0.647941 0.999985 2.591762 2.000000 1 1 
4043 2.769000 2.520004 2.121356 0.249996 0.648293 0.999985 2.593171 2.000000 1 1 
4044 2.770000 2.521004 2.122004 0.249996 0.648644 0.999985 2.594577 2.000000 1 1 
4045 2.771000 2.522004 2.122653 0.249996 0.648996 0.999985 2.595983 2.000000 1 1 
4046 2.772000 2.523004 2.123303 0.249996 0.649347 0.999985 2.597387 2.000000 1 1 
4047 2.773000 2.524004 2.123952 0.249996 0.649697 0.999985 2.598789 2.000000 1 1 
4048 2.774000 2.525004 2.124602 0.249996 0.650048 0.999985 2.600191 2.000000 1 1 
4049 2.775000 2.526004 2.125253 0.249996 0.650398 0.999985 2.601590 2.000000 1 1 
4050 2.776000 2.527004 2.125904 0.249996 0.650747 0.999985 2.602989 2.000000 1 1 
4051 2.777000 2.528004 2.126555 0.249996 0.651096 0.999985 2.604386 2.000000 1 1 
4052 2.778000 2.529004 2.127206 0.249996 0.651445 0.999985 2.605781 2.000000 1 1 
4053 2.779000 2.530004 2.127858 0.249996 0.651794 0.999985 2.607176 2.000000 1 1 
4054 2.780000 2.531004 2.128510 0.249996 0.652142 0.999985 2.608568 2.000000 1 1 
4055 2.781000 2.532004 2.129163 0.249996 0.652490 0.999986 2.609960 2.000000 1 1 
4056 2.782000 2.533004 2.129815 0.249996 0.652837 0.999986 2.611350 2.000000 1 1 
4057 2.783000 2.534004 2.130469 0.249996 0.653185 0.999986 2.612739 2.000000 1 1 
4058 2.784000 2.535004 2.131122 0.249996 0.653531 0.999986 2.614126 2.000000 1 1 
4059 2.785000 2.536004 2.131776 0.249996 0.653878 0.999986 2.615512 2.000000 1 1 
4060 2.786000 2.537004 2.132430 0.249996 0.654224 0.999986 2.616896 2.000000 1 1 
4061 2.787000 2.538004 2.133085 0.249996 0.654570 0.999986 2.618279 2.000000 1 1 
4062 2.788000 2.539003 2.133740 0.249996 0.654915 0.999986 2.619661 2.000000 1 1 
4063 2.789000 2.540003 2.134395 0.249997 0.655260 0.999986 2.621041 2.000000 1 1 
4064 2.790000 2.541003 2.135051 0.249997 0.655605 0.999986 2.622420 2.000000 1 1 
4065 2.791000 2.542003 2.135706 0.249997 0.655949 0.999986 2.623798 2.000000 1 1 
4066 2.792000 2.543003 2.136363 0.249997 0.656294 0.999986 2.625174 2.000000 1 1 
4067 2.793000 2.544003 2.137019 0.249997 0.656637 0.999986 2.626549 2.000000 1 1 
4068 2.794000 2.545003 2.137676 0.249997 0.656981 0.999986 2.627922 2.000000 1 1 
4069 2.795000 2.546003 2.138334 0.249997 0.657324 0.999986 2.629294 2.000000 1 1 
4070 2.796000 2.547003 2.138991 0.249997 0.657666 0.999986 2.630665 2.000000 1 1 
4071 2.797000 2.548003 2.139649 0.249997 0.658009 0.999986 2.632035 2.000000 1 1 
4072 2.798000 2.549003 2.140308 0.249997 0.658351 0.999986 2.633403 2.000000 1 1 
4073 2.799000 2.550003 2.140966 0.249997 0.658692 0.999987 2.634769 2.000000 1 1 
4074 2.800000 2.551003 2.141625 0.249997 0.659034 0.999987 2.636134 2.000000 1 1 
4075 2.801000 2.552003 2.142285 0.249997 0.659375 0.999987 2.637498 2.000000 1 1 
4076 2.802000 2.553003 2.142945 0.249997 0.659715 0.999987 2.638861 2.000000 1 1 
4077 2.803000 2.554003 2.143605 0.249997 0.660055 0.999987 2.640222 2.000000 1 1 
4078 2.804000 2.555003 2.144265 0.249997 0.660395 0.999987 2.641582 2.000000 1 1 
4079 2.805000 2.556003 2.144926 0.249997 0.660735 0.999987 2.642940 2.000000 1 1 
4080 2.806000 2.557003 2.145587 0.249997 0.661074 0.999987 2.644297 2.000000 1 1 
4081 2.807000 2.558003 2.146248 0.249997 0.661413 0.999987 2.645653 2.000000 1 1 
4082 2.808000 2.559003 2.146910 0.249997 0.661752 0.999987 2.647007 2.000000 1 1 
4083 2.809000 2.560003 2.147572 0.249997 0.662090 0.999987 2.648360 2.000000 1 1 
4084 2.810000 2.561003 2.148234 0.249997 0.662428 0.999987 2.649712 2.000000 1 1 
4085 2.811000 2.562003 2.148897 0.249997 0.662766 0.999987 2.651062 2.000000 1 1 
4086 2.812000 2.563003 2.149560 0.249997 0.663103 0.999987 2.652411 2.000000 1 1 
4087 2.813000 2.564003 2.150224 0.249997 0.663440 0.999987 2.653759 2.000000 1 1 
4088 2.814000 2.565003 2.150888 0.249997 0.663776 0.999987 2.655105 2.000000 1 1 
4089 2.815000 2.566003 2.151552 0.249997 0.664112 0.999987 2.656450 2.000000 1 1 
4090 2.816000 2.567003 2.152216 0.249997 0.664448 0.999987 2.657793 2.000000 1 1 
4091 2.817000 2.568003 2.152881 0.249997 0.664784 0.999987 2.659135 2.000000 1 1 
4092 2.818000 2.569003 2.153546 0.249997 0.665119 0.999988 2.660476 2.000000 1 1 
4093 2.819000 2.570003 2.154211 0.249997 0.665454 0.999988 2.661816 2.000000 1 1 
4094 2.820000 2.571003 2.154877 0.249997 0.665789 0.999988 2.663154 2.000000 1 1 
4095 2.821000 2.572003 2.155543 0.249997 0.666123 0.999988 2.664491 2.000000 1 1 
4096 2.822000 2.573003 2.156210 0.249997 0.666457 0.999988 2.665826 2.000000 1 1 
4097 2.823000 2.574003 2.156877 0.249997 0.666790 0.999988 2.667161 2.000000 1 1 
4098 2.824000 2.575003 2.157544 0.249997 0.667123 0.999988 2.668493 2.000000 1 1 
4099 2.825000 2.576003 2.158211 0.249997 0.667456 0.999988 2.669825 2.000000 1 1 
4100 2.826000 2.577003 2.158879 0.249997 0.667789 0.999988 2.671155 2.000000 1 1 
4101 2.827000 2.578003 2.159547 0.249997 0.668121 0.999988 2.672484 2.000000 1 1 
4102 2.828000 2.579003 2.160216 0.249997 0.668453 0.999988 2.673811 2.000000 1 1 
4103 2.829000 2.580003 2.160884 0.249997 0.668784 0.999988 2.675138 2.000000 1 1 
4104 2.830000 2.581003 2.161553 0.249997 0.669116 0.999988 2.676463 2.000000 1 1 
4105 2.831000 2.582003 2.162223 0.249997 0.669447 0.999988 2.677786 2.000000 1 1 
4106 2.832000 2.583003 2.162893 0.249997 0.669777 0.999988 2.679108 2.000000 1 1 
4107 2.833000 2.584003 2.163563 0.249997 0.670107 0.999988 2.680429 2.000000 1 1 
4108 2.834000 2.585003 2.164233 0.249997 0.670437 0.999988 2.681749 2.000000 1 1 
4109 2.835000 2.586003 2.164904 0.249997 0.670767 0.999988 2.683067 2.000000 1 1 
4110 2.836000 2.587003 2.165575 0.249997 0.671096 0.999988 2.684384 2.000000 1 1 
4111 2.837000 2.588003 2.166247 0.249997 0.671425 0.999988 2.685700 2.000000 1 1 
4112 2.838000 2.589003 2.166918 0.249997 0.671753 0.999988 2.687014 2.000000 1 1 
4113 2.839000 2.590003 2.167590 0.249997 0.672082 0.999989 2.688327 2.000000 1 1 
4114 2.840000 2.591003 2.168263 0.249997 0.672410 0.999989 2.689638 2.000000 1 1 
4115 2.841000 2.592003 2.168936 0.249997 0.672737 0.999989 2.690949 2.000000 1 1 
4116 2.842000 2.593003 2.169609 0.249997 0.673064 0.999989 2.692258 2.000000 1 1 
4117 2.843000 2.594003 2.170282 0.249997 0.673391 0.999989 2.693566 2.000000 1 1 
4118 2.844000 2.595003 2.170956 0.249997 0.673718 0.999989 2.694872 2.000000 1 1 
4119 2.845000 2.596003 2.171630 0.249997 0.674044 0.999989 2.696177 2.000000 1 1 
4120 2.846000 2.597003 2.172304 0.249997 0.674370 0.999989 2.697481 2.000000 1 1 
4121 2.847000 2.598003 2.172979 0.249997 0.674696 0.999989 2.698784 2.000000 1 1 
4122 2.848000 2.599003 2.173654 0.249997 0.675021 0.999989 2.700085 2.000000 1 1 
4123 2.849000 2.600003 2.174329 0.249997 0.675346 0.999989 2.701385 2.000000 1 1 
4124 2.850000 2.601003 2.175005 0.249997 0.675671 0.999989 2.702683 2.000000 1 1 
4125 2.851000 2.602003 2.175681 0.249997 0.675995 0.999989 2.703981 2.000000 1 1 
4126 2.852000 2.603003 2.176357 0.249997 0.676319 0.999989 2.705277 2.000000 1 1 
4127 2.853000 2.604003 2.177034 0.249997 0.676643 0.999989 2.706571 2.000000 1 1 
4128 2.854000 2.605003 2.177711 0.249997 0.676966 0.999989 2.707865 2.000000 1 1 
4129 2.855000 2.606003 2.178388 0.249997 0.677289 0.999989 2.709157 2.000000 1 1 
4130 2.856000 2.607003 2.179066 0.249997 0.677612 0.999989 2.710448 2.000000 1 1 
4131 2.857000 2.608003 2.179744 0.249997 0.677934 0.999989 2.711737 2.000000 1 1 
4132 2.858000 2.609003 2.180422 0.249997 0.678256 0.999989 2.713026 2.000000 1 1 
4133 2.859000 2.610003 2.181100 0.249997 0.678578 0.999989 2.714313 2.000000 1 1 
4134 2.860000 2.611003 2.181779 0.249997 0.678900 0.999989 2.715598 2.000000 1 1 
4135 2.861000 2.612003 2.182459 0.249997 0.679221 0.999990 2.716883 2.000000 1 1 
4136 2.862000 2.613003 2.183138 0.249997 0.679541 0.999990 2.718166 2.000000 1 1 
4137 2.863000 2.614003 2.183818 0.249997 0.679862 0.999990 2.719448 2.000000 1 1 
4138 2.864000 2.615003 2.184498 0.249997 0.680182 0.999990 2.720728 2.000000 1 1 
4139 2.865000 2.616003 2.185179 0.249997 0.680502 0.999990 2.722007 2.000000 1 1 
4140 2.866000 2.617003 2.185859 0.249997 0.680821 0.999990 2.723285 2.000000 1 1 
4141 2.867000 2.618003 2.186541 0.249997 0.681141 0.999990 2.724562 2.000000 1 1 
4142 2.868000 2.619003 2.187222 0.249997 0.681459 0.999990 2.725838 2.000000 1 1 
4143 2.869000 2.620003 2.187904 0.249997 0.681778 0.999990 2.727112 2.000000 1 1 
4144 2.870000 2.621003 2.188586 0.249997 0.682096 0.999990 2.728385 2.000000 1 1 
4145 2.871000 2.622003 2.189268 0.249997 0.682414 0.999990 2.729656 2.000000 1 1 
4146 2.872000 2.623002 2.189951 0.249997 0.682732 0.999990 2.730927 2.000000 1 1 
4147 2.873000 2.624002 2.190634 0.249998 0.683049 0.999990 2.732196 2.000000 1 1 
4148 2.874000 2.625002 2.191318 0.249998 0.683366 0.999990 2.733463 2.000000 1 1 
4149 2.875000 2.626002 2.192001 0.249998 0.683682 0.999990 2.734730 2.000000 1 1 
4150 2.876000 2.627002 2.192685 0.249998 0.683999 0.999990 2.735995 2.000000 1 1 
4151 2.877000 2.628002 2.193369 0.249998 0.684315 0.999990 2.737259 2.000000 1 1 
4152 2.878000 2.629002 2.194054 0.249998 0.684631 0.999990 2.738522 2.000000 1 1 
4153 2.879000 2.630002 2.194739 0.249998 0.684946 0.999990 2.739783 2.000000 1 1 
4154 2.880000 2.631002 2.195424 0.249998 0.685261 0.999990 2.741044 2.000000 1 1 
4155 2.881000 2.632002 2.196110 0.249998 0.685576 0.999990 2.742303 2.000000 1 1 
4156 2.882000 2.633002 2.196796 0.249998 0.685890 0.999990 2.743560 2.000000 1 1 
4157 2.883000 2.634002 2.197482 0.249998 0.686204 0.999990 2.744817 2.000000 1 1 
4158 2.884000 2.635002 2.198169 0.249998 0.686518 0.999990 2.746072 2.000000 1 1 
4159 2.885000 2.636002 2.198855 0.249998 0.686831 0.999990 2.747326 2.000000 1 1 
4160 2.886000 2.637002 2.199542 0.249998 0.687145 0.999991 2.748579 2.000000 1 1 
4161 2.887000 2.638002 2.200230 0.249998 0.687458 0.999991 2.749830 2.000000 1 1 
4162 2.888000 2.639002 2.200918 0.249998 0.687770 0.999991 2.751080 2.000000 1 1 
4163 2.889000 2.640002 2.201606 0.249998 0.688082 0.999991 2.752329 2.000000 1 1 
4164 2.890000 2.641002 2.202294 0.249998 0.688394 0.999991 2.753577 2.000000 1 1 
4165 2.891000 2.642002 2.202983 0.249998 0.688706 0.999991 2.754823 2.000000 1 1 
4166 2.892000 2.643002 2.203672 0.249998 0.689017 0.999991 2.756068 2.000000 1 1 
4167 2.893000 2.644002 2.204361 0.249998 0.689328 0.999991 2.757312 2.000000 1 1 
4168 2.894000 2.645002 2.205051 0.249998 0.689639 0.999991 2.758555 2.000000 1 1 
4169 2.895000 2.646002 2.205741 0.249998 0.689949 0.999991 2.759796 2.000000 1 1 
4170 2.896000 2.647002 2.206431 0.249998 0.690259 0.999991 2.761037 2.000000 1 1 
4171 2.897000 2.648002 2.207122 0.249998 0.690569 0.999991 2.762276 2.000000 1 1 
4172 2.898000 2.649002 2.207813 0.249998 0.690878 0.999991 2.763513 2.000000 1 1 
4173 2.899000 2.650002 2.208504 0.249998 0.691187 0.999991 2.764750 2.000000 1 1 
4174 2.900000 2.651002 2.209195 0.249998 0.691496 0.999991 2.765985 2.000000 1 1 
4175 2.901000 2.652002 2.209887 0.249998 0.691805 0.999991 2.767219 2.000000 1 1 
4176 2.902000 2.653002 2.210579 0.249998 0.692113 0.999991 2.768452 2.000000 1 1 
4177 2.903000 2.654002 2.211272 0.249998 0.692421 0.999991 2.769683 2.000000 1 1 
4178 2.904000 2.655002 2.211964 0.249998 0.692728 0.999991 2.770914 2.000000 1 1 
4179 2.905000 2.656002 2.212657 0.249998 0.693036 0.999991 2.772143 2.000000 1 1 
4180 2.906000 2.657002 2.213351 0.249998 0.693343 0.999991 2.773371 2.000000 1 1 
4181 2.907000 2.658002 2.214044 0.249998 0.693649 0.999991 2.774597 2.000000 1 1 
4182 2.908000 2.659002 2.214738 0.249998 0.693956 0.999991 2.775823 2.000000 1 1 
4183 2.909000 2.660002 2.215433 0.249998 0.694262 0.999991 2.777047 2.000000 1 1 
4184 2.910000 2.661002 2.216127 0.249998 0.694567 0.999991 2.778270 2.000000 1 1 
4185 2.911000 2.662002 2.216822 0.249998 0.694873 0.999991 2.779492 2.000000 1 1 
4186 2.912000 2.663002 2.217517 0.249998 0.695178 0.999991 2.780712 2.000000 1 1 
4187 2.913000 2.664002 2.218213 0.249998 0.695483 0.999991 2.781931 2.000000 1 1 
4188 2.914000 2.665002 2.218908 0.249998 0.695787 0.999992 2.783149 2.000000 1 1 
4189 2.915000 2.666002 2.219605 0.249998 0.696092 0.999992 2.784366 2.000000 1 1 
4190 2.916000 2.667002 2.220301 0.249998 0.696395 0.999992 2.785582 2.000000 1 1 
4191 2.917000 2.668002 2.220998 0.249998 0.696699 0.999992 2.786796 2.000000 1 1 
4192 2.918000 2.669002 2.221695 0.249998 0.697002 0.999992 2.788010 2.000000 1 1 
4193 2.919000 2.670002 2.222392 0.249998 0.697305 0.999992 2.789222 2.000000 1 1 
4194 2.920000 2.671002 2.223090 0.249998 0.697608 0.999992 2.790432 2.000000 1 1 
4195 2.921000 2.672002 2.223787 0.249998 0.697910 0.999992 2.791642 2.000000 1 1 
4196 2.922000 2.673002 2.224486 0.249998 0.698213 0.999992 2.792850 2.000000 1 1 
4197 2.923000 2.674002 2.225184 0.249998 0.698514 0.999992 2.794057 2.000000 1 1 
4198 2.924000 2.675002 2.225883 0.249998 0.698816 0.999992 2.795263 2.000000 1 1 
4199 2.925000 2.676002 2.226582 0.249998 0.699117 0.999992 2.796468 2.000000 1 1 
4200 2.926000 2.677002 2.227282 0.249998 0.699418 0.999992 2.797672 2.000000 1 1 
4201 2.927000 2.678002 2.227981 0.249998 0.699718 0.999992 2.798874 2.000000 1 1 
4202 2.928000 2.679002 2.228681 0.249998 0.700019 0.999992 2.800075 2.000000 1 1 
4203 2.929000 2.680002 2.229382 0.249998 0.700319 0.999992 2.801275 2.000000 1 1 
4204 2.930000 2.681002 2.230082 0.249998 0.700618 0.999992 2.802474 2.000000 1 1 
4205 2.931000 2.682002 2.230783 0.249998 0.700918 0.999992 2.803671 2.000000 1 1 
4206 2.932000 2.683002 2.231484 0.249998 0.701217 0.999992 2.804868 2.000000 1 1 
4207 2.933000 2.684002 2.232186 0.249998 0.701516 0.999992 2.806063 2.000000 1 1 
4208 2.934000 2.685002 2.232888 0.249998 0.701814 0.999992 2.807257 2.000000 1 1 
4209 2.935000 2.686002 2.233590 0.249998 0.702112 0.999992 2.808449 2.000000 1 1 
4210 2.936000 2.687002 2.234292 0.249998 0.702410 0.999992 2.809641 2.000000 1 1 
4211 2.937000 2.688002 2.234995 0.249998 0.702708 0.999992 2.810831 2.000000 1 1 
4212 2.938000 2.689002 2.235698 0.249998 0.703005 0.999992 2.812020 2.000000 1 1 
4213 2.939000 2.690002 2.236401 0.249998 0.703302 0.999992 2.813208 2.000000 1 1 
4214 2.940000 2.691002 2.237105 0.249998 0.703599 0.999992 2.814395 2.000000 1 1 
4215 2.941000 2.692002 2.237809 0.249998 0.703895 0.999992 2.815581 2.000000 1 1 
4216 2.942000 2.693002 2.238513 0.249998 0.704191 0.999992 2.816765 2.000000 1 1 
4217 2.943000 2.694002 2.239217 0.249998 0.704487 0.999992 2.817948 2.000000 1 1 
4218 2.944000 2.695002 2.239922 0.249998 0.704783 0.999992 2.819131 2.000000 1 1 
4219 2.945000 2.696002 2.240627 0.249998 0.705078 0.999993 2.820311 2.000000 1 1 
4220 2.946000 2.697002 2.241333 0.249998 0.705373 0.999993 2.821491 2.000000 1 1 
4221 2.947000 2.698002 2.242038 0.249998 0.705667 0.999993 2.822670 2.000000 1 1 
4222 2.948000 2.699002 2.242744 0.249998 0.705962 0.999993 2.823847 2.000000 1 1 
4223 2.949000 2.700002 2.243450 0.249998 0.706256 0.999993 2.825023 2.000000 1 1 
4224 2.950000 2.701002 2.244157 0.249998 0.706550 0.999993 2.826198 2.000000 1 1 
4225 2.951000 2.702002 2.244864 0.249998 0.706843 0.999993 2.827372 2.000000 1 1 
4226 2.952000 2.703002 2.245571 0.249998 0.707136 0.999993 2.828544 2.000000 1 1 
4227 2.953000 2.704002 2.246278 0.249998 0.707429 0.999993 2.829716 2.000000 1 1 
4228 2.954000 2.705002 2.246986 0.249998 0.707722 0.999993 2.830886 2.000000 1 1 
4229 2.955000 2.706002 2.247694 0.249998 0.708014 0.999993 2.832055 2.000000 1 1 
4230 2.956000 2.707002 2.248402 0.249998 0.708306 0.999993 2.833223 2.000000 1 1 
4231 2.957000 2.708002 2.249111 0.249998 0.708598 0.999993 2.834390 2.000000 1 1 
4232 2.958000 2.709002 2.249820 0.249998 0.708889 0.999993 2.835556 2.000000 1 1 
4233 2.959000 2.710002 2.250529 0.249998 0.709180 0.999993 2.836720 2.000000 1 1 
4234 2.960000 2.711002 2.251239 0.249998 0.709471 0.999993 2.837883 2.000000 1 1 
4235 2.961000 2.712002 2.251948 0.249998 0.709761 0.999993 2.839045 2.000000 1 1 
4236 2.962000 2.713002 2.252658 0.249998 0.710052 0.999993 2.840206 2.000000 1 1 
4237 2.963000 2.714002 2.253369 0.249998 0.710342 0.999993 2.841366 2.000000 1 1 
4238 2.964000 2.715002 2.254079 0.249998 0.710631 0.999993 2.842525 2.000000 1 1 
4239 2.965000 2.716002 2.254790 0.249998 0.710921 0.999993 2.843682 2.000000 1 1 
4240 2.966000 2.717002 2.255502 0.249998 0.711210 0.999993 2.844839 2.000000 1 1 
4241 2.967000 2.718002 2.256213 0.249998 0.711498 0.999993 2.845994 2.000000 1 1 
4242 2.968000 2.719002 2.256925 0.249998 0.711787 0.999993 2.847148 2.000000 1 1 
4243 2.969000 2.720002 2.257637 0.249998 0.712075 0.999993 2.848301 2.000000 1 1 
4244 2.970000 2.721002 2.258349 0.249998 0.712363 0.999993 2.849452 2.000000 1 1 
4245 2.971000 2.722002 2.259062 0.249998 0.712651 0.999993 2.850603 2.000000 1 1 
4246 2.972000 2.723002 2.259775 0.249998 0.712938 0.999993 2.851752 2.000000 1 1 
4247 2.973000 2.724002 2.260488 0.249998 0.713225 0.999993 2.852901 2.000000 1 1 
4248 2.974000 2.725002 2.261202 0.249998 0.713512 0.999993 2.854048 2.000000 1 1 
4249 2.975000 2.726002 2.261915 0.249998 0.713798 0.999993 2.855194 2.000000 1 1 
4250 2.976000 2.727002 2.262629 0.249998 0.714085 0.999993 2.856338 2.000000 1 1 
4251 2.977000 2.728002 2.263344 0.249998 0.714371 0.999993 2.857482 2.000000 1 1 
4252 2.978000 2.729002 2.264059 0.249998 0.714656 0.999993 2.858625 2.000000 1 1 
4253 2.979000 2.730002 2.264773 0.249998 0.714941 0.999993 2.859766 2.000000 1 1 
4254 2.980000 2.731002 2.265489 0.249998 0.715227 0.999993 2.860906 2.000000 1 1 
4255 2.981000 2.732002 2.266204 0.249998 0.715511 0.999994 2.862045 2.000000 1 1 
4256 2.982000 2.733002 2.266920 0.249998 0.715796 0.999994 2.863183 2.000000 1 1 
4257 2.983000 2.734002 2.267636 0.249998 0.716080 0.999994 2.864320 2.000000 1 1 
4258 2.984000 2.735002 2.268352 0.249998 0.716364 0.999994 2.865456 2.000000 1 1 
4259 2.985000 2.736002 2.269069 0.249998 0.716648 0.999994 2.866590 2.000000 1 1 
4260 2.986000 2.737002 2.269786 0.249998 0.716931 0.999994 2.867724 2.000000 1 1 
4261 2.987000 2.738002 2.270503 0.249998 0.717214 0.999994 2.868856 2.000000 1 1 
4262 2.988000 2.739002 2.271221 0.249998 0.717497 0.999994 2.869987 2.000000 1 1 
4263 2.989000 2.740002 2.271938 0.249998 0.717779 0.999994 2.871117 2.000000 1 1 
4264 2.990000 2.741002 2.272657 0.249998 0.718062 0.999994 2.872246 2.000000 1 1 
4265 2.991000 2.742002 2.273375 0.249998 0.718343 0.999994 2.873374 2.000000 1 1 
4266 2.992000 2.743002 2.274094 0.249998 0.718625 0.999994 2.874500 2.000000 1 1 
4267 2.993000 2.744002 2.274812 0.249998 0.718906 0.999994 2.875626 2.000000 1 1 
4268 2.994000 2.745002 2.275532 0.249998 0.719188 0.999994 2.876750 2.000000 1 1 
4269 2.995000 2.746002 2.276251 0.249998 0.719468 0.999994 2.877874 2.000000 1 1 
4270 2.996000 2.747002 2.276971 0.249998 0.719749 0.999994 2.878996 2.000000 1 1 
4271 2.997000 2.748002 2.277691 0.249998 0.720029 0.999994 2.880117 2.000000 1 1 
4272 2.998000 2.749002 2.278411 0.249998 0.720309 0.999994 2.881237 2.000000 1 1 
4273 2.999000 2.750002 2.279132 0.249998 0.720589 0.999994 2.882355 2.000000 1 1 
4274 3.000000 2.751001 2.279853 0.249998 0.720868 0.999994 2.883473 2.000000 1 1 
4275 3.001000 2.752001 2.280574 0.249999 0.721147 0.999994 2.884589 2.000000 1 1 
4276 3.002000 2.753001 2.281295 0.249999 0.721426 0.999994 2.885705 2.000000 1 1 
4277 3.003000 2.754001 2.282017 0.249999 0.721705 0.999994 2.886819 2.000000 1 1 
4278 3.004000 2.755001 2.282739 0.249999 0.721983 0.999994 2.887932 2.000000 1 1 
4279 3.005000 2.756001 2.283461 0.249999 0.722261 0.999994 2.889044 2.000000 1 1 
4280 3.006000 2.757001 2.284184 0.249999 0.722539 0.999994 2.890155 2.000000 1 1 
4281 3.007000 2.758001 2.284907 0.249999 0.722816 0.999994 2.891265 2.000000 1 1 
4282 3.008000 2.759001 2.285630 0.249999 0.723093 0.999994 2.892374 2.000000 1 1 
4283 3.009000 2.760001 2.286353 0.249999 0.723370 0.999994 2.893482 2.000000 1 1 
4284 3.010000 2.761001 2.287077 0.249999 0.723647 0.999994 2.894588 2.000000 1 1 
4285 3.011000 2.762001 2.287801 0.249999 0.723923 0.999994 2.895694 2.000000 1 1 
4286 3.012000 2.763001 2.288525 0.249999 0.724199 0.999994 2.896798 2.000000 1 1 
4287 3.013000 2.764001 2.289249 0.249999 0.724475 0.999994 2.897901 2.000000 1 1 
4288 3.014000 2.765001 2.289974 0.249999 0.724751 0.999994 2.899003 2.000000 1 1 
4289 3.015000 2.766001 2.290699 0.249999 0.725026 0.999994 2.900104 2.000000 1 1 
4290 3.016000 2.767001 2.291424 0.249999 0.725301 0.999994 2.901204 2.000000 1 1 
4291 3.017000 2.768001 2.292150 0.249999 0.725576 0.999994 2.902303 2.000000 1 1 
4292 3.018000 2.769001 2.292876 0.249999 0.725850 0.999994 2.903401 2.000000 1 1 
4293 3.019000 2.770001 2.293602 0.249999 0.726124 0.999994 2.904497 2.000000 1 1 
4294 3.020000 2.771001 2.294328 0.249999 0.726398 0.999994 2.905593 2.000000 1 1 
4295 3.021000 2.772001 2.295055 0.249999 0.726672 0.999994 2.906687 2.000000 1 1 
4296 3.022000 2.773001 2.295782 0.249999 0.726945 0.999994 2.907780 2.000000 1 1 
4297 3.023000 2.774001 2.296509 0.249999 0.727218 0.999995 2.908873 2.000000 1 1 
4298 3.024000 2.775001 2.297237 0.249999 0.727491 0.999995 2.909964 2.000000 1 1 
4299 3.025000 2.776001 2.297964 0.249999 0.727763 0.999995 2.911054 2.000000 1 1 
4300 3.026000 2.777001 2.298692 0.249999 0.728036 0.999995 2.912143 2.000000 1 1 
4301 3.027000 2.778001 2.299421 0.249999 0.728308 0.999995 2.913231 2.000000 1 1 
4302 3.028000 2.779001 2.300149 0.249999 0.728579 0.999995 2.914317 2.000000 1 1 
4303 3.029000 2.780001 2.300878 0.249999 0.728851 0.999995 2.915403 2.000000 1 1 
4304 3.030000 2.781001 2.301607 0.249999 0.729122 0.999995 2.916488 2.000000 1 1 
4305 3.031000 2.782001 2.302337 0.249999 0.729393 0.999995 2.917571 2.000000 1 1 
4306 3.032000 2.783001 2.303066 0.249999 0.729663 0.999995 2.918654 2.000000 1 1 
4307 3.033000 2.784001 2.303796 0.249999 0.729934 0.999995 2.919735 2.000000 1 1 
4308 3.034000 2.785001 2.304526 0.249999 0.730204 0.999995 2.920815 2.000000 1 1 
4309 3.035000 2.786001 2.305257 0.249999 0.730474 0.999995 2.921894 2.000000 1 1 
4310 3.036000 2.787001 2.305988 0.249999 0.730743 0.999995 2.922972 2.000000 1 1 
4311 3.037000 2.788001 2.306719 0.249999 0.731012 0.999995 2.924049 2.000000 1 1 
4312 3.038000 2.789001 2.307450 0.249999 0.731281 0.999995 2.925125 2.000000 1 1 
4313 3.039000 2.790001 2.308181 0.249999 0.731550 0.999995 2.926200 2.000000 1 1 
4314 3.040000 2.791001 2.308913 0.249999 0.731819 0.999995 2.927274 2.000000 1 1 
4315 3.041000 2.792001 2.309645 0.249999 0.732087 0.999995 2.928347 2.000000 1 1 
4316 3.042000 2.793001 2.310378 0.249999 0.732355 0.999995 2.929418 2.000000 1 1 
4317 3.043000 2.794001 2.311110 0.249999 0.732622 0.999995 2.930489 2.000000 1 1 
4318 3.044000 2.795001 2.311843 0.249999 0.732890 0.999995 2.931559 2.000000 1 1 
4319 3.045000 2.796001 2.312576 0.249999 0.733157 0.999995 2.932627 2.000000 1 1 
4320 3.046000 2.797001 2.313310 0.249999 0.733424 0.999995 2.933694 2.000000 1 1 
4321 3.047000 2.798001 2.314044 0.249999 0.733690 0.999995 2.934761 2.000000 1 1 
4322 3.048000 2.799001 2.314777 0.249999 0.733956 0.999995 2.935826 2.000000 1 1 
4323 3.049000 2.800001 2.315512 0.249999 0.734223 0.999995 2.936890 2.000000 1 1 
4324 3.050000 2.801001 2.316246 0.249999 0.734488 0.999995 2.937953 2.000000 1 1 
4325 3.051000 2.802001 2.316981 0.249999 0.734754 0.999995 2.939015 2.000000 1 1 
4326 3.052000 2.803001 2.317716 0.249999 0.735019 0.999995 2.940076 2.000000 1 1 
4327 3.053000 2.804001 2.318451 0.249999 0.735284 0.999995 2.941136 2.000000 1 1 
4328 3.054000 2.805001 2.319187 0.249999 0.735549 0.999995 2.942195 2.000000 1 1 
4329 3.055000 2.806001 2.319923 0.249999 0.735813 0.999995 2.943253 2.000000 1 1 
4330 3.056000 2.807001 2.320659 0.249999 0.736077 0.999995 2.944310 2.000000 1 1 
4331 3.057000 2.808001 2.321395 0.249999 0.736341 0.999995 2.945365 2.000000 1 1 
4332 3.058000 2.809001 2.322132 0.249999 0.736605 0.999995 2.946420 2.000000 1 1 
4333 3.059000 2.810001 2.322868 0.249999 0.736868 0.999995 2.947473 2.000000 1 1 
4334 3.060000 2.811001 2.323606 0.249999 0.737132 0.999995 2.948526 2.000000 1 1 
4335 3.061000 2.812001 2.324343 0.249999 0.737394 0.999995 2.949577 2.000000 1 1 
4336 3.062000 2.813001 2.325081 0.249999 0.737657 0.999995 2.950628 2.000000 1 1 
4337 3.063000 2.814001 2.325819 0.249999 0.737919 0.999995 2.951677 2.000000 1 1 
4338 3.064000 2.815001 2.326557 0.249999 0.738181 0.999995 2.952726 2.000000 1 1 
4339 3.065000 2.816001 2.327295 0.249999 0.738443 0.999995 2.953773 2.000000 1 1 
4340 3.066000 2.817001 2.328034 0.249999 0.738705 0.999995 2.954819 2.000000 1 1 
4341 3.067000 2.818001 2.328773 0.249999 0.738966 0.999995 2.955864 2.000000 1 1 
4342 3.068000 2.819001 2.329512 0.249999 0.739227 0.999995 2.956908 2.000000 1 1 
4343 3.069000 2.820001 2.330252 0.249999 0.739488 0.999995 2.957952 2.000000 1 1 
4344 3.070000 2.821001 2.330991 0.249999 0.739748 0.999995 2.958994 2.000000 1 1 
4345 3.071000 2.822001 2.331731 0.249999 0.740009 0.999995 2.960035 2.000000 1 1 
4346 3.072000 2.823001 2.332472 0.249999 0.740269 0.999995 2.961075 2.000000 1 1 
4347 3.073000 2.824001 2.333212 0.249999 0.740528 0.999996 2.962113 2.000000 1 1 
4348 3.074000 2.825001 2.333953 0.249999 0.740788 0.999996 2.963151 2.000000 1 1 
4349 3.075000 2.826001 2.334694 0.249999 0.741047 0.999996 2.964188 2.000000 1 1 
4350 3.076000 2.827001 2.335435 0.249999 0.741306 0.999996 2.965224 2.000000 1 1 
4351 3.077000 2.828001 2.336177 0.249999 0.741565 0.999996 2.966259 2.000000 1 1 
4352 3.078000 2.829001 2.336919 0.249999 0.741823 0.999996 2.967293 2.000000 1 1 
4353 3.079000 2.830001 2.337661 0.249999 0.742081 0.999996 2.968325 2.000000 1 1 
4354 3.080000 2.831001 2.338403 0.249999 0.742339 0.999996 2.969357 2.000000 1 1 
4355 3.081000 2.832001 2.339146 0.249999 0.742597 0.999996 2.970388 2.000000 1 1 
4356 3.082000 2.833001 2.339889 0.249999 0.742854 0.999996 2.971417 2.000000 1 1 
4357 3.083000 2.834001 2.340632 0.249999 0.743111 0.999996 2.972446 2.000000 1 1 
4358 3.084000 2.835001 2.341375 0.249999 0.743368 0.999996 2.973473 2.000000 1 1 
4359 3.085000 2.836001 2.342119 0.249999 0.743625 0.999996 2.974500 2.000000 1 1 
4360 3.086000 2.837001 2.342863 0.249999 0.743881 0.999996 2.975525 2.000000 1 1 
4361 3.087000 2.838001 2.343607 0.249999 0.744137 0.999996 2.976550 2.000000 1 1 
4362 3.088000 2.839001 2.344351 0.249999 0.744393 0.999996 2.977573 2.000000 1 1 
4363 3.089000 2.840001 2.345096 0.249999 0.744649 0.999996 2.978596 2.000000 1 1 
4364 3.090000 2.841001 2.345841 0.249999 0.744904 0.999996 2.979617 2.000000 1 1 
4365 3.091000 2.842001 2.346586 0.249999 0.745159 0.999996 2.980637 2.000000 1 1 
4366 3.092000 2.843001 2.347331 0.249999 0.745414 0.999996 2.981657 2.000000 1 1 
4367 3.093000 2.844001 2.348077 0.249999 0.745669 0.999996 2.982675 2.000000 1 1 
4368 3.094000 2.845001 2.348823 0.249999 0.745923 0.999996 2.983692 2.000000 1 1 
4369 3.095000 2.846001 2.349569 0.249999 0.746177 0.999996 2.984709 2.000000 1 1 
4370 3.096000 2.847001 2.350315 0.249999 0.746431 0.999996 2.985724 2.000000 1 1 
4371 3.097000 2.848001 2.351062 0.249999 0.746685 0.999996 2.986738 2.000000 1 1 
4372 3.098000 2.849001 2.351809 0.249999 0.746938 0.999996 2.987752 2.000000 1 1 
4373 3.099000 2.850001 2.352556 0.249999 0.747191 0.999996 2.988764 2.000000 1 1 
4374 3.100000 2.851001 2.353304 0.249999 0.747444 0.999996 2.989775 2.000000 1 1 
4375 3.101000 2.852001 2.354051 0.249999 0.747696 0.999996 2.990785 2.000000 1 1 
4376 3.102000 2.853001 2.354799 0.249999 0.747949 0.999996 2.991795 2.000000 1 1 
4377 3.103000 2.854001 2.355548 0.249999 0.748201 0.999996 2.992803 2.000000 1 1 
4378 3.104000 2.855001 2.356296 0.249999 0.748452 0.999996 2.993810 2.000000 1 1 
4379 3.105000 2.856001 2.357045 0.249999 0.748704 0.999996 2.994816 2.000000 1 1 
4380 3.106000 2.857001 2.357794 0.249999 0.748955 0.999996 2.995821 2.000000 1 1 
4381 3.107000 2.858001 2.358543 0.249999 0.749206 0.999996 2.996826 2.000000 1 1 
4382 3.108000 2.859001 2.359292 0.249999 0.749457 0.999996 2.997829 2.000000 1 1 
4383 3.109000 2.860001 2.360042 0.249999 0.749708 0.999996 2.998831 2.000000 1 1 
4384 3.110000 2.861001 2.360792 0.249999 0.749958 0.999996 2.999832 2.000000 1 1 
4385 3.111000 2.862001 2.361542 0.249999 0.750208 0.999996 3.000832 2.000000 1 1 
4386 3.112000 2.863001 2.362293 0.249999 0.750458 0.999996 3.001831 2.000000 1 1 
4387 3.113000 2.864001 2.363043 0.249999 0.750707 0.999996 3.002830 2.000000 1 1 
4388 3.114000 2.865001 2.363794 0.249999 0.750957 0.999996 3.003827 2.000000 1 1 
4389 3.115000 2.866001 2.364545 0.249999 0.751206 0.999996 3.004823 2.000000 1 1 
4390 3.116000 2.867001 2.365297 0.249999 0.751455 0.999996 3.005818 2.000000 1 1 
4391 3.117000 2.868001 2.366049 0.249999 0.751703 0.999996 3.006812 2.000000 1 1 
4392 3.118000 2.869001 2.366801 0.249999 0.751951 0.999996 3.007805 2.000000 1 1 
4393 3.119000 2.870001 2.367553 0.249999 0.752199 0.999996 3.008798 2.000000 1 1 
4394 3.120000 2.871001 2.368305 0.249999 0.752447 0.999996 3.009789 2.000000 1 1 
4395 3.121000 2.872001 2.369058 0.249999 0.752695 0.999996 3.010779 2.000000 1 1 
4396 3.122000 2.873001 2.369811 0.249999 0.752942 0.999996 3.011768 2.000000 1 1 
4397 3.123000 2.874001 2.370564 0.249999 0.753189 0.999996 3.012756 2.000000 1 1 
4398 3.124000 2.875001 2.371318 0.249999 0.753436 0.999996 3.013744 2.000000 1 1 
4399 3.125000 2.876001 2.372071 0.249999 0.753682 0.999996 3.014730 2.000000 1 1 
4400 3.126000 2.877001 2.372825 0.249999 0.753929 0.999996 3.015715 2.000000 1 1 
4401 3.127000 2.878001 2.373579 0.249999 0.754175 0.999996 3.016700 2.000000 1 1 
4402 3.128000 2.879001 2.374334 0.249999 0.754421 0.999996 3.017683 2.000000 1 1 
4403 3.129000 2.880001 2.375088 0.249999 0.754666 0.999996 3.018665 2.000000 1 1 
4404 3.130000 2.881001 2.375843 0.249999 0.754912 0.999996 3.019646 2.000000 1 1 
4405 3.131000 2.882001 2.376598 0.249999 0.755157 0.999996 3.020627 2.000000 1 1 
4406 3.132000 2.883001 2.377354 0.249999 0.755402 0.999996 3.021606 2.000000 1 1 
4407 3.133000 2.884001 2.378109 0.249999 0.755646 0.999996 3.022585 2.000000 1 1 
4408 3.134000 2.885001 2.378865 0.249999 0.755891 0.999996 3.023562 2.000000 1 1 
4409 3.135000 2.886001 2.379622 0.249999 0.756135 0.999997 3.024538 2.000000 1 1 
4410 3.136000 2.887001 2.380378 0.249999 0.756378 0.999997 3.025514 2.000000 1 1 
4411 3.137000 2.888001 2.381135 0.249999 0.756622 0.999997 3.026488 2.000000 1 1 
4412 3.138000 2.889001 2.381891 0.249999 0.756865 0.999997 3.027462 2.000000 1 1 
4413 3.139000 2.890001 2.382648 0.249999 0.757109 0.999997 3.028434 2.000000 1 1 
4414 3.140000 2.891001 2.383406 0.249999 0.757352 0.999997 3.029406 2.000000 1 1 
4415 3.141000 2.892001 2.384163 0.249999 0.757594 0.999997 3.030377 2.000000 1 1 
4416 3.142000 2.893001 2.384921 0.249999 0.757837 0.999997 3.031346 2.000000 1 1 
4417 3.143000 2.894001 2.385679 0.249999 0.758079 0.999997 3.032315 2.000000 1 1 
4418 3.144000 2.895001 2.386438 0.249999 0.758321 0.999997 3.033283 2.000000 1 1 
4419 3.145000 2.896001 2.387196 0.249999 0.758562 0.999997 3.034249 2.000000 1 1 
4420 3.146000 2.897001 2.387955 0.249999 0.758804 0.999997 3.035215 2.000000 1 1 
4421 3.147000 2.898001 2.388714 0.249999 0.759045 0.999997 3.036180 2.000000 1 1 
4422 3.148000 2.899001 2.389473 0.249999 0.759286 0.999997 3.037144 2.000000 1 1 
4423 3.149000 2.900001 2.390233 0.249999 0.759527 0.999997 3.038107 2.000000 1 1 
4424 3.150000 2.901001 2.390993 0.249999 0.759767 0.999997 3.039068 2.000000 1 1 
4425 3.151000 2.902001 2.391753 0.249999 0.760007 0.999997 3.040029 2.000000 1 1 
4426 3.152000 2.903001 2.392513 0.249999 0.760247 0.999997 3.040989 2.000000 1 1 
4427 3.153000 2.904001 2.393273 0.249999 0.760487 0.999997 3.041948 2.000000 1 1 
4428 3.154000 2.905001 2.394034 0.249999 0.760727 0.999997 3.042906 2.000000 1 1 
4429 3.155000 2.906001 2.394795 0.249999 0.760966 0.999997 3.043863 2.000000 1 1 
4430 3.156000 2.907001 2.395556 0.249999 0.761205 0.999997 3.044820 2.000000 1 1 
4431 3.157000 2.908001 2.396318 0.249999 0.761444 0.999997 3.045775 2.000000 1 1 
4432 3.158000 2.909001 2.397079 0.249999 0.761682 0.999997 3.046729 2.000000 1 1 
4433 3.159000 2.910001 2.397841 0.249999 0.761921 0.999997 3.047682 2.000000 1 1 
4434 3.160000 2.911001 2.398604 0.249999 0.762159 0.999997 3.048635 2.000000 1 1 
4435 3.161000 2.912001 2.399366 0.249999 0.762396 0.999997 3.049586 2.000000 1 1 
4436 3.162000 2.913001 2.400129 0.249999 0.762634 0.999997 3.050536 2.000000 1 1 
4437 3.163000 2.914001 2.400891 0.249999 0.762871 0.999997 3.051486 2.000000 1 1 
4438 3.164000 2.915001 2.401655 0.249999 0.763109 0.999997 3.052434 2.000000 1 1 
4439 3.165000 2.916001 2.402418 0.249999 0.763345 0.999997 3.053382 2.000000 1 1 
4440 3.166000 2.917001 2.403181 0.249999 0.763582 0.999997 3.054329 2.000000 1 1 
4441 3.167000 2.918001 2.403945 0.249999 0.763819 0.999997 3.055274 2.000000 1 1 
4442 3.168000 2.919001 2.404709 0.249999 0.764055 0.999997 3.056219 2.000000 1 1 
4443 3.169000 2.920001 2.405474 0.249999 0.764291 0.999997 3.057163 2.000000 1 1 
4444 3.170000 2.921001 2.406238 0.249999 0.764526 0.999997 3.058106 2.000000 1 1 
4445 3.171000 2.922001 2.407003 0.249999 0.764762 0.999997 3.059047 2.000000 1 1 
4446 3.172000 2.923001 2.407768 0.249999 0.764997 0.999997 3.059988 2.000000 1 1 
4447 3.173000 2.924001 2.408533 0.249999 0.765232 0.999997 3.060928 2.000000 1 1 
4448 3.174000 2.925001 2.409299 0.249999 0.765467 0.999997 3.061867 2.000000 1 1 
4449 3.175000 2.926001 2.410064 0.249999 0.765701 0.999997 3.062806 2.000000 1 1 
4450 3.176000 2.927001 2.410830 0.249999 0.765936 0.999997 3.063743 2.000000 1 1 
4451 3.177000 2.928001 2.411596 0.249999 0.766170 0.999997 3.064679 2.000000 1 1 
4452 3.178000 2.929001 2.412363 0.249999 0.766404 0.999997 3.065614 2.000000 1 1 
4453 3.179000 2.930001 2.413129 0.249999 0.766637 0.999997 3.066549 2.000000 1 1 
4454 3.180000 2.931001 2.413896 0.249999 0.766871 0.999997 3.067482 2.000000 1 1 
4455 3.181000 2.932001 2.414663 0.249999 0.767104 0.999997 3.068415 2.000000 1 1 
4456 3.182000 2.933001 2.415431 0.249999 0.767337 0.999997 3.069346 2.000000 1 1 
4457 3.183000 2.934001 2.416198 0.249999 0.767569 0.999997 3.070277 2.000000 1 1 
4458 3.184000 2.935001 2.416966 0.249999 0.767802 0.999997 3.071207 2.000000 1 1 
4459 3.185000 2.936001 2.417734 0.249999 0.768034 0.999997 3.072135 2.000000 1 1 
4460 3.186000 2.937001 2.418502 0.249999 0.768266 0.999997 3.073063 2.000000 1 1 
4461 3.187000 2.938001 2.419271 0.249999 0.768498 0.999997 3.073990 2.000000 1 1 
4462 3.188000 2.939001 2.420040 0.249999 0.768729 0.999997 3.074916 2.000000 1 1 
4463 3.189000 2.940001 2.420809 0.249999 0.768960 0.999997 3.075841 2.000000 1 1 
4464 3.190000 2.941001 2.421578 0.249999 0.769191 0.999997 3.076766 2.000000 1 1 
4465 3.191000 2.942001 2.422347 0.249999 0.769422 0.999997 3.077689 2.000000 1 1 
4466 3.192000 2.943001 2.423117 0.249999 0.769653 0.999997 3.078611 2.000000 1 1 
4467 3.193000 2.944001 2.423887 0.249999 0.769883 0.999997 3.079532 2.000000 1 1 
4468 3.194000 2.945001 2.424657 0.249999 0.770113 0.999997 3.080453 2.000000 1 1 
4469 3.195000 2.946001 2.425427 0.249999 0.770343 0.999997 3.081372 2.000000 1 1 
4470 3.196000 2.947001 2.426198 0.249999 0.770573 0.999997 3.082291 2.000000 1 1 
4471 3.197000 2.948001 2.426969 0.249999 0.770802 0.999997 3.083209 2.000000 1 1 
4472 3.198000 2.949001 2.427740 0.249999 0.771031 0.999997 3.084126 2.000000 1 1 
4473 3.199000 2.950001 2.428511 0.249999 0.771260 0.999997 3.085041 2.000000 1 1 
4474 3.200000 2.951001 2.429282 0.249999 0.771489 0.999997 3.085956 2.000000 1 1 
4475 3.201000 2.952001 2.430054 0.249999 0.771718 0.999997 3.086870 2.000000 1 1 
4476 3.202000 2.953001 2.430826 0.249999 0.771946 0.999997 3.087784 2.000000 1 1 
4477 3.203000 2.954001 2.431598 0.249999 0.772174 0.999997 3.088696 2.000000 1 1 
4478 3.204000 2.955001 2.432371 0.249999 0.772402 0.999997 3.089607 2.000000 1 1 
4479 3.205000 2.956001 2.433143 0.249999 0.772629 0.999997 3.090518 2.000000 1 1 
4480 3.206000 2.957001 2.433916 0.249999 0.772857 0.999997 3.091427 2.000000 1 1 
4481 3.207000 2.958001 2.434689 0.249999 0.773084 0.999997 3.092336 2.000000 1 1 
4482 3.208000 2.959001 2.435462 0.249999 0.773311 0.999997 3.093243 2.000000 1 1 
4483 3.209000 2.960001 2.436236 0.249999 0.773538 0.999997 3.094150 2.000000 1 1 
4484 3.210000 2.961001 2.437010 0.249999 0.773764 0.999997 3.095056 2.000000 1 1 
4485 3.211000 2.962001 2.437784 0.249999 0.773990 0.999997 3.095961 2.000000 1 1 
4486 3.212000 2.963001 2.438558 0.249999 0.774216 0.999997 3.096865 2.000000 1 1 
4487 3.213000 2.964001 2.439332 0.249999 0.774442 0.999997 3.097768 2.000000 1 1 
4488 3.214000 2.965001 2.440107 0.249999 0.774668 0.999997 3.098670 2.000000 1 1 
4489 3.215000 2.966001 2.440882 0.249999 0.774893 0.999997 3.099572 2.000000 1 1 
4490 3.216000 2.967001 2.441657 0.249999 0.775118 0.999997 3.100472 2.000000 1 1 
4491 3.217000 2.968001 2.442432 0.249999 0.775343 0.999997 3.101372 2.000000 1 1 
4492 3.218000 2.969001 2.443208 0.249999 0.775568 0.999997 3.102270 2.000000 1 1 
4493 3.219000 2.970001 2.443984 0.249999 0.775792 0.999998 3.103168 2.000000 1 1 
4494 3.220000 2.971001 2.444760 0.249999 0.776016 0.999998 3.104065 2.000000 1 1 
4495 3.221000 2.972001 2.445536 0.249999 0.776240 0.999998 3.104961 2.000000 1 1 
4496 3.222000 2.973001 2.446313 0.249999 0.776464 0.999998 3.105856 2.000000 1 1 
4497 3.223000 2.974001 2.447089 0.249999 0.776687 0.999998 3.106750 2.000000 1 1 
4498 3.224000 2.975001 2.447866 0.249999 0.776911 0.999998 3.107643 2.000000 1 1 
4499 3.225000 2.976001 2.448643 0.249999 0.777134 0.999998 3.108535 2.000000 1 1 
4500 3.226000 2.977001 2.449421 0.249999 0.777357 0.999998 3.109427 2.000000 1 1 
4501 3.227000 2.978001 2.450198 0.249999 0.777579 0.999998 3.110317 2.000000 1 1 
4502 3.228000 2.979001 2.450976 0.249999 0.777802 0.999998 3.111207 2.000000 1 1 
4503 3.229000 2.980001 2.451754 0.249999 0.778024 0.999998 3.112096 2.000000 1 1 
4504 3.230000 2.981001 2.452532 0.249999 0.778246 0.999998 3.112984 2.000000 1 1 
4505 3.231000 2.982001 2.453311 0.249999 0.778468 0.999998 3.113871 2.000000 1 1 
4506 3.232000 2.983001 2.454089 0.249999 0.778689 0.999998 3.114757 2.000000 1 1 
4507 3.233000 2.984001 2.454868 0.249999 0.778911 0.999998 3.115642 2.000000 1 1 
4508 3.234000 2.985001 2.455647 0.249999 0.779132 0.999998 3.116527 2.000000 1 1 
4509 3.235000 2.986001 2.456427 0.249999 0.779353 0.999998 3.117410 2.000000 1 1 
4510 3.236000 2.987001 2.457206 0.249999 0.779573 0.999998 3.118293 2.000000 1 1 
4511 3.237000 2.988001 2.457986 0.249999 0.779794 0.999998 3.119174 2.000000 1 1 
4512 3.238000 2.989001 2.458766 0.249999 0.780014 0.999998 3.120055 2.000000 1 1 
4513 3.239000 2.990001 2.459546 0.249999 0.780234 0.999998 3.120935 2.000000 1 1 
4514 3.240000 2.991001 2.460327 0.249999 0.780454 0.999998 3.121814 2.000000 1 1 
4515 3.241000 2.992001 2.461108 0.249999 0.780673 0.999998 3.122692 2.000000 1 1 
4516 3.242000 2.993001 2.461888 0.249999 0.780892 0.999998 3.123570 2.000000 1 1 
4517 3.243000 2.994001 2.462670 0.249999 0.781112 0.999998 3.124446 2.000000 1 1 
4518 3.244000 2.995001 2.463451 0.249999 0.781330 0.999998 3.125322 2.000000 1 1 
4519 3.245000 2.996001 2.464232 0.249999 0.781549 0.999998 3.126196 2.000000 1 1 
4520 3.246000 2.997001 2.465014 0.249999 0.781768 0.999998 3.127070 2.000000 1 1 
4521 3.247000 2.998001 2.465796 0.249999 0.781986 0.999998 3.127943 2.000000 1 1 
4522 3.248000 2.999001 2.466578 0.249999 0.782204 0.999998 3.128815 2.000000 1 1 
4523 3.249000 3.000001 2.467361 0.249999 0.782422 0.999998 3.129686 2.000000 1 1 
4524 3.250000 3.001001 2.468143 0.249999 0.782639 0.999998 3.130557 2.000000 1 1 
4525 3.251000 3.002001 2.468926 0.249999 0.782857 0.999998 3.131426 2.000000 1 1 
4526 3.252000 3.003001 2.469709 0.249999 0.783074 0.999998 3.132295 2.000000 1 1 
4527 3.253000 3.004001 2.470493 0.249999 0.783291 0.999998 3.133162 2.000000 1 1 
4528 3.254000 3.005001 2.471276 0.249999 0.783507 0.999998 3.134029 2.000000 1 1 
4529 3.255000 3.006001 2.472060 0.249999 0.783724 0.999998 3.134895 2.000000 1 1 
4530 3.256000 3.007001 2.472844 0.249999 0.783940 0.999998 3.135760 2.000000 1 1 
4531 3.257000 3.008001 2.473628 0.249999 0.784156 0.999998 3.136625 2.000000 1 1 
4532 3.258000 3.009001 2.474412 0.249999 0.784372 0.999998 3.137488 2.000000 1 1 
4533 3.259000 3.010001 2.475197 0.249999 0.784588 0.999998 3.138350 2.000000 1 1 
4534 3.260000 3.011001 2.475982 0.249999 0.784803 0.999998 3.139212 2.000000 1 1 
4535 3.261000 3.012001 2.476767 0.249999 0.785018 0.999998 3.140073 2.000000 1 1 
4536 3.262000 3.013001 2.477552 0.249999 0.785233 0.999998 3.140933 2.000000 1 1 
4537 3.263000 3.014001 2.478337 0.249999 0.785448 0.999998 3.141792 2.000000 1 1 
4538 3.264000 3.015001 2.479123 0.249999 0.785663 0.999998 3.142650 2.000000 1 1 
4539 3.265000 3.016001 2.479909 0.249999 0.785877 0.999998 3.143507 2.000000 1 1 
4540 3.266000 3.017001 2.480695 0.249999 0.786091 0.999998 3.144364 2.000000 1 1 
4541 3.267000 3.018001 2.481481 0.249999 0.786305 0.999998 3.145220 2.000000 1 1 
4542 3.268000 3.019001 2.482268 0.249999 0.786519 0.999998 3.146074 2.000000 1 1 
4543 3.269000 3.020001 2.483055 0.249999 0.786732 0.999998 3.146928 2.000000 1 1 
4544 3.270000 3.021001 2.483842 0.249999 0.786945 0.999998 3.147781 2.000000 1 1 
4545 3.271000 3.022001 2.484629 0.249999 0.787158 0.999998 3.148634 2.000000 1 1 
4546 3.272000 3.023001 2.485416 0.249999 0.787371 0.999998 3.149485 2.000000 1 1 
4547 3.273000 3.024001 2.486204 0.249999 0.787584 0.999998 3.150335 2.000000 1 1 
4548 3.274000 3.025000 2.486992 0.249999 0.787796 0.999998 3.151185 2.000000 1 1 
4549 3.275000 3.026000 2.487780 0.250000 0.788008 0.999998 3.152034 2.000000 1 1 
4550 3.276000 3.027000 2.488568 0.250000 0.788220 0.999998 3.152882 2.000000 1 1 
4551 3.277000 3.028000 2.489356 0.250000 0.788432 0.999998 3.153729 2.000000 1 1 
4552 3.278000 3.029000 2.490145 0.250000 0.788644 0.999998 3.154575 2.000000 1 1 
4553 3.279000 3.030000 2.490934 0.250000 0.788855 0.999998 3.155421 2.000000 1 1 
4554 3.280000 3.031000 2.491723 0.250000 0.789066 0.999998 3.156265 2.000000 1 1 
4555 3.281000 3.032000 2.492512 0.250000 0.789277 0.999998 3.157109 2.000000 1 1 
4556 3.282000 3.033000 2.493302 0.250000 0.789488 0.999998 3.157952 2.000000 1 1 
4557 3.283000 3.034000 2.494091 0.250000 0.789698 0.999998 3.158794 2.000000 1 1 
4558 3.284000 3.035000 2.494881 0.250000 0.789909 0.999998 3.159635 2.000000 1 1 
4559 3.285000 3.036000 2.495671 0.250000 0.790119 0.999998 3.160475 2.000000 1 1 
4560 3.286000 3.037000 2.496462 0.250000 0.790329 0.999998 3.161315 2.000000 1 1 
4561 3.287000 3.038000 2.497252 0.250000 0.790538 0.999998 3.162154 2.000000 1 1 
4562 3.288000 3.039000 2.498043 0.250000 0.790748 0.999998 3.162992 2.000000 1 1 
4563 3.289000 3.040000 2.498834 0.250000 0.790957 0.999998 3.163829 2.000000 1 1 
4564 3.290000 3.041000 2.499625 0.250000 0.791166 0.999998 3.164665 2.000000 1 1 
4565 3.291000 3.042000 2.500416 0.250000 0.791375 0.999998 3.165500 2.000000 1 1 
4566 3.292000 3.043000 2.501208 0.250000 0.791584 0.999998 3.166335 2.000000 1 1 
4567 3.293000 3.044000 2.502000 0.250000 0.791792 0.999998 3.167168 2.000000 1 1 
4568 3.294000 3.045000 2.502792 0.250000 0.792000 0.999998 3.168001 2.000000 1 1 
4569 3.295000 3.046000 2.503584 0.250000 0.792208 0.999998 3.168833 2.000000 1 1 
4570 3.296000 3.047000 2.504376 0.250000 0.792416 0.999998 3.169664 2.000000 1 1 
4571 3.297000 3.048000 2.505169 0.250000 0.792624 0.999998 3.170495 2.000000 1 1 
4572 3.298000 3.049000 2.505962 0.250000 0.792831 0.999998 3.171324 2.000000 1 1 
4573 3.299000 3.050000 2.506755 0.250000 0.793038 0.999998 3.172153 2.000000 1 1 
4574 3.300000 3.051000 2.507548 0.250000 0.793245 0.999998 3.172981 2.000000 1 1 
4575 3.301000 3.052000 2.508342 0.250000 0.793452 0.999998 3.173808 2.000000 1 1 
4576 3.302000 3.053000 2.509135 0.250000 0.793658 0.999998 3.174634 2.000000 1 1 
4577 3.303000 3.054000 2.509929 0.250000 0.793865 0.999998 3.175459 2.000000 1 1 
4578 3.304000 3.055000 2.510723 0.250000 0.794071 0.999998 3.176284 2.000000 1 1 
4579 3.305000 3.056000 2.511517 0.250000 0.794277 0.999998 3.177107 2.000000 1 1 
4580 3.306000 3.057000 2.512312 0.250000 0.794483 0.999998 3.177930 2.000000 1 1 
4581 3.307000 3.058000 2.513107 0.250000 0.794688 0.999998 3.178752 2.000000 1 1 
4582 3.308000 3.059000 2.513901 0.250000 0.794893 0.999998 3.179574 2.000000 1 1 
4583 3.309000 3.060000 2.514697 0.250000 0.795099 0.999998 3.180394 2.000000 1 1 
4584 3.310000 3.061000 2.515492 0.250000 0.795303 0.999998 3.181214 2.000000 1 1 
4585 3.311000 3.062000 2.516287 0.250000 0.795508 0.999998 3.182032 2.000000 1 1 
4586 3.312000 3.063000 2.517083 0.250000 0.795713 0.999998 3.182850 2.000000 1 1 
4587 3.313000 3.064000 2.517879 0.250000 0.795917 0.999998 3.183668 2.000000 1 1 
4588 3.314000 3.065000 2.518675 0.250000 0.796121 0.999998 3.184484 2.000000 1 1 
4589 3.315000 3.066000 2.519471 0.250000 0.796325 0.999998 3.185299 2.000000 1 1 
4590 3.316000 3.067000 2.520268 0.250000 0.796529 0.999998 3.186114 2.000000 1 1 
4591 3.317000 3.068000 2.521065 0.250000 0.796732 0.999998 3.186928 2.000000 1 1 
4592 3.318000 3.069000 2.521862 0.250000 0.796935 0.999998 3.187741 2.000000 1 1 
4593 3.319000 3.070000 2.522659 0.250000 0.797138 0.999998 3.188553 2.000000 1 1 
4594 3.320000 3.071000 2.523456 0.250000 0.797341 0.999998 3.189365 2.000000 1 1 
4595 3.321000 3.072000 2.524254 0.250000 0.797544 0.999998 3.190175 2.000000 1 1 
4596 3.322000 3.073000 2.525051 0.250000 0.797746 0.999998 3.190985 2.000000 1 1 
4597 3.323000 3.074000 2.525849 0.250000 0.797949 0.999998 3.191794 2.000000 1 1 
4598 3.324000 3.075000 2.526648 0.250000 0.798151 0.999998 3.192602 2.000000 1 1 
4599 3.325000 3.076000 2.527446 0.250000 0.798352 0.999998 3.193410 2.000000 1 1 
4600 3.326000 3.077000 2.528244 0.250000 0.798554 0.999998 3.194216 2.000000 1 1 
4601 3.327000 3.078000 2.529043 0.250000 0.798756 0.999998 3.195022 2.000000 1 1 
4602 3.328000 3.079000 2.529842 0.250000 0.798957 0.999998 3.195827 2.000000 1 1 
4603 3.329000 3.080000 2.530641 0.250000 0.799158 0.999998 3.196631 2.000000 1 1 
4604 3.330000 3.081000 2.531441 0.250000 0.799359 0.999998 3.197435 2.000000 1 1 
4605 3.331000 3.082000 2.532240 0.250000 0.799559 0.999998 3.198237 2.000000 1 1 
4606 3.332000 3.083000 2.533040 0.250000 0.799760 0.999998 3.199039 2.000000 1 1 
4607 3.333000 3.084000 2.533840 0.250000 0.799960 0.999998 3.199840 2.000000 1 1 
4608 3.334000 3.085000 2.534640 0.250000 0.800160 0.999998 3.200640 2.000000 1 1 
4609 3.335000 3.086000 2.535440 0.250000 0.800360 0.999998 3.201440 2.000000 1 1 
4610 3.336000 3.087000 2.536241 0.250000 0.800560 0.999998 3.202238 2.000000 1 1 
4611 3.337000 3.088000 2.537042 0.250000 0.800759 0.999998 3.203036 2.000000 1 1 
4612 3.338000 3.089000 2.537843 0.250000 0.800958 0.999998 3.203833 2.000000 1 1 
4613 3.339000 3.090000 2.538644 0.250000 0.801157 0.999998 3.204629 2.000000 1 1 
4614 3.340000 3.091000 2.539445 0.250000 0.801356 0.999998 3.205424 2.000000 1 1 
4615 3.341000 3.092000 2.540247 0.250000 0.801555 0.999998 3.206219 2.000000 1 1 
4616 3.342000 3.093000 2.541049 0.250000 0.801753 0.999998 3.207013 2.000000 1 1 
4617 3.343000 3.094000 2.541851 0.250000 0.801951 0.999998 3.207806 2.000000 1 1 
4618 3.344000 3.095000 2.542653 0.250000 0.802149 0.999998 3.208598 2.000000 1 1 
4619 3.345000 3.096000 2.543455 0.250000 0.802347 0.999998 3.209389 2.000000 1 1 
4620 3.346000 3.097000 2.544258 0.250000 0.802545 0.999998 3.210180 2.000000 1 1 
4621 3.347000 3.098000 2.545060 0.250000 0.802742 0.999999 3.210970 2.000000 1 1 
4622 3.348000 3.099000 2.545863 0.250000 0.802940 0.999999 3.211759 2.000000 1 1 
4623 3.349000 3.100000 2.546666 0.250000 0.803137 0.999999 3.212547 2.000000 1 1 
4624 3.350000 3.101000 2.547470 0.250000 0.803334 0.999999 3.213334 2.000000 1 1 
4625 3.351000 3.102000 2.548273 0.250000 0.803530 0.999999 3.214121 2.000000 1 1 
4626 3.352000 3.103000 2.549077 0.250000 0.803727 0.999999 3.214907 2.000000 1 1 
4627 3.353000 3.104000 2.549881 0.250000 0.803923 0.999999 3.215692 2.000000 1 1 
4628 3.354000 3.105000 2.550685 0.250000 0.804119 0.999999 3.216476 2.000000 1 1 
4629 3.355000 3.106000 2.551489 0.250000 0.804315 0.999999 3.217260 2.000000 1 1 
4630 3.356000 3.107000 2.552294 0.250000 0.804511 0.999999 3.218043 2.000000 1 1 
4631 3.357000 3.108000 2.553099 0.250000 0.804706 0.999999 3.218825 2.000000 1 1 
4632 3.358000 3.109000 2.553903 0.250000 0.804901 0.999999 3.219606 2.000000 1 1 
4633 3.359000 3.110000 2.554709 0.250000 0.805097 0.999999 3.220386 2.000000 1 1 
4634 3.360000 3.111000 2.555514 0.250000 0.805291 0.999999 3.221166 2.000000 1 1 
4635 3.361000 3.112000 2.556319 0.250000 0.805486 0.999999 3.221945 2.000000 1 1 
4636 3.362000 3.113000 2.557125 0.250000 0.805681 0.999999 3.222723 2.000000 1 1 
4637 3.363000 3.114000 2.557931 0.250000 0.805875 0.999999 3.223500 2.000000 1 1 
4638 3.364000 3.115000 2.558737 0.250000 0.806069 0.999999 3.224276 2.000000 1 1 
4639 3.365000 3.116000 2.559543 0.250000 0.806263 0.999999 3.225052 2.000000 1 1 
4640 3.366000 3.117000 2.560350 0.250000 0.806457 0.999999 3.225827 2.000000 1 1 
4641 3.367000 3.118000 2.561156 0.250000 0.806650 0.999999 3.226601 2.000000 1 1 
4642 3.368000 3.119000 2.561963 0.250000 0.806844 0.999999 3.227375 2.000000 1 1 
4643 3.369000 3.120000 2.562770 0.250000 0.807037 0.999999 3.228147 2.000000 1 1 
4644 3.370000 3.121000 2.563577 0.250000 0.807230 0.999999 3.228919 2.000000 1 1 
4645 3.371000 3.122000 2.564385 0.250000 0.807423 0.999999 3.229690 2.000000 1 1 
4646 3.372000 3.123000 2.565192 0.250000 0.807615 0.999999 3.230461 2.000000 1 1 
4647 3.373000 3.124000 2.566000 0.250000 0.807808 0.999999 3.231230 2.000000 1 1 
4648 3.374000 3.125000 2.566808 0.250000 0.808000 0.999999 3.231999 2.000000 1 1 
4649 3.375000 3.126000 2.567616 0.250000 0.808192 0.999999 3.232767 2.000000 1 1 
4650 3.376000 3.127000 2.568425 0.250000 0.808384 0.999999 3.233534 2.000000 1 1 
4651 3.377000 3.128000 2.569233 0.250000 0.808575 0.999999 3.234301 2.000000 1 1 
4652 3.378000 3.129000 2.570042 0.250000 0.808767 0.999999 3.235066 2.000000 1 1 
4653 3.379000 3.130000 2.570851 0.250000 0.808958 0.999999 3.235831 2.000000 1 1 
4654 3.380000 3.131000 2.571660 0.250000 0.809149 0.999999 3.236595 2.000000 1 1 
4655 3.381000 3.132000 2.572470 0.250000 0.809340 0.999999 3.237359 2.000000 1 1 
4656 3.382000 3.133000 2.573279 0.250000 0.809530 0.999999 3.238121 2.000000 1 1 
4657 3.383000 3.134000 2.574089 0.250000 0.809721 0.999999 3.238883 2.000000 1 1 
4658 3.384000 3.135000 2.574899 0.250000 0.809911 0.999999 3.239644 2.000000 1 1 
4659 3.385000 3.136000 2.575709 0.250000 0.810101 0.999999 3.240405 2.000000 1 1 
4660 3.386000 3.137000 2.576519 0.250000 0.810291 0.999999 3.241164 2.000000 1 1 
4661 3.387000 3.138000 2.577330 0.250000 0.810481 0.999999 3.241923 2.000000 1 1 
4662 3.388000 3.139000 2.578140 0.250000 0.810670 0.999999 3.242681 2.000000 1 1 
4663 3.389000 3.140000 2.578951 0.250000 0.810860 0.999999 3.243439 2.000000 1 1 
4664 3.390000 3.141000 2.579762 0.250000 0.811049 0.999999 3.244195 2.000000 1 1 
4665 3.391000 3.142000 2.580573 0.250000 0.811238 0.999999 3.244951 2.000000 1 1 
4666 3.392000 3.143000 2.581385 0.250000 0.811427 0.999999 3.245706 2.000000 1 1 
4667 3.393000 3.144000 2.582197 0.250000 0.811615 0.999999 3.246460 2.000000 1 1 
4668 3.394000 3.145000 2.583008 0.250000 0.811803 0.999999 3.247214 2.000000 1 1 
4669 3.395000 3.146000 2.583820 0.250000 0.811992 0.999999 3.247967 2.000000 1 1 
4670 3.396000 3.147000 2.584633 0.250000 0.812180 0.999999 3.248719 2.000000 1 1 
4671 3.397000 3.148000 2.585445 0.250000 0.812367 0.999999 3.249470 2.000000 1 1 
4672 3.398000 3.149000 2.586257 0.250000 0.812555 0.999999 3.250221 2.000000 1 1 
4673 3.399000 3.150000 2.587070 0.250000 0.812743 0.999999 3.250970 2.000000 1 1 
4674 3.400000 3.151000 2.587883 0.250000 0.812930 0.999999 3.251719 2.000000 1 1 
4675 3.401000 3.152000 2.588696 0.250000 0.813117 0.999999 3.252468 2.000000 1 1 
4676 3.402000 3.153000 2.589510 0.250000 0.813304 0.999999 3.253215 2.000000 1 1 
4677 3.403000 3.154000 2.590323 0.250000 0.813490 0.999999 3.253962 2.000000 1 1 
4678 3.404000 3.155000 2.591137 0.250000 0.813677 0.999999 3.254708 2.000000 1 1 
4679 3.405000 3.156000 2.591951 0.250000 0.813863 0.999999 3.255453 2.000000 1 1 
4680 3.406000 3.157000 2.592765 0.250000 0.814049 0.999999 3.256198 2.000000 1 1 
4681 3.407000 3.158000 2.593579 0.250000 0.814235 0.999999 3.256942 2.000000 1 1 
4682 3.408000 3.159000 2.594393 0.250000 0.814421 0.999999 3.257685 2.000000 1 1 
4683 3.409000 3.160000 2.595208 0.250000 0.814607 0.999999 3.258427 2.000000 1 1 
4684 3.410000 3.161000 2.596023 0.250000 0.814792 0.999999 3.259169 2.000000 1 1 
4685 3.411000 3.162000 2.596838 0.250000 0.814977 0.999999 3.259909 2.000000 1 1 
4686 3.412000 3.163000 2.597653 0.250000 0.815162 0.999999 3.260649 2.000000 1 1 
4687 3.413000 3.164000 2.598468 0.250000 0.815347 0.999999 3.261389 2.000000 1 1 
4688 3.414000 3.165000 2.599284 0.250000 0.815532 0.999999 3.262127 2.000000 1 1 
4689 3.415000 3.166000 2.600099 0.250000 0.815716 0.999999 3.262865 2.000000 1 1 
4690 3.416000 3.167000 2.600915 0.250000 0.815901 0.999999 3.263602 2.000000 1 1 
4691 3.417000 3.168000 2.601731 0.250000 0.816085 0.999999 3.264339 2.000000 1 1 
4692 3.418000 3.169000 2.602548 0.250000 0.816269 0.999999 3.265074 2.000000 1 1 
4693 3.419000 3.170000 2.603364 0.250000 0.816452 0.999999 3.265809 2.000000 1 1 
4694 3.420000 3.171000 2.604181 0.250000 0.816636 0.999999 3.266544 2.000000 1 1 
4695 3.421000 3.172000 2.604998 0.250000 0.816819 0.999999 3.267277 2.000000 1 1 
4696 3.422000 3.173000 2.605815 0.250000 0.817002 0.999999 3.268010 2.000000 1 1 
4697 3.423000 3.174000 2.606632 0.250000 0.817185 0.999999 3.268742 2.000000 1 1 
4698 3.424000 3.175000 2.607449 0.250000 0.817368 0.999999 3.269473 2.000000 1 1 
4699 3.425000 3.176000 2.608267 0.250000 0.817551 0.999999 3.270204 2.000000 1 1 
4700 3.426000 3.177000 2.609084 0.250000 0.817733 0.999999 3.270933 2.000000 1 1 
4701 3.427000 3.178000 2.609902 0.250000 0.817916 0.999999 3.271662 2.000000 1 1 
4702 3.428000 3.179000 2.610720 0.250000 0.818098 0.999999 3.272391 2.000000 1 1 
4703 3.429000 3.180000 2.611539 0.250000 0.818280 0.999999 3.273118 2.000000 1 1 
4704 3.430000 3.181000 2.612357 0.250000 0.818461 0.999999 3.273845 2.000000 1 1 
4705 3.431000 3.182000 2.613176 0.250000 0.818643 0.999999 3.274571 2.000000 1 1 
4706 3.432000 3.183000 2.613995 0.250000 0.818824 0.999999 3.275297 2.000000 1 1 
4707 3.433000 3.184000 2.614814 0.250000 0.819005 0.999999 3.276022 2.000000 1 1 
4708 3.434000 3.185000 2.615633 0.250000 0.819186 0.999999 3.276746 2.000000 1 1 
4709 3.435000 3.186000 2.616452 0.250000 0.819367 0.999999 3.277469 2.000000 1 1 
4710 3.436000 3.187000 2.617272 0.250000 0.819548 0.999999 3.278191 2.000000 1 1 
4711 3.437000 3.188000 2.618091 0.250000 0.819728 0.999999 3.278913 2.000000 1 1 
4712 3.438000 3.189000 2.618911 0.250000 0.819909 0.999999 3.279634 2.000000 1 1 
4713 3.439000 3.190000 2.619731 0.250000 0.820089 0.999999 3.280355 2.000000 1 1 
4714 3.440000 3.191000 2.620552 0.250000 0.820269 0.999999 3.281074 2.000000 1 1 
4715 3.441000 3.192000 2.621372 0.250000 0.820448 0.999999 3.281793 2.000000 1 1 
4716 3.442000 3.193000 2.622193 0.250000 0.820628 0.999999 3.282511 2.000000 1 1 
4717 3.443000 3.194000 2.623014 0.250000 0.820807 0.999999 3.283229 2.000000 1 1 
4718 3.444000 3.195000 2.623835 0.250000 0.820986 0.999999 3.283946 2.000000 1 1 
4719 3.445000 3.196000 2.624656 0.250000 0.821165 0.999999 3.284662 2.000000 1 1 
4720 3.446000 3.197000 2.625477 0.250000 0.821344 0.999999 3.285377 2.000000 1 1 
4721 3.447000 3.198000 2.626299 0.250000 0.821523 0.999999 3.286092 2.000000 1 1 
4722 3.448000 3.199000 2.627120 0.250000 0.821701 0.999999 3.286806 2.000000 1 1 
4723 3.449000 3.200000 2.627942 0.250000 0.821880 0.999999 3.287519 2.000000 1 1 
4724 3.450000 3.201000 2.628764 0.250000 0.822058 0.999999 3.288231 2.000000 1 1 
4725 3.451000 3.202000 2.629586 0.250000 0.822236 0.999999 3.288943 2.000000 1 1 
4726 3.452000 3.203000 2.630409 0.250000 0.822414 0.999999 3.289654 2.000000 1 1 
4727 3.453000 3.204000 2.631231 0.250000 0.822591 0.999999 3.290364 2.000000 1 1 
4728 3.454000 3.205000 2.632054 0.250000 0.822769 0.999999 3.291074 2.000000 1 1 
4729 3.455000 3.206000 2.632877 0.250000 0.822946 0.999999 3.291783 2.000000 1 1 
4730 3.456000 3.207000 2.633700 0.250000 0.823123 0.999999 3.292491 2.000000 1 1 
4731 3.457000 3.208000 2.634524 0.250000 0.823300 0.999999 3.293199 2.000000 1 1 
4732 3.458000 3.209000 2.635347 0.250000 0.823476 0.999999 3.293905 2.000000 1 1 
4733 3.459000 3.210000 2.636171 0.250000 0.823653 0.999999 3.294612 2.000000 1 1 
4734 3.460000 3.211000 2.636995 0.250000 0.823829 0.999999 3.295317 2.000000 1 1 
4735 3.461000 3.212000 2.637819 0.250000 0.824005 0.999999 3.296022 2.000000 1 1 
4736 3.462000 3.213000 2.638643 0.250000 0.824181 0.999999 3.296726 2.000000 1 1 
4737 3.463000 3.214000 2.639467 0.250000 0.824357 0.999999 3.297429 2.000000 1 1 
4738 3.464000 3.215000 2.640292 0.250000 0.824533 0.999999 3.298131 2.000000 1 1 
4739 3.465000 3.216000 2.641116 0.250000 0.824708 0.999999 3.298833 2.000000 1 1 
4740 3.466000 3.217000 2.641941 0.250000 0.824884 0.999999 3.299534 2.000000 1 1 
4741 3.467000 3.218000 2.642766 0.250000 0.825059 0.999999 3.300235 2.000000 1 1 
4742 3.468000 3.219000 2.643592 0.250000 0.825234 0.999999 3.300935 2.000000 1 1 
4743 3.469000 3.220000 2.644417 0.250000 0.825408 0.999999 3.301634 2.000000 1 1 
4744 3.470000 3.221000 2.645243 0.250000 0.825583 0.999999 3.302332 2.000000 1 1 
4745 3.471000 3.222000 2.646068 0.250000 0.825757 0.999999 3.303030 2.000000 1 1 
4746 3.472000 3.223000 2.646894 0.250000 0.825932 0.999999 3.303727 2.000000 1 1 
4747 3.473000 3.224000 2.647720 0.250000 0.826106 0.999999 3.304423 2.000000 1 1 
4748 3.474000 3.225000 2.648547 0.250000 0.826280 0.999999 3.305119 2.000000 1 1 
4749 3.475000 3.226000 2.649373 0.250000 0.826453 0.999999 3.305814 2.000000 1 1 
4750 3.476000 3.227000 2.650200 0.250000 0.826627 0.999999 3.306508 2.000000 1 1 
4751 3.477000 3.228000 2.651026 0.250000 0.826800 0.999999 3.307201 2.000000 1 1 
4752 3.478000 3.229000 2.651853 0.250000 0.826974 0.999999 3.307894 2.000000 1 1 
4753 3.479000 3.230000 2.652681 0.250000 0.827147 0.999999 3.308586 2.000000 1 1 
4754 3.480000 3.231000 2.653508 0.250000 0.827319 0.999999 3.309278 2.000000 1 1 
4755 3.481000 3.232000 2.654335 0.250000 0.827492 0.999999 3.309968 2.000000 1 1 
4756 3.482000 3.233000 2.655163 0.250000 0.827665 0.999999 3.310658 2.000000 1 1 
4757 3.483000 3.234000 2.655991 0.250000 0.827837 0.999999 3.311348 2.000000 1 1 
4758 3.484000 3.235000 2.656819 0.250000 0.828009 0.999999 3.312036 2.000000 1 1 
4759 3.485000 3.236000 2.657647 0.250000 0.828181 0.999999 3.312724 2.000000 1 1 
4760 3.486000 3.237000 2.658475 0.250000 0.828353 0.999999 3.313412 2.000000 1 1 
4761 3.487000 3.238000 2.659304 0.250000 0.828525 0.999999 3.314098 2.000000 1 1 
4762 3.488000 3.239000 2.660133 0.250000 0.828696 0.999999 3.314784 2.000000 1 1 
4763 3.489000 3.240000 2.660962 0.250000 0.828867 0.999999 3.315469 2.000000 1 1 
4764 3.490000 3.241000 2.661791 0.250000 0.829038 0.999999 3.316154 2.000000 1 1 
4765 3.491000 3.242000 2.662620 0.250000 0.829209 0.999999 3.316838 2.000000 1 1 
4766 3.492000 3.243000 2.663449 0.250000 0.829380 0.999999 3.317521 2.000000 1 1 
4767 3.493000 3.244000 2.664279 0.250000 0.829551 0.999999 3.318203 2.000000 1 1 
4768 3.494000 3.245000 2.665108 0.250000 0.829721 0.999999 3.318885 2.000000 1 1 
4769 3.495000 3.246000 2.665938 0.250000 0.829892 0.999999 3.319566 2.000000 1 1 
4770 3.496000 3.247000 2.666768 0.250000 0.830062 0.999999 3.320247 2.000000 1 1 
4771 3.497000 3.248000 2.667599 0.250000 0.830232 0.999999 3.320926 2.000000 1 1 
4772 3.498000 3.249000 2.668429 0.250000 0.830401 0.999999 3.321605 2.000000 1 1 
4773 3.499000 3.250000 2.669260 0.250000 0.830571 0.999999 3.322284 2.000000 1 1 
4774 3.500000 3.251000 2.670090 0.250000 0.830740 0.999999 3.322962 2.000000 1 1 
4775 3.501000 3.252000 2.670921 0.250000 0.830910 0.999999 3.323639 2.000000 1 1 
4776 3.502000 3.253000 2.671752 0.250000 0.831079 0.999999 3.324315 2.000000 1 1 
4777 3.503000 3.254000 2.672584 0.250000 0.831248 0.999999 3.324991 2.000000 1 1 
4778 3.504000 3.255000 2.673415 0.250000 0.831416 0.999999 3.325666 2.000000 1 1 
4779 3.505000 3.256000 2.674247 0.250000 0.831585 0.999999 3.326340 2.000000 1 1 
4780 3.506000 3.257000 2.675078 0.250000 0.831753 0.999999 3.327014 2.000000 1 1 
4781 3.507000 3.258000 2.675910 0.250000 0.831922 0.999999 3.327687 2.000000 1 1 
4782 3.508000 3.259000 2.676742 0.250000 0.832090 0.999999 3.328359 2.000000 1 1 
4783 3.509000 3.260000 2.677575 0.250000 0.832258 0.999999 3.329031 2.000000 1 1 
4784 3.510000 3.261000 2.678407 0.250000 0.832425 0.999999 3.329702 2.000000 1 1 
4785 3.511000 3.262000 2.679240 0.250000 0.832593 0.999999 3.330372 2.000000 1 1 
4786 3.512000 3.263000 2.680072 0.250000 0.832760 0.999999 3.331041 2.000000 1 1 
4787 3.513000 3.264000 2.680905 0.250000 0.832928 0.999999 3.331710 2.000000 1 1 
4788 3.514000 3.265000 2.681738 0.250000 0.833095 0.999999 3.332379 2.000000 1 1 
4789 3.515000 3.266000 2.682572 0.250000 0.833262 0.999999 3.333046 2.000000 1 1 
4790 3.516000 3.267000 2.683405 0.250000 0.833428 0.999999 3.333713 2.000000 1 1 
4791 3.517000 3.268000 2.684239 0.250000 0.833595 0.999999 3.334380 2.000000 1 1 
4792 3.518000 3.269000 2.685072 0.250000 0.833761 0.999999 3.335045 2.000000 1 1 
4793 3.519000 3.270000 2.685906 0.250000 0.833928 0.999999 3.335710 2.000000 1 1 
4794 3.520000 3.271000 2.686740 0.250000 0.834094 0.999999 3.336374 2.000000 1 1 
4795 3.521000 3.272000 2.687575 0.250000 0.834260 0.999999 3.337038 2.000000 1 1 
4796 3.522000 3.273000 2.688409 0.250000 0.834425 0.999999 3.337701 2.000000 1 1 
4797 3.523000 3.274000 2.689244 0.250000 0.834591 0.999999 3.338363 2.000000 1 1 
4798 3.524000 3.275000 2.690079 0.250000 0.834756 0.999999 3.339025 2.000000 1 1 
4799 3.525000 3.276000 2.690913 0.250000 0.834921 0.999999 3.339686 2.000000 1 1 
4800 3.526000 3.277000 2.691749 0.250000 0.835087 0.999999 3.340346 2.000000 1 1 
4801 3.527000 3.278000 2.692584 0.250000 0.835251 0.999999 3.341006 2.000000 1 1 
4802 3.528000 3.279000 2.693419 0.250000 0.835416 0.999999 3.341665 2.000000 1 1 
4803 3.529000 3.280000 2.694255 0.250000 0.835581 0.999999 3.342323 2.000000 1 1 
4804 3.530000 3.281000 2.695091 0.250000 0.835745 0.999999 3.342981 2.000000 1 1 
4805 3.531000 3.282000 2.695926 0.250000 0.835909 0.999999 3.343638 2.000000 1 1 
4806 3.532000 3.283000 2.696763 0.250000 0.836074 0.999999 3.344294 2.000000 1 1 
4807 3.533000 3.284000 2.697599 0.250000 0.836237 0.999999 3.344950 2.000000 1 1 
4808 3.534000 3.285000 2.698435 0.250000 0.836401 0.999999 3.345605 2.000000 1 1 
4809 3.535000 3.286000 2.699272 0.250000 0.836565 0.999999 3.346259 2.000000 1 1 
4810 3.536000 3.287000 2.700108 0.250000 0.836728 0.999999 3.346913 2.000000 1 1 
4811 3.537000 3.288000 2.700945 0.250000 0.836892 0.999999 3.347566 2.000000 1 1 
4812 3.538000 3.289000 2.701782 0.250000 0.837055 0.999999 3.348219 2.000000 1 1 
4813 3.539000 3.290000 2.702620 0.250000 0.837218 0.999999 3.348870 2.000000 1 1 
4814 3.540000 3.291000 2.703457 0.250000 0.837380 0.999999 3.349522 2.000000 1 1 
4815 3.541000 3.292000 2.704295 0.250000 0.837543 0.999999 3.350172 2.000000 1 1 
4816 3.542000 3.293000 2.705132 0.250000 0.837705 0.999999 3.350822 2.000000 1 1 
4817 3.543000 3.294000 2.705970 0.250000 0.837868 0.999999 3.351471 2.000000 1 1 
4818 3.544000 3.295000 2.706808 0.250000 0.838030 0.999999 3.352120 2.000000 1 1 
4819 3.545000 3.296000 2.707646 0.250000 0.838192 0.999999 3.352767 2.000000 1 1 
4820 3.546000 3.297000 2.708485 0.250000 0.838354 0.999999 3.353415 2.000000 1 1 
4821 3.547000 3.298000 2.709323 0.250000 0.838515 0.999999 3.354061 2.000000 1 1 
4822 3.548000 3.299000 2.710162 0.250000 0.838677 0.999999 3.354707 2.000000 1 1 
4823 3.549000 3.300000 2.711001 0.250000 0.838838 0.999999 3.355353 2.000000 1 1 
4824 3.550000 3.301000 2.711840 0.250000 0.838999 0.999999 3.355997 2.000000 1 1 
4825 3.551000 3.302000 2.712679 0.250000 0.839160 0.999999 3.356641 2.000000 1 1 
4826 3.552000 3.303000 2.713518 0.250000 0.839321 0.999999 3.357285 2.000000 1 1 
4827 3.553000 3.304000 2.714358 0.250000 0.839482 0.999999 3.357927 2.000000 1 1 
4828 3.554000 3.305000 2.715197 0.250000 0.839642 0.999999 3.358569 2.000000 1 1 
4829 3.555000 3.306000 2.716037 0.250000 0.839803 0.999999 3.359211 2.000000 1 1 
4830 3.556000 3.307000 2.716877 0.250000 0.839963 0.999999 3.359852 2.000000 1 1 
4831 3.557000 3.308000 2.717717 0.250000 0.840123 0.999999 3.360492 2.000000 1 1 
4832 3.558000 3.309000 2.718557 0.250000 0.840283 0.999999 3.361131 2.000000 1 1 
4833 3.559000 3.310000 2.719398 0.250000 0.840443 0.999999 3.361770 2.000000 1 1 
4834 3.560000 3.311000 2.720239 0.250000 0.840602 0.999999 3.362408 2.000000 1 1 
4835 3.561000 3.312000 2.721079 0.250000 0.840761 0.999999 3.363046 2.000000 1 1 
4836 3.562000 3.313000 2.721920 0.250000 0.840921 0.999999 3.363683 2.000000 1 1 
4837 3.563000 3.314000 2.722761 0.250000 0.841080 0.999999 3.364319 2.000000 1 1 
4838 3.564000 3.315000 2.723603 0.250000 0.841239 0.999999 3.364955 2.000000 1 1 
4839 3.565000 3.316000 2.724444 0.250000 0.841397 0.999999 3.365590 2.000000 1 1 
4840 3.566000 3.317000 2.725285 0.250000 0.841556 0.999999 3.366224 2.000000 1 1 
4841 3.567000 3.318000 2.726127 0.250000 0.841715 0.999999 3.366858 2.000000 1 1 
4842 3.568000 3.319000 2.726969 0.250000 0.841873 0.999999 3.367491 2.000000 1 1 
4843 3.569000 3.320000 2.727811 0.250000 0.842031 0.999999 3.368124 2.000000 1 1 
4844 3.570000 3.321000 2.728653 0.250000 0.842189 0.999999 3.368756 2.000000 1 1 
4845 3.571000 3.322000 2.729496 0.250000 0.842347 0.999999 3.369387 2.000000 1 1 
4846 3.572000 3.323000 2.730338 0.250000 0.842504 0.999999 3.370017 2.000000 1 1 
4847 3.573000 3.324000 2.731181 0.250000 0.842662 0.999999 3.370647 2.000000 1 1 
4848 3.574000 3.325000 2.732024 0.250000 0.842819 0.999999 3.371277 2.000000 1 1 
4849 3.575000 3.326000 2.732867 0.250000 0.842976 0.999999 3.371906 2.000000 1 1 
4850 3.576000 3.327000 2.733710 0.250000 0.843133 0.999999 3.372534 2.000000 1 1 
4851 3.577000 3.328000 2.734553 0.250000 0.843290 0.999999 3.373161 2.000000 1 1 
4852 3.578000 3.329000 2.735396 0.250000 0.843447 0.999999 3.373788 2.000000 1 1 
4853 3.579000 3.330000 2.736240 0.250000 0.843604 0.999999 3.374414 2.000000 1 1 
4854 3.580000 3.331000 2.737084 0.250000 0.843760 0.999999 3.375040 2.000000 1 1 
4855 3.581000 3.332000 2.737928 0.250000 0.843916 0.999999 3.375665 2.000000 1 1 
4856 3.582000 3.333000 2.738772 0.250000 0.844072 0.999999 3.376289 2.000000 1 1 
4857 3.583000 3.334000 2.739616 0.250000 0.844228 0.999999 3.376913 2.000000 1 1 
4858 3.584000 3.335000 2.740460 0.250000 0.844384 0.999999 3.377536 2.000000 1 1 
4859 3.585000 3.336000 2.741305 0.250000 0.844540 0.999999 3.378158 2.000000 1 1 
4860 3.586000 3.337000 2.742150 0.250000 0.844695 0.999999 3.378780 2.000000 1 1 
4861 3.587000 3.338000 2.742995 0.250000 0.844850 0.999999 3.379401 2.000000 1 1 
4862 3.588000 3.339000 2.743840 0.250000 0.845005 0.999999 3.380022 2.000000 1 1 
4863 3.589000 3.340000 2.744685 0.250000 0.845160 0.999999 3.380642 2.000000 1 1 
4864 3.590000 3.341000 2.745530 0.250000 0.845315 0.999999 3.381261 2.000000 1 1 
4865 3.591000 3.342000 2.746375 0.250000 0.845470 0.999999 3.381880 2.000000 1 1 
4866 3.592000 3.343000 2.747221 0.250000 0.845625 0.999999 3.382498 2.000000 1 1 
4867 3.593000 3.344000 2.748067 0.250000 0.845779 0.999999 3.383116 2.000000 1 1 
4868 3.594000 3.345000 2.748913 0.250000 0.845933 0.999999 3.383733 2.000000 1 1 
4869 3.595000 3.346000 2.749759 0.250000 0.846087 0.999999 3.384349 2.000000 1 1 
4870 3.596000 3.347000 2.750605 0.250000 0.846241 0.999999 3.384964 2.000000 1 1 
4871 3.597000 3.348000 2.751452 0.250000 0.846395 0.999999 3.385579 2.000000 1 1 
4872 3.598000 3.349000 2.752298 0.250000 0.846548 0.999999 3.386194 2.000000 1 1 
4873 3.599000 3.350000 2.753145 0.250000 0.846702 0.999999 3.386808 2.000000 1 1 
4874 3.600000 3.351000 2.753992 0.250000 0.846855 0.999999 3.387421 2.000000 1 1 
4875 3.601000 3.352000 2.754839 0.250000 0.847008 0.999999 3.388033 2.000000 1 1 
4876 3.602000 3.353000 2.755686 0.250000 0.847161 0.999999 3.388645 2.000000 1 1 
4877 3.603000 3.354000 2.756533 0.250000 0.847314 0.999999 3.389257 2.000000 1 1 
4878 3.604000 3.355000 2.757381 0.250000 0.847467 0.999999 3.389868 2.000000 1 1 
4879 3.605000 3.356000 2.758228 0.250000 0.847619 0.999999 3.390478 2.000000 1 1 
4880 3.606000 3.357000 2.759076 0.250000 0.847772 0.999999 3.391087 2.000000 1 1 
4881 3.607000 3.358000 2.759924 0.250000 0.847924 0.999999 3.391696 2.000000 1 1 
4882 3.608000 3.359000 2.760772 0.250000 0.848076 0.999999 3.392304 2.000000 1 1 
4883 3.609000 3.360000 2.761620 0.250000 0.848228 0.999999 3.392912 2.000000 1 1 
4884 3.610000 3.361000 2.762469 0.250000 0.848380 0.999999 3.393519 2.000000 1 1 
4885 3.611000 3.362000 2.763317 0.250000 0.848531 0.999999 3.394126 2.000000 1 1 
4886 3.612000 3.363000 2.764166 0.250000 0.848683 0.999999 3.394732 2.000000 1 1 
4887 3.613000 3.364000 2.765015 0.250000 0.848834 0.999999 3.395337 2.000000 1 1 
4888 3.614000 3.365000 2.765864 0.250000 0.848985 0.999999 3.395941 2.000000 1 1 
4889 3.615000 3.366000 2.766713 0.250000 0.849136 0.999999 3.396546 2.000000 1 1 
4890 3.616000 3.367000 2.767562 0.250000 0.849287 0.999999 3.397149 2.000000 1 1 
4891 3.617000 3.368000 2.768411 0.250000 0.849438 0.999999 3.397752 2.000000 1 1 
4892 3.618000 3.369000 2.769261 0.250000 0.849589 0.999999 3.398354 2.000000 1 1 
4893 3.619000 3.370000 2.770111 0.250000 0.849739 0.999999 3.398956 2.000000 1 1 
4894 3.620000 3.371000 2.770961 0.250000 0.849889 0.999999 3.399557 2.000000 1 1 
4895 3.621000 3.372000 2.771811 0.250000 0.850039 1.000000 3.400157 2.000000 1 1 
4896 3.622000 3.373000 2.772661 0.250000 0.850189 1.000000 3.400757 2.000000 1 1 
4897 3.623000 3.374000 2.773511 0.250000 0.850339 1.000000 3.401356 2.000000 1 1 
4898 3.624000 3.375000 2.774362 0.250000 0.850489 1.000000 3.401955 2.000000 1 1 
4899 3.625000 3.376000 2.775212 0.250000 0.850638 1.000000 3.402553 2.000000 1 1 
4900 3.626000 3.377000 2.776063 0.250000 0.850788 1.000000 3.403150 2.000000 1 1 
4901 3.627000 3.378000 2.776914 0.250000 0.850937 1.000000 3.403747 2.000000 1 1 
4902 3.628000 3.379000 2.777765 0.250000 0.851086 1.000000 3.404344 2.000000 1 1 
4903 3.629000 3.380000 2.778616 0.250000 0.851235 1.000000 3.404939 2.000000 1 1 
4904 3.630000 3.381000 2.779468 0.250000 0.851384 1.000000 3.405534 2.000000 1 1 
4905 3.631000 3.382000 2.780319 0.250000 0.851532 1.000000 3.406129 2.000000 1 1 
4906 3.632000 3.383000 2.781171 0.250000 0.851681 1.000000 3.406723 2.000000 1 1 
4907 3.633000 3.384000 2.782023 0.250000 0.851829 1.000000 3.407316 2.000000 1 1 
4908 3.634000 3.385000 2.782875 0.250000 0.851977 1.000000 3.407909 2.000000 1 1 
4909 3.635000 3.386000 2.783727 0.250000 0.852125 1.000000 3.408501 2.000000 1 1 
4910 3.636000 3.387000 2.784579 0.250000 0.852273 1.000000 3.409092 2.000000 1 1 
4911 3.637000 3.388000 2.785432 0.250000 0.852421 1.000000 3.409683 2.000000 1 1 
4912 3.638000 3.389000 2.786284 0.250000 0.852568 1.000000 3.410273 2.000000 1 1 
4913 3.639000 3.390000 2.787137 0.250000 0.852716 1.000000 3.410863 2.000000 1 1 
4914 3.640000 3.391000 2.787990 0.250000 0.852863 1.000000 3.411452 2.000000 1 1 
4915 3.641000 3.392000 2.788843 0.250000 0.853010 1.000000 3.412041 2.000000 1 1 
4916 3.642000 3.393000 2.789696 0.250000 0.853157 1.000000 3.412629 2.000000 1 1 
4917 3.643000 3.394000 2.790549 0.250000 0.853304 1.000000 3.413216 2.000000 1 1 
4918 3.644000 3.395000 2.791403 0.250000 0.853451 1.000000 3.413803 2.000000 1 1 
4919 3.645000 3.396000 2.792256 0.250000 0.853597 1.000000 3.414389 2.000000 1 1 
4920 3.646000 3.397000 2.793110 0.250000 0.853744 1.000000 3.414975 2.000000 1 1 
4921 3.647000 3.398000 2.793964 0.250000 0.853890 1.000000 3.415560 2.000000 1 1 
4922 3.648000 3.399000 2.794818 0.250000 0.854036 1.000000 3.416144 2.000000 1 1 
4923 3.649000 3.400000 2.795672 0.250000 0.854182 1.000000 3.416728 2.000000 1 1 
4924 3.650000 3.401000 2.796527 0.250000 0.854328 1.000000 3.417311 2.000000 1 1 
4925 3.651000 3.402000 2.797381 0.250000 0.854473 1.000000 3.417894 2.000000 1 1 
4926 3.652000 3.403000 2.798236 0.250000 0.854619 1.000000 3.418476 2.000000 1 1 
4927 3.653000 3.404000 2.799090 0.250000 0.854764 1.000000 3.419058 2.000000 1 1 
4928 3.654000 3.405000 2.799945 0.250000 0.854910 1.000000 3.419639 2.000000 1 1 
4929 3.655000 3.406000 2.800800 0.250000 0.855055 1.000000 3.420219 2.000000 1 1 
4930 3.656000 3.407000 2.801656 0.250000 0.855200 1.000000 3.420799 2.000000 1 1 
4931 3.657000 3.408000 2.802511 0.250000 0.855344 1.000000 3.421378 2.000000 1 1 
4932 3.658000 3.409000 2.803366 0.250000 0.855489 1.000000 3.421957 2.000000 1 1 
4933 3.659000 3.410000 2.804222 0.250000 0.855634 1.000000 3.422535 2.000000 1 1 
4934 3.660000 3.411000 2.805078 0.250000 0.855778 1.000000 3.423112 2.000000 1 1 
4935 3.661000 3.412000 2.805934 0.250000 0.855922 1.000000 3.423689 2.000000 1 1 
4936 3.662000 3.413000 2.806790 0.250000 0.856066 1.000000 3.424265 2.000000 1 1 
4937 3.663000 3.414000 2.807646 0.250000 0.856210 1.000000 3.424841 2.000000 1 1 
4938 3.664000 3.415000 2.808502 0.250000 0.856354 1.000000 3.425416 2.000000 1 1 
4939 3.665000 3.416000 2.809359 0.250000 0.856498 1.000000 3.425991 2.000000 1 1 
4940 3.666000 3.417000 2.810215 0.250000 0.856641 1.000000 3.426565 2.000000 1 1 
4941 3.667000 3.418000 2.811072 0.250000 0.856785 1.000000 3.427138 2.000000 1 1 
4942 3.668000 3.419000 2.811929 0.250000 0.856928 1.000000 3.427711 2.000000 1 1 
4943 3.669000 3.420000 2.812786 0.250000 0.857071 1.000000 3.428283 2.000000 1 1 
4944 3.670000 3.421000 2.813643 0.250000 0.857214 1.000000 3.428855 2.000000 1 1 
4945 3.671000 3.422000 2.814501 0.250000 0.857357 1.000000 3.429426 2.000000 1 1 
4946 3.672000 3.423000 2.815358 0.250000 0.857499 1.000000 3.429997 2.000000 1 1 
4947 3.673000 3.424000 2.816216 0.250000 0.857642 1.000000 3.430567 2.000000 1 1 
4948 3.674000 3.425000 2.817074 0.250000 0.857784 1.000000 3.431136 2.000000 1 1 
4949 3.675000 3.426000 2.817932 0.250000 0.857926 1.000000 3.431705 2.000000 1 1 
4950 3.676000 3.427000 2.818790 0.250000 0.858068 1.000000 3.432273 2.000000 1 1 
4951 3.677000 3.428000 2.819648 0.250000 0.858210 1.000000 3.432841 2.000000 1 1 
4952 3.678000 3.429000 2.820506 0.250000 0.858352 1.000000 3.433408 2.000000 1 1 
4953 3.679000 3.430000 2.821365 0.250000 0.858494 1.000000 3.433975 2.000000 1 1 
4954 3.680000 3.431000 2.822223 0.250000 0.858635 1.000000 3.434541 2.000000 1 1 
4955 3.681000 3.432000 2.823082 0.250000 0.858777 1.000000 3.435106 2.000000 1 1 
4956 3.682000 3.433000 2.823941 0.250000 0.858918 1.000000 3.435671 2.000000 1 1 
4957 3.683000 3.434000 2.824800 0.250000 0.859059 1.000000 3.436236 2.000000 1 1 
4958 3.684000 3.435000 2.825659 0.250000 0.859200 1.000000 3.436799 2.000000 1 1 
4959 3.685000 3.436000 2.826519 0.250000 0.859341 1.000000 3.437362 2.000000 1 1 
4960 3.686000 3.437000 2.827378 0.250000 0.859481 1.000000 3.437925 2.000000 1 1 
4961 3.687000 3.438000 2.828238 0.250000 0.859622 1.000000 3.438487 2.000000 1 1 
4962 3.688000 3.439000 2.829098 0.250000 0.859762 1.000000 3.439049 2.000000 1 1 
4963 3.689000 3.440000 2.829957 0.250000 0.859902 1.000000 3.439610 2.000000 1 1 
4964 3.690000 3.441000 2.830818 0.250000 0.860043 1.000000 3.440170 2.000000 1 1 
4965 3.691000 3.442000 2.831678 0.250000 0.860182 1.000000 3.440730 2.000000 1 1 
4966 3.692000 3.443000 2.832538 0.250000 0.860322 1.000000 3.441289 2.000000 1 1 
4967 3.693000 3.444000 2.833398 0.250000 0.860462 1.000000 3.441848 2.000000 1 1 
4968 3.694000 3.445000 2.834259 0.250000 0.860602 1.000000 3.442406 2.000000 1 1 
4969 3.695000 3.446000 2.835120 0.250000 0.860741 1.000000 3.442964 2.000000 1 1 
4970 3.696000 3.447000 2.835981 0.250000 0.860880 1.000000 3.443521 2.000000 1 1 
4971 3.697000 3.448000 2.836842 0.250000 0.861019 1.000000 3.444077 2.000000 1 1 
4972 3.698000 3.449000 2.837703 0.250000 0.861158 1.000000 3.444633 2.000000 1 1 
4973 3.699000 3.450000 2.838564 0.250000 0.861297 1.000000 3.445188 2.000000 1 1 
4974 3.700000 3.451000 2.839426 0.250000 0.861436 1.000000 3.445743 2.000000 1 1 
4975 3.701000 3.452000 2.840287 0.250000 0.861574 1.000000 3.446297 2.000000 1 1 
4976 3.702000 3.453000 2.841149 0.250000 0.861713 1.000000 3.446851 2.000000 1 1 
4977 3.703000 3.454000 2.842011 0.250000 0.861851 1.000000 3.447404 2.000000 1 1 
4978 3.704000 3.455000 2.842873 0.250000 0.861989 1.000000 3.447957 2.000000 1 1 
4979 3.705000 3.456000 2.843735 0.250000 0.862127 1.000000 3.448509 2.000000 1 1 
4980 3.706000 3.457000 2.844597 0.250000 0.862265 1.000000 3.449060 2.000000 1 1 
4981 3.707000 3.458000 2.845460 0.250000 0.862403 1.000000 3.449611 2.000000 1 1 
4982 3.708000 3.459000 2.846322 0.250000 0.862540 1.000000 3.450162 2.000000 1 1 
4983 3.709000 3.460000 2.847185 0.250000 0.862678 1.000000 3.450712 2.000000 1 1 
4984 3.710000 3.461000 2.848048 0.250000 0.862815 1.000000 3.451261 2.000000 1 1 
4985 3.711000 3.462000 2.848911 0.250000 0.862952 1.000000 3.451810 2.000000 1 1 
4986 3.712000 3.463000 2.849774 0.250000 0.863089 1.000000 3.452358 2.000000 1 1 
4987 3.713000 3.464000 2.850637 0.250000 0.863226 1.000000 3.452906 2.000000 1 1 
4988 3.714000 3.465000 2.851500 0.250000 0.863363 1.000000 3.453453 2.000000 1 1 
4989 3.715000 3.466000 2.852364 0.250000 0.863500 1.000000 3.453999 2.000000 1 1 
4990 3.716000 3.467000 2.853227 0.250000 0.863636 1.000000 3.454545 2.000000 1 1 
4991 3.717000 3.468000 2.854091 0.250000 0.863773 1.000000 3.455091 2.000000 1 1 
4992 3.718000 3.469000 2.854955 0.250000 0.863909 1.000000 3.455636 2.000000 1 1 
4993 3.719000 3.470000 2.855819 0.250000 0.864045 1.000000 3.456180 2.000000 1 1 
4994 3.720000 3.471000 2.856683 0.250000 0.864181 1.000000 3.456724 2.000000 1 1 
4995 3.721000 3.472000 2.857548 0.250000 0.864317 1.000000 3.457267 2.000000 1 1 
4996 3.722000 3.473000 2.858412 0.250000 0.864452 1.000000 3.457810 2.000000 1 1 
4997 3.723000 3.474000 2.859277 0.250000 0.864588 1.000000 3.458352 2.000000 1 1 
4998 3.724000 3.475000 2.860141 0.250000 0.864723 1.000000 3.458894 2.000000 1 1 
4999 3.725000 3.476000 2.861006 0.250000 0.864859 1.000000 3.459435 2.000000 1 1 
5000 3.726000 3.477000 2.861871 0.250000 0.864994 1.000000 3.459975 2.000000 1 1 
5001 3.727000 3.478000 2.862736 0.250000 0.865129 1.000000 3.460515 2.000000 1 1 
5002 3.728000 3.479000 2.863602 0.250000 0.865264 1.000000 3.461055 2.000000 1 1 
5003 3.729000 3.480000 2.864467 0.250000 0.865398 1.000000 3.461594 2.000000 1 1 
5004 3.730000 3.481000 2.865333 0.250000 0.865533 1.000000 3.462132 2.000000 1 1 
5005 3.731000 3.482000 2.866198 0.250000 0.865667 1.000000 3.462670 2.000000 1 1 
5006 3.732000 3.483000 2.867064 0.250000 0.865802 1.000000 3.463207 2.000000 1 1 
5007 3.733000 3.484000 2.867930 0.250000 0.865936 1.000000 3.463744 2.000000 1 1 
5008 3.734000 3.485000 2.868796 0.250000 0.866070 1.000000 3.464280 2.000000 1 1 
5009 3.735000 3.486000 2.869662 0.250000 0.866204 1.000000 3.464816 2.000000 1 1 
5010 3.736000 3.487000 2.870529 0.250000 0.866338 1.000000 3.465351 2.000000 1 1 
5011 3.737000 3.488000 2.871395 0.250000 0.866471 1.000000 3.465886 2.000000 1 1 
5012 3.738000 3.489000 2.872262 0.250000 0.866605 1.000000 3.466420 2.000000 1 1 
5013 3.739000 3.490000 2.873128 0.250000 0.866738 1.000000 3.466954 2.000000 1 1 
5014 3.740000 3.491000 2.873995 0.250000 0.866872 1.000000 3.467487 2.000000 1 1 
5015 3.741000 3.492000 2.874862 0.250000 0.867005 1.000000 3.468019 2.000000 1 1 
5016 3.742000 3.493000 2.875729 0.250000 0.867138 1.000000 3.468551 2.000000 1 1 
5017 3.743000 3.494000 2.876597 0.250000 0.867271 1.000000 3.469083 2.000000 1 1 
5018 3.744000 3.495000 2.877464 0.250000 0.867403 1.000000 3.469613 2.000000 1 1 
5019 3.745000 3.496000 2.878332 0.250000 0.867536 1.000000 3.470144 2.000000 1 1 
5020 3.746000 3.497000 2.879199 0.250000 0.867668 1.000000 3.470674 2.000000 1 1 
5021 3.747000 3.498000 2.880067 0.250000 0.867801 1.000000 3.471203 2.000000 1 1 
5022 3.748000 3.499000 2.880935 0.250000 0.867933 1.000000 3.471732 2.000000 1 1 
5023 3.749000 3.500000 2.881803 0.250000 0.868065 1.000000 3.472260 2.000000 1 1 
5024 3.750000 3.501000 2.882671 0.250000 0.868197 1.000000 3.472788 2.000000 1 1 
5025 3.751000 3.502000 2.883540 0.250000 0.868329 1.000000 3.473315 2.000000 1 1 
5026 3.752000 3.503000 2.884408 0.250000 0.868460 1.000000 3.473842 2.000000 1 1 
5027 3.753000 3.504000 2.885277 0.250000 0.868592 1.000000 3.474368 2.000000 1 1 
5028 3.754000 3.505000 2.886145 0.250000 0.868723 1.000000 3.474894 2.000000 1 1 
5029 3.755000 3.506000 2.887014 0.250000 0.868855 1.000000 3.475419 2.000000 1 1 
5030 3.756000 3.507000 2.887883 0.250000 0.868986 1.000000 3.475943 2.000000 1 1 
5031 3.757000 3.508000 2.888752 0.250000 0.869117 1.000000 3.476467 2.000000 1 1 
5032 3.758000 3.509000 2.889622 0.250000 0.869248 1.000000 3.476991 2.000000 1 1 
5033 3.759000 3.510000 2.890491 0.250000 0.869378 1.000000 3.477514 2.000000 1 1 
5034 3.760000 3.511000 2.891360 0.250000 0.869509 1.000000 3.478036 2.000000 1 1 
5035 3.761000 3.512000 2.892230 0.250000 0.869640 1.000000 3.478558 2.000000 1 1 
5036 3.762000 3.513000 2.893100 0.250000 0.869770 1.000000 3.479080 2.000000 1 1 
5037 3.763000 3.514000 2.893970 0.250000 0.869900 1.000000 3.479601 2.000000 1 1 
5038 3.764000 3.515000 2.894840 0.250000 0.870030 1.000000 3.480121 2.000000 1 1 
5039 3.765000 3.516000 2.895710 0.250000 0.870160 1.000000 3.480641 2.000000 1 1 
5040 3.766000 3.517000 2.896580 0.250000 0.870290 1.000000 3.481160 2.000000 1 1 
5041 3.767000 3.518000 2.897451 0.250000 0.870420 1.000000 3.481679 2.000000 1 1 
5042 3.768000 3.519000 2.898321 0.250000 0.870549 1.000000 3.482197 2.000000 1 1 
5043 3.769000 3.520000 2.899192 0.250000 0.870679 1.000000 3.482715 2.000000 1 1 
5044 3.770000 3.521000 2.900063 0.250000 0.870808 1.000000 3.483233 2.000000 1 1 
5045 3.771000 3.522000 2.900934 0.250000 0.870937 1.000000 3.483749 2.000000 1 1 
5046 3.772000 3.523000 2.901805 0.250000 0.871066 1.000000 3.484266 2.000000 1 1 
5047 3.773000 3.524000 2.902676 0.250000 0.871195 1.000000 3.484781 2.000000 1 1 
5048 3.774000 3.525000 2.903547 0.250000 0.871324 1.000000 3.485296 2.000000 1 1 
5049 3.775000 3.526000 2.904419 0.250000 0.871453 1.000000 3.485811 2.000000 1 1 
5050 3.776000 3.527000 2.905290 0.250000 0.871581 1.000000 3.486325 2.000000 1 1 
5051 3.777000 3.528000 2.906162 0.250000 0.871710 1.000000 3.486839 2.000000 1 1 
5052 3.778000 3.529000 2.907034 0.250000 0.871838 1.000000 3.487352 2.000000 1 1 
5053 3.779000 3.530000 2.907906 0.250000 0.871966 1.000000 3.487865 2.000000 1 1 
5054 3.780000 3.531000 2.908778 0.250000 0.872094 1.000000 3.488377 2.000000 1 1 
5055 3.781000 3.532000 2.909650 0.250000 0.872222 1.000000 3.488889 2.000000 1 1 
5056 3.782000 3.533000 2.910522 0.250000 0.872350 1.000000 3.489400 2.000000 1 1 
5057 3.783000 3.534000 2.911395 0.250000 0.872478 1.000000 3.489910 2.000000 1 1 
5058 3.784000 3.535000 2.912267 0.250000 0.872605 1.000000 3.490420 2.000000 1 1 
5059 3.785000 3.536000 2.913140 0.250000 0.872733 1.000000 3.490930 2.000000 1 1 
5060 3.786000 3.537000 2.914013 0.250000 0.872860 1.000000 3.491439 2.000000 1 1 
5061 3.787000 3.538000 2.914886 0.250000 0.872987 1.000000 3.491948 2.000000 1 1 
5062 3.788000 3.539000 2.915759 0.250000 0.873114 1.000000 3.492456 2.000000 1 1 
5063 3.789000 3.540000 2.916632 0.250000 0.873241 1.000000 3.492963 2.000000 1 1 
5064 3.790000 3.541000 2.917506 0.250000 0.873368 1.000000 3.493470 2.000000 1 1 
5065 3.791000 3.542000 2.918379 0.250000 0.873494 1.000000 3.493977 2.000000 1 1 
5066 3.792000 3.543000 2.919253 0.250000 0.873621 1.000000 3.494483 2.000000 1 1 
5067 3.793000 3.544000 2.920127 0.250000 0.873747 1.000000 3.494988 2.000000 1 1 
5068 3.794000 3.545000 2.921001 0.250000 0.873873 1.000000 3.495493 2.000000 1 1 
5069 3.795000 3.546000 2.921875 0.250000 0.873999 1.000000 3.495998 2.000000 1 1 
5070 3.796000 3.547000 2.922749 0.250000 0.874125 1.000000 3.496502 2.000000 1 1 
5071 3.797000 3.548000 2.923623 0.250000 0.874251 1.000000 3.497005 2.000000 1 1 
5072 3.798000 3.549000 2.924497 0.250000 0.874377 1.000000 3.497508 2.000000 1 1 
5073 3.799000 3.550000 2.925372 0.250000 0.874503 1.000000 3.498011 2.000000 1 1 
5074 3.800000 3.551000 2.926246 0.250000 0.874628 1.000000 3.498513 2.000000 1 1 
5075 3.801000 3.552000 2.927121 0.250000 0.874754 1.000000 3.499014 2.000000 1 1 
5076 3.802000 3.553000 2.927996 0.250000 0.874879 1.000000 3.499515 2.000000 1 1 
5077 3.803000 3.554000 2.928871 0.250000 0.875004 1.000000 3.500016 2.000000 1 1 
5078 3.804000 3.555000 2.929746 0.250000 0.875129 1.000000 3.500516 2.000000 1 1 
5079 3.805000 3.556000 2.930621 0.250000 0.875254 1.000000 3.501015 2.000000 1 1 
5080 3.806000 3.557000 2.931497 0.250000 0.875379 1.000000 3.501514 2.000000 1 1 
5081 3.807000 3.558000 2.932372 0.250000 0.875503 1.000000 3.502013 2.000000 1 1 
5082 3.808000 3.559000 2.933248 0.250000 0.875628 1.000000 3.502511 2.000000 1 1 
5083 3.809000 3.560000 2.934124 0.250000 0.875752 1.000000 3.503008 2.000000 1 1 
5084 3.810000 3.561000 2.935000 0.250000 0.875876 1.000000 3.503505 2.000000 1 1 
5085 3.811000 3.562000 2.935876 0.250000 0.876000 1.000000 3.504002 2.000000 1 1 
5086 3.812000 3.563000 2.936752 0.250000 0.876124 1.000000 3.504498 2.000000 1 1 
5087 3.813000 3.564000 2.937628 0.250000 0.876248 1.000000 3.504993 2.000000 1 1 
5088 3.814000 3.565000 2.938504 0.250000 0.876372 1.000000 3.505488 2.000000 1 1 
5089 3.815000 3.566000 2.939381 0.250000 0.876496 1.000000 3.505983 2.000000 1 1 
5090 3.816000 3.567000 2.940257 0.250000 0.876619 1.000000 3.506477 2.000000 1 1 
5091 3.817000 3.568000 2.941134 0.250000 0.876743 1.000000 3.506970 2.000000 1 1 
5092 3.818000 3.569000 2.942011 0.250000 0.876866 1.000000 3.507463 2.000000 1 1 
5093 3.819000 3.570000 2.942888 0.250000 0.876989 1.000000 3.507956 2.000000 1 1 
5094 3.820000 3.571000 2.943765 0.250000 0.877112 1.000000 3.508448 2.000000 1 1 
5095 3.821000 3.572000 2.944642 0.250000 0.877235 1.000000 3.508939 2.000000 1 1 
5096 3.822000 3.573000 2.945520 0.250000 0.877358 1.000000 3.509430 2.000000 1 1 
5097 3.823000 3.574000 2.946397 0.250000 0.877480 1.000000 3.509921 2.000000 1 1 
5098 3.824000 3.575000 2.947275 0.250000 0.877603 1.000000 3.510411 2.000000 1 1 
5099 3.825000 3.576000 2.948153 0.250000 0.877725 1.000000 3.510901 2.000000 1 1 
5100 3.826000 3.577000 2.949030 0.250000 0.877847 1.000000 3.511390 2.000000 1 1 
5101 3.827000 3.578000 2.949908 0.250000 0.877970 1.000000 3.511878 2.000000 1 1 
5102 3.828000 3.579000 2.950786 0.250000 0.878092 1.000000 3.512367 2.000000 1 1 
5103 3.829000 3.580000 2.951665 0.250000 0.878214 1.000000 3.512854 2.000000 1 1 
5104 3.830000 3.581000 2.952543 0.250000 0.878335 1.000000 3.513341 2.000000 1 1 
5105 3.831000 3.582000 2.953421 0.250000 0.878457 1.000000 3.513828 2.000000 1 1 
5106 3.832000 3.583000 2.954300 0.250000 0.878579 1.000000 3.514314 2.000000 1 1 
5107 3.833000 3.584000 2.955179 0.250000 0.878700 1.000000 3.514800 2.000000 1 1 
5108 3.834000 3.585000 2.956058 0.250000 0.878821 1.000000 3.515285 2.000000 1 1 
5109 3.835000 3.586000 2.956937 0.250000 0.878942 1.000000 3.515770 2.000000 1 1 
5110 3.836000 3.587000 2.957816 0.250000 0.879063 1.000000 3.516254 2.000000 1 1 
5111 3.837000 3.588000 2.958695 0.250000 0.879184 1.000000 3.516738 2.000000 1 1 
5112 3.838000 3.589000 2.959574 0.250000 0.879305 1.000000 3.517221 2.000000 1 1 
5113 3.839000 3.590000 2.960453 0.250000 0.879426 1.000000 3.517704 2.000000 1 1 
5114 3.840000 3.591000 2.961333 0.250000 0.879547 1.000000 3.518186 2.000000 1 1 
5115 3.841000 3.592000 2.962213 0.250000 0.879667 1.000000 3.518668 2.000000 1 1 
5116 3.842000 3.593000 2.963092 0.250000 0.879787 1.000000 3.519149 2.000000 1 1 
5117 3.843000 3.594000 2.963972 0.250000 0.879908 1.000000 3.519630 2.000000 1 1 
5118 3.844000 3.595000 2.964852 0.250000 0.880028 1.000000 3.520110 2.000000 1 1 
5119 3.845000 3.596000 2.965733 0.250000 0.880148 1.000000 3.520590 2.000000 1 1 
5120 3.846000 3.597000 2.966613 0.250000 0.880267 1.000000 3.521070 2.000000 1 1 
5121 3.847000 3.598000 2.967493 0.250000 0.880387 1.000000 3.521549 2.000000 1 1 
5122 3.848000 3.599000 2.968374 0.250000 0.880507 1.000000 3.522027 2.000000 1 1 
5123 3.849000 3.600000 2.969254 0.250000 0.880626 1.000000 3.522505 2.000000 1 1 
5124 3.850000 3.601000 2.970135 0.250000 0.880746 1.000000 3.522983 2.000000 1 1 
5125 3.851000 3.602000 2.971016 0.250000 0.880865 1.000000 3.523460 2.000000 1 1 
5126 3.852000 3.603000 2.971897 0.250000 0.880984 1.000000 3.523936 2.000000 1 1 
5127 3.853000 3.604000 2.972778 0.250000 0.881103 1.000000 3.524412 2.000000 1 1 
5128 3.854000 3.605000 2.973659 0.250000 0.881222 1.000000 3.524888 2.000000 1 1 
5129 3.855000 3.606000 2.974541 0.250000 0.881341 1.000000 3.525363 2.000000 1 1 
5130 3.856000 3.607000 2.975422 0.250000 0.881459 1.000000 3.525838 2.000000 1 1 
5131 3.857000 3.608000 2.976304 0.250000 0.881578 1.000000 3.526312 2.000000 1 1 
5132 3.858000 3.609000 2.977185 0.250000 0.881696 1.000000 3.526785 2.000000 1 1 
5133 3.859000 3.610000 2.978067 0.250000 0.881815 1.000000 3.527259 2.000000 1 1 
5134 3.860000 3.611000 2.978949 0.250000 0.881933 1.000000 3.527731 2.000000 1 1 
5135 3.861000 3.612000 2.979831 0.250000 0.882051 1.000000 3.528204 2.000000 1 1 
5136 3.862000 3.613000 2.980713 0.250000 0.882169 1.000000 3.528675 2.000000 1 1 
5137 3.863000 3.614000 2.981596 0.250000 0.882287 1.000000 3.529147 2.000000 1 1 
5138 3.864000 3.615000 2.982478 0.250000 0.882404 1.000000 3.529618 2.000000 1 1 
5139 3.865000 3.616000 2.983361 0.250000 0.882522 1.000000 3.530088 2.000000 1 1 
5140 3.866000 3.617000 2.984243 0.250000 0.882639 1.000000 3.530558 2.000000 1 1 
5141 3.867000 3.618000 2.985126 0.250000 0.882757 1.000000 3.531027 2.000000 1 1 
5142 3.868000 3.619000 2.986009 0.250000 0.882874 1.000000 3.531496 2.000000 1 1 
5143 3.869000 3.620000 2.986892 0.250000 0.882991 1.000000 3.531965 2.000000 1 1 
5144 3.870000 3.621000 2.987775 0.250000 0.883108 1.000000 3.532433 2.000000 1 1 
5145 3.871000 3.622000 2.988658 0.250000 0.883225 1.000000 3.532900 2.000000 1 1 
5146 3.872000 3.623000 2.989541 0.250000 0.883342 1.000000 3.533368 2.000000 1 1 
5147 3.873000 3.624000 2.990425 0.250000 0.883459 1.000000 3.533834 2.000000 1 1 
5148 3.874000 3.625000 2.991308 0.250000 0.883575 1.000000 3.534300 2.000000 1 1 
5149 3.875000 3.626000 2.992192 0.250000 0.883692 1.000000 3.534766 2.000000 1 1 
5150 3.876000 3.627000 2.993076 0.250000 0.883808 1.000000 3.535231 2.000000 1 1 
5151 3.877000 3.628000 2.993960 0.250000 0.883924 1.000000 3.535696 2.000000 1 1 
5152 3.878000 3.629000 2.994844 0.250000 0.884040 1.000000 3.536160 2.000000 1 1 
5153 3.879000 3.630000 2.995728 0.250000 0.884156 1.000000 3.536624 2.000000 1 1 
5154 3.880000 3.631000 2.996612 0.250000 0.884272 1.000000 3.537088 2.000000 1 1 
5155 3.881000 3.632000 2.997497 0.250000 0.884388 1.000000 3.537550 2.000000 1 1 
5156 3.882000 3.633000 2.998381 0.250000 0.884503 1.000000 3.538013 2.000000 1 1 
5157 3.883000 3.634000 2.999266 0.250000 0.884619 1.000000 3.538475 2.000000 1 1 
5158 3.884000 3.635000 3.000151 0.250000 0.884734 1.000000 3.538936 2.000000 1 1 
5159 3.885000 3.636000 3.001035 0.250000 0.884849 1.000000 3.539397 2.000000 1 1 
5160 3.886000 3.637000 3.001920 0.250000 0.884965 1.000000 3.539858 2.000000 1 1 
5161 3.887000 3.638000 3.002806 0.250000 0.885080 1.000000 3.540318 2.000000 1 1 
5162 3.888000 3.639000 3.003691 0.250000 0.885194 1.000000 3.540778 2.000000 1 1 
5163 3.889000 3.640000 3.004576 0.250000 0.885309 1.000000 3.541237 2.000000 1 1 
5164 3.890000 3.641000 3.005461 0.250000 0.885424 1.000000 3.541696 2.000000 1 1 
5165 3.891000 3.642000 3.006347 0.250000 0.885539 1.000000 3.542154 2.000000 1 1 
5166 3.892000 3.643000 3.007233 0.250000 0.885653 1.000000 3.542612 2.000000 1 1 
5167 3.893000 3.644000 3.008118 0.250000 0.885767 1.000000 3.543069 2.000000 1 1 
5168 3.894000 3.645000 3.009004 0.250000 0.885882 1.000000 3.543526 2.000000 1 1 
5169 3.895000 3.646000 3.009890 0.250000 0.885996 1.000000 3.543983 2.000000 1 1 
5170 3.896000 3.647000 3.010776 0.250000 0.886110 1.000000 3.544439 2.000000 1 1 
5171 3.897000 3.648000 3.011663 0.250000 0.886224 1.000000 3.544894 2.000000 1 1 
5172 3.898000 3.649000 3.012549 0.250000 0.886337 1.000000 3.545350 2.000000 1 1 
5173 3.899000 3.650000 3.013435 0.250000 0.886451 1.000000 3.545804 2.000000 1 1 
5174 3.900000 3.651000 3.014322 0.250000 0.886565 1.000000 3.546258 2.000000 1 1 
5175 3.901000 3.652000 3.015209 0.250000 0.886678 1.000000 3.546712 2.000000 1 1 
5176 3.902000 3.653000 3.016095 0.250000 0.886791 1.000000 3.547165 2.000000 1 1 
5177 3.903000 3.654000 3.016982 0.250000 0.886905 1.000000 3.547618 2.000000 1 1 
5178 3.904000 3.655000 3.017869 0.250000 0.887018 1.000000 3.548071 2.000000 1 1 
5179 3.905000 3.656000 3.018756 0.250000 0.887131 1.000000 3.548523 2.000000 1 1 
5180 3.906000 3.657000 3.019644 0.250000 0.887244 1.000000 3.548974 2.000000 1 1 
5181 3.907000 3.658000 3.020531 0.250000 0.887356 1.000000 3.549425 2.000000 1 1 
5182 3.908000 3.659000 3.021419 0.250000 0.887469 1.000000 3.549876 2.000000 1 1 
5183 3.909000 3.660000 3.022306 0.250000 0.887581 1.000000 3.550326 2.000000 1 1 
5184 3.910000 3.661000 3.023194 0.250000 0.887694 1.000000 3.550775 2.000000 1 1 
5185 3.911000 3.662000 3.024082 0.250000 0.887806 1.000000 3.551225 2.000000 1 1 
5186 3.912000 3.663000 3.024970 0.250000 0.887918 1.000000 3.551673 2.000000 1 1 
5187 3.913000 3.664000 3.025858 0.250000 0.888030 1.000000 3.552122 2.000000 1 1 
5188 3.914000 3.665000 3.026746 0.250000 0.888142 1.000000 3.552570 2.000000 1 1 
5189 3.915000 3.666000 3.027634 0.250000 0.888254 1.000000 3.553017 2.000000 1 1 
5190 3.916000 3.667000 3.028522 0.250000 0.888366 1.000000 3.553464 2.000000 1 1 
5191 3.917000 3.668000 3.029411 0.250000 0.888478 1.000000 3.553911 2.000000 1 1 
5192 3.918000 3.669000 3.030299 0.250000 0.888589 1.000000 3.554357 2.000000 1 1 
5193 3.919000 3.670000 3.031188 0.250000 0.888701 1.000000 3.554802 2.000000 1 1 
5194 3.920000 3.671000 3.032077 0.250000 0.888812 1.000000 3.555247 2.000000 1 1 
5195 3.921000 3.672000 3.032966 0.250000 0.888923 1.000000 3.555692 2.000000 1 1 
5196 3.922000 3.673000 3.033855 0.250000 0.889034 1.000000 3.556137 2.000000 1 1 
5197 3.923000 3.674000 3.034744 0.250000 0.889145 1.000000 3.556580 2.000000 1 1 
5198 3.924000 3.675000 3.035633 0.250000 0.889256 1.000000 3.557024 2.000000 1 1 
5199 3.925000 3.676000 3.036523 0.250000 0.889367 1.000000 3.557467 2.000000 1 1 
5200 3.926000 3.677000 3.037412 0.250000 0.889477 1.000000 3.557909 2.000000 1 1 
5201 3.927000 3.678000 3.038302 0.250000 0.889588 1.000000 3.558351 2.000000 1 1 
5202 3.928000 3.679000 3.039191 0.250000 0.889698 1.000000 3.558793 2.000000 1 1 
5203 3.929000 3.680000 3.040081 0.250000 0.889809 1.000000 3.559234 2.000000 1 1 
5204 3.930000 3.681000 3.040971 0.250000 0.889919 1.000000 3.559675 2.000000 1 1 
5205 3.931000 3.682000 3.041861 0.250000 0.890029 1.000000 3.560115 2.000000 1 1 
5206 3.932000 3.683000 3.042751 0.250000 0.890139 1.000000 3.560555 2.000000 1 1 
5207 3.933000 3.684000 3.043642 0.250000 0.890249 1.000000 3.560995 2.000000 1 1 
5208 3.934000 3.685000 3.044532 0.250000 0.890358 1.000000 3.561434 2.000000 1 1 
5209 3.935000 3.686000 3.045422 0.250000 0.890468 1.000000 3.561872 2.000000 1 1 
5210 3.936000 3.687000 3.046313 0.250000 0.890578 1.000000 3.562310 2.000000 1 1 
5211 3.937000 3.688000 3.047204 0.250000 0.890687 1.000000 3.562748 2.000000 1 1 
5212 3.938000 3.689000 3.048094 0.250000 0.890796 1.000000 3.563185 2.000000 1 1 
5213 3.939000 3.690000 3.048985 0.250000 0.890906 1.000000 3.563622 2.000000 1 1 
5214 3.940000 3.691000 3.049876 0.250000 0.891015 1.000000 3.564059 2.000000 1 1 
5215 3.941000 3.692000 3.050768 0.250000 0.891124 1.000000 3.564494 2.000000 1 1 
5216 3.942000 3.693000 3.051659 0.250000 0.891232 1.000000 3.564930 2.000000 1 1 
5217 3.943000 3.694000 3.052550 0.250000 0.891341 1.000000 3.565365 2.000000 1 1 
5218 3.944000 3.695000 3.053442 0.250000 0.891450 1.000000 3.565800 2.000000 1 1 
5219 3.945000 3.696000 3.054333 0.250000 0.891558 1.000000 3.566234 2.000000 1 1 
5220 3.946000 3.697000 3.055225 0.250000 0.891667 1.000000 3.566668 2.000000 1 1 
5221 3.947000 3.698000 3.056117 0.250000 0.891775 1.000000 3.567101 2.000000 1 1 
5222 3.948000 3.699000 3.057008 0.250000 0.891883 1.000000 3.567534 2.000000 1 1 
5223 3.949000 3.700000 3.057900 0.250000 0.891992 1.000000 3.567966 2.000000 1 1 
5224 3.950000 3.701000 3.058793 0.250000 0.892100 1.000000 3.568398 2.000000 1 1 
5225 3.951000 3.702000 3.059685 0.250000 0.892207 1.000000 3.568830 2.000000 1 1 
5226 3.952000 3.703000 3.060577 0.250000 0.892315 1.000000 3.569261 2.000000 1 1 
5227 3.953000 3.704000 3.061469 0.250000 0.892423 1.000000 3.569692 2.000000 1 1 
5228 3.954000 3.705000 3.062362 0.250000 0.892531 1.000000 3.570122 2.000000 1 1 
5229 3.955000 3.706000 3.063255 0.250000 0.892638 1.000000 3.570552 2.000000 1 1 
5230 3.956000 3.707000 3.064147 0.250000 0.892745 1.000000 3.570982 2.000000 1 1 
5231 3.957000 3.708000 3.065040 0.250000 0.892853 1.000000 3.571411 2.000000 1 1 
5232 3.958000 3.709000 3.065933 0.250000 0.892960 1.000000 3.571839 2.000000 1 1 
5233 3.959000 3.710000 3.066826 0.250000 0.893067 1.000000 3.572267 2.000000 1 1 
5234 3.960000 3.711000 3.067719 0.250000 0.893174 1.000000 3.572695 2.000000 1 1 
5235 3.961000 3.712000 3.068613 0.250000 0.893281 1.000000 3.573122 2.000000 1 1 
5236 3.962000 3.713000 3.069506 0.250000 0.893387 1.000000 3.573549 2.000000 1 1 
5237 3.963000 3.714000 3.070400 0.250000 0.893494 1.000000 3.573976 2.000000 1 1 
5238 3.964000 3.715000 3.071293 0.250000 0.893600 1.000000 3.574402 2.000000 1 1 
5239 3.965000 3.716000 3.072187 0.250000 0.893707 1.000000 3.574827 2.000000 1 1 
5240 3.966000 3.717000 3.073081 0.250000 0.893813 1.000000 3.575252 2.000000 1 1 
5241 3.967000 3.718000 3.073975 0.250000 0.893919 1.000000 3.575677 2.000000 1 1 
5242 3.968000 3.719000 3.074869 0.250000 0.894025 1.000000 3.576102 2.000000 1 1 
5243 3.969000 3.720000 3.075763 0.250000 0.894131 1.000000 3.576525 2.000000 1 1 
5244 3.970000 3.721000 3.076657 0.250000 0.894237 1.000000 3.576949 2.000000 1 1 
5245 3.971000 3.722000 3.077551 0.250000 0.894343 1.000000 3.577372 2.000000 1 1 
5246 3.972000 3.723000 3.078446 0.250000 0.894449 1.000000 3.577795 2.000000 1 1 
5247 3.973000 3.724000 3.079340 0.250000 0.894554 1.000000 3.578217 2.000000 1 1 
5248 3.974000 3.725000 3.080235 0.250000 0.894660 1.000000 3.578639 2.000000 1 1 
5249 3.975000 3.726000 3.081130 0.250000 0.894765 1.000000 3.579060 2.000000 1 1 
5250 3.976000 3.727000 3.082025 0.250000 0.894870 1.000000 3.579481 2.000000 1 1 
5251 3.977000 3.728000 3.082920 0.250000 0.894975 1.000000 3.579901 2.000000 1 1 
5252 3.978000 3.729000 3.083815 0.250000 0.895080 1.000000 3.580321 2.000000 1 1 
5253 3.979000 3.730000 3.084710 0.250000 0.895185 1.000000 3.580741 2.000000 1 1 
5254 3.980000 3.731000 3.085605 0.250000 0.895290 1.000000 3.581160 2.000000 1 1 
5255 3.981000 3.732000 3.086501 0.250000 0.895395 1.000000 3.581579 2.000000 1 1 
5256 3.982000 3.733000 3.087396 0.250000 0.895499 1.000000 3.581998 2.000000 1 1 
5257 3.983000 3.734000 3.088292 0.250000 0.895604 1.000000 3.582416 2.000000 1 1 
5258 3.984000 3.735000 3.089187 0.250000 0.895708 1.000000 3.582833 2.000000 1 1 
5259 3.985000 3.736000 3.090083 0.250000 0.895813 1.000000 3.583250 2.000000 1 1 
5260 3.986000 3.737000 3.090979 0.250000 0.895917 1.000000 3.583667 2.000000 1 1 
5261 3.987000 3.738000 3.091875 0.250000 0.896021 1.000000 3.584084 2.000000 1 1 
5262 3.988000 3.739000 3.092771 0.250000 0.896125 1.000000 3.584499 2.000000 1 1 
5263 3.989000 3.740000 3.093667 0.250000 0.896229 1.000000 3.584915 2.000000 1 1 
5264 3.990000 3.741000 3.094564 0.250000 0.896333 1.000000 3.585330 2.000000 1 1 
5265 3.991000 3.742000 3.095460 0.250000 0.896436 1.000000 3.585745 2.000000 1 1 
5266 3.992000 3.743000 3.096357 0.250000 0.896540 1.000000 3.586159 2.000000 1 1 
5267 3.993000 3.744000 3.097253 0.250000 0.896643 1.000000 3.586573 2.000000 1 1 
5268 3.994000 3.745000 3.098150 0.250000 0.896747 1.000000 3.586986 2.000000 1 1 
5269 3.995000 3.746000 3.099047 0.250000 0.896850 1.000000 3.587399 2.000000 1 1 
5270 3.996000 3.747000 3.099944 0.250000 0.896953 1.000000 3.587812 2.000000 1 1 
5271 3.997000 3.748000 3.100841 0.250000 0.897056 1.000000 3.588224 2.000000 1 1 
5272 3.998000 3.749000 3.101738 0.250000 0.897159 1.000000 3.588636 2.000000 1 1 
5273 3.999000 3.750000 3.102635 0.250000 0.897262 1.000000 3.589047 2.000000 1 1 
5274 4.000000 3.751000 3.103533 0.250000 0.897365 1.000000 3.589458 2.000000 1 1 
5275 4.001000 3.752000 3.104430 0.250000 0.897467 1.000000 3.589869 2.000000 1 1 
5276 4.002000 3.753000 3.105328 0.250000 0.897570 1.000000 3.590279 2.000000 1 1 
5277 4.003000 3.754000 3.106226 0.250000 0.897672 1.000000 3.590689 2.000000 1 1 
5278 4.004000 3.755000 3.107123 0.250000 0.897774 1.000000 3.591098 2.000000 1 1 
5279 4.005000 3.756000 3.108021 0.250000 0.897877 1.000000 3.591507 2.000000 1 1 
5280 4.006000 3.757000 3.108919 0.250000 0.897979 1.000000 3.591915 2.000000 1 1 
5281 4.007000 3.758000 3.109817 0.250000 0.898081 1.000000 3.592323 2.000000 1 1 
5282 4.008000 3.759000 3.110715 0.250000 0.898183 1.000000 3.592731 2.000000 1 1 
5283 4.009000 3.760000 3.111614 0.250000 0.898285 1.000000 3.593138 2.000000 1 1 
5284 4.010000 3.761000 3.112512 0.250000 0.898386 1.000000 3.593545 2.000000 1 1 
5285 4.011000 3.762000 3.113411 0.250000 0.898488 1.000000 3.593952 2.000000 1 1 
5286 4.012000 3.763000 3.114309 0.250000 0.898589 1.000000 3.594358 2.000000 1 1 
5287 4.013000 3.764000 3.115208 0.250000 0.898691 1.000000 3.594763 2.000000 1 1 
5288 4.014000 3.765000 3.116107 0.250000 0.898792 1.000000 3.595168 2.000000 1 1 
5289 4.015000 3.766000 3.117006 0.250000 0.898893 1.000000 3.595573 2.000000 1 1 
5290 4.016000 3.767000 3.117905 0.250000 0.898994 1.000000 3.595978 2.000000 1 1 
5291 4.017000 3.768000 3.118804 0.250000 0.899095 1.000000 3.596382 2.000000 1 1 
5292 4.018000 3.769000 3.119703 0.250000 0.899196 1.000000 3.596785 2.000000 1 1 
5293 4.019000 3.770000 3.120602 0.250000 0.899297 1.000000 3.597189 2.000000 1 1 
5294 4.020000 3.771000 3.121502 0.250000 0.899398 1.000000 3.597591 2.000000 1 1 
5295 4.021000 3.772000 3.122401 0.250000 0.899498 1.000000 3.597994 2.000000 1 1 
5296 4.022000 3.773000 3.123301 0.250000 0.899599 1.000000 3.598396 2.000000 1 1 
5297 4.023000 3.774000 3.124200 0.250000 0.899699 1.000000 3.598797 2.000000 1 1 
5298 4.024000 3.775000 3.125100 0.250000 0.899800 1.000000 3.599199 2.000000 1 1 
5299 4.025000 3.776000 3.128700 0.250000 0.899900 1.000000 3.599599 2.000000 1 1 
5300 4.026000 3.777000 3.132289 0.250000 0.897300 1.000000 3.589201 2.000000 1 1 
5301 4.027000 3.778000 3.135868 0.250000 0.894711 1.000000 3.578844 2.000000 1 1 
5302 4.028000 3.779000 3.139436 0.250000 0.892132 1.000000 3.568529 3.000000 1 1 
5303 4.029000 3.780000 3.142995 0.250000 0.889564 1.000000 3.558255 3.000000 1 1 
5304 4.030000 3.781000 3.146543 0.250000 0.887005 1.000000 3.548022 3.000000 1 1 
5305 4.031000 3.782000 3.150080 0.250000 0.884457 1.000000 3.537830 3.000000 1 1 
5306 4.032000 3.783000 3.153608 0.250000 0.881920 1.000000 3.527678 3.000000 1 1 
5307 4.033000 3.784000 3.157126 0.250000 0.879392 1.000000 3.517568 3.000000 1 1 
5308 4.034000 3.785000 3.160633 0.250000 0.876874 1.000000 3.507497 3.000000 1 1 
5309 4.035000 3.786000 3.164131 0.250000 0.874367 1.000000 3.497467 3.000000 1 1 
5310 4.036000 3.787000 3.167618 0.250000 0.871869 1.000000 3.487477 3.000000 1 1 
5311 4.037000 3.788000 3.171096 0.250000 0.869382 1.000000 3.477528 3.000000 1 1 
5312 4.038000 3.789000 3.174563 0.250000 0.866904 1.000000 3.467617 3.000000 1 1 
5313 4.039000 3.790000 3.178021 0.250000 0.864437 1.000000 3.457747 3.000000 1 1 
5314 4.040000 3.791000 3.181469 0.250000 0.861979 1.000000 3.447916 3.000000 1 1 
5315 4.041000 3.792000 3.184907 0.250000 0.859531 1.000000 3.438124 3.000000 1 1 
5316 4.042000 3.793000 3.188335 0.250000 0.857093 1.000000 3.428372 3.000000 1 1 
5317 4.043000 3.794000 3.191754 0.250000 0.854665 1.000000 3.418658 3.000000 1 1 
5318 4.044000 3.795000 3.195163 0.250000 0.852246 1.000000 3.408984 3.000000 1 1 
5319 4.045000 3.796000 3.198562 0.250000 0.849837 1.000000 3.399348 3.000000 1 1 
5320 4.046000 3.797000 3.201952 0.250000 0.847438 1.000000 3.389750 3.000000 1 1 
5321 4.047000 3.798000 3.205332 0.250000 0.845048 1.000000 3.380191 3.000000 1 1 
5322 4.048000 3.799000 3.208703 0.250000 0.842668 1.000000 3.370671 3.000000 1 1 
5323 4.049000 3.800000 3.212064 0.250000 0.840297 1.000000 3.361188 3.000000 1 1 
5324 4.050000 3.801000 3.215416 0.250000 0.837936 1.000000 3.351743 3.000000 1 1 
5325 4.051000 3.802000 3.218758 0.250000 0.835584 1.000000 3.342336 3.000000 1 1 
5326 4.052000 3.803000 3.222091 0.250000 0.833242 1.000000 3.332967 3.000000 1 1 
5327 4.053000 3.804000 3.225415 0.250000 0.830909 1.000000 3.323635 3.000000 1 1 
5328 4.054000 3.805000 3.228729 0.250000 0.828585 1.000000 3.314340 3.000000 1 1 
5329 4.055000 3.806000 3.232034 0.250000 0.826271 1.000000 3.305083 3.000000 1 1 
5330 4.056000 3.807000 3.235330 0.250000 0.823966 1.000000 3.295863 3.000000 1 1 
5331 4.057000 3.808000 3.238617 0.250000 0.821670 1.000000 3.286679 3.000000 1 1 
5332 4.058000 3.809000 3.241894 0.250000 0.819383 1.000000 3.277533 3.000000 1 1 
5333 4.059000 3.810000 3.245163 0.250000 0.817106 1.000000 3.268422 3.000000 1 1 
5334 4.060000 3.811000 3.248422 0.250000 0.814837 1.000000 3.259349 3.000000 1 1 
5335 4.061000 3.812000 3.251672 0.250000 0.812578 1.000000 3.250311 3.000000 1 1 
5336 4.062000 3.813000 3.254914 0.250000 0.810328 1.000000 3.241310 3.000000 1 1 
5337 4.063000 3.814000 3.258146 0.250000 0.808086 1.000000 3.232345 3.000000 1 1 
5338 4.064000 3.815000 3.261370 0.250000 0.805854 1.000000 3.223416 3.000000 1 1 
5339 4.065000 3.816000 3.264584 0.250000 0.803630 1.000000 3.214522 3.000000 1 1 
5340 4.066000 3.817000 3.267790 0.250000 0.801416 1.000000 3.205664 3.000000 1 1 
5341 4.067000 3.818000 3.270987 0.250000 0.799210 1.000000 3.196841 3.000000 1 1 
5342 4.068000 3.819000 3.274175 0.250000 0.797013 1.000000 3.188054 3.000000 1 1 
5343 4.069000 3.820000 3.277354 0.250000 0.794825 1.000000 3.179302 3.000000 1 1 
5344 4.070000 3.821000 3.280525 0.250000 0.792646 1.000000 3.170584 3.000000 1 1 
5345 4.071000 3.822000 3.283686 0.250000 0.790475 1.000000 3.161902 3.000000 1 1 
5346 4.072000 3.823000 3.286840 0.250000 0.788314 1.000000 3.153254 3.000000 1 1 
5347 4.073000 3.824000 3.289984 0.250000 0.786160 1.000000 3.144641 3.000000 1 1 
5348 4.074000 3.825000 3.293120 0.250000 0.784016 1.000000 3.136063 3.000000 1 1 
5349 4.075000 3.826000 3.296248 0.250000 0.781880 1.000000 3.127519 3.000000 1 1 
5350 4.076000 3.827000 3.299367 0.250000 0.779752 1.000000 3.119008 3.000000 1 1 
5351 4.077000 3.828000 3.302477 0.250000 0.777633 1.000000 3.110532 3.000000 1 1 
5352 4.078000 3.829000 3.305580 0.250000 0.775523 1.000000 3.102090 3.000000 1 1 
5353 4.079000 3.830000 3.308673 0.250000 0.773420 1.000000 3.093682 3.000000 1 1 
5354 4.080000 3.831000 3.311759 0.250000 0.771327 1.000000 3.085307 3.000000 1 1 
5355 4.081000 3.832000 3.314835 0.250000 0.769241 1.000000 3.076966 3.000000 1 1 
5356 4.082000 3.833000 3.317904 0.250000 0.767165 1.000000 3.068658 3.000000 1 1 
5357 4.083000 3.834000 3.320965 0.250000 0.765096 1.000000 3.060384 3.000000 1 1 
5358 4.084000 3.835000 3.324017 0.250000 0.763035 1.000000 3.052142 3.000000 1 1 
5359 4.085000 3.836000 3.327061 0.250000 0.760983 1.000000 3.043933 3.000000 1 1 
5360 4.086000 3.837000 3.330096 0.250000 0.758939 1.000000 3.035758 3.000000 1 1 
5361 4.087000 3.838000 3.333124 0.250000 0.756904 1.000000 3.027615 3.000000 1 1 
5362 4.088000 3.839000 3.336143 0.250000 0.754876 1.000000 3.019504 3.000000 1 1 
5363 4.089000 3.840000 3.339155 0.250000 0.752857 1.000000 3.011426 3.000000 1 1 
5364 4.090000 3.841000 3.342158 0.250000 0.750845 1.000000 3.003380 3.000000 1 1 
5365 4.091000 3.842000 3.345154 0.250000 0.748842 1.000000 2.995367 3.000000 1 1 
5366 4.092000 3.843000 3.348141 0.250000 0.746846 1.000000 2.987385 3.000000 1 1 
5367 4.093000 3.844000 3.351120 0.250000 0.744859 1.000000 2.979436 3.000000 1 1 
5368 4.094000 3.845000 3.354092 0.250000 0.742880 1.000000 2.971518 3.000000 1 1 
5369 4.095000 3.846000 3.357056 0.250000 0.740908 1.000000 2.963632 3.000000 1 1 
5370 4.096000 3.847000 3.360011 0.250000 0.738944 1.000000 2.955778 3.000000 1 1 
5371 4.097000 3.848000 3.362959 0.250000 0.736989 1.000000 2.947954 3.000000 1 1 
5372 4.098000 3.849000 3.365899 0.250000 0.735041 1.000000 2.940163 3.000000 1 1 
5373 4.099000 3.850000 3.368832 0.250000 0.733101 1.000000 2.932402 3.000000 1 1 
5374 4.100000 3.851000 3.371757 0.250000 0.731168 1.000000 2.924672 3.000000 1 1 
5375 4.101000 3.852000 3.374674 0.250000 0.729243 1.000000 2.916974 3.000000 1 1 
5376 4.102000 3.853000 3.377583 0.250000 0.727326 1.000000 2.909306 3.000000 1 1 
5377 4.103000 3.854000 3.380485 0.250000 0.725417 1.000000 2.901669 3.000000 1 1 
5378 4.104000 3.855000 3.383379 0.250000 0.723515 1.000000 2.894062 3.000000 1 1 
5379 4.105000 3.856000 3.386265 0.250000 0.721621 1.000000 2.886486 3.000000 1 1 
5380 4.106000 3.857000 3.389144 0.250000 0.719735 1.000000 2.878940 3.000000 1 1 
5381 4.107000 3.858000 3.392015 0.250000 0.717856 1.000000 2.871424 3.000000 1 1 
5382 4.108000 3.859000 3.394879 0.250000 0.715985 1.000000 2.863938 3.000000 1 1 
5383 4.109000 3.860000 3.397736 0.250000 0.714121 1.000000 2.856483 3.000000 1 1 
5384 4.110000 3.861000 3.400585 0.250000 0.712264 1.000000 2.849057 3.000000 1 1 
5385 4.111000 3.862000 3.403427 0.250000 0.710415 1.000000 2.841660 3.000000 1 1 
5386 4.112000 3.863000 3.406261 0.250000 0.708573 1.000000 2.834294 3.000000 1 1 
5387 4.113000 3.864000 3.409088 0.250000 0.706739 1.000000 2.826957 3.000000 1 1 
5388 4.114000 3.865000 3.411907 0.250000 0.704912 1.000000 2.819649 3.000000 1 1 
5389 4.115000 3.866000 3.414720 0.250000 0.703093 1.000000 2.812370 3.000000 1 1 
5390 4.116000 3.867000 3.417525 0.250000 0.701280 1.000000 2.805121 3.000000 1 1 
5391 4.117000 3.868000 3.420323 0.250000 0.699475 1.000000 2.797900 3.000000 1 1 
5392 4.118000 3.869000 3.423114 0.250000 0.697677 1.000000 2.790709 3.000000 1 1 
5393 4.119000 3.870000 3.425897 0.250000 0.695886 1.000000 2.783546 3.000000 1 1 
5394 4.120000 3.871000 3.428674 0.250000 0.694103 1.000000 2.776412 3.000000 1 1 
5395 4.121000 3.872000 3.431443 0.250000 0.692326 1.000000 2.769306 3.000000 1 1 
5396 4.122000 3.873000 3.434205 0.250000 0.690557 1.000000 2.762229 3.000000 1 1 
5397 4.123000 3.874000 3.436960 0.250000 0.688795 1.000000 2.755180 3.000000 1 1 
5398 4.124000 3.875000 3.439708 0.250000 0.687040 1.000000 2.748159 3.000000 1 1 
5399 4.125000 3.876000 3.442450 0.250000 0.685292 1.000000 2.741166 3.000000 1 1 
5400 4.126000 3.877000 3.445184 0.250000 0.683550 1.000000 2.734202 3.000000 1 1 
5401 4.127000 3.878000 3.447911 0.250000 0.681816 1.000000 2.727265 3.000000 1 1 
5402 4.128000 3.879000 3.450631 0.250000 0.680089 1.000000 2.720356 3.000000 1 1 
5403 4.129000 3.880000 3.453345 0.250000 0.678369 1.000000 2.713474 3.000000 1 1 
5404 4.130000 3.881000 3.456051 0.250000 0.676655 1.000000 2.706621 3.000000 1 1 
5405 4.131000 3.882000 3.458751 0.250000 0.674949 1.000000 2.699794 3.000000 1 1 
5406 4.132000 3.883000 3.461444 0.250000 0.673249 1.000000 2.692995 3.000000 1 1 
5407 4.133000 3.884000 3.464130 0.250000 0.671556 1.000000 2.686223 3.000000 1 1 
5408 4.134000 3.885000 3.466810 0.250000 0.669870 1.000000 2.679478 3.000000 1 1 
5409 4.135000 3.886000 3.469483 0.250000 0.668190 1.000000 2.672760 3.000000 1 1 
5410 4.136000 3.887000 3.472149 0.250000 0.666517 1.000000 2.666069 3.000000 1 1 
5411 4.137000 3.888000 3.474808 0.250000 0.664851 1.000000 2.659405 3.000000 1 1 
5412 4.138000 3.889000 3.477461 0.250000 0.663192 1.000000 2.652767 3.000000 1 1 
5413 4.139000 3.890000 3.480107 0.250000 0.661539 1.000000 2.646156 3.000000 1 1 
5414 4.140000 3.891000 3.482747 0.250000 0.659893 1.000000 2.639571 3.000000 1 1 
5415 4.141000 3.892000 3.485380 0.250000 0.658253 1.000000 2.633013 3.000000 1 1 
5416 4.142000 3.893000 3.488006 0.250000 0.656620 1.000000 2.626481 3.000000 1 1 
5417 4.143000 3.894000 3.490626 0.250000 0.654994 1.000000 2.619975 3.000000 1 1 
5418 4.144000 3.895000 3.493240 0.250000 0.653374 1.000000 2.613495 3.000000 1 1 
5419 4.145000 3.896000 3.495847 0.250000 0.651760 1.000000 2.607041 3.000000 1 1 
5420 4.146000 3.897000 3.498447 0.250000 0.650153 1.000000 2.600613 3.000000 1 1 
5421 4.147000 3.898000 3.501042 0.250000 0.648553 1.000000 2.594211 3.000000 1 1 
5422 4.148000 3.899000 3.503629 0.250000 0.646958 1.000000 2.587834 3.000000 1 1 
5423 4.149000 3.900000 3.506211 0.250000 0.645371 1.000000 2.581483 3.000000 1 1 
5424 4.150000 3.901000 3.508786 0.250000 0.643789 1.000000 2.575157 3.000000 1 1 
5425 4.151000 3.902000 3.511355 0.250000 0.642214 1.000000 2.568856 3.000000 1 1 
5426 4.152000 3.903000 3.513917 0.250000 0.640645 1.000000 2.562581 3.000000 1 1 
5427 4.153000 3.904000 3.516474 0.250000 0.639083 1.000000 2.556330 3.000000 1 1 
5428 4.154000 3.905000 3.519024 0.250000 0.637526 1.000000 2.550105 3.000000 1 1 
5429 4.155000 3.906000 3.521568 0.250000 0.635976 1.000000 2.543904 3.000000 1 1 
5430 4.156000 3.907000 3.524106 0.250000 0.634432 1.000000 2.537729 3.000000 1 1 
5431 4.157000 3.908000 3.526637 0.250000 0.632894 1.000000 2.531578 3.000000 1 1 
5432 4.158000 3.909000 3.529163 0.250000 0.631363 1.000000 2.525452 3.000000 1 1 
5433 4.159000 3.910000 3.531682 0.250000 0.629837 1.000000 2.519350 3.000000 1 1 
5434 4.160000 3.911000 3.534195 0.250000 0.628318 1.000000 2.513272 3.000000 1 1 
5435 4.161000 3.912000 3.536702 0.250000 0.626805 1.000000 2.507219 3.000000 1 1 
5436 4.162000 3.913000 3.539204 0.250000 0.625298 1.000000 2.501190 3.000000 1 1 
5437 4.163000 3.914000 3.541699 0.250000 0.623796 1.000000 2.495186 3.000000 1 1 
5438 4.164000 3.915000 3.544188 0.250000 0.622301 1.000000 2.489205 3.000000 1 1 
5439 4.165000 3.916000 3.546671 0.250000 0.620812 1.000000 2.483248 3.000000 1 1 
5440 4.166000 3.917000 3.549149 0.250000 0.619329 1.000000 2.477315 3.000000 1 1 
5441 4.167000 3.918000 3.551620 0.250000 0.617851 1.000000 2.471406 3.000000 1 1 
5442 4.168000 3.919000 3.554085 0.250000 0.616380 1.000000 2.465520 3.000000 1 1 
5443 4.169000 3.920000 3.556545 0.250000 0.614915 1.000000 2.459658 3.000000 1 1 
5444 4.170000 3.921000 3.558999 0.250000 0.613455 1.000000 2.453820 3.000000 1 1 
5445 4.171000 3.922000 3.561447 0.250000 0.612001 1.000000 2.448004 3.000000 1 1 
5446 4.172000 3.923000 3.563889 0.250000 0.610553 1.000000 2.442212 3.000000 1 1 
5447 4.173000 3.924000 3.566326 0.250000 0.609111 1.000000 2.436443 3.000000 1 1 
5448 4.174000 3.925000 3.568756 0.250000 0.607674 1.000000 2.430698 3.000000 1 1 
5449 4.175000 3.926000 3.571181 0.250000 0.606244 1.000000 2.424975 3.000000 1 1 
5450 4.176000 3.927000 3.573601 0.250000 0.604819 1.000000 2.419275 3.000000 1 1 
5451 4.177000 3.928000 3.576014 0.250000 0.603399 1.000000 2.413598 3.000000 1 1 
5452 4.178000 3.929000 3.578422 0.250000 0.601986 1.000000 2.407943 3.000000 1 1 
5453 4.179000 3.930000 3.580824 0.250000 0.600578 1.000000 2.402312 3.000000 1 1 
5454 4.180000 3.931000 3.583221 0.250000 0.599176 1.000000 2.396702 3.000000 1 1 
5455 4.181000 3.932000 3.585612 0.250000 0.597779 1.000000 2.391116 3.000000 1 1 
5456 4.182000 3.933000 3.587998 0.250000 0.596388 1.000000 2.385551 3.000000 1 1 
5457 4.183000 3.934000 3.590378 0.250000 0.595002 1.000000 2.380009 3.000000 1 1 
5458 4.184000 3.935000 3.592752 0.250000 0.593622 1.000000 2.374489 3.000000 1 1 
5459 4.185000 3.936000 3.595121 0.250000 0.592248 1.000000 2.368991 3.000000 1 1 
5460 4.186000 3.937000 3.597485 0.250000 0.590879 1.000000 2.363515 3.000000 1 1 
5461 4.187000 3.938000 3.599843 0.250000 0.589515 1.000000 2.358061 3.000000 1 1 
5462 4.188000 3.939000 3.602195 0.250000 0.588157 1.000000 2.352629 3.000000 1 1 
5463 4.189000 3.940000 3.604543 0.250000 0.586805 1.000000 2.347218 3.000000 1 1 
5464 4.190000 3.941000 3.606885 0.250000 0.585457 1.000000 2.341829 3.000000 1 1 
5465 4.191000 3.942000 3.609221 0.250000 0.584115 1.000000 2.336462 3.000000 1 1 
5466 4.192000 3.943000 3.611552 0.250000 0.582779 1.000000 2.331116 3.000000 1 1 
5467 4.193000 3.944000 3.613878 0.250000 0.581448 1.000000 2.325792 3.000000 1 1 
5468 4.194000 3.945000 3.616198 0.250000 0.580122 1.000000 2.320489 3.000000 1 1 
5469 4.195000 3.946000 3.618514 0.250000 0.578802 1.000000 2.315207 3.000000 1 1 
5470 4.196000 3.947000 3.620824 0.250000 0.577486 1.000000 2.309946 3.000000 1 1 
5471 4.197000 3.948000 3.623128 0.250000 0.576176 1.000000 2.304706 3.000000 1 1 
5472 4.198000 3.949000 3.625428 0.250000 0.574872 1.000000 2.299487 3.000000 1 1 
5473 4.199000 3.950000 3.627722 0.250000 0.573572 1.000000 2.294289 3.000000 1 1 
5474 4.200000 3.951000 3.630011 0.250000 0.572278 1.000000 2.289112 3.000000 1 1 
5475 4.201000 3.952000 3.632295 0.250000 0.570989 1.000000 2.283956 3.000000 1 1 
5476 4.202000 3.953000 3.634574 0.250000 0.569705 1.000000 2.278820 3.000000 1 1 
5477 4.203000 3.954000 3.636848 0.250000 0.568426 1.000000 2.273704 3.000000 1 1 
5478 4.204000 3.955000 3.639116 0.250000 0.567152 1.000000 2.268610 3.000000 1 1 
5479 4.205000 3.956000 3.641380 0.250000 0.565884 1.000000 2.263535 3.000000 1 1 
5480 4.206000 3.957000 3.643638 0.250000 0.564620 1.000000 2.258481 3.000000 1 1 
5481 4.207000 3.958000 3.645892 0.250000 0.563362 1.000000 2.253447 3.000000 1 1 
5482 4.208000 3.959000 3.648140 0.250000 0.562108 1.000000 2.248433 3.000000 1 1 
5483 4.209000 3.960000 3.650384 0.250000 0.560860 1.000000 2.243440 3.000000 1 1 
5484 4.210000 3.961000 3.652622 0.250000 0.559616 1.000000 2.238466 3.000000 1 1 
5485 4.211000 3.962000 3.654856 0.250000 0.558378 1.000000 2.233512 3.000000 1 1 
5486 4.212000 3.963000 3.657084 0.250000 0.557144 1.000000 2.228578 3.000000 1 1 
5487 4.213000 3.964000 3.659308 0.250000 0.555916 1.000000 2.223664 3.000000 1 1 
5488 4.214000 3.965000 3.661527 0.250000 0.554692 1.000000 2.218769 3.000000 1 1 
5489 4.215000 3.966000 3.663740 0.250000 0.553473 1.000000 2.213894 3.000000 1 1 
5490 4.216000 3.967000 3.665949 0.250000 0.552260 1.000000 2.209038 3.000000 1 1 
5491 4.217000 3.968000 3.668154 0.250000 0.551051 1.000000 2.204202 3.000000 1 1 
5492 4.218000 3.969000 3.670353 0.250000 0.549846 1.000000 2.199385 3.000000 1 1 
5493 4.219000 3.970000 3.672548 0.250000 0.548647 1.000000 2.194588 3.000000 1 1 
5494 4.220000 3.971000 3.674737 0.250000 0.547452 1.000000 2.189809 3.000000 1 1 
5495 4.221000 3.972000 3.676922 0.250000 0.546263 1.000000 2.185050 3.000000 1 1 
5496 4.222000 3.973000 3.679103 0.250000 0.545078 1.000000 2.180310 3.000000 1 1 
5497 4.223000 3.974000 3.681278 0.250000 0.543897 1.000000 2.175589 3.000000 1 1 
5498 4.224000 3.975000 3.683449 0.250000 0.542722 1.000000 2.170886 3.000000 1 1 
5499 4.225000 3.976000 3.685615 0.250000 0.541551 1.000000 2.166203 3.000000 1 1 
5500 4.226000 3.977000 3.687777 0.250000 0.540385 1.000000 2.161538 3.000000 1 1 
5501 4.227000 3.978000 3.689934 0.250000 0.539223 1.000000 2.156892 3.000000 1 1 
5502 4.228000 3.979000 3.692086 0.250000 0.538066 1.000000 2.152264 3.000000 1 1 
5503 4.229000 3.980000 3.694234 0.250000 0.536914 1.000000 2.147655 3.000000 1 1 
5504 4.230000 3.981000 3.696377 0.250000 0.535766 1.000000 2.143065 3.000000 1 1 
5505 4.231000 3.982000 3.698515 0.250000 0.534623 1.000000 2.138492 3.000000 1 1 
5506 4.232000 3.983000 3.700649 0.250000 0.533485 1.000000 2.133938 3.000000 1 1 
5507 4.233000 3.984000 3.702779 0.250000 0.532351 1.000000 2.129403 3.000000 1 1 
5508 4.234000 3.985000 3.704904 0.250000 0.531221 1.000000 2.124885 3.000000 1 1 
5509 4.235000 3.986000 3.707024 0.250000 0.530096 1.000000 2.120386 3.000000 1 1 
5510 4.236000 3.987000 3.709140 0.250000 0.528976 1.000000 2.115904 3.000000 1 1 
5511 4.237000 3.988000 3.711251 0.250000 0.527860 1.000000 2.111440 3.000000 1 1 
5512 4.238000 3.989000 3.713358 0.250000 0.526749 1.000000 2.106995 3.000000 1 1 
5513 4.239000 3.990000 3.715461 0.250000 0.525642 1.000000 2.102567 3.000000 1 1 
5514 4.240000 3.991000 3.717559 0.250000 0.524539 1.000000 2.098156 3.000000 1 1 
5515 4.241000 3.992000 3.719653 0.250000 0.523441 1.000000 2.093764 3.000000 1 1 
5516 4.242000 3.993000 3.721742 0.250000 0.522347 1.000000 2.089389 3.000000 1 1 
5517 4.243000 3.994000 3.723827 0.250000 0.521258 1.000000 2.085031 3.000000 1 1 
5518 4.244000 3.995000 3.725908 0.250000 0.520173 1.000000 2.080691 3.000000 1 1 
5519 4.245000 3.996000 3.727984 0.250000 0.519092 1.000000 2.076368 3.000000 1 1 
5520 4.246000 3.997000 3.730056 0.250000 0.518016 1.000000 2.072063 3.000000 1 1 
5521 4.247000 3.998000 3.732124 0.250000 0.516944 1.000000 2.067775 3.000000 1 1 
5522 4.248000 3.999000 3.734188 0.250000 0.515876 1.000000 2.063503 3.000000 1 1 
5523 4.249000 4.000000 3.736247 0.250000 0.514812 1.000000 2.059249 3.000000 1 1 
5524 4.250000 4.001000 3.738302 0.250000 0.513753 1.000000 2.055012 3.000000 1 1 
5525 4.251000 4.002000 3.740353 0.250000 0.512698 1.000000 2.050792 3.000000 1 1 
5526 4.252000 4.003000 3.742399 0.250000 0.511647 1.000000 2.046589 3.000000 1 1 
5527 4.253000 4.004000 3.744442 0.250000 0.510601 1.000000 2.042403 3.000000 1 1 
5528 4.254000 4.005000 3.746480 0.250000 0.509558 1.000000 2.038233 3.000000 1 1 
5529 4.255000 4.006000 3.748514 0.250000 0.508520 1.000000 2.034080 3.000000 1 1 
5530 4.256000 4.007000 3.750544 0.250000 0.507486 1.000000 2.029944 3.000000 1 1 
5531 4.257000 4.008000 3.752570 0.250000 0.506456 1.000000 2.025824 3.000000 1 1 
5532 4.258000 4.009000 3.754591 0.250000 0.505430 1.000000 2.021721 3.000000 1 1 
5533 4.259000 4.010000 3.756609 0.250000 0.504409 1.000000 2.017634 3.000000 1 1 
5534 4.260000 4.011000 3.758623 0.250000 0.503391 1.000000 2.013564 3.000000 1 1 
5535 4.261000 4.012000 3.760632 0.250000 0.502377 1.000000 2.009509 3.000000 1 1 
5536 4.262000 4.013000 3.762638 0.250000 0.501368 1.000000 2.005471 3.000000 1 1 
5537 4.263000 4.014000 3.764639 0.250000 0.500362 1.000000 2.001449 3.000000 1 1 
5538 4.264000 4.015000 3.766637 0.250000 0.499361 1.000000 1.997444 3.000000 1 1 
5539 4.265000 4.016000 3.768630 0.250000 0.498363 1.000000 1.993454 3.000000 1 1 
5540 4.266000 4.017000 3.770619 0.250000 0.497370 1.000000 1.989480 3.000000 1 1 
5541 4.267000 4.018000 3.772605 0.250000 0.496381 1.000000 1.985522 3.000000 1 1 
5542 4.268000 4.019000 3.774587 0.250000 0.495395 1.000000 1.981580 3.000000 1 1 
5543 4.269000 4.020000 3.776564 0.250000 0.494413 1.000000 1.977654 3.000000 1 1 
5544 4.270000 4.021000 3.778538 0.250000 0.493436 1.000000 1.973743 3.000000 1 1 
5545 4.271000 4.022000 3.780508 0.250000 0.492462 1.000000 1.969848 3.000000 1 1 
5546 4.272000 4.023000 3.782474 0.250000 0.491492 1.000000 1.965969 3.000000 1 1 
5547 4.273000 4.024000 3.784436 0.250000 0.490526 1.000000 1.962105 3.000000 1 1 
5548 4.274000 4.025000 3.786394 0.250000 0.489564 1.000000 1.958256 3.000000 1 1 
5549 4.275000 4.026000 3.788349 0.250000 0.488606 1.000000 1.954423 3.000000 1 1 
5550 4.276000 4.027000 3.790299 0.250000 0.487651 1.000000 1.950606 3.000000 1 1 
5551 4.277000 4.028000 3.792246 0.250000 0.486701 1.000000 1.946803 3.000000 1 1 
5552 4.278000 4.029000 3.794189 0.250000 0.485754 1.000000 1.943016 3.000000 1 1 
5553 4.279000 4.030000 3.796128 0.250000 0.484811 1.000000 1.939244 3.000000 1 1 
5554 4.280000 4.031000 3.798064 0.250000 0.483872 1.000000 1.935487 3.000000 1 1 
5555 4.281000 4.032000 3.799995 0.250000 0.482936 1.000000 1.931745 3.000000 1 1 
5556 4.282000 4.033000 3.801924 0.250000 0.482005 1.000000 1.928018 3.000000 1 1 
5557 4.283000 4.034000 3.803848 0.250000 0.481076 1.000000 1.924306 3.000000 1 1 
5558 4.284000 4.035000 3.805768 0.250000 0.480152 1.000000 1.920609 3.000000 1 1 
5559 4.285000 4.036000 3.807685 0.250000 0.479232 1.000000 1.916926 3.000000 1 1 
5560 4.286000 4.037000 3.809599 0.250000 0.478315 1.000000 1.913259 3.000000 1 1 
5561 4.287000 4.038000 3.811508 0.250000 0.477401 1.000000 1.909606 3.000000 1 1 
5562 4.288000 4.039000 3.813414 0.250000 0.476492 1.000000 1.905967 3.000000 1 1 
5563 4.289000 4.040000 3.815317 0.250000 0.475586 1.000000 1.902343 3.000000 1 1 
5564 4.290000 4.041000 3.817215 0.250000 0.474683 1.000000 1.898734 3.000000 1 1 
5565 4.291000 4.042000 3.819110 0.250000 0.473785 1.000000 1.895139 3.000000 1 1 
5566 4.292000 4.043000 3.821002 0.250000 0.472890 1.000000 1.891558 3.000000 1 1 
5567 4.293000 4.044000 3.822890 0.250000 0.471998 1.000000 1.887992 3.000000 1 1 
5568 4.294000 4.045000 3.824774 0.250000 0.471110 1.000000 1.884440 3.000000 1 1 
5569 4.295000 4.046000 3.826655 0.250000 0.470226 1.000000 1.880902 3.000000 1 1 
5570 4.296000 4.047000 3.828533 0.250000 0.469345 1.000000 1.877379 3.000000 1 1 
5571 4.297000 4.048000 3.830407 0.250000 0.468467 1.000000 1.873869 3.000000 1 1 
5572 4.298000 4.049000 3.832277 0.250000 0.467593 1.000000 1.870374 3.000000 1 1 
5573 4.299000 4.050000 3.834144 0.250000 0.466723 1.000000 1.866892 3.000000 1 1 
5574 4.300000 4.051000 3.836007 0.250000 0.465856 1.000000 1.863425 3.000000 1 1 
5575 4.301000 4.052000 3.837867 0.250000 0.464993 1.000000 1.859971 3.000000 1 1 
5576 4.302000 4.053000 3.839724 0.250000 0.464133 1.000000 1.856531 3.000000 1 1 
5577 4.303000 4.054000 3.841577 0.250000 0.463276 1.000000 1.853105 3.000000 1 1 
5578 4.304000 4.055000 3.843427 0.250000 0.462423 1.000000 1.849693 3.000000 1 1 
5579 4.305000 4.056000 3.845273 0.250000 0.461573 1.000000 1.846294 3.000000 1 1 
5580 4.306000 4.057000 3.847116 0.250000 0.460727 1.000000 1.842909 3.000000 1 1 
5581 4.307000 4.058000 3.848955 0.250000 0.459884 1.000000 1.839537 3.000000 1 1 
5582 4.308000 4.059000 3.850791 0.250000 0.459045 1.000000 1.836179 3.000000 1 1 
5583 4.309000 4.060000 3.852624 0.250000 0.458209 1.000000 1.832834 3.000000 1 1 
5584 4.310000 4.061000 3.854454 0.250000 0.457376 1.000000 1.829503 3.000000 1 1 
5585 4.311000 4.062000 3.856280 0.250000 0.456546 1.000000 1.826185 3.000000 1 1 
5586 4.312000 4.063000 3.858103 0.250000 0.455720 1.000000 1.822880 3.000000 1 1 
5587 4.313000 4.064000 3.859922 0.250000 0.454897 1.000000 1.819589 3.000000 1 1 
5588 4.314000 4.065000 3.861739 0.250000 0.454078 1.000000 1.816310 3.000000 1 1 
5589 4.315000 4.066000 3.863552 0.250000 0.453261 1.000000 1.813045 3.000000 1 1 
5590 4.316000 4.067000 3.865362 0.250000 0.452448 1.000000 1.809793 3.000000 1 1 
5591 4.317000 4.068000 3.867168 0.250000 0.451638 1.000000 1.806554 3.000000 1 1 
5592 4.318000 4.069000 3.868971 0.250000 0.450832 1.000000 1.803327 3.000000 1 1 
5593 4.319000 4.070000 3.870772 0.250000 0.450029 1.000000 1.800114 3.000000 1 1 
5594 4.320000 4.071000 3.872568 0.250000 0.449228 1.000000 1.796914 3.000000 1 1 
5595 4.321000 4.072000 3.874362 0.250000 0.448432 1.000000 1.793726 3.000000 1 1 
5596 4.322000 4.073000 3.876153 0.250000 0.447638 1.000000 1.790551 3.000000 1 1 
5597 4.323000 4.074000 3.877940 0.250000 0.446847 1.000000 1.787389 3.000000 1 1 
5598 4.324000 4.075000 3.879724 0.250000 0.446060 1.000000 1.784239 3.000000 1 1 
5599 4.325000 4.076000 3.881506 0.250000 0.445276 1.000000 1.781102 3.000000 1 1 
5600 4.326000 4.077000 3.883283 0.250000 0.444494 1.000000 1.777978 3.000000 1 1 
5601 4.327000 4.078000 3.885058 0.250000 0.443717 1.000000 1.774866 3.000000 1 1 
5602 4.328000 4.079000 3.886830 0.250000 0.442942 1.000000 1.771767 3.000000 1 1 
5603 4.329000 4.080000 3.888599 0.250000 0.442170 1.000000 1.768680 3.000000 1 1 
5604 4.330000 4.081000 3.890364 0.250000 0.441401 1.000000 1.765605 3.000000 1 1 
5605 4.331000 4.082000 3.892127 0.250000 0.440636 1.000000 1.762542 3.000000 1 1 
5606 4.332000 4.083000 3.893886 0.250000 0.439873 1.000000 1.759492 3.000000 1 1 
5607 4.333000 4.084000 3.895643 0.250000 0.439114 1.000000 1.756454 3.000000 1 1 
5608 4.334000 4.085000 3.897396 0.250000 0.438357 1.000000 1.753428 3.000000 1 1 
5609 4.335000 4.086000 3.899147 0.250000 0.437604 1.000000 1.750415 3.000000 1 1 
5610 4.336000 4.087000 3.900894 0.250000 0.436853 1.000000 1.747413 3.000000 1 1 
5611 4.337000 4.088000 3.902639 0.250000 0.436106 1.000000 1.744423 3.000000 1 1 
5612 4.338000 4.089000 3.904380 0.250000 0.435361 1.000000 1.741446 3.000000 1 1 
5613 4.339000 4.090000 3.906118 0.250000 0.434620 1.000000 1.738480 3.000000 1 1 
5614 4.340000 4.091000 3.907854 0.250000 0.433882 1.000000 1.735526 3.000000 1 1 
5615 4.341000 4.092000 3.909587 0.250000 0.433146 1.000000 1.732584 3.000000 1 1 
5616 4.342000 4.093000 3.911316 0.250000 0.432413 1.000000 1.729654 3.000000 1 1 
5617 4.343000 4.094000 3.913043 0.250000 0.431684 1.000000 1.726735 3.000000 1 1 
5618 4.344000 4.095000 3.914767 0.250000 0.430957 1.000000 1.723828 3.000000 1 1 
5619 4.345000 4.096000 3.916488 0.250000 0.430233 1.000000 1.720933 3.000000 1 1 
5620 4.346000 4.097000 3.918206 0.250000 0.429512 1.000000 1.718049 3.000000 1 1 
5621 4.347000 4.098000 3.919921 0.250000 0.428794 1.000000 1.715177 3.000000 1 1 
5622 4.348000 4.099000 3.921633 0.250000 0.428079 1.000000 1.712316 3.000000 1 1 
5623 4.349000 4.100000 3.923343 0.250000 0.427367 1.000000 1.709467 3.000000 1 1 
5624 4.350000 4.101000 3.925049 0.250000 0.426657 1.000000 1.706629 3.000000 1 1 
5625 4.351000 4.102000 3.926753 0.250000 0.425951 1.000000 1.703802 3.000000 1 1 
5626 4.352000 4.103000 3.928454 0.250000 0.425247 1.000000 1.700987 3.000000 1 1 
5627 4.353000 4.104000 3.930152 0.250000 0.424546 1.000000 1.698183 3.000000 1 1 
5628 4.354000 4.105000 3.931848 0.250000 0.423848 1.000000 1.695391 3.000000 1 1 
5629 4.355000 4.106000 3.933540 0.250000 0.423152 1.000000 1.692609 3.000000 1 1 
5630 4.356000 4.107000 3.935230 0.250000 0.422460 1.000000 1.689839 3.000000 1 1 
5631 4.357000 4.108000 3.936917 0.250000 0.421770 1.000000 1.687079 3.000000 1 1 
5632 4.358000 4.109000 3.938602 0.250000 0.421083 1.000000 1.684331 3.000000 1 1 
5633 4.359000 4.110000 3.940283 0.250000 0.420398 1.000000 1.681594 3.000000 1 1 
5634 4.360000 4.111000 3.941962 0.250000 0.419717 1.000000 1.678867 3.000000 1 1 
5635 4.361000 4.112000 3.943638 0.250000 0.419038 1.000000 1.676152 3.000000 1 1 
5636 4.362000 4.113000 3.945312 0.250000 0.418362 1.000000 1.673447 3.000000 1 1 
5637 4.363000 4.114000 3.946982 0.250000 0.417688 1.000000 1.670753 3.000000 1 1 
5638 4.364000 4.115000 3.948650 0.250000 0.417018 1.000000 1.668070 3.000000 1 1 
5639 4.365000 4.116000 3.950316 0.250000 0.416350 1.000000 1.665398 3.000000 1 1 
5640 4.366000 4.117000 3.951979 0.250000 0.415684 1.000000 1.662736 3.000000 1 1 
5641 4.367000 4.118000 3.953639 0.250000 0.415021 1.000000 1.660085 3.000000 1 1 
5642 4.368000 4.119000 3.955296 0.250000 0.414361 1.000000 1.657445 3.000000 1 1 
5643 4.369000 4.120000 3.956951 0.250000 0.413704 1.000000 1.654815 3.000000 1 1 
5644 4.370000 4.121000 3.958603 0.250000 0.413049 1.000000 1.652196 3.000000 1 1 
5645 4.371000 4.122000 3.960253 0.250000 0.412397 1.000000 1.649587 3.000000 1 1 
5646 4.372000 4.123000 3.961900 0.250000 0.411747 1.000000 1.646989 3.000000 1 1 
5647 4.373000 4.124000 3.963544 0.250000 0.411100 1.000000 1.644401 3.000000 1 1 
5648 4.374000 4.125000 3.965186 0.250000 0.410456 1.000000 1.641823 3.000000 1 1 
5649 4.375000 4.126000 3.966825 0.250000 0.409814 1.000000 1.639256 3.000000 1 1 
5650 4.376000 4.127000 3.968462 0.250000 0.409175 1.000000 1.636699 3.000000 1 1 
5651 4.377000 4.128000 3.970096 0.250000 0.408538 1.000000 1.634152 3.000000 1 1 
5652 4.378000 4.129000 3.971728 0.250000 0.407904 1.000000 1.631616 3.000000 1 1 
5653 4.379000 4.130000 3.973357 0.250000 0.407272 1.000000 1.629089 3.000000 1 1 
5654 4.380000 4.131000 3.974983 0.250000 0.406643 1.000000 1.626573 3.000000 1 1 
5655 4.381000 4.132000 3.976607 0.250000 0.406017 1.000000 1.624067 3.000000 1 1 
5656 4.382000 4.133000 3.978229 0.250000 0.405393 1.000000 1.621570 3.000000 1 1 
5657 4.383000 4.134000 3.979848 0.250000 0.404771 1.000000 1.619084 3.000000 1 1 
5658 4.384000 4.135000 3.981465 0.250000 0.404152 1.000000 1.616608 3.000000 1 1 
5659 4.385000 4.136000 3.983079 0.250000 0.403535 1.000000 1.614141 3.000000 1 1 
5660 4.386000 4.137000 3.984691 0.250000 0.402921 1.000000 1.611685 3.000000 1 1 
5661 4.387000 4.138000 3.986300 0.250000 0.402309 1.000000 1.609238 3.000000 1 1 
5662 4.388000 4.139000 3.987907 0.250000 0.401700 1.000000 1.606801 3.000000 1 1 
5663 4.389000 4.140000 3.989511 0.250000 0.401093 1.000000 1.604374 3.000000 1 1 
5664 4.390000 4.141000 3.991113 0.250000 0.400489 1.000000 1.601956 3.000000 1 1 
5665 4.391000 4.142000 3.992712 0.250000 0.399887 1.000000 1.599548 3.000000 1 1 
5666 4.392000 4.143000 3.994310 0.250000 0.399288 1.000000 1.597150 3.000000 1 1 
5667 4.393000 4.144000 3.995904 0.250000 0.398690 1.000000 1.594762 3.000000 1 1 
5668 4.394000 4.145000 3.997497 0.250000 0.398096 1.000000 1.592383 3.000000 1 1 
5669 4.395000 4.146000 3.999087 0.250000 0.397503 1.000000 1.590013 3.000000 1 1 
5670 4.396000 4.147000 4.000674 0.250000 0.396913 1.000000 1.587653 3.000000 1 1 
5671 4.397000 4.148000 4.002260 0.250000 0.396326 1.000000 1.585302 3.000000 1 1 
5672 4.398000 4.149000 4.003843 0.250000 0.395740 1.000000 1.582961 3.000000 1 1 
5673 4.399000 4.150000 4.005423 0.250000 0.395157 1.000000 1.580629 3.000000 1 1 
5674 4.400000 4.151000 4.007002 0.250000 0.394577 1.000000 1.578307 3.000000 1 1 
5675 4.401000 4.152000 4.008578 0.250000 0.393998 1.000000 1.575994 3.000000 1 1 
5676 4.402000 4.153000 4.010151 0.250000 0.393422 1.000000 1.573690 3.000000 1 1 
5677 4.403000 4.154000 4.011723 0.250000 0.392849 1.000000 1.571395 3.000000 1 1 
5678 4.404000 4.155000 4.013292 0.250000 0.392277 1.000000 1.569109 3.000000 1 1 
5679 4.405000 4.156000 4.014859 0.250000 0.391708 1.000000 1.566833 3.000000 1 1 
5680 4.406000 4.157000 4.016423 0.250000 0.391141 1.000000 1.564566 3.000000 1 1 
5681 4.407000 4.158000 4.017985 0.250000 0.390577 1.000000 1.562307 3.000000 1 1 
5682 4.408000 4.159000 4.019546 0.250000 0.390015 1.000000 1.560058 3.000000 1 1 
5683 4.409000 4.160000 4.021103 0.250000 0.389454 1.000000 1.557818 3.000000 1 1 
5684 4.410000 4.161000 4.022659 0.250000 0.388897 1.000000 1.555587 3.000000 1 1 
5685 4.411000 4.162000 4.024212 0.250000 0.388341 1.000000 1.553364 3.000000 1 1 
5686 4.412000 4.163000 4.025763 0.250000 0.387788 1.000000 1.551151 3.000000 1 1 
5687 4.413000 4.164000 4.027312 0.250000 0.387237 1.000000 1.548946 3.000000 1 1 
5688 4.414000 4.165000 4.028859 0.250000 0.386688 1.000000 1.546750 3.000000 1 1 
5689 4.415000 4.166000 4.030404 0.250000 0.386141 1.000000 1.544563 3.000000 1 1 
5690 4.416000 4.167000 4.031946 0.250000 0.385596 1.000000 1.542385 3.000000 1 1 
5691 4.417000 4.168000 4.033486 0.250000 0.385054 1.000000 1.540216 3.000000 1 1 
5692 4.418000 4.169000 4.035024 0.250000 0.384514 1.000000 1.538055 3.000000 1 1 
5693 4.419000 4.170000 4.036560 0.250000 0.383976 1.000000 1.535902 3.000000 1 1 
5694 4.420000 4.171000 4.038094 0.250000 0.383440 1.000000 1.533759 3.000000 1 1 
5695 4.421000 4.172000 4.039626 0.250000 0.382906 1.000000 1.531624 3.000000 1 1 
5696 4.422000 4.173000 4.041155 0.250000 0.382374 1.000000 1.529497 3.000000 1 1 
5697 4.423000 4.174000 4.042683 0.250000 0.381845 1.000000 1.527379 3.000000 1 1 
5698 4.424000 4.175000 4.044208 0.250000 0.381317 1.000000 1.525270 3.000000 1 1 
5699 4.425000 4.176000 4.045731 0.250000 0.380792 1.000000 1.523169 3.000000 1 1 
5700 4.426000 4.177000 4.047252 0.250000 0.380269 1.000000 1.521076 3.000000 1 1 
5701 4.427000 4.178000 4.048771 0.250000 0.379748 1.000000 1.518992 3.000000 1 1 
5702 4.428000 4.179000 4.050288 0.250000 0.379229 1.000000 1.516916 3.000000 1 1 
5703 4.429000 4.180000 4.051803 0.250000 0.378712 1.000000 1.514848 3.000000 1 1 
5704 4.430000 4.181000 4.053316 0.250000 0.378197 1.000000 1.512789 3.000000 1 1 
5705 4.431000 4.182000 4.054826 0.250000 0.377684 1.000000 1.510738 3.000000 1 1 
5706 4.432000 4.183000 4.056335 0.250000 0.377174 1.000000 1.508695 3.000000 1 1 
5707 4.433000 4.184000 4.057842 0.250000 0.376665 1.000000 1.506660 3.000000 1 1 
5708 4.434000 4.185000 4.059346 0.250000 0.376158 1.000000 1.504633 3.000000 1 1 
5709 4.435000 4.186000 4.060849 0.250000 0.375654 1.000000 1.502615 3.000000 1 1 
5710 4.436000 4.187000 4.062350 0.250000 0.375151 1.000000 1.500604 3.000000 1 1 
5711 4.437000 4.188000 4.063848 0.250000 0.374650 1.000000 1.498602 3.000000 1 1 
5712 4.438000 4.189000 4.065345 0.250000 0.374152 1.000000 1.496607 3.000000 1 1 
5713 4.439000 4.190000 4.066839 0.250000 0.373655 1.000000 1.494621 3.000000 1 1 
5714 4.440000 4.191000 4.068332 0.250000 0.373161 1.000000 1.492643 3.000000 1 1 
5715 4.441000 4.192000 4.069823 0.250000 0.372668 1.000000 1.490672 3.000000 1 1 
5716 4.442000 4.193000 4.071311 0.250000 0.372177 1.000000 1.488709 3.000000 1 1 
5717 4.443000 4.194000 4.072798 0.250000 0.371689 1.000000 1.486754 3.000000 1 1 
5718 4.444000 4.195000 4.074283 0.250000 0.371202 1.000000 1.484807 3.000000 1 1 
5719 4.445000 4.196000 4.075766 0.250000 0.370717 1.000000 1.482868 3.000000 1 1 
5720 4.446000 4.197000 4.077247 0.250000 0.370234 1.000000 1.480937 3.000000 1 1 
5721 4.447000 4.198000 4.078726 0.250000 0.369753 1.000000 1.479013 3.000000 1 1 
5722 4.448000 4.199000 4.080203 0.250000 0.369274 1.000000 1.477097 3.000000 1 1 
5723 4.449000 4.200000 4.081678 0.250000 0.368797 1.000000 1.475189 3.000000 1 1 
5724 4.450000 4.201000 4.083151 0.250000 0.368322 1.000000 1.473288 3.000000 1 1 
5725 4.451000 4.202000 4.084623 0.250000 0.367849 1.000000 1.471395 3.000000 1 1 
5726 4.452000 4.203000 4.086092 0.250000 0.367377 1.000000 1.469509 3.000000 1 1 
5727 4.453000 4.204000 4.087560 0.250000 0.366908 1.000000 1.467631 3.000000 1 1 
5728 4.454000 4.205000 4.089026 0.250000 0.366440 1.000000 1.465760 3.000000 1 1 
5729 4.455000 4.206000 4.090490 0.250000 0.365974 1.000000 1.463897 3.000000 1 1 
5730 4.456000 4.207000 4.091952 0.250000 0.365510 1.000000 1.462042 3.000000 1 1 
5731 4.457000 4.208000 4.093412 0.250000 0.365048 1.000000 1.460194 3.000000 1 1 
5732 4.458000 4.209000 4.094870 0.250000 0.364588 1.000000 1.458353 3.000000 1 1 
5733 4.459000 4.210000 4.096327 0.250000 0.364130 1.000000 1.456519 3.000000 1 1 
5734 4.460000 4.211000 4.097781 0.250000 0.363673 1.000000 1.454693 3.000000 1 1 
5735 4.461000 4.212000 4.099234 0.250000 0.363219 1.000000 1.452875 3.000000 1 1 
5736 4.462000 4.213000 4.100685 0.250000 0.362766 1.000000 1.451063 3.000000 1 1 
5737 4.463000 4.214000 4.102135 0.250000 0.362315 1.000000 1.449259 3.000000 1 1 
5738 4.464000 4.215000 4.103582 0.250000 0.361865 1.000000 1.447462 3.000000 1 1 
5739 4.465000 4.216000 4.105028 0.250000 0.361418 1.000000 1.445672 3.000000 1 1 
5740 4.466000 4.217000 4.106472 0.250000 0.360972 1.000000 1.443889 3.000000 1 1 
5741 4.467000 4.218000 4.107914 0.250000 0.360528 1.000000 1.442114 3.000000 1 1 
5742 4.468000 4.219000 4.109354 0.250000 0.360086 1.000000 1.440345 3.000000 1 1 
5743 4.469000 4.220000 4.110793 0.250000 0.359646 1.000000 1.438584 3.000000 1 1 
5744 4.470000 4.221000 4.112229 0.250000 0.359207 1.000000 1.436830 3.000000 1 1 
5745 4.471000 4.222000 4.113665 0.250000 0.358771 1.000000 1.435082 3.000000 1 1 
5746 4.472000 4.223000 4.115098 0.250000 0.358335 1.000000 1.433342 3.000000 1 1 
5747 4.473000 4.224000 4.116529 0.250000 0.357902 1.000000 1.431609 3.000000 1 1 
5748 4.474000 4.225000 4.117959 0.250000 0.357471 1.000000 1.429882 3.000000 1 1 
5749 4.475000 4.226000 4.119388 0.250000 0.357041 1.000000 1.428163 3.000000 1 1 
5750 4.476000 4.227000 4.120814 0.250000 0.356612 1.000000 1.426450 3.000000 1 1 
5751 4.477000 4.228000 4.122239 0.250000 0.356186 1.000000 1.424744 3.000000 1 1 
5752 4.478000 4.229000 4.123662 0.250000 0.355761 1.000000 1.423045 3.000000 1 1 
5753 4.479000 4.230000 4.125083 0.250000 0.355338 1.000000 1.421353 3.000000 1 1 
5754 4.480000 4.231000 4.126503 0.250000 0.354917 1.000000 1.419668 3.000000 1 1 
5755 4.481000 4.232000 4.127921 0.250000 0.354497 1.000000 1.417989 3.000000 1 1 
5756 4.482000 4.233000 4.129337 0.250000 0.354079 1.000000 1.416317 3.000000 1 1 
5757 4.483000 4.234000 4.130752 0.250000 0.353663 1.000000 1.414652 3.000000 1 1 
5758 4.484000 4.235000 4.132165 0.250000 0.353248 1.000000 1.412993 3.000000 1 1 
5759 4.485000 4.236000 4.133576 0.250000 0.352835 1.000000 1.411341 3.000000 1 1 
5760 4.486000 4.237000 4.134986 0.250000 0.352424 1.000000 1.409696 3.000000 1 1 
5761 4.487000 4.238000 4.136394 0.250000 0.352014 1.000000 1.408057 3.000000 1 1 
5762 4.488000 4.239000 4.137800 0.250000 0.351606 1.000000 1.406425 3.000000 1 1 
5763 4.489000 4.240000 4.139205 0.250000 0.351200 1.000000 1.404799 3.000000 1 1 
5764 4.490000 4.241000 4.140608 0.250000 0.350795 1.000000 1.403180 3.000000 1 1 
5765 4.491000 4.242000 4.142010 0.250000 0.350392 1.000000 1.401567 3.000000 1 1 
5766 4.492000 4.243000 4.143410 0.250000 0.349990 1.000000 1.399961 3.000000 1 1 
5767 4.493000 4.244000 4.144808 0.250000 0.349590 1.000000 1.398361 3.000000 1 1 
5768 4.494000 4.245000 4.146205 0.250000 0.349192 1.000000 1.396768 3.000000 1 1 
5769 4.495000 4.246000 4.147600 0.250000 0.348795 1.000000 1.395180 3.000000 1 1 
5770 4.496000 4.247000 4.148994 0.250000 0.348400 1.000000 1.393600 3.000000 1 1 
5771 4.497000 4.248000 4.150386 0.250000 0.348006 1.000000 1.392025 3.000000 1 1 
5772 4.498000 4.249000 4.151776 0.250000 0.347614 1.000000 1.390457 3.000000 1 1 
5773 4.499000 4.250000 4.153165 0.250000 0.347224 1.000000 1.388895 3.000000 1 1 
5774 4.500000 4.251000 4.154552 0.250000 0.346835 1.000000 1.387340 3.000000 1 1 
5775 4.501000 4.252000 4.155938 0.250000 0.346448 1.000000 1.385790 3.000000 1 1 
5776 4.502000 4.253000 4.157322 0.250000 0.346062 1.000000 1.384247 3.000000 1 1 
5777 4.503000 4.254000 4.158705 0.250000 0.345678 1.000000 1.382710 3.000000 1 1 
5778 4.504000 4.255000 4.160086 0.250000 0.345295 1.000000 1.381180 3.000000 1 1 
5779 4.505000 4.256000 4.161466 0.250000 0.344914 1.000000 1.379655 3.000000 1 1 
5780 4.506000 4.257000 4.162844 0.250000 0.344534 1.000000 1.378136 3.000000 1 1 
5781 4.507000 4.258000 4.164221 0.250000 0.344156 1.000000 1.376624 3.000000 1 1 
5782 4.508000 4.259000 4.165596 0.250000 0.343779 1.000000 1.375117 3.000000 1 1 
5783 4.509000 4.260000 4.166969 0.250000 0.343404 1.000000 1.373617 3.000000 1 1 
5784 4.510000 4.261000 4.168342 0.250000 0.343031 1.000000 1.372122 3.000000 1 1 
5785 4.511000 4.262000 4.169712 0.250000 0.342658 1.000000 1.370634 3.000000 1 1 
5786 4.512000 4.263000 4.171081 0.250000 0.342288 1.000000 1.369151 3.000000 1 1 
5787 4.513000 4.264000 4.172449 0.250000 0.341919 1.000000 1.367675 3.000000 1 1 
5788 4.514000 4.265000 4.173815 0.250000 0.341551 1.000000 1.366204 3.000000 1 1 
5789 4.515000 4.266000 4.175180 0.250000 0.341185 1.000000 1.364739 3.000000 1 1 
5790 4.516000 4.267000 4.176543 0.250000 0.340820 1.000000 1.363280 3.000000 1 1 
5791 4.517000 4.268000 4.177905 0.250000 0.340457 1.000000 1.361827 3.000000 1 1 
5792 4.518000 4.269000 4.179265 0.250000 0.340095 1.000000 1.360380 3.000000 1 1 
5793 4.519000 4.270000 4.180624 0.250000 0.339735 1.000000 1.358938 3.000000 1 1 
5794 4.520000 4.271000 4.181982 0.250000 0.339376 1.000000 1.357502 3.000000 1 1 
5795 4.521000 4.272000 4.183338 0.250000 0.339018 1.000000 1.356072 3.000000 1 1 
5796 4.522000 4.273000 4.184693 0.250000 0.338662 1.000000 1.354648 3.000000 1 1 
5797 4.523000 4.274000 4.186046 0.250000 0.338307 1.000000 1.353230 3.000000 1 1 
5798 4.524000 4.275000 4.187398 0.250000 0.337954 1.000000 1.351817 3.000000 1 1 
5799 4.525000 4.276000 4.188748 0.250000 0.337602 1.000000 1.350409 3.000000 1 1 
5800 4.526000 4.277000 4.190097 0.250000 0.337252 1.000000 1.349008 3.000000 1 1 
5801 4.527000 4.278000 4.191445 0.250000 0.336903 1.000000 1.347612 3.000000 1 1 
5802 4.528000 4.279000 4.192791 0.250000 0.336555 1.000000 1.346221 3.000000 1 1 
5803 4.529000 4.280000 4.194136 0.250000 0.336209 1.000000 1.344836 3.000000 1 1 
5804 4.530000 4.281000 4.195479 0.250000 0.335864 1.000000 1.343457 3.000000 1 1 
5805 4.531000 4.282000 4.196821 0.250000 0.335521 1.000000 1.342083 3.000000 1 1 
5806 4.532000 4.283000 4.198162 0.250000 0.335179 1.000000 1.340715 3.000000 1 1 
5807 4.533000 4.284000 4.199501 0.250000 0.334838 1.000000 1.339352 3.000000 1 1 
5808 4.534000 4.285000 4.200839 0.250000 0.334499 1.000000 1.337995 3.000000 1 1 
5809 4.535000 4.286000 4.202176 0.250000 0.334161 1.000000 1.336643 3.000000 1 1 
5810 4.536000 4.287000 4.203511 0.250000 0.333824 1.000000 1.335296 3.000000 1 1 
5811 4.537000 4.288000 4.204845 0.250000 0.333489 1.000000 1.333955 3.000000 1 1 
5812 4.538000 4.289000 4.206178 0.250000 0.333155 1.000000 1.332619 3.000000 1 1 
5813 4.539000 4.290000 4.207509 0.250000 0.332822 1.000000 1.331289 3.000000 1 1 
5814 4.540000 4.291000 4.208839 0.250000 0.332491 1.000000 1.329963 3.000000 1 1 
5815 4.541000 4.292000 4.210168 0.250000 0.332161 1.000000 1.328644 3.000000 1 1 
5816 4.542000 4.293000 4.211495 0.250000 0.331832 1.000000 1.327329 3.000000 1 1 
5817 4.543000 4.294000 4.212821 0.250000 0.331505 1.000000 1.326020 3.000000 1 1 
5818 4.544000 4.295000 4.214146 0.250000 0.331179 1.000000 1.324716 3.000000 1 1 
5819 4.545000 4.296000 4.215469 0.250000 0.330854 1.000000 1.323417 3.000000 1 1 
5820 4.546000 4.297000 4.216791 0.250000 0.330531 1.000000 1.322123 3.000000 1 1 
5821 4.547000 4.298000 4.218112 0.250000 0.330209 1.000000 1.320835 3.000000 1 1 
5822 4.548000 4.299000 4.219432 0.250000 0.329888 1.000000 1.319551 3.000000 1 1 
5823 4.549000 4.300000 4.220750 0.250000 0.329568 1.000000 1.318273 3.000000 1 1 
5824 4.550000 4.301000 4.222067 0.250000 0.329250 1.000000 1.317000 3.000000 1 1 
5825 4.551000 4.302000 4.223383 0.250000 0.328933 1.000000 1.315732 3.000000 1 1 
5826 4.552000 4.303000 4.224697 0.250000 0.328617 1.000000 1.314469 3.000000 1 1 
5827 4.553000 4.304000 4.226010 0.250000 0.328303 1.000000 1.313211 3.000000 1 1 
5828 4.554000 4.305000 4.227322 0.250000 0.327990 1.000000 1.311958 3.000000 1 1 
5829 4.555000 4.306000 4.228633 0.250000 0.327678 1.000000 1.310710 3.000000 1 1 
5830 4.556000 4.307000 4.229943 0.250000 0.327367 1.000000 1.309468 3.000000 1 1 
5831 4.557000 4.308000 4.231251 0.250000 0.327057 1.000000 1.308230 3.000000 1 1 
5832 4.558000 4.309000 4.232558 0.250000 0.326749 1.000000 1.306997 3.000000 1 1 
5833 4.559000 4.310000 4.233864 0.250000 0.326442 1.000000 1.305769 3.000000 1 1 
5834 4.560000 4.311000 4.235168 0.250000 0.326136 1.000000 1.304546 3.000000 1 1 
5835 4.561000 4.312000 4.236471 0.250000 0.325832 1.000000 1.303328 3.000000 1 1 
5836 4.562000 4.313000 4.237774 0.250000 0.325529 1.000000 1.302114 3.000000 1 1 
5837 4.563000 4.314000 4.239074 0.250000 0.325226 1.000000 1.300906 3.000000 1 1 
5838 4.564000 4.315000 4.240374 0.250000 0.324926 1.000000 1.299702 3.000000 1 1 
5839 4.565000 4.316000 4.241673 0.250000 0.324626 1.000000 1.298503 3.000000 1 1 
5840 4.566000 4.317000 4.242970 0.250000 0.324327 1.000000 1.297309 3.000000 1 1 
5841 4.567000 4.318000 4.244266 0.250000 0.324030 1.000000 1.296120 3.000000 1 1 
5842 4.568000 4.319000 4.245561 0.250000 0.323734 1.000000 1.294936 3.000000 1 1 
5843 4.569000 4.320000 4.246855 0.250000 0.323439 1.000000 1.293756 3.000000 1 1 
5844 4.570000 4.321000 4.248147 0.250000 0.323145 1.000000 1.292581 3.000000 1 1 
5845 4.571000 4.322000 4.249439 0.250000 0.322853 1.000000 1.291411 3.000000 1 1 
5846 4.572000 4.323000 4.250729 0.250000 0.322561 1.000000 1.290245 3.000000 1 1 
5847 4.573000 4.324000 4.252018 0.250000 0.322271 1.000000 1.289084 3.000000 1 1 
5848 4.574000 4.325000 4.253306 0.250000 0.321982 1.000000 1.287928 3.000000 1 1 
5849 4.575000 4.326000 4.254593 0.250000 0.321694 1.000000 1.286776 3.000000 1 1 
5850 4.576000 4.327000 4.255878 0.250000 0.321407 1.000000 1.285629 3.000000 1 1 
5851 4.577000 4.328000 4.257163 0.250000 0.321122 1.000000 1.284486 3.000000 1 1 
5852 4.578000 4.329000 4.258446 0.250000 0.320837 1.000000 1.283348 3.000000 1 1 
5853 4.579000 4.330000 4.259728 0.250000 0.320554 1.000000 1.282215 3.000000 1 1 
5854 4.580000 4.331000 4.261010 0.250000 0.320272 1.000000 1.281086 3.000000 1 1 
5855 4.581000 4.332000 4.262290 0.250000 0.319990 1.000000 1.279962 3.000000 1 1 
5856 4.582000 4.333000 4.263568 0.250000 0.319710 1.000000 1.278842 3.000000 1 1 
5857 4.583000 4.334000 4.264846 0.250000 0.319432 1.000000 1.277726 3.000000 1 1 
5858 4.584000 4.335000 4.266123 0.250000 0.319154 1.000000 1.276616 3.000000 1 1 
5859 4.585000 4.336000 4.267398 0.250000 0.318877 1.000000 1.275509 3.000000 1 1 
5860 4.586000 4.337000 4.268673 0.250000 0.318602 1.000000 1.274407 3.000000 1 1 
5861 4.587000 4.338000 4.269946 0.250000 0.318327 1.000000 1.273309 3.000000 1 1 
5862 4.588000 4.339000 4.271218 0.250000 0.318054 1.000000 1.272216 3.000000 1 1 
5863 4.589000 4.340000 4.272489 0.250000 0.317782 1.000000 1.271127 3.000000 1 1 
5864 4.590000 4.341000 4.273759 0.250000 0.317511 1.000000 1.270043 3.000000 1 1 
5865 4.591000 4.342000 4.275028 0.250000 0.317241 1.000000 1.268963 3.000000 1 1 
5866 4.592000 4.343000 4.276296 0.250000 0.316972 1.000000 1.267887 3.000000 1 1 
5867 4.593000 4.344000 4.277563 0.250000 0.316704 1.000000 1.266815 3.000000 1 1 
5868 4.594000 4.345000 4.278829 0.250000 0.316437 1.000000 1.265748 3.000000 1 1 
5869 4.595000 4.346000 4.280093 0.250000 0.316171 1.000000 1.264685 3.000000 1 1 
5870 4.596000 4.347000 4.281357 0.250000 0.315907 1.000000 1.263626 3.000000 1 1 
5871 4.597000 4.348000 4.282620 0.250000 0.315643 1.000000 1.262572 3.000000 1 1 
5872 4.598000 4.349000 4.283881 0.250000 0.315380 1.000000 1.261521 3.000000 1 1 
5873 4.599000 4.350000 4.285142 0.250000 0.315119 1.000000 1.260475 3.000000 1 1 
5874 4.600000 4.351000 4.286401 0.250000 0.314858 1.000000 1.259433 3.000000 1 1 
5875 4.601000 4.352000 4.287659 0.250000 0.314599 1.000000 1.258396 3.000000 1 1 
5876 4.602000 4.353000 4.288917 0.250000 0.314341 1.000000 1.257362 3.000000 1 1 
5877 4.603000 4.354000 4.290173 0.250000 0.314083 1.000000 1.256333 3.000000 1 1 
5878 4.604000 4.355000 4.291428 0.250000 0.313827 1.000000 1.255307 3.000000 1 1 
5879 4.605000 4.356000 4.292683 0.250000 0.313572 1.000000 1.254286 3.000000 1 1 
5880 4.606000 4.357000 4.293936 0.250000 0.313317 1.000000 1.253269 3.000000 1 1 
5881 4.607000 4.358000 4.295188 0.250000 0.313064 1.000000 1.252256 3.000000 1 1 
5882 4.608000 4.359000 4.296440 0.250000 0.312812 1.000000 1.251247 3.000000 1 1 
5883 4.609000 4.360000 4.297690 0.250000 0.312560 1.000000 1.250242 3.000000 1 1 
5884 4.610000 4.361000 4.298939 0.250000 0.312310 1.000000 1.249241 3.000000 1 1 
5885 4.611000 4.362000 4.300187 0.250000 0.312061 1.000000 1.248244 3.000000 1 1 
5886 4.612000 4.363000 4.301434 0.250000 0.311813 1.000000 1.247251 3.000000 1 1 
5887 4.613000 4.364000 4.302681 0.250000 0.311566 1.000000 1.246262 3.000000 1 1 
5888 4.614000 4.365000 4.303926 0.250000 0.311319 1.000000 1.245277 3.000000 1 1 
5889 4.615000 4.366000 4.305170 0.250000 0.311074 1.000000 1.244296 3.000000 1 1 
5890 4.616000 4.367000 4.306414 0.250000 0.310830 1.000000 1.243319 3.000000 1 1 
5891 4.617000 4.368000 4.307656 0.250000 0.310586 1.000000 1.242345 3.000000 1 1 
5892 4.618000 4.369000 4.308897 0.250000 0.310344 1.000000 1.241376 3.000000 1 1 
5893 4.619000 4.370000 4.310138 0.250000 0.310103 1.000000 1.240411 3.000000 1 1 
5894 4.620000 4.371000 4.311377 0.250000 0.309862 1.000000 1.239449 3.000000 1 1 
5895 4.621000 4.372000 4.312616 0.250000 0.309623 1.000000 1.238491 3.000000 1 1 
5896 4.622000 4.373000 4.313853 0.250000 0.309384 1.000000 1.237537 3.000000 1 1 
5897 4.623000 4.374000 4.315090 0.250000 0.309147 1.000000 1.236587 3.000000 1 1 
5898 4.624000 4.375000 4.316325 0.250000 0.308910 1.000000 1.235641 3.000000 1 1 
5899 4.625000 4.376000 4.317560 0.250000 0.308675 1.000000 1.234698 3.000000 1 1 
5900 4.626000 4.377000 4.318794 0.250000 0.308440 1.000000 1.233759 3.000000 1 1 
5901 4.627000 4.378000 4.320027 0.250000 0.308206 1.000000 1.232824 3.000000 1 1 
5902 4.628000 4.379000 4.321259 0.250000 0.307973 1.000000 1.231893 3.000000 1 1 
5903 4.629000 4.380000 4.322490 0.250000 0.307741 1.000000 1.230965 3.000000 1 1 
5904 4.630000 4.381000 4.323720 0.250000 0.307510 1.000000 1.230041 3.000000 1 1 
5905 4.631000 4.382000 4.324949 0.250000 0.307280 1.000000 1.229121 3.000000 1 1 
5906 4.632000 4.383000 4.326177 0.250000 0.307051 1.000000 1.228205 3.000000 1 1 
5907 4.633000 4.384000 4.327404 0.250000 0.306823 1.000000 1.227292 3.000000 1 1 
5908 4.634000 4.385000 4.328631 0.250000 0.306596 1.000000 1.226383 3.000000 1 1 
5909 4.635000 4.386000 4.329856 0.250000 0.306369 1.000000 1.225477 3.000000 1 1 
5910 4.636000 4.387000 4.331081 0.250000 0.306144 1.000000 1.224575 3.000000 1 1 
5911 4.637000 4.388000 4.332304 0.250000 0.305919 1.000000 1.223677 3.000000 1 1 
5912 4.638000 4.389000 4.333527 0.250000 0.305696 1.000000 1.222782 3.000000 1 1 
5913 4.639000 4.390000 4.334749 0.250000 0.305473 1.000000 1.221891 3.000000 1 1 
5914 4.640000 4.391000 4.335970 0.250000 0.305251 1.000000 1.221004 3.000000 1 1 
5915 4.641000 4.392000 4.337190 0.250000 0.305030 1.000000 1.220120 3.000000 1 1 
5916 4.642000 4.393000 4.338409 0.250000 0.304810 1.000000 1.219239 3.000000 1 1 
5917 4.643000 4.394000 4.339628 0.250000 0.304591 1.000000 1.218362 3.000000 1 1 
5918 4.644000 4.395000 4.340845 0.250000 0.304372 1.000000 1.217489 3.000000 1 1 
5919 4.645000 4.396000 4.342062 0.250000 0.304155 1.000000 1.216619 3.000000 1 1 
5920 4.646000 4.397000 4.343278 0.250000 0.303938 1.000000 1.215752 3.000000 1 1 
5921 4.647000 4.398000 4.344493 0.250000 0.303722 1.000000 1.214889 3.000000 1 1 
5922 4.648000 4.399000 4.345707 0.250000 0.303507 1.000000 1.214030 3.000000 1 1 
5923 4.649000 4.400000 4.346920 0.250000 0.303293 1.000000 1.213174 3.000000 1 1 
5924 4.650000 4.401000 4.348132 0.250000 0.303080 1.000000 1.212321 3.000000 1 1 
5925 4.651000 4.402000 4.349344 0.250000 0.302868 1.000000 1.211472 3.000000 1 1 
5926 4.652000 4.403000 4.350554 0.250000 0.302656 1.000000 1.210626 3.000000 1 1 
5927 4.653000 4.404000 4.351764 0.250000 0.302446 1.000000 1.209783 3.000000 1 1 
5928 4.654000 4.405000 4.352973 0.250000 0.302236 1.000000 1.208944 3.000000 1 1 
5929 4.655000 4.406000 4.354181 0.250000 0.302027 1.000000 1.208108 3.000000 1 1 
5930 4.656000 4.407000 4.355388 0.250000 0.301819 1.000000 1.207276 3.000000 1 1 
5931 4.657000 4.408000 4.356595 0.250000 0.301612 1.000000 1.206447 3.000000 1 1 
5932 4.658000 4.409000 4.357800 0.250000 0.301405 1.000000 1.205621 3.000000 1 1 
5933 4.659000 4.410000 4.359005 0.250000 0.301200 1.000000 1.204799 3.000000 1 1 
5934 4.660000 4.411000 4.360209 0.250000 0.300995 1.000000 1.203979 3.000000 1 1 
5935 4.661000 4.412000 4.361412 0.250000 0.300791 1.000000 1.203163 3.000000 1 1 
5936 4.662000 4.413000 4.362615 0.250000 0.300588 1.000000 1.202351 3.000000 1 1 
5937 4.663000 4.414000 4.363816 0.250000 0.300385 1.000000 1.201541 3.000000 1 1 
5938 4.664000 4.415000 4.365017 0.250000 0.300184 1.000000 1.200735 3.000000 1 1 
5939 4.665000 4.416000 4.366217 0.250000 0.299983 1.000000 1.199932 3.000000 1 1 
5940 4.666000 4.417000 4.367416 0.250000 0.299783 1.000000 1.199133 3.000000 1 1 
5941 4.667000 4.418000 4.368614 0.250000 0.299584 1.000000 1.198336 3.000000 1 1 
5942 4.668000 4.419000 4.369812 0.250000 0.299386 1.000000 1.197543 3.000000 1 1 
5943 4.669000 4.420000 4.371009 0.250000 0.299188 1.000000 1.196753 3.000000 1 1 
5944 4.670000 4.421000 4.372205 0.250000 0.298991 1.000000 1.195966 3.000000 1 1 
5945 4.671000 4.422000 4.373400 0.250000 0.298795 1.000000 1.195182 3.000000 1 1 
5946 4.672000 4.423000 4.374594 0.250000 0.298600 1.000000 1.194401 3.000000 1 1 
5947 4.673000 4.424000 4.375788 0.250000 0.298406 1.000000 1.193623 3.000000 1 1 
5948 4.674000 4.425000 4.376981 0.250000 0.298212 1.000000 1.192849 3.000000 1 1 
5949 4.675000 4.426000 4.378173 0.250000 0.298019 1.000000 1.192077 3.000000 1 1 
5950 4.676000 4.427000 4.379364 0.250000 0.297827 1.000000 1.191309 3.000000 1 1 
5951 4.677000 4.428000 4.380555 0.250000 0.297636 1.000000 1.190544 3.000000 1 1 
5952 4.678000 4.429000 4.381744 0.250000 0.297445 1.000000 1.189782 3.000000 1 1 
5953 4.679000 4.430000 4.382933 0.250000 0.297256 1.000000 1.189023 3.000000 1 1 
5954 4.680000 4.431000 4.384122 0.250000 0.297067 1.000000 1.188267 3.000000 1 1 
5955 4.681000 4.432000 4.385309 0.250000 0.296878 1.000000 1.187513 3.000000 1 1 
5956 4.682000 4.433000 4.386496 0.250000 0.296691 1.000000 1.186763 3.000000 1 1 
5957 4.683000 4.434000 4.387682 0.250000 0.296504 1.000000 1.186016 3.000000 1 1 
5958 4.684000 4.435000 4.388867 0.250000 0.296318 1.000000 1.185272 3.000000 1 1 
5959 4.685000 4.436000 4.390052 0.250000 0.296133 1.000000 1.184531 3.000000 1 1 
5960 4.686000 4.437000 4.391236 0.250000 0.295948 1.000000 1.183793 3.000000 1 1 
5961 4.687000 4.438000 4.392419 0.250000 0.295764 1.000000 1.183058 3.000000 1 1 
5962 4.688000 4.439000 4.393601 0.250000 0.295581 1.000000 1.182326 3.000000 1 1 
5963 4.689000 4.440000 4.394783 0.250000 0.295399 1.000000 1.181596 3.000000 1 1 
5964 4.690000 4.441000 4.395963 0.250000 0.295217 1.000000 1.180870 3.000000 1 1 
5965 4.691000 4.442000 4.397144 0.250000 0.295037 1.000000 1.180146 3.000000 1 1 
5966 4.692000 4.443000 4.398323 0.250000 0.294856 1.000000 1.179426 3.000000 1 1 
5967 4.693000 4.444000 4.399502 0.250000 0.294677 1.000000 1.178708 3.000000 1 1 
5968 4.694000 4.445000 4.400680 0.250000 0.294498 1.000000 1.177993 3.000000 1 1 
5969 4.695000 4.446000 4.401857 0.250000 0.294320 1.000000 1.177281 3.000000 1 1 
5970 4.696000 4.447000 4.403034 0.250000 0.294143 1.000000 1.176572 3.000000 1 1 
5971 4.697000 4.448000 4.404209 0.250000 0.293966 1.000000 1.175866 3.000000 1 1 
5972 4.698000 4.449000 4.405385 0.250000 0.293791 1.000000 1.175163 3.000000 1 1 
5973 4.699000 4.450000 4.406559 0.250000 0.293615 1.000000 1.174462 3.000000 1 1 
5974 4.700000 4.451000 4.407733 0.250000 0.293441 1.000000 1.173764 3.000000 1 1 
5975 4.701000 4.452000 4.408906 0.250000 0.293267 1.000000 1.173069 3.000000 1 1 
5976 4.702000 4.453000 4.410078 0.250000 0.293094 1.000000 1.172377 3.000000 1 1 
5977 4.703000 4.454000 4.411250 0.250000 0.292922 1.000000 1.171687 3.000000 1 1 
5978 4.704000 4.455000 4.412421 0.250000 0.292750 1.000000 1.171000 3.000000 1 1 
5979 4.705000 4.456000 4.413591 0.250000 0.292579 1.000000 1.170316 3.000000 1 1 
5980 4.706000 4.457000 4.414761 0.250000 0.292409 1.000000 1.169635 3.000000 1 1 
5981 4.707000 4.458000 4.415930 0.250000 0.292239 1.000000 1.168957 3.000000 1 1 
5982 4.708000 4.459000 4.417098 0.250000 0.292070 1.000000 1.168281 3.000000 1 1 
5983 4.709000 4.460000 4.418266 0.250000 0.291902 1.000000 1.167608 3.000000 1 1 
5984 4.710000 4.461000 4.419433 0.250000 0.291734 1.000000 1.166937 3.000000 1 1 
5985 4.711000 4.462000 4.420599 0.250000 0.291567 1.000000 1.166270 3.000000 1 1 
5986 4.712000 4.463000 4.421764 0.250000 0.291401 1.000000 1.165604 3.000000 1 1 
5987 4.713000 4.464000 4.422929 0.250000 0.291236 1.000000 1.164942 3.000000 1 1 
5988 4.714000 4.465000 4.424094 0.250000 0.291071 1.000000 1.164282 3.000000 1 1 
5989 4.715000 4.466000 4.425257 0.250000 0.290906 1.000000 1.163625 3.000000 1 1 
5990 4.716000 4.467000 4.426420 0.250000 0.290743 1.000000 1.162971 3.000000 1 1 
5991 4.717000 4.468000 4.427583 0.250000 0.290580 1.000000 1.162319 3.000000 1 1 
5992 4.718000 4.469000 4.428744 0.250000 0.290417 1.000000 1.161669 3.000000 1 1 
5993 4.719000 4.470000 4.429905 0.250000 0.290256 1.000000 1.161023 3.000000 1 1 
5994 4.720000 4.471000 4.431066 0.250000 0.290095 1.000000 1.160379 3.000000 1 1 
5995 4.721000 4.472000 4.432225 0.250000 0.289934 1.000000 1.159737 3.000000 1 1 
5996 4.722000 4.473000 4.433385 0.250000 0.289775 1.000000 1.159098 3.000000 1 1 
5997 4.723000 4.474000 4.434543 0.250000 0.289615 1.000000 1.158462 3.000000 1 1 
5998 4.724000 4.475000 4.435701 0.250000 0.289457 1.000000 1.157828 3.000000 1 1 
5999 4.725000 4.476000 4.436858 0.250000 0.289299 1.000000 1.157197 3.000000 1 1 
6000 4.726000 4.477000 4.438015 0.250000 0.289142 1.000000 1.156568 3.000000 1 1 
6001 4.727000 4.478000 4.439171 0.250000 0.288985 1.000000 1.155942 3.000000 1 1 
6002 4.728000 4.479000 4.440326 0.250000 0.288829 1.000000 1.155318 3.000000 1 1 
6003 4.729000 4.480000 4.441481 0.250000 0.288674 1.000000 1.154697 3.000000 1 1 
6004 4.730000 4.481000 4.442635 0.250000 0.288519 1.000000 1.154078 3.000000 1 1 
6005 4.731000 4.482000 4.443788 0.250000 0.288365 1.000000 1.153461 3.000000 1 1 
6006 4.732000 4.483000 4.444941 0.250000 0.288212 1.000000 1.152848 3.000000 1 1 
6007 4.733000 4.484000 4.446093 0.250000 0.288059 1.000000 1.152236 3.000000 1 1 
6008 4.734000 4.485000 4.447245 0.250000 0.287907 1.000000 1.151627 3.000000 1 1 
6009 4.735000 4.486000 4.448396 0.250000 0.287755 1.000000 1.151021 3.000000 1 1 
6010 4.736000 4.487000 4.449546 0.250000 0.287604 1.000000 1.150417 3.000000 1 1 
6011 4.737000 4.488000 4.450696 0.250000 0.287454 1.000000 1.149815 3.000000 1 1 
6012 4.738000 4.489000 4.451845 0.250000 0.287304 1.000000 1.149216 3.000000 1 1 
6013 4.739000 4.490000 4.452994 0.250000 0.287155 1.000000 1.148619 3.000000 1 1 
6014 4.740000 4.491000 4.454142 0.250000 0.287006 1.000000 1.148024 3.000000 1 1 
6015 4.741000 4.492000 4.455289 0.250000 0.286858 1.000000 1.147432 3.000000 1 1 
6016 4.742000 4.493000 4.456436 0.250000 0.286711 1.000000 1.146843 3.000000 1 1 
6017 4.743000 4.494000 4.457582 0.250000 0.286564 1.000000 1.146255 3.000000 1 1 
6018 4.744000 4.495000 4.458728 0.250000 0.286418 1.000000 1.145670 3.000000 1 1 
6019 4.745000 4.496000 4.459873 0.250000 0.286272 1.000000 1.145088 3.000000 1 1 
6020 4.746000 4.497000 4.461018 0.250000 0.286127 1.000000 1.144507 3.000000 1 1 
6021 4.747000 4.498000 4.462162 0.250000 0.285982 1.000000 1.143929 3.000000 1 1 
6022 4.748000 4.499000 4.463305 0.250000 0.285838 1.000000 1.143353 3.000000 1 1 
6023 4.749000 4.500000 4.464448 0.250000 0.285695 1.000000 1.142780 3.000000 1 1 
6024 4.750000 4.501000 4.465590 0.250000 0.285552 1.000000 1.142209 3.000000 1 1 
6025 4.751000 4.502000 4.466732 0.250000 0.285410 1.000000 1.141640 3.000000 1 1 
6026 4.752000 4.503000 4.467873 0.250000 0.285268 1.000000 1.141074 3.000000 1 1 
6027 4.753000 4.504000 4.469013 0.250000 0.285127 1.000000 1.140509 3.000000 1 1 
6028 4.754000 4.505000 4.470153 0.250000 0.284987 1.000000 1.139947 3.000000 1 1 
6029 4.755000 4.506000 4.471293 0.250000 0.284847 1.000000 1.139387 3.000000 1 1 
6030 4.756000 4.507000 4.472431 0.250000 0.284707 1.000000 1.138830 3.000000 1 1 
6031 4.757000 4.508000 4.473570 0.250000 0.284569 1.000000 1.138275 3.000000 1 1 
6032 4.758000 4.509000 4.474707 0.250000 0.284430 1.000000 1.137721 3.000000 1 1 
6033 4.759000 4.510000 4.475845 0.250000 0.284293 1.000000 1.137171 3.000000 1 1 
6034 4.760000 4.511000 4.476981 0.250000 0.284155 1.000000 1.136622 3.000000 1 1 
6035 4.761000 4.512000 4.478117 0.250000 0.284019 1.000000 1.136075 3.000000 1 1 
6036 4.762000 4.513000 4.479253 0.250000 0.283883 1.000000 1.135531 3.000000 1 1 
6037 4.763000 4.514000 4.480388 0.250000 0.283747 1.000000 1.134989 3.000000 1 1 
6038 4.764000 4.515000 4.481522 0.250000 0.283612 1.000000 1.134449 3.000000 1 1 
6039 4.765000 4.516000 4.482656 0.250000 0.283478 1.000000 1.133911 3.000000 1 1 
6040 4.766000 4.517000 4.483789 0.250000 0.283344 1.000000 1.133376 3.000000 1 1 
6041 4.767000 4.518000 4.484922 0.250000 0.283211 1.000000 1.132842 3.000000 1 1 
6042 4.768000 4.519000 4.486055 0.250000 0.283078 1.000000 1.132311 3.000000 1 1 
6043 4.769000 4.520000 4.487186 0.250000 0.282945 1.000000 1.131781 3.000000 1 1 
6044 4.770000 4.521000 4.488318 0.250000 0.282814 1.000000 1.131254 3.000000 1 1 
6045 4.771000 4.522000 4.489448 0.250000 0.282682 1.000000 1.130729 3.000000 1 1 
6046 4.772000 4.523000 4.490579 0.250000 0.282552 1.000000 1.130206 3.000000 1 1 
6047 4.773000 4.524000 4.491708 0.250000 0.282421 1.000000 1.129686 3.000000 1 1 
6048 4.774000 4.525000 4.492837 0.250000 0.282292 1.000000 1.129167 3.000000 1 1 
6049 4.775000 4.526000 4.493966 0.250000 0.282163 1.000000 1.128650 3.000000 1 1 
6050 4.776000 4.527000 4.495094 0.250000 0.282034 1.000000 1.128136 3.000000 1 1 
6051 4.777000 4.528000 4.496222 0.250000 0.281906 1.000000 1.127623 3.000000 1 1 
6052 4.778000 4.529000 4.497349 0.250000 0.281778 1.000000 1.127113 3.000000 1 1 
6053 4.779000 4.530000 4.498476 0.250000 0.281651 1.000000 1.126604 3.000000 1 1 
6054 4.780000 4.531000 4.499602 0.250000 0.281524 1.000000 1.126098 3.000000 1 1 
6055 4.781000 4.532000 4.500727 0.250000 0.281398 1.000000 1.125593 3.000000 1 1 
6056 4.782000 4.533000 4.501852 0.250000 0.281273 1.000000 1.125091 3.000000 1 1 
6057 4.783000 4.534000 4.502977 0.250000 0.281148 1.000000 1.124591 3.000000 1 1 
6058 4.784000 4.535000 4.504101 0.250000 0.281023 1.000000 1.124092 3.000000 1 1 
6059 4.785000 4.536000 4.505225 0.250000 0.280899 1.000000 1.123596 3.000000 1 1 
6060 4.786000 4.537000 4.506348 0.250000 0.280775 1.000000 1.123101 3.000000 1 1 
6061 4.787000 4.538000 4.507470 0.250000 0.280652 1.000000 1.122609 3.000000 1 1 
6062 4.788000 4.539000 4.508592 0.250000 0.280530 1.000000 1.122119 3.000000 1 1 
6063 4.789000 4.540000 4.509714 0.250000 0.280408 1.000000 1.121630 3.000000 1 1 
6064 4.790000 4.541000 4.510835 0.250000 0.280286 1.000000 1.121144 3.000000 1 1 
6065 4.791000 4.542000 4.511956 0.250000 0.280165 1.000000 1.120659 3.000000 1 1 
6066 4.792000 4.543000 4.513076 0.250000 0.280044 1.000000 1.120176 3.000000 1 1 
6067 4.793000 4.544000 4.514196 0.250000 0.279924 1.000000 1.119696 3.000000 1 1 
6068 4.794000 4.545000 4.515315 0.250000 0.279804 1.000000 1.119217 3.000000 1 1 
6069 4.795000 4.546000 4.516434 0.250000 0.279685 1.000000 1.118740 3.000000 1 1 
6070 4.796000 4.547000 4.517552 0.250000 0.279566 1.000000 1.118265 3.000000 1 1 
6071 4.797000 4.548000 4.518670 0.250000 0.279448 1.000000 1.117792 3.000000 1 1 
6072 4.798000 4.549000 4.519787 0.250000 0.279330 1.000000 1.117321 3.000000 1 1 
6073 4.799000 4.550000 4.520904 0.250000 0.279213 1.000000 1.116852 3.000000 1 1 
6074 4.800000 4.551000 4.522020 0.250000 0.279096 1.000000 1.116384 3.000000 1 1 
6075 4.801000 4.552000 4.523136 0.250000 0.278980 1.000000 1.115919 3.000000 1 1 
6076 4.802000 4.553000 4.524252 0.250000 0.278864 1.000000 1.115455 3.000000 1 1 
6077 4.803000 4.554000 4.525367 0.250000 0.278748 1.000000 1.114993 3.000000 1 1 
6078 4.804000 4.555000 4.526481 0.250000 0.278633 1.000000 1.114533 3.000000 1 1 
6079 4.805000 4.556000 4.527595 0.250000 0.278519 1.000000 1.114075 3.000000 1 1 
6080 4.806000 4.557000 4.528709 0.250000 0.278405 1.000000 1.113619 3.000000 1 1 
6081 4.807000 4.558000 4.529822 0.250000 0.278291 1.000000 1.113164 3.000000 1 1 
6082 4.808000 4.559000 4.530935 0.250000 0.278178 1.000000 1.112712 3.000000 1 1 
6083 4.809000 4.560000 4.532047 0.250000 0.278065 1.000000 1.112261 3.000000 1 1 
6084 4.810000 4.561000 4.533159 0.250000 0.277953 1.000000 1.111812 3.000000 1 1 
6085 4.811000 4.562000 4.534270 0.250000 0.277841 1.000000 1.111364 3.000000 1 1 
6086 4.812000 4.563000 4.535381 0.250000 0.277730 1.000000 1.110919 3.000000 1 1 
6087 4.813000 4.564000 4.536492 0.250000 0.277619 1.000000 1.110475 3.000000 1 1 
6088 4.814000 4.565000 4.537602 0.250000 0.277508 1.000000 1.110033 3.000000 1 1 
6089 4.815000 4.566000 4.538711 0.250000 0.277398 1.000000 1.109593 3.000000 1 1 
6090 4.816000 4.567000 4.539820 0.250000 0.277289 1.000000 1.109155 3.000000 1 1 
6091 4.817000 4.568000 4.540929 0.250000 0.277180 1.000000 1.108718 3.000000 1 1 
6092 4.818000 4.569000 4.542037 0.250000 0.277071 1.000000 1.108283 3.000000 1 1 
6093 4.819000 4.570000 4.543145 0.250000 0.276963 1.000000 1.107850 3.000000 1 1 
6094 4.820000 4.571000 4.544253 0.250000 0.276855 1.000000 1.107419 3.000000 1 1 
6095 4.821000 4.572000 4.545360 0.250000 0.276747 1.000000 1.106989 3.000000 1 1 
6096 4.822000 4.573000 4.546466 0.250000 0.276640 1.000000 1.106561 3.000000 1 1 
6097 4.823000 4.574000 4.547572 0.250000 0.276534 1.000000 1.106135 3.000000 1 1 
6098 4.824000 4.575000 4.548678 0.250000 0.276428 1.000000 1.105710 3.000000 1 1 
6099 4.825000 4.576000 4.549783 0.250000 0.276322 1.000000 1.105288 3.000000 1 1 
6100 4.826000 4.577000 4.550888 0.250000 0.276217 1.000000 1.104866 3.000000 1 1 
6101 4.827000 4.578000 4.551993 0.250000 0.276112 1.000000 1.104447 3.000000 1 1 
6102 4.828000 4.579000 4.553097 0.250000 0.276007 1.000000 1.104029 3.000000 1 1 
6103 4.829000 4.580000 4.554200 0.250000 0.275903 1.000000 1.103613 3.000000 1 1 
6104 4.830000 4.581000 4.555304 0.250000 0.275800 1.000000 1.103199 3.000000 1 1 
6105 4.831000 4.582000 4.556406 0.250000 0.275696 1.000000 1.102786 3.000000 1 1 
6106 4.832000 4.583000 4.557509 0.250000 0.275594 1.000000 1.102375 3.000000 1 1 
6107 4.833000 4.584000 4.558611 0.250000 0.275491 1.000000 1.101965 3.000000 1 1 
6108 4.834000 4.585000 4.559712 0.250000 0.275389 1.000000 1.101557 3.000000 1 1 
6109 4.835000 4.586000 4.560813 0.250000 0.275288 1.000000 1.101151 3.000000 1 1 
6110 4.836000 4.587000 4.561914 0.250000 0.275187 1.000000 1.100746 3.000000 1 1 
6111 4.837000 4.588000 4.563014 0.250000 0.275086 1.000000 1.100343 3.000000 1 1 
6112 4.838000 4.589000 4.564114 0.250000 0.274986 1.000000 1.099942 3.000000 1 1 
6113 4.839000 4.590000 4.565214 0.250000 0.274886 1.000000 1.099542 3.000000 1 1 
6114 4.840000 4.591000 4.566313 0.250000 0.274786 1.000000 1.099144 3.000000 1 1 
6115 4.841000 4.592000 4.567412 0.250000 0.274687 1.000000 1.098748 3.000000 1 1 
6116 4.842000 4.593000 4.568510 0.250000 0.274588 1.000000 1.098353 3.000000 1 1 
6117 4.843000 4.594000 4.569608 0.250000 0.274490 1.000000 1.097959 3.000000 1 1 
6118 4.844000 4.595000 4.570706 0.250000 0.274392 1.000000 1.097567 3.000000 1 1 
6119 4.845000 4.596000 4.571803 0.250000 0.274294 1.000000 1.097177 3.000000 1 1 
6120 4.846000 4.597000 4.572900 0.250000 0.274197 1.000000 1.096788 3.000000 1 1 
6121 4.847000 4.598000 4.573996 0.250000 0.274100 1.000000 1.096401 3.000000 1 1 
6122 4.848000 4.599000 4.575092 0.250000 0.274004 1.000000 1.096016 3.000000 1 1 
6123 4.849000 4.600000 4.576188 0.250000 0.273908 1.000000 1.095632 3.000000 1 1 
6124 4.850000 4.601000 4.577283 0.250000 0.273812 1.000000 1.095249 3.000000 1 1 
6125 4.851000 4.602000 4.578378 0.250000 0.273717 1.000000 1.094868 3.000000 1 1 
6126 4.852000 4.603000 4.579472 0.250000 0.273622 1.000000 1.094489 3.000000 1 1 
6127 4.853000 4.604000 4.580566 0.250000 0.273528 1.000000 1.094111 3.000000 1 1 
6128 4.854000 4.605000 4.581660 0.250000 0.273434 1.000000 1.093734 3.000000 1 1 
6129 4.855000 4.606000 4.582754 0.250000 0.273340 1.000000 1.093359 3.000000 1 1 
6130 4.856000 4.607000 4.583847 0.250000 0.273246 1.000000 1.092986 3.000000 1 1 
6131 4.857000 4.608000 4.584939 0.250000 0.273153 1.000000 1.092614 3.000000 1 1 
6132 4.858000 4.609000 4.586031 0.250000 0.273061 1.000000 1.092243 3.000000 1 1 
6133 4.859000 4.610000 4.587123 0.250000 0.272969 1.000000 1.091874 3.000000 1 1 
6134 4.860000 4.611000 4.588215 0.250000 0.272877 1.000000 1.091507 3.000000 1 1 
6135 4.861000 4.612000 4.589306 0.250000 0.272785 1.000000 1.091141 3.000000 1 1 
6136 4.862000 4.613000 4.590397 0.250000 0.272694 1.000000 1.090776 3.000000 1 1 
6137 4.863000 4.614000 4.591487 0.250000 0.272603 1.000000 1.090413 3.000000 1 1 
6138 4.864000 4.615000 4.592577 0.250000 0.272513 1.000000 1.090052 3.000000 1 1 
6139 4.865000 4.616000 4.593667 0.250000 0.272423 1.000000 1.089691 3.000000 1 1 
6140 4.866000 4.617000 4.594756 0.250000 0.272333 1.000000 1.089333 3.000000 1 1 
6141 4.867000 4.618000 4.595845 0.250000 0.272244 1.000000 1.088975 3.000000 1 1 
6142 4.868000 4.619000 4.596934 0.250000 0.272155 1.000000 1.088619 3.000000 1 1 
6143 4.869000 4.620000 4.598022 0.250000 0.272066 1.000000 1.088265 3.000000 1 1 
6144 4.870000 4.621000 4.599110 0.250000 0.271978 1.000000 1.087912 3.000000 1 1 
6145 4.871000 4.622000 4.600198 0.250000 0.271890 1.000000 1.087560 3.000000 1 1 
6146 4.872000 4.623000 4.601285 0.250000 0.271802 1.000000 1.087210 3.000000 1 1 
6147 4.873000 4.624000 4.602372 0.250000 0.271715 1.000000 1.086861 3.000000 1 1 
6148 4.874000 4.625000 4.603458 0.250000 0.271628 1.000000 1.086514 3.000000 1 1 
6149 4.875000 4.626000 4.604544 0.250000 0.271542 1.000000 1.086168 3.000000 1 1 
6150 4.876000 4.627000 4.605630 0.250000 0.271456 1.000000 1.085823 3.000000 1 1 
6151 4.877000 4.628000 4.606716 0.250000 0.271370 1.000000 1.085480 3.000000 1 1 
6152 4.878000 4.629000 4.607801 0.250000 0.271284 1.000000 1.085138 3.000000 1 1 
6153 4.879000 4.630000 4.608886 0.250000 0.271199 1.000000 1.084797 3.000000 1 1 
6154 4.880000 4.631000 4.609970 0.250000 0.271114 1.000000 1.084458 3.000000 1 1 
6155 4.881000 4.632000 4.611054 0.250000 0.271030 1.000000 1.084120 3.000000 1 1 
6156 4.882000 4.633000 4.612138 0.250000 0.270946 1.000000 1.083784 3.000000 1 1 
6157 4.883000 4.634000 4.613221 0.250000 0.270862 1.000000 1.083449 3.000000 1 1 
6158 4.884000 4.635000 4.614304 0.250000 0.270779 1.000000 1.083115 3.000000 1 1 
6159 4.885000 4.636000 4.615387 0.250000 0.270696 1.000000 1.082782 3.000000 1 1 
6160 4.886000 4.637000 4.616470 0.250000 0.270613 1.000000 1.082451 3.000000 1 1 
6161 4.887000 4.638000 4.617552 0.250000 0.270530 1.000000 1.082121 3.000000 1 1 
6162 4.888000 4.639000 4.618634 0.250000 0.270448 1.000000 1.081793 3.000000 1 1 
6163 4.889000 4.640000 4.619715 0.250000 0.270366 1.000000 1.081466 3.000000 1 1 
6164 4.890000 4.641000 4.620796 0.250000 0.270285 1.000000 1.081140 3.000000 1 1 
6165 4.891000 4.642000 4.621877 0.250000 0.270204 1.000000 1.080815 3.000000 1 1 
6166 4.892000 4.643000 4.622957 0.250000 0.270123 1.000000 1.080492 3.000000 1 1 
6167 4.893000 4.644000 4.624038 0.250000 0.270043 1.000000 1.080170 3.000000 1 1 
6168 4.894000 4.645000 4.625118 0.250000 0.269962 1.000000 1.079849 3.000000 1 1 
6169 4.895000 4.646000 4.626197 0.250000 0.269882 1.000000 1.079530 3.000000 1 1 
6170 4.896000 4.647000 4.627276 0.250000 0.269803 1.000000 1.079212 3.000000 1 1 
6171 4.897000 4.648000 4.628355 0.250000 0.269724 1.000000 1.078895 3.000000 1 1 
6172 4.898000 4.649000 4.629434 0.250000 0.269645 1.000000 1.078579 3.000000 1 1 
6173 4.899000 4.650000 4.630512 0.250000 0.269566 1.000000 1.078265 3.000000 1 1 
6174 4.900000 4.651000 4.631590 0.250000 0.269488 1.000000 1.077952 3.000000 1 1 
6175 4.901000 4.652000 4.632668 0.250000 0.269410 1.000000 1.077640 3.000000 1 1 
6176 4.902000 4.653000 4.633745 0.250000 0.269332 1.000000 1.077330 3.000000 1 1 
6177 4.903000 4.654000 4.634822 0.250000 0.269255 1.000000 1.077020 3.000000 1 1 
6178 4.904000 4.655000 4.635899 0.250000 0.269178 1.000000 1.076712 3.000000 1 1 
6179 4.905000 4.656000 4.636975 0.250000 0.269101 1.000000 1.076405 3.000000 1 1 
6180 4.906000 4.657000 4.638051 0.250000 0.269025 1.000000 1.076100 3.000000 1 1 
6181 4.907000 4.658000 4.639127 0.250000 0.268949 1.000000 1.075795 3.000000 1 1 
6182 4.908000 4.659000 4.640202 0.250000 0.268873 1.000000 1.075492 3.000000 1 1 
6183 4.909000 4.660000 4.641278 0.250000 0.268798 1.000000 1.075190 3.000000 1 1 
6184 4.910000 4.661000 4.642353 0.250000 0.268722 1.000000 1.074890 3.000000 1 1 
6185 4.911000 4.662000 4.643427 0.250000 0.268647 1.000000 1.074590 3.000000 1 1 
6186 4.912000 4.663000 4.644501 0.250000 0.268573 1.000000 1.074292 3.000000 1 1 
6187 4.913000 4.664000 4.645575 0.250000 0.268499 1.000000 1.073994 3.000000 1 1 
6188 4.914000 4.665000 4.646649 0.250000 0.268425 1.000000 1.073698 3.000000 1 1 
6189 4.915000 4.666000 4.647722 0.250000 0.268351 1.000000 1.073404 3.000000 1 1 
6190 4.916000 4.667000 4.648796 0.250000 0.268278 1.000000 1.073110 3.000000 1 1 
6191 4.917000 4.668000 4.649868 0.250000 0.268204 1.000000 1.072818 3.000000 1 1 
6192 4.918000 4.669000 4.650941 0.250000 0.268132 1.000000 1.072526 3.000000 1 1 
6193 4.919000 4.670000 4.652013 0.250000 0.268059 1.000000 1.072236 3.000000 1 1 
6194 4.920000 4.671000 4.653085 0.250000 0.267987 1.000000 1.071947 3.000000 1 1 
6195 4.921000 4.672000 4.654157 0.250000 0.267915 1.000000 1.071659 3.000000 1 1 
6196 4.922000 4.673000 4.655228 0.250000 0.267843 1.000000 1.071373 3.000000 1 1 
6197 4.923000 4.674000 4.656299 0.250000 0.267772 1.000000 1.071087 3.000000 1 1 
6198 4.924000 4.675000 4.657370 0.250000 0.267701 1.000000 1.070803 3.000000 1 1 
6199 4.925000 4.676000 4.658441 0.250000 0.267630 1.000000 1.070520 3.000000 1 1 
6200 4.926000 4.677000 4.659511 0.250000 0.267559 1.000000 1.070238 3.000000 1 1 
6201 4.927000 4.678000 4.660581 0.250000 0.267489 1.000000 1.069957 3.000000 1 1 
6202 4.928000 4.679000 4.661650 0.250000 0.267419 1.000000 1.069677 3.000000 1 1 
6203 4.929000 4.680000 4.662720 0.250000 0.267350 1.000000 1.069398 3.000000 1 1 
6204 4.930000 4.681000 4.663789 0.250000 0.267280 1.000000 1.069121 3.000000 1 1 
6205 4.931000 4.682000 4.664858 0.250000 0.267211 1.000000 1.068844 3.000000 1 1 
6206 4.932000 4.683000 4.665926 0.250000 0.267142 1.000000 1.068569 3.000000 1 1 
6207 4.933000 4.684000 4.666995 0.250000 0.267074 1.000000 1.068294 3.000000 1 1 
6208 4.934000 4.685000 4.668063 0.250000 0.267005 1.000000 1.068021 3.000000 1 1 
6209 4.935000 4.686000 4.669130 0.250000 0.266937 1.000000 1.067749 3.000000 1 1 
6210 4.936000 4.687000 4.670198 0.250000 0.266870 1.000000 1.067478 3.000000 1 1 
6211 4.937000 4.688000 4.671265 0.250000 0.266802 1.000000 1.067208 3.000000 1 1 
6212 4.938000 4.689000 4.672332 0.250000 0.266735 1.000000 1.066939 3.000000 1 1 
6213 4.939000 4.690000 4.673399 0.250000 0.266668 1.000000 1.066672 3.000000 1 1 
6214 4.940000 4.691000 4.674465 0.250000 0.266601 1.000000 1.066405 3.000000 1 1 
6215 4.941000 4.692000 4.675531 0.250000 0.266535 1.000000 1.066139 3.000000 1 1 
6216 4.942000 4.693000 4.676597 0.250000 0.266469 1.000000 1.065875 3.000000 1 1 
6217 4.943000 4.694000 4.677663 0.250000 0.266403 1.000000 1.065611 3.000000 1 1 
6218 4.944000 4.695000 4.678728 0.250000 0.266337 1.000000 1.065349 3.000000 1 1 
6219 4.945000 4.696000 4.679793 0.250000 0.266272 1.000000 1.065088 3.000000 1 1 
6220 4.946000 4.697000 4.680858 0.250000 0.266207 1.000000 1.064827 3.000000 1 1 
6221 4.947000 4.698000 4.681923 0.250000 0.266142 1.000000 1.064568 3.000000 1 1 
6222 4.948000 4.699000 4.682987 0.250000 0.266077 1.000000 1.064310 3.000000 1 1 
6223 4.949000 4.700000 4.684051 0.250000 0.266013 1.000000 1.064052 3.000000 1 1 
6224 4.950000 4.701000 4.685115 0.250000 0.265949 1.000000 1.063796 3.000000 1 1 
6225 4.951000 4.702000 4.686178 0.250000 0.265885 1.000000 1.063541 3.000000 1 1 
6226 4.952000 4.703000 4.687242 0.250000 0.265822 1.000000 1.063287 3.000000 1 1 
6227 4.953000 4.704000 4.688305 0.250000 0.265758 1.000000 1.063034 3.000000 1 1 
6228 4.954000 4.705000 4.689367 0.250000 0.265695 1.000000 1.062782 3.000000 1 1 
6229 4.955000 4.706000 4.690430 0.250000 0.265633 1.000000 1.062530 3.000000 1 1 
6230 4.956000 4.707000 4.691492 0.250000 0.265570 1.000000 1.062280 3.000000 1 1 
6231 4.957000 4.708000 4.692554 0.250000 0.265508 1.000000 1.062031 3.000000 1 1 
6232 4.958000 4.709000 4.693616 0.250000 0.265446 1.000000 1.061783 3.000000 1 1 
6233 4.959000 4.710000 4.694678 0.250000 0.265384 1.000000 1.061536 3.000000 1 1 
6234 4.960000 4.711000 4.695739 0.250000 0.265322 1.000000 1.061290 3.000000 1 1 
6235 4.961000 4.712000 4.696800 0.250000 0.265261 1.000000 1.061045 3.000000 1 1 
6236 4.962000 4.713000 4.697861 0.250000 0.265200 1.000000 1.060800 3.000000 1 1 
6237 4.963000 4.714000 4.698921 0.250000 0.265139 1.000000 1.060557 3.000000 1 1 
6238 4.964000 4.715000 4.699982 0.250000 0.265079 1.000000 1.060315 3.000000 1 1 
6239 4.965000 4.716000 4.701042 0.250000 0.265018 1.000000 1.060074 3.000000 1 1 
6240 4.966000 4.717000 4.702101 0.250000 0.264958 1.000000 1.059833 3.000000 1 1 
6241 4.967000 4.718000 4.703161 0.250000 0.264899 1.000000 1.059594 3.000000 1 1 
6242 4.968000 4.719000 4.704220 0.250000 0.264839 1.000000 1.059356 3.000000 1 1 
6243 4.969000 4.720000 4.705280 0.250000 0.264780 1.000000 1.059118 3.000000 1 1 
6244 4.970000 4.721000 4.706338 0.250000 0.264720 1.000000 1.058882 3.000000 1 1 
6245 4.971000 4.722000 4.707397 0.250000 0.264662 1.000000 1.058646 3.000000 1 1 
6246 4.972000 4.723000 4.708455 0.250000 0.264603 1.000000 1.058412 3.000000 1 1 
6247 4.973000 4.724000 4.709514 0.250000 0.264545 1.000000 1.058178 3.000000 1 1 
6248 4.974000 4.725000 4.710572 0.250000 0.264486 1.000000 1.057945 3.000000 1 1 
6249 4.975000 4.726000 4.711629 0.250000 0.264428 1.000000 1.057714 3.000000 1 1 
6250 4.976000 4.727000 4.712687 0.250000 0.264371 1.000000 1.057483 3.000000 1 1 
6251 4.977000 4.728000 4.713744 0.250000 0.264313 1.000000 1.057253 3.000000 1 1 
6252 4.978000 4.729000 4.714801 0.250000 0.264256 1.000000 1.057024 3.000000 1 1 
6253 4.979000 4.730000 4.715858 0.250000 0.264199 1.000000 1.056796 3.000000 1 1 
6254 4.980000 4.731000 4.716914 0.250000 0.264142 1.000000 1.056568 3.000000 1 1 
6255 4.981000 4.732000 4.717971 0.250000 0.264086 1.000000 1.056342 3.000000 1 1 
6256 4.982000 4.733000 4.719027 0.250000 0.264029 1.000000 1.056117 3.000000 1 1 
6257 4.983000 4.734000 4.720083 0.250000 0.263973 1.000000 1.055892 3.000000 1 1 
6258 4.984000 4.735000 4.721138 0.250000 0.263917 1.000000 1.055669 3.000000 1 1 
6259 4.985000 4.736000 4.722194 0.250000 0.263862 1.000000 1.055446 3.000000 1 1 
6260 4.986000 4.737000 4.723249 0.250000 0.263806 1.000000 1.055224 3.000000 1 1 
6261 4.987000 4.738000 4.724304 0.250000 0.263751 1.000000 1.055003 3.000000 1 1 
6262 4.988000 4.739000 4.725359 0.250000 0.263696 1.000000 1.054783 3.000000 1 1 
6263 4.989000 4.740000 4.726413 0.250000 0.263641 1.000000 1.054564 3.000000 1 1 
6264 4.990000 4.741000 4.727468 0.250000 0.263587 1.000000 1.054346 3.000000 1 1 
6265 4.991000 4.742000 4.728522 0.250000 0.263532 1.000000 1.054129 3.000000 1 1 
6266 4.992000 4.743000 4.729576 0.250000 0.263478 1.000000 1.053912 3.000000 1 1 
6267 4.993000 4.744000 4.730630 0.250000 0.263424 1.000000 1.053697 3.000000 1 1 
6268 4.994000 4.745000 4.731683 0.250000 0.263370 1.000000 1.053482 3.000000 1 1 
6269 4.995000 4.746000 4.732736 0.250000 0.263317 1.000000 1.053268 3.000000 1 1 
6270 4.996000 4.747000 4.733789 0.250000 0.263264 1.000000 1.053055 3.000000 1 1 
6271 4.997000 4.748000 4.734842 0.250000 0.263211 1.000000 1.052843 3.000000 1 1 
6272 4.998000 4.749000 4.735895 0.250000 0.263158 1.000000 1.052631 3.000000 1 1 
6273 4.999000 4.750000 4.736947 0.250000 0.263105 1.000000 1.052421 3.000000 1 1 
6274 5.000000 4.751000 4.737999 0.250000 0.263053 1.000000 1.052211 3.000000 1 1 
6275 5.001000 4.752000 4.739051 0.250000 0.263001 1.000000 1.052002 3.000000 1 1 
6276 5.002000 4.753000 4.740103 0.250000 0.262949 1.000000 1.051794 3.000000 1 1 
6277 5.003000 4.754000 4.741155 0.250000 0.262897 1.000000 1.051587 3.000000 1 1 
6278 5.004000 4.755000 4.742206 0.250000 0.262845 1.000000 1.051381 3.000000 1 1 
6279 5.005000 4.756000 4.743257 0.250000 0.262794 1.000000 1.051175 3.000000 1 1 
6280 5.006000 4.757000 4.744308 0.250000 0.262743 1.000000 1.050970 3.000000 1 1 
6281 5.007000 4.758000 4.745359 0.250000 0.262692 1.000000 1.050766 3.000000 1 1 
6282 5.008000 4.759000 4.746410 0.250000 0.262641 1.000000 1.050563 3.000000 1 1 
6283 5.009000 4.760000 4.747460 0.250000 0.262590 1.000000 1.050361 3.000000 1 1 
6284 5.010000 4.761000 4.748510 0.250000 0.262540 1.000000 1.050160 3.000000 1 1 
6285 5.011000 4.762000 4.749560 0.250000 0.262490 1.000000 1.049959 3.000000 1 1 
6286 5.012000 4.763000 4.750610 0.250000 0.262440 1.000000 1.049759 3.000000 1 1 
6287 5.013000 4.764000 4.751660 0.250000 0.262390 1.000000 1.049560 3.000000 1 1 
6288 5.014000 4.765000 4.752709 0.250000 0.262340 1.000000 1.049362 3.000000 1 1 
6289 5.015000 4.766000 4.753758 0.250000 0.262291 1.000000 1.049164 3.000000 1 1 
6290 5.016000 4.767000 4.754807 0.250000 0.262242 1.000000 1.048968 3.000000 1 1 
6291 5.017000 4.768000 4.755856 0.250000 0.262193 1.000000 1.048772 3.000000 1 1 
6292 5.018000 4.769000 4.756904 0.250000 0.262144 1.000000 1.048577 3.000000 1 1 
6293 5.019000 4.770000 4.757953 0.250000 0.262096 1.000000 1.048383 3.000000 1 1 
6294 5.020000 4.771000 4.759001 0.250000 0.262047 1.000000 1.048189 3.000000 1 1 
6295 5.021000 4.772000 4.760049 0.250000 0.261999 1.000000 1.047996 3.000000 1 1 
6296 5.022000 4.773000 4.761097 0.250000 0.261951 1.000000 1.047804 3.000000 1 1 
6297 5.023000 4.774000 4.762144 0.250000 0.261903 1.000000 1.047613 3.000000 1 1 
6298 5.024000 4.775000 4.763192 0.250000 0.261856 1.000000 1.047423 3.000000 1 1 
6299 5.025000 4.776000 4.764239 0.250000 0.261808 1.000000 1.047233 3.000000 1 1 
6300 5.026000 4.777000 4.765286 0.250000 0.261761 1.000000 1.047044 3.000000 1 1 
6301 5.027000 4.778000 4.766333 0.250000 0.261714 1.000000 1.046856 3.000000 1 1 
6302 5.028000 4.779000 4.767380 0.250000 0.261667 1.000000 1.046668 3.000000 1 1 
6303 5.029000 4.780000 4.768426 0.250000 0.261620 1.000000 1.046482 3.000000 1 1 
6304 5.030000 4.781000 4.769472 0.250000 0.261574 1.000000 1.046296 3.000000 1 1 
6305 5.031000 4.782000 4.770518 0.250000 0.261528 1.000000 1.046111 3.000000 1 1 
6306 5.032000 4.783000 4.771564 0.250000 0.261482 1.000000 1.045926 3.000000 1 1 
6307 5.033000 4.784000 4.772610 0.250000 0.261436 1.000000 1.045742 3.000000 1 1 
6308 5.034000 4.785000 4.773656 0.250000 0.261390 1.000000 1.045559 3.000000 1 1 
6309 5.035000 4.786000 4.774701 0.250000 0.261344 1.000000 1.045377 3.000000 1 1 
6310 5.036000 4.787000 4.775746 0.250000 0.261299 1.000000 1.045196 3.000000 1 1 
6311 5.037000 4.788000 4.776791 0.250000 0.261254 1.000000 1.045015 3.000000 1 1 
6312 5.038000 4.789000 4.777836 0.250000 0.261209 1.000000 1.044835 3.000000 1 1 
6313 5.039000 4.790000 4.778881 0.250000 0.261164 1.000000 1.044656 3.000000 1 1 
6314 5.040000 4.791000 4.779925 0.250000 0.261119 1.000000 1.044477 3.000000 1 1 
6315 5.041000 4.792000 4.780970 0.250000 0.261075 1.000000 1.044299 3.000000 1 1 
6316 5.042000 4.793000 4.782014 0.250000 0.261030 1.000000 1.044122 3.000000 1 1 
6317 5.043000 4.794000 4.783058 0.250000 0.260986 1.000000 1.043945 3.000000 1 1 
6318 5.044000 4.795000 4.784101 0.250000 0.260942 1.000000 1.043770 3.000000 1 1 
6319 5.045000 4.796000 4.785145 0.250000 0.260899 1.000000 1.043594 3.000000 1 1 
6320 5.046000 4.797000 4.786188 0.250000 0.260855 1.000000 1.043420 3.000000 1 1 
6321 5.047000 4.798000 4.787232 0.250000 0.260812 1.000000 1.043246 3.000000 1 1 
6322 5.048000 4.799000 4.788275 0.250000 0.260768 1.000000 1.043073 3.000000 1 1 
6323 5.049000 4.800000 4.789318 0.250000 0.260725 1.000000 1.042901 3.000000 1 1 
6324 5.050000 4.801000 4.790360 0.250000 0.260682 1.000000 1.042730 3.000000 1 1 
6325 5.051000 4.802000 4.791403 0.250000 0.260640 1.000000 1.042559 3.000000 1 1 
6326 5.052000 4.803000 4.792445 0.250000 0.260597 1.000000 1.042388 3.000000 1 1 
6327 5.053000 4.804000 4.793488 0.250000 0.260555 1.000000 1.042219 3.000000 1 1 
6328 5.054000 4.805000 4.794530 0.250000 0.260512 1.000000 1.042050 3.000000 1 1 
6329 5.055000 4.806000 4.795571 0.250000 0.260470 1.000000 1.041882 3.000000 1 1 
6330 5.056000 4.807000 4.796613 0.250000 0.260429 1.000000 1.041714 3.000000 1 1 
6331 5.057000 4.808000 4.797655 0.250000 0.260387 1.000000 1.041547 3.000000 1 1 
6332 5.058000 4.809000 4.798696 0.250000 0.260345 1.000000 1.041381 3.000000 1 1 
6333 5.059000 4.810000 4.799737 0.250000 0.260304 1.000000 1.041216 3.000000 1 1 
6334 5.060000 4.811000 4.800778 0.250000 0.260263 1.000000 1.041051 3.000000 1 1 
6335 5.061000 4.812000 4.801819 0.250000 0.260222 1.000000 1.040887 3.000000 1 1 
6336 5.062000 4.813000 4.802860 0.250000 0.260181 1.000000 1.040723 3.000000 1 1 
6337 5.063000 4.814000 4.803901 0.250000 0.260140 1.000000 1.040560 3.000000 1 1 
6338 5.064000 4.815000 4.804941 0.250000 0.260099 1.000000 1.040398 3.000000 1 1 
6339 5.065000 4.816000 4.805981 0.250000 0.260059 1.000000 1.040236 3.000000 1 1 
6340 5.066000 4.817000 4.807021 0.250000 0.260019 1.000000 1.040075 3.000000 1 1 
6341 5.067000 4.818000 4.808061 0.250000 0.259979 1.000000 1.039915 3.000000 1 1 
6342 5.068000 4.819000 4.809101 0.250000 0.259939 1.000000 1.039755 3.000000 1 1 
6343 5.069000 4.820000 4.810140 0.250000 0.259899 1.000000 1.039596 3.000000 1 1 
6344 5.070000 4.821000 4.811180 0.250000 0.259860 1.000000 1.039438 3.000000 1 1 
6345 5.071000 4.822000 4.812219 0.250000 0.259820 1.000000 1.039280 3.000000 1 1 
6346 5.072000 4.823000 4.813258 0.250000 0.259781 1.000000 1.039123 3.000000 1 1 
6347 5.073000 4.824000 4.814297 0.250000 0.259742 1.000000 1.038967 3.000000 1 1 
6348 5.074000 4.825000 4.815336 0.250000 0.259703 1.000000 1.038811 3.000000 1 1 
6349 5.075000 4.826000 4.816375 0.250000 0.259664 1.000000 1.038656 3.000000 1 1 
6350 5.076000 4.827000 4.817413 0.250000 0.259625 1.000000 1.038501 3.000000 1 1 
6351 5.077000 4.828000 4.818452 0.250000 0.259587 1.000000 1.038347 3.000000 1 1 
6352 5.078000 4.829000 4.819490 0.250000 0.259548 1.000000 1.038194 3.000000 1 1 
6353 5.079000 4.830000 4.820528 0.250000 0.259510 1.000000 1.038041 3.000000 1 1 
6354 5.080000 4.831000 4.821566 0.250000 0.259472 1.000000 1.037889 3.000000 1 1 
6355 5.081000 4.832000 4.822603 0.250000 0.259434 1.000000 1.037737 3.000000 1 1 
6356 5.082000 4.833000 4.823641 0.250000 0.259397 1.000000 1.037586 3.000000 1 1 
6357 5.083000 4.834000 4.824678 0.250000 0.259359 1.000000 1.037436 3.000000 1 1 
6358 5.084000 4.835000 4.825716 0.250000 0.259322 1.000000 1.037286 3.000000 1 1 
6359 5.085000 4.836000 4.826753 0.250000 0.259284 1.000000 1.037137 3.000000 1 1 
6360 5.086000 4.837000 4.827790 0.250000 0.259247 1.000000 1.036988 3.000000 1 1 
6361 5.087000 4.838000 4.828827 0.250000 0.259210 1.000000 1.036840 3.000000 1 1 
6362 5.088000 4.839000 4.829863 0.250000 0.259173 1.000000 1.036693 3.000000 1 1 
6363 5.089000 4.840000 4.830900 0.250000 0.259137 1.000000 1.036546 3.000000 1 1 
6364 5.090000 4.841000 4.831936 0.250000 0.259100 1.000000 1.036400 3.000000 1 1 
6365 5.091000 4.842000 4.832973 0.250000 0.259064 1.000000 1.036254 3.000000 1 1 
6366 5.092000 4.843000 4.834009 0.250000 0.259027 1.000000 1.036109 3.000000 1 1 
6367 5.093000 4.844000 4.835045 0.250000 0.258991 1.000000 1.035965 3.000000 1 1 
6368 5.094000 4.845000 4.836081 0.250000 0.258955 1.000000 1.035821 3.000000 1 1 
6369 5.095000 4.846000 4.837116 0.250000 0.258919 1.000000 1.035678 3.000000 1 1 
6370 5.096000 4.847000 4.838152 0.250000 0.258884 1.000000 1.035535 3.000000 1 1 
6371 5.097000 4.848000 4.839187 0.250000 0.258848 1.000000 1.035393 3.000000 1 1 
6372 5.098000 4.849000 4.840222 0.250000 0.258813 1.000000 1.035251 3.000000 1 1 
6373 5.099000 4.850000 4.841258 0.250000 0.258778 1.000000 1.035110 3.000000 1 1 
6374 5.100000 4.851000 4.842292 0.250000 0.258742 1.000000 1.034970 3.000000 1 1 
6375 5.101000 4.852000 4.843327 0.250000 0.258708 1.000000 1.034830 3.000000 1 1 
6376 5.102000 4.853000 4.844362 0.250000 0.258673 1.000000 1.034691 3.000000 1 1 
6377 5.103000 4.854000 4.845397 0.250000 0.258638 1.000000 1.034552 3.000000 1 1 
6378 5.104000 4.855000 4.846431 0.250000 0.258603 1.000000 1.034414 3.000000 1 1 
6379 5.105000 4.856000 4.847465 0.250000 0.258569 1.000000 1.034276 3.000000 1 1 
6380 5.106000 4.857000 4.848499 0.250000 0.258535 1.000000 1.034139 3.000000 1 1 
6381 5.107000 4.858000 4.849533 0.250000 0.258501 1.000000 1.034002 3.000000 1 1 
6382 5.108000 4.859000 4.850567 0.250000 0.258467 1.000000 1.033866 3.000000 1 1 
6383 5.109000 4.860000 4.851601 0.250000 0.258433 1.000000 1.033731 3.000000 1 1 
6384 5.110000 4.861000 4.852635 0.250000 0.258399 1.000000 1.033596 3.000000 1 1 
6385 5.111000 4.862000 4.853668 0.250000 0.258365 1.000000 1.033462 3.000000 1 1 
6386 5.112000 4.863000 4.854701 0.250000 0.258332 1.000000 1.033328 3.000000 1 1 
6387 5.113000 4.864000 4.855735 0.250000 0.258299 1.000000 1.033195 3.000000 1 1 
6388 5.114000 4.865000 4.856768 0.250000 0.258265 1.000000 1.033062 3.000000 1 1 
6389 5.115000 4.866000 4.857801 0.250000 0.258232 1.000000 1.032930 3.000000 1 1 
6390 5.116000 4.867000 4.858833 0.250000 0.258199 1.000000 1.032798 3.000000 1 1 
6391 5.117000 4.868000 4.859866 0.250000 0.258167 1.000000 1.032667 3.000000 1 1 
6392 5.118000 4.869000 4.860899 0.250000 0.258134 1.000000 1.032536 3.000000 1 1 
6393 5.119000 4.870000 4.861931 0.250000 0.258101 1.000000 1.032406 3.000000 1 1 
6394 5.120000 4.871000 4.862963 0.250000 0.258069 1.000000 1.032276 3.000000 1 1 
6395 5.121000 4.872000 4.863995 0.250000 0.258037 1.000000 1.032147 3.000000 1 1 
6396 5.122000 4.873000 4.865027 0.250000 0.258005 1.000000 1.032018 3.000000 1 1 
6397 5.123000 4.874000 4.866059 0.250000 0.257973 1.000000 1.031890 3.000000 1 1 
6398 5.124000 4.875000 4.867091 0.250000 0.257941 1.000000 1.031763 3.000000 1 1 
6399 5.125000 4.876000 4.868123 0.250000 0.257909 1.000000 1.031636 3.000000 1 1 
6400 5.126000 4.877000 4.869154 0.250000 0.257877 1.000000 1.031509 3.000000 1 1 
6401 5.127000 4.878000 4.870186 0.250000 0.257846 1.000000 1.031383 3.000000 1 1 
6402 5.128000 4.879000 4.871217 0.250000 0.257814 1.000000 1.031258 3.000000 1 1 
6403 5.129000 4.880000 4.872248 0.250000 0.257783 1.000000 1.031133 3.000000 1 1 
6404 5.130000 4.881000 4.873279 0.250000 0.257752 1.000000 1.031008 3.000000 1 1 
6405 5.131000 4.882000 4.874310 0.250000 0.257721 1.000000 1.030884 3.000000 1 1 
6406 5.132000 4.883000 4.875341 0.250000 0.257690 1.000000 1.030761 3.000000 1 1 
6407 5.133000 4.884000 4.876371 0.250000 0.257659 1.000000 1.030638 3.000000 1 1 
6408 5.134000 4.885000 4.877402 0.250000 0.257629 1.000000 1.030515 3.000000 1 1 
6409 5.135000 4.886000 4.878432 0.250000 0.257598 1.000000 1.030393 3.000000 1 1 
6410 5.136000 4.887000 4.879462 0.250000 0.257568 1.000000 1.030271 3.000000 1 1 
6411 5.137000 4.888000 4.880493 0.250000 0.257538 1.000000 1.030150 3.000000 1 1 
6412 5.138000 4.889000 4.881523 0.250000 0.257507 1.000000 1.030030 3.000000 1 1 
6413 5.139000 4.890000 4.882553 0.250000 0.257477 1.000000 1.029910 3.000000 1 1 
6414 5.140000 4.891000 4.883582 0.250000 0.257447 1.000000 1.029790 3.000000 1 1 
6415 5.141000 4.892000 4.884612 0.250000 0.257418 1.000000 1.029671 3.000000 1 1 
6416 5.142000 4.893000 4.885642 0.250000 0.257388 1.000000 1.029552 3.000000 1 1 
6417 5.143000 4.894000 4.886671 0.250000 0.257358 1.000000 1.029434 3.000000 1 1 
6418 5.144000 4.895000 4.887700 0.250000 0.257329 1.000000 1.029316 3.000000 1 1 
6419 5.145000 4.896000 4.888729 0.250000 0.257300 1.000000 1.029199 3.000000 1 1 
6420 5.146000 4.897000 4.889759 0.250000 0.257271 1.000000 1.029082 3.000000 1 1 
6421 5.147000 4.898000 4.890788 0.250000 0.257241 1.000000 1.028966 3.000000 1 1 
6422 5.148000 4.899000 4.891816 0.250000 0.257212 1.000000 1.028850 3.000000 1 1 
6423 5.149000 4.900000 4.892845 0.250000 0.257184 1.000000 1.028734 3.000000 1 1 
6424 5.150000 4.901000 4.893874 0.250000 0.257155 1.000000 1.028620 3.000000 1 1 
6425 5.151000 4.902000 4.894902 0.250000 0.257126 1.000000 1.028505 3.000000 1 1 
6426 5.152000 4.903000 4.895931 0.250000 0.257098 1.000000 1.028391 3.000000 1 1 
6427 5.153000 4.904000 4.896959 0.250000 0.257069 1.000000 1.028277 3.000000 1 1 
6428 5.154000 4.905000 4.897987 0.250000 0.257041 1.000000 1.028164 3.000000 1 1 
6429 5.155000 4.906000 4.899015 0.250000 0.257013 1.000000 1.028052 3.000000 1 1 
6430 5.156000 4.907000 4.900043 0.250000 0.256985 1.000000 1.027939 3.000000 1 1 
6431 5.157000 4.908000 4.901071 0.250000 0.256957 1.000000 1.027828 3.000000 1 1 
6432 5.158000 4.909000 4.902099 0.250000 0.256929 1.000000 1.027716 3.000000 1 1 
6433 5.159000 4.910000 4.903126 0.250000 0.256901 1.000000 1.027606 3.000000 1 1 
6434 5.160000 4.911000 4.904154 0.250000 0.256874 1.000000 1.027495 3.000000 1 1 
6435 5.161000 4.912000 4.905181 0.250000 0.256846 1.000000 1.027385 3.000000 1 1 
6436 5.162000 4.913000 4.906208 0.250000 0.256819 1.000000 1.027276 3.000000 1 1 
6437 5.163000 4.914000 4.907236 0.250000 0.256792 1.000000 1.027166 3.000000 1 1 
6438 5.164000 4.915000 4.908263 0.250000 0.256764 1.000000 1.027058 3.000000 1 1 
6439 5.165000 4.916000 4.909290 0.250000 0.256737 1.000000 1.026950 3.000000 1 1 
6440 5.166000 4.917000 4.910316 0.250000 0.256710 1.000000 1.026842 3.000000 1 1 
6441 5.167000 4.918000 4.911343 0.250000 0.256684 1.000000 1.026734 3.000000 1 1 
6442 5.168000 4.919000 4.912370 0.250000 0.256657 1.000000 1.026627 3.000000 1 1 
6443 5.169000 4.920000 4.913396 0.250000 0.256630 1.000000 1.026521 3.000000 1 1 
6444 5.170000 4.921000 4.914423 0.250000 0.256604 1.000000 1.026415 3.000000 1 1 
6445 5.171000 4.922000 4.915449 0.250000 0.256577 1.000000 1.026309 3.000000 1 1 
6446 5.172000 4.923000 4.916475 0.250000 0.256551 1.000000 1.026204 3.000000 1 1 
6447 5.173000 4.924000 4.917501 0.250000 0.256525 1.000000 1.026099 3.000000 1 1 
6448 5.174000 4.925000 4.918527 0.250000 0.256499 1.000000 1.025995 3.000000 1 1 
6449 5.175000 4.926000 4.919553 0.250000 0.256473 1.000000 1.025891 3.000000 1 1 
6450 5.176000 4.927000 4.920579 0.250000 0.256447 1.000000 1.025787 3.000000 1 1 
6451 5.177000 4.928000 4.921605 0.250000 0.256421 1.000000 1.025684 3.000000 1 1 
6452 5.178000 4.929000 4.922630 0.250000 0.256395 1.000000 1.025581 3.000000 1 1 
6453 5.179000 4.930000 4.923656 0.250000 0.256370 1.000000 1.025479 3.000000 1 1 
6454 5.180000 4.931000 4.924681 0.250000 0.256344 1.000000 1.025377 3.000000 1 1 
6455 5.181000 4.932000 4.925706 0.250000 0.256319 1.000000 1.025276 3.000000 1 1 
6456 5.182000 4.933000 4.926732 0.250000 0.256294 1.000000 1.025175 3.000000 1 1 
6457 5.183000 4.934000 4.927757 0.250000 0.256268 1.000000 1.025074 3.000000 1 1 
6458 5.184000 4.935000 4.928782 0.250000 0.256243 1.000000 1.024974 3.000000 1 1 
6459 5.185000 4.936000 4.929806 0.250000 0.256218 1.000000 1.024874 3.000000 1 1 
6460 5.186000 4.937000 4.930831 0.250000 0.256194 1.000000 1.024774 3.000000 1 1 
6461 5.187000 4.938000 4.931856 0.250000 0.256169 1.000000 1.024675 3.000000 1 1 
6462 5.188000 4.939000 4.932880 0.250000 0.256144 1.000000 1.024576 3.000000 1 1 
6463 5.189000 4.940000 4.933905 0.250000 0.256120 1.000000 1.024478 3.000000 1 1 
6464 5.190000 4.941000 4.934929 0.250000 0.256095 1.000000 1.024380 3.000000 1 1 
6465 5.191000 4.942000 4.935954 0.250000 0.256071 1.000000 1.024283 3.000000 1 1 
6466 5.192000 4.943000 4.936978 0.250000 0.256046 1.000000 1.024185 3.000000 1 1 
6467 5.193000 4.944000 4.938002 0.250000 0.256022 1.000000 1.024089 3.000000 1 1 
6468 5.194000 4.945000 4.939026 0.250000 0.255998 1.000000 1.023992 3.000000 1 1 
6469 5.195000 4.946000 4.940050 0.250000 0.255974 1.000000 1.023896 3.000000 1 1 
6470 5.196000 4.947000 4.941074 0.250000 0.255950 1.000000 1.023801 3.000000 1 1 
6471 5.197000 4.948000 4.942097 0.250000 0.255926 1.000000 1.023706 3.000000 1 1 
6472 5.198000 4.949000 4.943121 0.250000 0.255903 1.000000 1.023611 3.000000 1 1 
6473 5.199000 4.950000 4.944144 0.250000 0.255879 1.000000 1.023516 3.000000 1 1 
6474 5.200000 4.951000 4.945168 0.250000 0.255856 1.000000 1.023422 3.000000 1 1 
6475 5.201000 4.952000 4.946191 0.250000 0.255832 1.000000 1.023329 3.000000 1 1 
6476 5.202000 4.953000 4.947214 0.250000 0.255809 1.000000 1.023235 3.000000 1 1 
6477 5.203000 4.954000 4.948238 0.250000 0.255786 1.000000 1.023142 3.000000 1 1 
6478 5.204000 4.955000 4.949261 0.250000 0.255762 1.000000 1.023050 3.000000 1 1 
6479 5.205000 4.956000 4.950284 0.250000 0.255739 1.000000 1.022958 3.000000 1 1 
6480 5.206000 4.957000 4.951306 0.250000 0.255716 1.000000 1.022866 3.000000 1 1 
6481 5.207000 4.958000 4.952329 0.250000 0.255694 1.000000 1.022774 3.000000 1 1 
6482 5.208000 4.959000 4.953352 0.250000 0.255671 1.000000 1.022683 3.000000 1 1 
6483 5.209000 4.960000 4.954374 0.250000 0.255648 1.000000 1.022592 3.000000 1 1 
6484 5.210000 4.961000 4.955397 0.250000 0.255626 1.000000 1.022502 3.000000 1 1 
6485 5.211000 4.962000 4.956419 0.250000 0.255603 1.000000 1.022412 3.000000 1 1 
6486 5.212000 4.963000 4.957442 0.250000 0.255581 1.000000 1.022322 3.000000 1 1 
6487 5.213000 4.964000 4.958464 0.250000 0.255558 1.000000 1.022233 3.000000 1 1 
6488 5.214000 4.965000 4.959486 0.250000 0.255536 1.000000 1.022144 3.000000 1 1 
6489 5.215000 4.966000 4.960508 0.250000 0.255514 1.000000 1.022056 3.000000 1 1 
6490 5.216000 4.967000 4.961530 0.250000 0.255492 1.000000 1.021967 3.000000 1 1 
6491 5.217000 4.968000 4.962552 0.250000 0.255470 1.000000 1.021880 3.000000 1 1 
6492 5.218000 4.969000 4.963574 0.250000 0.255448 1.000000 1.021792 3.000000 1 1 
6493 5.219000 4.970000 4.964595 0.250000 0.255426 1.000000 1.021705 3.000000 1 1 
6494 5.220000 4.971000 4.965617 0.250000 0.255405 1.000000 1.021618 3.000000 1 1 
6495 5.221000 4.972000 4.966639 0.250000 0.255383 1.000000 1.021532 3.000000 1 1 
6496 5.222000 4.973000 4.967660 0.250000 0.255361 1.000000 1.021445 3.000000 1 1 
6497 5.223000 4.974000 4.968681 0.250000 0.255340 1.000000 1.021360 3.000000 1 1 
6498 5.224000 4.975000 4.969703 0.250000 0.255319 1.000000 1.021274 3.000000 1 1 
6499 5.225000 4.976000 4.970724 0.250000 0.255297 1.000000 1.021189 3.000000 1 1 
6500 5.226000 4.977000 4.971745 0.250000 0.255276 1.000000 1.021104 3.000000 1 1 
6501 5.227000 4.978000 4.972766 0.250000 0.255255 1.000000 1.021020 3.000000 1 1 
6502 5.228000 4.979000 4.973787 0.250000 0.255234 1.000000 1.020936 3.000000 1 1 
6503 5.229000 4.980000 4.974808 0.250000 0.255213 1.000000 1.020852 3.000000 1 1 
6504 5.230000 4.981000 4.975829 0.250000 0.255192 1.000000 1.020769 3.000000 1 1 
6505 5.231000 4.982000 4.976849 0.250000 0.255171 1.000000 1.020686 3.000000 1 1 
6506 5.232000 4.983000 4.977870 0.250000 0.255151 1.000000 1.020603 3.000000 1 1 
6507 5.233000 4.984000 4.978890 0.250000 0.255130 1.000000 1.020520 3.000000 1 1 
6508 5.234000 4.985000 4.979911 0.250000 0.255110 1.000000 1.020438 3.000000 1 1 
6509 5.235000 4.986000 4.980931 0.250000 0.255089 1.000000 1.020357 3.000000 1 1 
6510 5.236000 4.987000 4.981951 0.250000 0.255069 1.000000 1.020275 3.000000 1 1 
6511 5.237000 4.988000 4.982972 0.250000 0.255049 1.000000 1.020194 3.000000 1 1 
6512 5.238000 4.989000 4.983992 0.250000 0.255028 1.000000 1.020113 3.000000 1 1 
6513 5.239000 4.990000 4.985012 0.250000 0.255008 1.000000 1.020033 3.000000 1 1 
6514 5.240000 4.991000 4.986032 0.250000 0.254988 1.000000 1.019953 3.000000 1 1 
6515 5.241000 4.992000 4.987052 0.250000 0.254968 1.000000 1.019873 3.000000 1 1 
6516 5.242000 4.993000 4.988071 0.250000 0.254948 1.000000 1.019793 3.000000 1 1 
6517 5.243000 4.994000 4.989091 0.250000 0.254929 1.000000 1.019714 3.000000 1 1 
6518 5.244000 4.995000 4.990111 0.250000 0.254909 1.000000 1.019635 3.000000 1 1 
6519 5.245000 4.996000 4.991130 0.250000 0.254889 1.000000 1.019557 3.000000 1 1 
6520 5.246000 4.997000 4.992150 0.250000 0.254870 1.000000 1.019479 3.000000 1 1 
6521 5.247000 4.998000 4.993169 0.250000 0.254850 1.000000 1.019401 3.000000 1 1 
6522 5.248000 4.999000 4.994189 0.250000 0.254831 1.000000 1.019323 3.000000 1 1 
6523 5.249000 5.000000 4.995208 0.250000 0.254811 1.000000 1.019246 3.000000 1 1 
6524 5.250000 5.001000 4.996227 0.250000 0.254792 1.000000 1.019169 3.000000 1 1 
6525 5.251000 5.002000 4.997246 0.250000 0.254773 1.000000 1.019092 3.000000 1 1 
6526 5.252000 5.003000 4.998265 0.250000 0.254754 1.000000 1.019016 3.000000 1 1 
6527 5.253000 5.004000 4.999284 0.250000 0.254735 1.000000 1.018940 3.000000 1 1 
6528 5.254000 5.005000 5.000303 0.250000 0.254716 1.000000 1.018864 3.000000 1 1 
6529 5.255000 5.006000 5.001322 0.250000 0.254697 1.000000 1.018789 3.000000 1 1 
6530 5.256000 5.007000 5.002340 0.250000 0.254678 1.000000 1.018713 3.000000 1 1 
6531 5.257000 5.008000 5.003359 0.250000 0.254660 1.000000 1.018639 3.000000 1 1 
6532 5.258000 5.009000 5.004378 0.250000 0.254641 1.000000 1.018564 3.000000 1 1 
6533 5.259000 5.010000 5.005396 0.250000 0.254622 1.000000 1.018490 3.000000 1 1 
6534 5.260000 5.011000 5.006414 0.250000 0.254604 1.000000 1.018416 3.000000 1 1 
6535 5.261000 5.012000 5.007433 0.250000 0.254586 1.000000 1.018342 3.000000 1 1 
6536 5.262000 5.013000 5.008451 0.250000 0.254567 1.000000 1.018269 3.000000 1 1 
6537 5.263000 5.014000 5.009469 0.250000 0.254549 1.000000 1.018196 3.000000 1 1 
6538 5.264000 5.015000 5.010487 0.250000 0.254531 1.000000 1.018123 3.000000 1 1 
6539 5.265000 5.016000 5.011505 0.250000 0.254513 1.000000 1.018050 3.000000 1 1 
6540 5.266000 5.017000 5.012523 0.250000 0.254495 1.000000 1.017978 3.000000 1 1 
6541 5.267000 5.018000 5.013541 0.250000 0.254477 1.000000 1.017906 3.000000 1 1 
6542 5.268000 5.019000 5.014559 0.250000 0.254459 1.000000 1.017835 3.000000 1 1 
6543 5.269000 5.020000 5.015577 0.250000 0.254441 1.000000 1.017763 3.000000 1 1 
6544 5.270000 5.021000 5.016595 0.250000 0.254423 1.000000 1.017692 3.000000 1 1 
6545 5.271000 5.022000 5.017612 0.250000 0.254405 1.000000 1.017621 3.000000 1 1 
6546 5.272000 5.023000 5.018630 0.250000 0.254388 1.000000 1.017551 3.000000 1 1 
6547 5.273000 5.024000 5.019647 0.250000 0.254370 1.000000 1.017481 3.000000 1 1 
6548 5.274000 5.025000 5.020665 0.250000 0.254353 1.000000 1.017411 3.000000 1 1 
6549 5.275000 5.026000 5.021682 0.250000 0.254335 1.000000 1.017341 3.000000 1 1 
6550 5.276000 5.027000 5.022699 0.250000 0.254318 1.000000 1.017272 3.000000 1 1 
6551 5.277000 5.028000 5.023717 0.250000 0.254301 1.000000 1.017203 3.000000 1 1 
6552 5.278000 5.029000 5.024734 0.250000 0.254283 1.000000 1.017134 3.000000 1 1 
6553 5.279000 5.030000 5.025751 0.250000 0.254266 1.000000 1.017065 3.000000 1 1 
6554 5.280000 5.031000 5.026768 0.250000 0.254249 1.000000 1.016997 3.000000 1 1 
6555 5.281000 5.032000 5.027785 0.250000 0.254232 1.000000 1.016929 3.000000 1 1 
6556 5.282000 5.033000 5.028801 0.250000 0.254215 1.000000 1.016861 3.000000 1 1 
6557 5.283000 5.034000 5.029818 0.250000 0.254199 1.000000 1.016794 3.000000 1 1 
6558 5.284000 5.035000 5.030835 0.250000 0.254182 1.000000 1.016727 3.000000 1 1 
6559 5.285000 5.036000 5.031852 0.250000 0.254165 1.000000 1.016660 3.000000 1 1 
6560 5.286000 5.037000 5.032868 0.250000 0.254148 1.000000 1.016593 3.000000 1 1 
6561 5.287000 5.038000 5.033885 0.250000 0.254132 1.000000 1.016527 3.000000 1 1 
6562 5.288000 5.039000 5.034901 0.250000 0.254115 1.000000 1.016461 3.000000 1 1 
6563 5.289000 5.040000 5.035918 0.250000 0.254099 1.000000 1.016395 3.000000 1 1 
6564 5.290000 5.041000 5.036934 0.250000 0.254082 1.000000 1.016329 3.000000 1 1 
6565 5.291000 5.042000 5.037950 0.250000 0.254066 1.000000 1.016264 3.000000 1 1 
6566 5.292000 5.043000 5.038966 0.250000 0.254050 1.000000 1.016199 3.000000 1 1 
6567 5.293000 5.044000 5.039983 0.250000 0.254034 1.000000 1.016134 3.000000 1 1 
6568 5.294000 5.045000 5.040999 0.250000 0.254017 1.000000 1.016070 3.000000 1 1 
6569 5.295000 5.046000 5.042015 0.250000 0.254001 1.000000 1.016005 3.000000 1 1 
6570 5.296000 5.047000 5.043031 0.250000 0.253985 1.000000 1.015941 3.000000 1 1 
6571 5.297000 5.048000 5.044046 0.250000 0.253969 1.000000 1.015878 3.000000 1 1 
6572 5.298000 5.049000 5.045062 0.250000 0.253954 1.000000 1.015814 3.000000 1 1 
6573 5.299000 5.050000 5.046078 0.250000 0.253938 1.000000 1.015751 3.000000 1 1 
6574 5.300000 5.051000 5.047094 0.250000 0.253922 1.000000 1.015688 3.000000 1 1 
6575 5.301000 5.052000 5.048109 0.250000 0.253906 1.000000 1.015625 3.000000 1 1 
6576 5.302000 5.053000 5.049125 0.250000 0.253891 1.000000 1.015563 3.000000 1 1 
6577 5.303000 5.054000 5.050140 0.250000 0.253875 1.000000 1.015500 3.000000 1 1 
6578 5.304000 5.055000 5.051156 0.250000 0.253860 1.000000 1.015438 3.000000 1 1 
6579 5.305000 5.056000 5.052171 0.250000 0.253844 1.000000 1.015377 3.000000 1 1 
6580 5.306000 5.057000 5.053187 0.250000 0.253829 1.000000 1.015315 3.000000 1 1 
6581 5.307000 5.058000 5.054202 0.250000 0.253813 1.000000 1.015254 3.000000 1 1 
6582 5.308000 5.059000 5.055217 0.250000 0.253798 1.000000 1.015193 3.000000 1 1 
6583 5.309000 5.060000 5.056232 0.250000 0.253783 1.000000 1.015132 3.000000 1 1 
6584 5.310000 5.061000 5.057247 0.250000 0.253768 1.000000 1.015071 3.000000 1 1 
6585 5.311000 5.062000 5.058262 0.250000 0.253753 1.000000 1.015011 3.000000 1 1 
6586 5.312000 5.063000 5.059277 0.250000 0.253738 1.000000 1.014951 3.000000 1 1 
6587 5.313000 5.064000 5.060292 0.250000 0.253723 1.000000 1.014891 3.000000 1 1 
6588 5.314000 5.065000 5.061307 0.250000 0.253708 1.000000 1.014832 3.000000 1 1 
6589 5.315000 5.066000 5.062322 0.250000 0.253693 1.000000 1.014772 3.000000 1 1 
6590 5.316000 5.067000 5.063336 0.250000 0.253678 1.000000 1.014713 3.000000 1 1 
6591 5.317000 5.068000 5.064351 0.250000 0.253664 1.000000 1.014655 3.000000 1 1 
6592 5.318000 5.069000 5.065366 0.250000 0.253649 1.000000 1.014596 3.000000 1 1 
6593 5.319000 5.070000 5.066380 0.250000 0.253634 1.000000 1.014538 3.000000 1 1 
6594 5.320000 5.071000 5.067395 0.250000 0.253620 1.000000 1.014479 3.000000 1 1 
6595 5.321000 5.072000 5.068409 0.250000 0.253605 1.000000 1.014421 3.000000 1 1 
6596 5.322000 5.073000 5.069423 0.250000 0.253591 1.000000 1.014364 3.000000 1 1 
6597 5.323000 5.074000 5.070438 0.250000 0.253577 1.000000 1.014306 3.000000 1 1 
6598 5.324000 5.075000 5.071452 0.250000 0.253562 1.000000 1.014249 3.000000 1 1 
6599 5.325000 5.076000 5.072466 0.250000 0.253548 1.000000 1.014192 3.000000 1 1 
6600 5.326000 5.077000 5.073480 0.250000 0.253534 1.000000 1.014135 3.000000 1 1 
6601 5.327000 5.078000 5.074494 0.250000 0.253520 1.000000 1.014079 3.000000 1 1 
6602 5.328000 5.079000 5.075508 0.250000 0.253506 1.000000 1.014022 3.000000 1 1 
6603 5.329000 5.080000 5.076522 0.250000 0.253492 1.000000 1.013966 3.000000 1 1 
6604 5.330000 5.081000 5.077536 0.250000 0.253478 1.000000 1.013911 3.000000 1 1 
6605 5.331000 5.082000 5.078550 0.250000 0.253464 1.000000 1.013855 3.000000 1 1 
6606 5.332000 5.083000 5.079564 0.250000 0.253450 1.000000 1.013799 3.000000 1 1 
6607 5.333000 5.084000 5.080578 0.250000 0.253436 1.000000 1.013744 3.000000 1 1 
6608 5.334000 5.085000 5.081591 0.250000 0.253422 1.000000 1.013689 3.000000 1 1 
6609 5.335000 5.086000 5.082605 0.250000 0.253409 1.000000 1.013635 3.000000 1 1 
6610 5.336000 5.087000 5.083619 0.250000 0.253395 1.000000 1.013580 3.000000 1 1 
6611 5.337000 5.088000 5.084632 0.250000 0.253381 1.000000 1.013526 3.000000 1 1 
6612 5.338000 5.089000 5.085646 0.250000 0.253368 1.000000 1.013472 3.000000 1 1 
6613 5.339000 5.090000 5.086659 0.250000 0.253354 1.000000 1.013418 3.000000 1 1 
6614 5.340000 5.091000 5.087672 0.250000 0.253341 1.000000 1.013364 3.000000 1 1 
6615 5.341000 5.092000 5.088686 0.250000 0.253328 1.000000 1.013311 3.000000 1 1 
6616 5.342000 5.093000 5.089699 0.250000 0.253314 1.000000 1.013257 3.000000 1 1 
6617 5.343000 5.094000 5.090712 0.250000 0.253301 1.000000 1.013204 3.000000 1 1 
6618 5.344000 5.095000 5.091725 0.250000 0.253288 1.000000 1.013151 3.000000 1 1 
6619 5.345000 5.096000 5.092738 0.250000 0.253275 1.000000 1.013099 3.000000 1 1 
6620 5.346000 5.097000 5.093751 0.250000 0.253262 1.000000 1.013046 3.000000 1 1 
6621 5.347000 5.098000 5.094764 0.250000 0.253249 1.000000 1.012994 3.000000 1 1 
6622 5.348000 5.099000 5.095777 0.250000 0.253236 1.000000 1.012942 3.000000 1 1 
6623 5.349000 5.100000 5.096790 0.250000 0.253223 1.000000 1.012891 3.000000 1 1 
6624 5.350000 5.101000 5.097803 0.250000 0.253210 1.000000 1.012839 3.000000 1 1 
6625 5.351000 5.102000 5.098816 0.250000 0.253197 1.000000 1.012788 3.000000 1 1 
6626 5.352000 5.103000 5.099829 0.250000 0.253184 1.000000 1.012736 3.000000 1 1 
6627 5.353000 5.104000 5.100841 0.250000 0.253171 1.000000 1.012686 3.000000 1 1 
6628 5.354000 5.105000 5.101854 0.250000 0.253159 1.000000 1.012635 3.000000 1 1 
6629 5.355000 5.106000 5.102867 0.250000 0.253146 1.000000 1.012584 3.000000 1 1 
6630 5.356000 5.107000 5.103879 0.250000 0.253133 1.000000 1.012534 3.000000 1 1 
6631 5.357000 5.108000 5.104892 0.250000 0.253121 1.000000 1.012484 3.000000 1 1 
6632 5.358000 5.109000 5.105904 0.250000 0.253108 1.000000 1.012434 3.000000 1 1 
6633 5.359000 5.110000 5.106916 0.250000 0.253096 1.000000 1.012384 3.000000 1 1 
6634 5.360000 5.111000 5.107929 0.250000 0.253084 1.000000 1.012335 3.000000 1 1 
6635 5.361000 5.112000 5.108941 0.250000 0.253071 1.000000 1.012285 3.000000 1 1 
6636 5.362000 5.113000 5.109953 0.250000 0.253059 1.000000 1.012236 3.000000 1 1 
6637 5.363000 5.114000 5.110965 0.250000 0.253047 1.000000 1.012187 3.000000 1 1 
6638 5.364000 5.115000 5.111978 0.250000 0.253035 1.000000 1.012138 3.000000 1 1 
6639 5.365000 5.116000 5.112990 0.250000 0.253022 1.000000 1.012090 3.000000 1 1 
6640 5.366000 5.117000 5.114002 0.250000 0.253010 1.000000 1.012041 3.000000 1 1 
6641 5.367000 5.118000 5.115014 0.250000 0.252998 1.000000 1.011993 3.000000 1 1 
6642 5.368000 5.119000 5.116026 0.250000 0.252986 1.000000 1.011945 3.000000 1 1 
6643 5.369000 5.120000 5.117038 0.250000 0.252974 1.000000 1.011898 3.000000 1 1 
6644 5.370000 5.121000 5.118049 0.250000 0.252962 1.000000 1.011850 3.000000 1 1 
6645 5.371000 5.122000 5.119061 0.250000 0.252951 1.000000 1.011803 3.000000 1 1 
6646 5.372000 5.123000 5.120073 0.250000 0.252939 1.000000 1.011755 3.000000 1 1 
6647 5.373000 5.124000 5.121085 0.250000 0.252927 1.000000 1.011708 3.000000 1 1 
6648 5.374000 5.125000 5.122096 0.250000 0.252915 1.000000 1.011661 3.000000 1 1 
6649 5.375000 5.126000 5.123108 0.250000 0.252904 1.000000 1.011615 3.000000 1 1 
6650 5.376000 5.127000 5.124119 0.250000 0.252892 1.000000 1.011568 3.000000 1 1 
6651 5.377000 5.128000 5.125131 0.250000 0.252881 1.000000 1.011522 3.000000 1 1 
6652 5.378000 5.129000 5.126142 0.250000 0.252869 1.000000 1.011476 3.000000 1 1 
6653 5.379000 5.130000 5.127154 0.250000 0.252858 1.000000 1.011430 3.000000 1 1 
6654 5.380000 5.131000 5.128165 0.250000 0.252846 1.000000 1.011384 3.000000 1 1 
6655 5.381000 5.132000 5.129177 0.250000 0.252835 1.000000 1.011339 3.000000 1 1 
6656 5.382000 5.133000 5.130188 0.250000 0.252823 1.000000 1.011294 3.000000 1 1 
6657 5.383000 5.134000 5.131199 0.250000 0.252812 1.000000 1.011248 3.000000 1 1 
6658 5.384000 5.135000 5.132210 0.250000 0.252801 1.000000 1.011203 3.000000 1 1 
6659 5.385000 5.136000 5.133222 0.250000 0.252790 1.000000 1.011159 3.000000 1 1 
6660 5.386000 5.137000 5.134233 0.250000 0.252778 1.000000 1.011114 3.000000 1 1 
6661 5.387000 5.138000 5.135244 0.250000 0.252767 1.000000 1.011069 3.000000 1 1 
6662 5.388000 5.139000 5.136255 0.250000 0.252756 1.000000 1.011025 3.000000 1 1 
6663 5.389000 5.140000 5.137266 0.250000 0.252745 1.000000 1.010981 3.000000 1 1 
6664 5.390000 5.141000 5.138277 0.250000 0.252734 1.000000 1.010937 3.000000 1 1 
6665 5.391000 5.142000 5.139288 0.250000 0.252723 1.000000 1.010893 3.000000 1 1 
6666 5.392000 5.143000 5.140298 0.250000 0.252712 1.000000 1.010850 3.000000 1 1 
6667 5.393000 5.144000 5.141309 0.250000 0.252702 1.000000 1.010806 3.000000 1 1 
6668 5.394000 5.145000 5.142320 0.250000 0.252691 1.000000 1.010763 3.000000 1 1 
6669 5.395000 5.146000 5.143331 0.250000 0.252680 1.000000 1.010720 3.000000 1 1 
6670 5.396000 5.147000 5.144341 0.250000 0.252669 1.000000 1.010677 3.000000 1 1 
6671 5.397000 5.148000 5.145352 0.250000 0.252659 1.000000 1.010635 3.000000 1 1 
6672 5.398000 5.149000 5.146363 0.250000 0.252648 1.000000 1.010592 3.000000 1 1 
6673 5.399000 5.150000 5.147373 0.250000 0.252637 1.000000 1.010550 3.000000 1 1 
6674 5.400000 5.151000 5.148384 0.250000 0.252627 1.000000 1.010507 3.000000 1 1 
6675 5.401000 5.152000 5.149394 0.250000 0.252616 1.000000 1.010465 3.000000 1 1 
6676 5.402000 5.153000 5.150405 0.250000 0.252606 1.000000 1.010424 3.000000 1 1 
6677 5.403000 5.154000 5.151415 0.250000 0.252595 1.000000 1.010382 3.000000 1 1 
6678 5.404000 5.155000 5.152425 0.250000 0.252585 1.000000 1.010340 3.000000 1 1 
6679 5.405000 5.156000 5.153436 0.250000 0.252575 1.000000 1.010299 3.000000 1 1 
6680 5.406000 5.157000 5.154446 0.250000 0.252564 1.000000 1.010258 3.000000 1 1 
6681 5.407000 5.158000 5.155456 0.250000 0.252554 1.000000 1.010217 3.000000 1 1 
6682 5.408000 5.159000 5.156466 0.250000 0.252544 1.000000 1.010176 3.000000 1 1 
6683 5.409000 5.160000 5.157476 0.250000 0.252534 1.000000 1.010135 3.000000 1 1 
6684 5.410000 5.161000 5.158486 0.250000 0.252524 1.000000 1.010095 3.000000 1 1 
6685 5.411000 5.162000 5.159496 0.250000 0.252514 1.000000 1.010054 3.000000 1 1 
6686 5.412000 5.163000 5.160507 0.250000 0.252504 1.000000 1.010014 3.000000 1 1 
6687 5.413000 5.164000 5.161516 0.250000 0.252493 1.000000 1.009974 3.000000 1 1 
6688 5.414000 5.165000 5.162526 0.250000 0.252484 1.000000 1.009934 3.000000 1 1 
6689 5.415000 5.166000 5.163536 0.250000 0.252474 1.000000 1.009894 3.000000 1 1 
6690 5.416000 5.167000 5.164546 0.250000 0.252464 1.000000 1.009855 3.000000 1 1 
6691 5.417000 5.168000 5.165556 0.250000 0.252454 1.000000 1.009815 3.000000 1 1 
6692 5.418000 5.169000 5.166566 0.250000 0.252444 1.000000 1.009776 3.000000 1 1 
6693 5.419000 5.170000 5.167575 0.250000 0.252434 1.000000 1.009737 3.000000 1 1 
6694 5.420000 5.171000 5.168585 0.250000 0.252425 1.000000 1.009698 3.000000 1 1 
6695 5.421000 5.172000 5.169595 0.250000 0.252415 1.000000 1.009659 3.000000 1 1 
6696 5.422000 5.173000 5.170604 0.250000 0.252405 1.000000 1.009621 3.000000 1 1 
6697 5.423000 5.174000 5.171614 0.250000 0.252396 1.000000 1.009582 3.000000 1 1 
6698 5.424000 5.175000 5.172624 0.250000 0.252386 1.000000 1.009544 3.000000 1 1 
6699 5.425000 5.176000 5.173633 0.250000 0.252376 1.000000 1.009506 3.000000 1 1 
6700 5.426000 5.177000 5.174643 0.250000 0.252367 1.000000 1.009468 3.000000 1 1 
6701 5.427000 5.178000 5.175652 0.250000 0.252357 1.000000 1.009430 3.000000 1 1 
6702 5.428000 5.179000 5.176661 0.250000 0.252348 1.000000 1.009392 3.000000 1 1 
6703 5.429000 5.180000 5.177671 0.250000 0.252339 1.000000 1.009354 3.000000 1 1 
6704 5.430000 5.181000 5.178680 0.250000 0.252329 1.000000 1.009317 3.000000 1 1 
6705 5.431000 5.182000 5.179689 0.250000 0.252320 1.000000 1.009280 3.000000 1 1 
6706 5.432000 5.183000 5.180699 0.250000 0.252311 1.000000 1.009243 3.000000 1 1 
6707 5.433000 5.184000 5.181708 0.250000 0.252301 1.000000 1.009206 3.000000 1 1 
6708 5.434000 5.185000 5.182717 0.250000 0.252292 1.000000 1.009169 3.000000 1 1 
6709 5.435000 5.186000 5.183726 0.250000 0.252283 1.000000 1.009132 3.000000 1 1 
6710 5.436000 5.187000 5.184735 0.250000 0.252274 1.000000 1.009096 3.000000 1 1 
6711 5.437000 5.188000 5.185744 0.250000 0.252265 1.000000 1.009059 3.000000 1 1 
6712 5.438000 5.189000 5.186753 0.250000 0.252256 1.000000 1.009023 3.000000 1 1 
6713 5.439000 5.190000 5.187762 0.250000 0.252247 1.000000 1.008987 3.000000 1 1 
6714 5.440000 5.191000 5.188771 0.250000 0.252238 1.000000 1.008951 3.000000 1 1 
6715 5.441000 5.192000 5.189780 0.250000 0.252229 1.000000 1.008915 3.000000 1 1 
6716 5.442000 5.193000 5.190789 0.250000 0.252220 1.000000 1.008880 3.000000 1 1 
6717 5.443000 5.194000 5.191798 0.250000 0.252211 1.000000 1.008844 3.000000 1 1 
6718 5.444000 5.195000 5.192807 0.250000 0.252202 1.000000 1.008809 3.000000 1 1 
6719 5.445000 5.196000 5.193815 0.250000 0.252193 1.000000 1.008773 3.000000 1 1 
6720 5.446000 5.197000 5.194824 0.250000 0.252185 1.000000 1.008738 3.000000 1 1 
6721 5.447000 5.198000 5.195833 0.250000 0.252176 1.000000 1.008703 3.000000 1 1 
6722 5.448000 5.199000 5.196842 0.250000 0.252167 1.000000 1.008669 3.000000 1 1 
6723 5.449000 5.200000 5.197850 0.250000 0.252158 1.000000 1.008634 3.000000 1 1 
6724 5.450000 5.201000 5.198859 0.250000 0.252150 1.000000 1.008599 3.000000 1 1 
6725 5.451000 5.202000 5.199867 0.250000 0.252141 1.000000 1.008565 3.000000 1 1 
6726 5.452000 5.203000 5.200876 0.250000 0.252133 1.000000 1.008531 3.000000 1 1 
6727 5.453000 5.204000 5.201884 0.250000 0.252124 1.000000 1.008497 3.000000 1 1 
6728 5.454000 5.205000 5.202893 0.250000 0.252116 1.000000 1.008463 3.000000 1 1 
6729 5.455000 5.206000 5.203901 0.250000 0.252107 1.000000 1.008429 3.000000 1 1 
6730 5.456000 5.207000 5.204910 0.250000 0.252099 1.000000 1.008395 3.000000 1 1 
6731 5.457000 5.208000 5.205918 0.250000 0.252090 1.000000 1.008361 3.000000 1 1 
6732 5.458000 5.209000 5.206926 0.250000 0.252082 1.000000 1.008328 3.000000 1 1 
6733 5.459000 5.210000 5.207935 0.250000 0.252074 1.000000 1.008295 3.000000 1 1 
6734 5.460000 5.211000 5.208943 0.250000 0.252065 1.000000 1.008261 3.000000 1 1 
6735 5.461000 5.212000 5.209951 0.250000 0.252057 1.000000 1.008228 3.000000 1 1 
6736 5.462000 5.213000 5.210959 0.250000 0.252049 1.000000 1.008196 3.000000 1 1 
6737 5.463000 5.214000 5.211967 0.250000 0.252041 1.000000 1.008163 3.000000 1 1 
6738 5.464000 5.215000 5.212976 0.250000 0.252033 1.000000 1.008130 3.000000 1 1 
6739 5.465000 5.216000 5.213984 0.250000 0.252024 1.000000 1.008098 3.000000 1 1 
6740 5.466000 5.217000 5.214992 0.250000 0.252016 1.000000 1.008065 3.000000 1 1 
6741 5.467000 5.218000 5.216000 0.250000 0.252008 1.000000 1.008033 3.000000 1 1 
6742 5.468000 5.219000 5.217008 0.250000 0.252000 1.000000 1.008001 3.000000 1 1 
6743 5.469000 5.220000 5.218016 0.250000 0.251992 1.000000 1.007969 3.000000 1 1 
6744 5.470000 5.221000 5.219024 0.250000 0.251984 1.000000 1.007937 3.000000 1 1 
6745 5.471000 5.222000 5.220032 0.250000 0.251976 1.000000 1.007905 3.000000 1 1 
6746 5.472000 5.223000 5.221039 0.250000 0.251968 1.000000 1.007874 3.000000 1 1 
6747 5.473000 5.224000 5.222047 0.250000 0.251961 1.000000 1.007842 3.000000 1 1 
6748 5.474000 5.225000 5.223055 0.250000 0.251953 1.000000 1.007811 3.000000 1 1 
6749 5.475000 5.226000 5.224063 0.250000 0.251945 1.000000 1.007779 3.000000 1 1 
6750 5.476000 5.227000 5.225071 0.250000 0.251937 1.000000 1.007748 3.000000 1 1 
6751 5.477000 5.228000 5.226078 0.250000 0.251929 1.000000 1.007717 3.000000 1 1 
6752 5.478000 5.229000 5.227086 0.250000 0.251922 1.000000 1.007686 3.000000 1 1 
6753 5.479000 5.230000 5.228094 0.250000 0.251914 1.000000 1.007656 3.000000 1 1 
6754 5.480000 5.231000 5.229101 0.250000 0.251906 1.000000 1.007625 3.000000 1 1 
6755 5.481000 5.232000 5.230109 0.250000 0.251899 1.000000 1.007595 3.000000 1 1 
6756 5.482000 5.233000 5.231117 0.250000 0.251891 1.000000 1.007564 3.000000 1 1 
6757 5.483000 5.234000 5.232124 0.250000 0.251883 1.000000 1.007534 3.000000 1 1 
6758 5.484000 5.235000 5.233132 0.250000 0.251876 1.000000 1.007504 3.000000 1 1 
6759 5.485000 5.236000 5.234139 0.250000 0.251868 1.000000 1.007474 3.000000 1 1 
6760 5.486000 5.237000 5.235146 0.250000 0.251861 1.000000 1.007444 3.000000 1 1 
6761 5.487000 5.238000 5.236154 0.250000 0.251854 1.000000 1.007414 3.000000 1 1 
6762 5.488000 5.239000 5.237161 0.250000 0.251846 1.000000 1.007384 3.000000 1 1 
6763 5.489000 5.240000 5.238169 0.250000 0.251839 1.000000 1.007355 3.000000 1 1 
6764 5.490000 5.241000 5.239176 0.250000 0.251831 1.000000 1.007325 3.000000 1 1 
6765 5.491000 5.242000 5.240183 0.250000 0.251824 1.000000 1.007296 3.000000 1 1 
6766 5.492000 5.243000 5.241191 0.250000 0.251817 1.000000 1.007267 3.000000 1 1 
6767 5.493000 5.244000 5.242198 0.250000 0.251809 1.000000 1.007238 3.000000 1 1 
6768 5.494000 5.245000 5.243205 0.250000 0.251802 1.000000 1.007209 3.000000 1 1 
6769 5.495000 5.246000 5.244212 0.250000 0.251795 1.000000 1.007180 3.000000 1 1 
6770 5.496000 5.247000 5.245219 0.250000 0.251788 1.000000 1.007151 3.000000 1 1 
6771 5.497000 5.248000 5.246226 0.250000 0.251781 1.000000 1.007123 3.000000 1 1 
6772 5.498000 5.249000 5.247234 0.250000 0.251774 1.000000 1.007094 3.000000 1 1 
6773 5.499000 5.250000 5.248241 0.250000 0.251766 1.000000 1.007066 3.000000 1 1 
6774 5.500000 5.251000 5.249248 0.250000 0.251759 1.000000 1.007038 3.000000 1 1 
6775 5.501000 5.252000 5.250255 0.250000 0.251752 1.000000 1.007010 3.000000 1 1 
6776 5.502000 5.253000 5.251262 0.250000 0.251745 1.000000 1.006982 3.000000 1 1 
6777 5.503000 5.254000 5.252269 0.250000 0.251738 1.000000 1.006954 3.000000 1 1 
6778 5.504000 5.255000 5.253275 0.250000 0.251731 1.000000 1.006926 3.000000 1 1 
6779 5.505000 5.256000 5.254282 0.250000 0.251725 1.000000 1.006898 3.000000 1 1 
6780 5.506000 5.257000 5.255289 0.250000 0.251718 1.000000 1.006870 3.000000 1 1 
6781 5.507000 5.258000 5.256296 0.250000 0.251711 1.000000 1.006843 3.000000 1 1 
6782 5.508000 5.259000 5.257303 0.250000 0.251704 1.000000 1.006816 3.000000 1 1 
6783 5.509000 5.260000 5.258310 0.250000 0.251697 1.000000 1.006788 3.000000 1 1 
6784 5.510000 5.261000 5.259316 0.250000 0.251690 1.000000 1.006761 3.000000 1 1 
6785 5.511000 5.262000 5.260323 0.250000 0.251684 1.000000 1.006734 3.000000 1 1 
6786 5.512000 5.263000 5.261330 0.250000 0.251677 1.000000 1.006707 3.000000 1 1 
6787 5.513000 5.264000 5.262337 0.250000 0.251670 1.000000 1.006680 3.000000 1 1 
6788 5.514000 5.265000 5.263343 0.250000 0.251663 1.000000 1.006654 3.000000 1 1 
6789 5.515000 5.266000 5.264350 0.250000 0.251657 1.000000 1.006627 3.000000 1 1 
6790 5.516000 5.267000 5.265356 0.250000 0.251650 1.000000 1.006601 3.000000 1 1 
6791 5.517000 5.268000 5.266363 0.250000 0.251644 1.000000 1.006574 3.000000 1 1 
6792 5.518000 5.269000 5.267370 0.250000 0.251637 1.000000 1.006548 3.000000 1 1 
6793 5.519000 5.270000 5.268376 0.250000 0.251630 1.000000 1.006522 3.000000 1 1 
6794 5.520000 5.271000 5.269383 0.250000 0.251624 1.000000 1.006496 3.000000 1 1 
6795 5.521000 5.272000 5.270389 0.250000 0.251617 1.000000 1.006470 3.000000 1 1 
6796 5.522000 5.273000 5.271396 0.250000 0.251611 1.000000 1.006444 3.000000 1 1 
6797 5.523000 5.274000 5.272402 0.250000 0.251604 1.000000 1.006418 3.000000 1 1 
6798 5.524000 5.275000 5.273408 0.250000 0.251598 1.000000 1.006392 3.000000 1 1 
6799 5.525000 5.276000 5.274415 0.250000 0.251592 1.000000 1.006367 3.000000 1 1 
6800 5.526000 5.277000 5.275421 0.250000 0.251585 1.000000 1.006341 3.000000 1 1 
6801 5.527000 5.278000 5.276427 0.250000 0.251579 1.000000 1.006316 3.000000 1 1 
6802 5.528000 5.279000 5.277434 0.250000 0.251573 1.000000 1.006291 3.000000 1 1 
6803 5.529000 5.280000 5.278440 0.250000 0.251566 1.000000 1.006265 3.000000 1 1 
6804 5.530000 5.281000 5.279446 0.250000 0.251560 1.000000 1.006240 3.000000 1 1 
6805 5.531000 5.282000 5.280452 0.250000 0.251554 1.000000 1.006215 3.000000 1 1 
6806 5.532000 5.283000 5.281459 0.250000 0.251548 1.000000 1.006191 3.000000 1 1 
6807 5.533000 5.284000 5.282465 0.250000 0.251541 1.000000 1.006166 3.000000 1 1 
6808 5.534000 5.285000 5.283471 0.250000 0.251535 1.000000 1.006141 3.000000 1 1 
6809 5.535000 5.286000 5.284477 0.250000 0.251529 1.000000 1.006117 3.000000 1 1 
6810 5.536000 5.287000 5.285483 0.250000 0.251523 1.000000 1.006092 3.000000 1 1 
6811 5.537000 5.288000 5.286489 0.250000 0.251517 1.000000 1.006068 3.000000 1 1 
6812 5.538000 5.289000 5.287495 0.250000 0.251511 1.000000 1.006043 3.000000 1 1 
6813 5.539000 5.290000 5.287495 0.250000 0.251505 1.000000 0.000000 3.000000 1 0 
6814 5.540000 5.291000 5.287495 0.250000 0.252505 1.000000 0.000000 3.000000 1 0 
6815 5.541000 5.292000 5.287495 0.250000 0.253505 1.000000 0.000000 3.000000 1 0 
6816 5.542000 5.293000 5.287495 0.250000 0.254505 1.000000 0.000000 4.000000 1 0 
6817 5.543000 5.294000 5.287495 0.250000 0.255505 1.000000 0.000000 4.000000 1 0 
6818 5.544000 5.295000 5.287495 0.250000 0.256505 1.000000 0.000000 4.000000 1 0 
6819 5.545000 5.296000 5.287495 0.250000 0.257505 1.000000 0.000000 4.000000 1 0 
6820 5.546000 5.297000 5.287495 0.250000 0.258505 1.000000 0.000000 4.000000 1 0 
6821 5.547000 5.298000 5.287495 0.250000 0.259505 1.000000 0.000000 4.000000 1 0 
6822 5.548000 5.299000 5.287495 0.250000 0.260505 1.000000 0.000000 4.000000 1 0 
6823 5.549000 5.300000 5.287495 0.250000 0.261505 1.000000 0.000000 4.000000 1 0 
6824 5.550000 5.301000 5.287495 0.250000 0.262505 1.000000 0.000000 4.000000 1 0 
6825 5.551000 5.302000 5.287495 0.250000 0.263505 1.000000 0.000000 4.000000 1 0 
6826 5.552000 5.303000 5.287495 0.250000 0.264505 1.000000 0.000000 4.000000 1 0 
6827 5.553000 5.304000 5.287495 0.250000 0.265505 1.000000 0.000000 4.000000 1 0 
6828 5.554000 5.305000 5.287495 0.250000 0.266505 1.000000 0.000000 4.000000 1 0 
6829 5.555000 5.306000 5.287495 0.250000 0.267505 1.000000 0.000000 4.000000 1 0 
6830 5.556000 5.307000 5.287495 0.250000 0.268505 1.000000 0.000000 4.000000 1 0 
6831 5.557000 5.308000 5.287495 0.250000 0.269505 1.000000 0.000000 4.000000 1 0 
6832 5.558000 5.309000 5.287495 0.250000 0.270505 1.000000 0.000000 4.000000 1 0 
6833 5.559000 5.310000 5.287495 0.250000 0.271505 1.000000 0.000000 4.000000 1 0 
6834 5.560000 5.311000 5.287495 0.250000 0.272505 1.000000 0.000000 4.000000 1 0 
6835 5.561000 5.312000 5.287495 0.250000 0.273505 1.000000 0.000000 4.000000 1 0 
6836 5.562000 5.313000 5.287495 0.250000 0.274505 1.000000 0.000000 4.000000 1 0 
6837 5.563000 5.314000 5.287495 0.250000 0.275505 1.000000 0.000000 4.000000 1 0 
6838 5.564000 5.315000 5.287495 0.250000 0.276505 1.000000 0.000000 4.000000 1 0 
6839 5.565000 5.316000 5.287495 0.250000 0.277505 1.000000 0.000000 4.000000 1 0 
6840 5.566000 5.317000 5.287495 0.250000 0.278505 1.000000 0.000000 4.000000 1 0 
6841 5.567000 5.318000 5.287495 0.250000 0.279505 1.000000 0.000000 4.000000 1 0 
6842 5.568000 5.319000 5.287495 0.250000 0.280505 1.000000 0.000000 4.000000 1 0 
6843 5.569000 5.320000 5.287495 0.250000 0.281505 1.000000 0.000000 4.000000 1 0 
6844 5.570000 5.321000 5.287495 0.250000 0.282505 1.000000 0.000000 4.000000 1 0 
6845 5.571000 5.322000 5.287495 0.250000 0.283505 1.000000 0.000000 4.000000 1 0 
6846 5.572000 5.323000 5.287495 0.250000 0.284505 1.000000 0.000000 4.000000 1 0 
6847 5.573000 5.324000 5.287495 0.250000 0.285505 1.000000 0.000000 4.000000 1 0 
6848 5.574000 5.325000 5.287495 0.250000 0.286505 1.000000 0.000000 4.000000 1 0 
6849 5.575000 5.326000 5.287495 0.250000 0.287505 1.000000 0.000000 4.000000 1 0 
6850 5.576000 5.327000 5.287495 0.250000 0.288505 1.000000 0.000000 4.000000 1 0 
6851 5.577000 5.328000 5.287495 0.250000 0.289505 1.000000 0.000000 4.000000 1 0 
6852 5.578000 5.329000 5.287495 0.250000 0.290505 1.000000 0.000000 4.000000 1 0 
6853 5.579000 5.330000 5.287495 0.250000 0.291505 1.000000 0.000000 4.000000 1 0 
6854 5.580000 5.331000 5.287495 0.250000 0.292505 1.000000 0.000000 4.000000 1 0 
6855 5.581000 5.332000 5.287495 0.250000 0.293505 1.000000 0.000000 4.000000 1 0 
6856 5.582000 5.333000 5.287495 0.250000 0.294505 1.000000 0.000000 4.000000 1 0 
6857 5.583000 5.334000 5.287495 0.250000 0.295505 1.000000 0.000000 4.000000 1 0 
6858 5.584000 5.335000 5.287495 0.250000 0.296505 1.000000 0.000000 4.000000 1 0 
6859 5.585000 5.336000 5.287495 0.250000 0.297505 1.000000 0.000000 4.000000 1 0 
6860 5.586000 5.337000 5.287495 0.250000 0.298505 1.000000 0.000000 4.000000 1 0 
6861 5.587000 5.338000 5.287495 0.250000 0.299505 1.000000 0.000000 4.000000 1 0 
6862 5.588000 5.339000 5.287495 0.250000 0.300505 1.000000 0.000000 4.000000 1 0 
6863 5.589000 5.340000 5.287495 0.250000 0.301505 1.000000 0.000000 4.000000 1 0 
6864 5.590000 5.341000 5.287495 0.250000 0.302505 1.000000 0.000000 4.000000 1 0 
6865 5.591000 5.342000 5.287495 0.250000 0.303505 1.000000 0.000000 4.000000 1 0 
6866 5.592000 5.343000 5.287495 0.250000 0.304505 1.000000 0.000000 4.000000 1 0 
6867 5.593000 5.344000 5.287495 0.250000 0.305505 1.000000 0.000000 4.000000 1 0 
6868 5.594000 5.345000 5.287495 0.250000 0.306505 1.000000 0.000000 4.000000 1 0 
6869 5.595000 5.346000 5.287495 0.250000 0.307505 1.000000 0.000000 4.000000 1 0 
6870 5.596000 5.347000 5.287495 0.250000 0.308505 1.000000 0.000000 4.000000 1 0 
6871 5.597000 5.348000 5.287495 0.250000 0.309505 1.000000 0.000000 4.000000 1 0 
6872 5.598000 5.349000 5.287495 0.250000 0.310505 1.000000 0.000000 4.000000 1 0 
6873 5.599000 5.350000 5.287495 0.250000 0.311505 1.000000 0.000000 4.000000 1 0 
6874 5.600000 5.351000 5.287495 0.250000 0.312505 1.000000 0.000000 4.000000 1 0 
6875 5.601000 5.352000 5.287495 0.250000 0.313505 1.000000 0.000000 4.000000 1 0 
6876 5.602000 5.353000 5.287495 0.250000 0.314505 1.000000 0.000000 4.000000 1 0 
6877 5.603000 5.354000 5.287495 0.250000 0.315505 1.000000 0.000000 4.000000 1 0 
6878 5.604000 5.355000 5.287495 0.250000 0.316505 1.000000 0.000000 4.000000 1 0 
6879 5.605000 5.356000 5.287495 0.250000 0.317505 1.000000 0.000000 4.000000 1 0 
6880 5.606000 5.357000 5.287495 0.250000 0.318505 1.000000 0.000000 4.000000 1 0 
6881 5.607000 5.358000 5.287495 0.250000 0.319505 1.000000 0.000000 4.000000 1 0 
6882 5.608000 5.359000 5.287495 0.250000 0.320505 1.000000 0.000000 4.000000 1 0 
6883 5.609000 5.360000 5.287495 0.250000 0.321505 1.000000 0.000000 4.000000 1 0 
6884 5.610000 5.361000 5.287495 0.250000 0.322505 1.000000 0.000000 4.000000 1 0 
6885 5.611000 5.362000 5.287495 0.250000 0.323505 1.000000 0.000000 4.000000 1 0 
6886 5.612000 5.363000 5.287495 0.250000 0.324505 1.000000 0.000000 4.000000 1 0 
6887 5.613000 5.364000 5.287495 0.250000 0.325505 1.000000 0.000000 4.000000 1 0 
6888 5.614000 5.365000 5.287495 0.250000 0.326505 1.000000 0.000000 4.000000 1 0 
6889 5.615000 5.366000 5.287495 0.250000 0.327505 1.000000 0.000000 4.000000 1 0 
6890 5.616000 5.367000 5.287495 0.250000 0.328505 1.000000 0.000000 4.000000 1 0 
6891 5.617000 5.368000 5.287495 0.250000 0.329505 1.000000 0.000000 4.000000 1 0 
6892 5.618000 5.369000 5.287495 0.250000 0.330505 1.000000 0.000000 4.000000 1 0 
6893 5.619000 5.370000 5.287495 0.250000 0.331505 1.000000 0.000000 4.000000 1 0 
6894 5.620000 5.371000 5.287495 0.250000 0.332505 1.000000 0.000000 4.000000 1 0 
6895 5.621000 5.372000 5.287495 0.250000 0.333505 1.000000 0.000000 4.000000 1 0 
6896 5.622000 5.373000 5.287495 0.250000 0.334505 1.000000 0.000000 4.000000 1 0 
6897 5.623000 5.374000 5.287495 0.250000 0.335505 1.000000 0.000000 4.000000 1 0 
6898 5.624000 5.375000 5.287495 0.250000 0.336505 1.000000 0.000000 4.000000 1 0 
6899 5.625000 5.376000 5.287495 0.250000 0.337505 1.000000 0.000000 4.000000 1 0 
6900 5.626000 5.377000 5.287495 0.250000 0.338505 1.000000 0.000000 4.000000 1 0 
6901 5.627000 5.378000 5.287495 0.250000 0.339505 1.000000 0.000000 4.000000 1 0 
6902 5.628000 5.379000 5.287495 0.250000 0.340505 1.000000 0.000000 4.000000 1 0 
6903 5.629000 5.380000 5.287495 0.250000 0.341505 1.000000 0.000000 4.000000 1 0 
6904 5.630000 5.381000 5.287495 0.250000 0.342505 1.000000 0.000000 4.000000 1 0 
6905 5.631000 5.382000 5.287495 0.250000 0.343505 1.000000 0.000000 4.000000 1 0 
6906 5.632000 5.383000 5.287495 0.250000 0.344505 1.000000 0.000000 4.000000 1 0 
6907 5.633000 5.384000 5.287495 0.250000 0.345505 1.000000 0.000000 4.000000 1 0 
6908 5.634000 5.385000 5.287495 0.250000 0.346505 1.000000 0.000000 4.000000 1 0 
6909 5.635000 5.386000 5.287495 0.250000 0.347505 1.000000 0.000000 4.000000 1 0 
6910 5.636000 5.387000 5.287495 0.250000 0.348505 1.000000 0.000000 4.000000 1 0 
6911 5.637000 5.388000 5.287495 0.250000 0.349505 1.000000 0.000000 4.000000 1 0 
6912 5.638000 5.389000 5.287495 0.250000 0.350505 1.000000 0.000000 4.000000 1 0 
6913 5.639000 5.390000 5.287495 0.250000 0.351505 1.000000 0.000000 4.000000 1 0 
6914 5.640000 5.391000 5.287495 0.250000 0.352505 1.000000 0.000000 4.000000 1 0 
6915 5.641000 5.392000 5.287495 0.250000 0.353505 1.000000 0.000000 4.000000 1 0 
6916 5.642000 5.393000 5.287495 0.250000 0.354505 1.000000 0.000000 4.000000 1 0 
6917 5.643000 5.394000 5.287495 0.250000 0.355505 1.000000 0.000000 4.000000 1 0 
6918 5.644000 5.395000 5.287495 0.250000 0.356505 1.000000 0.000000 4.000000 1 0 
6919 5.645000 5.396000 5.287495 0.250000 0.357505 1.000000 0.000000 4.000000 1 0 
6920 5.646000 5.397000 5.287495 0.250000 0.358505 1.000000 0.000000 4.000000 1 0 
6921 5.647000 5.398000 5.287495 0.250000 0.359505 1.000000 0.000000 4.000000 1 0 
6922 5.648000 5.399000 5.287495 0.250000 0.360505 1.000000 0.000000 4.000000 1 0 
6923 5.649000 5.400000 5.287495 0.250000 0.361505 1.000000 0.000000 4.000000 1 0 
6924 5.650000 5.401000 5.287495 0.250000 0.362505 1.000000 0.000000 4.000000 1 0 
6925 5.651000 5.402000 5.287495 0.250000 0.363505 1.000000 0.000000 4.000000 1 0 
6926 5.652000 5.403000 5.287495 0.250000 0.364505 1.000000 0.000000 4.000000 1 0 
6927 5.653000 5.404000 5.287495 0.250000 0.365505 1.000000 0.000000 4.000000 1 0 
6928 5.654000 5.405000 5.287495 0.250000 0.366505 1.000000 0.000000 4.000000 1 0 
6929 5.655000 5.406000 5.287495 0.250000 0.367505 1.000000 0.000000 4.000000 1 0 
6930 5.656000 5.407000 5.287495 0.250000 0.368505 1.000000 0.000000 4.000000 1 0 
6931 5.657000 5.408000 5.287495 0.250000 0.369505 1.000000 0.000000 4.000000 1 0 
6932 5.658000 5.409000 5.287495 0.250000 0.370505 1.000000 0.000000 4.000000 1 0 
6933 5.659000 5.410000 5.287495 0.250000 0.371505 1.000000 0.000000 4.000000 1 0 
6934 5.660000 5.411000 5.287495 0.250000 0.372505 1.000000 0.000000 4.000000 1 0 
6935 5.661000 5.412000 5.287495 0.250000 0.373505 1.000000 0.000000 4.000000 1 0 
6936 5.662000 5.413000 5.287495 0.250000 0.374505 1.000000 0.000000 4.000000 1 0 
6937 5.663000 5.414000 5.287495 0.250000 0.375505 1.000000 0.000000 4.000000 1 0 
6938 5.664000 5.415000 5.287495 0.250000 0.376505 1.000000 0.000000 4.000000 1 0 
6939 5.665000 5.416000 5.287495 0.250000 0.377505 1.000000 0.000000 4.000000 1 0 
6940 5.666000 5.417000 5.287495 0.250000 0.378505 1.000000 0.000000 4.000000 1 0 
6941 5.667000 5.418000 5.287495 0.250000 0.379505 1.000000 0.000000 4.000000 1 0 
6942 5.668000 5.419000 5.287495 0.250000 0.380505 1.000000 0.000000 4.000000 1 0 
6943 5.669000 5.420000 5.287495 0.250000 0.381505 1.000000 0.000000 4.000000 1 0 
6944 5.670000 5.421000 5.287495 0.250000 0.382505 1.000000 0.000000 4.000000 1 0 
6945 5.671000 5.422000 5.287495 0.250000 0.383505 1.000000 0.000000 4.000000 1 0 
6946 5.672000 5.423000 5.287495 0.250000 0.384505 1.000000 0.000000 4.000000 1 0 
6947 5.673000 5.424000 5.287495 0.250000 0.385505 1.000000 0.000000 4.000000 1 0 
6948 5.674000 5.425000 5.287495 0.250000 0.386505 1.000000 0.000000 4.000000 1 0 
6949 5.675000 5.426000 5.287495 0.250000 0.387505 1.000000 0.000000 4.000000 1 0 
6950 5.676000 5.427000 5.287495 0.250000 0.388505 1.000000 0.000000 4.000000 1 0 
6951 5.677000 5.428000 5.287495 0.250000 0.389505 1.000000 0.000000 4.000000 1 0 
6952 5.678000 5.429000 5.287495 0.250000 0.390505 1.000000 0.000000 4.000000 1 0 
6953 5.679000 5.430000 5.287495 0.250000 0.391505 1.000000 0.000000 4.000000 1 0 
6954 5.680000 5.431000 5.287495 0.250000 0.392505 1.000000 0.000000 4.000000 1 0 
6955 5.681000 5.432000 5.287495 0.250000 0.393505 1.000000 0.000000 4.000000 1 0 
6956 5.682000 5.433000 5.287495 0.250000 0.394505 1.000000 0.000000 4.000000 1 0 
6957 5.683000 5.434000 5.287495 0.250000 0.395505 1.000000 0.000000 4.000000 1 0 
6958 5.684000 5.435000 5.287495 0.250000 0.396505 1.000000 0.000000 4.000000 1 0 
6959 5.685000 5.436000 5.287495 0.250000 0.397505 1.000000 0.000000 4.000000 1 0 
6960 5.686000 5.437000 5.287495 0.250000 0.398505 1.000000 0.000000 4.000000 1 0 
6961 5.687000 5.438000 5.287495 0.250000 0.399505 1.000000 0.000000 4.000000 1 0 
6962 5.688000 5.439000 5.287495 0.250000 0.400505 1.000000 0.000000 4.000000 1 0 
6963 5.689000 5.440000 5.287495 0.250000 0.401505 1.000000 0.000000 4.000000 1 0 
6964 5.690000 5.441000 5.287495 0.250000 0.402505 1.000000 0.000000 4.000000 1 0 
6965 5.691000 5.442000 5.287495 0.250000 0.403505 1.000000 0.000000 4.000000 1 0 
6966 5.692000 5.443000 5.287495 0.250000 0.404505 1.000000 0.000000 4.000000 1 0 
6967 5.693000 5.444000 5.287495 0.250000 0.405505 1.000000 0.000000 4.000000 1 0 
6968 5.694000 5.445000 5.287495 0.250000 0.406505 1.000000 0.000000 4.000000 1 0 
6969 5.695000 5.446000 5.287495 0.250000 0.407505 1.000000 0.000000 4.000000 1 0 
6970 5.696000 5.447000 5.287495 0.250000 0.408505 1.000000 0.000000 4.000000 1 0 
6971 5.697000 5.448000 5.287495 0.250000 0.409505 1.000000 0.000000 4.000000 1 0 
6972 5.698000 5.449000 5.287495 0.250000 0.410505 1.000000 0.000000 4.000000 1 0 
6973 5.699000 5.450000 5.287495 0.250000 0.411505 1.000000 0.000000 4.000000 1 0 
6974 5.700000 5.451000 5.287495 0.250000 0.412505 1.000000 0.000000 4.000000 1 0 
6975 5.701000 5.452000 5.287495 0.250000 0.413505 1.000000 0.000000 4.000000 1 0 
6976 5.702000 5.453000 5.287495 0.250000 0.414505 1.000000 0.000000 4.000000 1 0 
6977 5.703000 5.454000 5.287495 0.250000 0.415505 1.000000 0.000000 4.000000 1 0 
6978 5.704000 5.455000 5.287495 0.250000 0.416505 1.000000 0.000000 4.000000 1 0 
6979 5.705000 5.456000 5.287495 0.250000 0.417505 1.000000 0.000000 4.000000 1 0 
6980 5.706000 5.457000 5.287495 0.250000 0.418505 1.000000 0.000000 4.000000 1 0 
6981 5.707000 5.458000 5.287495 0.250000 0.419505 1.000000 0.000000 4.000000 1 0 
6982 5.708000 5.459000 5.287495 0.250000 0.420505 1.000000 0.000000 4.000000 1 0 
6983 5.709000 5.460000 5.287495 0.250000 0.421505 1.000000 0.000000 4.000000 1 0 
6984 5.710000 5.461000 5.287495 0.250000 0.422505 1.000000 0.000000 4.000000 1 0 
6985 5.711000 5.462000 5.287495 0.250000 0.423505 1.000000 0.000000 4.000000 1 0 
6986 5.712000 5.463000 5.287495 0.250000 0.424505 1.000000 0.000000 4.000000 1 0 
6987 5.713000 5.464000 5.287495 0.250000 0.425505 1.000000 0.000000 4.000000 1 0 
6988 5.714000 5.465000 5.287495 0.250000 0.426505 1.000000 0.000000 4.000000 1 0 
6989 5.715000 5.466000 5.287495 0.250000 0.427505 1.000000 0.000000 4.000000 1 0 
6990 5.716000 5.467000 5.287495 0.250000 0.428505 1.000000 0.000000 4.000000 1 0 
6991 5.717000 5.468000 5.287495 0.250000 0.429505 1.000000 0.000000 4.000000 1 0 
6992 5.718000 5.469000 5.287495 0.250000 0.430505 1.000000 0.000000 4.000000 1 0 
6993 5.719000 5.470000 5.287495 0.250000 0.431505 1.000000 0.000000 4.000000 1 0 
6994 5.720000 5.471000 5.287495 0.250000 0.432505 1.000000 0.000000 4.000000 1 0 
6995 5.721000 5.472000 5.287495 0.250000 0.433505 1.000000 0.000000 4.000000 1 0 
6996 5.722000 5.473000 5.287495 0.250000 0.434505 1.000000 0.000000 4.000000 1 0 
6997 5.723000 5.474000 5.287495 0.250000 0.435505 1.000000 0.000000 4.000000 1 0 
6998 5.724000 5.475000 5.287495 0.250000 0.436505 1.000000 0.000000 4.000000 1 0 
6999 5.725000 5.476000 5.287495 0.250000 0.437505 1.000000 0.000000 4.000000 1 0 
7000 5.726000 5.477000 5.287495 0.250000 0.438505 1.000000 0.000000 4.000000 1 0 
7001 5.727000 5.478000 5.287495 0.250000 0.439505 1.000000 0.000000 4.000000 1 0 
7002 5.728000 5.479000 5.287495 0.250000 0.440505 1.000000 0.000000 4.000000 1 0 
7003 5.729000 5.480000 5.287495 0.250000 0.441505 1.000000 0.000000 4.000000 1 0 
7004 5.730000 5.481000 5.287495 0.250000 0.442505 1.000000 0.000000 4.000000 1 0 
7005 5.731000 5.482000 5.287495 0.250000 0.443505 1.000000 0.000000 4.000000 1 0 
7006 5.732000 5.483000 5.287495 0.250000 0.444505 1.000000 0.000000 4.000000 1 0 
7007 5.733000 5.484000 5.287495 0.250000 0.445505 1.000000 0.000000 4.000000 1 0 
7008 5.734000 5.485000 5.287495 0.250000 0.446505 1.000000 0.000000 4.000000 1 0 
7009 5.735000 5.486000 5.287495 0.250000 0.447505 1.000000 0.000000 4.000000 1 0 
7010 5.736000 5.487000 5.287495 0.250000 0.448505 1.000000 0.000000 4.000000 1 0 
7011 5.737000 5.488000 5.287495 0.250000 0.449505 1.000000 0.000000 4.000000 1 0 
7012 5.738000 5.489000 5.287495 0.250000 0.450505 1.000000 0.000000 4.000000 1 0 
7013 5.739000 5.490000 5.287495 0.250000 0.451505 1.000000 0.000000 4.000000 1 0 
7014 5.740000 5.491000 5.287495 0.250000 0.452505 1.000000 0.000000 4.000000 1 0 
7015 5.741000 5.492000 5.287495 0.250000 0.453505 1.000000 0.000000 4.000000 1 0 
7016 5.742000 5.493000 5.287495 0.250000 0.454505 1.000000 0.000000 4.000000 1 0 
7017 5.743000 5.494000 5.287495 0.250000 0.455505 1.000000 0.000000 4.000000 1 0 
7018 5.744000 5.495000 5.287495 0.250000 0.456505 1.000000 0.000000 4.000000 1 0 
7019 5.745000 5.496000 5.287495 0.250000 0.457505 1.000000 0.000000 4.000000 1 0 
7020 5.746000 5.497000 5.287495 0.250000 0.458505 1.000000 0.000000 4.000000 1 0 
7021 5.747000 5.498000 5.287495 0.250000 0.459505 1.000000 0.000000 4.000000 1 0 
7022 5.748000 5.499000 5.287495 0.250000 0.460505 1.000000 0.000000 4.000000 1 0 
7023 5.749000 5.500000 5.287495 0.250000 0.461505 1.000000 0.000000 4.000000 1 0 
7024 5.750000 5.501000 5.287495 0.250000 0.462505 1.000000 0.000000 4.000000 1 0 
7025 5.751000 5.502000 5.287495 0.250000 0.463505 1.000000 0.000000 4.000000 1 0 
7026 5.752000 5.503000 5.287495 0.250000 0.464505 1.000000 0.000000 4.000000 1 0 
7027 5.753000 5.504000 5.287495 0.250000 0.465505 1.000000 0.000000 4.000000 1 0 
7028 5.754000 5.505000 5.287495 0.250000 0.466505 1.000000 0.000000 4.000000 1 0 
7029 5.755000 5.506000 5.287495 0.250000 0.467505 1.000000 0.000000 4.000000 1 0 
7030 5.756000 5.507000 5.287495 0.250000 0.468505 1.000000 0.000000 4.000000 1 0 
7031 5.757000 5.508000 5.287495 0.250000 0.469505 1.000000 0.000000 4.000000 1 0 
7032 5.758000 5.509000 5.287495 0.250000 0.470505 1.000000 0.000000 4.000000 1 0 
7033 5.759000 5.510000 5.287495 0.250000 0.471505 1.000000 0.000000 4.000000 1 0 
7034 5.760000 5.511000 5.287495 0.250000 0.472505 1.000000 0.000000 4.000000 1 0 
7035 5.761000 5.512000 5.287495 0.250000 0.473505 1.000000 0.000000 4.000000 1 0 
7036 5.762000 5.513000 5.287495 0.250000 0.474505 1.000000 0.000000 4.000000 1 0 
7037 5.763000 5.514000 5.287495 0.250000 0.475505 1.000000 0.000000 4.000000 1 0 
7038 5.764000 5.515000 5.287495 0.250000 0.476505 1.000000 0.000000 4.000000 1 0 
7039 5.765000 5.516000 5.287495 0.250000 0.477505 1.000000 0.000000 4.000000 1 0 
7040 5.766000 5.517000 5.287495 0.250000 0.478505 1.000000 0.000000 4.000000 1 0 
7041 5.767000 5.518000 5.287495 0.250000 0.479505 1.000000 0.000000 4.000000 1 0 
7042 5.768000 5.519000 5.287495 0.250000 0.480505 1.000000 0.000000 4.000000 1 0 
7043 5.769000 5.520000 5.287495 0.250000 0.481505 1.000000 0.000000 4.000000 1 0 
7044 5.770000 5.521000 5.287495 0.250000 0.482505 1.000000 0.000000 4.000000 1 0 
7045 5.771000 5.522000 5.287495 0.250000 0.483505 1.000000 0.000000 4.000000 1 0 
7046 5.772000 5.523000 5.287495 0.250000 0.484505 1.000000 0.000000 4.000000 1 0 
7047 5.773000 5.524000 5.287495 0.250000 0.485505 1.000000 0.000000 4.000000 1 0 
7048 5.774000 5.525000 5.287495 0.250000 0.486505 1.000000 0.000000 4.000000 1 0 
7049 5.775000 5.526000 5.287495 0.250000 0.487505 1.000000 0.000000 4.000000 1 0 
7050 5.776000 5.527000 5.287495 0.250000 0.488505 1.000000 0.000000 4.000000 1 0 
7051 5.777000 5.528000 5.287495 0.250000 0.489505 1.000000 0.000000 4.000000 1 0 
7052 5.778000 5.529000 5.287495 0.250000 0.490505 1.000000 0.000000 4.000000 1 0 
7053 5.779000 5.530000 5.287495 0.250000 0.491505 1.000000 0.000000 4.000000 1 0 
7054 5.780000 5.531000 5.287495 0.250000 0.492505 1.000000 0.000000 4.000000 1 0 
7055 5.781000 5.532000 5.287495 0.250000 0.493505 1.000000 0.000000 4.000000 1 0 
7056 5.782000 5.533000 5.287495 0.250000 0.494505 1.000000 0.000000 4.000000 1 0 
7057 5.783000 5.534000 5.287495 0.250000 0.495505 1.000000 0.000000 4.000000 1 0 
7058 5.784000 5.535000 5.287495 0.250000 0.496505 1.000000 0.000000 4.000000 1 0 
7059 5.785000 5.536000 5.287495 0.250000 0.497505 1.000000 0.000000 4.000000 1 0 
7060 5.786000 5.537000 5.287495 0.250000 0.498505 1.000000 0.000000 4.000000 1 0 
7061 5.787000 5.538000 5.287495 0.250000 0.499505 1.000000 0.000000 4.000000 1 0 
7062 5.788000 5.539000 5.287495 0.250000 0.500505 1.000000 0.000000 4.000000 1 0 
7063 5.789000 5.540000 5.287495 0.250000 0.501505 1.000000 0.000000 4.000000 1 0 
7064 5.790000 5.541000 5.287495 0.250000 0.502505 1.000000 0.000000 4.000000 1 0 
7065 5.791000 5.542000 5.287495 0.250000 0.503505 1.000000 0.000000 4.000000 1 0 
7066 5.792000 5.543000 5.287495 0.250000 0.504505 1.000000 0.000000 4.000000 1 0 
7067 5.793000 5.544000 5.287495 0.250000 0.505505 1.000000 0.000000 4.000000 1 0 
7068 5.794000 5.545000 5.287495 0.250000 0.506505 1.000000 0.000000 4.000000 1 0 
7069 5.795000 5.546000 5.287495 0.250000 0.507505 1.000000 0.000000 4.000000 1 0 
7070 5.796000 5.547000 5.287495 0.250000 0.508505 1.000000 0.000000 4.000000 1 0 
7071 5.797000 5.548000 5.287495 0.250000 0.509505 1.000000 0.000000 4.000000 1 0 
7072 5.798000 5.549000 5.287495 0.250000 0.510505 1.000000 0.000000 4.000000 1 0 
7073 5.799000 5.550000 5.287495 0.250000 0.511505 1.000000 0.000000 4.000000 1 0 
7074 5.800000 5.551000 5.287495 0.250000 0.512505 1.000000 0.000000 4.000000 1 0 
7075 5.801000 5.552000 5.287495 0.250000 0.513505 1.000000 0.000000 4.000000 1 0 
7076 5.802000 5.553000 5.287495 0.250000 0.514505 1.000000 0.000000 4.000000 1 0 
7077 5.803000 5.554000 5.287495 0.250000 0.515505 1.000000 0.000000 4.000000 1 0 
7078 5.804000 5.555000 5.287495 0.250000 0.516505 1.000000 0.000000 4.000000 1 0 
7079 5.805000 5.556000 5.287495 0.250000 0.517505 1.000000 0.000000 4.000000 1 0 
7080 5.806000 5.557000 5.287495 0.250000 0.518505 1.000000 0.000000 4.000000 1 0 
7081 5.807000 5.558000 5.287495 0.250000 0.519505 1.000000 0.000000 4.000000 1 0 
7082 5.808000 5.559000 5.287495 0.250000 0.520505 1.000000 0.000000 4.000000 1 0 
7083 5.809000 5.560000 5.287495 0.250000 0.521505 1.000000 0.000000 4.000000 1 0 
7084 5.810000 5.561000 5.287495 0.250000 0.522505 1.000000 0.000000 4.000000 1 0 
7085 5.811000 5.562000 5.287495 0.250000 0.523505 1.000000 0.000000 4.000000 1 0 
7086 5.812000 5.563000 5.287495 0.250000 0.524505 1.000000 0.000000 4.000000 1 0 
7087 5.813000 5.564000 5.287495 0.250000 0.525505 1.000000 0.000000 4.000000 1 0 
7088 5.814000 5.565000 5.287495 0.250000 0.526505 1.000000 0.000000 4.000000 1 0 
7089 5.815000 5.566000 5.287495 0.250000 0.527505 1.000000 0.000000 4.000000 1 0 
7090 5.816000 5.567000 5.287495 0.250000 0.528505 1.000000 0.000000 4.000000 1 0 
7091 5.817000 5.568000 5.287495 0.250000 0.529505 1.000000 0.000000 4.000000 1 0 
7092 5.818000 5.569000 5.287495 0.250000 0.530505 1.000000 0.000000 4.000000 1 0 
7093 5.819000 5.570000 5.287495 0.250000 0.531505 1.000000 0.000000 4.000000 1 0 
7094 5.820000 5.571000 5.287495 0.250000 0.532505 1.000000 0.000000 4.000000 1 0 
7095 5.821000 5.572000 5.287495 0.250000 0.533505 1.000000 0.000000 4.000000 1 0 
7096 5.822000 5.573000 5.287495 0.250000 0.534505 1.000000 0.000000 4.000000 1 0 
7097 5.823000 5.574000 5.287495 0.250000 0.535505 1.000000 0.000000 4.000000 1 0 
7098 5.824000 5.575000 5.287495 0.250000 0.536505 1.000000 0.000000 4.000000 1 0 
7099 5.825000 5.576000 5.287495 0.250000 0.537505 1.000000 0.000000 4.000000 1 0 
7100 5.826000 5.577000 5.287495 0.250000 0.538505 1.000000 0.000000 4.000000 1 0 
7101 5.827000 5.578000 5.287495 0.250000 0.539505 1.000000 0.000000 4.000000 1 0 
7102 5.828000 5.579000 5.287495 0.250000 0.540505 1.000000 0.000000 4.000000 1 0 
7103 5.829000 5.580000 5.287495 0.250000 0.541505 1.000000 0.000000 4.000000 1 0 
7104 5.830000 5.581000 5.287495 0.250000 0.542505 1.000000 0.000000 4.000000 1 0 
7105 5.831000 5.582000 5.287495 0.250000 0.543505 1.000000 0.000000 4.000000 1 0 
7106 5.832000 5.583000 5.287495 0.250000 0.544505 1.000000 0.000000 4.000000 1 0 
7107 5.833000 5.584000 5.287495 0.250000 0.545505 1.000000 0.000000 4.000000 1 0 
7108 5.834000 5.585000 5.287495 0.250000 0.546505 1.000000 0.000000 4.000000 1 0 
7109 5.835000 5.586000 5.287495 0.250000 0.547505 1.000000 0.000000 4.000000 1 0 
7110 5.836000 5.587000 5.287495 0.250000 0.548505 1.000000 0.000000 4.000000 1 0 
7111 5.837000 5.588000 5.287495 0.250000 0.549505 1.000000 0.000000 4.000000 1 0 
7112 5.838000 5.589000 5.287495 0.250000 0.550505 1.000000 0.000000 4.000000 1 0 
7113 5.839000 5.590000 5.287495 0.250000 0.551505 1.000000 0.000000 4.000000 1 0 
7114 5.840000 5.591000 5.287495 0.250000 0.552505 1.000000 0.000000 4.000000 1 0 
7115 5.841000 5.592000 5.287495 0.250000 0.553505 1.000000 0.000000 4.000000 1 0 
7116 5.842000 5.593000 5.287495 0.250000 0.554505 1.000000 0.000000 4.000000 1 0 
7117 5.843000 5.594000 5.287495 0.250000 0.555505 1.000000 0.000000 4.000000 1 0 
7118 5.844000 5.595000 5.287495 0.250000 0.556505 1.000000 0.000000 4.000000 1 0 
7119 5.845000 5.596000 5.287495 0.250000 0.557505 1.000000 0.000000 4.000000 1 0 
7120 5.846000 5.597000 5.287495 0.250000 0.558505 1.000000 0.000000 4.000000 1 0 
7121 5.847000 5.598000 5.287495 0.250000 0.559505 1.000000 0.000000 4.000000 1 0 
7122 5.848000 5.599000 5.287495 0.250000 0.560505 1.000000 0.000000 4.000000 1 0 
7123 5.849000 5.600000 5.287495 0.250000 0.561505 1.000000 0.000000 4.000000 1 0 
7124 5.850000 5.601000 5.287495 0.250000 0.562505 1.000000 0.000000 4.000000 1 0 
7125 5.851000 5.602000 5.287495 0.250000 0.563505 1.000000 0.000000 4.000000 1 0 
7126 5.852000 5.603000 5.287495 0.250000 0.564505 1.000000 0.000000 4.000000 1 0 
7127 5.853000 5.604000 5.287495 0.250000 0.565505 1.000000 0.000000 4.000000 1 0 
7128 5.854000 5.605000 5.287495 0.250000 0.566505 1.000000 0.000000 4.000000 1 0 
7129 5.855000 5.606000 5.287495 0.250000 0.567505 1.000000 0.000000 4.000000 1 0 
7130 5.856000 5.607000 5.287495 0.250000 0.568505 1.000000 0.000000 4.000000 1 0 
7131 5.857000 5.608000 5.287495 0.250000 0.569505 1.000000 0.000000 4.000000 1 0 
7132 5.858000 5.609000 5.287495 0.250000 0.570505 1.000000 0.000000 4.000000 1 0 
7133 5.859000 5.610000 5.287495 0.250000 0.571505 1.000000 0.000000 4.000000 1 0 
7134 5.860000 5.611000 5.287495 0.250000 0.572505 1.000000 0.000000 4.000000 1 0 
7135 5.861000 5.612000 5.287495 0.250000 0.573505 1.000000 0.000000 4.000000 1 0 
7136 5.862000 5.613000 5.287495 0.250000 0.574505 1.000000 0.000000 4.000000 1 0 
7137 5.863000 5.614000 5.287495 0.250000 0.575505 1.000000 0.000000 4.000000 1 0 
7138 5.864000 5.615000 5.287495 0.250000 0.576505 1.000000 0.000000 4.000000 1 0 
7139 5.865000 5.616000 5.287495 0.250000 0.577505 1.000000 0.000000 4.000000 1 0 
7140 5.866000 5.617000 5.287495 0.250000 0.578505 1.000000 0.000000 4.000000 1 0 
7141 5.867000 5.618000 5.287495 0.250000 0.579505 1.000000 0.000000 4.000000 1 0 
7142 5.868000 5.619000 5.287495 0.250000 0.580505 1.000000 0.000000 4.000000 1 0 
7143 5.869000 5.620000 5.287495 0.250000 0.581505 1.000000 0.000000 4.000000 1 0 
7144 5.870000 5.621000 5.287495 0.250000 0.582505 1.000000 0.000000 4.000000 1 0 
7145 5.871000 5.622000 5.287495 0.250000 0.583505 1.000000 0.000000 4.000000 1 0 
7146 5.872000 5.623000 5.287495 0.250000 0.584505 1.000000 0.000000 4.000000 1 0 
7147 5.873000 5.624000 5.287495 0.250000 0.585505 1.000000 0.000000 4.000000 1 0 
7148 5.874000 5.625000 5.287495 0.250000 0.586505 1.000000 0.000000 4.000000 1 0 
7149 5.875000 5.626000 5.287495 0.250000 0.587505 1.000000 0.000000 4.000000 1 0 
7150 5.876000 5.627000 5.287495 0.250000 0.588505 1.000000 0.000000 4.000000 1 0 
7151 5.877000 5.628000 5.287495 0.250000 0.589505 1.000000 0.000000 4.000000 1 0 
7152 5.878000 5.629000 5.287495 0.250000 0.590505 1.000000 0.000000 4.000000 1 0 
7153 5.879000 5.630000 5.287495 0.250000 0.591505 1.000000 0.000000 4.000000 1 0 
7154 5.880000 5.631000 5.287495 0.250000 0.592505 1.000000 0.000000 4.000000 1 0 
7155 5.881000 5.632000 5.287495 0.250000 0.593505 1.000000 0.000000 4.000000 1 0 
7156 5.882000 5.633000 5.287495 0.250000 0.594505 1.000000 0.000000 4.000000 1 0 
7157 5.883000 5.634000 5.287495 0.250000 0.595505 1.000000 0.000000 4.000000 1 0 
7158 5.884000 5.635000 5.287495 0.250000 0.596505 1.000000 0.000000 4.000000 1 0 
7159 5.885000 5.636000 5.287495 0.250000 0.597505 1.000000 0.000000 4.000000 1 0 
7160 5.886000 5.637000 5.287495 0.250000 0.598505 1.000000 0.000000 4.000000 1 0 
7161 5.887000 5.638000 5.287495 0.250000 0.599505 1.000000 0.000000 4.000000 1 0 
7162 5.888000 5.639000 5.287495 0.250000 0.600505 1.000000 0.000000 4.000000 1 0 
7163 5.889000 5.640000 5.287495 0.250000 0.601505 1.000000 0.000000 4.000000 1 0 
7164 5.890000 5.641000 5.287495 0.250000 0.602505 1.000000 0.000000 4.000000 1 0 
7165 5.891000 5.642000 5.287495 0.250000 0.603505 1.000000 0.000000 4.000000 1 0 
7166 5.892000 5.643000 5.287495 0.250000 0.604505 1.000000 0.000000 4.000000 1 0 
7167 5.893000 5.644000 5.287495 0.250000 0.605505 1.000000 0.000000 4.000000 1 0 
7168 5.894000 5.645000 5.287495 0.250000 0.606505 1.000000 0.000000 4.000000 1 0 
7169 5.895000 5.646000 5.287495 0.250000 0.607505 1.000000 0.000000 4.000000 1 0 
7170 5.896000 5.647000 5.287495 0.250000 0.608505 1.000000 0.000000 4.000000 1 0 
7171 5.897000 5.648000 5.287495 0.250000 0.609505 1.000000 0.000000 4.000000 1 0 
7172 5.898000 5.649000 5.287495 0.250000 0.610505 1.000000 0.000000 4.000000 1 0 
7173 5.899000 5.650000 5.287495 0.250000 0.611505 1.000000 0.000000 4.000000 1 0 
7174 5.900000 5.651000 5.287495 0.250000 0.612505 1.000000 0.000000 4.000000 1 0 
7175 5.901000 5.652000 5.287495 0.250000 0.613505 1.000000 0.000000 4.000000 1 0 
7176 5.902000 5.653000 5.287495 0.250000 0.614505 1.000000 0.000000 4.000000 1 0 
7177 5.903000 5.654000 5.287495 0.250000 0.615505 1.000000 0.000000 4.000000 1 0 
7178 5.904000 5.655000 5.287495 0.250000 0.616505 1.000000 0.000000 4.000000 1 0 
7179 5.905000 5.656000 5.287495 0.250000 0.617505 1.000000 0.000000 4.000000 1 0 
7180 5.906000 5.657000 5.287495 0.250000 0.618505 1.000000 0.000000 4.000000 1 0 
7181 5.907000 5.658000 5.287495 0.250000 0.619505 1.000000 0.000000 4.000000 1 0 
7182 5.908000 5.659000 5.287495 0.250000 0.620505 1.000000 0.000000 4.000000 1 0 
7183 5.909000 5.660000 5.287495 0.250000 0.621505 1.000000 0.000000 4.000000 1 0 
7184 5.910000 5.661000 5.287495 0.250000 0.622505 1.000000 0.000000 4.000000 1 0 
7185 5.911000 5.662000 5.287495 0.250000 0.623505 1.000000 0.000000 4.000000 1 0 
7186 5.912000 5.663000 5.287495 0.250000 0.624505 1.000000 0.000000 4.000000 1 0 
7187 5.913000 5.664000 5.287495 0.250000 0.625505 1.000000 0.000000 4.000000 1 0 
7188 5.914000 5.665000 5.287495 0.250000 0.626505 1.000000 0.000000 4.000000 1 0 
7189 5.915000 5.666000 5.287495 0.250000 0.627505 1.000000 0.000000 4.000000 1 0 
7190 5.916000 5.667000 5.287495 0.250000 0.628505 1.000000 0.000000 4.000000 1 0 
7191 5.917000 5.668000 5.287495 0.250000 0.629505 1.000000 0.000000 4.000000 1 0 
7192 5.918000 5.669000 5.287495 0.250000 0.630505 1.000000 0.000000 4.000000 1 0 
7193 5.919000 5.670000 5.287495 0.250000 0.631505 1.000000 0.000000 4.000000 1 0 
7194 5.920000 5.671000 5.287495 0.250000 0.632505 1.000000 0.000000 4.000000 1 0 
7195 5.921000 5.672000 5.287495 0.250000 0.633505 1.000000 0.000000 4.000000 1 0 
7196 5.922000 5.673000 5.287495 0.250000 0.634505 1.000000 0.000000 4.000000 1 0 
7197 5.923000 5.674000 5.287495 0.250000 0.635505 1.000000 0.000000 4.000000 1 0 
7198 5.924000 5.675000 5.287495 0.250000 0.636505 1.000000 0.000000 4.000000 1 0 
7199 5.925000 5.676000 5.287495 0.250000 0.637505 1.000000 0.000000 4.000000 1 0 
7200 5.926000 5.677000 5.287495 0.250000 0.638505 1.000000 0.000000 4.000000 1 0 
7201 5.927000 5.678000 5.287495 0.250000 0.639505 1.000000 0.000000 4.000000 1 0 
7202 5.928000 5.679000 5.287495 0.250000 0.640505 1.000000 0.000000 4.000000 1 0 
7203 5.929000 5.680000 5.287495 0.250000 0.641505 1.000000 0.000000 4.000000 1 0 
7204 5.930000 5.681000 5.287495 0.250000 0.642505 1.000000 0.000000 4.000000 1 0 
7205 5.931000 5.682000 5.287495 0.250000 0.643505 1.000000 0.000000 4.000000 1 0 
7206 5.932000 5.683000 5.287495 0.250000 0.644505 1.000000 0.000000 4.000000 1 0 
7207 5.933000 5.684000 5.287495 0.250000 0.645505 1.000000 0.000000 4.000000 1 0 
7208 5.934000 5.685000 5.287495 0.250000 0.646505 1.000000 0.000000 4.000000 1 0 
7209 5.935000 5.686000 5.287495 0.250000 0.647505 1.000000 0.000000 4.000000 1 0 
7210 5.936000 5.687000 5.287495 0.250000 0.648505 1.000000 0.000000 4.000000 1 0 
7211 5.937000 5.688000 5.287495 0.250000 0.649505 1.000000 0.000000 4.000000 1 0 
7212 5.938000 5.689000 5.287495 0.250000 0.650505 1.000000 0.000000 4.000000 1 0 
7213 5.939000 5.690000 5.287495 0.250000 0.651505 1.000000 0.000000 4.000000 1 0 
7214 5.940000 5.691000 5.287495 0.250000 0.652505 1.000000 0.000000 4.000000 1 0 
7215 5.941000 5.692000 5.287495 0.250000 0.653505 1.000000 0.000000 4.000000 1 0 
7216 5.942000 5.693000 5.287495 0.250000 0.654505 1.000000 0.000000 4.000000 1 0 
7217 5.943000 5.694000 5.287495 0.250000 0.655505 1.000000 0.000000 4.000000 1 0 
7218 5.944000 5.695000 5.287495 0.250000 0.656505 1.000000 0.000000 4.000000 1 0 
7219 5.945000 5.696000 5.287495 0.250000 0.657505 1.000000 0.000000 4.000000 1 0 
7220 5.946000 5.697000 5.287495 0.250000 0.658505 1.000000 0.000000 4.000000 1 0 
7221 5.947000 5.698000 5.287495 0.250000 0.659505 1.000000 0.000000 4.000000 1 0 
7222 5.948000 5.699000 5.287495 0.250000 0.660505 1.000000 0.000000 4.000000 1 0 
7223 5.949000 5.700000 5.287495 0.250000 0.661505 1.000000 0.000000 4.000000 1 0 
7224 5.950000 5.701000 5.287495 0.250000 0.662505 1.000000 0.000000 4.000000 1 0 
7225 5.951000 5.702000 5.287495 0.250000 0.663505 1.000000 0.000000 4.000000 1 0 
7226 5.952000 5.703000 5.287495 0.250000 0.664505 1.000000 0.000000 4.000000 1 0 
7227 5.953000 5.704000 5.287495 0.250000 0.665505 1.000000 0.000000 4.000000 1 0 
7228 5.954000 5.705000 5.287495 0.250000 0.666505 1.000000 0.000000 4.000000 1 0 
7229 5.955000 5.706000 5.287495 0.250000 0.667505 1.000000 0.000000 4.000000 1 0 
7230 5.956000 5.707000 5.287495 0.250000 0.668505 1.000000 0.000000 4.000000 1 0 
7231 5.957000 5.708000 5.287495 0.250000 0.669505 1.000000 0.000000 4.000000 1 0 
7232 5.958000 5.709000 5.287495 0.250000 0.670505 1.000000 0.000000 4.000000 1 0 
7233 5.959000 5.710000 5.287495 0.250000 0.671505 1.000000 0.000000 4.000000 1 0 
7234 5.960000 5.711000 5.287495 0.250000 0.672505 1.000000 0.000000 4.000000 1 0 
7235 5.961000 5.712000 5.287495 0.250000 0.673505 1.000000 0.000000 4.000000 1 0 
7236 5.962000 5.713000 5.287495 0.250000 0.674505 1.000000 0.000000 4.000000 1 0 
7237 5.963000 5.714000 5.287495 0.250000 0.675505 1.000000 0.000000 4.000000 1 0 
7238 5.964000 5.715000 5.287495 0.250000 0.676505 1.000000 0.000000 4.000000 1 0 
7239 5.965000 5.716000 5.287495 0.250000 0.677505 1.000000 0.000000 4.000000 1 0 
7240 5.966000 5.717000 5.287495 0.250000 0.678505 1.000000 0.000000 4.000000 1 0 
7241 5.967000 5.718000 5.287495 0.250000 0.679505 1.000000 0.000000 4.000000 1 0 
7242 5.968000 5.719000 5.287495 0.250000 0.680505 1.000000 0.000000 4.000000 1 0 
7243 5.969000 5.720000 5.287495 0.250000 0.681505 1.000000 0.000000 4.000000 1 0 
7244 5.970000 5.721000 5.287495 0.250000 0.682505 1.000000 0.000000 4.000000 1 0 
7245 5.971000 5.722000 5.287495 0.250000 0.683505 1.000000 0.000000 4.000000 1 0 
7246 5.972000 5.723000 5.287495 0.250000 0.684505 1.000000 0.000000 4.000000 1 0 
7247 5.973000 5.724000 5.287495 0.250000 0.685505 1.000000 0.000000 4.000000 1 0 
7248 5.974000 5.725000 5.287495 0.250000 0.686505 1.000000 0.000000 4.000000 1 0 
7249 5.975000 5.726000 5.287495 0.250000 0.687505 1.000000 0.000000 4.000000 1 0 
7250 5.976000 5.727000 5.287495 0.250000 0.688505 1.000000 0.000000 4.000000 1 0 
7251 5.977000 5.728000 5.287495 0.250000 0.689505 1.000000 0.000000 4.000000 1 0 
7252 5.978000 5.729000 5.287495 0.250000 0.690505 1.000000 0.000000 4.000000 1 0 
7253 5.979000 5.730000 5.287495 0.250000 0.691505 1.000000 0.000000 4.000000 1 0 
7254 5.980000 5.731000 5.287495 0.250000 0.692505 1.000000 0.000000 4.000000 1 0 
7255 5.981000 5.732000 5.287495 0.250000 0.693505 1.000000 0.000000 4.000000 1 0 
7256 5.982000 5.733000 5.287495 0.250000 0.694505 1.000000 0.000000 4.000000 1 0 
7257 5.983000 5.734000 5.287495 0.250000 0.695505 1.000000 0.000000 4.000000 1 0 
7258 5.984000 5.735000 5.287495 0.250000 0.696505 1.000000 0.000000 4.000000 1 0 
7259 5.985000 5.736000 5.287495 0.250000 0.697505 1.000000 0.000000 4.000000 1 0 
7260 5.986000 5.737000 5.287495 0.250000 0.698505 1.000000 0.000000 4.000000 1 0 
7261 5.987000 5.738000 5.287495 0.250000 0.699505 1.000000 0.000000 4.000000 1 0 
7262 5.988000 5.739000 5.287495 0.250000 0.700505 1.000000 0.000000 4.000000 1 0 
7263 5.989000 5.740000 5.287495 0.250000 0.701505 1.000000 0.000000 4.000000 1 0 
7264 5.990000 5.741000 5.287495 0.250000 0.702505 1.000000 0.000000 4.000000 1 0 
7265 5.991000 5.742000 5.287495 0.250000 0.703505 1.000000 0.000000 4.000000 1 0 
7266 5.992000 5.743000 5.287495 0.250000 0.704505 1.000000 0.000000 4.000000 1 0 
7267 5.993000 5.744000 5.287495 0.250000 0.705505 1.000000 0.000000 4.000000 1 0 
7268 5.994000 5.745000 5.287495 0.250000 0.706505 1.000000 0.000000 4.000000 1 0 
7269 5.995000 5.746000 5.287495 0.250000 0.707505 1.000000 0.000000 4.000000 1 0 
7270 5.996000 5.747000 5.287495 0.250000 0.708505 1.000000 0.000000 4.000000 1 0 
7271 5.997000 5.748000 5.287495 0.250000 0.709505 1.000000 0.000000 4.000000 1 0 
7272 5.998000 5.749000 5.287495 0.250000 0.710505 1.000000 0.000000 4.000000 1 0 
7273 5.999000 5.750000 5.287495 0.250000 0.711505 1.000000 0.000000 4.000000 1 0 
7274 6.000000 5.751000 5.287495 0.250000 0.712505 1.000000 0.000000 4.000000 1 0 
7275 6.001000 5.752000 5.287495 0.250000 0.713505 1.000000 0.000000 4.000000 1 0 
7276 6.002000 5.753000 5.287495 0.250000 0.714505 1.000000 0.000000 4.000000 1 0 
7277 6.003000 5.754000 5.287495 0.250000 0.715505 1.000000 0.000000 4.000000 1 0 
7278 6.004000 5.755000 5.287495 0.250000 0.716505 1.000000 0.000000 4.000000 1 0 
7279 6.005000 5.756000 5.287495 0.250000 0.717505 1.000000 0.000000 4.000000 1 0 
7280 6.006000 5.757000 5.287495 0.250000 0.718505 1.000000 0.000000 4.000000 1 0 
7281 6.007000 5.758000 5.287495 0.250000 0.719505 1.000000 0.000000 4.000000 1 0 
7282 6.008000 5.759000 5.287495 0.250000 0.720505 1.000000 0.000000 4.000000 1 0 
7283 6.009000 5.760000 5.287495 0.250000 0.721505 1.000000 0.000000 4.000000 1 0 
7284 6.010000 5.761000 5.287495 0.250000 0.722505 1.000000 0.000000 4.000000 1 0 
7285 6.011000 5.762000 5.287495 0.250000 0.723505 1.000000 0.000000 4.000000 1 0 
7286 6.012000 5.763000 5.287495 0.250000 0.724505 1.000000 0.000000 4.000000 1 0 
7287 6.013000 5.764000 5.287495 0.250000 0.725505 1.000000 0.000000 4.000000 1 0 
7288 6.014000 5.765000 5.287495 0.250000 0.726505 1.000000 0.000000 4.000000 1 0 
7289 6.015000 5.766000 5.287495 0.250000 0.727505 1.000000 0.000000 4.000000 1 0 
7290 6.016000 5.767000 5.287495 0.250000 0.728505 1.000000 0.000000 4.000000 1 0 
7291 6.017000 5.768000 5.287495 0.250000 0.729505 1.000000 0.000000 4.000000 1 0 
7292 6.018000 5.769000 5.287495 0.250000 0.730505 1.000000 0.000000 4.000000 1 0 
7293 6.019000 5.770000 5.287495 0.250000 0.731505 1.000000 0.000000 4.000000 1 0 
7294 6.020000 5.771000 5.287495 0.250000 0.732505 1.000000 0.000000 4.000000 1 0 
7295 6.021000 5.772000 5.287495 0.250000 0.733505 1.000000 0.000000 4.000000 1 0 
7296 6.022000 5.773000 5.287495 0.250000 0.734505 1.000000 0.000000 4.000000 1 0 
7297 6.023000 5.774000 5.287495 0.250000 0.735505 1.000000 0.000000 4.000000 1 0 
7298 6.024000 5.775000 5.287495 0.250000 0.736505 1.000000 0.000000 4.000000 1 0 
7299 6.025000 5.776000 5.287495 0.250000 0.737505 1.000000 0.000000 4.000000 1 0 
7300 6.026000 5.777000 5.287495 0.250000 0.738505 1.000000 0.000000 4.000000 1 0 
7301 6.027000 5.778000 5.287495 0.250000 0.739505 1.000000 0.000000 4.000000 1 0 
7302 6.028000 5.779000 5.287495 0.250000 0.740505 1.000000 0.000000 4.000000 1 0 
7303 6.029000 5.780000 5.287495 0.250000 0.741505 1.000000 0.000000 4.000000 1 0 
7304 6.030000 5.781000 5.287495 0.250000 0.742505 1.000000 0.000000 4.000000 1 0 
7305 6.031000 5.782000 5.287495 0.250000 0.743505 1.000000 0.000000 4.000000 1 0 
7306 6.032000 5.783000 5.287495 0.250000 0.744505 1.000000 0.000000 4.000000 1 0 
7307 6.033000 5.784000 5.287495 0.250000 0.745505 1.000000 0.000000 4.000000 1 0 
7308 6.034000 5.785000 5.287495 0.250000 0.746505 1.000000 0.000000 4.000000 1 0 
7309 6.035000 5.786000 5.287495 0.250000 0.747505 1.000000 0.000000 4.000000 1 0 
7310 6.036000 5.787000 5.287495 0.250000 0.748505 1.000000 0.000000 4.000000 1 0 
7311 6.037000 5.788000 5.287495 0.250000 0.749505 1.000000 0.000000 4.000000 1 0 
7312 6.038000 5.789000 5.287495 0.250000 0.750505 1.000000 0.000000 4.000000 1 0 
7313 6.039000 5.790000 5.287495 0.250000 0.751505 1.000000 0.000000 4.000000 1 0 
7314 6.040000 5.791000 5.287495 0.250000 0.752505 1.000000 0.000000 4.000000 1 0 
7315 6.041000 5.792000 5.287495 0.250000 0.753505 1.000000 0.000000 4.000000 1 0 
7316 6.042000 5.793000 5.287495 0.250000 0.754505 1.000000 0.000000 4.000000 1 0 
7317 6.043000 5.794000 5.287495 0.250000 0.755505 1.000000 0.000000 4.000000 1 0 
7318 6.044000 5.795000 5.287495 0.250000 0.756505 1.000000 0.000000 4.000000 1 0 
7319 6.045000 5.796000 5.287495 0.250000 0.757505 1.000000 0.000000 4.000000 1 0 
7320 6.046000 5.797000 5.287495 0.250000 0.758505 1.000000 0.000000 4.000000 1 0 
7321 6.047000 5.798000 5.287495 0.250000 0.759505 1.000000 0.000000 4.000000 1 0 
7322 6.048000 5.799000 5.287495 0.250000 0.760505 1.000000 0.000000 4.000000 1 0 
7323 6.049000 5.800000 5.287495 0.250000 0.761505 1.000000 0.000000 4.000000 1 0 
7324 6.050000 5.801000 5.287495 0.250000 0.762505 1.000000 0.000000 4.000000 1 0 
7325 6.051000 5.802000 5.287495 0.250000 0.763505 1.000000 0.000000 4.000000 1 0 
7326 6.052000 5.803000 5.287495 0.250000 0.764505 1.000000 0.000000 4.000000 1 0 
7327 6.053000 5.804000 5.287495 0.250000 0.765505 1.000000 0.000000 4.000000 1 0 
7328 6.054000 5.805000 5.287495 0.250000 0.766505 1.000000 0.000000 4.000000 1 0 
7329 6.055000 5.806000 5.287495 0.250000 0.767505 1.000000 0.000000 4.000000 1 0 
7330 6.056000 5.807000 5.287495 0.250000 0.768505 1.000000 0.000000 4.000000 1 0 
7331 6.057000 5.808000 5.287495 0.250000 0.769505 1.000000 0.000000 4.000000 1 0 
7332 6.058000 5.809000 5.287495 0.250000 0.770505 1.000000 0.000000 4.000000 1 0 
7333 6.059000 5.810000 5.287495 0.250000 0.771505 1.000000 0.000000 4.000000 1 0 
7334 6.060000 5.811000 5.287495 0.250000 0.772505 1.000000 0.000000 4.000000 1 0 
7335 6.061000 5.812000 5.287495 0.250000 0.773505 1.000000 0.000000 4.000000 1 0 
7336 6.062000 5.813000 5.287495 0.250000 0.774505 1.000000 0.000000 4.000000 1 0 
7337 6.063000 5.814000 5.287495 0.250000 0.775505 1.000000 0.000000 4.000000 1 0 
7338 6.064000 5.815000 5.287495 0.250000 0.776505 1.000000 0.000000 4.000000 1 0 
7339 6.065000 5.816000 5.287495 0.250000 0.777505 1.000000 0.000000 4.000000 1 0 
7340 6.066000 5.817000 5.287495 0.250000 0.778505 1.000000 0.000000 4.000000 1 0 
7341 6.067000 5.818000 5.287495 0.250000 0.779505 1.000000 0.000000 4.000000 1 0 
7342 6.068000 5.819000 5.287495 0.250000 0.780505 1.000000 0.000000 4.000000 1 0 
7343 6.069000 5.820000 5.287495 0.250000 0.781505 1.000000 0.000000 4.000000 1 0 
7344 6.070000 5.821000 5.287495 0.250000 0.782505 1.000000 0.000000 4.000000 1 0 
7345 6.071000 5.822000 5.287495 0.250000 0.783505 1.000000 0.000000 4.000000 1 0 
7346 6.072000 5.823000 5.287495 0.250000 0.784505 1.000000 0.000000 4.000000 1 0 
7347 6.073000 5.824000 5.287495 0.250000 0.785505 1.000000 0.000000 4.000000 1 0 
7348 6.074000 5.825000 5.287495 0.250000 0.786505 1.000000 0.000000 4.000000 1 0 
7349 6.075000 5.826000 5.287495 0.250000 0.787505 1.000000 0.000000 4.000000 1 0 
7350 6.076000 5.827000 5.287495 0.250000 0.788505 1.000000 0.000000 4.000000 1 0 
7351 6.077000 5.828000 5.287495 0.250000 0.789505 1.000000 0.000000 4.000000 1 0 
7352 6.078000 5.829000 5.287495 0.250000 0.790505 1.000000 0.000000 4.000000 1 0 
7353 6.079000 5.830000 5.287495 0.250000 0.791505 1.000000 0.000000 4.000000 1 0 
7354 6.080000 5.831000 5.287495 0.250000 0.792505 1.000000 0.000000 4.000000 1 0 
7355 6.081000 5.832000 5.287495 0.250000 0.793505 1.000000 0.000000 4.000000 1 0 
7356 6.082000 5.833000 5.287495 0.250000 0.794505 1.000000 0.000000 4.000000 1 0 
7357 6.083000 5.834000 5.287495 0.250000 0.795505 1.000000 0.000000 4.000000 1 0 
7358 6.084000 5.835000 5.287495 0.250000 0.796505 1.000000 0.000000 4.000000 1 0 
7359 6.085000 5.836000 5.287495 0.250000 0.797505 1.000000 0.000000 4.000000 1 0 
7360 6.086000 5.837000 5.287495 0.250000 0.798505 1.000000 0.000000 4.000000 1 0 
7361 6.087000 5.838000 5.287495 0.250000 0.799505 1.000000 0.000000 4.000000 1 0 
7362 6.088000 5.839000 5.287495 0.250000 0.800505 1.000000 0.000000 4.000000 1 0 
7363 6.089000 5.840000 5.287495 0.250000 0.801505 1.000000 0.000000 4.000000 1 0 
7364 6.090000 5.841000 5.287495 0.250000 0.802505 1.000000 0.000000 4.000000 1 0 
7365 6.091000 5.842000 5.287495 0.250000 0.803505 1.000000 0.000000 4.000000 1 0 
7366 6.092000 5.843000 5.287495 0.250000 0.804505 1.000000 0.000000 4.000000 1 0 
7367 6.093000 5.844000 5.287495 0.250000 0.805505 1.000000 0.000000 4.000000 1 0 
7368 6.094000 5.845000 5.287495 0.250000 0.806505 1.000000 0.000000 4.000000 1 0 
7369 6.095000 5.846000 5.287495 0.250000 0.807505 1.000000 0.000000 4.000000 1 0 
7370 6.096000 5.847000 5.287495 0.250000 0.808505 1.000000 0.000000 4.000000 1 0 
7371 6.097000 5.848000 5.287495 0.250000 0.809505 1.000000 0.000000 4.000000 1 0 
7372 6.098000 5.849000 5.287495 0.250000 0.810505 1.000000 0.000000 4.000000 1 0 
7373 6.099000 5.850000 5.287495 0.250000 0.811505 1.000000 0.000000 4.000000 1 0 
7374 6.100000 5.851000 5.287495 0.250000 0.812505 1.000000 0.000000 4.000000 1 0 
7375 6.101000 5.852000 5.287495 0.250000 0.813505 1.000000 0.000000 4.000000 1 0 
7376 6.102000 5.853000 5.287495 0.250000 0.814505 1.000000 0.000000 4.000000 1 0 
7377 6.103000 5.854000 5.287495 0.250000 0.815505 1.000000 0.000000 4.000000 1 0 
7378 6.104000 5.855000 5.287495 0.250000 0.816505 1.000000 0.000000 4.000000 1 0 
7379 6.105000 5.856000 5.287495 0.250000 0.817505 1.000000 0.000000 4.000000 1 0 
7380 6.106000 5.857000 5.287495 0.250000 0.818505 1.000000 0.000000 4.000000 1 0 
7381 6.107000 5.858000 5.287495 0.250000 0.819505 1.000000 0.000000 4.000000 1 0 
7382 6.108000 5.859000 5.287495 0.250000 0.820505 1.000000 0.000000 4.000000 1 0 
7383 6.109000 5.860000 5.287495 0.250000 0.821505 1.000000 0.000000 4.000000 1 0 
7384 6.110000 5.861000 5.287495 0.250000 0.822505 1.000000 0.000000 4.000000 1 0 
7385 6.111000 5.862000 5.287495 0.250000 0.823505 1.000000 0.000000 4.000000 1 0 
7386 6.112000 5.863000 5.287495 0.250000 0.824505 1.000000 0.000000 4.000000 1 0 
7387 6.113000 5.864000 5.287495 0.250000 0.825505 1.000000 0.000000 4.000000 1 0 
7388 6.114000 5.865000 5.287495 0.250000 0.826505 1.000000 0.000000 4.000000 1 0 
7389 6.115000 5.866000 5.287495 0.250000 0.827505 1.000000 0.000000 4.000000 1 0 
7390 6.116000 5.867000 5.287495 0.250000 0.828505 1.000000 0.000000 4.000000 1 0 
7391 6.117000 5.868000 5.287495 0.250000 0.829505 1.000000 0.000000 4.000000 1 0 
7392 6.118000 5.869000 5.287495 0.250000 0.830505 1.000000 0.000000 4.000000 1 0 
7393 6.119000 5.870000 5.287495 0.250000 0.831505 1.000000 0.000000 4.000000 1 0 
7394 6.120000 5.871000 5.287495 0.250000 0.832505 1.000000 0.000000 4.000000 1 0 
7395 6.121000 5.872000 5.287495 0.250000 0.833505 1.000000 0.000000 4.000000 1 0 
7396 6.122000 5.873000 5.287495 0.250000 0.834505 1.000000 0.000000 4.000000 1 0 
7397 6.123000 5.874000 5.287495 0.250000 0.835505 1.000000 0.000000 4.000000 1 0 
7398 6.124000 5.875000 5.287495 0.250000 0.836505 1.000000 0.000000 4.000000 1 0 
7399 6.125000 5.876000 5.287495 0.250000 0.837505 1.000000 0.000000 4.000000 1 0 
7400 6.126000 5.877000 5.287495 0.250000 0.838505 1.000000 0.000000 4.000000 1 0 
7401 6.127000 5.878000 5.287495 0.250000 0.839505 1.000000 0.000000 4.000000 1 0 
7402 6.128000 5.879000 5.287495 0.250000 0.840505 1.000000 0.000000 4.000000 1 0 
7403 6.129000 5.880000 5.287495 0.250000 0.841505 1.000000 0.000000 4.000000 1 0 
7404 6.130000 5.881000 5.287495 0.250000 0.842505 1.000000 0.000000 4.000000 1 0 
7405 6.131000 5.882000 5.287495 0.250000 0.843505 1.000000 0.000000 4.000000 1 0 
7406 6.132000 5.883000 5.287495 0.250000 0.844505 1.000000 0.000000 4.000000 1 0 
7407 6.133000 5.884000 5.287495 0.250000 0.845505 1.000000 0.000000 4.000000 1 0 
7408 6.134000 5.885000 5.287495 0.250000 0.846505 1.000000 0.000000 4.000000 1 0 
7409 6.135000 5.886000 5.287495 0.250000 0.847505 1.000000 0.000000 4.000000 1 0 
7410 6.136000 5.887000 5.287495 0.250000 0.848505 1.000000 0.000000 4.000000 1 0 
7411 6.137000 5.888000 5.287495 0.250000 0.849505 1.000000 0.000000 4.000000 1 0 
7412 6.138000 5.889000 5.287495 0.250000 0.850505 1.000000 0.000000 4.000000 1 0 
7413 6.139000 5.890000 5.287495 0.250000 0.851505 1.000000 0.000000 4.000000 1 0 
7414 6.140000 5.891000 5.287495 0.250000 0.852505 1.000000 0.000000 4.000000 1 0 
7415 6.141000 5.892000 5.287495 0.250000 0.853505 1.000000 0.000000 4.000000 1 0 
7416 6.142000 5.893000 5.287495 0.250000 0.854505 1.000000 0.000000 4.000000 1 0 
7417 6.143000 5.894000 5.287495 0.250000 0.855505 1.000000 0.000000 4.000000 1 0 
7418 6.144000 5.895000 5.287495 0.250000 0.856505 1.000000 0.000000 4.000000 1 0 
7419 6.145000 5.896000 5.287495 0.250000 0.857505 1.000000 0.000000 4.000000 1 0 
7420 6.146000 5.897000 5.287495 0.250000 0.858505 1.000000 0.000000 4.000000 1 0 
7421 6.147000 5.898000 5.287495 0.250000 0.859505 1.000000 0.000000 4.000000 1 0 
7422 6.148000 5.899000 5.287495 0.250000 0.860505 1.000000 0.000000 4.000000 1 0 
7423 6.149000 5.900000 5.287495 0.250000 0.861505 1.000000 0.000000 4.000000 1 0 
7424 6.150000 5.901000 5.287495 0.250000 0.862505 1.000000 0.000000 4.000000 1 0 
7425 6.151000 5.902000 5.287495 0.250000 0.863505 1.000000 0.000000 4.000000 1 0 
7426 6.152000 5.903000 5.287495 0.250000 0.864505 1.000000 0.000000 4.000000 1 0 
7427 6.153000 5.904000 5.287495 0.250000 0.865505 1.000000 0.000000 4.000000 1 0 
7428 6.154000 5.905000 5.287495 0.250000 0.866505 1.000000 0.000000 4.000000 1 0 
7429 6.155000 5.906000 5.287495 0.250000 0.867505 1.000000 0.000000 4.000000 1 0 
7430 6.156000 5.907000 5.287495 0.250000 0.868505 1.000000 0.000000 4.000000 1 0 
7431 6.157000 5.908000 5.287495 0.250000 0.869505 1.000000 0.000000 4.000000 1 0 
7432 6.158000 5.909000 5.287495 0.250000 0.870505 1.000000 0.000000 4.000000 1 0 
7433 6.159000 5.910000 5.287495 0.250000 0.871505 1.000000 0.000000 4.000000 1 0 
7434 6.160000 5.911000 5.287495 0.250000 0.872505 1.000000 0.000000 4.000000 1 0 
7435 6.161000 5.912000 5.287495 0.250000 0.873505 1.000000 0.000000 4.000000 1 0 
7436 6.162000 5.913000 5.287495 0.250000 0.874505 1.000000 0.000000 4.000000 1 0 
7437 6.163000 5.914000 5.287495 0.250000 0.875505 1.000000 0.000000 4.000000 1 0 
7438 6.164000 5.915000 5.287495 0.250000 0.876505 1.000000 0.000000 4.000000 1 0 
7439 6.165000 5.916000 5.287495 0.250000 0.877505 1.000000 0.000000 4.000000 1 0 
7440 6.166000 5.917000 5.287495 0.250000 0.878505 1.000000 0.000000 4.000000 1 0 
7441 6.167000 5.918000 5.287495 0.250000 0.879505 1.000000 0.000000 4.000000 1 0 
7442 6.168000 5.919000 5.287495 0.250000 0.880505 1.000000 0.000000 4.000000 1 0 
7443 6.169000 5.920000 5.287495 0.250000 0.881505 1.000000 0.000000 4.000000 1 0 
7444 6.170000 5.921000 5.287495 0.250000 0.882505 1.000000 0.000000 4.000000 1 0 
7445 6.171000 5.922000 5.287495 0.250000 0.883505 1.000000 0.000000 4.000000 1 0 
7446 6.172000 5.923000 5.287495 0.250000 0.884505 1.000000 0.000000 4.000000 1 0 
7447 6.173000 5.924000 5.287495 0.250000 0.885505 1.000000 0.000000 4.000000 1 0 
7448 6.174000 5.925000 5.287495 0.250000 0.886505 1.000000 0.000000 4.000000 1 0 
7449 6.175000 5.926000 5.287495 0.250000 0.887505 1.000000 0.000000 4.000000 1 0 
7450 6.176000 5.927000 5.287495 0.250000 0.888505 1.000000 0.000000 4.000000 1 0 
7451 6.177000 5.928000 5.287495 0.250000 0.889505 1.000000 0.000000 4.000000 1 0 
7452 6.178000 5.929000 5.287495 0.250000 0.890505 1.000000 0.000000 4.000000 1 0 
7453 6.179000 5.930000 5.287495 0.250000 0.891505 1.000000 0.000000 4.000000 1 0 
7454 6.180000 5.931000 5.287495 0.250000 0.892505 1.000000 0.000000 4.000000 1 0 
7455 6.181000 5.932000 5.287495 0.250000 0.893505 1.000000 0.000000 4.000000 1 0 
7456 6.182000 5.933000 5.287495 0.250000 0.894505 1.000000 0.000000 4.000000 1 0 
7457 6.183000 5.934000 5.287495 0.250000 0.895505 1.000000 0.000000 4.000000 1 0 
7458 6.184000 5.935000 5.287495 0.250000 0.896505 1.000000 0.000000 4.000000 1 0 
7459 6.185000 5.936000 5.287495 0.250000 0.897505 1.000000 0.000000 4.000000 1 0 
7460 6.186000 5.937000 5.287495 0.250000 0.898505 1.000000 0.000000 4.000000 1 0 
7461 6.187000 5.938000 5.287495 0.250000 0.899505 1.000000 0.000000 4.000000 1 0 
7462 6.188000 5.939000 5.287495 0.250000 0.900505 1.000000 0.000000 4.000000 1 0 
7463 6.189000 5.940000 5.287495 0.250000 0.901505 1.000000 0.000000 4.000000 1 0 
7464 6.190000 5.941000 5.287495 0.250000 0.902505 1.000000 0.000000 4.000000 1 0 
7465 6.191000 5.942000 5.287495 0.250000 0.903505 1.000000 0.000000 4.000000 1 0 
7466 6.192000 5.943000 5.287495 0.250000 0.904505 1.000000 0.000000 4.000000 1 0 
7467 6.193000 5.944000 5.287495 0.250000 0.905505 1.000000 0.000000 4.000000 1 0 
7468 6.194000 5.945000 5.287495 0.250000 0.906505 1.000000 0.000000 4.000000 1 0 
7469 6.195000 5.946000 5.287495 0.250000 0.907505 1.000000 0.000000 4.000000 1 0 
7470 6.196000 5.947000 5.287495 0.250000 0.908505 1.000000 0.000000 4.000000 1 0 
7471 6.197000 5.948000 5.287495 0.250000 0.909505 1.000000 0.000000 4.000000 1 0 
7472 6.198000 5.949000 5.287495 0.250000 0.910505 1.000000 0.000000 4.000000 1 0 
7473 6.199000 5.950000 5.287495 0.250000 0.911505 1.000000 0.000000 4.000000 1 0 
7474 6.200000 5.951000 5.287495 0.250000 0.912505 1.000000 0.000000 4.000000 1 0 
7475 6.201000 5.952000 5.287495 0.250000 0.913505 1.000000 0.000000 4.000000 1 0 
7476 6.202000 5.953000 5.287495 0.250000 0.914505 1.000000 0.000000 4.000000 1 0 
7477 6.203000 5.954000 5.287495 0.250000 0.915505 1.000000 0.000000 4.000000 1 0 
7478 6.204000 5.955000 5.287495 0.250000 0.916505 1.000000 0.000000 4.000000 1 0 
7479 6.205000 5.956000 5.287495 0.250000 0.917505 1.000000 0.000000 4.000000 1 0 
7480 6.206000 5.957000 5.287495 0.250000 0.918505 1.000000 0.000000 4.000000 1 0 
7481 6.207000 5.958000 5.287495 0.250000 0.919505 1.000000 0.000000 4.000000 1 0 
7482 6.208000 5.959000 5.287495 0.250000 0.920505 1.000000 0.000000 4.000000 1 0 
7483 6.209000 5.960000 5.287495 0.250000 0.921505 1.000000 0.000000 4.000000 1 0 
7484 6.210000 5.961000 5.287495 0.250000 0.922505 1.000000 0.000000 4.000000 1 0 
7485 6.211000 5.962000 5.287495 0.250000 0.923505 1.000000 0.000000 4.000000 1 0 
7486 6.212000 5.963000 5.287495 0.250000 0.924505 1.000000 0.000000 4.000000 1 0 
7487 6.213000 5.964000 5.287495 0.250000 0.925505 1.000000 0.000000 4.000000 1 0 
7488 6.214000 5.965000 5.287495 0.250000 0.926505 1.000000 0.000000 4.000000 1 0 
7489 6.215000 5.966000 5.287495 0.250000 0.927505 1.000000 0.000000 4.000000 1 0 
7490 6.216000 5.967000 5.287495 0.250000 0.928505 1.000000 0.000000 4.000000 1 0 
7491 6.217000 5.968000 5.287495 0.250000 0.929505 1.000000 0.000000 4.000000 1 0 
7492 6.218000 5.969000 5.287495 0.250000 0.930505 1.000000 0.000000 4.000000 1 0 
7493 6.219000 5.970000 5.287495 0.250000 0.931505 1.000000 0.000000 4.000000 1 0 
7494 6.220000 5.971000 5.287495 0.250000 0.932505 1.000000 0.000000 4.000000 1 0 
7495 6.221000 5.972000 5.287495 0.250000 0.933505 1.000000 0.000000 4.000000 1 0 
7496 6.222000 5.973000 5.287495 0.250000 0.934505 1.000000 0.000000 4.000000 1 0 
7497 6.223000 5.974000 5.287495 0.250000 0.935505 1.000000 0.000000 4.000000 1 0 
7498 6.224000 5.975000 5.287495 0.250000 0.936505 1.000000 0.000000 4.000000 1 0 
7499 6.225000 5.976000 5.287495 0.250000 0.937505 1.000000 0.000000 4.000000 1 0 
7500 6.226000 5.977000 5.287495 0.250000 0.938505 1.000000 0.000000 4.000000 1 0 
7501 6.227000 5.978000 5.287495 0.250000 0.939505 1.000000 0.000000 4.000000 1 0 
7502 6.228000 5.979000 5.287495 0.250000 0.940505 1.000000 0.000000 4.000000 1 0 
7503 6.229000 5.980000 5.287495 0.250000 0.941505 1.000000 0.000000 4.000000 1 0 
7504 6.230000 5.981000 5.287495 0.250000 0.942505 1.000000 0.000000 4.000000 1 0 
7505 6.231000 5.982000 5.287495 0.250000 0.943505 1.000000 0.000000 4.000000 1 0 
7506 6.232000 5.983000 5.287495 0.250000 0.944505 1.000000 0.000000 4.000000 1 0 
7507 6.233000 5.984000 5.287495 0.250000 0.945505 1.000000 0.000000 4.000000 1 0 
7508 6.234000 5.985000 5.287495 0.250000 0.946505 1.000000 0.000000 4.000000 1 0 
7509 6.235000 5.986000 5.287495 0.250000 0.947505 1.000000 0.000000 4.000000 1 0 
7510 6.236000 5.987000 5.287495 0.250000 0.948505 1.000000 0.000000 4.000000 1 0 
7511 6.237000 5.988000 5.287495 0.250000 0.949505 1.000000 0.000000 4.000000 1 0 
7512 6.238000 5.989000 5.287495 0.250000 0.950505 1.000000 0.000000 4.000000 1 0 
7513 6.239000 5.990000 5.287495 0.250000 0.951505 1.000000 0.000000 4.000000 1 0 
7514 6.240000 5.991000 5.287495 0.250000 0.952505 1.000000 0.000000 4.000000 1 0 
7515 6.241000 5.992000 5.287495 0.250000 0.953505 1.000000 0.000000 4.000000 1 0 
7516 6.242000 5.993000 5.287495 0.250000 0.954505 1.000000 0.000000 4.000000 1 0 
7517 6.243000 5.994000 5.287495 0.250000 0.955505 1.000000 0.000000 4.000000 1 0 
7518 6.244000 5.995000 5.287495 0.250000 0.956505 1.000000 0.000000 4.000000 1 0 
7519 6.245000 5.996000 5.287495 0.250000 0.957505 1.000000 0.000000 4.000000 1 0 
7520 6.246000 5.997000 5.287495 0.250000 0.958505 1.000000 0.000000 4.000000 1 0 
7521 6.247000 5.998000 5.287495 0.250000 0.959505 1.000000 0.000000 4.000000 1 0 
7522 6.248000 5.999000 5.287495 0.250000 0.960505 1.000000 0.000000 4.000000 1 0 
7523 6.249000 6.000000 5.287495 0.250000 0.961505 1.000000 0.000000 4.000000 1 0 
7524 6.250000 6.001000 5.287495 0.250000 0.962505 1.000000 0.000000 4.000000 1 0 
7525 6.251000 6.002000 5.287495 0.250000 0.963505 1.000000 0.000000 4.000000 1 0 
7526 6.252000 6.003000 5.287495 0.250000 0.964505 1.000000 0.000000 4.000000 1 0 
7527 6.253000 6.004000 5.287495 0.250000 0.965505 1.000000 0.000000 4.000000 1 0 
7528 6.254000 6.005000 5.287495 0.250000 0.966505 1.000000 0.000000 4.000000 1 0 
7529 6.255000 6.006000 5.287495 0.250000 0.967505 1.000000 0.000000 4.000000 1 0 
7530 6.256000 6.007000 5.287495 0.250000 0.968505 1.000000 0.000000 4.000000 1 0 
7531 6.257000 6.008000 5.287495 0.250000 0.969505 1.000000 0.000000 4.000000 1 0 
7532 6.258000 6.009000 5.287495 0.250000 0.970505 1.000000 0.000000 4.000000 1 0 
7533 6.259000 6.010000 5.287495 0.250000 0.971505 1.000000 0.000000 4.000000 1 0 
7534 6.260000 6.011000 5.287495 0.250000 0.972505 1.000000 0.000000 4.000000 1 0 
7535 6.261000 6.012000 5.287495 0.250000 0.973505 1.000000 0.000000 4.000000 1 0 
7536 6.262000 6.013000 5.287495 0.250000 0.974505 1.000000 0.000000 4.000000 1 0 
7537 6.263000 6.014000 5.287495 0.250000 0.975505 1.000000 0.000000 4.000000 1 0 
7538 6.264000 6.015000 5.287495 0.250000 0.976505 1.000000 0.000000 4.000000 1 0 
7539 6.265000 6.016000 5.287495 0.250000 0.977505 1.000000 0.000000 4.000000 1 0 
7540 6.266000 6.017000 5.287495 0.250000 0.978505 1.000000 0.000000 4.000000 1 0 
7541 6.267000 6.018000 5.287495 0.250000 0.979505 1.000000 0.000000 4.000000 1 0 
7542 6.268000 6.019000 5.287495 0.250000 0.980505 1.000000 0.000000 4.000000 1 0 
7543 6.269000 6.020000 5.287495 0.250000 0.981505 1.000000 0.000000 4.000000 1 0 
7544 6.270000 6.021000 5.287495 0.250000 0.982505 1.000000 0.000000 4.000000 1 0 
7545 6.271000 6.022000 5.287495 0.250000 0.983505 1.000000 0.000000 4.000000 1 0 
7546 6.272000 6.023000 5.287495 0.250000 0.984505 1.000000 0.000000 4.000000 1 0 
7547 6.273000 6.024000 5.287495 0.250000 0.985505 1.000000 0.000000 4.000000 1 0 
7548 6.274000 6.025000 5.287495 0.250000 0.986505 1.000000 0.000000 4.000000 1 0 
7549 6.275000 6.026000 5.287495 0.250000 0.987505 1.000000 0.000000 4.000000 1 0 
7550 6.276000 6.027000 5.287495 0.250000 0.988505 1.000000 0.000000 4.000000 1 0 
7551 6.277000 6.028000 5.287495 0.250000 0.989505 1.000000 0.000000 4.000000 1 0 
7552 6.278000 6.029000 5.287495 0.250000 0.990505 1.000000 0.000000 4.000000 1 0 
7553 6.279000 6.030000 5.287495 0.250000 0.991505 1.000000 0.000000 4.000000 1 0 
7554 6.280000 6.031000 5.287495 0.250000 0.992505 1.000000 0.000000 4.000000 1 0 
7555 6.281000 6.032000 5.287495 0.250000 0.993505 1.000000 0.000000 4.000000 1 0 
7556 6.282000 6.033000 5.287495 0.250000 0.994505 1.000000 0.000000 4.000000 1 0 
7557 6.283000 6.034000 5.287495 0.250000 0.995505 1.000000 0.000000 4.000000 1 0 
7558 6.284000 6.035000 5.287495 0.250000 0.996505 1.000000 0.000000 4.000000 1 0 
7559 6.285000 6.036000 5.287495 0.250000 0.997505 1.000000 0.000000 4.000000 1 0 
7560 6.286000 6.037000 5.287495 0.250000 0.998505 1.000000 0.000000 4.000000 1 0 
7561 6.287000 6.038000 5.287495 0.250000 0.999505 1.000000 0.000000 4.000000 1 0 
7562 6.288000 6.039000 5.287495 0.250000 1.000505 1.000000 0.000000 4.000000 1 0 
7563 6.289000 6.040000 5.287495 0.250000 1.001505 1.000000 0.000000 4.000000 1 0 
7564 6.290000 6.041000 5.287495 0.250000 1.002505 1.000000 0.000000 4.000000 1 0 
7565 6.291000 6.042000 5.287495 0.250000 1.003505 1.000000 0.000000 4.000000 1 0 
7566 6.292000 6.043000 5.287495 0.250000 1.004505 1.000000 0.000000 4.000000 1 0 
7567 6.293000 6.044000 5.287495 0.250000 1.005505 1.000000 0.000000 4.000000 1 0 
7568 6.294000 6.045000 5.287495 0.250000 1.006505 1.000000 0.000000 4.000000 1 0 
7569 6.295000 6.046000 5.287495 0.250000 1.007505 1.000000 0.000000 4.000000 1 0 
7570 6.296000 6.047000 5.287495 0.250000 1.008505 1.000000 0.000000 4.000000 1 0 
7571 6.297000 6.048000 5.287495 0.250000 1.009505 1.000000 0.000000 4.000000 1 0 
7572 6.298000 6.049000 5.287495 0.250000 1.010505 1.000000 0.000000 4.000000 1 0 
7573 6.299000 6.050000 5.287495 0.250000 1.011505 1.000000 0.000000 4.000000 1 0 
7574 6.300000 6.051000 5.287495 0.250000 1.012505 1.000000 0.000000 4.000000 1 0 
7575 6.301000 6.052000 5.287495 0.250000 1.013505 1.000000 0.000000 4.000000 1 0 
7576 6.302000 6.053000 5.287495 0.250000 1.014505 1.000000 0.000000 4.000000 1 0 
7577 6.303000 6.054000 5.287495 0.250000 1.015505 1.000000 0.000000 4.000000 1 0 
7578 6.304000 6.055000 5.287495 0.250000 1.016505 1.000000 0.000000 4.000000 1 0 
7579 6.305000 6.056000 5.287495 0.250000 1.017505 1.000000 0.000000 4.000000 1 0 
7580 6.306000 6.057000 5.287495 0.250000 1.018505 1.000000 0.000000 4.000000 1 0 
7581 6.307000 6.058000 5.287495 0.250000 1.019505 1.000000 0.000000 4.000000 1 0 
7582 6.308000 6.059000 5.287495 0.250000 1.020505 1.000000 0.000000 4.000000 1 0 
7583 6.309000 6.060000 5.287495 0.250000 1.021505 1.000000 0.000000 4.000000 1 0 
7584 6.310000 6.061000 5.287495 0.250000 1.022505 1.000000 0.000000 4.000000 1 0 
7585 6.311000 6.062000 5.287495 0.250000 1.023505 1.000000 0.000000 4.000000 1 0 
7586 6.312000 6.063000 5.287495 0.250000 1.024505 1.000000 0.000000 4.000000 1 0 
7587 6.313000 6.064000 5.287495 0.250000 1.025505 1.000000 0.000000 4.000000 1 0 
7588 6.314000 6.065000 5.287495 0.250000 1.026505 1.000000 0.000000 4.000000 1 0 
7589 6.315000 6.066000 5.287495 0.250000 1.027505 1.000000 0.000000 4.000000 1 0 
7590 6.316000 6.067000 5.287495 0.250000 1.028505 1.000000 0.000000 4.000000 1 0 
7591 6.317000 6.068000 5.287495 0.250000 1.029505 1.000000 0.000000 4.000000 1 0 
7592 6.318000 6.069000 5.287495 0.250000 1.030505 1.000000 0.000000 4.000000 1 0 
7593 6.319000 6.070000 5.287495 0.250000 1.031505 1.000000 0.000000 4.000000 1 0 
7594 6.320000 6.071000 5.287495 0.250000 1.032505 1.000000 0.000000 4.000000 1 0 
7595 6.321000 6.072000 5.287495 0.250000 1.033505 1.000000 0.000000 4.000000 1 0 
7596 6.322000 6.073000 5.287495 0.250000 1.034505 1.000000 0.000000 4.000000 1 0 
7597 6.323000 6.074000 5.287495 0.250000 1.035505 1.000000 0.000000 4.000000 1 0 
7598 6.324000 6.075000 5.287495 0.250000 1.036505 1.000000 0.000000 4.000000 1 0 
7599 6.325000 6.076000 5.287495 0.250000 1.037505 1.000000 0.000000 4.000000 1 0 
7600 6.326000 6.077000 5.287495 0.250000 1.038505 1.000000 0.000000 4.000000 1 0 
7601 6.327000 6.078000 5.287495 0.250000 1.039505 1.000000 0.000000 4.000000 1 0 
7602 6.328000 6.079000 5.287495 0.250000 1.040505 1.000000 0.000000 4.000000 1 0 
7603 6.329000 6.080000 5.287495 0.250000 1.041505 1.000000 0.000000 4.000000 1 0 
7604 6.330000 6.081000 5.287495 0.250000 1.042505 1.000000 0.000000 4.000000 1 0 
7605 6.331000 6.082000 5.287495 0.250000 1.043505 1.000000 0.000000 4.000000 1 0 
7606 6.332000 6.083000 5.287495 0.250000 1.044505 1.000000 0.000000 4.000000 1 0 
7607 6.333000 6.084000 5.287495 0.250000 1.045505 1.000000 0.000000 4.000000 1 0 
7608 6.334000 6.085000 5.287495 0.250000 1.046505 1.000000 0.000000 4.000000 1 0 
7609 6.335000 6.086000 5.287495 0.250000 1.047505 1.000000 0.000000 4.000000 1 0 
7610 6.336000 6.087000 5.287495 0.250000 1.048505 1.000000 0.000000 4.000000 1 0 
7611 6.337000 6.088000 5.287495 0.250000 1.049505 1.000000 0.000000 4.000000 1 0 
7612 6.338000 6.089000 5.287495 0.250000 1.050505 1.000000 0.000000 4.000000 1 0 
7613 6.339000 6.090000 5.287495 0.250000 1.051505 1.000000 0.000000 4.000000 1 0 
7614 6.340000 6.091000 5.287495 0.250000 1.052505 1.000000 0.000000 4.000000 1 0 
7615 6.341000 6.092000 5.287495 0.250000 1.053505 1.000000 0.000000 4.000000 1 0 
7616 6.342000 6.093000 5.287495 0.250000 1.054505 1.000000 0.000000 4.000000 1 0 
7617 6.343000 6.094000 5.287495 0.250000 1.055505 1.000000 0.000000 4.000000 1 0 
7618 6.344000 6.095000 5.287495 0.250000 1.056505 1.000000 0.000000 4.000000 1 0 
7619 6.345000 6.096000 5.287495 0.250000 1.057505 1.000000 0.000000 4.000000 1 0 
7620 6.346000 6.097000 5.287495 0.250000 1.058505 1.000000 0.000000 4.000000 1 0 
7621 6.347000 6.098000 5.287495 0.250000 1.059505 1.000000 0.000000 4.000000 1 0 
7622 6.348000 6.099000 5.287495 0.250000 1.060505 1.000000 0.000000 4.000000 1 0 
7623 6.349000 6.100000 5.287495 0.250000 1.061505 1.000000 0.000000 4.000000 1 0 
7624 6.350000 6.101000 5.287495 0.250000 1.062505 1.000000 0.000000 4.000000 1 0 
7625 6.351000 6.102000 5.287495 0.250000 1.063505 1.000000 0.000000 4.000000 1 0 
7626 6.352000 6.103000 5.287495 0.250000 1.064505 1.000000 0.000000 4.000000 1 0 
7627 6.353000 6.104000 5.287495 0.250000 1.065505 1.000000 0.000000 4.000000 1 0 
7628 6.354000 6.105000 5.287495 0.250000 1.066505 1.000000 0.000000 4.000000 1 0 
7629 6.355000 6.106000 5.287495 0.250000 1.067505 1.000000 0.000000 4.000000 1 0 
7630 6.356000 6.107000 5.287495 0.250000 1.068505 1.000000 0.000000 4.000000 1 0 
7631 6.357000 6.108000 5.287495 0.250000 1.069505 1.000000 0.000000 4.000000 1 0 
7632 6.358000 6.109000 5.287495 0.250000 1.070505 1.000000 0.000000 4.000000 1 0 
7633 6.359000 6.110000 5.287495 0.250000 1.071505 1.000000 0.000000 4.000000 1 0 
7634 6.360000 6.111000 5.287495 0.250000 1.072505 1.000000 0.000000 4.000000 1 0 
7635 6.361000 6.112000 5.287495 0.250000 1.073505 1.000000 0.000000 4.000000 1 0 
7636 6.362000 6.113000 5.287495 0.250000 1.074505 1.000000 0.000000 4.000000 1 0 
7637 6.363000 6.114000 5.287495 0.250000 1.075505 1.000000 0.000000 4.000000 1 0 
7638 6.364000 6.115000 5.287495 0.250000 1.076505 1.000000 0.000000 4.000000 1 0 
7639 6.365000 6.116000 5.287495 0.250000 1.077505 1.000000 0.000000 4.000000 1 0 
7640 6.366000 6.117000 5.287495 0.250000 1.078505 1.000000 0.000000 4.000000 1 0 
7641 6.367000 6.118000 5.287495 0.250000 1.079505 1.000000 0.000000 4.000000 1 0 
7642 6.368000 6.119000 5.287495 0.250000 1.080505 1.000000 0.000000 4.000000 1 0 
7643 6.369000 6.120000 5.287495 0.250000 1.081505 1.000000 0.000000 4.000000 1 0 
7644 6.370000 6.121000 5.287495 0.250000 1.082505 1.000000 0.000000 4.000000 1 0 
7645 6.371000 6.122000 5.287495 0.250000 1.083505 1.000000 0.000000 4.000000 1 0 
7646 6.372000 6.123000 5.287495 0.250000 1.084505 1.000000 0.000000 4.000000 1 0 
7647 6.373000 6.124000 5.287495 0.250000 1.085505 1.000000 0.000000 4.000000 1 0 
7648 6.374000 6.125000 5.287495 0.250000 1.086505 1.000000 0.000000 4.000000 1 0 
7649 6.375000 6.126000 5.287495 0.250000 1.087505 1.000000 0.000000 4.000000 1 0 
7650 6.376000 6.127000 5.287495 0.250000 1.088505 1.000000 0.000000 4.000000 1 0 
7651 6.377000 6.128000 5.287495 0.250000 1.089505 1.000000 0.000000 4.000000 1 0 
7652 6.378000 6.129000 5.287495 0.250000 1.090505 1.000000 0.000000 4.000000 1 0 
7653 6.379000 6.130000 5.287495 0.250000 1.091505 1.000000 0.000000 4.000000 1 0 
7654 6.380000 6.131000 5.287495 0.250000 1.092505 1.000000 0.000000 4.000000 1 0 
7655 6.381000 6.132000 5.287495 0.250000 1.093505 1.000000 0.000000 4.000000 1 0 
7656 6.382000 6.133000 5.287495 0.250000 1.094505 1.000000 0.000000 4.000000 1 0 
7657 6.383000 6.134000 5.287495 0.250000 1.095505 1.000000 0.000000 4.000000 1 0 
7658 6.384000 6.135000 5.287495 0.250000 1.096505 1.000000 0.000000 4.000000 1 0 
7659 6.385000 6.136000 5.287495 0.250000 1.097505 1.000000 0.000000 4.000000 1 0 
7660 6.386000 6.137000 5.287495 0.250000 1.098505 1.000000 0.000000 4.000000 1 0 
7661 6.387000 6.138000 5.287495 0.250000 1.099505 1.000000 0.000000 4.000000 1 0 
7662 6.388000 6.139000 5.287495 0.250000 1.100505 1.000000 0.000000 4.000000 1 0 
7663 6.389000 6.140000 5.287495 0.250000 1.101505 1.000000 0.000000 4.000000 1 0 
7664 6.390000 6.141000 5.287495 0.250000 1.102505 1.000000 0.000000 4.000000 1 0 
7665 6.391000 6.142000 5.287495 0.250000 1.103505 1.000000 0.000000 4.000000 1 0 
7666 6.392000 6.143000 5.287495 0.250000 1.104505 1.000000 0.000000 4.000000 1 0 
7667 6.393000 6.144000 5.287495 0.250000 1.105505 1.000000 0.000000 4.000000 1 0 
7668 6.394000 6.145000 5.287495 0.250000 1.106505 1.000000 0.000000 4.000000 1 0 
7669 6.395000 6.146000 5.287495 0.250000 1.107505 1.000000 0.000000 4.000000 1 0 
7670 6.396000 6.147000 5.287495 0.250000 1.108505 1.000000 0.000000 4.000000 1 0 
7671 6.397000 6.148000 5.287495 0.250000 1.109505 1.000000 0.000000 4.000000 1 0 
7672 6.398000 6.149000 5.287495 0.250000 1.110505 1.000000 0.000000 4.000000 1 0 
7673 6.399000 6.150000 5.287495 0.250000 1.111505 1.000000 0.000000 4.000000 1 0 
7674 6.400000 6.151000 5.287495 0.250000 1.112505 1.000000 0.000000 4.000000 1 0 
7675 6.401000 6.152000 5.287495 0.250000 1.113505 1.000000 0.000000 4.000000 1 0 
7676 6.402000 6.153000 5.287495 0.250000 1.114505 1.000000 0.000000 4.000000 1 0 
7677 6.403000 6.154000 5.287495 0.250000 1.115505 1.000000 0.000000 4.000000 1 0 
7678 6.404000 6.155000 5.287495 0.250000 1.116505 1.000000 0.000000 4.000000 1 0 
7679 6.405000 6.156000 5.287495 0.250000 1.117505 1.000000 0.000000 4.000000 1 0 
7680 6.406000 6.157000 5.287495 0.250000 1.118505 1.000000 0.000000 4.000000 1 0 
7681 6.407000 6.158000 5.287495 0.250000 1.119505 1.000000 0.000000 4.000000 1 0 
7682 6.408000 6.159000 5.287495 0.250000 1.120505 1.000000 0.000000 4.000000 1 0 
7683 6.409000 6.160000 5.287495 0.250000 1.121505 1.000000 0.000000 4.000000 1 0 
7684 6.410000 6.161000 5.287495 0.250000 1.122505 1.000000 0.000000 4.000000 1 0 
7685 6.411000 6.162000 5.287495 0.250000 1.123505 1.000000 0.000000 4.000000 1 0 
7686 6.412000 6.163000 5.287495 0.250000 1.124505 1.000000 0.000000 4.000000 1 0 
7687 6.413000 6.164000 5.287495 0.250000 1.125505 1.000000 0.000000 4.000000 1 0 
7688 6.414000 6.165000 5.287495 0.250000 1.126505 1.000000 0.000000 4.000000 1 0 
7689 6.415000 6.166000 5.287495 0.250000 1.127505 1.000000 0.000000 4.000000 1 0 
7690 6.416000 6.167000 5.287495 0.250000 1.128505 1.000000 0.000000 4.000000 1 0 
7691 6.417000 6.168000 5.287495 0.250000 1.129505 1.000000 0.000000 4.000000 1 0 
7692 6.418000 6.169000 5.287495 0.250000 1.130505 1.000000 0.000000 4.000000 1 0 
7693 6.419000 6.170000 5.287495 0.250000 1.131505 1.000000 0.000000 4.000000 1 0 
7694 6.420000 6.171000 5.287495 0.250000 1.132505 1.000000 0.000000 4.000000 1 0 
7695 6.421000 6.172000 5.287495 0.250000 1.133505 1.000000 0.000000 4.000000 1 0 
7696 6.422000 6.173000 5.287495 0.250000 1.134505 1.000000 0.000000 4.000000 1 0 
7697 6.423000 6.174000 5.287495 0.250000 1.135505 1.000000 0.000000 4.000000 1 0 
7698 6.424000 6.175000 5.287495 0.250000 1.136505 1.000000 0.000000 4.000000 1 0 
7699 6.425000 6.176000 5.287495 0.250000 1.137505 1.000000 0.000000 4.000000 1 0 
7700 6.426000 6.177000 5.287495 0.250000 1.138505 1.000000 0.000000 4.000000 1 0 
7701 6.427000 6.178000 5.287495 0.250000 1.139505 1.000000 0.000000 4.000000 1 0 
7702 6.428000 6.179000 5.287495 0.250000 1.140505 1.000000 0.000000 4.000000 1 0 
7703 6.429000 6.180000 5.287495 0.250000 1.141505 1.000000 0.000000 4.000000 1 0 
7704 6.430000 6.181000 5.287495 0.250000 1.142505 1.000000 0.000000 4.000000 1 0 
7705 6.431000 6.182000 5.287495 0.250000 1.143505 1.000000 0.000000 4.000000 1 0 
7706 6.432000 6.183000 5.287495 0.250000 1.144505 1.000000 0.000000 4.000000 1 0 
7707 6.433000 6.184000 5.287495 0.250000 1.145505 1.000000 0.000000 4.000000 1 0 
7708 6.434000 6.185000 5.287495 0.250000 1.146505 1.000000 0.000000 4.000000 1 0 
7709 6.435000 6.186000 5.287495 0.250000 1.147505 1.000000 0.000000 4.000000 1 0 
7710 6.436000 6.187000 5.287495 0.250000 1.148505 1.000000 0.000000 4.000000 1 0 
7711 6.437000 6.188000 5.287495 0.250000 1.149505 1.000000 0.000000 4.000000 1 0 
7712 6.438000 6.189000 5.287495 0.250000 1.150505 1.000000 0.000000 4.000000 1 0 
7713 6.439000 6.190000 5.287495 0.250000 1.151505 1.000000 0.000000 4.000000 1 0 
7714 6.440000 6.191000 5.287495 0.250000 1.152505 1.000000 0.000000 4.000000 1 0 
7715 6.441000 6.192000 5.287495 0.250000 1.153505 1.000000 0.000000 4.000000 1 0 
7716 6.442000 6.193000 5.287495 0.250000 1.154505 1.000000 0.000000 4.000000 1 0 
7717 6.443000 6.194000 5.287495 0.250000 1.155505 1.000000 0.000000 4.000000 1 0 
7718 6.444000 6.195000 5.287495 0.250000 1.156505 1.000000 0.000000 4.000000 1 0 
7719 6.445000 6.196000 5.287495 0.250000 1.157505 1.000000 0.000000 4.000000 1 0 
7720 6.446000 6.197000 5.287495 0.250000 1.158505 1.000000 0.000000 4.000000 1 0 
7721 6.447000 6.198000 5.287495 0.250000 1.159505 1.000000 0.000000 4.000000 1 0 
7722 6.448000 6.199000 5.287495 0.250000 1.160505 1.000000 0.000000 4.000000 1 0 
7723 6.449000 6.200000 5.287495 0.250000 1.161505 1.000000 0.000000 4.000000 1 0 
7724 6.450000 6.201000 5.287495 0.250000 1.162505 1.000000 0.000000 4.000000 1 0 
7725 6.451000 6.202000 5.287495 0.250000 1.163505 1.000000 0.000000 4.000000 1 0 
7726 6.452000 6.203000 5.287495 0.250000 1.164505 1.000000 0.000000 4.000000 1 0 
7727 6.453000 6.204000 5.287495 0.250000 1.165505 1.000000 0.000000 4.000000 1 0 
7728 6.454000 6.205000 5.287495 0.250000 1.166505 1.000000 0.000000 4.000000 1 0 
7729 6.455000 6.206000 5.287495 0.250000 1.167505 1.000000 0.000000 4.000000 1 0 
7730 6.456000 6.207000 5.287495 0.250000 1.168505 1.000000 0.000000 4.000000 1 0 
7731 6.457000 6.208000 5.287495 0.250000 1.169505 1.000000 0.000000 4.000000 1 0 
7732 6.458000 6.209000 5.287495 0.250000 1.170505 1.000000 0.000000 4.000000 1 0 
7733 6.459000 6.210000 5.287495 0.250000 1.171505 1.000000 0.000000 4.000000 1 0 
7734 6.460000 6.211000 5.287495 0.250000 1.172505 1.000000 0.000000 4.000000 1 0 
7735 6.461000 6.212000 5.287495 0.250000 1.173505 1.000000 0.000000 4.000000 1 0 
7736 6.462000 6.213000 5.287495 0.250000 1.174505 1.000000 0.000000 4.000000 1 0 
7737 6.463000 6.214000 5.287495 0.250000 1.175505 1.000000 0.000000 4.000000 1 0 
7738 6.464000 6.215000 5.287495 0.250000 1.176505 1.000000 0.000000 4.000000 1 0 
7739 6.465000 6.216000 5.287495 0.250000 1.177505 1.000000 0.000000 4.000000 1 0 
7740 6.466000 6.217000 5.287495 0.250000 1.178505 1.000000 0.000000 4.000000 1 0 
7741 6.467000 6.218000 5.287495 0.250000 1.179505 1.000000 0.000000 4.000000 1 0 
7742 6.468000 6.219000 5.287495 0.250000 1.180505 1.000000 0.000000 4.000000 1 0 
7743 6.469000 6.220000 5.287495 0.250000 1.181505 1.000000 0.000000 4.000000 1 0 
7744 6.470000 6.221000 5.287495 0.250000 1.182505 1.000000 0.000000 4.000000 1 0 
7745 6.471000 6.222000 5.287495 0.250000 1.183505 1.000000 0.000000 4.000000 1 0 
7746 6.472000 6.223000 5.287495 0.250000 1.184505 1.000000 0.000000 4.000000 1 0 
7747 6.473000 6.224000 5.287495 0.250000 1.185505 1.000000 0.000000 4.000000 1 0 
7748 6.474000 6.225000 5.287495 0.250000 1.186505 1.000000 0.000000 4.000000 1 0 
7749 6.475000 6.226000 5.287495 0.250000 1.187505 1.000000 0.000000 4.000000 1 0 
7750 6.476000 6.227000 5.287495 0.250000 1.188505 1.000000 0.000000 4.000000 1 0 
7751 6.477000 6.228000 5.287495 0.250000 1.189505 1.000000 0.000000 4.000000 1 0 
7752 6.478000 6.229000 5.287495 0.250000 1.190505 1.000000 0.000000 4.000000 1 0 
7753 6.479000 6.230000 5.287495 0.250000 1.191505 1.000000 0.000000 4.000000 1 0 
7754 6.480000 6.231000 5.287495 0.250000 1.192505 1.000000 0.000000 4.000000 1 0 
7755 6.481000 6.232000 5.287495 0.250000 1.193505 1.000000 0.000000 4.000000 1 0 
7756 6.482000 6.233000 5.287495 0.250000 1.194505 1.000000 0.000000 4.000000 1 0 
7757 6.483000 6.234000 5.287495 0.250000 1.195505 1.000000 0.000000 4.000000 1 0 
7758 6.484000 6.235000 5.287495 0.250000 1.196505 1.000000 0.000000 4.000000 1 0 
7759 6.485000 6.236000 5.287495 0.250000 1.197505 1.000000 0.000000 4.000000 1 0 
7760 6.486000 6.237000 5.287495 0.250000 1.198505 1.000000 0.000000 4.000000 1 0 
7761 6.487000 6.238000 5.287495 0.250000 1.199505 1.000000 0.000000 4.000000 1 0 
7762 6.488000 6.239000 5.287495 0.250000 1.200505 1.000000 0.000000 4.000000 1 0 
7763 6.489000 6.240000 5.287495 0.250000 1.201505 1.000000 0.000000 4.000000 1 0 
7764 6.490000 6.241000 5.287495 0.250000 1.202505 1.000000 0.000000 4.000000 1 0 
7765 6.491000 6.242000 5.287495 0.250000 1.203505 1.000000 0.000000 4.000000 1 0 
7766 6.492000 6.243000 5.287495 0.250000 1.204505 1.000000 0.000000 4.000000 1 0 
7767 6.493000 6.244000 5.287495 0.250000 1.205505 1.000000 0.000000 4.000000 1 0 
7768 6.494000 6.245000 5.287495 0.250000 1.206505 1.000000 0.000000 4.000000 1 0 
7769 6.495000 6.246000 5.287495 0.250000 1.207505 1.000000 0.000000 4.000000 1 0 
7770 6.496000 6.247000 5.287495 0.250000 1.208505 1.000000 0.000000 4.000000 1 0 
7771 6.497000 6.248000 5.287495 0.250000 1.209505 1.000000 0.000000 4.000000 1 0 
7772 6.498000 6.249000 5.287495 0.250000 1.210505 1.000000 0.000000 4.000000 1 0 
7773 6.499000 6.250000 5.287495 0.250000 1.211505 1.000000 0.000000 4.000000 1 0 
7774 6.500000 6.251000 5.287495 0.250000 1.212505 1.000000 0.000000 4.000000 1 0 
7775 6.501000 6.252000 5.287495 0.250000 1.213505 1.000000 0.000000 4.000000 1 0 
7776 6.502000 6.253000 5.287495 0.250000 1.214505 1.000000 0.000000 4.000000 1 0 
7777 6.503000 6.254000 5.287495 0.250000 1.215505 1.000000 0.000000 4.000000 1 0 
7778 6.504000 6.255000 5.287495 0.250000 1.216505 1.000000 0.000000 4.000000 1 0 
7779 6.505000 6.256000 5.287495 0.250000 1.217505 1.000000 0.000000 4.000000 1 0 
7780 6.506000 6.257000 5.287495 0.250000 1.218505 1.000000 0.000000 4.000000 1 0 
7781 6.507000 6.258000 5.287495 0.250000 1.219505 1.000000 0.000000 4.000000 1 0 
7782 6.508000 6.259000 5.287495 0.250000 1.220505 1.000000 0.000000 4.000000 1 0 
7783 6.509000 6.260000 5.287495 0.250000 1.221505 1.000000 0.000000 4.000000 1 0 
7784 6.510000 6.261000 5.287495 0.250000 1.222505 1.000000 0.000000 4.000000 1 0 
7785 6.511000 6.262000 5.287495 0.250000 1.223505 1.000000 0.000000 4.000000 1 0 
7786 6.512000 6.263000 5.287495 0.250000 1.224505 1.000000 0.000000 4.000000 1 0 
7787 6.513000 6.264000 5.287495 0.250000 1.225505 1.000000 0.000000 4.000000 1 0 
7788 6.514000 6.265000 5.287495 0.250000 1.226505 1.000000 0.000000 4.000000 1 0 
7789 6.515000 6.266000 5.287495 0.250000 1.227505 1.000000 0.000000 4.000000 1 0 
7790 6.516000 6.267000 5.287495 0.250000 1.228505 1.000000 0.000000 4.000000 1 0 
7791 6.517000 6.268000 5.287495 0.250000 1.229505 1.000000 0.000000 4.000000 1 0 
7792 6.518000 6.269000 5.287495 0.250000 1.230505 1.000000 0.000000 4.000000 1 0 
7793 6.519000 6.270000 5.287495 0.250000 1.231505 1.000000 0.000000 4.000000 1 0 
7794 6.520000 6.271000 5.287495 0.250000 1.232505 1.000000 0.000000 4.000000 1 0 
7795 6.521000 6.272000 5.287495 0.250000 1.233505 1.000000 0.000000 4.000000 1 0 
7796 6.522000 6.273000 5.287495 0.250000 1.234505 1.000000 0.000000 4.000000 1 0 
7797 6.523000 6.274000 5.287495 0.250000 1.235505 1.000000 0.000000 4.000000 1 0 
7798 6.524000 6.275000 5.287495 0.250000 1.236505 1.000000 0.000000 4.000000 1 0 
7799 6.525000 6.276000 5.287495 0.250000 1.237505 1.000000 0.000000 4.000000 1 0 
7800 6.526000 6.277000 5.287495 0.250000 1.238505 1.000000 0.000000 4.000000 1 0 
7801 6.527000 6.278000 5.287495 0.250000 1.239505 1.000000 0.000000 4.000000 1 0 
7802 6.528000 6.279000 5.287495 0.250000 1.240505 1.000000 0.000000 4.000000 1 0 
7803 6.529000 6.280000 5.287495 0.250000 1.241505 1.000000 0.000000 4.000000 1 0 
7804 6.530000 6.281000 5.287495 0.250000 1.242505 1.000000 0.000000 4.000000 1 0 
7805 6.531000 6.282000 5.287495 0.250000 1.243505 1.000000 0.000000 4.000000 1 0 
7806 6.532000 6.283000 5.287495 0.250000 1.244505 1.000000 0.000000 4.000000 1 0 
7807 6.533000 6.284000 5.287495 0.250000 1.245505 1.000000 0.000000 4.000000 1 0 
7808 6.534000 6.285000 5.287495 0.250000 1.246505 1.000000 0.000000 4.000000 1 0 
7809 6.535000 6.286000 5.287495 0.250000 1.247505 1.000000 0.000000 4.000000 1 0 
7810 6.536000 6.287000 5.287495 0.250000 1.248505 1.000000 0.000000 4.000000 1 0 
7811 6.537000 6.288000 5.287495 0.250000 1.249505 1.000000 0.000000 4.000000 1 0 
7812 6.538000 6.289000 5.287495 0.250000 1.250505 1.000000 0.000000 4.000000 1 0 
7813 6.539000 6.290000 5.287495 0.250000 1.251505 1.000000 0.000000 4.000000 1 0 
7814 6.540000 6.291000 5.287495 0.250000 1.252505 1.000000 0.000000 4.000000 1 0 
7815 6.541000 6.292000 5.287495 0.250000 1.253505 1.000000 0.000000 4.000000 1 0 
7816 6.542000 6.293000 5.287495 0.250000 1.254505 1.000000 0.000000 4.000000 1 0 
7817 6.543000 6.294000 5.287495 0.250000 1.255505 1.000000 0.000000 4.000000 1 0 
7818 6.544000 6.295000 5.287495 0.250000 1.256505 1.000000 0.000000 4.000000 1 0 
7819 6.545000 6.296000 5.287495 0.250000 1.257505 1.000000 0.000000 4.000000 1 0 
7820 6.546000 6.297000 5.287495 0.250000 1.258505 1.000000 0.000000 4.000000 1 0 
7821 6.547000 6.298000 5.287495 0.250000 1.259505 1.000000 0.000000 4.000000 1 0 
7822 6.548000 6.299000 5.287495 0.250000 1.260505 1.000000 0.000000 4.000000 1 0 
7823 6.549000 6.300000 5.287495 0.250000 1.261505 1.000000 0.000000 4.000000 1 0 
7824 6.550000 6.301000 5.287495 0.250000 1.262505 1.000000 0.000000 4.000000 1 0 
7825 6.551000 6.302000 5.287495 0.250000 1.263505 1.000000 0.000000 4.000000 1 0 
7826 6.552000 6.303000 5.287495 0.250000 1.264505 1.000000 0.000000 4.000000 1 0 
7827 6.553000 6.304000 5.292557 0.250000 1.265505 1.000000 5.062019 4.000000 1 1 
7828 6.554000 6.305000 5.297603 0.250000 1.261443 1.000000 5.045771 4.000000 1 1 
7829 6.555000 6.306000 5.302633 0.250000 1.257397 1.000000 5.029588 4.000000 1 1 
7830 6.556000 6.307000 5.307646 0.250000 1.253367 1.000000 5.013470 5.000000 1 1 
7831 6.557000 6.308000 5.312643 0.250000 1.249354 1.000000 4.997416 5.000000 1 1 
7832 6.558000 6.309000 5.317625 0.250000 1.245357 1.000000 4.981426 5.000000 1 1 
7833 6.559000 6.310000 5.322590 0.250000 1.241375 1.000000 4.965501 5.000000 1 1 
7834 6.560000 6.311000 5.327540 0.250000 1.237410 1.000000 4.949639 5.000000 1 1 
7835 6.561000 6.312000 5.332474 0.250000 1.233460 1.000000 4.933840 5.000000 1 1 
7836 6.562000 6.313000 5.337392 0.250000 1.229526 1.000000 4.918105 5.000000 1 1 
7837 6.563000 6.314000 5.342294 0.250000 1.225608 1.000000 4.902432 5.000000 1 1 
7838 6.564000 6.315000 5.347181 0.250000 1.221706 1.000000 4.886822 5.000000 1 1 
7839 6.565000 6.316000 5.352052 0.250000 1.217819 1.000000 4.871275 5.000000 1 1 
7840 6.566000 6.317000 5.356908 0.250000 1.213948 1.000000 4.855790 5.000000 1 1 
7841 6.567000 6.318000 5.361749 0.250000 1.210092 1.000000 4.840367 5.000000 1 1 
7842 6.568000 6.319000 5.366574 0.250000 1.206251 1.000000 4.825005 5.000000 1 1 
7843 6.569000 6.320000 5.371383 0.250000 1.202426 1.000000 4.809705 5.000000 1 1 
7844 6.570000 6.321000 5.376178 0.250000 1.198617 1.000000 4.794467 5.000000 1 1 
7845 6.571000 6.322000 5.380957 0.250000 1.194822 1.000000 4.779289 5.000000 1 1 
7846 6.572000 6.323000 5.385721 0.250000 1.191043 1.000000 4.764172 5.000000 1 1 
7847 6.573000 6.324000 5.390470 0.250000 1.187279 1.000000 4.749115 5.000000 1 1 
7848 6.574000 6.325000 5.395205 0.250000 1.183530 1.000000 4.734118 5.000000 1 1 
7849 6.575000 6.326000 5.399924 0.250000 1.179795 1.000000 4.719182 5.000000 1 1 
7850 6.576000 6.327000 5.404628 0.250000 1.176076 1.000000 4.704305 5.000000 1 1 
7851 6.577000 6.328000 5.409317 0.250000 1.172372 1.000000 4.689488 5.000000 1 1 
7852 6.578000 6.329000 5.413992 0.250000 1.168683 1.000000 4.674730 5.000000 1 1 
7853 6.579000 6.330000 5.418652 0.250000 1.165008 1.000000 4.660031 5.000000 1 1 
7854 6.580000 6.331000 5.423298 0.250000 1.161348 1.000000 4.645391 5.000000 1 1 
7855 6.581000 6.332000 5.427928 0.250000 1.157702 1.000000 4.630809 5.000000 1 1 
7856 6.582000 6.333000 5.432545 0.250000 1.154072 1.000000 4.616286 5.000000 1 1 
7857 6.583000 6.334000 5.437147 0.250000 1.150455 1.000000 4.601821 5.000000 1 1 
7858 6.584000 6.335000 5.441734 0.250000 1.146853 1.000000 4.587414 5.000000 1 1 
7859 6.585000 6.336000 5.446307 0.250000 1.143266 1.000000 4.573064 5.000000 1 1 
7860 6.586000 6.337000 5.450866 0.250000 1.139693 1.000000 4.558772 5.000000 1 1 
7861 6.587000 6.338000 5.455410 0.250000 1.136134 1.000000 4.544537 5.000000 1 1 
7862 6.588000 6.339000 5.459941 0.250000 1.132590 1.000000 4.530359 5.000000 1 1 
7863 6.589000 6.340000 5.464457 0.250000 1.129059 1.000000 4.516237 5.000000 1 1 
7864 6.590000 6.341000 5.468959 0.250000 1.125543 1.000000 4.502172 5.000000 1 1 
7865 6.591000 6.342000 5.473447 0.250000 1.122041 1.000000 4.488164 5.000000 1 1 
7866 6.592000 6.343000 5.477921 0.250000 1.118553 1.000000 4.474211 5.000000 1 1 
7867 6.593000 6.344000 5.482382 0.250000 1.115079 1.000000 4.460314 5.000000 1 1 
7868 6.594000 6.345000 5.486828 0.250000 1.111618 1.000000 4.446473 5.000000 1 1 
7869 6.595000 6.346000 5.491261 0.250000 1.108172 1.000000 4.432687 5.000000 1 1 
7870 6.596000 6.347000 5.495680 0.250000 1.104739 1.000000 4.418956 5.000000 1 1 
7871 6.597000 6.348000 5.500085 0.250000 1.101320 1.000000 4.405280 5.000000 1 1 
7872 6.598000 6.349000 5.504477 0.250000 1.097915 1.000000 4.391659 5.000000 1 1 
7873 6.599000 6.350000 5.508855 0.250000 1.094523 1.000000 4.378093 5.000000 1 1 
7874 6.600000 6.351000 5.513220 0.250000 1.091145 1.000000 4.364580 5.000000 1 1 
7875 6.601000 6.352000 5.517571 0.250000 1.087780 1.000000 4.351122 5.000000 1 1 
7876 6.602000 6.353000 5.521908 0.250000 1.084429 1.000000 4.337717 5.000000 1 1 
7877 6.603000 6.354000 5.526233 0.250000 1.081092 1.000000 4.324367 5.000000 1 1 
7878 6.604000 6.355000 5.530544 0.250000 1.077767 1.000000 4.311069 5.000000 1 1 
7879 6.605000 6.356000 5.534842 0.250000 1.074456 1.000000 4.297825 5.000000 1 1 
7880 6.606000 6.357000 5.539126 0.250000 1.071158 1.000000 4.284633 5.000000 1 1 
7881 6.607000 6.358000 5.543398 0.250000 1.067874 1.000000 4.271495 5.000000 1 1 
7882 6.608000 6.359000 5.547656 0.250000 1.064602 1.000000 4.258409 5.000000 1 1 
7883 6.609000 6.360000 5.551902 0.250000 1.061344 1.000000 4.245375 5.000000 1 1 
7884 6.610000 6.361000 5.556134 0.250000 1.058098 1.000000 4.232394 5.000000 1 1 
7885 6.611000 6.362000 5.560353 0.250000 1.054866 1.000000 4.219464 5.000000 1 1 
7886 6.612000 6.363000 5.564560 0.250000 1.051647 1.000000 4.206586 5.000000 1 1 
7887 6.613000 6.364000 5.568754 0.250000 1.048440 1.000000 4.193760 5.000000 1 1 
7888 6.614000 6.365000 5.572935 0.250000 1.045246 1.000000 4.180985 5.000000 1 1 
7889 6.615000 6.366000 5.577103 0.250000 1.042065 1.000000 4.168261 5.000000 1 1 
7890 6.616000 6.367000 5.581259 0.250000 1.038897 1.000000 4.155588 5.000000 1 1 
7891 6.617000 6.368000 5.585402 0.250000 1.035741 1.000000 4.142966 5.000000 1 1 
7892 6.618000 6.369000 5.589532 0.250000 1.032598 1.000000 4.130394 5.000000 1 1 
7893 6.619000 6.370000 5.593650 0.250000 1.029468 1.000000 4.117872 5.000000 1 1 
7894 6.620000 6.371000 5.597755 0.250000 1.026350 1.000000 4.105401 5.000000 1 1 
7895 6.621000 6.372000 5.601848 0.250000 1.023245 1.000000 4.092979 5.000000 1 1 
7896 6.622000 6.373000 5.605929 0.250000 1.020152 1.000000 4.080607 5.000000 1 1 
7897 6.623000 6.374000 5.609997 0.250000 1.017071 1.000000 4.068285 5.000000 1 1 
7898 6.624000 6.375000 5.614053 0.250000 1.014003 1.000000 4.056012 5.000000 1 1 
7899 6.625000 6.376000 5.618097 0.250000 1.010947 1.000000 4.043788 5.000000 1 1 
7900 6.626000 6.377000 5.622128 0.250000 1.007903 1.000000 4.031612 5.000000 1 1 
7901 6.627000 6.378000 5.626148 0.250000 1.004872 1.000000 4.019486 5.000000 1 1 
7902 6.628000 6.379000 5.630155 0.250000 1.001852 1.000000 4.007408 5.000000 1 1 
7903 6.629000 6.380000 5.634151 0.250000 0.998845 1.000000 3.995378 5.000000 1 1 
7904 6.630000 6.381000 5.638134 0.250000 0.995849 1.000000 3.983397 5.000000 1 1 
7905 6.631000 6.382000 5.642106 0.250000 0.992866 1.000000 3.971463 5.000000 1 1 
7906 6.632000 6.383000 5.646065 0.250000 0.989894 1.000000 3.959577 5.000000 1 1 
7907 6.633000 6.384000 5.650013 0.250000 0.986935 1.000000 3.947739 5.000000 1 1 
7908 6.634000 6.385000 5.653949 0.250000 0.983987 1.000000 3.935948 5.000000 1 1 
7909 6.635000 6.386000 5.657873 0.250000 0.981051 1.000000 3.924204 5.000000 1 1 
7910 6.636000 6.387000 5.661786 0.250000 0.978127 1.000000 3.912508 5.000000 1 1 
7911 6.637000 6.388000 5.665686 0.250000 0.975214 1.000000 3.900858 5.000000 1 1 
7912 6.638000 6.389000 5.669576 0.250000 0.972314 1.000000 3.889254 5.000000 1 1 
7913 6.639000 6.390000 5.673453 0.250000 0.969424 1.000000 3.877697 5.000000 1 1 
7914 6.640000 6.391000 5.677320 0.250000 0.966547 1.000000 3.866186 5.000000 1 1 
7915 6.641000 6.392000 5.681174 0.250000 0.963680 1.000000 3.854722 5.000000 1 1 
7916 6.642000 6.393000 5.685018 0.250000 0.960826 1.000000 3.843303 5.000000 1 1 
7917 6.643000 6.394000 5.688850 0.250000 0.957982 1.000000 3.831930 5.000000 1 1 
7918 6.644000 6.395000 5.692670 0.250000 0.955150 1.000000 3.820602 5.000000 1 1 
7919 6.645000 6.396000 5.696479 0.250000 0.952330 1.000000 3.809319 5.000000 1 1 
7920 6.646000 6.397000 5.700278 0.250000 0.949521 1.000000 3.798082 5.000000 1 1 
7921 6.647000 6.398000 5.704064 0.250000 0.946722 1.000000 3.786890 5.000000 1 1 
7922 6.648000 6.399000 5.707840 0.250000 0.943936 1.000000 3.775742 5.000000 1 1 
7923 6.649000 6.400000 5.711605 0.250000 0.941160 1.000000 3.764639 5.000000 1 1 
7924 6.650000 6.401000 5.715358 0.250000 0.938395 1.000000 3.753581 5.000000 1 1 
7925 6.651000 6.402000 5.719101 0.250000 0.935642 1.000000 3.742566 5.000000 1 1 
7926 6.652000 6.403000 5.722833 0.250000 0.932899 1.000000 3.731596 5.000000 1 1 
7927 6.653000 6.404000 5.726553 0.250000 0.930167 1.000000 3.720670 5.000000 1 1 
7928 6.654000 6.405000 5.730263 0.250000 0.927447 1.000000 3.709787 5.000000 1 1 
7929 6.655000 6.406000 5.733962 0.250000 0.924737 1.000000 3.698948 5.000000 1 1 
7930 6.656000 6.407000 5.737650 0.250000 0.922038 1.000000 3.688152 5.000000 1 1 
7931 6.657000 6.408000 5.741328 0.250000 0.919350 1.000000 3.677399 5.000000 1 1 
7932 6.658000 6.409000 5.744994 0.250000 0.916672 1.000000 3.666690 5.000000 1 1 
7933 6.659000 6.410000 5.748650 0.250000 0.914006 1.000000 3.656023 5.000000 1 1 
7934 6.660000 6.411000 5.752296 0.250000 0.911350 1.000000 3.645399 5.000000 1 1 
7935 6.661000 6.412000 5.755930 0.250000 0.908704 1.000000 3.634817 5.000000 1 1 
7936 6.662000 6.413000 5.759555 0.250000 0.906070 1.000000 3.624278 5.000000 1 1 
7937 6.663000 6.414000 5.763169 0.250000 0.903445 1.000000 3.613781 5.000000 1 1 
7938 6.664000 6.415000 5.766772 0.250000 0.900831 1.000000 3.603326 5.000000 1 1 
7939 6.665000 6.416000 5.770365 0.250000 0.898228 1.000000 3.592913 5.000000 1 1 
7940 6.666000 6.417000 5.773947 0.250000 0.895635 1.000000 3.582541 5.000000 1 1 
7941 6.667000 6.418000 5.777520 0.250000 0.893053 1.000000 3.572211 5.000000 1 1 
7942 6.668000 6.419000 5.781081 0.250000 0.890480 1.000000 3.561922 5.000000 1 1 
7943 6.669000 6.420000 5.784633 0.250000 0.887919 1.000000 3.551674 5.000000 1 1 
7944 6.670000 6.421000 5.788175 0.250000 0.885367 1.000000 3.541468 5.000000 1 1 
7945 6.671000 6.422000 5.791706 0.250000 0.882825 1.000000 3.531302 5.000000 1 1 
7946 6.672000 6.423000 5.795227 0.250000 0.880294 1.000000 3.521177 5.000000 1 1 
7947 6.673000 6.424000 5.798738 0.250000 0.877773 1.000000 3.511092 5.000000 1 1 
7948 6.674000 6.425000 5.802239 0.250000 0.875262 1.000000 3.501047 5.000000 1 1 
7949 6.675000 6.426000 5.805730 0.250000 0.872761 1.000000 3.491043 5.000000 1 1 
7950 6.676000 6.427000 5.809211 0.250000 0.870270 1.000000 3.481079 5.000000 1 1 
7951 6.677000 6.428000 5.812682 0.250000 0.867789 1.000000 3.471155 5.000000 1 1 
7952 6.678000 6.429000 5.816144 0.250000 0.865318 1.000000 3.461270 5.000000 1 1 
7953 6.679000 6.430000 5.819595 0.250000 0.862856 1.000000 3.451425 5.000000 1 1 
7954 6.680000 6.431000 5.823037 0.250000 0.860405 1.000000 3.441619 5.000000 1 1 
7955 6.681000 6.432000 5.826469 0.250000 0.857963 1.000000 3.431853 5.000000 1 1 
7956 6.682000 6.433000 5.829891 0.250000 0.855531 1.000000 3.422125 5.000000 1 1 
7957 6.683000 6.434000 5.833303 0.250000 0.853109 1.000000 3.412437 5.000000 1 1 
7958 6.684000 6.435000 5.836706 0.250000 0.850697 1.000000 3.402787 5.000000 1 1 
7959 6.685000 6.436000 5.840099 0.250000 0.848294 1.000000 3.393176 5.000000 1 1 
7960 6.686000 6.437000 5.843483 0.250000 0.845901 1.000000 3.383603 5.000000 1 1 
7961 6.687000 6.438000 5.846857 0.250000 0.843517 1.000000 3.374069 5.000000 1 1 
7962 6.688000 6.439000 5.850221 0.250000 0.841143 1.000000 3.364573 5.000000 1 1 
7963 6.689000 6.440000 5.853577 0.250000 0.838779 1.000000 3.355114 5.000000 1 1 
7964 6.690000 6.441000 5.856922 0.250000 0.836423 1.000000 3.345694 5.000000 1 1 
7965 6.691000 6.442000 5.860259 0.250000 0.834078 1.000000 3.336311 5.000000 1 1 
7966 6.692000 6.443000 5.863585 0.250000 0.831741 1.000000 3.326966 5.000000 1 1 
7967 6.693000 6.444000 5.866903 0.250000 0.829415 1.000000 3.317658 5.000000 1 1 
7968 6.694000 6.445000 5.870212 0.250000 0.827097 1.000000 3.308387 5.000000 1 1 
7969 6.695000 6.446000 5.873511 0.250000 0.824788 1.000000 3.299154 5.000000 1 1 
7970 6.696000 6.447000 5.876801 0.250000 0.822489 1.000000 3.289957 5.000000 1 1 
7971 6.697000 6.448000 5.880081 0.250000 0.820199 1.000000 3.280797 5.000000 1 1 
7972 6.698000 6.449000 5.883353 0.250000 0.817919 1.000000 3.271674 5.000000 1 1 
7973 6.699000 6.450000 5.886616 0.250000 0.815647 1.000000 3.262588 5.000000 1 1 
7974 6.700000 6.451000 5.889869 0.250000 0.813384 1.000000 3.253537 5.000000 1 1 
7975 6.701000 6.452000 5.893114 0.250000 0.811131 1.000000 3.244523 5.000000 1 1 
7976 6.702000 6.453000 5.896349 0.250000 0.808886 1.000000 3.235545 5.000000 1 1 
7977 6.703000 6.454000 5.899576 0.250000 0.806651 1.000000 3.226603 5.000000 1 1 
7978 6.704000 6.455000 5.902794 0.250000 0.804424 1.000000 3.217696 5.000000 1 1 
7979 6.705000 6.456000 5.906002 0.250000 0.802206 1.000000 3.208826 5.000000 1 1 
7980 6.706000 6.457000 5.909202 0.250000 0.799998 1.000000 3.199990 5.000000 1 1 
7981 6.707000 6.458000 5.912394 0.250000 0.797798 1.000000 3.191190 5.000000 1 1 
7982 6.708000 6.459000 5.915576 0.250000 0.795606 1.000000 3.182426 5.000000 1 1 
7983 6.709000 6.460000 5.918750 0.250000 0.793424 1.000000 3.173696 5.000000 1 1 
7984 6.710000 6.461000 5.921915 0.250000 0.791250 1.000000 3.165001 5.000000 1 1 
7985 6.711000 6.462000 5.925071 0.250000 0.789085 1.000000 3.156341 5.000000 1 1 
7986 6.712000 6.463000 5.928219 0.250000 0.786929 1.000000 3.147716 5.000000 1 1 
7987 6.713000 6.464000 5.931358 0.250000 0.784781 1.000000 3.139125 5.000000 1 1 
7988 6.714000 6.465000 5.934488 0.250000 0.782642 1.000000 3.130568 5.000000 1 1 
7989 6.715000 6.466000 5.937611 0.250000 0.780512 1.000000 3.122046 5.000000 1 1 
7990 6.716000 6.467000 5.940724 0.250000 0.778389 1.000000 3.113558 5.000000 1 1 
7991 6.717000 6.468000 5.943829 0.250000 0.776276 1.000000 3.105104 5.000000 1 1 
7992 6.718000 6.469000 5.946926 0.250000 0.774171 1.000000 3.096683 5.000000 1 1 
7993 6.719000 6.470000 5.950014 0.250000 0.772074 1.000000 3.088296 5.000000 1 1 
7994 6.720000 6.471000 5.953094 0.250000 0.769986 1.000000 3.079943 5.000000 1 1 
7995 6.721000 6.472000 5.956166 0.250000 0.767906 1.000000 3.071624 5.000000 1 1 
7996 6.722000 6.473000 5.959229 0.250000 0.765834 1.000000 3.063337 5.000000 1 1 
7997 6.723000 6.474000 5.962284 0.250000 0.763771 1.000000 3.055084 5.000000 1 1 
7998 6.724000 6.475000 5.965331 0.250000 0.761716 1.000000 3.046863 5.000000 1 1 
7999 6.725000 6.476000 5.968370 0.250000 0.759669 1.000000 3.038676 5.000000 1 1 
8000 6.726000 6.477000 5.971400 0.250000 0.757630 1.000000 3.030521 5.000000 1 1 
8001 6.727000 6.478000 5.974423 0.250000 0.755600 1.000000 3.022399 5.000000 1 1 
8002 6.728000 6.479000 5.977437 0.250000 0.753577 1.000000 3.014310 5.000000 1 1 
8003 6.729000 6.480000 5.980443 0.250000 0.751563 1.000000 3.006252 5.000000 1 1 
8004 6.730000 6.481000 5.983441 0.250000 0.749557 1.000000 2.998227 5.000000 1 1 
8005 6.731000 6.482000 5.986432 0.250000 0.747559 1.000000 2.990234 5.000000 1 1 
8006 6.732000 6.483000 5.989414 0.250000 0.745568 1.000000 2.982273 5.000000 1 1 
8007 6.733000 6.484000 5.992388 0.250000 0.743586 1.000000 2.974344 5.000000 1 1 
8008 6.734000 6.485000 5.995355 0.250000 0.741612 1.000000 2.966447 5.000000 1 1 
8009 6.735000 6.486000 5.998313 0.250000 0.739645 1.000000 2.958581 5.000000 1 1 
8010 6.736000 6.487000 6.001264 0.250000 0.737687 1.000000 2.950747 5.000000 1 1 
8011 6.737000 6.488000 6.004207 0.250000 0.735736 1.000000 2.942944 5.000000 1 1 
8012 6.738000 6.489000 6.007142 0.250000 0.733793 1.000000 2.935172 5.000000 1 1 
8013 6.739000 6.490000 6.010070 0.250000 0.731858 1.000000 2.927431 5.000000 1 1 
8014 6.740000 6.491000 6.012989 0.250000 0.729930 1.000000 2.919722 5.000000 1 1 
8015 6.741000 6.492000 6.015901 0.250000 0.728011 1.000000 2.912043 5.000000 1 1 
8016 6.742000 6.493000 6.018806 0.250000 0.726099 1.000000 2.904395 5.000000 1 1 
8017 6.743000 6.494000 6.021703 0.250000 0.724194 1.000000 2.896777 5.000000 1 1 
8018 6.744000 6.495000 6.024592 0.250000 0.722297 1.000000 2.889190 5.000000 1 1 
8019 6.745000 6.496000 6.027473 0.250000 0.720408 1.000000 2.881633 5.000000 1 1 
8020 6.746000 6.497000 6.030347 0.250000 0.718527 1.000000 2.874107 5.000000 1 1 
8021 6.747000 6.498000 6.033214 0.250000 0.716653 1.000000 2.866610 5.000000 1 1 
8022 6.748000 6.499000 6.036073 0.250000 0.714786 1.000000 2.859144 5.000000 1 1 
8023 6.749000 6.500000 6.038925 0.250000 0.712927 1.000000 2.851707 5.000000 1 1 
8024 6.750000 6.501000 6.041769 0.250000 0.711075 1.000000 2.844300 5.000000 1 1 
8025 6.751000 6.502000 6.044606 0.250000 0.709231 1.000000 2.836923 5.000000 1 1 
8026 6.752000 6.503000 6.047436 0.250000 0.707394 1.000000 2.829575 5.000000 1 1 
8027 6.753000 6.504000 6.050258 0.250000 0.705564 1.000000 2.822257 5.000000 1 1 
8028 6.754000 6.505000 6.053073 0.250000 0.703742 1.000000 2.814968 5.000000 1 1 
8029 6.755000 6.506000 6.055881 0.250000 0.701927 1.000000 2.807708 5.000000 1 1 
8030 6.756000 6.507000 6.058681 0.250000 0.700119 1.000000 2.800477 5.000000 1 1 
8031 6.757000 6.508000 6.061474 0.250000 0.698319 1.000000 2.793276 5.000000 1 1 
8032 6.758000 6.509000 6.064260 0.250000 0.696526 1.000000 2.786102 5.000000 1 1 
8033 6.759000 6.510000 6.067039 0.250000 0.694740 1.000000 2.778958 5.000000 1 1 
8034 6.760000 6.511000 6.069811 0.250000 0.692961 1.000000 2.771842 5.000000 1 1 
8035 6.761000 6.512000 6.072576 0.250000 0.691189 1.000000 2.764755 5.000000 1 1 
8036 6.762000 6.513000 6.075334 0.250000 0.689424 1.000000 2.757696 5.000000 1 1 
8037 6.763000 6.514000 6.078084 0.250000 0.687666 1.000000 2.750665 5.000000 1 1 
8038 6.764000 6.515000 6.080828 0.250000 0.685916 1.000000 2.743662 5.000000 1 1 
8039 6.765000 6.516000 6.083565 0.250000 0.684172 1.000000 2.736688 5.000000 1 1 
8040 6.766000 6.517000 6.086295 0.250000 0.682435 1.000000 2.729741 5.000000 1 1 
8041 6.767000 6.518000 6.089017 0.250000 0.680705 1.000000 2.722822 5.000000 1 1 
8042 6.768000 6.519000 6.091733 0.250000 0.678983 1.000000 2.715931 5.000000 1 1 
8043 6.769000 6.520000 6.094442 0.250000 0.677267 1.000000 2.709067 5.000000 1 1 
8044 6.770000 6.521000 6.097145 0.250000 0.675558 1.000000 2.702231 5.000000 1 1 
8045 6.771000 6.522000 6.099840 0.250000 0.673855 1.000000 2.695422 5.000000 1 1 
8046 6.772000 6.523000 6.102529 0.250000 0.672160 1.000000 2.688640 5.000000 1 1 
8047 6.773000 6.524000 6.105211 0.250000 0.670471 1.000000 2.681886 5.000000 1 1 
8048 6.774000 6.525000 6.107886 0.250000 0.668789 1.000000 2.675158 5.000000 1 1 
8049 6.775000 6.526000 6.110554 0.250000 0.667114 1.000000 2.668457 5.000000 1 1 
8050 6.776000 6.527000 6.113216 0.250000 0.665446 1.000000 2.661784 5.000000 1 1 
8051 6.777000 6.528000 6.115871 0.250000 0.663784 1.000000 2.655136 5.000000 1 1 
8052 6.778000 6.529000 6.118520 0.250000 0.662129 1.000000 2.648516 5.000000 1 1 
8053 6.779000 6.530000 6.121161 0.250000 0.660480 1.000000 2.641922 5.000000 1 1 
8054 6.780000 6.531000 6.123797 0.250000 0.658839 1.000000 2.635354 5.000000 1 1 
8055 6.781000 6.532000 6.126426 0.250000 0.657203 1.000000 2.628813 5.000000 1 1 
8056 6.782000 6.533000 6.129048 0.250000 0.655574 1.000000 2.622297 5.000000 1 1 
8057 6.783000 6.534000 6.131664 0.250000 0.653952 1.000000 2.615808 5.000000 1 1 
8058 6.784000 6.535000 6.134273 0.250000 0.652336 1.000000 2.609345 5.000000 1 1 
8059 6.785000 6.536000 6.136876 0.250000 0.650727 1.000000 2.602908 5.000000 1 1 
8060 6.786000 6.537000 6.139472 0.250000 0.649124 1.000000 2.596496 5.000000 1 1 
8061 6.787000 6.538000 6.142063 0.250000 0.647528 1.000000 2.590110 5.000000 1 1 
8062 6.788000 6.539000 6.144646 0.250000 0.645937 1.000000 2.583750 5.000000 1 1 
8063 6.789000 6.540000 6.147224 0.250000 0.644354 1.000000 2.577415 5.000000 1 1 
8064 6.790000 6.541000 6.149795 0.250000 0.642776 1.000000 2.571105 5.000000 1 1 
8065 6.791000 6.542000 6.152360 0.250000 0.641205 1.000000 2.564820 5.000000 1 1 
8066 6.792000 6.543000 6.154918 0.250000 0.639640 1.000000 2.558561 5.000000 1 1 
8067 6.793000 6.544000 6.157471 0.250000 0.638082 1.000000 2.552327 5.000000 1 1 
8068 6.794000 6.545000 6.160017 0.250000 0.636529 1.000000 2.546118 5.000000 1 1 
8069 6.795000 6.546000 6.162557 0.250000 0.634983 1.000000 2.539933 5.000000 1 1 
8070 6.796000 6.547000 6.165090 0.250000 0.633443 1.000000 2.533773 5.000000 1 1 
8071 6.797000 6.548000 6.167618 0.250000 0.631910 1.000000 2.527638 5.000000 1 1 
8072 6.798000 6.549000 6.170140 0.250000 0.630382 1.000000 2.521528 5.000000 1 1 
8073 6.799000 6.550000 6.172655 0.250000 0.628860 1.000000 2.515442 5.000000 1 1 
8074 6.800000 6.551000 6.175164 0.250000 0.627345 1.000000 2.509380 5.000000 1 1 
8075 6.801000 6.552000 6.177668 0.250000 0.625836 1.000000 2.503342 5.000000 1 1 
8076 6.802000 6.553000 6.180165 0.250000 0.624332 1.000000 2.497329 5.000000 1 1 
8077 6.803000 6.554000 6.182656 0.250000 0.622835 1.000000 2.491340 5.000000 1 1 
8078 6.804000 6.555000 6.185142 0.250000 0.621344 1.000000 2.485374 5.000000 1 1 
8079 6.805000 6.556000 6.187621 0.250000 0.619858 1.000000 2.479433 5.000000 1 1 
8080 6.806000 6.557000 6.190095 0.250000 0.618379 1.000000 2.473515 5.000000 1 1 
8081 6.807000 6.558000 6.192562 0.250000 0.616905 1.000000 2.467621 5.000000 1 1 
8082 6.808000 6.559000 6.195024 0.250000 0.615438 1.000000 2.461751 5.000000 1 1 
8083 6.809000 6.560000 6.197480 0.250000 0.613976 1.000000 2.455904 5.000000 1 1 
8084 6.810000 6.561000 6.199930 0.250000 0.612520 1.000000 2.450080 5.000000 1 1 
8085 6.811000 6.562000 6.202374 0.250000 0.611070 1.000000 2.444280 5.000000 1 1 
8086 6.812000 6.563000 6.204813 0.250000 0.609626 1.000000 2.438503 5.000000 1 1 
8087 6.813000 6.564000 6.207246 0.250000 0.608187 1.000000 2.432749 5.000000 1 1 
8088 6.814000 6.565000 6.209673 0.250000 0.606754 1.000000 2.427018 5.000000 1 1 
8089 6.815000 6.566000 6.212094 0.250000 0.605327 1.000000 2.421309 5.000000 1 1 
8090 6.816000 6.567000 6.214510 0.250000 0.603906 1.000000 2.415624 5.000000 1 1 
8091 6.817000 6.568000 6.216920 0.250000 0.602490 1.000000 2.409962 5.000000 1 1 
8092 6.818000 6.569000 6.219324 0.250000 0.601080 1.000000 2.404322 5.000000 1 1 
8093 6.819000 6.570000 6.221723 0.250000 0.599676 1.000000 2.398705 5.000000 1 1 
8094 6.820000 6.571000 6.224116 0.250000 0.598277 1.000000 2.393110 5.000000 1 1 
8095 6.821000 6.572000 6.226503 0.250000 0.596884 1.000000 2.387537 5.000000 1 1 
8096 6.822000 6.573000 6.228885 0.250000 0.595497 1.000000 2.381987 5.000000 1 1 
8097 6.823000 6.574000 6.231262 0.250000 0.594115 1.000000 2.376459 5.000000 1 1 
8098 6.824000 6.575000 6.233633 0.250000 0.592738 1.000000 2.370953 5.000000 1 1 
8099 6.825000 6.576000 6.235998 0.250000 0.591367 1.000000 2.365470 5.000000 1 1 
8100 6.826000 6.577000 6.238358 0.250000 0.590002 1.000000 2.360008 5.000000 1 1 
8101 6.827000 6.578000 6.240713 0.250000 0.588642 1.000000 2.354568 5.000000 1 1 
8102 6.828000 6.579000 6.243062 0.250000 0.587287 1.000000 2.349149 5.000000 1 1 
8103 6.829000 6.580000 6.245406 0.250000 0.585938 1.000000 2.343753 5.000000 1 1 
8104 6.830000 6.581000 6.247744 0.250000 0.584594 1.000000 2.338378 5.000000 1 1 
8105 6.831000 6.582000 6.250077 0.250000 0.583256 1.000000 2.333024 5.000000 1 1 
8106 6.832000 6.583000 6.252405 0.250000 0.581923 1.000000 2.327692 5.000000 1 1 
8107 6.833000 6.584000 6.254727 0.250000 0.580595 1.000000 2.322381 5.000000 1 1 
8108 6.834000 6.585000 6.257044 0.250000 0.579273 1.000000 2.317092 5.000000 1 1 
8109 6.835000 6.586000 6.259356 0.250000 0.577956 1.000000 2.311824 5.000000 1 1 
8110 6.836000 6.587000 6.261663 0.250000 0.576644 1.000000 2.306576 5.000000 1 1 
8111 6.837000 6.588000 6.263964 0.250000 0.575337 1.000000 2.301350 5.000000 1 1 
8112 6.838000 6.589000 6.266260 0.250000 0.574036 1.000000 2.296145 5.000000 1 1 
8113 6.839000 6.590000 6.268551 0.250000 0.572740 1.000000 2.290960 5.000000 1 1 
8114 6.840000 6.591000 6.270837 0.250000 0.571449 1.000000 2.285796 5.000000 1 1 
8115 6.841000 6.592000 6.273117 0.250000 0.570163 1.000000 2.280653 5.000000 1 1 
8116 6.842000 6.593000 6.275393 0.250000 0.568883 1.000000 2.275530 5.000000 1 1 
8117 6.843000 6.594000 6.277663 0.250000 0.567607 1.000000 2.270428 5.000000 1 1 
8118 6.844000 6.595000 6.279929 0.250000 0.566337 1.000000 2.265346 5.000000 1 1 
8119 6.845000 6.596000 6.282189 0.250000 0.565071 1.000000 2.260285 5.000000 1 1 
8120 6.846000 6.597000 6.284444 0.250000 0.563811 1.000000 2.255244 5.000000 1 1 
8121 6.847000 6.598000 6.286694 0.250000 0.562556 1.000000 2.250223 5.000000 1 1 
8122 6.848000 6.599000 6.288940 0.250000 0.561306 1.000000 2.245222 5.000000 1 1 
8123 6.849000 6.600000 6.291180 0.250000 0.560060 1.000000 2.240241 5.000000 1 1 
8124 6.850000 6.601000 6.293415 0.250000 0.558820 1.000000 2.235280 5.000000 1 1 
8125 6.851000 6.602000 6.295646 0.250000 0.557585 1.000000 2.230339 5.000000 1 1 
8126 6.852000 6.603000 6.297871 0.250000 0.556354 1.000000 2.225418 5.000000 1 1 
8127 6.853000 6.604000 6.300091 0.250000 0.555129 1.000000 2.220516 5.000000 1 1 
8128 6.854000 6.605000 6.302307 0.250000 0.553909 1.000000 2.215634 5.000000 1 1 
8129 6.855000 6.606000 6.304518 0.250000 0.552693 1.000000 2.210771 5.000000 1 1 
8130 6.856000 6.607000 6.306724 0.250000 0.551482 1.000000 2.205928 5.000000 1 1 
8131 6.857000 6.608000 6.308925 0.250000 0.550276 1.000000 2.201105 5.000000 1 1 
8132 6.858000 6.609000 6.311121 0.250000 0.549075 1.000000 2.196300 5.000000 1 1 
8133 6.859000 6.610000 6.313313 0.250000 0.547879 1.000000 2.191515 5.000000 1 1 
8134 6.860000 6.611000 6.315499 0.250000 0.546687 1.000000 2.186749 5.000000 1 1 
8135 6.861000 6.612000 6.317681 0.250000 0.545501 1.000000 2.182002 5.000000 1 1 
8136 6.862000 6.613000 6.319859 0.250000 0.544319 1.000000 2.177274 5.000000 1 1 
8137 6.863000 6.614000 6.322031 0.250000 0.543141 1.000000 2.172565 5.000000 1 1 
8138 6.864000 6.615000 6.324199 0.250000 0.541969 1.000000 2.167875 5.000000 1 1 
8139 6.865000 6.616000 6.326362 0.250000 0.540801 1.000000 2.163203 5.000000 1 1 
8140 6.866000 6.617000 6.328521 0.250000 0.539638 1.000000 2.158550 5.000000 1 1 
8141 6.867000 6.618000 6.330675 0.250000 0.538479 1.000000 2.153916 5.000000 1 1 
8142 6.868000 6.619000 6.332824 0.250000 0.537325 1.000000 2.149300 5.000000 1 1 
8143 6.869000 6.620000 6.334969 0.250000 0.536176 1.000000 2.144703 5.000000 1 1 
8144 6.870000 6.621000 6.337109 0.250000 0.535031 1.000000 2.140124 5.000000 1 1 
8145 6.871000 6.622000 6.339245 0.250000 0.533891 1.000000 2.135564 5.000000 1 1 
8146 6.872000 6.623000 6.341376 0.250000 0.532755 1.000000 2.131022 5.000000 1 1 
8147 6.873000 6.624000 6.343502 0.250000 0.531624 1.000000 2.126498 5.000000 1 1 
8148 6.874000 6.625000 6.345624 0.250000 0.530498 1.000000 2.121992 5.000000 1 1 
8149 6.875000 6.626000 6.347742 0.250000 0.529376 1.000000 2.117504 5.000000 1 1 
8150 6.876000 6.627000 6.349855 0.250000 0.528258 1.000000 2.113034 5.000000 1 1 
8151 6.877000 6.628000 6.351963 0.250000 0.527145 1.000000 2.108582 5.000000 1 1 
8152 6.878000 6.629000 6.354067 0.250000 0.526037 1.000000 2.104147 5.000000 1 1 
8153 6.879000 6.630000 6.356167 0.250000 0.524933 1.000000 2.099731 5.000000 1 1 
8154 6.880000 6.631000 6.358262 0.250000 0.523833 1.000000 2.095332 5.000000 1 1 
8155 6.881000 6.632000 6.360353 0.250000 0.522738 1.000000 2.090950 5.000000 1 1 
8156 6.882000 6.633000 6.362440 0.250000 0.521647 1.000000 2.086587 5.000000 1 1 
8157 6.883000 6.634000 6.364522 0.250000 0.520560 1.000000 2.082240 5.000000 1 1 
8158 6.884000 6.635000 6.366600 0.250000 0.519478 1.000000 2.077911 5.000000 1 1 
8159 6.885000 6.636000 6.368674 0.250000 0.518400 1.000000 2.073600 5.000000 1 1 
8160 6.886000 6.637000 6.370743 0.250000 0.517326 1.000000 2.069305 5.000000 1 1 
8161 6.887000 6.638000 6.372808 0.250000 0.516257 1.000000 2.065028 5.000000 1 1 
8162 6.888000 6.639000 6.374869 0.250000 0.515192 1.000000 2.060768 5.000000 1 1 
8163 6.889000 6.640000 6.376925 0.250000 0.514131 1.000000 2.056525 5.000000 1 1 
8164 6.890000 6.641000 6.378978 0.250000 0.513075 1.000000 2.052299 5.000000 1 1 
8165 6.891000 6.642000 6.381026 0.250000 0.512022 1.000000 2.048089 5.000000 1 1 
8166 6.892000 6.643000 6.383070 0.250000 0.510974 1.000000 2.043897 5.000000 1 1 
8167 6.893000 6.644000 6.385109 0.250000 0.509930 1.000000 2.039722 5.000000 1 1 
8168 6.894000 6.645000 6.387145 0.250000 0.508891 1.000000 2.035563 5.000000 1 1 
8169 6.895000 6.646000 6.389176 0.250000 0.507855 1.000000 2.031420 5.000000 1 1 
8170 6.896000 6.647000 6.391204 0.250000 0.506824 1.000000 2.027295 5.000000 1 1 
8171 6.897000 6.648000 6.393227 0.250000 0.505796 1.000000 2.023186 5.000000 1 1 
8172 6.898000 6.649000 6.395246 0.250000 0.504773 1.000000 2.019093 5.000000 1 1 
8173 6.899000 6.650000 6.397261 0.250000 0.503754 1.000000 2.015016 5.000000 1 1 
8174 6.900000 6.651000 6.399272 0.250000 0.502739 1.000000 2.010956 5.000000 1 1 
8175 6.901000 6.652000 6.401279 0.250000 0.501728 1.000000 2.006913 5.000000 1 1 
8176 6.902000 6.653000 6.403282 0.250000 0.500721 1.000000 2.002885 5.000000 1 1 
8177 6.903000 6.654000 6.405281 0.250000 0.499718 1.000000 1.998873 5.000000 1 1 
8178 6.904000 6.655000 6.407275 0.250000 0.498719 1.000000 1.994878 5.000000 1 1 
8179 6.905000 6.656000 6.409266 0.250000 0.497725 1.000000 1.990898 5.000000 1 1 
8180 6.906000 6.657000 6.411253 0.250000 0.496734 1.000000 1.986935 5.000000 1 1 
8181 6.907000 6.658000 6.413236 0.250000 0.495747 1.000000 1.982987 5.000000 1 1 
8182 6.908000 6.659000 6.415215 0.250000 0.494764 1.000000 1.979055 5.000000 1 1 
8183 6.909000 6.660000 6.417190 0.250000 0.493785 1.000000 1.975139 5.000000 1 1 
8184 6.910000 6.661000 6.419162 0.250000 0.492810 1.000000 1.971238 5.000000 1 1 
8185 6.911000 6.662000 6.421129 0.250000 0.491838 1.000000 1.967353 5.000000 1 1 
8186 6.912000 6.663000 6.423093 0.250000 0.490871 1.000000 1.963484 5.000000 1 1 
8187 6.913000 6.664000 6.425052 0.250000 0.489907 1.000000 1.959630 5.000000 1 1 
8188 6.914000 6.665000 6.427008 0.250000 0.488948 1.000000 1.955791 5.000000 1 1 
8189 6.915000 6.666000 6.428960 0.250000 0.487992 1.000000 1.951968 5.000000 1 1 
8190 6.916000 6.667000 6.430908 0.250000 0.487040 1.000000 1.948160 5.000000 1 1 
8191 6.917000 6.668000 6.432852 0.250000 0.486092 1.000000 1.944368 5.000000 1 1 
8192 6.918000 6.669000 6.434793 0.250000 0.485148 1.000000 1.940590 5.000000 1 1 
8193 6.919000 6.670000 6.436730 0.250000 0.484207 1.000000 1.936828 5.000000 1 1 
8194 6.920000 6.671000 6.438663 0.250000 0.483270 1.000000 1.933081 5.000000 1 1 
8195 6.921000 6.672000 6.440592 0.250000 0.482337 1.000000 1.929348 5.000000 1 1 
8196 6.922000 6.673000 6.442518 0.250000 0.481408 1.000000 1.925631 5.000000 1 1 
8197 6.923000 6.674000 6.444440 0.250000 0.480482 1.000000 1.921928 5.000000 1 1 
8198 6.924000 6.675000 6.446358 0.250000 0.479560 1.000000 1.918241 5.000000 1 1 
8199 6.925000 6.676000 6.448273 0.250000 0.478642 1.000000 1.914568 5.000000 1 1 
8200 6.926000 6.677000 6.450184 0.250000 0.477727 1.000000 1.910909 5.000000 1 1 
8201 6.927000 6.678000 6.452091 0.250000 0.476816 1.000000 1.907266 5.000000 1 1 
8202 6.928000 6.679000 6.453994 0.250000 0.475909 1.000000 1.903637 5.000000 1 1 
8203 6.929000 6.680000 6.455894 0.250000 0.475006 1.000000 1.900022 5.000000 1 1 
8204 6.930000 6.681000 6.457791 0.250000 0.474106 1.000000 1.896422 5.000000 1 1 
8205 6.931000 6.682000 6.459684 0.250000 0.473209 1.000000 1.892836 5.000000 1 1 
8206 6.932000 6.683000 6.461573 0.250000 0.472316 1.000000 1.889265 5.000000 1 1 
8207 6.933000 6.684000 6.463459 0.250000 0.471427 1.000000 1.885708 5.000000 1 1 
8208 6.934000 6.685000 6.465341 0.250000 0.470541 1.000000 1.882165 5.000000 1 1 
8209 6.935000 6.686000 6.467220 0.250000 0.469659 1.000000 1.878637 5.000000 1 1 
8210 6.936000 6.687000 6.469095 0.250000 0.468780 1.000000 1.875122 5.000000 1 1 
8211 6.937000 6.688000 6.470966 0.250000 0.467905 1.000000 1.871622 5.000000 1 1 
8212 6.938000 6.689000 6.472834 0.250000 0.467034 1.000000 1.868135 5.000000 1 1 
8213 6.939000 6.690000 6.474699 0.250000 0.466166 1.000000 1.864662 5.000000 1 1 
8214 6.940000 6.691000 6.476560 0.250000 0.465301 1.000000 1.861204 5.000000 1 1 
8215 6.941000 6.692000 6.478418 0.250000 0.464440 1.000000 1.857759 5.000000 1 1 
8216 6.942000 6.693000 6.480272 0.250000 0.463582 1.000000 1.854328 5.000000 1 1 
8217 6.943000 6.694000 6.482123 0.250000 0.462728 1.000000 1.850911 5.000000 1 1 
8218 6.944000 6.695000 6.483971 0.250000 0.461877 1.000000 1.847507 5.000000 1 1 
8219 6.945000 6.696000 6.485815 0.250000 0.461029 1.000000 1.844117 5.000000 1 1 
8220 6.946000 6.697000 6.487656 0.250000 0.460185 1.000000 1.840741 5.000000 1 1 
8221 6.947000 6.698000 6.489493 0.250000 0.459344 1.000000 1.837378 5.000000 1 1 
8222 6.948000 6.699000 6.491327 0.250000 0.458507 1.000000 1.834028 5.000000 1 1 
8223 6.949000 6.700000 6.493158 0.250000 0.457673 1.000000 1.830692 5.000000 1 1 
8224 6.950000 6.701000 6.494985 0.250000 0.456842 1.000000 1.827369 5.000000 1 1 
8225 6.951000 6.702000 6.496809 0.250000 0.456015 1.000000 1.824060 5.000000 1 1 
8226 6.952000 6.703000 6.498630 0.250000 0.455191 1.000000 1.820763 5.000000 1 1 
8227 6.953000 6.704000 6.500447 0.250000 0.454370 1.000000 1.817480 5.000000 1 1 
8228 6.954000 6.705000 6.502262 0.250000 0.453553 1.000000 1.814210 5.000000 1 1 
8229 6.955000 6.706000 6.504073 0.250000 0.452738 1.000000 1.810954 5.000000 1 1 
8230 6.956000 6.707000 6.505880 0.250000 0.451927 1.000000 1.807710 5.000000 1 1 
8231 6.957000 6.708000 6.507685 0.250000 0.451120 1.000000 1.804479 5.000000 1 1 
8232 6.958000 6.709000 6.509486 0.250000 0.450315 1.000000 1.801261 5.000000 1 1 
8233 6.959000 6.710000 6.511284 0.250000 0.449514 1.000000 1.798056 5.000000 1 1 
8234 6.960000 6.711000 6.513079 0.250000 0.448716 1.000000 1.794864 5.000000 1 1 
8235 6.961000 6.712000 6.514871 0.250000 0.447921 1.000000 1.791684 5.000000 1 1 
8236 6.962000 6.713000 6.516659 0.250000 0.447129 1.000000 1.788518 5.000000 1 1 
8237 6.963000 6.714000 6.518444 0.250000 0.446341 1.000000 1.785364 5.000000 1 1 
8238 6.964000 6.715000 6.520227 0.250000 0.445556 1.000000 1.782222 5.000000 1 1 
8239 6.965000 6.716000 6.522006 0.250000 0.444773 1.000000 1.779093 5.000000 1 1 
8240 6.966000 6.717000 6.523782 0.250000 0.443994 1.000000 1.775977 5.000000 1 1 
8241 6.967000 6.718000 6.525555 0.250000 0.443218 1.000000 1.772873 5.000000 1 1 
8242 6.968000 6.719000 6.527324 0.250000 0.442445 1.000000 1.769781 5.000000 1 1 
8243 6.969000 6.720000 6.529091 0.250000 0.441676 1.000000 1.766702 5.000000 1 1 
8244 6.970000 6.721000 6.530855 0.250000 0.440909 1.000000 1.763635 5.000000 1 1 
8245 6.971000 6.722000 6.532615 0.250000 0.440145 1.000000 1.760581 5.000000 1 1 
8246 6.972000 6.723000 6.534373 0.250000 0.439385 1.000000 1.757539 5.000000 1 1 
8247 6.973000 6.724000 6.536127 0.250000 0.438627 1.000000 1.754508 5.000000 1 1 
8248 6.974000 6.725000 6.537879 0.250000 0.437873 1.000000 1.751490 5.000000 1 1 
8249 6.975000 6.726000 6.539627 0.250000 0.437121 1.000000 1.748484 5.000000 1 1 
8250 6.976000 6.727000 6.541373 0.250000 0.436373 1.000000 1.745491 5.000000 1 1 
8251 6.977000 6.728000 6.543115 0.250000 0.435627 1.000000 1.742509 5.000000 1 1 
8252 6.978000 6.729000 6.544855 0.250000 0.434885 1.000000 1.739539 5.000000 1 1 
8253 6.979000 6.730000 6.546591 0.250000 0.434145 1.000000 1.736580 5.000000 1 1 
8254 6.980000 6.731000 6.548325 0.250000 0.433409 1.000000 1.733634 5.000000 1 1 
8255 6.981000 6.732000 6.550056 0.250000 0.432675 1.000000 1.730700 5.000000 1 1 
8256 6.982000 6.733000 6.551784 0.250000 0.431944 1.000000 1.727777 5.000000 1 1 
8257 6.983000 6.734000 6.553508 0.250000 0.431216 1.000000 1.724866 5.000000 1 1 
8258 6.984000 6.735000 6.555230 0.250000 0.430492 1.000000 1.721966 5.000000 1 1 
8259 6.985000 6.736000 6.556950 0.250000 0.429770 1.000000 1.719078 5.000000 1 1 
8260 6.986000 6.737000 6.558666 0.250000 0.429050 1.000000 1.716202 5.000000 1 1 
8261 6.987000 6.738000 6.560379 0.250000 0.428334 1.000000 1.713337 5.000000 1 1 
8262 6.988000 6.739000 6.562090 0.250000 0.427621 1.000000 1.710484 5.000000 1 1 
8263 6.989000 6.740000 6.563797 0.250000 0.426910 1.000000 1.707642 5.000000 1 1 
8264 6.990000 6.741000 6.565502 0.250000 0.426203 1.000000 1.704811 5.000000 1 1 
8265 6.991000 6.742000 6.567204 0.250000 0.425498 1.000000 1.701992 5.000000 1 1 
8266 6.992000 6.743000 6.568903 0.250000 0.424796 1.000000 1.699184 5.000000 1 1 
8267 6.993000 6.744000 6.570600 0.250000 0.424097 1.000000 1.696387 5.000000 1 1 
8268 6.994000 6.745000 6.572293 0.250000 0.423400 1.000000 1.693602 5.000000 1 1 
8269 6.995000 6.746000 6.573984 0.250000 0.422707 1.000000 1.690827 5.000000 1 1 
8270 6.996000 6.747000 6.575672 0.250000 0.422016 1.000000 1.688064 5.000000 1 1 
8271 6.997000 6.748000 6.577357 0.250000 0.421328 1.000000 1.685312 5.000000 1 1 
8272 6.998000 6.749000 6.579040 0.250000 0.420643 1.000000 1.682571 5.000000 1 1 
8273 6.999000 6.750000 6.580720 0.250000 0.419960 1.000000 1.679840 5.000000 1 1 
8274 7.000000 6.751000 6.582397 0.250000 0.419280 1.000000 1.677121 5.000000 1 1 
8275 7.001000 6.752000 6.584071 0.250000 0.418603 1.000000 1.674412 5.000000 1 1 
8276 7.002000 6.753000 6.585743 0.250000 0.417929 1.000000 1.671715 5.000000 1 1 
8277 7.003000 6.754000 6.587412 0.250000 0.417257 1.000000 1.669028 5.000000 1 1 
8278 7.004000 6.755000 6.589078 0.250000 0.416588 1.000000 1.666352 5.000000 1 1 
8279 7.005000 6.756000 6.590742 0.250000 0.415922 1.000000 1.663686 5.000000 1 1 
8280 7.006000 6.757000 6.592403 0.250000 0.415258 1.000000 1.661032 5.000000 1 1 
8281 7.007000 6.758000 6.594061 0.250000 0.414597 1.000000 1.658388 5.000000 1 1 
8282 7.008000 6.759000 6.595717 0.250000 0.413939 1.000000 1.655754 5.000000 1 1 
8283 7.009000 6.760000 6.597370 0.250000 0.413283 1.000000 1.653131 5.000000 1 1 
8284 7.010000 6.761000 6.599021 0.250000 0.412630 1.000000 1.650518 5.000000 1 1 
8285 7.011000 6.762000 6.600669 0.250000 0.411979 1.000000 1.647916 5.000000 1 1 
8286 7.012000 6.763000 6.602314 0.250000 0.411331 1.000000 1.645325 5.000000 1 1 
8287 7.013000 6.764000 6.603957 0.250000 0.410686 1.000000 1.642743 5.000000 1 1 
8288 7.014000 6.765000 6.605597 0.250000 0.410043 1.000000 1.640172 5.000000 1 1 
8289 7.015000 6.766000 6.607235 0.250000 0.409403 1.000000 1.637612 5.000000 1 1 
8290 7.016000 6.767000 6.608870 0.250000 0.408765 1.000000 1.635061 5.000000 1 1 
8291 7.017000 6.768000 6.610502 0.250000 0.408130 1.000000 1.632521 5.000000 1 1 
8292 7.018000 6.769000 6.612132 0.250000 0.407498 1.000000 1.629991 5.000000 1 1 
8293 7.019000 6.770000 6.613760 0.250000 0.406868 1.000000 1.627471 5.000000 1 1 
8294 7.020000 6.771000 6.615385 0.250000 0.406240 1.000000 1.624961 5.000000 1 1 
8295 7.021000 6.772000 6.617007 0.250000 0.405615 1.000000 1.622461 5.000000 1 1 
8296 7.022000 6.773000 6.618627 0.250000 0.404993 1.000000 1.619971 5.000000 1 1 
8297 7.023000 6.774000 6.620245 0.250000 0.404373 1.000000 1.617492 5.000000 1 1 
8298 7.024000 6.775000 6.621860 0.250000 0.403755 1.000000 1.615022 5.000000 1 1 
8299 7.025000 6.776000 6.623472 0.250000 0.403140 1.000000 1.612562 5.000000 1 1 
8300 7.026000 6.777000 6.625082 0.250000 0.402528 1.000000 1.610111 5.000000 1 1 
8301 7.027000 6.778000 6.626690 0.250000 0.401918 1.000000 1.607671 5.000000 1 1 
8302 7.028000 6.779000 6.628295 0.250000 0.401310 1.000000 1.605240 5.000000 1 1 
8303 7.029000 6.780000 6.629898 0.250000 0.400705 1.000000 1.602819 5.000000 1 1 
8304 7.030000 6.781000 6.631498 0.250000 0.400102 1.000000 1.600408 5.000000 1 1 
8305 7.031000 6.782000 6.633096 0.250000 0.399502 1.000000 1.598006 5.000000 1 1 
8306 7.032000 6.783000 6.634692 0.250000 0.398904 1.000000 1.595614 5.000000 1 1 
8307 7.033000 6.784000 6.636285 0.250000 0.398308 1.000000 1.593232 5.000000 1 1 
8308 7.034000 6.785000 6.637876 0.250000 0.397715 1.000000 1.590859 5.000000 1 1 
8309 7.035000 6.786000 6.639465 0.250000 0.397124 1.000000 1.588495 5.000000 1 1 
8310 7.036000 6.787000 6.641051 0.250000 0.396535 1.000000 1.586141 5.000000 1 1 
8311 7.037000 6.788000 6.642635 0.250000 0.395949 1.000000 1.583797 5.000000 1 1 
8312 7.038000 6.789000 6.644216 0.250000 0.395365 1.000000 1.581462 5.000000 1 1 
8313 7.039000 6.790000 6.645795 0.250000 0.394784 1.000000 1.579136 5.000000 1 1 
8314 7.040000 6.791000 6.647372 0.250000 0.394205 1.000000 1.576819 5.000000 1 1 
8315 7.041000 6.792000 6.648947 0.250000 0.393628 1.000000 1.574512 5.000000 1 1 
8316 7.042000 6.793000 6.650519 0.250000 0.393053 1.000000 1.572214 5.000000 1 1 
8317 7.043000 6.794000 6.652089 0.250000 0.392481 1.000000 1.569925 5.000000 1 1 
8318 7.044000 6.795000 6.653656 0.250000 0.391911 1.000000 1.567645 5.000000 1 1 
8319 7.045000 6.796000 6.655222 0.250000 0.391344 1.000000 1.565375 5.000000 1 1 
8320 7.046000 6.797000 6.656785 0.250000 0.390778 1.000000 1.563113 5.000000 1 1 
8321 7.047000 6.798000 6.658346 0.250000 0.390215 1.000000 1.560861 5.000000 1 1 
8322 7.048000 6.799000 6.659904 0.250000 0.389654 1.000000 1.558617 5.000000 1 1 
8323 7.049000 6.800000 6.661461 0.250000 0.389096 1.000000 1.556383 5.000000 1 1 
8324 7.050000 6.801000 6.663015 0.250000 0.388539 1.000000 1.554157 5.000000 1 1 
8325 7.051000 6.802000 6.664567 0.250000 0.387985 1.000000 1.551941 5.000000 1 1 
8326 7.052000 6.803000 6.666116 0.250000 0.387433 1.000000 1.549733 5.000000 1 1 
8327 7.053000 6.804000 6.667664 0.250000 0.386884 1.000000 1.547534 5.000000 1 1 
8328 7.054000 6.805000 6.669209 0.250000 0.386336 1.000000 1.545344 5.000000 1 1 
8329 7.055000 6.806000 6.670753 0.250000 0.385791 1.000000 1.543163 5.000000 1 1 
8330 7.056000 6.807000 6.672293 0.250000 0.385247 1.000000 1.540990 5.000000 1 1 
8331 7.057000 6.808000 6.673832 0.250000 0.384707 1.000000 1.538826 5.000000 1 1 
8332 7.058000 6.809000 6.675369 0.250000 0.384168 1.000000 1.536671 5.000000 1 1 
8333 7.059000 6.810000 6.676904 0.250000 0.383631 1.000000 1.534524 5.000000 1 1 
8334 7.060000 6.811000 6.678436 0.250000 0.383096 1.000000 1.532386 5.000000 1 1 
